"RelativePath","Category","SizeBytes","SHA256"
"一键复现_允许恢复EGFR_VEGFR2数据.bat","project entrypoint or metadata","397","6d91ca79205858a738786c2dc7e439b66bda7b52d64e4d0c4d1ab2c2be2d0851"
"一键复现.bat","project entrypoint or metadata","288","ae70faa3fbc68a6957a7649a5700a42cf360316d279420b456ea6e2b3b333618"
"analysis/audit_pairb_predictor_domain.py","evaluation and paper table code","10114","98bdd1f50ef8e7c3c9277254f023171d576afc4f0915b2af2e7eec943fde9004"
"analysis/build_main_experiment_metrics.py","evaluation and paper table code","16387","2317eb46354b6af04cb5a77d96aff15bab6fd08b32b0a738b97ede346df824fb"
"analysis/build_main_experiment_workbook.mjs","evaluation and paper table code","17178","f9d5a527dea6fd1cd7569536ee14f435288822bd6f7fe3629002142bb9c6b35b"
"analysis/build_p0_reproducibility_package.py","evaluation and paper table code","12745","568541fc2f7f9fac198989aecd34ee12209dda252040c8d555f00f9b75a40f90"
"analysis/build_target_pair_current_metrics.py","evaluation and paper table code","12025","4071ffeb89a88e72cfdaa123d1e5436a4a9b7aa592ffbf2c6ab91ea3e206ad2e"
"analysis/compare_v4b_graphpareto_two_pairs_20260827.py","evaluation and paper table code","2853","34ee3e5630e7a472235d5bdbcd8464648eb86d708c46a2e3a0b85d47e18ae196"
"analysis/compare_v4c_balancesync_two_pairs.py","evaluation and paper table code","16315","f5567914b179852f1c51caef31ff69e3279fe491d8ed549ab7c319838346886e"
"analysis/compare_v5_all_baselines_two_pairs.py","evaluation and paper table code","15055","c329334937b9ed28a8d13ae462f31579263c315e9f2b93f6fb813c25a9c48d9a"
"analysis/compare_v5_chemical_properties.py","evaluation and paper table code","24223","f4030c8948eec016b97c471d3b844e8d083d41b2416acd53b45244e480b2ecd2"
"analysis/summarize_actor_vae_factorial.py","evaluation and paper table code","7601","2593685180db9d1cb5918e911130e8b61c78d5ea942485a3989f094ead5a3fc2"
"baselines/common/oracle_bridge.py","baseline source and adapter","6708","e3fde22def5311db52e4c7010b57f96bb2ae0c16212b6976970a4ed8ae9a4626"
"baselines/common/oracle_ledger.py","baseline source and adapter","5647","25be324871feac295cfe1be369003945a80eaff125dec633ebd8c9c62f5c8762"
"baselines/common/verify_protocol.py","baseline source and adapter","3728","36ff3c8a9b1df6683571f48fcd9558af48873bb8a545121051230aa390cd83cb"
"baselines/drugex_v2_adapter/adapter_optimize_dual_oracle.py","baseline source and adapter","6271","3f389a3755bcff61e15329232383a16a8b316fe3af661caeed9d9f9e238756e2"
"baselines/drugex_v2_adapter/adapter_prepare_common_data.py","baseline source and adapter","3650","54ade8408988f6b341c39e0620cd1bc4e5a84580a578f220f300cbdc18fb05ef"
"baselines/drugex_v2_adapter/adapter_train_common_prior.py","baseline source and adapter","4846","8f60b58224904b881a1a9a2bbb5641fcca259224dab228897d2177a6709c98db"
"baselines/drugex_v2_adapter/data/voc.txt","baseline source and adapter","348","6d1f99031f3ff938e32122b49c25c23ecc48ec8620440127d37b3d94804e4cf4"
"baselines/drugex_v2_adapter/dataset.py","baseline source and adapter","2992","cf8eccded8ec24d083a2838fd39552919c75ffcabc9019947801acc0932bc10c"
"baselines/drugex_v2_adapter/environ.py","baseline source and adapter","19681","7a649776430891bd9fbe9b19c882fc596a7dceb0aa05784072bddb64a91b8384"
"baselines/drugex_v2_adapter/figure.py","baseline source and adapter","11250","8a8eb5a6f3603af43ea23269e735b8b89d110c2e96be806b51331f7f145e022a"
"baselines/drugex_v2_adapter/figures/fig_1.png","baseline source and adapter","672939","3da1ce95b0f946847e402095756df8d8d7b705a1b08c19aca5806e3de82b0ab6"
"baselines/drugex_v2_adapter/figures/fig_2.png","baseline source and adapter","253477","49c0bc8e20038f8cd1b4e914d8e8b1d88d848d73ffbc319bca5eea1a87471762"
"baselines/drugex_v2_adapter/figures/fig_3A.png","baseline source and adapter","177619","fefc8ca9838ad369619929f5f9ddc614d98c513ee54ca9172802f1fe0711ccc8"
"baselines/drugex_v2_adapter/figures/fig_3B.png","baseline source and adapter","182173","44e265f51e87d6d46e8aeb2a8f958637afa92307b7a7ae17d3a7477364cdd10f"
"baselines/drugex_v2_adapter/figures/logo.png","baseline source and adapter","1193150","1c392813bc9eb628dc96a1eeda70afd021e1ff09f1435d871b696f151c62e77b"
"baselines/drugex_v2_adapter/LICENSE","baseline source and adapter","1053","4ae5448f9b95d5ecb2f189e32f3e9c79b8fd8770465b1979277c45eb44758c92"
"baselines/drugex_v2_adapter/models/__init__.py","baseline source and adapter","74","acaa80540c52c635a96c9d12e1b1dc37bd359ffc723d49ed43dd4c104d5e44f8"
"baselines/drugex_v2_adapter/models/classifier.py","baseline source and adapter","11101","f3a7c5f8847871587105ea042720a312df12382ecf0761011f3171f426eadc3c"
"baselines/drugex_v2_adapter/models/generator.py","baseline source and adapter","7909","c493380be3c5264842b216e142f62e4f2d3722e04e324ccfbbb9b742deb979c0"
"baselines/drugex_v2_adapter/models/rlearner.py","baseline source and adapter","14740","e01b5252016a37dc2e1668419bd13188e641fe6ddf051fa2d14db45a79c58aea"
"baselines/drugex_v2_adapter/pretrainer.py","baseline source and adapter","1948","2f650aa1e3b12a59a5891da68c3c74fb4fe9cb8509b60a9fe039a935f7b14d24"
"baselines/drugex_v2_adapter/README.md","baseline source and adapter","8550","865a778f6c7411bb5bfb1df24a156f5de3f76235be0711d00f596b4acced290f"
"baselines/drugex_v2_adapter/sampler.py","baseline source and adapter","2530","dff0b1c2824f1abbc83ebb29c70229b65720c80fa17329889b27e51894a5db8a"
"baselines/drugex_v2_adapter/trainer.py","baseline source and adapter","3454","d9105b04fc3417db7afa413448aed477ece329607ee99eb581caa0a7a5721c70"
"baselines/drugex_v2_adapter/utils/__init__.py","baseline source and adapter","213","c30c4adfff174d452eb0164d1c5207f9bec53094d9e3649bf263e1b5d311d31b"
"baselines/drugex_v2_adapter/utils/fingerprints.py","baseline source and adapter","1633","1336f1a68b40a785c98ff378ccef8d48f728252a6ff784e337a698fb5b6f8fd6"
"baselines/drugex_v2_adapter/utils/fpscores.pkl.gz","baseline source and adapter","3848394","10dcef9340c873e7b987924461b0af5365eb8dd96be607203debe8ddf80c1e73"
"baselines/drugex_v2_adapter/utils/metric.py","baseline source and adapter","4419","636f5997796805fa017b1f4cb27382dd1119852d5829a51678bd2875a028ce1c"
"baselines/drugex_v2_adapter/utils/modifier.py","baseline source and adapter","6137","f7641f7dd7c1b3b831087a15320b691ed84b41ffad41dbf1820cb6387caa27a2"
"baselines/drugex_v2_adapter/utils/nsgaii.py","baseline source and adapter","5733","f4df3d50f7f890870d0008667c4579dc1dd0c54f4e17236775c8393839bb1fc9"
"baselines/drugex_v2_adapter/utils/objective.py","baseline source and adapter","12153","e279d2a730cbc49dd97f99bc759390e8e96ee36a70827270840c17e17e1a7550"
"baselines/drugex_v2_adapter/utils/sascorer.py","baseline source and adapter","3759","694bfe8196c511a839a8f50d9dbdaed6aa4a5934a5504d4549a6ba44b0954e36"
"baselines/drugex_v2_adapter/utils/vocab.py","baseline source and adapter","4199","849dbe051d1a81d8bb8c90f9729d04edd5fb644c1e8f70f894b32d3ec517947a"
"baselines/graphpareto_nsga2_adapter/adapter_optimize_dual_oracle.py","baseline source and adapter","18574","22c143550d4fb075f774b49a15dd0e6075aa16c716773108abf5554d7be8b798"
"baselines/graphpareto_nsga2_adapter/README.md","baseline source and adapter","1443","c41d4056bf67f72e4bd9707841311259f8aae387d65c9fe9b81c7e9c97ccc471"
"baselines/graphpareto_nsga2_adapter/requirements.txt","baseline source and adapter","18","1a57a13c419a00218f44a914463ea158d07f3a631dcd5e1b2efbc0c3ecb92611"
"baselines/graphpareto_nsga2_adapter/run_formal_all.ps1","baseline source and adapter","1603","2420a5e28c61d2b2accf47edac328e0ca3da133545f93fd6d1e4113d9bdac9c2"
"baselines/graphpareto_nsga2_adapter/run_formal_seed.ps1","baseline source and adapter","4910","94fdcdbcdfd98e707935f57fdc3e6f0c8463d2d04031006a969538e5b5b32da5"
"baselines/graphpareto_nsga2_adapter/upstream_official/.gitignore","baseline source and adapter","1928","9b3ba74ab1e0a9d49cf285bd7dfa1f1ee158bd79563a8e4ef0d5e2dcf639cbb9"
"baselines/graphpareto_nsga2_adapter/upstream_official/figures/logo.png","baseline source and adapter","79973","56111c7595d7d68345723c106c6a076c38f2414b3bce6231aaa45157ad28ea41"
"baselines/graphpareto_nsga2_adapter/upstream_official/figures/overview.png","baseline source and adapter","86169","5fb911882f12057799e5c96e1a232deb1504e429d5cd3fb6414985cfe5c8b5bc"
"baselines/graphpareto_nsga2_adapter/upstream_official/LICENSE","baseline source and adapter","35184","6f1e622c82a380075843bb084a7ec3b1f1d12a4a02526d75e78b0924a860aa75"
"baselines/graphpareto_nsga2_adapter/upstream_official/nsga-ii/__init__.py","baseline source and adapter","2","7eb70257593da06f682a3ddda54a9d260d4fc514f645237f5ca74b08f8da61a6"
"baselines/graphpareto_nsga2_adapter/upstream_official/nsga-ii/configuration/config.yaml","baseline source and adapter","280","16d13ae90789c374b31f7ee388ede2871286af8bf9fb541af7623e64210e314e"
"baselines/graphpareto_nsga2_adapter/upstream_official/nsga-ii/data/README.md","baseline source and adapter","887","101a18442f94ed416819bcc809444bbd69af1092eb6fc3fcc1adecea45f94840"
"baselines/graphpareto_nsga2_adapter/upstream_official/nsga-ii/data/smarts/alert_collection.csv","baseline source and adapter","117997","a88c041a9664d889e860c50f98fb50dfef31b1658ae04f000668bf3c0e0ace08"
"baselines/graphpareto_nsga2_adapter/upstream_official/nsga-ii/data/smarts/mutation_collection.tsv","baseline source and adapter","3804","b5b814f01af3989203e99e4ea2deb5f51339e27d4e92da5abdd5d1e974db1230"
"baselines/graphpareto_nsga2_adapter/upstream_official/nsga-ii/indices/__init__.py","baseline source and adapter","51","ba3b333b021d8abadda85c664ce152354b92fd673493b27d74c515ecc5618b9e"
"baselines/graphpareto_nsga2_adapter/upstream_official/nsga-ii/indices/austin_colwell.py","baseline source and adapter","3685","7d05b83efff97a87c25e4eafbcf691077e66f3891601f1a8064bda23de5e0c76"
"baselines/graphpareto_nsga2_adapter/upstream_official/nsga-ii/indices/baroni_urbani_buser.py","baseline source and adapter","3793","7cb77874ad6300fd2f323e29383ef26604a2d12b9c66f3352f8b9b6a77bb40d3"
"baselines/graphpareto_nsga2_adapter/upstream_official/nsga-ii/indices/base.py","baseline source and adapter","12501","123285cd9472d2a846f9becbe45398b392fbcdc072e636299e962d01f80d576d"
"baselines/graphpareto_nsga2_adapter/upstream_official/nsga-ii/indices/consoni_todeschini1.py","baseline source and adapter","3661","e9cdad40cbdd20ed0e0d8b126e65aae9b47ce6c5a0176f04097683e210a56206"
"baselines/graphpareto_nsga2_adapter/upstream_official/nsga-ii/indices/consoni_todeschini2.py","baseline source and adapter","3744","128c29c8ac27f00b1b7e439ace8b41eebb9bb0247d5b2b6a22fbb3d2e6760d71"
"baselines/graphpareto_nsga2_adapter/upstream_official/nsga-ii/indices/consoni_todeschini3.py","baseline source and adapter","3680","a95b0b5b853ee2fe130a5afea6ec32873c61ad72a590c0908c61e21b5f7f4116"
"baselines/graphpareto_nsga2_adapter/upstream_official/nsga-ii/indices/consoni_todeschini4.py","baseline source and adapter","3744","30235bb969e84fe459d08c7b8b5222dee3ec5856c501fd87a8f8287972800de0"
"baselines/graphpareto_nsga2_adapter/upstream_official/nsga-ii/indices/faith.py","baseline source and adapter","3557","8e18fa27d637402ff24019777cf6ad4ab529d6f66fa7dd914c32a49b75e85430"
"baselines/graphpareto_nsga2_adapter/upstream_official/nsga-ii/indices/gleason.py","baseline source and adapter","3664","7f55afd47828e6262e412b7d965ff2b835a3d05087b1202d6b6f589180c23545"
"baselines/graphpareto_nsga2_adapter/upstream_official/nsga-ii/indices/goodman_kruskal.py","baseline source and adapter","3794","6b722fc8bc9edf9b2cd35b23858598208847752ac052e1b48afd12fb0c6433e7"
"baselines/graphpareto_nsga2_adapter/upstream_official/nsga-ii/indices/hawkins_dotson.py","baseline source and adapter","3882","9f3528c6596eea949d022698c41373b73de53ebfa7b435d0c7512771a34ff93a"
"baselines/graphpareto_nsga2_adapter/upstream_official/nsga-ii/indices/indices_info.py","baseline source and adapter","1662","e342d4706e1d5f362b04f47af7520e13a3e33381fb26d2239a6975897f65531c"
"baselines/graphpareto_nsga2_adapter/upstream_official/nsga-ii/indices/jaccard_tanimoto.py","baseline source and adapter","3621","6630e32b943a9ed9bcac51636089240ac23606e51cd50ebc250a1f80af85bfe1"
"baselines/graphpareto_nsga2_adapter/upstream_official/nsga-ii/indices/jaccard.py","baseline source and adapter","4563","b9061ff6eb33baf95f337e1344a19621d2d6d1af3d06297ebffdfa04b480ecb2"
"baselines/graphpareto_nsga2_adapter/upstream_official/nsga-ii/indices/rogers_tanimoto.py","baseline source and adapter","3602","425b3359de5faccd7eac240c1eb6e43b8a95322413216f5216ca1c32afe94b66"
"baselines/graphpareto_nsga2_adapter/upstream_official/nsga-ii/indices/rogot_goldberd.py","baseline source and adapter","3882","af7ee91dede223829d57412d3c832e5079c1c3f045854f5a3310c65673ed82c4"
"baselines/graphpareto_nsga2_adapter/upstream_official/nsga-ii/indices/russell_rao.py","baseline source and adapter","3541","69893f5c329393122ac18ce41cd80b85d93539edb350618ab4f395888a4708c2"
"baselines/graphpareto_nsga2_adapter/upstream_official/nsga-ii/indices/sokal_michner.py","baseline source and adapter","3528","779e302ee94b87710badc046d7e3a6cda5f0ff6b44239e39b180a70d78835cf1"
"baselines/graphpareto_nsga2_adapter/upstream_official/nsga-ii/indices/sokal_sneath1.py","baseline source and adapter","3601","ca11de7f17ab74447755db81b577a92cb702e2142a30bf9f0caa14f1c99c0dd6"
"baselines/graphpareto_nsga2_adapter/upstream_official/nsga-ii/indices/sokal_sneath2.py","baseline source and adapter","3639","d42df4fae16a4fab2589c26c399ae19f557bd9c62ea4299516fcf25cdb5c4866"
"baselines/graphpareto_nsga2_adapter/upstream_official/nsga-ii/nsga2.py","baseline source and adapter","10685","19d3271c00b24bc12a818d2dbf7bdee98a7295ccfbf3f906f96504a586f2ce18"
"baselines/graphpareto_nsga2_adapter/upstream_official/nsga-ii/nsga2/__init__.py","baseline source and adapter","2","7eb70257593da06f682a3ddda54a9d260d4fc514f645237f5ca74b08f8da61a6"
"baselines/graphpareto_nsga2_adapter/upstream_official/nsga-ii/nsga2/base.py","baseline source and adapter","294","567caeba0f5f57c87b094fb0b897b792410635496243854ed0f36c0b737830a8"
"baselines/graphpareto_nsga2_adapter/upstream_official/nsga-ii/nsga2/infrastructure.py","baseline source and adapter","7034","650337a3ec9ab2f29038a9c995d076b19f697042f6d942546b67053698d61c3e"
"baselines/graphpareto_nsga2_adapter/upstream_official/nsga-ii/nsga2/mechanism.py","baseline source and adapter","8906","5f37ee98f4d98457056d9543e5a7cab9c86835c021e549e3f2db86c05a66a003"
"baselines/graphpareto_nsga2_adapter/upstream_official/nsga-ii/nsga2/operations.py","baseline source and adapter","2988","0a070da84096007ae0fb349253be5fd4b27733487c93fc2eabf89f1a73a3027b"
"baselines/graphpareto_nsga2_adapter/upstream_official/nsga-ii/run.sh","baseline source and adapter","300","87309ca20f7862bb30a8c47813ccc90fcd071cf45dff19fa3bb60e408d41ac4d"
"baselines/graphpareto_nsga2_adapter/upstream_official/README.md","baseline source and adapter","3181","061ffceb2894a8dbf40c6a75ca855666bd245195f8acb0aa1052c82596cb3731"
"baselines/graphpareto_nsga2_adapter/watch_progress.ps1","baseline source and adapter","2564","25608c6e5cc592cf7ec44a84a839d148bf9e6a451841bec5e5138c8787303ec7"
"baselines/mo_lso_adapter/adapter_optimize_dual_oracle.py","baseline source and adapter","22797","828c920a35f88c0566e8406a6ba68183f4579cb55fde4a667ae93c5f792f8415"
"baselines/mo_lso_adapter/adapter_prepare_common_data.py","baseline source and adapter","6406","cab0ba96e7cfea55d8bec637efd36a128ac680500cb4f6437f42585998452d56"
"baselines/mo_lso_adapter/adapter_train_common_jtvae.py","baseline source and adapter","10421","305503f5a2a67b55e8ee5da672093d3e97ee2f383389c120376afff54bf85e61"
"baselines/mo_lso_adapter/assets/data/chem_orig_model/README.md","baseline source and adapter","325","a1d389a1365deecfc63c239418d4acd316b32d0dbd127b0ea86c8de7b95c865e"
"baselines/mo_lso_adapter/LICENSE","baseline source and adapter","1067","509062671db68695c1637405c96c72d59fd4fbfe05cbb59ad06bf9e20c2091c5"
"baselines/mo_lso_adapter/README.md","baseline source and adapter","2272","946e126d6d28a56b6aba74b95d6781145326fd3488bdf5e99290ec0f8edfb2e2"
"baselines/mo_lso_adapter/scripts/opt/mo_opt_chem.sh","baseline source and adapter","7981","10ff4c7ad452f1c00af5599eb1c7edea59d545609614147c577e2934b8bfd63e"
"baselines/mo_lso_adapter/weighted_retraining/__init__.py","baseline source and adapter","206","17816a308ff91ae1cb0617d8d6ea93cb5e6a3755c760fde8401b13545fe1c326"
"baselines/mo_lso_adapter/weighted_retraining/chem/calc_logP.py","baseline source and adapter","1364","308a821025d99de4dd922c856eebaee66c0f7ee794f78d23cecc5422fcc439bf"
"baselines/mo_lso_adapter/weighted_retraining/chem/calc_NP_score.py","baseline source and adapter","1396","e9a6730cc6cb35c04229dde0fa3d79b60e804353728086ac55f670a3ba4f2242"
"baselines/mo_lso_adapter/weighted_retraining/chem/calc_num_rb.py","baseline source and adapter","1437","3f20d65b2e7da670c5549d72d4917c2ef4ad3a85dc62be525d03a0b5b43d9fbd"
"baselines/mo_lso_adapter/weighted_retraining/chem/calc_penalized_logP.py","baseline source and adapter","1331","6d7cb02677256110815b7257205d72ee3a4afb3a555dbe530ac2ca37d26ce2b9"
"baselines/mo_lso_adapter/weighted_retraining/chem/calc_qed.py","baseline source and adapter","1356","e2dd507266cf488ec43573f57f20519e5bef8dc868f3f94727a3839cf40c2e72"
"baselines/mo_lso_adapter/weighted_retraining/chem/calc_SAS.py","baseline source and adapter","1356","d78a344bfc4b1a7628c77fba884c9d72cfa06c25a008ab4e5d5f57faede977cb"
"baselines/mo_lso_adapter/weighted_retraining/chem/calc_tpsa.py","baseline source and adapter","1439","c47069504e008151a96d28c400869f292d4a2bebdf31b3d4ddb58b6a50a702a2"
"baselines/mo_lso_adapter/weighted_retraining/chem/chem_data.py","baseline source and adapter","14169","5b610c4d40e2fba85b1d033804cb18e0ba9de434b9204a004d17ab769dd25edd"
"baselines/mo_lso_adapter/weighted_retraining/chem/chem_model.py","baseline source and adapter","4519","93086088376f4201612c9394f070b85ccdfd71f8d68df2d82c363e03b54d330f"
"baselines/mo_lso_adapter/weighted_retraining/chem/chem_utils/__init__.py","baseline source and adapter","5441","96ff82b19e9e0256c7bd3f217e2f14de9463db6f4e488a110d8829b8c79ac15a"
"baselines/mo_lso_adapter/weighted_retraining/chem/chem_utils/NP_Score/npscorer.py","baseline source and adapter","4807","e1d6d23058833f20c503c847fb44d01028e1c73f33b2bd4f9b62b41bc825cb1a"
"baselines/mo_lso_adapter/weighted_retraining/chem/chem_utils/NP_Score/publicnp.model.gz","baseline source and adapter","2077102","34db5b02d762e05a0243e640aee24202a5303b7ec810ced7ff929a233e082ab6"
"baselines/mo_lso_adapter/weighted_retraining/chem/chem_utils/place the DRD2 classifier object here.txt","baseline source and adapter","0","e3b0c44298fc1c149afbf4c8996fb92427ae41e4649b934ca495991b7852b855"
"baselines/mo_lso_adapter/weighted_retraining/chem/chem_utils/SA_Score/__init__.py","baseline source and adapter","0","e3b0c44298fc1c149afbf4c8996fb92427ae41e4649b934ca495991b7852b855"
"baselines/mo_lso_adapter/weighted_retraining/chem/chem_utils/SA_Score/fpscores.pkl.gz","baseline source and adapter","3848394","10dcef9340c873e7b987924461b0af5365eb8dd96be607203debe8ddf80c1e73"
"baselines/mo_lso_adapter/weighted_retraining/chem/chem_utils/SA_Score/sascorer.py","baseline source and adapter","5809","3365065824925d325961f4faf61a30f112545d3b6f3a09e74173ec746e93b0cb"
"baselines/mo_lso_adapter/weighted_retraining/chem/create_vocab.py","baseline source and adapter","1174","6bfc410f5d7d73d2fd459d4acaa4fd72035668d89f29afd0924e5399e911c7c5"
"baselines/mo_lso_adapter/weighted_retraining/chem/jtnn/__init__.py","baseline source and adapter","216","e5006fd981cf8b45d7ecc08c9d883a8b42b1b5b03dcc0bf5b36ce50438b2c4aa"
"baselines/mo_lso_adapter/weighted_retraining/chem/jtnn/chemutils.py","baseline source and adapter","18065","38e65310e4006705a71347a6751b0411e71f3c9cf02b5ef43eba16c16655dc66"
"baselines/mo_lso_adapter/weighted_retraining/chem/jtnn/datautils.py","baseline source and adapter","6118","f5f11f819df2717e9de2a9c8c16b22d129e0d7791c057e80e6a05f417299648e"
"baselines/mo_lso_adapter/weighted_retraining/chem/jtnn/jtmpn.py","baseline source and adapter","5747","ea3f3725f3e4a44a1f332a99ff3471b5164ec0e4250cea1b0e6efc22309f6fa4"
"baselines/mo_lso_adapter/weighted_retraining/chem/jtnn/jtnn_dec.py","baseline source and adapter","15537","9ebe51e6e2633acb38aa682184e6055e7d14555e266b61b76ef0a2aefb8de198"
"baselines/mo_lso_adapter/weighted_retraining/chem/jtnn/jtnn_enc.py","baseline source and adapter","4824","3390fe4af8e4812b53d1a681cee5c30bdbb39cb32b4fd9bdb996a44961f7c93d"
"baselines/mo_lso_adapter/weighted_retraining/chem/jtnn/jtnn_vae.py","baseline source and adapter","13844","e8a8ce30e8b109d8c5d9485ce736c64e57e976f30420ed3e953062c5bbabbd85"
"baselines/mo_lso_adapter/weighted_retraining/chem/jtnn/mol_tree.py","baseline source and adapter","3828","487836f5bec4d7da3034d61554b9293108b30f8c9ba8a82d73984e3a0bdcd605"
"baselines/mo_lso_adapter/weighted_retraining/chem/jtnn/mpn.py","baseline source and adapter","4785","5d2ad2915c7e5a63b26b761c3951d407caedbbd6e2951f2895f0a548e8093d0a"
"baselines/mo_lso_adapter/weighted_retraining/chem/jtnn/nnutils.py","baseline source and adapter","1863","bce7d866105398c99018e775302297d0216b90785658813765589b3323ef18c1"
"baselines/mo_lso_adapter/weighted_retraining/chem/jtnn/README.md","baseline source and adapter","340","bd5351af8a0c81c075e8bfeb6909cea50a6e2b70348d2cd75986553b361fb6b0"
"baselines/mo_lso_adapter/weighted_retraining/chem/jtnn/vocab.py","baseline source and adapter","1470","e52b8ded1590383d4d7d5b163d04016622912f0db39c4ede80334933134b5d09"
"baselines/mo_lso_adapter/weighted_retraining/chem/preprocess_data.py","baseline source and adapter","2066","1ee82c22a76dc62a05e724507894749d9ee11f44155d24be77322a6600ee34f8"
"baselines/mo_lso_adapter/weighted_retraining/gp_opt.py","baseline source and adapter","9850","6ecc22284d49c695b6ecc5c868c826ff162855d3983e6ca29c18e65b01510eb7"
"baselines/mo_lso_adapter/weighted_retraining/gp_train.py","baseline source and adapter","10632","90c5e2ecc927187772be39ef7bfe38e32a948c0cbe382508185e3535c0ebcb3a"
"baselines/mo_lso_adapter/weighted_retraining/models.py","baseline source and adapter","5274","f42c65003394f0ef9b800f14c20f859b7e0d8105ca9db40ef45dbbbe87dc29e4"
"baselines/mo_lso_adapter/weighted_retraining/opt_scripts/base.py","baseline source and adapter","1698","ff9fb95048840ab04ae6b0013112c8488e1b01936af510af75305bcd6ba18e99"
"baselines/mo_lso_adapter/weighted_retraining/opt_scripts/opt_chem.py","baseline source and adapter","19785","e6185637d09bf7b930a15680d5f6198e235e0da3da34d317bb1c1c84e363cb1f"
"baselines/mo_lso_adapter/weighted_retraining/utils.py","baseline source and adapter","9985","673c62292a6f44b11ff5c11400cffcabc7d047353974e812be5c70c5ba96aa58"
"baselines/polygon_adapter/adapter_optimize_dual_oracle.py","baseline source and adapter","5257","076acc730d50b0c8dcf925b730be101c0b1ee2b570b572fe8b633dd859eb071e"
"baselines/polygon_adapter/adapter_sample_checkpoint.py","baseline source and adapter","3305","b27c210aa5e7a6a3179ea0f6c2b513e28f39ecdde8ee0b7dc9a5cdac3e22c398"
"baselines/polygon_adapter/data/scoring_definition.csv","baseline source and adapter","511","511e43fec583dcdd4a2d18c09ffc8a47d80ab02651d2f127e97cd7b0bb7aa3a5"
"baselines/polygon_adapter/images/Figure_1r.png","baseline source and adapter","511317","48b32684141e49438c3d910905a19bb2ddb8a455d52f2e3b0163d1cb16d65eb5"
"baselines/polygon_adapter/LICENSE","baseline source and adapter","1107","8b447a10ad33b90503673c2876892fcad527ad41491ea32dec56a5c9e3c9cd6d"
"baselines/polygon_adapter/polygon/__init__.py","baseline source and adapter","68","bfbdb8a835eb371427f47ad3b169e0bcde2b39b74971f86e2e3819c071f839d9"
"baselines/polygon_adapter/polygon/run.py","baseline source and adapter","33077","471aa7acec49db33eb66982304e20f077b74125559b4da4f5312c2e946c271ba"
"baselines/polygon_adapter/polygon/utils/__init__.py","baseline source and adapter","142","5bf521d67b27121db50a7e25a1bd36ff5be75a71ddf9e417e434b60956df0ee4"
"baselines/polygon_adapter/polygon/utils/custom_scoring_fcn.py","baseline source and adapter","17994","728081983d75e035c772aff22d6b3435dd6804472e39f45f99a2c9c853b15aba"
"baselines/polygon_adapter/polygon/utils/moses_utils.py","baseline source and adapter","5888","b6ffe6c2a0bac475d10799fa693260df8293f9233f05ff5dbc6a015893dce2c7"
"baselines/polygon_adapter/polygon/utils/scoring_function.py","baseline source and adapter","15798","2a5600bbcbe075a8c41dbe279bb0dba515ad38bc3fac0a15c1eeb41faa41da87"
"baselines/polygon_adapter/polygon/utils/smiles_char_dict.py","baseline source and adapter","4041","30ce29cb701f115c565b45885a3119424c5475aa589bb6e222673589e0124aed"
"baselines/polygon_adapter/polygon/utils/train_ligand_binding_model.py","baseline source and adapter","2229","76d4297ec2e22dd19293e3c5e9542814c6b370a924819b1f9617ac1e71fb5600"
"baselines/polygon_adapter/polygon/utils/utils.py","baseline source and adapter","18544","afab7a4bb3f5b21592cd84b97646d471dff0199beb68f51002af95bdf77d2fe6"
"baselines/polygon_adapter/polygon/vae/__init__.py","baseline source and adapter","222","c54b845ba71a25d2de9edb3cb3acff60ccefbabd4c9085afbdc39592d90a8522"
"baselines/polygon_adapter/polygon/vae/vae_generator.py","baseline source and adapter","10813","b1f83461ad3cac22cc256bfc27f2b370bb2b21d4f877ecaf8061a4d1a3b46fa6"
"baselines/polygon_adapter/polygon/vae/vae_misc.py","baseline source and adapter","1746","583dbf56b263b2c7dffc291243336ebab28fa44901e39e1897fb1334fb6b4bf3"
"baselines/polygon_adapter/polygon/vae/vae_model.py","baseline source and adapter","12220","9d0638cb8929751b9b6dc5a107dcdae5cd8393602bb32e310cc6fd2a3a2d913b"
"baselines/polygon_adapter/polygon/vae/vae_trainer.py","baseline source and adapter","10379","ddb6b80fc008173f7b7180d6a3e80d7ffad04f40205eaade43c367fd17ad2f7e"
"baselines/polygon_adapter/polygon/version.py","baseline source and adapter","26","faba2c23d12b11e40a16a43ecb0138bae5269dc68bea03e61680ced17d1f46b3"
"baselines/polygon_adapter/README.md","baseline source and adapter","3356","fa58a2f0c09c46d283332cd5e0205e1386fc2c857f2e785016a0d687aa7ed0b0"
"baselines/polygon_adapter/setup.py","baseline source and adapter","1462","3f88830c3ee570ccdc9e9afcb9ae8ddcbea056e47c33bbd1ad0b901dd939053c"
"baselines/reinvent4_adapter/adapter_optimize_dual_oracle.py","baseline source and adapter","4326","265c2568098ba2dff08e5794cfa437a2f890db633b6d60156fcd02e52fdf9a3e"
"baselines/reinvent4_adapter/AUTHORS.md","baseline source and adapter","1725","3f69f9256182a02e0f7bbeb7580402b97c651323f2541d82b1f42e32fb683a4c"
"baselines/reinvent4_adapter/CHANGELOG.md","baseline source and adapter","26972","f676121576b9a94efbd000c604564d2c1caa05cb90f4b740686bb6173bbead40"
"baselines/reinvent4_adapter/COMPATIBILITY_PATCHES.md","baseline source and adapter","982","ef7ee92bb8c1028c4d8a536312413def830d91bd85509793f6723ac72c70b03b"
"baselines/reinvent4_adapter/configs/data_pipeline.toml","baseline source and adapter","524","97c1c0ee5ac908a5a41846f2805c40807c090f427983c0bc7ee4f1d1d52bc939"
"baselines/reinvent4_adapter/configs/enumeration.toml","baseline source and adapter","1713","9a1f871c8f87083a3f53b288a6b845ac4e697c93b334e11946767fb5968429e9"
"baselines/reinvent4_adapter/configs/mol2mol.smi","baseline source and adapter","272","62b156146387e17b6a178f48a076168f681869e6efbe11104b212ca01a81b9d2"
"baselines/reinvent4_adapter/configs/PARAMS.md","baseline source and adapter","21896","1643bdbcde29241c2e05873fe31f39936210668c538304f54154daf6ee4bcf49"
"baselines/reinvent4_adapter/configs/pepinvent.smi","baseline source and adapter","245","1dcdf17ccde9c7761f8d30dc588fdb9daeeecf5a46d0c89f89f8a284fd1998e7"
"baselines/reinvent4_adapter/configs/README.md","baseline source and adapter","2171","78cf8b5182ecd7bb67b03abd74babd8286d5623c4ff1f2e18c41f554456b75bc"
"baselines/reinvent4_adapter/configs/sampling.toml","baseline source and adapter","1682","b6df2d38ebed380a33e365662e0a64e94ae7690f73ab121e0914310c3b1cad8f"
"baselines/reinvent4_adapter/configs/scaffolds.smi","baseline source and adapter","210","5d609c154344a699e6a423f6dc61758cc072adb4c9dec414f153bb1cb9cf96eb"
"baselines/reinvent4_adapter/configs/scoring_components_example.toml","baseline source and adapter","9108","ee643db2fb536d497f2690dfc837a9e3a0e9dd73746e5cd11e75b91878734778"
"baselines/reinvent4_adapter/configs/SCORING.md","baseline source and adapter","23342","88b21fe97c58dd701102e758f10fb2568954ac2755d307315cb99ba0b8ac27f5"
"baselines/reinvent4_adapter/configs/scoring.toml","baseline source and adapter","2351","a17c4973b5d0b391b9cc072fa610aaa1ed020c47c66eacb0241a8b3c836bfaa5"
"baselines/reinvent4_adapter/configs/stage1_scoring.toml","baseline source and adapter","1234","f4aa00a5e5ee502b83cfc4d2b25737b9138dec64faf31a4faf1d1967dd223a23"
"baselines/reinvent4_adapter/configs/stage2_scoring.toml","baseline source and adapter","207","a40b910eb3abad04751aea5ca3ad560a78013afc24225d46f3abf54430daab8f"
"baselines/reinvent4_adapter/configs/staged_learning.toml","baseline source and adapter","6118","0e2c28be95180282c849a6c5b5169a6ac46830e6ba329eecd444e0248ccc258e"
"baselines/reinvent4_adapter/configs/toml2json.py","baseline source and adapter","296","a60fb5d322d4223cafff4975cf1d4500ee6d58b78d7ff33d89f213526425f88a"
"baselines/reinvent4_adapter/configs/transfer_learning.toml","baseline source and adapter","2312","91c99045cda7f2411bf19cf88076f2f05cd4395035653229e321d945c4b3f880"
"baselines/reinvent4_adapter/configs/warheads.smi","baseline source and adapter","232","e0138a10e558adf8d3fa61efd6a28bb5fa9a56a2899ced3612e47557c9e3f471"
"baselines/reinvent4_adapter/CONTRIBUTING.md","baseline source and adapter","49","9d50e04ae2649d1733c72eedf544fce8408f289888306fbdf0b5268d9bccff02"
"baselines/reinvent4_adapter/install.py","baseline source and adapter","2930","0d4b8482d9a3671752ab291e889c906bd2f9c7c8378f460cb894f1de4a9871c0"
"baselines/reinvent4_adapter/LICENSE","baseline source and adapter","11346","9f0f6abba6fe77a76fdf38bb3fa08904325c0508e888ece3adde95fb64a02bd5"
"baselines/reinvent4_adapter/local_configs/create_common_dataset_prior.toml","baseline source and adapter","509","a0153bc7b1f50abfb786c6883a41efe38cdb3b17dc86d0f40d771526106a677b"
"baselines/reinvent4_adapter/local_configs/train_common_dataset_prior.toml","baseline source and adapter","602","846ea8257af864c749014bb06e44496d2da20559a2db23c575f3269186c3db8a"
"baselines/reinvent4_adapter/NEWS.md","baseline source and adapter","6542","c7d38de4abefb920b147043baa8ed6e251ef587465bcc668a5cb64ecaab8bafa"
"baselines/reinvent4_adapter/notebooks/convert_to_notebook.sh","baseline source and adapter","459","d1a2a38ecce07a18702eb454966ebfb683bca4256f70d789be1117fb18d90df1"
"baselines/reinvent4_adapter/notebooks/data/tnks2.csv","baseline source and adapter","59272","ca6e2ca3cb5a0f51348d806b5c30a21c05f9a1801bf7ef648a324b98b73fb661"
"baselines/reinvent4_adapter/notebooks/README.md","baseline source and adapter","1089","0992712da45a757ccdf33e956d8017beb8ba0015b913e5398978ee7b0ab257d2"
"baselines/reinvent4_adapter/notebooks/Reinvent_demo.py","baseline source and adapter","19692","285633f64e3d15275495ae6ced1336562c17258581116a75d28eebbf0bd53495"
"baselines/reinvent4_adapter/notebooks/Reinvent_TLRL.py","baseline source and adapter","29526","85fb2148cdff6df2f901cf336ed7fce31e6ec019733193f1894d43f240fb9d72"
"baselines/reinvent4_adapter/pyproject.toml","baseline source and adapter","3703","fd88b878544b49ba4bc5fad1e301a7372c9434b44f3a0b58ce96a9b43c6f7a31"
"baselines/reinvent4_adapter/pytest.ini","baseline source and adapter","238","69b6650bf3ce8e7e11e0b317c4d8fa7f045a30e78b125cd0e0fa9b8904660e1f"
"baselines/reinvent4_adapter/README.md","baseline source and adapter","10545","af3d2844156f25a730e97783e24c7847d2d01f23233afc9c3b66b2b91b09a32c"
"baselines/reinvent4_adapter/reinvent_plugins/components/add_tag.py","baseline source and adapter","185","465d7f7d90050ed7dd3d899c5aaa3868bb43d7d37a15da6aab66ac0de3b26ff4"
"baselines/reinvent4_adapter/reinvent_plugins/components/comp_chemprop.py","baseline source and adapter","4073","4d3dc7966c57dbd00a0aba12ea7fdf767b096b61413199c06043bad917a4f55a"
"baselines/reinvent4_adapter/reinvent_plugins/components/comp_chemprop2.py","baseline source and adapter","6915","453020f80c684fc2172c09bdf3ab4047532655e0ccdbe07f69205e334afdb79d"
"baselines/reinvent4_adapter/reinvent_plugins/components/comp_custom_alerts.py","baseline source and adapter","1746","581db139b08e22d6a9c61b7029a8a59ef04b725d42b885cc958692ed77c9115e"
"baselines/reinvent4_adapter/reinvent_plugins/components/comp_dockstream.py","baseline source and adapter","2855","d2467c4c551ca9d42f09d629c19f17386f05f942475b620ce357ed96e6bbbebe"
"baselines/reinvent4_adapter/reinvent_plugins/components/comp_external_process.py","baseline source and adapter","3937","b33ed9a48db39c2080e9368f0891b4c979744ae5a550840bd82dc71dc4e850af"
"baselines/reinvent4_adapter/reinvent_plugins/components/comp_generic_rest.py","baseline source and adapter","3548","bafbb6080d30f7e3da4efd88401bf56588234daf84a54f7236943a061088960e"
"baselines/reinvent4_adapter/reinvent_plugins/components/comp_icolos.py","baseline source and adapter","3862","c2a26500f24ab1177ec9c37d870fabd38f9842494f0ef2c6517cb45eb532a2d9"
"baselines/reinvent4_adapter/reinvent_plugins/components/comp_mmp.py","baseline source and adapter","5626","a2236440f1ae18b883bba6fcc30c4fb58863075166cc193d3980b6e1f6bbd944"
"baselines/reinvent4_adapter/reinvent_plugins/components/comp_qptuna.py","baseline source and adapter","2000","40b6cb7ef50c067b9a5e5fa0969e4d1a01ba581c63ce8c721f8bce1fb9db885c"
"baselines/reinvent4_adapter/reinvent_plugins/components/comp_reaction_filter.py","baseline source and adapter","3142","f5a3444da72aeb07af9d548a886488a4aaa5c819d2bb61b1e34053a08cd53958"
"baselines/reinvent4_adapter/reinvent_plugins/components/component_results.py","baseline source and adapter","7445","607a4681ac7017fec7d27e1fc1704f1e24b795375a353a95e7420cc7314b99e2"
"baselines/reinvent4_adapter/reinvent_plugins/components/database_precedence/__init__.py","baseline source and adapter","0","e3b0c44298fc1c149afbf4c8996fb92427ae41e4649b934ca495991b7852b855"
"baselines/reinvent4_adapter/reinvent_plugins/components/database_precedence/comp_ringprecedence.py","baseline source and adapter","5071","d0bfae5e057c4824208d839e21c63e0ac43348f023fd15dca72be1ec7a79ceda"
"baselines/reinvent4_adapter/reinvent_plugins/components/database_precedence/uru_ring_system_finder.py","baseline source and adapter","6616","2916e52a95ee78df92b0bc0b396fd5075a8fbf9ae401f8069f9d913aaedd0686"
"baselines/reinvent4_adapter/reinvent_plugins/components/maize/__init__.py","baseline source and adapter","0","e3b0c44298fc1c149afbf4c8996fb92427ae41e4649b934ca495991b7852b855"
"baselines/reinvent4_adapter/reinvent_plugins/components/maize/comp_maize.py","baseline source and adapter","8461","0efa80e724c38c905da52075eaa127beec79aaf9a1c387ea6b69bd45cf441ab8"
"baselines/reinvent4_adapter/reinvent_plugins/components/maize/utils.py","baseline source and adapter","2297","d3bc68bc2536f77106f6a54b58fe07b2ffa33cb956347d77dff7ba8b8a5ed0a6"
"baselines/reinvent4_adapter/reinvent_plugins/components/OpenEye/__init__.py","baseline source and adapter","0","e3b0c44298fc1c149afbf4c8996fb92427ae41e4649b934ca495991b7852b855"
"baselines/reinvent4_adapter/reinvent_plugins/components/OpenEye/comp_rocs.py","baseline source and adapter","2747","5a8417edbc850ce20f605ee20523dcc0b6a37418ee5036c11eb27f81d4a6cfce"
"baselines/reinvent4_adapter/reinvent_plugins/components/OpenEye/rocs/__init__.py","baseline source and adapter","0","e3b0c44298fc1c149afbf4c8996fb92427ae41e4649b934ca495991b7852b855"
"baselines/reinvent4_adapter/reinvent_plugins/components/OpenEye/rocs/rocs_similarity.py","baseline source and adapter","7129","7c1a689e01b9c0511876712c9bde56323d6f12092c25abcafd4ab159ab9ac41c"
"baselines/reinvent4_adapter/reinvent_plugins/components/RDKit/__init__.py","baseline source and adapter","0","e3b0c44298fc1c149afbf4c8996fb92427ae41e4649b934ca495991b7852b855"
"baselines/reinvent4_adapter/reinvent_plugins/components/RDKit/comp_group_count.py","baseline source and adapter","1615","481d5165729daf3c2d6fafdbe7fbf470579e7cad990430b1237d5bab001bbaf0"
"baselines/reinvent4_adapter/reinvent_plugins/components/RDKit/comp_linkinvent.py","baseline source and adapter","5079","f1148fa805e3e5047d7623693fe81950830806ec57b7118db5452bb90d294625"
"baselines/reinvent4_adapter/reinvent_plugins/components/RDKit/comp_matching_substructure.py","baseline source and adapter","2085","7151d9ba75379846bbc22c89cb440498dc93f1d89740d0f76f565f155bb13fb4"
"baselines/reinvent4_adapter/reinvent_plugins/components/RDKit/comp_mol_volume.py","baseline source and adapter","1719","03fbbe3a1df5b689afb4a3f50fac3329035a932dbaaeb71c20f728b822848d50"
"baselines/reinvent4_adapter/reinvent_plugins/components/RDKit/comp_physchem.py","baseline source and adapter","2885","f8b0cc32865427958c65560c3a2519da68e9290b19175dc80cde5d143f13f3db"
"baselines/reinvent4_adapter/reinvent_plugins/components/RDKit/comp_pmi.py","baseline source and adapter","1633","4178c272880974cabe8be31190270d45417eb133adc5a7665ed6e4120a1ebc05"
"baselines/reinvent4_adapter/reinvent_plugins/components/RDKit/comp_rdkit_descriptors.py","baseline source and adapter","1677","56aa132da03c0ba220cc40d4ac44ca4bbf05b93008e3fa75b9f80ca86fad3e9e"
"baselines/reinvent4_adapter/reinvent_plugins/components/RDKit/comp_similarity.py","baseline source and adapter","2942","91907377255b95576a90cfc3e721be3dd07362611321abf8f6e693ca067937cf"
"baselines/reinvent4_adapter/reinvent_plugins/components/RDKit/comp_tpsa.py","baseline source and adapter","1487","8ba8e47e6eb90600117b289cee4aa70e090644ed137c0a19de88820dc62add69"
"baselines/reinvent4_adapter/reinvent_plugins/components/run_program.py","baseline source and adapter","921","e85b3e95cb83a9e257d9e5f410ed1254208fafce129131b3de486fb8113b7f1d"
"baselines/reinvent4_adapter/reinvent_plugins/components/SAScore/__init__.py","baseline source and adapter","0","e3b0c44298fc1c149afbf4c8996fb92427ae41e4649b934ca495991b7852b855"
"baselines/reinvent4_adapter/reinvent_plugins/components/SAScore/comp_sascore.py","baseline source and adapter","795","13b10ab6d4f75d48b8f58c2f9419db36754f74bfeede78a0ed1b072c0cc9a110"
"baselines/reinvent4_adapter/reinvent_plugins/components/SAScore/fpscores.pkl.gz","baseline source and adapter","3848394","10dcef9340c873e7b987924461b0af5365eb8dd96be607203debe8ddf80c1e73"
"baselines/reinvent4_adapter/reinvent_plugins/components/SAScore/sascorer.py","baseline source and adapter","5084","3d08300b190d7f4812880a6512f9e85cfd8ee604fb25abfbe7f61b49e8bbd44b"
"baselines/reinvent4_adapter/reinvent_plugins/components/synthsense/__init__.py","baseline source and adapter","0","e3b0c44298fc1c149afbf4c8996fb92427ae41e4649b934ca495991b7852b855"
"baselines/reinvent4_adapter/reinvent_plugins/components/synthsense/aizynthfinder_config.py","baseline source and adapter","6206","89165e056b4dfbd5dd2629aa8d978169c48a1ecd0478e0ae771db269fabc29b4"
"baselines/reinvent4_adapter/reinvent_plugins/components/synthsense/comp_synthsense.py","baseline source and adapter","2740","8ebd91c856a5de355bd4a97c0a0b745f0bf63739bca0faa03ca278f1c55c2f52"
"baselines/reinvent4_adapter/reinvent_plugins/components/synthsense/endpoints.py","baseline source and adapter","43550","69b867da8eea2433cb475f27f4a6035595f1b094e0bec717a7bd8335081f8d05"
"baselines/reinvent4_adapter/reinvent_plugins/components/synthsense/parameters.py","baseline source and adapter","5676","6c17aa7c1e32698c79ec8d1b30f893ca46241971ef842731dd53df2ebe5a8d29"
"baselines/reinvent4_adapter/reinvent_plugins/components/synthsense/reducers.py","baseline source and adapter","4963","da2819542f03e7d76bca4c455425452abc9dd39f6fbd49b298d074f320549cfa"
"baselines/reinvent4_adapter/reinvent_plugins/components/synthsense/runner.py","baseline source and adapter","2924","e4722a5c1eaa86e615a43c65c3404223f087e3ee496a890b26cd8f8ec3d63d79"
"baselines/reinvent4_adapter/reinvent_plugins/components/synthsense/transform.py","baseline source and adapter","210","a6d28004404295045ebdcc73ea513cc9cc026be15c3daeda2c9a4ab6a5806a79"
"baselines/reinvent4_adapter/reinvent_plugins/components/synthsense/tree_edit_distance.py","baseline source and adapter","2415","a50b3191a3ed8f88fd2d2edffbf798bc4d3147311856e73ff2fc4a859f740892"
"baselines/reinvent4_adapter/reinvent_plugins/mol_cache.py","baseline source and adapter","754","30f8ed4deae84d4213e077753eb89e561fe1884d260cc4b3c0796d4d3275637c"
"baselines/reinvent4_adapter/reinvent_plugins/normalize.py","baseline source and adapter","557","63ab5ef7e384d98c02f4461f8898ad867d7ab82577c0464af595c1bd7b1e27fe"
"baselines/reinvent4_adapter/reinvent_plugins/normalizers/__init__.py","baseline source and adapter","54","d4423ffc67eb12d318816bf7ac9ec2829443bd35ac17c3c5f648e532bddd5bcb"
"baselines/reinvent4_adapter/reinvent_plugins/normalizers/lilly_smiles.py","baseline source and adapter","761","e26d9590e82c79755b8b301e276e7a4f56b4e8a0ff600d48fd283e7225bc1f61"
"baselines/reinvent4_adapter/reinvent_plugins/normalizers/rdkit_smiles.py","baseline source and adapter","787","82e909afbc06b0a948efb064be76e6025cd9fadb15b6370b1b709ede895e16af"
"baselines/reinvent4_adapter/reinvent/__init__.py","baseline source and adapter","1453","68158b7628463bd24a8edf6005225745386b103691c0a19bfeee3133bba7128c"
"baselines/reinvent4_adapter/reinvent/__main__.py","baseline source and adapter","49","27d8b2aabe78c3dfcb169c3ac272815e58a1f150056466c5620e1c079d9a908f"
"baselines/reinvent4_adapter/reinvent/chemistry/__init__.py","baseline source and adapter","0","e3b0c44298fc1c149afbf4c8996fb92427ae41e4649b934ca495991b7852b855"
"baselines/reinvent4_adapter/reinvent/chemistry/amino_acids/__init__.py","baseline source and adapter","0","e3b0c44298fc1c149afbf4c8996fb92427ae41e4649b934ca495991b7852b855"
"baselines/reinvent4_adapter/reinvent/chemistry/amino_acids/amino_acids.py","baseline source and adapter","3350","ab184a17eb5b12cb65b8e9f879644b102d4a5f1f433997bb15e63eee465c9cd9"
"baselines/reinvent4_adapter/reinvent/chemistry/conversions.py","baseline source and adapter","5873","36482c63de732dcdd82bd852a71a6d158c95abf9acf907a8909b4cf60a7c3814"
"baselines/reinvent4_adapter/reinvent/chemistry/file_reader.py","baseline source and adapter","3041","34a86c1e66bd48a9b60d114717676356fad0191b141357e83eb5c61fab6eb905"
"baselines/reinvent4_adapter/reinvent/chemistry/library_design/__init__.py","baseline source and adapter","130","864769e9842897a9cfdfb814b023b145e06944eb3a13b1fe66ecb39514afe2f9"
"baselines/reinvent4_adapter/reinvent/chemistry/library_design/attachment_points.py","baseline source and adapter","3674","f1db427b33a0f30dc383a897198436450b3535868bc486919073bb0efec1358d"
"baselines/reinvent4_adapter/reinvent/chemistry/library_design/bond_maker.py","baseline source and adapter","5220","42a37573cb5bf6a0712d6b788eeb803499b49d56916d362a5cbdcef5521516cb"
"baselines/reinvent4_adapter/reinvent/chemistry/library_design/bond_mapper.py","baseline source and adapter","4302","60be52404b45a9088111a268f643b6ec191485561c04753c622dd67119e04408"
"baselines/reinvent4_adapter/reinvent/chemistry/library_design/dtos/__init__.py","baseline source and adapter","150","fac081fc7f2f215235b3ad9799f8707c3214443457b730c2f926da452c2e6354"
"baselines/reinvent4_adapter/reinvent/chemistry/library_design/dtos/filtering_condition_dto.py","baseline source and adapter","159","4279c52dee13aacdca3545520359dc7085e495c01bf156d243b146dfda2bcdbc"
"baselines/reinvent4_adapter/reinvent/chemistry/library_design/dtos/reaction_dto.py","baseline source and adapter","187","72343844e964c30e9bd41311118cb1fd303dc4eeb6e6bed8452e2528170718eb"
"baselines/reinvent4_adapter/reinvent/chemistry/library_design/dtos/reaction_outcome_dto.py","baseline source and adapter","231","4d4d058dcbcfa8f6e2d162ddb12e0c836b56dfd1a9167515f11f2fdfc8be4347"
"baselines/reinvent4_adapter/reinvent/chemistry/library_design/fragment_filter.py","baseline source and adapter","2788","1204dde11c6b5b9c2ac899d73b34e96ecade5fb2fe4f0dddb4fa27938aec85e0"
"baselines/reinvent4_adapter/reinvent/chemistry/library_design/fragment_reactions.py","baseline source and adapter","3697","3ba838077175992f6aef89c27b21ef8b76bfe1f59c1803c3ecc2043d7b763a36"
"baselines/reinvent4_adapter/reinvent/chemistry/library_design/molecular_descriptors_enum.py","baseline source and adapter","312","fde7c531b9e92f6725c000dd25a07475b29fea0f173bf7710f815a004cd0ff5e"
"baselines/reinvent4_adapter/reinvent/chemistry/library_design/reaction_definitions/__init__.py","baseline source and adapter","0","e3b0c44298fc1c149afbf4c8996fb92427ae41e4649b934ca495991b7852b855"
"baselines/reinvent4_adapter/reinvent/chemistry/library_design/reaction_definitions/data/reaction_definitions.csv","baseline source and adapter","24346","940b78496c28fc062408ee6d456f8a33bf539e3bdbae085954919410430cc3f1"
"baselines/reinvent4_adapter/reinvent/chemistry/library_design/reaction_definitions/leaving_groups_dto.py","baseline source and adapter","137","52f39ba1cdfe442a437ba2d65916095bd2ee41a310c683113867e3386bf7cd8b"
"baselines/reinvent4_adapter/reinvent/chemistry/library_design/reaction_definitions/standard_definitions.py","baseline source and adapter","1948","e36ec51fa99e8de21011fa3aa9a7166e616d761b8ac5bdb8e979b72a0e7354c1"
"baselines/reinvent4_adapter/reinvent/chemistry/library_design/reaction_filters/__init__.py","baseline source and adapter","214","9dfa02a297e538340b8d40e44be375f1ac688d01e5af4bd2d379ff2daa3eb385"
"baselines/reinvent4_adapter/reinvent/chemistry/library_design/reaction_filters/base_reaction_filter.py","baseline source and adapter","202","65e6d598bed5eb2f2dc627c0fc406d54a39ce412c9f821deff44ac1679d8a8c1"
"baselines/reinvent4_adapter/reinvent/chemistry/library_design/reaction_filters/defined_selective_filter.py","baseline source and adapter","4793","3a2338325688386ac12820cfc1178a12750b037eda0e0769f42690544dd56715"
"baselines/reinvent4_adapter/reinvent/chemistry/library_design/reaction_filters/non_selective_filter.py","baseline source and adapter","4120","167427400af6a4a2df98b83acc343921b2ab30cbf31a78176298eb9a0517f800"
"baselines/reinvent4_adapter/reinvent/chemistry/library_design/reaction_filters/reaction_filter_configruation.py","baseline source and adapter","192","9129021d6400201e2ef29db73335ffdfd4b1923ff1a9970c7c6f761ff08108d5"
"baselines/reinvent4_adapter/reinvent/chemistry/library_design/reaction_filters/reaction_filter_enum.py","baseline source and adapter","428","ed2299254ce989a31ba3452b52cc5be7604efaf1840b40a3e16af0d6e6145a73"
"baselines/reinvent4_adapter/reinvent/chemistry/library_design/reaction_filters/reaction_filter.py","baseline source and adapter","1267","a7020fe8d06cf86690b277713714038ba1d4afbb43fbdc5d38734be4b9162bdc"
"baselines/reinvent4_adapter/reinvent/chemistry/library_design/reaction_filters/selective_filter.py","baseline source and adapter","4450","9cbff22d9c6675c6f3e5fd9c828f082a7ec2127a18e26348142d9848ca6d156d"
"baselines/reinvent4_adapter/reinvent/chemistry/similarity.py","baseline source and adapter","361","0bf756ae5d695664db5c65c77650bad61fe1b8089e72fc7098edb10c0b0f6fc8"
"baselines/reinvent4_adapter/reinvent/chemistry/standardization/__init__.py","baseline source and adapter","0","e3b0c44298fc1c149afbf4c8996fb92427ae41e4649b934ca495991b7852b855"
"baselines/reinvent4_adapter/reinvent/chemistry/standardization/filter_configuration.py","baseline source and adapter","159","a29ce6bff7c99cd17aca04a44f703aa920e487659b1ce3c9982070965d38f1ec"
"baselines/reinvent4_adapter/reinvent/chemistry/standardization/filter_registry.py","baseline source and adapter","6486","18ce787c1dad336db188ec4c8cc8c8fc7cd47ed2502da751421a778ce18ae69d"
"baselines/reinvent4_adapter/reinvent/chemistry/standardization/filter_types_enum.py","baseline source and adapter","757","4a837cd97bf7926f9b4785ade3ad8abb8d9b417ab7cd310064d8ca24b2999f44"
"baselines/reinvent4_adapter/reinvent/chemistry/standardization/rdkit_standardizer.py","baseline source and adapter","2175","483c20a02cadc7ce0df5120a0eae686a0f807f81780006b98b5d1556f2df9bfe"
"baselines/reinvent4_adapter/reinvent/chemistry/tokens.py","baseline source and adapter","416","b6dc077e9f7afab1281e9f8a0588ddae4112ca3daca0d43bc454161baadc9abb"
"baselines/reinvent4_adapter/reinvent/chemistry/utils.py","baseline source and adapter","966","987e6f0de4c9baf21fc68a1861ea203d97f030e9f23f956bce84720741a108bc"
"baselines/reinvent4_adapter/reinvent/datapipeline/__init__.py","baseline source and adapter","0","e3b0c44298fc1c149afbf4c8996fb92427ae41e4649b934ca495991b7852b855"
"baselines/reinvent4_adapter/reinvent/datapipeline/__main__.py","baseline source and adapter","51","7a137eca6ad4de85c2de2595f3edf86ecbb0095941c81492f34bb5d48f447d07"
"baselines/reinvent4_adapter/reinvent/datapipeline/filters/__init__.py","baseline source and adapter","92","049d9f1a9fb554e9425aae1d0fbe1d7d8fb56f7cacd2611cea1e1625db84c19e"
"baselines/reinvent4_adapter/reinvent/datapipeline/filters/chem.py","baseline source and adapter","4571","98d34cda1e2e3bbcf562fb6c88afa6b97d200c73f1dc1e928169030a66302985"
"baselines/reinvent4_adapter/reinvent/datapipeline/filters/deduplicate.py","baseline source and adapter","639","efe7fa1556e1a9e29702601a8749367242703b3a4334ef966969f9c1a5dd8307"
"baselines/reinvent4_adapter/reinvent/datapipeline/filters/elements.py","baseline source and adapter","637","33198f77d1f4adb0805eb13e2f2a26ab668fc22dda6b8a5fcf7eea306e8a5f0e"
"baselines/reinvent4_adapter/reinvent/datapipeline/filters/regex.py","baseline source and adapter","4194","322b11fc513a60601e2edf65fa29c1c57abee9580577ff3e7b9d1cfcd44e409f"
"baselines/reinvent4_adapter/reinvent/datapipeline/logger.py","baseline source and adapter","1863","54af8207e6f391aaeb30fde481f3c46f68ca19dd65dad87932340558d0b416a6"
"baselines/reinvent4_adapter/reinvent/datapipeline/normalizer/__init__.py","baseline source and adapter","52","947df45bf2a3a6ee522d1ccd4eed04670f8127e83d41288fd40bee77434030f0"
"baselines/reinvent4_adapter/reinvent/datapipeline/normalizer/custom.py","baseline source and adapter","278","6c04f5103c25f0ccb78eccb65abc0b6845d5d5f281ad88b3312685f806e483c2"
"baselines/reinvent4_adapter/reinvent/datapipeline/normalizer/rdkit_standard.py","baseline source and adapter","2285","65ee01779b7fdfe2b8a5c4da8d18fd129dbff3a5ab5e1ab882444fe126c3aa84"
"baselines/reinvent4_adapter/reinvent/datapipeline/preprocess.py","baseline source and adapter","8148","2e2249268130c850fcbd27f574e9e825e5c871956bf911483e4bdeaac6a409e2"
"baselines/reinvent4_adapter/reinvent/datapipeline/tokens.py","baseline source and adapter","619","eabf81743af8027d10c42c51be1e7a3250ad6961960f7ff18be3b442f5449382"
"baselines/reinvent4_adapter/reinvent/datapipeline/validation.py","baseline source and adapter","1227","ed7174338d068bcead990d46d29580890bb3160b574da2e62357fc0f53b30d9a"
"baselines/reinvent4_adapter/reinvent/models/__init__.py","baseline source and adapter","896","ee7b161aa82c3dc58116b111b03162e83c36e73e2358b52fa88f334380aab71e"
"baselines/reinvent4_adapter/reinvent/models/libinvent/__init__.py","baseline source and adapter","0","e3b0c44298fc1c149afbf4c8996fb92427ae41e4649b934ca495991b7852b855"
"baselines/reinvent4_adapter/reinvent/models/libinvent/models/__init__.py","baseline source and adapter","116","eaa5e7fb94659f02149e76d8a86761c6895c082ca66a37a7f082e4e116a3bbc1"
"baselines/reinvent4_adapter/reinvent/models/libinvent/models/dataset.py","baseline source and adapter","2980","694109ee6ce3dd41265d5ab5a5d5da98f70537e6d2a09412aaaebed4b8df6fe0"
"baselines/reinvent4_adapter/reinvent/models/libinvent/models/decorator.py","baseline source and adapter","10288","fdd31cfb755a7e083f278cc987ef2635a646f032e27d54d7bc4bc4503f342bc2"
"baselines/reinvent4_adapter/reinvent/models/libinvent/models/model.py","baseline source and adapter","6626","d9da9e39ab3cbb7045825c4f48f2d5015b61983b68a95ee243cb95d9af29b912"
"baselines/reinvent4_adapter/reinvent/models/libinvent/models/vocabulary.py","baseline source and adapter","9219","573c5dfbccd050e8da0aaaa5c3f250cd96503334813d233f8840b5865715c44e"
"baselines/reinvent4_adapter/reinvent/models/linkinvent/__init__.py","baseline source and adapter","0","e3b0c44298fc1c149afbf4c8996fb92427ae41e4649b934ca495991b7852b855"
"baselines/reinvent4_adapter/reinvent/models/linkinvent/dataset/__init__.py","baseline source and adapter","1","01ba4719c80b6fe911b091a7c05124b64eeece964e09c058ef8f9805daca546b"
"baselines/reinvent4_adapter/reinvent/models/linkinvent/dataset/dataset.py","baseline source and adapter","1632","1df41559f31e5f7014adf0be79a4cd374faa2b8078035c539a98009bbf48824e"
"baselines/reinvent4_adapter/reinvent/models/linkinvent/dataset/paired_dataset.py","baseline source and adapter","2075","c198398706f3c8aba6bd18e40cb9c24f186a86af12c155e47338c1b369b101c2"
"baselines/reinvent4_adapter/reinvent/models/linkinvent/link_invent_model.py","baseline source and adapter","6018","49a194e2d2ea7e7bd03ed616974493472bcaf129afb6c20df1e81030bb948c4b"
"baselines/reinvent4_adapter/reinvent/models/linkinvent/model_vocabulary/__init__.py","baseline source and adapter","89","2c855e0ca1d321030cccdc09ea070a85b85ca1c53c189d45fc949cbdfc92e11e"
"baselines/reinvent4_adapter/reinvent/models/linkinvent/model_vocabulary/model_vocabulary.py","baseline source and adapter","1373","529d444407afa53b085439db8327c78d93fc2f637040cb03bcc4ecdb251fc52a"
"baselines/reinvent4_adapter/reinvent/models/linkinvent/model_vocabulary/paired_model_vocabulary.py","baseline source and adapter","1410","9cf9c08c2690183d3382bc5cb15a24e4dc39e22b9b0fc76f01323fd05084bf77"
"baselines/reinvent4_adapter/reinvent/models/linkinvent/model_vocabulary/vocabulary.py","baseline source and adapter","6143","6b43f9c2e9d2224ce1b95621db477da132e6dce5efe64f7af5cabc2652550dd1"
"baselines/reinvent4_adapter/reinvent/models/linkinvent/networks/__init__.py","baseline source and adapter","79","ead578a6cc7a6f085041d828d291d32fb4f07fbc12bb8af4dfbb859889c6839e"
"baselines/reinvent4_adapter/reinvent/models/linkinvent/networks/attention_layer.py","baseline source and adapter","1665","811a3ce9928d12a6ec21e1ccdd7238052bc15311a99799bc440c8092e2397e09"
"baselines/reinvent4_adapter/reinvent/models/linkinvent/networks/decoder.py","baseline source and adapter","3427","4c174124298aac11f2fbd217a136f8cd13726784da22b6c8e3f8ce09f5c20ee6"
"baselines/reinvent4_adapter/reinvent/models/linkinvent/networks/encoder_decoder.py","baseline source and adapter","2802","5b724f56ddd21b17c3cf8948611f52d29910aaa3fb24bd75cb441bf0ff3f9d4d"
"baselines/reinvent4_adapter/reinvent/models/linkinvent/networks/encoder.py","baseline source and adapter","3240","79d1f4553258d9c1fefd80db2ff526f02f38f421000837a5f0e0c55ef8d2a5d4"
"baselines/reinvent4_adapter/reinvent/models/meta_data.py","baseline source and adapter","4635","abb1b04dacd22b879dd85c4b527e9de38a560c96cd9723a96d1d9c8cea9034c9"
"baselines/reinvent4_adapter/reinvent/models/model_factory/__init__.py","baseline source and adapter","0","e3b0c44298fc1c149afbf4c8996fb92427ae41e4649b934ca495991b7852b855"
"baselines/reinvent4_adapter/reinvent/models/model_factory/libinvent_adapter.py","baseline source and adapter","1429","3cfb1a3625a2a54800f8c2e44e288a580295810a7f14bf1238da4b53761e4965"
"baselines/reinvent4_adapter/reinvent/models/model_factory/linkinvent_adapter.py","baseline source and adapter","1287","a3be5febba959af860f526b81a76214887867563ec7a3c303644b98e92b08bd5"
"baselines/reinvent4_adapter/reinvent/models/model_factory/model_adapter.py","baseline source and adapter","4439","4a14350349371fa51f35c12481f90010a4983ffa72c5d6e7e7159d40f6cc4adf"
"baselines/reinvent4_adapter/reinvent/models/model_factory/mol2mol_adapter.py","baseline source and adapter","227","53c545d39de47f0efff7eedf8bd2536fb46f7dee45f8bb255829f7ddce097992"
"baselines/reinvent4_adapter/reinvent/models/model_factory/pepinvent_adapter.py","baseline source and adapter","233","1d49931b32c91edf69b37c18f1135ece73447e325084c50f387136d1a7ccd278"
"baselines/reinvent4_adapter/reinvent/models/model_factory/reinvent_adapter.py","baseline source and adapter","945","3cfbaeb71abcb7b4bc67cbc632218e8acde692b3c725c3305e01c511d8df0225"
"baselines/reinvent4_adapter/reinvent/models/model_factory/sample_batch.py","baseline source and adapter","3080","5fd5aefeae474320d1a4717a4594969f793813874172149170cdc7bce68caea0"
"baselines/reinvent4_adapter/reinvent/models/model_factory/transformer_adapter.py","baseline source and adapter","2057","fb6ee6d86e725b25a98717a64e9d6cf519de7f2e5e7952b32be9449f196d8685"
"baselines/reinvent4_adapter/reinvent/models/model_mode_enum.py","baseline source and adapter","135","c5b9f4370265cbaf6be307bd6cbf46522f163311442c3488be44902df70b1620"
"baselines/reinvent4_adapter/reinvent/models/model_parameter_enum.py","baseline source and adapter","231","745d35601132a501477ced6a51f4a22204a985e5b4796b7e7f2557a461b2494d"
"baselines/reinvent4_adapter/reinvent/models/mol2mol/models/vocabulary.py","baseline source and adapter","91","4f15cd73c434671885203fd241d4f10e9fbf13cd5c07e6df4e71371000a0c054"
"baselines/reinvent4_adapter/reinvent/models/reinvent/__init__.py","baseline source and adapter","0","e3b0c44298fc1c149afbf4c8996fb92427ae41e4649b934ca495991b7852b855"
"baselines/reinvent4_adapter/reinvent/models/reinvent/models/__init__.py","baseline source and adapter","0","e3b0c44298fc1c149afbf4c8996fb92427ae41e4649b934ca495991b7852b855"
"baselines/reinvent4_adapter/reinvent/models/reinvent/models/dataset.py","baseline source and adapter","1415","f14e9b56e58232343a541ffb76367a7d155aa5038b4d408f76bfd7f64df7edf1"
"baselines/reinvent4_adapter/reinvent/models/reinvent/models/model.py","baseline source and adapter","7307","12884ca27e8636b3188dc556096f700d4cad4eebc62febfda2a31b6e800eff3c"
"baselines/reinvent4_adapter/reinvent/models/reinvent/models/rnn.py","baseline source and adapter","4251","45d7729ade4fafc18c4235f30eed7b4f1d860df28ecac60e4758c0b2b85d618f"
"baselines/reinvent4_adapter/reinvent/models/reinvent/models/vocabulary.py","baseline source and adapter","5167","b3a83d0b37e2e78ee21a3b49d47b9348b5d0c9035e09980a54171263288d6a3a"
"baselines/reinvent4_adapter/reinvent/models/reinvent/utils.py","baseline source and adapter","663","fb0d14aaf14acaad318e06eea8c2574172761e7fc16efb9ef46c7f34f912cd11"
"baselines/reinvent4_adapter/reinvent/models/transformer/__init__.py","baseline source and adapter","0","e3b0c44298fc1c149afbf4c8996fb92427ae41e4649b934ca495991b7852b855"
"baselines/reinvent4_adapter/reinvent/models/transformer/core/__init__.py","baseline source and adapter","0","e3b0c44298fc1c149afbf4c8996fb92427ae41e4649b934ca495991b7852b855"
"baselines/reinvent4_adapter/reinvent/models/transformer/core/dataset/__init__.py","baseline source and adapter","0","e3b0c44298fc1c149afbf4c8996fb92427ae41e4649b934ca495991b7852b855"
"baselines/reinvent4_adapter/reinvent/models/transformer/core/dataset/dataset.py","baseline source and adapter","1599","b0c4eaa30c68b8af145dd44e2c8057a20584840259e3abf045421e697be3a78d"
"baselines/reinvent4_adapter/reinvent/models/transformer/core/dataset/paired_dataset.py","baseline source and adapter","4419","d75088d8a05d755c43d2df6aedbaeeaf0cd38ccb4fd5ebafabc3b02a66cb021b"
"baselines/reinvent4_adapter/reinvent/models/transformer/core/dto/__init__.py","baseline source and adapter","1","01ba4719c80b6fe911b091a7c05124b64eeece964e09c058ef8f9805daca546b"
"baselines/reinvent4_adapter/reinvent/models/transformer/core/dto/batch_dto.py","baseline source and adapter","372","6e9f3d3b2dccd2609439559141646675fe441a1d05965cbaa13a2041ba1a0a6c"
"baselines/reinvent4_adapter/reinvent/models/transformer/core/enums/__init__.py","baseline source and adapter","1","01ba4719c80b6fe911b091a7c05124b64eeece964e09c058ef8f9805daca546b"
"baselines/reinvent4_adapter/reinvent/models/transformer/core/enums/sampling_mode_enum.py","baseline source and adapter","332","a6c400d90c784684eb11b9de1c13f7c4aa1fbbbaac9c559a31ef0477911aa059"
"baselines/reinvent4_adapter/reinvent/models/transformer/core/network/__init__.py","baseline source and adapter","0","e3b0c44298fc1c149afbf4c8996fb92427ae41e4649b934ca495991b7852b855"
"baselines/reinvent4_adapter/reinvent/models/transformer/core/network/encode_decode/__init__.py","baseline source and adapter","0","e3b0c44298fc1c149afbf4c8996fb92427ae41e4649b934ca495991b7852b855"
"baselines/reinvent4_adapter/reinvent/models/transformer/core/network/encode_decode/clones.py","baseline source and adapter","162","10b43f95328ca9603b17856319d4e5f279b26d21d916b101914727f08e55ea67"
"baselines/reinvent4_adapter/reinvent/models/transformer/core/network/encode_decode/decoder_layer.py","baseline source and adapter","989","e77039cd4f31c753dbd80ce1ab7dd28b8e0e0ea48a4c1736fa6a3ef99f01acca"
"baselines/reinvent4_adapter/reinvent/models/transformer/core/network/encode_decode/decoder.py","baseline source and adapter","592","2d46e930bfecae18c3219803b0a4460068cc72a0948e396eef322f7fdeac3a97"
"baselines/reinvent4_adapter/reinvent/models/transformer/core/network/encode_decode/encoder_layer.py","baseline source and adapter","813","8439d06122a12d7256aac8f6081355d308123a5df4cec1a3a4f719c7fed67a5d"
"baselines/reinvent4_adapter/reinvent/models/transformer/core/network/encode_decode/encoder.py","baseline source and adapter","609","3e04071a497d083193d81a86c393be3cc3a80b1d262c710955c1b2fa5484cf9e"
"baselines/reinvent4_adapter/reinvent/models/transformer/core/network/encode_decode/layer_norm.py","baseline source and adapter","519","a646e09c17d960a3fef4cab63d6bb497b5dea69079d3e2ce8fdaaa534d13675b"
"baselines/reinvent4_adapter/reinvent/models/transformer/core/network/encode_decode/model.py","baseline source and adapter","3445","fdb2e11ce345ca36b8130a7384af79d12c67900c623e6de5f13378ba955d8d31"
"baselines/reinvent4_adapter/reinvent/models/transformer/core/network/encode_decode/sublayer_connection.py","baseline source and adapter","620","b0c2b2ac0d67ea34349d0130eb3b11a26797df7878c7517ceacf5ecec60a419c"
"baselines/reinvent4_adapter/reinvent/models/transformer/core/network/module/__init__.py","baseline source and adapter","0","e3b0c44298fc1c149afbf4c8996fb92427ae41e4649b934ca495991b7852b855"
"baselines/reinvent4_adapter/reinvent/models/transformer/core/network/module/decode.py","baseline source and adapter","3581","197ad252102bc791227d9a8a63be0fc1b5d1119ecd208445c98c3c9f5a579090"
"baselines/reinvent4_adapter/reinvent/models/transformer/core/network/module/embeddings.py","baseline source and adapter","359","30b284db52ad1835ef0c86d134aeb9db1052c36182991f8901024a6884a374c0"
"baselines/reinvent4_adapter/reinvent/models/transformer/core/network/module/generator.py","baseline source and adapter","685","e0ae0966a53e194563fb0abcdaa9df9ccde206cd6140ed518a7db38a4c4257fd"
"baselines/reinvent4_adapter/reinvent/models/transformer/core/network/module/label_smoothing.py","baseline source and adapter","1015","24d0e70a1b09f287bc5cc0213f4fb669b389beb20b35f5300049c91859cf2561"
"baselines/reinvent4_adapter/reinvent/models/transformer/core/network/module/multi_headed_attention.py","baseline source and adapter","1855","7957d2b26d1c1198d501ce2b83daa47019be632ebd43cae4c6016ebb6d9e2a94"
"baselines/reinvent4_adapter/reinvent/models/transformer/core/network/module/noam_opt.py","baseline source and adapter","1299","1e01bfd7e33a694dca80eeab73fce0c060a27ff9c381c67c4285acbafd4c5b5d"
"baselines/reinvent4_adapter/reinvent/models/transformer/core/network/module/positional_encoding.py","baseline source and adapter","868","f3351d703946772b2076f0585f613ea7a34c2f874cd35564da39c25d14f51f7c"
"baselines/reinvent4_adapter/reinvent/models/transformer/core/network/module/positionwise_feedforward.py","baseline source and adapter","455","73c21891d6e16f79e42601dea2bf72ca9f52a967ae651bc82d2df683d98c0319"
"baselines/reinvent4_adapter/reinvent/models/transformer/core/network/module/search.py","baseline source and adapter","8921","f6542ad01ce77f6ae892981df339f1ed35e64aefa6180134cbeb9a3f87964b46"
"baselines/reinvent4_adapter/reinvent/models/transformer/core/network/module/simpleloss_compute.py","baseline source and adapter","649","667ea9664a05149db90edda573ba11f930708173ca263df1e8bb4f424f4eff6b"
"baselines/reinvent4_adapter/reinvent/models/transformer/core/network/module/subsequent_mask.py","baseline source and adapter","253","605e321fafbcbffe4f91e173ff5e77b07ca2e5d76e6bd80af532a46d7382e11d"
"baselines/reinvent4_adapter/reinvent/models/transformer/core/vocabulary.py","baseline source and adapter","7912","e7f705b52e3f88bdcdb9a00a9e6233c915a4dd9467068deea3a62c9fe8f678d4"
"baselines/reinvent4_adapter/reinvent/models/transformer/libinvent/__init__.py","baseline source and adapter","0","e3b0c44298fc1c149afbf4c8996fb92427ae41e4649b934ca495991b7852b855"
"baselines/reinvent4_adapter/reinvent/models/transformer/libinvent/libinvent.py","baseline source and adapter","159","bc6873235056fca2ff2aa578262aa6efe791eca801a70401f531e08bf88e4d2a"
"baselines/reinvent4_adapter/reinvent/models/transformer/linkinvent/__init__.py","baseline source and adapter","0","e3b0c44298fc1c149afbf4c8996fb92427ae41e4649b934ca495991b7852b855"
"baselines/reinvent4_adapter/reinvent/models/transformer/linkinvent/linkinvent.py","baseline source and adapter","161","db117ddceae56a7f00bba63c13f25f505c0fa302bdb0ff99830e764638be17ba"
"baselines/reinvent4_adapter/reinvent/models/transformer/mol2mol/__init__.py","baseline source and adapter","0","e3b0c44298fc1c149afbf4c8996fb92427ae41e4649b934ca495991b7852b855"
"baselines/reinvent4_adapter/reinvent/models/transformer/mol2mol/dataset/__init__.py","baseline source and adapter","51","226a6c36e30ceeca0e4ad78742b3dbc5452e4657d9214772cd77ab721b84fc25"
"baselines/reinvent4_adapter/reinvent/models/transformer/mol2mol/dataset/get_pair_generator.py","baseline source and adapter","630","88b077f9398e8bf59c83ae30bd19333e5e1f54a2f14317bca9104651a949496f"
"baselines/reinvent4_adapter/reinvent/models/transformer/mol2mol/dataset/preprocessing/__init__.py","baseline source and adapter","124","89f4ae894142170a1be96a0b9c84ae38e5a34ee0be0454cc3895c0d6122b4892"
"baselines/reinvent4_adapter/reinvent/models/transformer/mol2mol/dataset/preprocessing/mmp.py","baseline source and adapter","7411","a7c68714b4422cb05643668fa1f5ad2b035c2a394f3f25a51e7ccb31411e0372"
"baselines/reinvent4_adapter/reinvent/models/transformer/mol2mol/dataset/preprocessing/pair_generator.py","baseline source and adapter","2547","dd1807a8a343f7a6b9d99be341247796092665fb4a661761e9b063480fbf28ce"
"baselines/reinvent4_adapter/reinvent/models/transformer/mol2mol/dataset/preprocessing/precomputed.py","baseline source and adapter","957","3c95b27476992de6786861ca2b02a9f02a68f184e182bd2bdd9632cb9a7dcd62"
"baselines/reinvent4_adapter/reinvent/models/transformer/mol2mol/dataset/preprocessing/scaffold.py","baseline source and adapter","4011","94b98660c1bdf963bde8bc0e8248552f8b154a4f52f72d87f9bb9d880b3978ad"
"baselines/reinvent4_adapter/reinvent/models/transformer/mol2mol/dataset/preprocessing/tanimoto.py","baseline source and adapter","4287","e57324866ffcd2918c52b0a21dfd4c4ebbdc4eef1d1588c7ec311e2370d7845a"
"baselines/reinvent4_adapter/reinvent/models/transformer/mol2mol/mol2mol.py","baseline source and adapter","155","fc2bea768ce4c39a9774f78960369dd9929e12400616a9e0d41c65619b44fff6"
"baselines/reinvent4_adapter/reinvent/models/transformer/pepinvent/__init__.py","baseline source and adapter","0","e3b0c44298fc1c149afbf4c8996fb92427ae41e4649b934ca495991b7852b855"
"baselines/reinvent4_adapter/reinvent/models/transformer/pepinvent/pepinvent.py","baseline source and adapter","158","9a53e2be59fff30c2f46a6ec6536d7f14f6f99dde860f374958b91dbc7a0c9c7"
"baselines/reinvent4_adapter/reinvent/models/transformer/transformer.py","baseline source and adapter","13480","35c32c87aabee69b30e4e4c8a575d44b77a22924c8572f951cf1d3840ac58463"
"baselines/reinvent4_adapter/reinvent/models/utils/__init__.py","baseline source and adapter","26","12dc45f68b352e0eefec5c7e656c2b8e98f988e501d2c0f27473c4ea1191f9e0"
"baselines/reinvent4_adapter/reinvent/models/utils/consistify.py","baseline source and adapter","1235","16e954ff9c51cfa4a81ba4b20567faa18f53f9a9adf40064a5c1416cef01953f"
"baselines/reinvent4_adapter/reinvent/models/utils/parallel.py","baseline source and adapter","2549","4df1e51a106861fc5f7c2187f101285664772f9079685cc1a0309b3ded14d804"
"baselines/reinvent4_adapter/reinvent/notebooks/__init__.py","baseline source and adapter","45","65f090a581c80094321a6073aa44fa99a655f9f2fde0758364795b7681f5e5d9"
"baselines/reinvent4_adapter/reinvent/notebooks/utils.py","baseline source and adapter","3065","398001be5a9ddde36c9da3a860ba7fb9cf9381049d051415515827c901ef9130"
"baselines/reinvent4_adapter/reinvent/Reinvent.py","baseline source and adapter","5158","a08303088ab74baf664753492781f6dff18288063e9bef0aa9134aed7ce7feb2"
"baselines/reinvent4_adapter/reinvent/runmodes/__init__.py","baseline source and adapter","440","44827cb21a374eb6be6b7888b469d8f35f11bc2a5ec8ba21c27f03e307eb4be7"
"baselines/reinvent4_adapter/reinvent/runmodes/create_adapter.py","baseline source and adapter","5557","3a950d926b909c7404639e8b0b237434c2deb33eb527199b028e9fe3017430df"
"baselines/reinvent4_adapter/reinvent/runmodes/create_model/__init__.py","baseline source and adapter","39","75c1b20b184ad446dff81039e5cb26a9e494d289029cf099da2610b2f7166a59"
"baselines/reinvent4_adapter/reinvent/runmodes/create_model/create_libinvent.py","baseline source and adapter","2127","9699adcde854012dce156a48f24c4154766fa54f1468999fad6bd33c0acd3c03"
"baselines/reinvent4_adapter/reinvent/runmodes/create_model/create_linkinvent.py","baseline source and adapter","2715","82ae094dbeceb87cc018720e0e24277571104d2729adb519f5eca65c5f29ccac"
"baselines/reinvent4_adapter/reinvent/runmodes/create_model/create_mol2mol.py","baseline source and adapter","3035","69ce0140f6910e5a645373687a20154eb4b58a7519e8970b6e490a0b77f08bca"
"baselines/reinvent4_adapter/reinvent/runmodes/create_model/create_reinvent.py","baseline source and adapter","4827","444f3e741ffaa5100fed76970c73131f4b334c7dbc30e12d2b01ae5c9a91e8e1"
"baselines/reinvent4_adapter/reinvent/runmodes/create_model/reinvent.toml","baseline source and adapter","642","7807397c491ad79e315534e0fd22a707709569edd1e37d2b1ccc8b1b58147dc5"
"baselines/reinvent4_adapter/reinvent/runmodes/dtos/__init__.py","baseline source and adapter","20","012b1718aa29eeddcc60e96a188c0bba22f2f2ffeebb0182c53a445448b9fd45"
"baselines/reinvent4_adapter/reinvent/runmodes/dtos/dtos.py","baseline source and adapter","521","302721d4ff86a800ebc08e33b3cb684b7cee98d4185ad396acccb7299a1fbcbe"
"baselines/reinvent4_adapter/reinvent/runmodes/enumeration/__init__.py","baseline source and adapter","0","e3b0c44298fc1c149afbf4c8996fb92427ae41e4649b934ca495991b7852b855"
"baselines/reinvent4_adapter/reinvent/runmodes/enumeration/aa_enumerator.py","baseline source and adapter","8713","271e31703af6e34ce68b71ea44b86ad51ef0a095517b7da6c8853269495a499f"
"baselines/reinvent4_adapter/reinvent/runmodes/enumeration/run_enumeration.py","baseline source and adapter","4882","7d387b913d3b45aa264ccbbe0fb4520f2e4db320f995f3eb58044ef8e392bbac"
"baselines/reinvent4_adapter/reinvent/runmodes/enumeration/validation.py","baseline source and adapter","991","ab3f0d0af45824843ba2d9607049fe59b6800a3efa1786bc144a77eaf834a587"
"baselines/reinvent4_adapter/reinvent/runmodes/handler.py","baseline source and adapter","4016","f99b88f5289497cf7c433516b01235f6b74006ab95b95b6d087ac71891428074"
"baselines/reinvent4_adapter/reinvent/runmodes/RL/__init__.py","baseline source and adapter","226","a95d2180c2199b63e97bc9cdcf827a960905c14524127bb3cfe5393f5e410130"
"baselines/reinvent4_adapter/reinvent/runmodes/RL/data_classes/__init__.py","baseline source and adapter","55","e14947c2fc975f811c7e8c31599bd256cfb8d97954b6b7a907a60497534f4fab"
"baselines/reinvent4_adapter/reinvent/runmodes/RL/data_classes/model_state.py","baseline source and adapter","674","3cd0c0ea4f33d391da3407c0d008136f8bbfc6cd4e24fded10f73f21b4dc32e8"
"baselines/reinvent4_adapter/reinvent/runmodes/RL/data_classes/work_package.py","baseline source and adapter","727","c2d98a7bed18fd9534ddcdfd78e078521adf69d6fb85f6e4a19e658d0aab77cc"
"baselines/reinvent4_adapter/reinvent/runmodes/RL/distance_penalty.py","baseline source and adapter","1058","0bfc3b25e3456cec923cdbed66d1e012d6ef93d92c53c366efb374f58a56ca2e"
"baselines/reinvent4_adapter/reinvent/runmodes/RL/intrinsic_penalty/__init__.py","baseline source and adapter","70","e322f41fa8bedb34aa0ef8714b7cd3fd09db1e023922703bff8c05bd7a58ad46"
"baselines/reinvent4_adapter/reinvent/runmodes/RL/intrinsic_penalty/identical_murcko_scaffold_rnd.py","baseline source and adapter","5133","2aa742921531513c92285d960fc81a930cc2ecc13ec897e98f1a91f579613c37"
"baselines/reinvent4_adapter/reinvent/runmodes/RL/intrinsic_penalty/intrinsic_penalty.py","baseline source and adapter","4916","d4625f221318ba174f5e96b821b3efa65306cde0b56fcc2f7cb75091d25d1735"
"baselines/reinvent4_adapter/reinvent/runmodes/RL/intrinsic_penalty/penalties/__init__.py","baseline source and adapter","198","4440f53aa8332001054a70d46b8fde28270896c5e3b5d556a41ffd3648407cbd"
"baselines/reinvent4_adapter/reinvent/runmodes/RL/intrinsic_penalty/penalties/erf_penalty.py","baseline source and adapter","519","eed0a30b966e14284617f3236b128aec3fabfbe106476a58f5225672526cb613"
"baselines/reinvent4_adapter/reinvent/runmodes/RL/intrinsic_penalty/penalties/linear_penalty.py","baseline source and adapter","423","d2116ce6ff4a2071305de5d5fe9bf26ef12a91d0c1f9ec5d4c4d5b9b5f1d4fd3"
"baselines/reinvent4_adapter/reinvent/runmodes/RL/intrinsic_penalty/penalties/scaffold_penalty.py","baseline source and adapter","756","51ff31dc622068ab25f15651551690f303abdf31c00266d64b9cf6edb4dc6593"
"baselines/reinvent4_adapter/reinvent/runmodes/RL/intrinsic_penalty/penalties/sigmoid_penalty.py","baseline source and adapter","596","d08fe13acc84359b200dff47937e58a2beaa036bd157da6e3832c7f11aa6bbea"
"baselines/reinvent4_adapter/reinvent/runmodes/RL/intrinsic_penalty/penalties/step_penalty.py","baseline source and adapter","364","4076e1735ddd399949c089b9d136ab68dd8c71c07b3b26d1075a801a76d1607d"
"baselines/reinvent4_adapter/reinvent/runmodes/RL/intrinsic_penalty/penalties/tanh_penalty.py","baseline source and adapter","506","1792f6f4b32cf32eb895ec88bafcf991afb41c4ff1c233558f3b648458c8219a"
"baselines/reinvent4_adapter/reinvent/runmodes/RL/learning.py","baseline source and adapter","11999","9c853cf8b2ebdba16e66ceadb2e5dcbc5138703dd852ffdd68e0a0738eac5d3b"
"baselines/reinvent4_adapter/reinvent/runmodes/RL/libinvent.py","baseline source and adapter","1176","b6b1047881fb21959376f10b881d726689562a4e068f7ba05827cc396921ec24"
"baselines/reinvent4_adapter/reinvent/runmodes/RL/linkinvent.py","baseline source and adapter","951","e6b1673f7a445f8b1fccd4968f9a28682a8c794adc79d15ebc28fc219353f8b3"
"baselines/reinvent4_adapter/reinvent/runmodes/RL/memories/__init__.py","baseline source and adapter","213","02779b0384b53fbbfc74192eaf827022551fa9e046ea5ddf78473709f8e0f748"
"baselines/reinvent4_adapter/reinvent/runmodes/RL/memories/bucket_counter.py","baseline source and adapter","2163","ba064d4cc75ee58b9cb618614a8a57ca4a5414df94fc2f698a5d23ca8241bca4"
"baselines/reinvent4_adapter/reinvent/runmodes/RL/memories/diversity_filter.py","baseline source and adapter","4289","e4e8fbd18547b25942cc076343ab83771de71f72f667661be6de515a7a9ecdbb"
"baselines/reinvent4_adapter/reinvent/runmodes/RL/memories/identical_murcko_scaffold.py","baseline source and adapter","500","8817d26a42244a3d8ef9dd43e530aef917fcfe5bcfc4b5f52d951912e9c5b7a2"
"baselines/reinvent4_adapter/reinvent/runmodes/RL/memories/identical_topological_scaffold.py","baseline source and adapter","509","731b96053d6d57680361f7e35215a150792d8c216607f01f904bd65684fc7e96"
"baselines/reinvent4_adapter/reinvent/runmodes/RL/memories/inception.py","baseline source and adapter","6340","25c3080a104fec61fbb81d581f6bfdc8fa6af73ca0d0a9f0535871a902973a55"
"baselines/reinvent4_adapter/reinvent/runmodes/RL/memories/penalize_same_smiles.py","baseline source and adapter","559","c47269329eb8e9ad14108b482320f895ec9470395fa0800d603a82b2d9c6cd6e"
"baselines/reinvent4_adapter/reinvent/runmodes/RL/memories/scaffold_similarity.py","baseline source and adapter","2268","91bdde6a526426f2d3fe6ae2cde3118601ac2c461dfd207d2146ba05f63c0fdb"
"baselines/reinvent4_adapter/reinvent/runmodes/RL/mol2mol.py","baseline source and adapter","571","72eafd57af881fe758a50895135df5ad3549c4356133d68501e026aaf0d87035"
"baselines/reinvent4_adapter/reinvent/runmodes/RL/pepinvent.py","baseline source and adapter","932","67a17a17ec96052653116b2c34485ca832b7fcf8256178733ac8b6a3113b3a29"
"baselines/reinvent4_adapter/reinvent/runmodes/RL/reinvent.py","baseline source and adapter","986","305fe353bc918624f19a65b26e4a94c38206626b6419a21e172bf209ef7393c2"
"baselines/reinvent4_adapter/reinvent/runmodes/RL/reports/__init__.py","baseline source and adapter","97","375583a9571334cacaf5dea61142b316a33a7042ae46e32f94b90a2cc1be1945"
"baselines/reinvent4_adapter/reinvent/runmodes/RL/reports/csv_summmary.py","baseline source and adapter","4833","4161a5b7a01ee76ef9657c526e3c5c727185bbdbd4e3feb6cc964a7b1f426758"
"baselines/reinvent4_adapter/reinvent/runmodes/RL/reports/data.py","baseline source and adapter","949","65f077474b403d7239de635587e66aeabf974aa59f18139daa4f78015a54e194"
"baselines/reinvent4_adapter/reinvent/runmodes/RL/reports/remote.py","baseline source and adapter","4466","fe120ec6a21b21e5d9a8e9fc0d327bc0725136478ec173ce7930bc4f838f9e7b"
"baselines/reinvent4_adapter/reinvent/runmodes/RL/reports/tensorboard.py","baseline source and adapter","3320","15a52ed78babf7e2beb4f689ab521ceda2e789f1de1a2a74b0a16e944c26b49a"
"baselines/reinvent4_adapter/reinvent/runmodes/RL/reward.py","baseline source and adapter","7432","76dcd624c1843e195a50fbeb6cacecacf11d6a017fbdf76dd05b3f31ecec3c65"
"baselines/reinvent4_adapter/reinvent/runmodes/RL/run_staged_learning.py","baseline source and adapter","7872","ccfe97a7229302a783acf07f853eaf28b690bd5ea64cad07d851b2f666995dd5"
"baselines/reinvent4_adapter/reinvent/runmodes/RL/setup/__init__.py","baseline source and adapter","152","03f1d9c42e415590d1506a70e3e2ec57ad41ce443d815a6b644e98104af3d4d9"
"baselines/reinvent4_adapter/reinvent/runmodes/RL/setup/create_packages.py","baseline source and adapter","2134","1b08fac68ce6c495c0dec1f2424fb09672af87ac534a6c0f1b4c65e79eecdd27"
"baselines/reinvent4_adapter/reinvent/runmodes/RL/setup/diversity_filter.py","baseline source and adapter","1072","1dc0c5cb03af6b0c70ff913652d1851026f8150f577ce896df7c4a0e071af02a"
"baselines/reinvent4_adapter/reinvent/runmodes/RL/setup/inception.py","baseline source and adapter","1719","91acd51ec7eb43d9bf92c6727afcf217c6188184818896a0acc53e6e00040023"
"baselines/reinvent4_adapter/reinvent/runmodes/RL/setup/intrinsic_penalty.py","baseline source and adapter","1358","95c2f6772e6fc573c96cd49315de887a0c4a8b2485b026aa126e307c3e4c202e"
"baselines/reinvent4_adapter/reinvent/runmodes/RL/setup/reward_strategy.py","baseline source and adapter","1504","8417e848073e8e1e403b3a8542d8156ff05dc4cfa9286a1b2f8d69f6c30cc245"
"baselines/reinvent4_adapter/reinvent/runmodes/RL/setup/terminators.py","baseline source and adapter","2533","900a574a83fe7d8384e9b584b4d34397265d07a3d423bec9f175748230daccc6"
"baselines/reinvent4_adapter/reinvent/runmodes/RL/validation.py","baseline source and adapter","2605","5e0d7b0574d7faf9cca1035a75379f2977d3b5bebb194534b3297dd0d3f1a4af"
"baselines/reinvent4_adapter/reinvent/runmodes/samplers/__init__.py","baseline source and adapter","189","04a350eb68d7da0b922f0059704609ea2d7833dbd57fa7ea28789b830c51b2c1"
"baselines/reinvent4_adapter/reinvent/runmodes/samplers/libinvent.py","baseline source and adapter","4056","c8cf9b065da68483fcbf82b1b96dcdc7d348bb821df9c8e12dc340e2510c6539"
"baselines/reinvent4_adapter/reinvent/runmodes/samplers/linkinvent.py","baseline source and adapter","4874","f9f8b70f58cfd22675248e1bdde14563e80e2b8b41ddc0b17615fd4fe45721a5"
"baselines/reinvent4_adapter/reinvent/runmodes/samplers/mol2mol.py","baseline source and adapter","5947","cb8aed2a9253861ed8cc9170a0ef5c810bb198758a8f530d783cc7e45979fcdd"
"baselines/reinvent4_adapter/reinvent/runmodes/samplers/params.py","baseline source and adapter","205","e495d6b6f1012db01690b6ddacc2e3b9aa00152ebc4af94139ee9a6a7908d7af"
"baselines/reinvent4_adapter/reinvent/runmodes/samplers/pepinvent.py","baseline source and adapter","4946","e16ef52c8b63c67beadfc99a869f529c09af0c29d002c614f5bd7ca73bd6f35b"
"baselines/reinvent4_adapter/reinvent/runmodes/samplers/reinvent.py","baseline source and adapter","1301","21d96c041f4862d4d3e1f3c80003f81dba0ff58247b8352217b2d109659db295"
"baselines/reinvent4_adapter/reinvent/runmodes/samplers/reports/__init__.py","baseline source and adapter","71","4347d076dac384ee368853c741429885525781e6d0033aa6177d9add89f3e9a0"
"baselines/reinvent4_adapter/reinvent/runmodes/samplers/reports/common.py","baseline source and adapter","1115","f6905df0605ef7694803a4b7d782ce51ce2d53811083fee979f2d8c9e8a98d80"
"baselines/reinvent4_adapter/reinvent/runmodes/samplers/reports/remote.py","baseline source and adapter","1120","a8467806ccba2a9ab9b84efb813394ba039926ccb96ce972b46fd953c0509dde"
"baselines/reinvent4_adapter/reinvent/runmodes/samplers/reports/tensorboard.py","baseline source and adapter","3085","78c2395ec151ef6983d0aa5437d3024bf03860d1e763ce8ae292efcab66a1e42"
"baselines/reinvent4_adapter/reinvent/runmodes/samplers/run_sampling.py","baseline source and adapter","8516","4c43793f4be48f4bfabb6f26502e52eb3ce3b0c1ab7d0d9a23034f14ebeed4cb"
"baselines/reinvent4_adapter/reinvent/runmodes/samplers/sampler.py","baseline source and adapter","4369","590402b73ee893cae02e5a89343700276f80b97698324eb083d89e35da614e2e"
"baselines/reinvent4_adapter/reinvent/runmodes/samplers/validation.py","baseline source and adapter","859","100d5f0e333b84fb38368fa440c9601cd6e04ef68ace8ffe504c8f6bcd79d2e4"
"baselines/reinvent4_adapter/reinvent/runmodes/scoring/__init__.py","baseline source and adapter","46","fa33da9acb5dd245b6d44741cf49333b80558d3f02c3bbbbd7ddb6c853be5e4b"
"baselines/reinvent4_adapter/reinvent/runmodes/scoring/file_io.py","baseline source and adapter","3584","20ff59ee71ef33a4ac9f69a5423f87a7880e397ca0a2cb85f57b01c8828f00e7"
"baselines/reinvent4_adapter/reinvent/runmodes/scoring/run_scoring.py","baseline source and adapter","7287","09ba73805e0ca0255dffda75a8915e90298595241981605e22fd1942db2104e8"
"baselines/reinvent4_adapter/reinvent/runmodes/scoring/validation.py","baseline source and adapter","594","dce0a48084f16c55daae283e700abd2a0872879ebf43b61b64954e334d8631f2"
"baselines/reinvent4_adapter/reinvent/runmodes/setup_sampler.py","baseline source and adapter","2253","b79a234ce1cd19331521ef1463a9ca2396f83160452b55908bc204d4afac7792"
"baselines/reinvent4_adapter/reinvent/runmodes/TL/__init__.py","baseline source and adapter","181","b7a2050a1bedca2f269b908c6f377c2f38830dfbdf6500e2c3aa4e43b01baa89"
"baselines/reinvent4_adapter/reinvent/runmodes/TL/configurations.py","baseline source and adapter","491","82a094cde126e655d84eb17bd021b6a0b15711497a244601cd871fee21b47859"
"baselines/reinvent4_adapter/reinvent/runmodes/TL/learning.py","baseline source and adapter","13633","37d2f5e68dcd0866fca2a207c5a74c660c2323ad4bf2fd743c67b0f51aec00cf"
"baselines/reinvent4_adapter/reinvent/runmodes/TL/libinvent.py","baseline source and adapter","1803","9b16386627830ca487b6172ba0c4d445b202a43ffc6c73376c496d264f8ffd7e"
"baselines/reinvent4_adapter/reinvent/runmodes/TL/linkinvent.py","baseline source and adapter","2091","398507495569a7274c96bd375178947c0b09ba54eee5eac0caf36f0124806be9"
"baselines/reinvent4_adapter/reinvent/runmodes/TL/mol2mol.py","baseline source and adapter","5604","b832746b6722910f70d980bdd20ffaf52dabe67a821da45db146c39fb85275c1"
"baselines/reinvent4_adapter/reinvent/runmodes/TL/reinvent.py","baseline source and adapter","1622","4e8a1ec484a5e933afe14b8bb8ada1cd62b9d67d7a1623858613bef4b4460c8a"
"baselines/reinvent4_adapter/reinvent/runmodes/TL/reports/__init__.py","baseline source and adapter","69","b358601ed22f21e6fd3e21d489c6138245a6c84adf86063f144c9d709ac2b655"
"baselines/reinvent4_adapter/reinvent/runmodes/TL/reports/data.py","baseline source and adapter","519","848166c3dbe7931fdd5850b694bb74386685561b1f5701b0defca5206e02ec1c"
"baselines/reinvent4_adapter/reinvent/runmodes/TL/reports/remote.py","baseline source and adapter","1126","a65f48932d1140d84725d970e6d2643e4e7b1c04f0a38438bf0095492cc742fa"
"baselines/reinvent4_adapter/reinvent/runmodes/TL/reports/tensorboard.py","baseline source and adapter","2655","68a27749e48093a758970f50880d8a54044535087fabb8d8bf9d731243f5b665"
"baselines/reinvent4_adapter/reinvent/runmodes/TL/run_transfer_learning.py","baseline source and adapter","4935","f8f784d3655359aefe3f90a69997e081fa6ef98b5163fae9a5228289644253df"
"baselines/reinvent4_adapter/reinvent/runmodes/TL/validation.py","baseline source and adapter","1772","1d1030fda8b92c8ee0351387a0b5d0e0c86e913791c38fb26b50db3cf62b1ef2"
"baselines/reinvent4_adapter/reinvent/runmodes/utils/__init__.py","baseline source and adapter","148","310cd275706ac9344a93e88b102c555b62430df609cc71bf5e1736ae772b75bf"
"baselines/reinvent4_adapter/reinvent/runmodes/utils/decorators.py","baseline source and adapter","490","d8c31408f35b1e0df41c9837353158c273b4222838c52809120aad669fbbd144"
"baselines/reinvent4_adapter/reinvent/runmodes/utils/evaluate.py","baseline source and adapter","1718","b94c2567c623e57a339452601127389beeaa15779a3d5bcf59fbb10f2d2cfdb2"
"baselines/reinvent4_adapter/reinvent/runmodes/utils/helpers.py","baseline source and adapter","1646","a28d2a83a26fee31ca76ec3f7e272201e980d0f8047b1098821bd90d03915aaf"
"baselines/reinvent4_adapter/reinvent/runmodes/utils/image.py","baseline source and adapter","1325","f1f2bef8a2fb3a89433aee0b42d8c96e27f74005c11d7a6f4dad914bdd60d766"
"baselines/reinvent4_adapter/reinvent/runmodes/utils/plot.py","baseline source and adapter","1147","82d3b368abcade60e1227f860abe75e68a9441b266dce809ee54878dfef2a34c"
"baselines/reinvent4_adapter/reinvent/runmodes/utils/tensorboard.py","baseline source and adapter","3201","36985cc0af8810f672ebb9da26362f16fcfb78fab5f7dfded51c868971a929cc"
"baselines/reinvent4_adapter/reinvent/scoring/__init__.py","baseline source and adapter","45","447f480e4ab95917c5247d1adc563cb0848720f64bdbff5c3e5b58b808cdfe27"
"baselines/reinvent4_adapter/reinvent/scoring/aggregators/__init__.py","baseline source and adapter","49","c7fe7216839db3ef717dba5e5cb33c4f2dd155b4ece29877f9452ea6c90cca82"
"baselines/reinvent4_adapter/reinvent/scoring/aggregators/means.py","baseline source and adapter","2388","12387ac561aa6ff4cc9899f55897ea32ee701f8b34c657c090958ca06d3a9d36"
"baselines/reinvent4_adapter/reinvent/scoring/compute_scores.py","baseline source and adapter","9018","944b44652758e07c05fe97325ad6c9eb4b1a634a4cc1097b32d66608c4aaec5d"
"baselines/reinvent4_adapter/reinvent/scoring/config.py","baseline source and adapter","6228","b72736bc1474a80be4e8075bf23912d12e20e6aa93159062577e4a189a2046d5"
"baselines/reinvent4_adapter/reinvent/scoring/importer.py","baseline source and adapter","1637","3a4c812eee26b0a3fb0053b097df782cc55fa06a22463c680231b521417d6ec2"
"baselines/reinvent4_adapter/reinvent/scoring/results.py","baseline source and adapter","727","35ee0e7a95ecfd58d7a67901b3202546744719fe7307d017288b99ab4ba4a363"
"baselines/reinvent4_adapter/reinvent/scoring/scorer.py","baseline source and adapter","9503","f38b0dee783253021592738229bd12c46094c0b5f320076194a0c04b0d7388f9"
"baselines/reinvent4_adapter/reinvent/scoring/transforms/__init__.py","baseline source and adapter","233","5a632dda8f92de3b83038b289f3e0bb1c51a36bcde328f781e8033302a696ef1"
"baselines/reinvent4_adapter/reinvent/scoring/transforms/double_sigmoid.py","baseline source and adapter","915","5d1b3f803514fee5878dfe38ef27901983d77ef98de383f857a0632a7ae1fac1"
"baselines/reinvent4_adapter/reinvent/scoring/transforms/exponential_decay.py","baseline source and adapter","822","f5d191e4896cc82482b780e5b44e2f94362b37716c9bd014f7f0ede95ce37065"
"baselines/reinvent4_adapter/reinvent/scoring/transforms/sigmoid_functions.py","baseline source and adapter","1713","a8a2f2bfd6f8f92653b6cb2ed480baf37b667a51c3b217e3dc7fecd0a899b670"
"baselines/reinvent4_adapter/reinvent/scoring/transforms/sigmoids.py","baseline source and adapter","1630","10b77be7db4d100489e9b1e73c502c56a54d8c6874f582f9c761edd0ee3a6620"
"baselines/reinvent4_adapter/reinvent/scoring/transforms/steps.py","baseline source and adapter","1268","a06a7bd4cceb649b906ad021279eff61f06a35b5df8c1f1b253450d0679e5204"
"baselines/reinvent4_adapter/reinvent/scoring/transforms/transform.py","baseline source and adapter","876","a6c82b7d9c279de51e8547c44429cd65187b3288e4671f787f0c7b9b83a543c8"
"baselines/reinvent4_adapter/reinvent/scoring/transforms/value_mapping.py","baseline source and adapter","1367","17134eac2c7b13700d0ea3401fbfd56a72084718251f82c50cf338a893933a6a"
"baselines/reinvent4_adapter/reinvent/scoring/utils.py","baseline source and adapter","567","0160ed828934701d13e13038ad1cd8a3910c890da6aae8bc9fcdd29a7880694b"
"baselines/reinvent4_adapter/reinvent/scoring/validation.py","baseline source and adapter","442","80ca816a051fff845e383606b9e83959245e954e7a747bf54c923301cde6d6d8"
"baselines/reinvent4_adapter/reinvent/utils/__init__.py","baseline source and adapter","147","79b63efe54bff6116d7f15075b4444441d941454f4f0b08f10cb91a1576d0400"
"baselines/reinvent4_adapter/reinvent/utils/cli.py","baseline source and adapter","3232","500e92efad6bb8037e90b3c814a8f3727df8bf5f82b571b955e26b9509affa4e"
"baselines/reinvent4_adapter/reinvent/utils/config_parse.py","baseline source and adapter","8029","38887c880cc93285b1d8e2cbd5d1a064ca92d9529c4d261ae7a0fe7b01459b85"
"baselines/reinvent4_adapter/reinvent/utils/helpers.py","baseline source and adapter","2187","260d56c4cbf5360e80f3f9e533899c8c55586cc5f9d4fb1abda9c6da602bf2fe"
"baselines/reinvent4_adapter/reinvent/utils/hw_report.py","baseline source and adapter","3848","2a64d0fa3f54d31f309c9d8d90af7141f5fa07fe868bf462865fe953e0b2e43f"
"baselines/reinvent4_adapter/reinvent/utils/logmon.py","baseline source and adapter","7233","238fd7c6fdd6ae6c86ddcb97113330ab4467ca93f7fad514a982c819f89747cd"
"baselines/reinvent4_adapter/reinvent/utils/prior_registry.py","baseline source and adapter","906","2b4bab5b03429b53c6eb83014ed1787230e698c24679897d9e932889d001fd0c"
"baselines/reinvent4_adapter/reinvent/validation.py","baseline source and adapter","861","068e030a5f3e5c76a53343ca209a4aedc2f4953239563aef55e6d1c2b42e17c9"
"baselines/reinvent4_adapter/reinvent/version.py","baseline source and adapter","483","4bb9f483099bc8976f97643422362041c9f900eacff706ce56916f68724b20b7"
"baselines/reinvent4_adapter/support/add_meta_data.py","baseline source and adapter","3076","0dea661ffd50c508abadc76328f17d341b804ab1c13873c14072c86eaefbffe2"
"baselines/reinvent4_adapter/support/CAZP/cazp_scoring.toml","baseline source and adapter","319","139c4ee559a381340e18feb07262a7bdf967c2a6627e4c399239b5592f7f4a42"
"baselines/reinvent4_adapter/support/CAZP/config.yml","baseline source and adapter","700","2dc20e1984cc0bc85a927cfe8b287924dba9fe7b59a07576a8fe1b1206d6d69f"
"baselines/reinvent4_adapter/support/CAZP/profile.json","baseline source and adapter","2523","870005198ecbb1c63ff1b3dbaa8b737db0f22709e5eec9e545a47e01f0a98a5e"
"baselines/reinvent4_adapter/support/CAZP/README.md","baseline source and adapter","888","ad720dfa95254e30afd3e917669e8e15ab1621cd54065805f535e3753bf5db9d"
"baselines/reinvent4_adapter/support/CAZP/run_cazp_local.sh","baseline source and adapter","420","2f7e225b891218f8b685098f604bf6d1faaa18d77b8ffcf5be2bd140523fd48d"
"baselines/reinvent4_adapter/support/CAZP/run_cazp_multi-node.sh","baseline source and adapter","1085","974ce4c80c21a42e372789ceb345f5da26cdb8c89e1dc0c41766071db799c258"
"baselines/reinvent4_adapter/support/compute_database_precedence.py","baseline source and adapter","4116","3f49e03dbded7797434af8fe6d34bc81f36a53b567911902719e8183e9c4126e"
"baselines/reinvent4_adapter/support/convert_r3_model.py","baseline source and adapter","4719","78937e850e6a0c264968e3a21755c266f7e4b9956231aaf4f4a9677b8b5fce77"
"baselines/reinvent4_adapter/support/mk_links.sh","baseline source and adapter","247","408d8656f34d555ae39926b266c35f9a4c86332012f25942d3d7f10604fafc88"
"baselines/reinvent4_adapter/support/rm_links.sh","baseline source and adapter","209","e675e6732b073196793f405aedc85306c7b1a1eb3b3637763570398d979da931"
"baselines/reinvent4_adapter/support/run-chemprop.py","baseline source and adapter","2689","eca3baa81eded3e982b80828950237befb1b0b1c0700183119e9a1039088aa40"
"baselines/reinvent4_adapter/support/run-qsartuna.py","baseline source and adapter","1374","476b0b7157237446effb272222c44f71a449672a7347a7c0544ab70bf64f6742"
"baselines/reinvent4_adapter/support/run-rascore.py","baseline source and adapter","1870","14669466c6a5b2322ac2bd4fbfd034f29fab9ac9821fbca5770aa20aa04a79ee"
"baselines/reinvent4_adapter/tests/__init__.py","baseline source and adapter","0","e3b0c44298fc1c149afbf4c8996fb92427ae41e4649b934ca495991b7852b855"
"baselines/reinvent4_adapter/tests/chemistry/__init__.py","baseline source and adapter","0","e3b0c44298fc1c149afbf4c8996fb92427ae41e4649b934ca495991b7852b855"
"baselines/reinvent4_adapter/tests/chemistry/amino_acids/__init__.py","baseline source and adapter","0","e3b0c44298fc1c149afbf4c8996fb92427ae41e4649b934ca495991b7852b855"
"baselines/reinvent4_adapter/tests/chemistry/amino_acids/test_amino_acids.py","baseline source and adapter","3285","dd6d6bce8f3970c58e9f275bff03772b21ac0c8a8fadce8d8ded11b96932e760"
"baselines/reinvent4_adapter/tests/chemistry/fixtures/__init__.py","baseline source and adapter","447","7979a9d581ea83a8bc12cea86c1d54df4360ae66bcf1fabb42f11ebeddca5cec"
"baselines/reinvent4_adapter/tests/chemistry/fixtures/example.config.json","baseline source and adapter","286","8dbb6bf264b675a182ecbc0a1a0d0e92e5ed407e45528535466227bd9cc13941"
"baselines/reinvent4_adapter/tests/chemistry/fixtures/paths.py","baseline source and adapter","666","fd4537659dbf606ef7cc0e560d7a648768fdaabee3c6dcac80366d8eb0bb1b18"
"baselines/reinvent4_adapter/tests/chemistry/fixtures/test_data.py","baseline source and adapter","5125","813c0fc9f6fe4903fa0d5b3ee8a94df3816bea0bd50371f2ba8ea6105e3dd5eb"
"baselines/reinvent4_adapter/tests/chemistry/fixtures/utils.py","baseline source and adapter","239","c2720bf3fce1e1df5fbfb172994e0e78e696e1d1ca31835bc8667fe95c728837"
"baselines/reinvent4_adapter/tests/chemistry/library_design/__init__.py","baseline source and adapter","0","e3b0c44298fc1c149afbf4c8996fb92427ae41e4649b934ca495991b7852b855"
"baselines/reinvent4_adapter/tests/chemistry/library_design/fixtures.py","baseline source and adapter","6202","8a2cdcd0117cbbe915f8f7b3f250aaef7ddb1a24cfe776e9b285ce93d77aa982"
"baselines/reinvent4_adapter/tests/chemistry/library_design/reaction_definitions/__init__.py","baseline source and adapter","0","e3b0c44298fc1c149afbf4c8996fb92427ae41e4649b934ca495991b7852b855"
"baselines/reinvent4_adapter/tests/chemistry/library_design/reaction_definitions/test_standard_definitions.py","baseline source and adapter","1472","8a756d093a9fc6d0c9d1e94797b8f05ad7d8ab1cf793182802f7a0b756f22285"
"baselines/reinvent4_adapter/tests/chemistry/library_design/reaction_filters/__init__.py","baseline source and adapter","0","e3b0c44298fc1c149afbf4c8996fb92427ae41e4649b934ca495991b7852b855"
"baselines/reinvent4_adapter/tests/chemistry/library_design/reaction_filters/base_reaction_filter.py","baseline source and adapter","468","0639c091097817e7b08dbb8a52d466a97394bf5c1b7c55a7239aac70ca33262e"
"baselines/reinvent4_adapter/tests/chemistry/library_design/reaction_filters/fixtures.py","baseline source and adapter","614","95f3d1205ac51ac10886f7a6c584a87e4490c465872341ace41ad896a27705ce"
"baselines/reinvent4_adapter/tests/chemistry/library_design/reaction_filters/test_defined_selective_filter_single_reaction.py","baseline source and adapter","2110","866b7e14696f151eea1cbd65195d2e92d4fe2d7f16af6b8a9b6628cc90b2660e"
"baselines/reinvent4_adapter/tests/chemistry/library_design/reaction_filters/test_defined_selective_filter.py","baseline source and adapter","3718","b806fdd243b533a069f04bce90b439d5518c8df61c4c5fe900b2ba6f747dd412"
"baselines/reinvent4_adapter/tests/chemistry/library_design/reaction_filters/test_non_selective_filter_no_reaction.py","baseline source and adapter","1544","0508d2159ca29f52a87cd429c2622aeb7fc80758f7866b9fccd2fc90756a6e8f"
"baselines/reinvent4_adapter/tests/chemistry/library_design/reaction_filters/test_non_selective_reaction_filter.py","baseline source and adapter","1593","ca597dabe3ab36942d6a7d3c95260462ccacca4219922b0f38d3e42c1d9d7204"
"baselines/reinvent4_adapter/tests/chemistry/library_design/reaction_filters/test_selective_reaction_filter_single_reaction.py","baseline source and adapter","1600","f100b3cb40341f3a7ff6d08e5f823fecc5f7b961c9afceaf560f56ba02e60ee0"
"baselines/reinvent4_adapter/tests/chemistry/library_design/reaction_filters/test_selective_reaction_filter.py","baseline source and adapter","1659","2ea1b37fa62bae64d07c9dcb54d332150664d27891874ceb4692d48403c11eb5"
"baselines/reinvent4_adapter/tests/chemistry/library_design/test_attachment_points.py","baseline source and adapter","2513","4b430af2235d17bbed9a18d307de37db4b3f67de7e3adb03ad75b4dac9114bcc"
"baselines/reinvent4_adapter/tests/chemistry/library_design/test_bond_maker.py","baseline source and adapter","1952","aee01b7b4802e96abc9913f87e1c895dbe87fd012359c0780b8a50bf6cc9867e"
"baselines/reinvent4_adapter/tests/chemistry/library_design/test_fragment_filter.py","baseline source and adapter","1379","0b592fc013b51c46b31052f957e7d014b290d1b5972fcbbecfc6400374b141ab"
"baselines/reinvent4_adapter/tests/chemistry/library_design/test_fragment_reactions.py","baseline source and adapter","2634","4a150b23be5a3db28cdb9efc10945867b6af0cb1c5cfae14206969f782f82f78"
"baselines/reinvent4_adapter/tests/chemistry/standardization/__init__.py","baseline source and adapter","0","e3b0c44298fc1c149afbf4c8996fb92427ae41e4649b934ca495991b7852b855"
"baselines/reinvent4_adapter/tests/chemistry/standardization/base_rdkit_standardizer.py","baseline source and adapter","902","d5cf0723b48ad0f8ee37cd7ed7b3400e5813ddb57d1fbd8c6ed97b1369ff5ee1"
"baselines/reinvent4_adapter/tests/chemistry/standardization/test_rdkit_standardizer_default_long_aliphatic_on.py","baseline source and adapter","656","8be6b637eadcf39f5184077614f7899717f3e393804aa2c056701b6231e2b66e"
"baselines/reinvent4_adapter/tests/chemistry/standardization/test_rdkit_standardizer_no_config.py","baseline source and adapter","517","90df7218b54f9bb52661354be25fc1682339d2c5f68b54c0849ec23e3f44571e"
"baselines/reinvent4_adapter/tests/chemistry/standardization/test_rdkit_standardizer_vocabulary_filter.py","baseline source and adapter","949","1d91892cbaa6c472d6eb50aa392487dd9e2e8e96319446faf8d3e36b84ea9f31"
"baselines/reinvent4_adapter/tests/chemistry/standardization/test_rdkit_standardizer.py","baseline source and adapter","818","921bd2121ba7e66255ddac24eeaecc199fc2c2142bc15c72869325191087fa07"
"baselines/reinvent4_adapter/tests/chemistry/test_conversions_extended.py","baseline source and adapter","2297","a03c2009ce1988afb60fbce1e04c5744eb3952d6ed1f50d84bba9d1784572a77"
"baselines/reinvent4_adapter/tests/chemistry/test_general_chemistry.py","baseline source and adapter","2814","e86592853768c4d30226623a072fbf42fe7ce67f2a8d9d1e3da3c62206b030a5"
"baselines/reinvent4_adapter/tests/chemistry/test_similarity.py","baseline source and adapter","593","caaabe637284a889d66b04a35800760cf735c2f63ab4f806185fdd0bcf0f575b"
"baselines/reinvent4_adapter/tests/conftest.py","baseline source and adapter","3427","842d593bf961436554e3a693e3d8e01ced548c76de44d53e44ff8d04a113ab0a"
"baselines/reinvent4_adapter/tests/datapipeline/test_deduplicate.py","baseline source and adapter","1393","2ebba676bf79d3210ba11f44ef0a4de0c7e5585961d3aca34856d57ea8e7622b"
"baselines/reinvent4_adapter/tests/datapipeline/test_percent.py","baseline source and adapter","1271","2e63631ae53c677ce1aea6a7e8128e833bf45d3c95e80f94688f337b7f7962c9"
"baselines/reinvent4_adapter/tests/datapipeline/test_regex_branches.py","baseline source and adapter","2598","0f8bef7dc48199489e8238773931aa91d501e665256779502178ece487bc0784"
"baselines/reinvent4_adapter/tests/datapipeline/test_regex.py","baseline source and adapter","8569","2f08d6f1bfc31873a5842f826ca2771c46db592edb25e139445003d6b94c6cbb"
"baselines/reinvent4_adapter/tests/datapipeline/test_unwanted_tokens.py","baseline source and adapter","2081","54470dc3b8e691ef9009d9a1cf1361632d67748892ff95c4a9bdb084095623f1"
"baselines/reinvent4_adapter/tests/example_config.json","baseline source and adapter","1155","4ae4bc53a441321fc44a791d9557f323f3719777511461ee30edd8abb90ed2d3"
"baselines/reinvent4_adapter/tests/models/__init__.py","baseline source and adapter","0","e3b0c44298fc1c149afbf4c8996fb92427ae41e4649b934ca495991b7852b855"
"baselines/reinvent4_adapter/tests/models/integration_tests/__init__.py","baseline source and adapter","0","e3b0c44298fc1c149afbf4c8996fb92427ae41e4649b934ca495991b7852b855"
"baselines/reinvent4_adapter/tests/models/integration_tests/libinvent/__init__.py","baseline source and adapter","0","e3b0c44298fc1c149afbf4c8996fb92427ae41e4649b934ca495991b7852b855"
"baselines/reinvent4_adapter/tests/models/integration_tests/libinvent/RNN/__init__.py","baseline source and adapter","0","e3b0c44298fc1c149afbf4c8996fb92427ae41e4649b934ca495991b7852b855"
"baselines/reinvent4_adapter/tests/models/integration_tests/libinvent/RNN/model_tests/__init__.py","baseline source and adapter","0","e3b0c44298fc1c149afbf4c8996fb92427ae41e4649b934ca495991b7852b855"
"baselines/reinvent4_adapter/tests/models/integration_tests/libinvent/RNN/model_tests/decorator_model_test.py","baseline source and adapter","2492","d129152977c9bfae0dc12627209681707e9a7b67764607b965dd3e93e036fc56"
"baselines/reinvent4_adapter/tests/models/integration_tests/libinvent/RNN/model_tests/test_likelihood.py","baseline source and adapter","1157","13af21bbf80ec590131970bee34614cd95f7a3eccede9ebeee0cd72e2fe0c8bb"
"baselines/reinvent4_adapter/tests/models/integration_tests/libinvent/RNN/vocabulary_tests/__init__.py","baseline source and adapter","1","01ba4719c80b6fe911b091a7c05124b64eeece964e09c058ef8f9805daca546b"
"baselines/reinvent4_adapter/tests/models/integration_tests/libinvent/RNN/vocabulary_tests/test_tokenization_with_model.py","baseline source and adapter","927","86f9d16f5f2bc4fd926800b2023fe307ba445f79c521cb364e6fc11f1a637abb"
"baselines/reinvent4_adapter/tests/models/integration_tests/libinvent/transformer/__init__.py","baseline source and adapter","0","e3b0c44298fc1c149afbf4c8996fb92427ae41e4649b934ca495991b7852b855"
"baselines/reinvent4_adapter/tests/models/integration_tests/libinvent/transformer/test_libinvent_model.py","baseline source and adapter","3202","3f9ddf31b0e6c75e2c6e71f055e8f978b18fa70da60bff191a77c9e720842b9f"
"baselines/reinvent4_adapter/tests/models/integration_tests/libinvent/transformer/test_likelihood.py","baseline source and adapter","1641","dd6c43b8e2d3b05290431abe4474d62eafa187b21c900091b223c86b51621395"
"baselines/reinvent4_adapter/tests/models/integration_tests/linkinvent/__init__.py","baseline source and adapter","68","b02315e4dbe09b3467276a0ed1fe7048a27520abd8ae3b27ee1bf6c1507e2985"
"baselines/reinvent4_adapter/tests/models/integration_tests/linkinvent/model_tests/__init__.py","baseline source and adapter","0","e3b0c44298fc1c149afbf4c8996fb92427ae41e4649b934ca495991b7852b855"
"baselines/reinvent4_adapter/tests/models/integration_tests/linkinvent/model_tests/test_likelihood.py","baseline source and adapter","1168","d58e7f32b8fecbad202ce1f36361d574610fe58f1e0b6dce03565e38e57e0c6d"
"baselines/reinvent4_adapter/tests/models/integration_tests/linkinvent/model_tests/test_link_invent_model.py","baseline source and adapter","2080","b9918849f59ce83abc6d565ffffc8041ca864285a765cf54f177b9df97de1695"
"baselines/reinvent4_adapter/tests/models/integration_tests/linkinvent/transformer/__init__.py","baseline source and adapter","0","e3b0c44298fc1c149afbf4c8996fb92427ae41e4649b934ca495991b7852b855"
"baselines/reinvent4_adapter/tests/models/integration_tests/linkinvent/transformer/test_likelihood.py","baseline source and adapter","1162","e3ae7f56946f9158afa4595393b547b8996db5b4ce6485b25ca8aed2dd5a6bbc"
"baselines/reinvent4_adapter/tests/models/integration_tests/linkinvent/transformer/test_linkinvent_model.py","baseline source and adapter","2576","e3ad567fe99bb8792996945cf5f779a04ac977f62c50408a5a1afad1374a1ca8"
"baselines/reinvent4_adapter/tests/models/integration_tests/mol2mol/dataset_tests/__init__.py","baseline source and adapter","111","90b08b26a196c0cb43541025b336a6b850ff16760e3087b1ab93955d26600d30"
"baselines/reinvent4_adapter/tests/models/integration_tests/mol2mol/dataset_tests/test_paireddataset.py","baseline source and adapter","5789","527b2ddd2bb894401a2bd813d9e5d515a89663fb7c31a0cadea004165cd9056b"
"baselines/reinvent4_adapter/tests/models/integration_tests/mol2mol/model_tests/__init__.py","baseline source and adapter","1","01ba4719c80b6fe911b091a7c05124b64eeece964e09c058ef8f9805daca546b"
"baselines/reinvent4_adapter/tests/models/integration_tests/mol2mol/model_tests/test_likelihood_smiles.py","baseline source and adapter","1065","ac502a6dea6596848b16573f04c51c24ba84c70f256c31de13c4a17293c70411"
"baselines/reinvent4_adapter/tests/models/integration_tests/mol2mol/model_tests/test_likelihood.py","baseline source and adapter","1724","27c63e09ac3b9370a23374494bcc23fbab14809d2115ee8282e6f67d4fcdd9e5"
"baselines/reinvent4_adapter/tests/models/integration_tests/mol2mol/model_tests/test_sample_beamsearch_likelihood_smiles.py","baseline source and adapter","2558","edfb3044d5af0a66fb337a276c2679dd0982fd9afe6e2e36808252d72c8e4859"
"baselines/reinvent4_adapter/tests/models/integration_tests/mol2mol/model_tests/test_sample_likelihood_smiles.py","baseline source and adapter","2403","ae93b7c43f64ae5b1066ed4627bd78c1580f60f315fb9dbb8e774836d430b3d7"
"baselines/reinvent4_adapter/tests/models/integration_tests/mol2mol/model_tests/test_sample.py","baseline source and adapter","2364","adb58ef27eb4c906a1d6f1173fdd16c77410a8d079810cae51fe9a0aff2215c7"
"baselines/reinvent4_adapter/tests/models/integration_tests/pepinvent/__init__.py","baseline source and adapter","0","e3b0c44298fc1c149afbf4c8996fb92427ae41e4649b934ca495991b7852b855"
"baselines/reinvent4_adapter/tests/models/integration_tests/pepinvent/test_likelihood.py","baseline source and adapter","1214","d79042551a4731a2b2f000436d3e246baf8b5a7b6a9d612ba10f7a9bceb8ead4"
"baselines/reinvent4_adapter/tests/models/integration_tests/pepinvent/test_pepinvent_model.py","baseline source and adapter","2682","102327f5b08848124ffe0630c1e27df0fdc3130c21fd0b3beedae59f12e160fb"
"baselines/reinvent4_adapter/tests/models/integration_tests/reinvent/__init__.py","baseline source and adapter","0","e3b0c44298fc1c149afbf4c8996fb92427ae41e4649b934ca495991b7852b855"
"baselines/reinvent4_adapter/tests/models/integration_tests/reinvent/model_function_tests/__init__.py","baseline source and adapter","1","01ba4719c80b6fe911b091a7c05124b64eeece964e09c058ef8f9805daca546b"
"baselines/reinvent4_adapter/tests/models/integration_tests/reinvent/model_function_tests/test_model_functions.py","baseline source and adapter","4183","ec7b941308aa8182cd3c2aba8d28000ea15fea482f2809833f15f953ff755bfd"
"baselines/reinvent4_adapter/tests/models/unit_tests/__init__.py","baseline source and adapter","0","e3b0c44298fc1c149afbf4c8996fb92427ae41e4649b934ca495991b7852b855"
"baselines/reinvent4_adapter/tests/models/unit_tests/libinvent/__init__.py","baseline source and adapter","0","e3b0c44298fc1c149afbf4c8996fb92427ae41e4649b934ca495991b7852b855"
"baselines/reinvent4_adapter/tests/models/unit_tests/libinvent/RNN/__init__.py","baseline source and adapter","0","e3b0c44298fc1c149afbf4c8996fb92427ae41e4649b934ca495991b7852b855"
"baselines/reinvent4_adapter/tests/models/unit_tests/libinvent/RNN/fixtures.py","baseline source and adapter","1814","46d41e787ce1be22555ff7e6c6d0618586614d4df0f37f4e0968de903fc6fad0"
"baselines/reinvent4_adapter/tests/models/unit_tests/libinvent/RNN/model_tests/__init__.py","baseline source and adapter","0","e3b0c44298fc1c149afbf4c8996fb92427ae41e4649b934ca495991b7852b855"
"baselines/reinvent4_adapter/tests/models/unit_tests/libinvent/RNN/model_tests/decorator_model_test.py","baseline source and adapter","2263","5de9de87ea60374cdac3458add08cb6271d8a04f8795dc831bd26affdf13baa3"
"baselines/reinvent4_adapter/tests/models/unit_tests/libinvent/RNN/model_tests/test_likelihood.py","baseline source and adapter","1056","c2d79ec72de0be9b168b5bf349ecdc9600ddf071febc7b561785763aefa753e2"
"baselines/reinvent4_adapter/tests/models/unit_tests/libinvent/RNN/vocabulary_tests/__init__.py","baseline source and adapter","1","01ba4719c80b6fe911b091a7c05124b64eeece964e09c058ef8f9805daca546b"
"baselines/reinvent4_adapter/tests/models/unit_tests/libinvent/RNN/vocabulary_tests/test_tokenization_with_model.py","baseline source and adapter","419","756ec572d7b3faa31a51c7c35e90ab80b1f9d2dd9a27e1e1d4928cbf9d58db9d"
"baselines/reinvent4_adapter/tests/models/unit_tests/libinvent/RNN/vocabulary_tests/test_tokenizer.py","baseline source and adapter","2544","8d159de862c9835863311a65786ca84ad6768417d8b04111cc515d8986d1a2c1"
"baselines/reinvent4_adapter/tests/models/unit_tests/libinvent/RNN/vocabulary_tests/test_vocabulary.py","baseline source and adapter","3616","bf4165e4dc6c74f67d451c1dd751e54a5f0c860a64a0700cfdae3a4593d0d5d0"
"baselines/reinvent4_adapter/tests/models/unit_tests/libinvent/transformer/__init__.py","baseline source and adapter","0","e3b0c44298fc1c149afbf4c8996fb92427ae41e4649b934ca495991b7852b855"
"baselines/reinvent4_adapter/tests/models/unit_tests/libinvent/transformer/dataset_tests/__init__.py","baseline source and adapter","1","01ba4719c80b6fe911b091a7c05124b64eeece964e09c058ef8f9805daca546b"
"baselines/reinvent4_adapter/tests/models/unit_tests/libinvent/transformer/dataset_tests/test_paired_dataset.py","baseline source and adapter","22124","7f44b7c265b341ae803ae18c36f22988d911d2cc571604a46e7188a2448d7ddf"
"baselines/reinvent4_adapter/tests/models/unit_tests/libinvent/transformer/fixtures.py","baseline source and adapter","1538","4d524fd6e3363d1cf8036277c7d2851bd66b29d216a59687c4ed5cf6b88805d1"
"baselines/reinvent4_adapter/tests/models/unit_tests/libinvent/transformer/model_tests/__init__.py","baseline source and adapter","0","e3b0c44298fc1c149afbf4c8996fb92427ae41e4649b934ca495991b7852b855"
"baselines/reinvent4_adapter/tests/models/unit_tests/libinvent/transformer/model_tests/test_libinvent_model.py","baseline source and adapter","3084","2fcffb091b58fe89b0f21830d95cb17e2bd51f58f904acbeb69796274c7fa799"
"baselines/reinvent4_adapter/tests/models/unit_tests/libinvent/transformer/model_tests/test_likelihood.py","baseline source and adapter","1262","a7f12acad0d4d5f21bcb119f3922f28d637d91120ab933ca495318d606277935"
"baselines/reinvent4_adapter/tests/models/unit_tests/linkinvent/__init__.py","baseline source and adapter","0","e3b0c44298fc1c149afbf4c8996fb92427ae41e4649b934ca495991b7852b855"
"baselines/reinvent4_adapter/tests/models/unit_tests/linkinvent/RNN/__init__.py","baseline source and adapter","0","e3b0c44298fc1c149afbf4c8996fb92427ae41e4649b934ca495991b7852b855"
"baselines/reinvent4_adapter/tests/models/unit_tests/linkinvent/RNN/dataset_tests/__init__.py","baseline source and adapter","1","01ba4719c80b6fe911b091a7c05124b64eeece964e09c058ef8f9805daca546b"
"baselines/reinvent4_adapter/tests/models/unit_tests/linkinvent/RNN/dataset_tests/test_dataset.py","baseline source and adapter","798","be34f2805d198b148c91fb4432844da99768bb16fede361330494b4aea09485b"
"baselines/reinvent4_adapter/tests/models/unit_tests/linkinvent/RNN/dataset_tests/test_paired_dataset.py","baseline source and adapter","1143","dc3fe17acaa9cb9efa85cf88b4fe57205a4f11f6326fa55ab62f6119c84aeed7"
"baselines/reinvent4_adapter/tests/models/unit_tests/linkinvent/RNN/fixtures.py","baseline source and adapter","1586","2bc052c72c575a590094371a7aea73a641025782f12359657a685fb574d02023"
"baselines/reinvent4_adapter/tests/models/unit_tests/linkinvent/RNN/model_tests/__init__.py","baseline source and adapter","1","01ba4719c80b6fe911b091a7c05124b64eeece964e09c058ef8f9805daca546b"
"baselines/reinvent4_adapter/tests/models/unit_tests/linkinvent/RNN/model_tests/test_likelihood.py","baseline source and adapter","1073","9822142ac0b2fa2da054252ee4718d771a882b3ea26919bb4e6248f345bf5c8d"
"baselines/reinvent4_adapter/tests/models/unit_tests/linkinvent/RNN/model_tests/test_link_invent_model.py","baseline source and adapter","2133","d272794be5a10a117d663c9cd925fed323104b01187b4310f4fd1cf11196ba3a"
"baselines/reinvent4_adapter/tests/models/unit_tests/linkinvent/RNN/model_vocabulary_tests/__init__.py","baseline source and adapter","1","01ba4719c80b6fe911b091a7c05124b64eeece964e09c058ef8f9805daca546b"
"baselines/reinvent4_adapter/tests/models/unit_tests/linkinvent/RNN/model_vocabulary_tests/test_model_vocabulary.py","baseline source and adapter","2367","47ace8c21c1f564352702c1f56ddc7cec3ecfc63cbb2684c93d4f3e5d58bdf72"
"baselines/reinvent4_adapter/tests/models/unit_tests/linkinvent/RNN/model_vocabulary_tests/test_paired_model_vocabulary.py","baseline source and adapter","977","388114e3ae9ea784631880a21e041068bbd8aeef3192b7593a1406e7730cdd98"
"baselines/reinvent4_adapter/tests/models/unit_tests/linkinvent/RNN/networks_tests/__init__.py","baseline source and adapter","1","01ba4719c80b6fe911b091a7c05124b64eeece964e09c058ef8f9805daca546b"
"baselines/reinvent4_adapter/tests/models/unit_tests/linkinvent/RNN/networks_tests/test_decoder.py","baseline source and adapter","4274","8fc800dcefa1fa97b480c5eea130e70550f821481b86ac7a72b1885294a6420c"
"baselines/reinvent4_adapter/tests/models/unit_tests/linkinvent/RNN/networks_tests/test_encoder.py","baseline source and adapter","3883","eee1ba4c974aad819f46d86c98024fbddf52670aa4f050b649a7d651a7cd4a16"
"baselines/reinvent4_adapter/tests/models/unit_tests/linkinvent/RNN/vocabulary_tests/__init__.py","baseline source and adapter","1","01ba4719c80b6fe911b091a7c05124b64eeece964e09c058ef8f9805daca546b"
"baselines/reinvent4_adapter/tests/models/unit_tests/linkinvent/RNN/vocabulary_tests/test_create_vocabulary.py","baseline source and adapter","565","30d8e2246fb21bbcb357cebd437cbecdcba043396f4033c5b77b970532e72364"
"baselines/reinvent4_adapter/tests/models/unit_tests/linkinvent/RNN/vocabulary_tests/test_tokenizer.py","baseline source and adapter","1178","55d9029b7c26aeb7dad9c111c267d9a6ca0532493391f12eceef82c094fb7f51"
"baselines/reinvent4_adapter/tests/models/unit_tests/linkinvent/RNN/vocabulary_tests/test_vocabulary.py","baseline source and adapter","3627","c0c759e14c28b422cd7f6f9cb3982ec3022ac899426f64f9bf2c879b78e20758"
"baselines/reinvent4_adapter/tests/models/unit_tests/linkinvent/transformer/__init__.py","baseline source and adapter","0","e3b0c44298fc1c149afbf4c8996fb92427ae41e4649b934ca495991b7852b855"
"baselines/reinvent4_adapter/tests/models/unit_tests/linkinvent/transformer/dataset_tests/__init__.py","baseline source and adapter","1","01ba4719c80b6fe911b091a7c05124b64eeece964e09c058ef8f9805daca546b"
"baselines/reinvent4_adapter/tests/models/unit_tests/linkinvent/transformer/dataset_tests/test_paired_dataset.py","baseline source and adapter","11482","d6ccfa663a4a0eea9b952af268cd302831c408ecda0cc4d484b66f596e3ac0f6"
"baselines/reinvent4_adapter/tests/models/unit_tests/linkinvent/transformer/fixtures.py","baseline source and adapter","1315","8af7f3228a9e755e48074cd862812d5745884226793573653c85d1ff68b887f4"
"baselines/reinvent4_adapter/tests/models/unit_tests/linkinvent/transformer/model_tests/__init__.py","baseline source and adapter","1","01ba4719c80b6fe911b091a7c05124b64eeece964e09c058ef8f9805daca546b"
"baselines/reinvent4_adapter/tests/models/unit_tests/linkinvent/transformer/model_tests/test_likelihood.py","baseline source and adapter","843","d86d90d3586dc88271f45bf0d7d5ba5485796ff0b0c41dc18db11b5ffc6c0b14"
"baselines/reinvent4_adapter/tests/models/unit_tests/linkinvent/transformer/model_tests/test_linkinvent_model.py","baseline source and adapter","2456","1c3129310418989a43adf549ef976a97e7320fd09c68d35697074461e343b40c"
"baselines/reinvent4_adapter/tests/models/unit_tests/mol2mol/__init__.py","baseline source and adapter","1","01ba4719c80b6fe911b091a7c05124b64eeece964e09c058ef8f9805daca546b"
"baselines/reinvent4_adapter/tests/models/unit_tests/mol2mol/dataset_tests/__init__.py","baseline source and adapter","1","01ba4719c80b6fe911b091a7c05124b64eeece964e09c058ef8f9805daca546b"
"baselines/reinvent4_adapter/tests/models/unit_tests/mol2mol/dataset_tests/test_paireddataset.py","baseline source and adapter","4729","bf14626576acc773aa32cfda0bc493bf2492cfce37eb8b62399cd425e21581fa"
"baselines/reinvent4_adapter/tests/models/unit_tests/mol2mol/fixtures.py","baseline source and adapter","1003","87702fabb9bfed7c50b44ba3ca3a56a1aa95ad92a4d5a295d3c9ea59bb0b9fb1"
"baselines/reinvent4_adapter/tests/models/unit_tests/mol2mol/model_tests/__init__.py","baseline source and adapter","1","01ba4719c80b6fe911b091a7c05124b64eeece964e09c058ef8f9805daca546b"
"baselines/reinvent4_adapter/tests/models/unit_tests/mol2mol/model_tests/test_likelihood_smiles.py","baseline source and adapter","733","17050d0163c5d690717fef5e1cec9a88ff1e27813b398092380fc45379aab0f7"
"baselines/reinvent4_adapter/tests/models/unit_tests/mol2mol/model_tests/test_likelihood.py","baseline source and adapter","1291","3c09f8d0947e6ced356c8423586ef447de2e7a063573ebd97cc72ce8f7b1e82d"
"baselines/reinvent4_adapter/tests/models/unit_tests/mol2mol/model_tests/test_sample_beamsearch_likelihood_smiles.py","baseline source and adapter","2558","e5c9b2d0f2eab552aa87a9cb1d8ad1303c52da3592e312eb13ef1ac5966946ee"
"baselines/reinvent4_adapter/tests/models/unit_tests/mol2mol/model_tests/test_sample_beamsearch.py","baseline source and adapter","2441","cc1adcdfcb2fda4512c578e2779cb0810c259026953a73e0edbe850289694dcc"
"baselines/reinvent4_adapter/tests/models/unit_tests/mol2mol/model_tests/test_sample_likelihood_smiles.py","baseline source and adapter","2915","0c63ff799baedba77f3c07e394dd6b06e31226aa89281c19c2438e9f27db1945"
"baselines/reinvent4_adapter/tests/models/unit_tests/mol2mol/model_tests/test_sample.py","baseline source and adapter","2364","b749ca8db4973067c3ce00c3dbf58c59236486b8f0a6fefd82eb717a56e4bfef"
"baselines/reinvent4_adapter/tests/models/unit_tests/pepinvent/__init__.py","baseline source and adapter","0","e3b0c44298fc1c149afbf4c8996fb92427ae41e4649b934ca495991b7852b855"
"baselines/reinvent4_adapter/tests/models/unit_tests/pepinvent/fixtures.py","baseline source and adapter","1140","1e41024e67427723c9eddf32899aeaac9f70f57eaad5ca64741f261b16539ba4"
"baselines/reinvent4_adapter/tests/models/unit_tests/pepinvent/test_likelihood.py","baseline source and adapter","906","83fc0d7d09d6d07c59608b399fc2061848d5fe54caa7a37d732c67215265254c"
"baselines/reinvent4_adapter/tests/models/unit_tests/pepinvent/test_pepinvent_model.py","baseline source and adapter","2405","f14988c223a94d7e01625a2943de6cda47ffe30681973eef6d44fa45b7d3bb13"
"baselines/reinvent4_adapter/tests/models/unit_tests/reinvent/__init__.py","baseline source and adapter","0","e3b0c44298fc1c149afbf4c8996fb92427ae41e4649b934ca495991b7852b855"
"baselines/reinvent4_adapter/tests/models/unit_tests/reinvent/test_create_vocabulary.py","baseline source and adapter","649","af15df7b3dc239026a4147c59a774bd30af8f21fad5c27bcb3c1a39f2e145f2d"
"baselines/reinvent4_adapter/tests/models/unit_tests/reinvent/test_dataset.py","baseline source and adapter","677","c63135b8806cb0ef09b6eb3fb3e9c8cf035d41a4d677227466e1cd2c4bfe486f"
"baselines/reinvent4_adapter/tests/models/unit_tests/reinvent/test_meta_data.py","baseline source and adapter","2633","9fd98be7055c089af0ea6a685f2b7b10a0f8630e133f71cc47051e3f60b5adbe"
"baselines/reinvent4_adapter/tests/models/unit_tests/reinvent/test_model_functions.py","baseline source and adapter","1691","5c110cd09642866d5bab525dcbdc8c69b2b69d5eed0db71b8960645cf4ece27f"
"baselines/reinvent4_adapter/tests/models/unit_tests/reinvent/test_tokenizer.py","baseline source and adapter","2532","82cef8bd973981e874228ac40f1350b44adf5daefdf4ef8545610649cf861363"
"baselines/reinvent4_adapter/tests/models/unit_tests/reinvent/test_vocabulary.py","baseline source and adapter","3751","cc25d5ea8e520e90afbb04c27d01a4e6bdf580391d5843e17c26848083402583"
"baselines/reinvent4_adapter/tests/models/unit_tests/transformer_model/__init__.py","baseline source and adapter","0","e3b0c44298fc1c149afbf4c8996fb92427ae41e4649b934ca495991b7852b855"
"baselines/reinvent4_adapter/tests/models/unit_tests/transformer_model/vocabulary_tests/__init__.py","baseline source and adapter","0","e3b0c44298fc1c149afbf4c8996fb92427ae41e4649b934ca495991b7852b855"
"baselines/reinvent4_adapter/tests/models/unit_tests/transformer_model/vocabulary_tests/test_tokenizer.py","baseline source and adapter","5689","c6c1682f5a13ec1c8797e7c7ebc276df137ae8443368a9185ebc74e57c2ca8f1"
"baselines/reinvent4_adapter/tests/models/unit_tests/transformer_model/vocabulary_tests/test_vocabulary.py","baseline source and adapter","3616","d24b3c989f1abb4aa7b6f6a0a6bbe9cb90e6b6cf133012e54bc10ae50dad2e8d"
"baselines/reinvent4_adapter/tests/models/unit_tests/utils/__init__.py","baseline source and adapter","0","e3b0c44298fc1c149afbf4c8996fb92427ae41e4649b934ca495991b7852b855"
"baselines/reinvent4_adapter/tests/models/unit_tests/utils/test_parallelize.py","baseline source and adapter","544","459cc61f660166da2e74aab97baa15e3f8c228e016bc02acb40ac43808e6221b"
"baselines/reinvent4_adapter/tests/reinvent_plugins/__init__.py","baseline source and adapter","0","e3b0c44298fc1c149afbf4c8996fb92427ae41e4649b934ca495991b7852b855"
"baselines/reinvent4_adapter/tests/reinvent_plugins/integration_tests/__init__.py","baseline source and adapter","0","e3b0c44298fc1c149afbf4c8996fb92427ae41e4649b934ca495991b7852b855"
"baselines/reinvent4_adapter/tests/reinvent_plugins/integration_tests/components/__init__.py","baseline source and adapter","0","e3b0c44298fc1c149afbf4c8996fb92427ae41e4649b934ca495991b7852b855"
"baselines/reinvent4_adapter/tests/reinvent_plugins/integration_tests/components/test_comp_mmp.py","baseline source and adapter","1036","65e33d6c4ad45781ebfa50e85a54d65b1a9c311b35140dba52306b3de6716844"
"baselines/reinvent4_adapter/tests/reinvent_plugins/unit_tests/__init__.py","baseline source and adapter","0","e3b0c44298fc1c149afbf4c8996fb92427ae41e4649b934ca495991b7852b855"
"baselines/reinvent4_adapter/tests/reinvent_plugins/unit_tests/components/RDKit/test_comp_group_count.py","baseline source and adapter","305","0fa85b008cac7dfb29588a1cd32bfc91bc97369781d9ada59ee6b834a94f0400"
"baselines/reinvent4_adapter/tests/reinvent_plugins/unit_tests/components/RDKit/test_comp_linkinvent.py","baseline source and adapter","4572","d1de35c1133f19e2a00ed67372eb0134f4e788ff565700bde351f40c23ea9b72"
"baselines/reinvent4_adapter/tests/reinvent_plugins/unit_tests/components/RDKit/test_comp_matching_substructure.py","baseline source and adapter","1239","49590db948ffe54be2d89f5f1ac6fe4c74c96f0576377cc4995d04eedbe6ecc5"
"baselines/reinvent4_adapter/tests/reinvent_plugins/unit_tests/components/RDKit/test_comp_mol_volume.py","baseline source and adapter","529","af2596e4dbda54fc083a7b8f65feb2c8287af466cf20681a51c2f98d89feff2d"
"baselines/reinvent4_adapter/tests/reinvent_plugins/unit_tests/components/RDKit/test_comp_physchem.py","baseline source and adapter","2249","51e7150c5097b020d57c90b0dc7c35741b823d2ddf6528ec4d19aa5f32534451"
"baselines/reinvent4_adapter/tests/reinvent_plugins/unit_tests/components/RDKit/test_comp_pmi.py","baseline source and adapter","1633","c3aa50c3937c6247772889be534a32eea0d583e4877e4807d09c32023a73e9f3"
"baselines/reinvent4_adapter/tests/reinvent_plugins/unit_tests/components/RDKit/test_comp_rdkit_descriptors.py","baseline source and adapter","1346","735a624d4995736fbd8b718252d601f876575a2f80430884547e85d460511860"
"baselines/reinvent4_adapter/tests/reinvent_plugins/unit_tests/components/RDKit/test_comp_similarity_extended.py","baseline source and adapter","3023","24a042608b9f0949dc1489f959f87c0098b6c9e2370ab156f6269664cf97a532"
"baselines/reinvent4_adapter/tests/reinvent_plugins/unit_tests/components/RDKit/test_comp_similarity.py","baseline source and adapter","1213","696952b55769096416c3cc1c872a7cd70999c18a9940d28ec8d709bfeb61e4f9"
"baselines/reinvent4_adapter/tests/reinvent_plugins/unit_tests/components/RDKit/test_comp_tpsa.py","baseline source and adapter","796","4a7ff1a3d5183b0afa8703166e71dd899eba3bc3a0fa79c20f59450f60e7183a"
"baselines/reinvent4_adapter/tests/reinvent_plugins/unit_tests/components/test_comp_custom_alerts.py","baseline source and adapter","1130","ac04e09a6cc8c5ebb7b8742e4586128c095cbfae25381c71ff60f3c52a3a7a16"
"baselines/reinvent4_adapter/tests/reinvent_plugins/unit_tests/components/test_comp_mmp.py","baseline source and adapter","175","dfd7d57d601bcff71fdc15c07eb04c3bf129ca0751226591175682b86284d98d"
"baselines/reinvent4_adapter/tests/reinvent_plugins/unit_tests/components/test_comp_reaction_filter.py","baseline source and adapter","1452","8f6659673099c4ff5591e4ff57b12bcee28eb1a38e4703f9740be21a12ebf71f"
"baselines/reinvent4_adapter/tests/reinvent_plugins/unit_tests/components/test_comp_results_extended.py","baseline source and adapter","4056","e1ee22b48e47e1c7fabbcc1599d02b20e98c4ebdda1c9f37318eb5358d5e1115"
"baselines/reinvent4_adapter/tests/reinvent_plugins/unit_tests/components/test_comp_ringprecedence.py","baseline source and adapter","1869","983fbf72e830c5f701844befcc2c6c87e2796d8764a199258ffa8af5f1f2c248"
"baselines/reinvent4_adapter/tests/reinvent_plugins/unit_tests/components/test_comp_sascore.py","baseline source and adapter","548","08bf2c214cd6b18a351e20bac0fbf3eb119d25b3a9389a57b4c2236d26744e12"
"baselines/reinvent4_adapter/tests/reinvent_plugins/unit_tests/test_comp_external_process.py","baseline source and adapter","8403","7441ed6814a0f13b54573fbc2b5080fcec56f25a0a758fe2b88802e74a1bdab4"
"baselines/reinvent4_adapter/tests/reinvent_plugins/unit_tests/test_normalizers.py","baseline source and adapter","1371","cea3f80643332e8584524d3c4e8f9bd68e171b9a7831142912e6fc75b4d38396"
"baselines/reinvent4_adapter/tests/runmodes/__init__.py","baseline source and adapter","53","d4729ac998b91c9e1384a07463fbfc06ebae2af5d524c529c5880b50c478f939"
"baselines/reinvent4_adapter/tests/runmodes/integration_tests/__init__.py","baseline source and adapter","0","e3b0c44298fc1c149afbf4c8996fb92427ae41e4649b934ca495991b7852b855"
"baselines/reinvent4_adapter/tests/runmodes/integration_tests/create_model_tests/__init__.py","baseline source and adapter","1","01ba4719c80b6fe911b091a7c05124b64eeece964e09c058ef8f9805daca546b"
"baselines/reinvent4_adapter/tests/runmodes/integration_tests/create_model_tests/test_libinvent.py","baseline source and adapter","1929","8dfa317c08a396c79e74e0d745e135463769a769195d6f489edcd3e02b09ae09"
"baselines/reinvent4_adapter/tests/runmodes/integration_tests/create_model_tests/test_linkinvent.py","baseline source and adapter","2100","06f4d3f010b8a3124bcce344b2573c4fad2cc2a453e267c7be03954ae6b60217"
"baselines/reinvent4_adapter/tests/runmodes/integration_tests/create_model_tests/test_mol2mol.py","baseline source and adapter","1965","ef17f858db139b796aff538c560ec625036a4d6e32cb4e0da9f62678fac6afe7"
"baselines/reinvent4_adapter/tests/runmodes/integration_tests/create_model_tests/test_reinvent.py","baseline source and adapter","2002","415f07e14e002205579b467bc17ce9335b4814c81382b4049d703f1271631c0e"
"baselines/reinvent4_adapter/tests/runmodes/integration_tests/enumeration/__init__.py","baseline source and adapter","0","e3b0c44298fc1c149afbf4c8996fb92427ae41e4649b934ca495991b7852b855"
"baselines/reinvent4_adapter/tests/runmodes/integration_tests/enumeration/mock_aa_library.csv","baseline source and adapter","145","5f00a76b70c1edf7e69cc6f9760591a7d0ba338118acf02f6f13090ee5731e24"
"baselines/reinvent4_adapter/tests/runmodes/integration_tests/enumeration/peptide_multiple_masks.smi","baseline source and adapter","248","f1b4b9a1059264dbe7016bd70a7137f7b79725ced3a2712e014543ce3c58168e"
"baselines/reinvent4_adapter/tests/runmodes/integration_tests/enumeration/peptide_single_mask.smi","baseline source and adapter","248","5ea6a91b1191ff34d6aaafcb9fce6fdb72079b93b1dec628d1d3d8225225a04e"
"baselines/reinvent4_adapter/tests/runmodes/integration_tests/enumeration/test_run_enumeration.py","baseline source and adapter","3298","e1c9cfe7ea538847098252776b07254da4e1780d8b78bbe6abc6797c9ad20b30"
"baselines/reinvent4_adapter/tests/runmodes/integration_tests/enumeration/test_run_mode.py","baseline source and adapter","4898","0184eb663cf38dc9d5154e526ecd7a187373cd638171f7370c3905facaa0ea79"
"baselines/reinvent4_adapter/tests/runmodes/integration_tests/sampling_tests/__init__.py","baseline source and adapter","0","e3b0c44298fc1c149afbf4c8996fb92427ae41e4649b934ca495991b7852b855"
"baselines/reinvent4_adapter/tests/runmodes/integration_tests/sampling_tests/test_sampling.py","baseline source and adapter","5600","5c83d0051bf44afaa850ee665cc27a02b473fec656e6326b0b0cb2c15db1fb86"
"baselines/reinvent4_adapter/tests/runmodes/integration_tests/scoring_tests/__init__.py","baseline source and adapter","0","e3b0c44298fc1c149afbf4c8996fb92427ae41e4649b934ca495991b7852b855"
"baselines/reinvent4_adapter/tests/runmodes/integration_tests/scoring_tests/test_scoring.py","baseline source and adapter","4138","fb0ed655fc8a7c48f10b56f66ffbeb30af99df331d6be92247714c7400e4306b"
"baselines/reinvent4_adapter/tests/runmodes/integration_tests/staged_learing_tests/__init__.py","baseline source and adapter","0","e3b0c44298fc1c149afbf4c8996fb92427ae41e4649b934ca495991b7852b855"
"baselines/reinvent4_adapter/tests/runmodes/integration_tests/staged_learing_tests/test_intrinsic_penalty.py","baseline source and adapter","1598","61c7cb70d647714afade6dd8b3507180b2ce9204f2617f9426fcc225bc89d78a"
"baselines/reinvent4_adapter/tests/runmodes/integration_tests/staged_learing_tests/test_reinvent.py","baseline source and adapter","6321","24e88757e7ad1c06d5afbd5dd7f1f51a505fd41cb82279e17ba222c5b1e990b3"
"baselines/reinvent4_adapter/tests/runmodes/integration_tests/transfer_learning_tests/__init__.py","baseline source and adapter","0","e3b0c44298fc1c149afbf4c8996fb92427ae41e4649b934ca495991b7852b855"
"baselines/reinvent4_adapter/tests/runmodes/integration_tests/transfer_learning_tests/test_libinvent.py","baseline source and adapter","1456","71e24e5e60aebb1ba098bbd0c5a2d9a8b851ba4d84a7b27a70e2791ba01305fe"
"baselines/reinvent4_adapter/tests/runmodes/integration_tests/transfer_learning_tests/test_linkinvent.py","baseline source and adapter","1608","4fbe45187df9d0dc22e35d818041beb4b875d748306c153951fd1bc5532bb172"
"baselines/reinvent4_adapter/tests/runmodes/integration_tests/transfer_learning_tests/test_mol2mol.py","baseline source and adapter","1890","e8d1c343d4edfd07c16c845fdd531ff1a79995802bc2320fa99630f58a5541bd"
"baselines/reinvent4_adapter/tests/runmodes/integration_tests/transfer_learning_tests/test_reinvent.py","baseline source and adapter","1564","9270f939204ccd028e1090b2f3f17eecae25a36ac27d4a5a25b6b83603886d6e"
"baselines/reinvent4_adapter/tests/runmodes/unit_tests/__init__.py","baseline source and adapter","0","e3b0c44298fc1c149afbf4c8996fb92427ae41e4649b934ca495991b7852b855"
"baselines/reinvent4_adapter/tests/runmodes/unit_tests/test_aa_enumerator.py","baseline source and adapter","5089","be3a8deab4285dc31a3625905d3498d22be4c6e7c09ce6453e682013612d15c9"
"baselines/reinvent4_adapter/tests/runmodes/unit_tests/test_bucket_counter.py","baseline source and adapter","675","940b5e665be4f0c179888092cc7430fb7bac188d4d10d00f08c9bcc6ff836a4c"
"baselines/reinvent4_adapter/tests/runmodes/unit_tests/test_distance_penalty.py","baseline source and adapter","1941","8db823588ca1933ab8acacac538a40f64e909b67727c6d0e6adff171d8d081f7"
"baselines/reinvent4_adapter/tests/runmodes/unit_tests/test_diversity_filter.py","baseline source and adapter","2440","c9a209848d8346cce0e1925be69577afd029ee64d656e23e055c180e86888f3d"
"baselines/reinvent4_adapter/tests/runmodes/unit_tests/test_inception_memory.py","baseline source and adapter","2774","63af7188938d87596b839bfb96f7b24c9f287c455e1e5f5134807ade1173a50f"
"baselines/reinvent4_adapter/tests/runmodes/unit_tests/test_intrinsic_penalties.py","baseline source and adapter","2207","d52b8bab6faf3c781ecc5a3a9ee18ca983ebcbceb04e91d50ed983349dfb9d0d"
"baselines/reinvent4_adapter/tests/runmodes/unit_tests/test_remote_reporter.py","baseline source and adapter","1105","d69936c5a033fb65bfe319231e1b7fb6c1f0b526d3cc45667cc67f3987606827"
"baselines/reinvent4_adapter/tests/runmodes/unit_tests/test_scaffold_similarity.py","baseline source and adapter","1933","db9c83f67b1e69c51625bb4b5863ca6971b05912501682f77996a26d1f04cf45"
"baselines/reinvent4_adapter/tests/runmodes/unit_tests/test_tabfile_reader.py","baseline source and adapter","4031","03f2ec936dcd1cbe0c019c143701ba388ca04cace74dc73b616b02f279029676"
"baselines/reinvent4_adapter/tests/runmodes/unit_tests/test_terminators.py","baseline source and adapter","2743","ccb3c781ee992158655408c3719b00881cff8654d6e59e427f1bad78576d6656"
"baselines/reinvent4_adapter/tests/runmodes/unit_tests/test_uniquify_header.py","baseline source and adapter","271","1684c6b4a4b5f9222e5cb29bfe96ab0b31a30bf27769ab0e4c41423f4fafbbaa"
"baselines/reinvent4_adapter/tests/runmodes/unit_tests/test_validate_smiles.py","baseline source and adapter","2740","9045dc473560e0f7abc33f3d7a8e75ef185cb532f7f4fa2e6b9472b59675e3c3"
"baselines/reinvent4_adapter/tests/scoring/__init__.py","baseline source and adapter","0","e3b0c44298fc1c149afbf4c8996fb92427ae41e4649b934ca495991b7852b855"
"baselines/reinvent4_adapter/tests/scoring/unit_tests/__init__.py","baseline source and adapter","0","e3b0c44298fc1c149afbf4c8996fb92427ae41e4649b934ca495991b7852b855"
"baselines/reinvent4_adapter/tests/scoring/unit_tests/test_aggregators.py","baseline source and adapter","2386","800f2def6d7db00ead59a0221e8889523fb54d223b0db2386471be877fb0e0a9"
"baselines/reinvent4_adapter/tests/scoring/unit_tests/test_compute_scores.py","baseline source and adapter","5795","d4de6cb073c551abbc6671f7e2909f35390f10fdc376decb1688ea2f29534875"
"baselines/reinvent4_adapter/tests/scoring/unit_tests/test_compute_transform.py","baseline source and adapter","3082","962dbd63520b456f8e287d1606af1207a2a4fa99cae9b4a2ba32d4b90e953bf9"
"baselines/reinvent4_adapter/tests/scoring/unit_tests/test_parsing.py","baseline source and adapter","5108","4fefe63bb9e8ea8a13bfaf1cde4e3efabba74404c3d103dec126372d36564a87"
"baselines/reinvent4_adapter/tests/scoring/unit_tests/test_scorer_pipeline.py","baseline source and adapter","16123","e89e43529667d695fabc56696938df8d83435001194227506e695d9e4c517d71"
"baselines/reinvent4_adapter/tests/scoring/unit_tests/test_scorer.py","baseline source and adapter","1629","947a8cb11d812ace2565369105969e5c2b3938ae73012c509a78c5a340ec1cbd"
"baselines/reinvent4_adapter/tests/scoring/unit_tests/test_scoring_utils.py","baseline source and adapter","847","07f279cb5136b5332183f9e2b9514608fdb3e3c79299eaebeb9ef4136b7425e8"
"baselines/reinvent4_adapter/tests/scoring/unit_tests/test_transforms.py","baseline source and adapter","4875","07f7325563e5684b7999332cd00fb85abfe734ccfcfe120805cd638eda893c06"
"baselines/reinvent4_adapter/tests/test_data.py","baseline source and adapter","3795","62abefaeecac62a3fd7ce93f6a0b6f9cbff215c84247c2e1dc74bca681886987"
"baselines/reinvent4_adapter/tests/utils/__init__.py","baseline source and adapter","0","e3b0c44298fc1c149afbf4c8996fb92427ae41e4649b934ca495991b7852b855"
"baselines/reinvent4_adapter/tests/utils/test_config_parse.py","baseline source and adapter","3220","32bf0978ebea433bfe92f979acecda2be01bc8cbb14fa1e06e60953073c70136"
"baselines/reinvent4_adapter/uv.lock","baseline source and adapter","636709","b2c0b2cccd938411beed4dc8b9beeafe31581736d2fc317d2fc878039d47f468"
"config/baseline_experiments.json","machine-readable experiment parameters","3003","25f6d2f806f634a4f87c4dd8ed28de66da7e8ac19be5f602288f34c62ee6690c"
"config/download_flt3_only_20260804.json","machine-readable experiment parameters","240","b98a78dd42f8254e4d08120f70cc75cdf38416e03c16167a436ec23d8fee9731"
"config/formal_experiments.json","machine-readable experiment parameters","4043","93590cadefec2dcafe0fe70cf2f1ba76b4b67bf702d415dc73e127b80639e077"
"config/predictor_jak2_flt3_20260804.json","machine-readable experiment parameters","1667","34f211769e26702ad69cc4427b8eabb0a00f1c138c2367b675649ee142682476"
"config/predictor_parp1_brd4_20260804.json","machine-readable experiment parameters","1678","b886452ac79d10b8c3efed1705e1c70f0bcef30f3dd5a5aa05ac8a0a7f040050"
"config/predictor_parp1_hdac1_20260804.json","machine-readable experiment parameters","1675","7a5fc1f609acbe87749166ad9532ab1b6f92de4ef37d48e95f4df7a03cbeb445"
"config/predictor_pik3ca_mtor_20260804.json","machine-readable experiment parameters","1686","1099e7a44176492c2234da234f1817b48b1d9d64e91de31c914710be2507a901"
"config/predictor_retraining_round2.json","machine-readable experiment parameters","1057","7d061076af4be41d59c4c4bf72cde00c9fb14bc746db38e04da02fc49edde850"
"config/predictor_retraining_v3.json","machine-readable experiment parameters","1806","51dd95e671ef42fda551df732e22137db31079994f6a7c335d0b14662ab38348"
"config/predictor_retraining.json","machine-readable experiment parameters","1152","d0b1ab7dc29ba89d3c19463cf4029da197159873be9160db25d5d9457aef7aae"
"config/predictor_reward_comparison.json","machine-readable experiment parameters","1271","09f37ce468a005f348fbf27400da96f0be28ac49f6af8dfaa869b71ad6834590"
"config/predictor_v4_90plus.json","machine-readable experiment parameters","1601","e1a0032cf1bfdd22fe1065d32f0305abf88a80b1fd0a2c4cd0bb12f980a48d65"
"config/predictor_validation.json","machine-readable experiment parameters","1081","fb4b074eb62af73ac51f51d8736bfd93dc52031091e9f829fedb7f7671d7ba60"
"config/reproduction_pipeline.json","machine-readable experiment parameters","4270","fff10b0e3ae96bad72cb16b06783e1b067caa65cd5526784bcf051d852d98dcc"
"config/selected_own_method.json","machine-readable experiment parameters","1866","77095d1b700c8c37545eb63ea7c32110d0075dc16ea8af52e0f06a3876f79d7e"
"config/selected_vae_config.json","machine-readable experiment parameters","408","aed5b3d1f7a31fe59f858daf779666ccd108563319c122801a9aea31f843e065"
"config/target_pair_parp1_brd4_egfr_vegfr2_aligned_formal_20260827.json","machine-readable experiment parameters","2764","1cd4639be97fd36db3fba8d7aa2bbd090f10e4d09aa58890de9e2d2f85dc7b73"
"config/v1_extended_control_10240.json","machine-readable experiment parameters","830","c48411b3a9096d8214591cda5ced0af9c408f404a23a6f5d842a4b995d47f2ac"
"config/v2_archive_confirmation.json","machine-readable experiment parameters","968","5eae8351f03c8c2fff36eb30322e829b7e7b637a76bd6d4aeeccb8b766c5e01e"
"config/v2_late_pareto_screening.json","machine-readable experiment parameters","2369","04acfc2ce94e184ad15b9fa7fa2ba7bd198aec43126b508571d3f9f1fbdb1a05"
"config/v21_elite_archive_screening.json","machine-readable experiment parameters","2891","1c3e879f63e77a1d3140304b4ca5501b3ffb5e3e3d799f98cbb556e12e06ef9c"
"config/v21_prospective_confirmation_10240.json","machine-readable experiment parameters","2247","c4cd800ee0cda3a18fa0d126324aaecdd7dfa10d7a919d066c871cd43745d3e1"
"config/v3_actor_causal_audit_5120.json","machine-readable experiment parameters","2705","b508638e4384f0195a70dcd1c14cfaceecfc48c2aab07ab7c82acd38a273d7d4"
"config/v3_generator_self_training_screening_5120.json","machine-readable experiment parameters","3651","7f105405d9445fef906cdcf39fa9d70cd1b7ef3e9b5b00fc85aa55455d628792"
"config/v3_min_elite_confirmation_10240.json","machine-readable experiment parameters","2121","6b804dc9d90d735f34f600e1b6271841da734cccc6b209a1f8e17a991d1a1bff"
"config/v4_formal_ablation_10240.json","machine-readable experiment parameters","3687","77b3891eba1e1e6bc3bdf35f5646e119c1ec69f034f2901e73c8814bc96a80d9"
"config/v4_hv_aligned_generator_screening_5120.json","machine-readable experiment parameters","3741","a87066efcfb5f6c5879caa7f19042e8c356a4bfe41139e1853d19cf0b982f3db"
"config/v4_p0_actor_vae_factorial_completion_10240.json","machine-readable experiment parameters","2526","facc5e57c958f1e062547aa649b358062f44c6c31d3ad49e5ac8f09d111bc30d"
"config/v4_raw_mean_common_seeds_42_51_10240.json","machine-readable experiment parameters","1908","c47bf932b4a01bcfa76cd2cac4c38fb0ae2ac60d56a96531852c000013646764"
"config/v4_raw_mean_confirmation_10240.json","machine-readable experiment parameters","2163","53add4c0f76c9e4ba6f7a939ab0487fd25ede7f8fd0f71fe60c3924288243250"
"config/v4c_balancesync_two_pair_20260806.json","machine-readable experiment parameters","4881","2b874ff03b4d79ee7b56e1b9ecc6cd1c3ba5a1f76a73a07632ca2d05f4c51c63"
"config/v5_balancesync_two_pair_20260806.json","machine-readable experiment parameters","5012","81c57f35c13dd86a82564c55bd00799dab5b928f5c40fa42e744a3177d5baac0"
"data/predictor_target_pairs/01_EGFR_VEGFR2_第一组_恢复相关数据_NOT_EXACT_ORIGINAL/EGFR_P00533_BindingDB_API_snapshot_20260712.json","predictor training data","9551210","47270bf7b40ed1ac196856b644274cd40da97ef90c6cc72afff7f390419cafc5"
"data/predictor_target_pairs/01_EGFR_VEGFR2_第一组_恢复相关数据_NOT_EXACT_ORIGINAL/POLYGON_original_RF_training_script.py","predictor training data","2149","1091eff115f3e4c494c4e68cde055aecc73c55ada0185561d58b3320d7c87b3f"
"data/predictor_target_pairs/01_EGFR_VEGFR2_第一组_恢复相关数据_NOT_EXACT_ORIGINAL/VEGFR2_P35968_BindingDB_API_snapshot_20260712.json","predictor training data","4871888","788a0bb3287b0a824ed63157bca3f56cb972d93123ed9e102c4a4757c9986c47"
"data/predictor_target_pairs/02_PARP1_BRD4_第二组_当前正式预测器数据_ChEMBL37/BRD4_CHEMBL1163125_audit_2024plus_n333.csv","predictor training data","55855","c7dba5cf20b83dc08a3e4eb2355edb8a8b4cd87eee46d130bfcbebf97551ff1b"
"data/predictor_target_pairs/02_PARP1_BRD4_第二组_当前正式预测器数据_ChEMBL37/BRD4_CHEMBL1163125_train_through_2023_n5245.csv","predictor training data","752648","9f47dc8ac1b7d4e78612b5c9b34891c1d2763e5d5591d3bfbcddd383a080d73f"
"data/predictor_target_pairs/02_PARP1_BRD4_第二组_当前正式预测器数据_ChEMBL37/CURRENT_ALIGNED_PREDICTOR_METADATA.json","predictor training data","2275","a58596e21ab21ba8bf49d11f9242c4d92f9540f44b02bc2f469865820c22c7c1"
"data/predictor_target_pairs/02_PARP1_BRD4_第二组_当前正式预测器数据_ChEMBL37/DATA_MANIFEST.json","predictor training data","12858","43df05ba2197769d0b0547b8dd4463a08e7104243839738a5f14bc01e7950fa4"
"data/predictor_target_pairs/02_PARP1_BRD4_第二组_当前正式预测器数据_ChEMBL37/PARP1_CHEMBL3105_audit_2024plus_n192.csv","predictor training data","32885","fb8e82fac20610cb1fc68c9cb35dcd5633f80b062eb053ab5a54fa3f1d01c304"
"data/predictor_target_pairs/02_PARP1_BRD4_第二组_当前正式预测器数据_ChEMBL37/PARP1_CHEMBL3105_train_through_2023_n2538.csv","predictor training data","352132","33c46866bd96a310f75576836858870be3eb1994c88340e9e53f55cec808a901"
"data/predictor_target_pairs/02_PARP1_BRD4_第二组_当前正式预测器数据_ChEMBL37/RAW_DOWNLOAD_MANIFEST.json","predictor training data","837","620c9f41913cf708e76af70ead3a75c749d3058c460803327c83459d07dc0872"
"data/predictor_target_pairs/02_PARP1_BRD4_第二组_当前正式预测器数据_ChEMBL37/TRAINING_REPORT_ZH.md","predictor training data","2121","f59b739391ea4b58642d1c62951d9263b342b51fd89c59e70098b4d6b66c8e53"
"data/predictor_target_pairs/README.md","predictor training data","2790","64272c307479ef3cca6463c77ba3659d3bc604c2359e60879d4492fccd5582fe"
"data/train_smiles_only.txt","shared generation data","58408787","4301e7f6118839465012eb93510328681ef4b7b24642e8748c4ad40971f4a304"
"docking/receptors/EGFR_VEGFR2/1M17_AQ4_crystal.pdbqt","docking source, receptor or protocol asset","3316","9b372e5807b1d468aaa410d0097d565ceda5b1459510f679bde81ad1138cd862"
"docking/receptors/EGFR_VEGFR2/1M17_AQ4_crystal.sdf","docking source, receptor or protocol asset","4547","c7c2563ea53dc4dd81e77102946312f377be5537261a351524192252d6f3a07c"
"docking/receptors/EGFR_VEGFR2/1M17_chainA_protein.pdb","docking source, receptor or protocol asset","205989","22c5c70e00a1ceac20b102faf60412a3cbaaaba6d8c6b1a0f6bf0de2964c4b36"
"docking/receptors/EGFR_VEGFR2/1M17_prepared.box.pdb","docking source, receptor or protocol asset","936","e5660da7b219f83a7cb4de16c411fd32c9f7dd26b3be856783157247570bb862"
"docking/receptors/EGFR_VEGFR2/1M17_prepared.pdbqt","docking source, receptor or protocol asset","245349","2b0ce86420d0b1905b1660785c89b62cbe371b6a9e195fc1ecd5eb93a0c3430c"
"docking/receptors/EGFR_VEGFR2/1M17_vina_box.txt","docking source, receptor or protocol asset","105","9b9e4707825c2636f2df9257fa0c90086d434975b5e1fb9a0e93ac325916009e"
"docking/receptors/EGFR_VEGFR2/1M17.pdb","docking source, receptor or protocol asset","252720","5b020cd186307d657de80611793554b074f6936a3443d33f81d9b1a58004962e"
"docking/receptors/EGFR_VEGFR2/4AG8_AXI_crystal.pdbqt","docking source, receptor or protocol asset","3143","10278dbfb1b7f9b5c5517f02feff5eaea40aeadc4a58eb902dc6577a63db1f04"
"docking/receptors/EGFR_VEGFR2/4AG8_AXI_crystal.sdf","docking source, receptor or protocol asset","4051","2cb356465e16e5d930cde333e159942334196b193458ed9ed6ac13e070e1707f"
"docking/receptors/EGFR_VEGFR2/4AG8_chainA_protein.pdb","docking source, receptor or protocol asset","195329","d06aaf67df895a68811f3ab0301150adf2c85a49fd7d3b279e272cb69df9c2af"
"docking/receptors/EGFR_VEGFR2/4AG8_prepared.box.pdb","docking source, receptor or protocol asset","936","e02e3ae96db848418db1a9e0d1dffdf8d856bb3ac520ba10150f1049802f71f6"
"docking/receptors/EGFR_VEGFR2/4AG8_prepared.pdbqt","docking source, receptor or protocol asset","235953","01cf2bdefb06c2759e683599ccc0d5a90ff12b2ed96e2b53d74cc8645d2e9a28"
"docking/receptors/EGFR_VEGFR2/4AG8_vina_box.txt","docking source, receptor or protocol asset","106","2fea748a1c8e4073430a4b204caf734a0f53bebb9213b7e6a57880622db81fff"
"docking/receptors/EGFR_VEGFR2/4AG8.pdb","docking source, receptor or protocol asset","263574","cc21c5839a0eed8922173b9de951c651042d637c1919895928c14f3ce218ff47"
"docking/receptors/EGFR_VEGFR2/AQ4_ideal.sdf","docking source, receptor or protocol asset","3652","ca37d8bf0aaab94e2e0d6fdbe1c74b9399038e29fbf37a34ed773c12fa0a77b9"
"docking/receptors/EGFR_VEGFR2/AXI_ideal.sdf","docking source, receptor or protocol asset","3263","1e6b68bdb1f7debde2a6ba830c670afe2ea9ab142c76aefea84d3aa2e57dd4e3"
"docking/receptors/PARP1_BRD4/3MXF_chainA_protein.pdb","docking source, receptor or protocol asset","86848","0bcf61e15dfd0be34d173e15d97778b272da6f06a6448019e69f1d4670d7a765"
"docking/receptors/PARP1_BRD4/3MXF_JQ1_crystal_h.sdf","docking source, receptor or protocol asset","5775","7327f6fded0678ff537eaeb6e44b654cfa030b78708399d11745eb0bc9fcbd47"
"docking/receptors/PARP1_BRD4/3MXF_JQ1_crystal.pdbqt","docking source, receptor or protocol asset","3127","3f3dca90635e5469c4d56de1a747412c8af6b0a8c72395419768a7c891056b1e"
"docking/receptors/PARP1_BRD4/3MXF_JQ1_crystal.sdf","docking source, receptor or protocol asset","3633","ba0d2f21a8a6a24a2a95f3f875ef47b25409b6181097dcda8ff81ca6e335fcc5"
"docking/receptors/PARP1_BRD4/3MXF_prepared.pdbqt","docking source, receptor or protocol asset","103680","47390652fffe037c979e3b0c29dce433b6f59169caa705b9b920730d2f8ccfbe"
"docking/receptors/PARP1_BRD4/3MXF_raw.pdb","docking source, receptor or protocol asset","235143","534dcb8ea9fa29956249b5133b22187c3867363b16a6b98dd8219c18c5d3250f"
"docking/receptors/PARP1_BRD4/7KK4_09L_crystal_h.sdf","docking source, receptor or protocol asset","5605","56f44eb3f1e1d61c8f3188ca0c26fe288ee1ed35058b2b01190822cc5573c851"
"docking/receptors/PARP1_BRD4/7KK4_09L_crystal.pdbqt","docking source, receptor or protocol asset","3166","dd05751d7dc6c07be16f58e3859119d3d69671c330b62be6e961c11628bd280b"
"docking/receptors/PARP1_BRD4/7KK4_09L_crystal.sdf","docking source, receptor or protocol asset","3752","6a95a6f5376c9dbefc9455c01fee81a30ea054e74c9d34b438dd1a1607876671"
"docking/receptors/PARP1_BRD4/7KK4_chainA_protein.pdb","docking source, receptor or protocol asset","220098","e9d25d6db792ee1541520b33783e8be9ae6e77f3c73aaaa13728b6933d169cf5"
"docking/receptors/PARP1_BRD4/7KK4_prepared.pdbqt","docking source, receptor or protocol asset","266004","8fcb602870bcf9c4a709ee018957e50f909a3e54e8eca83703892a3456f1ffcf"
"docking/receptors/PARP1_BRD4/7KK4_raw.pdb","docking source, receptor or protocol asset","498798","0b070495586f6210cf6ca766efaef8a6511864493505c570a7d09ede87a40c46"
"docking/requirements-docking.txt","docking source, receptor or protocol asset","98","abe0af13325e57674411ad7ec4f467b68be2a82f4328d1e17ef4ccc686d4177c"
"docking/scripts/analyze_predictor_docking_consistency.py","docking source, receptor or protocol asset","16549","96e87f621a9ee7facc1aaef798c759685c76c990162127da4056f7ab2784f88e"
"docking/scripts/count_docking_eligible_candidates.py","docking source, receptor or protocol asset","3230","86d190f2dc217681aa4d4cc836d6ec9831a670b2d53e9941c480b032c480b782"
"docking/scripts/prepare_docking_ligands.py","docking source, receptor or protocol asset","4525","326e73b2ba7a8f2c8af4b3943f214dc023eedd4c4e7fd9c139ab6ff49b705002"
"docking/scripts/prepare_seed_top10_ligands.py","docking source, receptor or protocol asset","256","1c6a94ba3f8b1c99ead14c0cf2381e119907429901a54762bb2ddc270e34982b"
"docking/scripts/run_seed_top10_vina.py","docking source, receptor or protocol asset","5087","98d33435826b6287ec0e3143d37f18ee9108302aa02da6f2699d5e3a67ef55d3"
"docking/scripts/run_vina_base.py","docking source, receptor or protocol asset","8994","336dff2a01a94b460e5e139dd2cd8aa69a1f0072c2b40a5e1db94238900ecc6c"
"docking/scripts/select_seed_top10_docking_panel.py","docking source, receptor or protocol asset","7184","7d5174ba8934b5cf15c5750b6d6bdcf8ca51ba3e6b770e88e700e0e0ae74a211"
"docking/scripts/summarize_seed_top10_docking.py","docking source, receptor or protocol asset","9449","62f9ae34f6e46144a104e93ed5fbaf62c95f3575e826fb1e49e92d9a4f0500ba"
"docking/validation/EGFR_VEGFR2_protocol_and_validation.json","docking source, receptor or protocol asset","2728","ee2f5eb06ba0c3ca635f85a4b4efdfd4143d66f62825a435c286fb5ad3272acd"
"docking/validation/EGFR_VEGFR2_redocking_validation.json","docking source, receptor or protocol asset","903","2106e1061efa4064a0cabacf2f47ed3a27bf59daa690735becd691e8e196ea97"
"docking/validation/EGFR_VEGFR2_redocking/EGFR_AQ4_out.pdbqt","docking source, receptor or protocol asset","30474","d800f8851b73f6771a381c3fa5713bb4b3c7149da4763763e8ee041e8a6f8882"
"docking/validation/EGFR_VEGFR2_redocking/EGFR_AQ4_out.sdf","docking source, receptor or protocol asset","41499","2012392a3ba150ddd687849f03e630ae96badd0a32f6dd6f2a3de86f2176cd04"
"docking/validation/EGFR_VEGFR2_redocking/EGFR_AQ4.log","docking source, receptor or protocol asset","1587","21482bc85d28f12e80e18508bede650ce19d92c03a9311297b798a92d15027da"
"docking/validation/EGFR_VEGFR2_redocking/VEGFR2_AXI_out.pdbqt","docking source, receptor or protocol asset","28917","a3a1dd2d694d9a0c271fde3ab4c9128b77159ffd4f79099443c462db11035ff4"
"docking/validation/EGFR_VEGFR2_redocking/VEGFR2_AXI_out.sdf","docking source, receptor or protocol asset","37057","7135520b064ad498ef694d6cbfce31af1f35f9e3de010b5d002b54839b70daae"
"docking/validation/EGFR_VEGFR2_redocking/VEGFR2_AXI.log","docking source, receptor or protocol asset","1587","a6843c9a20c37818f02712fa06a87616462ad767bef7ad10c8e6caeca952936c"
"docking/validation/PARP1_BRD4_protocol_and_validation.json","docking source, receptor or protocol asset","3607","ec2f3e22dc34af0b94df58aa21532f181bfec48ec4b4d48e97eecec68c3c4660"
"docking/validation/PARP1_BRD4_redocking_validation.json","docking source, receptor or protocol asset","1528","6a08d374a3c56df6403795068e11aa1369d5e48f6f950195071b4d4bc1833c21"
"docking/validation/PARP1_BRD4_redocking/BRD4_JQ1_out.pdbqt","docking source, receptor or protocol asset","28773","ccb80d1b71edd1d6e2eb0db7d683d2d1ed9143848f30891a93b80c4a1c8d99bb"
"docking/validation/PARP1_BRD4_redocking/BRD4_JQ1_out.sdf","docking source, receptor or protocol asset","45621","c6fd5559c66b41ff516684232db3728562dc235a95269d0bde1c58af86446650"
"docking/validation/PARP1_BRD4_redocking/BRD4_JQ1.log","docking source, receptor or protocol asset","1588","4399d37bc74a5dd5c7a5556d92bf4a045ccf3ea5e4fcd21f7f0998329aa5c175"
"docking/validation/PARP1_BRD4_redocking/BRD4_JQ1.stdout.txt","docking source, receptor or protocol asset","1752","569d7749666c58d16592749a7080e2a10e76167d18d206913dfe22c8d6b6643f"
"docking/validation/PARP1_BRD4_redocking/PARP1_09L_out.pdbqt","docking source, receptor or protocol asset","29124","f52cc6a29fc243c0391cf1e8c4d6640470cd775b586fdf1357b56c192c036bed"
"docking/validation/PARP1_BRD4_redocking/PARP1_09L_out.sdf","docking source, receptor or protocol asset","44064","7235a77946f7a71d3b65027ebc1e35b4318de2b61957e2be7d7fd7aac44aaf3b"
"docking/validation/PARP1_BRD4_redocking/PARP1_09L.log","docking source, receptor or protocol asset","1588","5f725a913248de9832abc7263be65cc0cb8e4b5fd865c1e0e089d1965efb7811"
"docking/validation/PARP1_BRD4_redocking/PARP1_09L.stdout.txt","docking source, receptor or protocol asset","1752","4fcc4b676e9b72607984b6c76c854797494fd9be9bb51ba4bc984f2d9f4529c6"
"docs/DATA_AND_CODE_AVAILABILITY.md","reproduction documentation","1410","bbb07e58b803dc52b14dc00b3edc60043211b097808cdea988c6ebb9a3a6aa72"
"docs/KNOWN_LIMITATIONS.md","reproduction documentation","1718","34f0d6d55fb11b11042f3835e15b0d5d86b79d76a4746ac9e39b21114ef074f6"
"docs/SLIMMING_LOG.md","reproduction documentation","1805","6c9b55560364bea742a96200729318d258f0b2f6659722a72f446c84cbd86ed2"
"docs/training_configs/01_共同实验协议.md","reproduction documentation","2929","21555be8a11cdc0048c2bc9669c93d73a520797ce7649e712a7682f76c20e660"
"docs/training_configs/02_CLOVER-Mol_V4-B.md","reproduction documentation","2871","76484318c0fb406ad1ef22c30d1cf47e70c5b9b5e60f85d02e21bed889b0ea2f"
"docs/training_configs/03_POLYGON.md","reproduction documentation","3318","a92bf3612feca8e8e8670c0b2c1d968c42244597702718a8de42438b6e9be33a"
"docs/training_configs/04_REINVENT4.md","reproduction documentation","1972","93c65372d9a880334726c923481228422557b520579a92a4e3f5f6869dd22d87"
"docs/training_configs/05_DrugEx_v2.md","reproduction documentation","2138","b6a1bb402a36fd38fd0bb7622bc04fac0cf41c81d8dd9b1accce36162a4d6fa1"
"docs/training_configs/06_MO-LSO.md","reproduction documentation","2909","e950675671abf132cad8016fc06e68b8ba73a02633c706d2a46268d428797316"
"docs/training_configs/07_GraphPareto-NSGA-II.md","reproduction documentation","1740","70aed4d8044012187aa1a943f9fadfb0133396194c8635c7eb9314bcc028f17e"
"docs/training_configs/08_四靶点RF预测器.md","reproduction documentation","4736","bcaccba2142de4607009e03a70bc2f54ee4ddfd533cedef1a88f6b4ebac6ff56"
"docs/training_configs/09_评价与论文表格.md","reproduction documentation","2984","c2baafe1960871dec18adb71f5d527e97005f74b00124c69e49db8ddfd2e2b7e"
"docs/training_configs/10_Top10分子对接.md","reproduction documentation","3113","53e2b009c4743899b7fd4276450c317631f263569636c8d01cd8cb17f11d2f8d"
"docs/training_configs/README.md","reproduction documentation","3074","8cb4ce876fad611ce98b1ed0beb32d0d43d39738f10ef7ed35729316f6b2ef2a"
"environments/environment_export_audit.json","environment version snapshot","1530","4bdc9fa548d3d2a7c37d4c31ec44f59a41310d37e7f4b0b0828ad75e7e6d9084"
"environments/requirements_snapshot_clover_mol.txt","environment version snapshot","907","d447ddfb3b927504f77dc1a372c19ce1384de27f62b5e0bf48319b4dccd8e554"
"environments/requirements_snapshot_docking.txt","environment version snapshot","211","464774bb78495cbe1f7fe753148c6f083c91af1e06adcd75f68432ca195c6388"
"environments/requirements_snapshot_drugex_v2.txt","environment version snapshot","907","9147f1627c1db5f655914678fdec8251cf21aaa1d1476599305095eb5e13c2dc"
"environments/requirements_snapshot_graphpareto_nsga2.txt","environment version snapshot","975","ebc76ad2eea28881af500d165dbcae0cd08d5bf2c34b200314740eae780b30cd"
"environments/requirements_snapshot_mo_lso_gpflow.txt","environment version snapshot","1214","525d764338fc2cc0d130ea6d2b3a99805b9fa6a73dc6a78f631288020d348f35"
"environments/requirements_snapshot_mo_lso_torch.txt","environment version snapshot","1161","3d7ea50f04efb595951e2c63cfff76ae44d60c52766e5f4f8747c85f2e2b2024"
"environments/requirements_snapshot_polygon.txt","environment version snapshot","907","9147f1627c1db5f655914678fdec8251cf21aaa1d1476599305095eb5e13c2dc"
"evaluation/__init__.py","evaluation and paper table code","67","ffa72ca864cee7943a2bf4837b63c0798750963725e8a52e452fd567e53e2068"
"evaluation/analyze_predictor_docking_consistency.py","evaluation and paper table code","16544","8200c7c0cbed8cc071ad100cb828cc18ebfdb653d846090db7f82667d03b6fa6"
"evaluation/applicability_domain.py","evaluation and paper table code","456","f828107fb5d586dc81ee36e8b15a0fd5c67668b4b6e9c242eaf8a70e9f58fc54"
"evaluation/audit_generated_fingerprint_chirality.py","evaluation and paper table code","8332","27a7d6c16856dc70c780080d11ae69075aba3dc6bc5c5cb1ae72c4c60b45ba8c"
"evaluation/audit_predictor_v3_data.py","evaluation and paper table code","5127","5d4087eef52cea805dd5d14a30f09ac3a6b95315c7d43bdd64edc45f73389af0"
"evaluation/benchmark_predictor_round2.py","evaluation and paper table code","8475","2aa13bed43c95c0e77f27441ada4bd08310bed2873bce78c649e84d47fed5eef"
"evaluation/benchmark_predictor_v3_advanced.py","evaluation and paper table code","7580","2bc5536fef527cd623ea623c5e120737dafa1131faee1084c2a3f7ad6e3e0998"
"evaluation/benchmark_predictor_v3_bindingdb_augmented.py","evaluation and paper table code","7095","fc4062f25c1a45e27e079bb4e4c582f4ed1d96a85e927ad261d3edb062ff2ff4"
"evaluation/benchmark_predictor_v3_similarity.py","evaluation and paper table code","5054","e217121a559f62c5431af5b1c3876c9e4fcde0cc753779c0517f6563c8cdc8de"
"evaluation/benchmark_predictor_v3.py","evaluation and paper table code","10400","faa9f3cefbf242941347f67b203922cf4e51e3c614a35a76216fb4aaa2b49970"
"evaluation/benchmark_predictor_v4_bindingdb_native.py","evaluation and paper table code","3553","ccca7faf007a07df84f6b02d181ae7b6006dbef33ff9afbfdafe982a31fc56bb"
"evaluation/benchmark_predictor_v4_classification.py","evaluation and paper table code","6618","0d0c492e8df78e291802c3892401685fefe66cd8f0c39c16945b2a2673c78095"
"evaluation/benchmark_predictor_v4_training_pools.py","evaluation and paper table code","6349","4dfd679a3366a043c646d3013f2d8db1ade30e6d673538c5aa30f08ca2653c13"
"evaluation/benchmark_predictor_v41_bindingdb_native_grid.py","evaluation and paper table code","5566","46a770685668b69ac7849bcafc31bccfbe10350547c4d45855837b4faec82395"
"evaluation/benchmark_predictor_v41_egfr_similarity_grid.py","evaluation and paper table code","2978","57469a278a28db2e1347274f0858cc3e89f18200b6b0fdf11f5ce0c824c61eab"
"evaluation/benchmark_predictor_v41_vegfr2_forest_grid.py","evaluation and paper table code","2548","9920c1a51cf3d4539aef7fe0254f70566318fb959b544b8f8adc003648314fc0"
"evaluation/bootstrap_predictor_v41_confidence_intervals.py","evaluation and paper table code","3538","b6607f8d3cf3c8c15c3aab0ed27fd7baa718ba50c443114b2e5ce40122b814b1"
"evaluation/build_paper_results.py","evaluation and paper table code","4181","31cd5ea591cadda908bcf6426bcbb701fd6e3e7f9cc6bc9abe780fd675b012b7"
"evaluation/build_predictor_v41_deployment.py","evaluation and paper table code","2445","7070767563c92fc8304e6ad6d03c7fc691f77464dd8df63971de292e1f96c97b"
"evaluation/calibrate_predictor_v41_egfr.py","evaluation and paper table code","5501","6ecbfdb86659d0cc2fd2346214eab19aa51f8c598d9efbaabe53f346ca644b9a"
"evaluation/calibrate_predictor_v41_vegfr2.py","evaluation and paper table code","5009","c9b72d5ee542abcae607b397c6cfd05b9a5f2f2042c3844546b99cfc07b06024"
"evaluation/compare_experiments.py","evaluation and paper table code","3087","e59149c07f6c25b63252132db54c6979b4e74a70c90111c335e5e5a2cd88be1d"
"evaluation/compare_predictor_v41_with_original.py","evaluation and paper table code","5754","fdd19711b2cdfb307bdb70d950c753770ebe4d52ce042c1da1fbf8603a9244ff"
"evaluation/compare_target_pair_oracles.py","evaluation and paper table code","4178","5a597a1ba0149fa699565b2e6e4c4bae6846e05a2fb4da0e021163ccb16515ad"
"evaluation/download_chembl_predictor_validation.ps1","evaluation and paper table code","3110","25013c0def0775a628c9f97c986bba4c1783be30ce86b91ebf259f76e09b1605"
"evaluation/download_chembl_target_pair.py","evaluation and paper table code","2240","4f7bee8c9df1ee7c04dbb17774560fb2fea4d542a71e40b392fb61711fca8db8"
"evaluation/evaluate_ablation_run.py","evaluation and paper table code","1133","24c486541154d349e3a991e6acc6d3b50326d0727f287635fa9d03f604554a80"
"evaluation/evaluate_anytime.py","evaluation and paper table code","1355","96a16ad9356dd7e8bd6de296691cd7303e29361bab9b34d54f468d7357660795"
"evaluation/evaluate_experiment.py","evaluation and paper table code","6664","9f053db01cb951dd2d90ffc748368ac366af33886fffd56516120f625133815e"
"evaluation/evaluate_own_method_two_predictors.py","evaluation and paper table code","15077","62097a6bc056411521808acbd274c8b9b48a1316311f51ac3f6f2f316bf43adc"
"evaluation/evaluate_predictor_v3_2025_holdout.py","evaluation and paper table code","4542","9a9ca891540140a443d5e4557b4000e8a5385b03b20c397c40e1db0165f23b36"
"evaluation/evaluate_predictor_v4_bindingdb_external.py","evaluation and paper table code","3637","e5a08b38103ca99f3d99d1c81a93385196a5b9a6532f7ee109254c0ecebde7af"
"evaluation/evaluate_predictor_v4_latest.py","evaluation and paper table code","5319","c253f19fce7d3cda4b86a05d599cd10b0884901afd4e1a182f55c7546499e387"
"evaluation/evaluate_retrained_predictors.py","evaluation and paper table code","9244","15c812555c1b720b7da87ad9d4bda684fb121df83d23b2ec092fe9fe7db2e940"
"evaluation/multiobjective_metrics.py","evaluation and paper table code","3555","728ceb20c56b59f826b5a3934296d833be0290e48740e9d9282c0671c99a3b0f"
"evaluation/predictor_uncertainty.py","evaluation and paper table code","11520","1526ecb4748275b0fa16034c5b50cc96dcf6276a98b12463c331a44df1de6977"
"evaluation/prepare_predictor_retraining_data.py","evaluation and paper table code","6681","1f80a63cf1cb9f0384ae63d4d61be086e1e7cf7101c146b907ee22d780546018"
"evaluation/prepare_predictor_round2_data.py","evaluation and paper table code","8220","45cac76f97fbeafec2b348b401a1ef354f5f3e5c0595313f4f679349d3c1df5e"
"evaluation/prepare_predictor_v3_data.py","evaluation and paper table code","8415","de76795d9f4dd343c96edc5e70b4537d8e33d3ba4b0deb7dfec9fbfc74f22102"
"evaluation/prepare_round2_multitask.py","evaluation and paper table code","6298","4fa65b9b61083200b65f59027e3f492d35caaa09556c41790091505513203759"
"evaluation/qualify_target_pair_rf.py","evaluation and paper table code","11421","04e546a6865b7f88e59f96369a1c4f623f9b1e85ac46c4d9967761ad897b3a3a"
"evaluation/quality_constrained_metrics.py","evaluation and paper table code","4731","ed7e08f6a224f7c9596db58646d55f98cdbf1d8cf224092c89770e5612ff9070"
"evaluation/rescore_target_pair_oracle.py","evaluation and paper table code","9255","0efbcd001a94fac70132201673a64bbbdd5cf6e5f109729738dbceaeae2a770b"
"evaluation/run_chemprop_utf8.py","evaluation and paper table code","429","ef200ff9af6be4e1bfe6bec3a5a2683895ed11d13b63552e7f90fe782db0c6aa"
"evaluation/run_missing_quality_for_aligned_pair.ps1","evaluation and paper table code","1995","d054e88e5ff0e4da83c871b19c1dc0495e4dccb59db3e572131856434715fbdf"
"evaluation/run_predictor_reward_generation.ps1","evaluation and paper table code","4464","863d7f701e6d571f8be76bf9a9aef787030461d5ef9b3af20d6de9fc9f925d99"
"evaluation/scaffold_validate_target_pair_rf.py","evaluation and paper table code","5634","c0c86b723065f562b871ef6c809f4c2b05dcb48db8c788e3c5902e0ec91bd45f"
"evaluation/score_predictor_v3.py","evaluation and paper table code","6363","874385b1d8bbb60089d41a9c009ac415ba44a8d4f6a8d7d0afa5099735feb4da"
"evaluation/score_round2_candidates.py","evaluation and paper table code","5963","7a0ae998c1e6b5d8079bce3ec9f4427f12cb149b9139912e16625710608d6d92"
"evaluation/statistical_report.py","evaluation and paper table code","4755","bdf5941eb27f18d23469152a182133fde45a2e34618ea0a497a818f28b6e2857"
"evaluation/summarize_predictor_reward_generation.py","evaluation and paper table code","8120","5aaea7d11b0bcb22b793316774442186e53057e049b6943e918ddacfb9eff151"
"evaluation/summarize_v2_confirmation.py","evaluation and paper table code","4461","c0ea3d83a955794c1bdcefd59e8bf88e98c01c5a2b742aff64ef10d13397e92b"
"evaluation/summarize_v2_screening.py","evaluation and paper table code","6791","5752f97106ef42e039cde099400598e9bed91e22535021491fce46724acc0183"
"evaluation/summarize_v21_prospective_confirmation.py","evaluation and paper table code","5278","4ebb91013d86cdee0a5505e6f730a35a2a86fed96f58cdaf1ffcbea5816d4c67"
"evaluation/summarize_v21_screening.py","evaluation and paper table code","5763","1f5081b3620dc8d9cd3a6ad939ef2a169dec6934d19ca171e3f2f567263840b4"
"evaluation/summarize_v3_confirmation.py","evaluation and paper table code","6055","581f8266561d143573b8518a222bf21e7494b3a1fb87964e436fb210ac6e1108"
"evaluation/summarize_v3_generator_screening.py","evaluation and paper table code","5194","73134cdc4131a99d837ba8483ab75613ed5b294639859f80c36495a9323cf645"
"evaluation/summarize_v4_ablation.py","evaluation and paper table code","9631","83957cbdf12bee68c5fd7987ef007eb993e426c63d1a320ccb05270beaa95bbb"
"evaluation/summarize_v4_common_seeds.py","evaluation and paper table code","7664","7ac19f55be81bcccc0f1aaffdf259bb9ca65a688e13c822b4a8e6c8cf130796b"
"evaluation/summarize_v4_confirmation.py","evaluation and paper table code","6731","cd0b784d897d62f362e155edd8773277b320aca1f443030b788dac2a61924007"
"evaluation/train_predictor_v3_chemprop_screen.py","evaluation and paper table code","4914","7f9b91b040aad08e9fc03447123dfed04c2629cf5534d2730a5e25aa3edfd2ff"
"evaluation/train_predictor_v3_deployment.py","evaluation and paper table code","3728","316e98ea048fe8b45995fddd5c3a1ede0996f35cf847fa18c214e3c5a4887e9e"
"evaluation/train_predictor_v3_final.py","evaluation and paper table code","4403","e3db5fb38ffbe1f50a48c1715aec31d0b402858285d86af61446e39e0dde9241"
"evaluation/train_predictor_v4_chemprop_classifiers.py","evaluation and paper table code","4443","25b4527b227d6c04e73e2ddcd7175cbcd1acef7121b336bcc91901a9927ba744"
"evaluation/train_predictor_v41_egfr_external_ensemble.py","evaluation and paper table code","8595","85526f3f1fa2324bcea495aec904dacd7ab1722a2a83ff16e4604cfc68bb6b7b"
"evaluation/train_predictor_v41_egfr_seed_ensemble.py","evaluation and paper table code","5275","3e8eae96b90cbb1f2e8b23420238b83c93c3f5909512de97410f09ded1dc9dae"
"evaluation/train_predictor_v41_egfr_source_multitask.py","evaluation and paper table code","6114","77d74c55ed50ad2e3f98cb874609bc43a3528cc96958bf19fbd2f1bfae5bd294"
"evaluation/train_round2_final_candidates.py","evaluation and paper table code","10792","ff2221a519f5f3532805d2b6e5fe06ef2e94fb2c57d7129e2b380ea49e9f7a34"
"evaluation/train_target_pair_chemprop_screen.py","evaluation and paper table code","6022","75864fe9f0e97810b0fcf2baefa52ed0288e232fc0036e0b8d29a09521adeced"
"evaluation/validate_chembl_strict.py","evaluation and paper table code","13113","819791b9fcc934b5bd30e23cbe2aaeac0cefa02cd2816fbeb3682d94b56cce52"
"evaluation/validate_target_predictors.py","evaluation and paper table code","39689","fea29bc20b46e8f6285b963b0abc0d46b508b770f25f50d5d857ebbd2aa1eb54"
"method/__init__.py","CLOVER-Mol source","59","8b90ef008aa5f22c59e08f07f0e8ae442495c5ea26bc9f6112fbd6d5a7b0f621"
"method/ablation/__init__.py","CLOVER-Mol source","71","6c984dd855935c2e9180b9994c2dcbfa0c68ae33ccb9656221e2214d6d2e66b3"
"method/ablation/multi_critic_ppo_agent.py","CLOVER-Mol source","17224","a15422673594334d9235f6cedbd6fff3cac152867c219a82b31e911a7dc535dd"
"method/ablation/run_wc_ablation_two_targets.py","CLOVER-Mol source","34683","adbcec1a83fcf916767b5cc1969464a1dfdc0f873ab474bef0ba0543b9c6b38d"
"method/ablation/run_wc_two_targets_multiexplore.py","CLOVER-Mol source","84513","3be5a3a56bf9a0e30c982f6a8d9ce20a12b93a4d4e9c5c18f22197e350de51f9"
"method/ablation/single_critic_ppo_agent.py","CLOVER-Mol source","8552","8657eaf9550b9b67defa8867fca4864d08cbfb0791b5198ce397a880af2dc4a7"
"method/ablation/weight_controllers.py","CLOVER-Mol source","31148","221e2db22f5c4e851a8a5a83d2a9ac200c650f3ad91aea4d406ebd6fea3ad668"
"method/finaly.py","CLOVER-Mol source","25014","61f1bea871dcd02cbefbb7c30cd5b1ab382a4101061237c33089bcf3ad19a968"
"method/main_pipeline.py","CLOVER-Mol source","49279","bf54bedd0d6c96f8700242517562be80f933b8ec3b6aa5c1b063e2d78aefc879"
"method/ppo_agent.py","CLOVER-Mol source","14338","465e56ce4ede0cb610ffed9e15f4ab6a73935b4d86cd26a3883d9569259bad0d"
"method/predictor_v41_oracle.py","CLOVER-Mol source","7856","f46d368ae3b89cd9ffafee093d0d30edd5acd732e5f47c298d921feb79e53e95"
"models/README.md","project entrypoint or metadata","381","bd1120ae9bcb2f356e7166697738e50859140867c8b9f463cf146482d342b696"
"outputs/README.md","project entrypoint or metadata","160","02000dc544f95a767993480bb7a4d934389a8d45aa6d573278a33a854588197b"
"README.md","project entrypoint or metadata","4296","31209eb78c7fbd0f95576ee5c01b24dd572b3bfd5d2e65aa16d7fa8d8c48d003"
"reference_results/docking_top10/docking_task_status.csv","compact verified reference summary","343819","b335c73d939cef08a192f4565c5b3585753d3ca9098df8cadb2073ef3982e63b"
"reference_results/docking_top10/docking_top10_compound_summary.csv","compact verified reference summary","607838","346bd273457aaec85c5273a3ac698cbc04a1dd2175725626d9261f130408eed9"
"reference_results/docking_top10/docking_top10_method_summary.csv","compact verified reference summary","3021","89005b5e23ea5bd0936634f3cbd269bd7ee7edd2de192f418836eae2b7e943a0"
"reference_results/docking_top10/docking_top10_seed_summary.csv","compact verified reference summary","19624","93001e4a2379d6f12287618bd1cd53a0d277f2411944b30962d1be6d32c8de1f"
"reference_results/docking_top10/ligand_prep_manifest.json","compact verified reference summary","191","9f86b1ef09b7aaa283172d867ef02db9e1ec8d87e7a4d8420f1486f4a3d8af61"
"reference_results/docking_top10/protocol_validation/EGFR_VEGFR2_protocol_and_validation.json","compact verified reference summary","2728","ee2f5eb06ba0c3ca635f85a4b4efdfd4143d66f62825a435c286fb5ad3272acd"
"reference_results/docking_top10/protocol_validation/EGFR_VEGFR2_redocking_validation.json","compact verified reference summary","903","2106e1061efa4064a0cabacf2f47ed3a27bf59daa690735becd691e8e196ea97"
"reference_results/docking_top10/protocol_validation/EGFR_VEGFR2_redocking/EGFR_AQ4_out.pdbqt","compact verified reference summary","30474","d800f8851b73f6771a381c3fa5713bb4b3c7149da4763763e8ee041e8a6f8882"
"reference_results/docking_top10/protocol_validation/EGFR_VEGFR2_redocking/EGFR_AQ4_out.sdf","compact verified reference summary","41499","2012392a3ba150ddd687849f03e630ae96badd0a32f6dd6f2a3de86f2176cd04"
"reference_results/docking_top10/protocol_validation/EGFR_VEGFR2_redocking/EGFR_AQ4.log","compact verified reference summary","1587","21482bc85d28f12e80e18508bede650ce19d92c03a9311297b798a92d15027da"
"reference_results/docking_top10/protocol_validation/EGFR_VEGFR2_redocking/VEGFR2_AXI_out.pdbqt","compact verified reference summary","28917","a3a1dd2d694d9a0c271fde3ab4c9128b77159ffd4f79099443c462db11035ff4"
"reference_results/docking_top10/protocol_validation/EGFR_VEGFR2_redocking/VEGFR2_AXI_out.sdf","compact verified reference summary","37057","7135520b064ad498ef694d6cbfce31af1f35f9e3de010b5d002b54839b70daae"
"reference_results/docking_top10/protocol_validation/EGFR_VEGFR2_redocking/VEGFR2_AXI.log","compact verified reference summary","1587","a6843c9a20c37818f02712fa06a87616462ad767bef7ad10c8e6caeca952936c"
"reference_results/docking_top10/protocol_validation/PARP1_BRD4_protocol_and_validation.json","compact verified reference summary","3607","ec2f3e22dc34af0b94df58aa21532f181bfec48ec4b4d48e97eecec68c3c4660"
"reference_results/docking_top10/protocol_validation/PARP1_BRD4_redocking_validation.json","compact verified reference summary","1528","6a08d374a3c56df6403795068e11aa1369d5e48f6f950195071b4d4bc1833c21"
"reference_results/docking_top10/protocol_validation/PARP1_BRD4_redocking/BRD4_JQ1_out.pdbqt","compact verified reference summary","28773","ccb80d1b71edd1d6e2eb0db7d683d2d1ed9143848f30891a93b80c4a1c8d99bb"
"reference_results/docking_top10/protocol_validation/PARP1_BRD4_redocking/BRD4_JQ1_out.sdf","compact verified reference summary","45621","c6fd5559c66b41ff516684232db3728562dc235a95269d0bde1c58af86446650"
"reference_results/docking_top10/protocol_validation/PARP1_BRD4_redocking/BRD4_JQ1.log","compact verified reference summary","1588","4399d37bc74a5dd5c7a5556d92bf4a045ccf3ea5e4fcd21f7f0998329aa5c175"
"reference_results/docking_top10/protocol_validation/PARP1_BRD4_redocking/BRD4_JQ1.stdout.txt","compact verified reference summary","1752","569d7749666c58d16592749a7080e2a10e76167d18d206913dfe22c8d6b6643f"
"reference_results/docking_top10/protocol_validation/PARP1_BRD4_redocking/PARP1_09L_out.pdbqt","compact verified reference summary","29124","f52cc6a29fc243c0391cf1e8c4d6640470cd775b586fdf1357b56c192c036bed"
"reference_results/docking_top10/protocol_validation/PARP1_BRD4_redocking/PARP1_09L_out.sdf","compact verified reference summary","44064","7235a77946f7a71d3b65027ebc1e35b4318de2b61957e2be7d7fd7aac44aaf3b"
"reference_results/docking_top10/protocol_validation/PARP1_BRD4_redocking/PARP1_09L.log","compact verified reference summary","1588","5f725a913248de9832abc7263be65cc0cb8e4b5fd865c1e0e089d1965efb7811"
"reference_results/docking_top10/protocol_validation/PARP1_BRD4_redocking/PARP1_09L.stdout.txt","compact verified reference summary","1752","4fcc4b676e9b72607984b6c76c854797494fd9be9bb51ba4bc984f2d9f4529c6"
"reference_results/docking_top10/selected_compounds.csv","compact verified reference summary","484059","bbee983c8038cd9c04eb18458708120f35025533e4ba4dd63346f1ad5b353f02"
"reference_results/docking_top10/selection_audit.json","compact verified reference summary","14400","460232f2889684a6b0629aa24eed1ec939ecd5e35fadef53ec943bf68e3e902c"
"reference_results/docking_top10/training_novelty_top10_candidates.csv","compact verified reference summary","62676","4080aca490cc0cf50b314694b6fa392f154a30a7f0a4bb65567d732204866608"
"reference_results/paper_tables/all_per_seed_metrics.csv","compact verified reference summary","41274","288c35fb7c784ccb6521c359206860a33bb6783b37545d2351dd278d942dda43"
"reference_results/paper_tables/EGFR_VEGFR2_aggregate_metrics.csv","compact verified reference summary","7722","2f1f0b183694a8b147ae07d7e20c71f0e44848bbe65b6e82f33cf05fe0ad90ac"
"reference_results/paper_tables/EGFR_VEGFR2_igd_reference_front.csv","compact verified reference summary","775","4a5342467e723c6fe9e2275fe3775b89a1e3e947d356e9b0516aeabfb1f74a8d"
"reference_results/paper_tables/metadata.json","compact verified reference summary","635","4505d415272b32a4578e6f28ab1595e7137a48859cbef5169ef55be4af5f16f9"
"reference_results/paper_tables/PARP1_BRD4_aggregate_metrics.csv","compact verified reference summary","7626","9e591329ed9b71c9eb74bf811998c6a594b46b0828b18fd1ce925f76558748b3"
"reference_results/paper_tables/PARP1_BRD4_igd_reference_front.csv","compact verified reference summary","970","611bf4d6dcf83579df7af8a27b977b6a0eb472f17b3d65c2e62fa5cc4a4bcc6a"
"reference_results/paper_tables/Table2_Table3_EGFR_VEGFR2.md","compact verified reference summary","2183","aac66f80161bd08faaef037e60f0a7bc93f6d3babef07cdf151be14ab20cbf5f"
"reference_results/paper_tables/Table2_Table3_PARP1_BRD4.md","compact verified reference summary","2183","a70ab765a8ca50737f078e68a8761c500e1e06f3462bf8cfe870fd0365e0cec0"
"results/README.md","project entrypoint or metadata","380","2434d3b08e6a1c0927fbbc1b703a7072c1c44e6b7e2475be52b7471f8aa009c0"
"run_baseline_generation.ps1","project entrypoint or metadata","4558","082086d226df38ef30ad7828eed564ae9c816422884c9eca65aba4a9fbdd3ae4"
"run_v4_ablation_evaluation.ps1","project entrypoint or metadata","3224","f867f51a95e1776effebf671f4052709d4f5bd919e4b65e57cae2e4b010d28a3"
"run_v4_ablation.ps1","project entrypoint or metadata","9657","db1d763bb048f566be6056fa72e0515d731494de706e17fc9526a901d3b84752"
"scripts/build_paper_tables.ps1","one-click reproduction entrypoint","378","6b2d4edd6305e1c3871e9e6eaa83e13c270882d7bac76894b9b84c3bc6dc223a"
"scripts/build_paper_tables.py","one-click reproduction entrypoint","7351","da3d1e76c7ffd56f6cd77bfadbb2f7c88c4628cb13b4e330d66c91020c31fc0c"
"scripts/evaluate_vae_quality.py","one-click reproduction entrypoint","3682","495143132b5e8942b59e5ca4dbd031b5bd15b13514fbd0e5f793937e33ba2d61"
"scripts/make_randomized_smiles_training_set.py","one-click reproduction entrypoint","2638","59ef7cb799762e1a33f5fd12b2d030f06c880cbda4d231e184e926eba12458e1"
"scripts/preflight_reproduction.ps1","one-click reproduction entrypoint","4798","e562efea3ec3832dddd313d1c564229fbac289312c7afa7954610163f35d0e7b"
"scripts/reproduce_all.ps1","one-click reproduction entrypoint","7669","65464d269a7794383956dda8d0566e62ccffdc30962425c0fb2f37fa69492323"
"scripts/run_generation_task.ps1","one-click reproduction entrypoint","2870","0d1eeb19f14c86b7fc5f6dbd5fe77f7adbd195df1a01413f6bc9f2804c166e69"
"scripts/run_own_method_formal.ps1","one-click reproduction entrypoint","5321","ba38aaff56a2ef2bdf578b5f2069cff0d16277127de4c9b1a3ed7fc1637afbe2"
"scripts/setup_environments.ps1","one-click reproduction entrypoint","3670","132e01aa23328fb1f10b82748938658d50f39ddc887a0dc4a0849777465c4a06"
"scripts/summarize_vae_quality.py","one-click reproduction entrypoint","2257","47daeacc8fda3973c81a036d19fe1479a4b6f9dc09fcc796fba705b2ad425e36"
"scripts/train_four_rf_predictors.py","one-click reproduction entrypoint","8497","bfe5fe30d7ccf82dee84637a2912319791df8b972caf9fb9385643d21f527314"
"scripts/train_shared_polygon_vae.ps1","one-click reproduction entrypoint","6843","a0612714b833b89dde37f5b0f332ee5f6edef9bfd6425102f976d4a0792e4044"
"tests/test_unified_multiexplore.py","project entrypoint or metadata","12376","c9e6ea3e1459c9d1c4d51f49bb0de20bdb0c86fedf7e959d4dde099f432cb9ee"
"tools/autodock_vina_1.1.2/README.md","reproduction tool","681","f3eacd657d5c6ffbd203b9e11a9eb9d464aa8aa74baeff121a0fc30375fc92f4"
"tools/generate_package_inventory.ps1","reproduction tool","9950","4c29e50ea64a473304bfd98940085348d79f8aef9089629d394633d534707d87"
"train_baseline_bottom_model.ps1","project entrypoint or metadata","2953","0b36c536b5337f7830dfb3e7521acd1cd1b39274e0f769f3d02f45971cf45951"
"vendor/polygon-main/data/fpscores.pkl.gz","vendored training source","3848394","10dcef9340c873e7b987924461b0af5365eb8dd96be607203debe8ddf80c1e73"
"vendor/polygon-main/LICENSE","vendored training source","1086","84398148f865f53b9133233c3bd6d65afdb1c5199211832bb4c554a9bf303767"
"vendor/polygon-main/polygon/__init__.py","vendored training source","66","d30d97610bd2f84bd4011df7e1fd0b3daacf4c79dd13769f4d565e202a37ab55"
"vendor/polygon-main/polygon/run.py","vendored training source","32513","694208151ab4726d13d6afb9c6352dff2a6aa91e92775b491128c40a3163c52d"
"vendor/polygon-main/polygon/utils/__init__.py","vendored training source","138","71e0f6f2948a81164938ffe14c17a43ab60739c25bfd02532cca7f9b10cbc947"
"vendor/polygon-main/polygon/utils/custom_scoring_fcn.py","vendored training source","17586","4ee385ac2584d486b295116250aaca4b86e238f91be82219e77316564b50ade8"
"vendor/polygon-main/polygon/utils/moses_utils.py","vendored training source","5659","c903552f64f1e9452aa94874b3e1dfadd21a87cd9199641793c2397d2fbf6c63"
"vendor/polygon-main/polygon/utils/scoring_function.py","vendored training source","15315","d5853c20a8d8027837571816fe3a1ab5194c7286884f475b5e2e9ed383c12554"
"vendor/polygon-main/polygon/utils/smiles_char_dict.py","vendored training source","3920","d9fe02ad3ff4ab64efd56dfe225ef472410b24d63bb74b66526afe119adba3ac"
"vendor/polygon-main/polygon/utils/train_ligand_binding_model.py","vendored training source","2149","1091eff115f3e4c494c4e68cde055aecc73c55ada0185561d58b3320d7c87b3f"
"vendor/polygon-main/polygon/utils/utils.py","vendored training source","19041","0c8aeb567cf90a2f7c6cb07a3bd5cf12c75efe67d471192ea6e31dfb824a9c60"
"vendor/polygon-main/polygon/vae/__init__.py","vendored training source","217","a1fe6eaa116605d0ff97a35a49e8cff8950a38092423f133b5e0cfa1b9987b8e"
"vendor/polygon-main/polygon/vae/vae_generator.py","vendored training source","10540","bec31a7fe9895f4b8a3b1b826141a509626dcd928f35f3e8327cad226fe388b8"
"vendor/polygon-main/polygon/vae/vae_misc.py","vendored training source","1685","e5fbd0cb7e0a8a435b9fad4c2307c049f844f34aaf2d504cf2d9eac6cc4fcda2"
"vendor/polygon-main/polygon/vae/vae_model.py","vendored training source","12023","9cb9b08530f71f3bfab7ad269c0c95295645fa21e96ebda27fa05b050e2bdd4f"
"vendor/polygon-main/polygon/vae/vae_trainer.py","vendored training source","10087","564bdac7c51aae5f562ada3803ae67512ec0b62152fc8e26e08002397fa1bfbd"
"vendor/polygon-main/polygon/version.py","vendored training source","26","faba2c23d12b11e40a16a43ecb0138bae5269dc68bea03e61680ced17d1f46b3"
"vendor/polygon-main/README.md","vendored training source","3239","13f9a39844eb316d3f6b92e13ce0e52033ca43e043f1729ad721797e888784c4"
"vendor/polygon-main/setup.py","vendored training source","1413","cb40bfe8272b1c2ce70fe1f77ab5468d64ca7a65e3571a9cc48a4bc27e42317a"
