smiles,pactivity,n_measurements,pactivity_sd,pactivity_min,pactivity_max,first_document_year,last_document_year,n_documents,n_assays,scaffold,pactivity_span
C#CC(=O)Nc1ccc(Oc2c(C)cccc2C)c(-c2cn(C)c(=O)c3cc(C(=O)NCC)sc23)c1,7.96,1,0.0,7.96,7.96,2021,2021,1,1,O=c1[nH]cc(-c2ccccc2Oc2ccccc2)c2sccc12,0.0
C#CC(=O)Nc1ccc(Oc2ccc(F)cc2F)c(-c2cc(NC)c(=O)n(C)c2)c1,7.105,2,0.2474873734152923,6.93,7.28,2021,2021,1,2,O=c1ccc(-c2ccccc2Oc2ccccc2)c[nH]1,0.35000000000000053
C#CC(=O)Nc1ccc(Oc2ccc(F)cc2F)c(-c2cn(C)c(=O)c3ccccc23)c1,6.62,1,0.0,6.62,6.62,2021,2021,1,1,O=c1[nH]cc(-c2ccccc2Oc2ccccc2)c2ccccc12,0.0
C#CC1(O)C(=O)Nc2ccc(-c3c(C)noc3C)cc21,5.92,2,0.0,5.92,5.92,2016,2016,1,2,O=C1Cc2cc(-c3cnoc3)ccc2N1,0.0
C#CCNc1cc2c(cc1OC)nc(NCCCCNC(=O)CC(C)C)c1nnc(C)n12,7.43,1,0.0,7.43,7.43,2021,2021,1,1,c1ccc2c(c1)ncc1nncn12,0.0
C#Cc1cc(-c2cc(S(C)(=O)=O)ccc2OCC2CC2)cn(C)c1=O,5.56,1,0.0,5.56,5.56,2018,2018,1,1,O=c1ccc(-c2ccccc2OCC2CC2)c[nH]1,0.0
C#Cc1cccc2c1O[C@H](C)CC(=O)N2,5.05,1,0.0,5.05,5.05,2019,2019,1,1,O=C1CCOc2ccccc2N1,0.0
C#Cc1sc2c(c1Cc1ccccc1)COCc1nnc(C)n1-2,6.68,1,0.0,6.68,6.68,2018,2018,1,1,c1ccc(Cc2csc3c2COCc2nncn2-3)cc1,0.0
C/C(=C(\F)c1cccc2c1N[C@H](C)CC(=O)N2)c1ccc(C#N)cc1,4.78,1,0.0,4.78,4.78,2019,2019,1,1,O=C1CCNc2c(C=Cc3ccccc3)cccc2N1,0.0
C/C(=C/C(=N)c1cccc2c1N[C@H](C)CC(=O)N2)NCc1ccccc1,4.97,1,0.0,4.97,4.97,2019,2019,1,1,N=C(C=CNCc1ccccc1)c1cccc2c1NCCC(=O)N2,0.0
C/C(=C/c1cccc2c1N[C@H](C)CC(=O)N2)c1ccccc1,5.43,1,0.0,5.43,5.43,2019,2019,1,1,O=C1CCNc2c(C=Cc3ccccc3)cccc2N1,0.0
C/C(=C\c1cccc2c1N[C@H](C)CC(=O)N2)c1ccccc1,5.49,1,0.0,5.49,5.49,2019,2019,1,1,O=C1CCNc2c(C=Cc3ccccc3)cccc2N1,0.0
C/C(=C\c1ccccc1)c1cccc2c1N[C@H](C)CC(=O)N2,5.33,1,0.0,5.33,5.33,2019,2019,1,1,O=C1CCNc2c(C=Cc3ccccc3)cccc2N1,0.0
C/C=C(/Oc1ccccc1)c1nc2c3c(ccc2n1[C@H]1CC[C@H](C(=O)O)CC1)N(C(=O)OC)[C@@H](C)CC3,4.3,1,0.0,4.3,4.3,2022,2022,1,1,C=C(Oc1ccccc1)c1nc2c3c(ccc2n1C1CCCCC1)NCCC3,0.0
C/C=C(\Oc1ccccc1)c1nc2c3c(ccc2n1[C@@H]1CCC[C@@H](C(=O)O)C1)N(C(=O)OC)[C@@H](C)CC3,4.3,1,0.0,4.3,4.3,2022,2022,1,1,C=C(Oc1ccccc1)c1nc2c3c(ccc2n1C1CCCCC1)NCCC3,0.0
C/C=C/C(=O)NCCCCNc1nc2cc(OC)c(OC)cc2n2c(C)nnc12,7.68,1,0.0,7.68,7.68,2021,2021,1,1,c1ccc2c(c1)ncc1nncn12,0.0
C/C=C/C(=O)NCCCCNc1nc2cc(OC)ccc2n2c(C)nnc12,7.29,1,0.0,7.29,7.29,2021,2021,1,1,c1ccc2c(c1)ncc1nncn12,0.0
C/C=C/C(=O)NCCCCNc1nc2cc(OCCOC)ccc2n2c(C)nnc12,7.77,1,0.0,7.77,7.77,2021,2021,1,1,c1ccc2c(c1)ncc1nncn12,0.0
C/C=C/CCn1nc(Nc2cccc(C)c2)c2c1CCN(C(C)=O)C2,4.93,1,0.0,4.93,4.93,2017,2017,1,1,c1ccc(Nc2n[nH]c3c2CNCC3)cc1,0.0
C/C=C/Cn1cc(-c2cc(C(=O)NC3CC3)ccc2OC)c2cc[nH]c2c1=O,6.01,1,0.0,6.01,6.01,2019,2019,1,1,O=C(NC1CC1)c1cccc(-c2c[nH]c(=O)c3[nH]ccc23)c1,0.0
C/C=C/Cn1cc(-c2cc(C(=O)NC3CCC3)ccc2OC)c2cc[nH]c2c1=O,5.89,1,0.0,5.89,5.89,2019,2019,1,1,O=C(NC1CCC1)c1cccc(-c2c[nH]c(=O)c3[nH]ccc23)c1,0.0
C/C=C/Cn1cc(-c2cc(C(=O)NC3CCOC3)ccc2OC)c2cc[nH]c2c1=O,5.8,1,0.0,5.8,5.8,2019,2019,1,1,O=C(NC1CCOC1)c1cccc(-c2c[nH]c(=O)c3[nH]ccc23)c1,0.0
C/C=C/Cn1cc(-c2cc(C(=O)NCC(F)F)ccc2OC)c2cc[nH]c2c1=O,6.5,1,0.0,6.5,6.5,2019,2019,1,1,O=c1[nH]cc(-c2ccccc2)c2cc[nH]c12,0.0
C/C=C/Cn1cc(-c2cc(C(=O)NCC3CC3)ccc2OC)c2cc[nH]c2c1=O,5.92,1,0.0,5.92,5.92,2019,2019,1,1,O=C(NCC1CC1)c1cccc(-c2c[nH]c(=O)c3[nH]ccc23)c1,0.0
C/C=C/Cn1cc(-c2cc(C(N)=O)ccc2F)c2cc[nH]c2c1=O,5.75,1,0.0,5.75,5.75,2019,2019,1,1,O=c1[nH]cc(-c2ccccc2)c2cc[nH]c12,0.0
C/C=C/Cn1cc(-c2ccc(C(N)=O)c(F)c2)c2cc[nH]c2c1=O,6.05,1,0.0,6.05,6.05,2019,2019,1,1,O=c1[nH]cc(-c2ccccc2)c2cc[nH]c12,0.0
C/C=C/Cn1cc(-c2ccc3c(c2)NC(C)CC(=O)N3)c2cc[nH]c2c1=O,5.72,1,0.0,5.72,5.72,2019,2019,1,1,O=C1CCNc2cc(-c3c[nH]c(=O)c4[nH]ccc34)ccc2N1,0.0
C/C=C/Cn1cc(-c2cccc(C(N)=O)c2F)c2cc[nH]c2c1=O,5.92,1,0.0,5.92,5.92,2019,2019,1,1,O=c1[nH]cc(-c2ccccc2)c2cc[nH]c12,0.0
C/C=C/S(=O)(=O)Nc1ccc(Oc2ccc(F)cc2F)c(-c2cn(C)c(=O)c3ccccc23)c1,7.1,1,0.0,7.1,7.1,2021,2021,1,1,O=c1[nH]cc(-c2ccccc2Oc2ccccc2)c2ccccc12,0.0
C/C=C1\C(=O)Nc2ccc(NS(=O)(=O)c3ccccc3OC)cc21,7.44,1,0.0,7.44,7.44,2020,2020,1,1,C=C1C(=O)Nc2ccc(NS(=O)(=O)c3ccccc3)cc21,0.0
C=C(C)CC1(O)C(=O)Nc2ccc(-c3c(C)noc3C)cc21,5.41,2,0.0,5.41,5.41,2016,2016,1,2,O=C1Cc2cc(-c3cnoc3)ccc2N1,0.0
C=C(C)c1ccc(OC(C)C)c(-c2cn(C)c(=O)c3[nH]c(C(=O)NCc4ccc(C(=O)NCCCCNc5cccc6c5C(=O)N(C5CCC(=O)NC5=O)C6=O)cc4)cc23)c1,6.965,2,0.049497474683058526,6.93,7.0,2022,2022,1,2,O=C1CCC(N2C(=O)c3cccc(NCCCCNC(=O)c4ccc(CNC(=O)c5cc6c(-c7ccccc7)c[nH]c(=O)c6[nH]5)cc4)c3C2=O)C(=O)N1,0.07000000000000028
C=C(C)c1ccc(Oc2c(C)cc(F)cc2C)c(-c2cn(C)c(=O)c3cc(C(=O)NCC)sc23)c1,6.13,1,0.0,6.13,6.13,2023,2023,1,1,O=c1[nH]cc(-c2ccccc2Oc2ccccc2)c2sccc12,0.0
C=C(C)c1ccc(Oc2c(C)cc(F)cc2C)c(-c2cn(C)c(=O)c3sc(C(=O)NCC)cc23)c1,6.99,1,0.0,6.99,6.99,2023,2023,1,1,O=c1[nH]cc(-c2ccccc2Oc2ccccc2)c2ccsc12,0.0
C=C(C)c1ccc(Oc2ccccc2)c(-c2cn(C)c(=O)c3[nH]c(C(=O)NCc4ccc(C(=O)NCCCCNc5cccc6c5C(=O)N(C5CCC(=O)NC5=O)C6=O)cc4)cc23)c1,6.875,2,0.36062445840513907,6.62,7.13,2022,2022,1,2,O=C1CCC(N2C(=O)c3cccc(NCCCCNC(=O)c4ccc(CNC(=O)c5cc6c(-c7ccccc7Oc7ccccc7)c[nH]c(=O)c6[nH]5)cc4)c3C2=O)C(=O)N1,0.5099999999999998
C=C(c1ccc(OC)cc1)c1cccc2c1O[C@H](C)CC(=O)N2,5.33,1,0.0,5.33,5.33,2019,2019,1,1,C=C(c1ccccc1)c1cccc2c1OCCC(=O)N2,0.0
C=CC(=O)N(C)c1ccc(Oc2ccc(F)cc2F)c(-c2cc(NC)c(=O)n(C)c2)c1,6.87,1,0.0,6.87,6.87,2021,2021,1,1,O=c1ccc(-c2ccccc2Oc2ccccc2)c[nH]1,0.0
C=CC(=O)N(C)c1ccc(Oc2ccc(F)cc2F)c(-c2cn(C)c(=O)c3ccccc23)c1,6.53,1,0.0,6.53,6.53,2021,2021,1,1,O=c1[nH]cc(-c2ccccc2Oc2ccccc2)c2ccccc12,0.0
C=CC(=O)Nc1ccc(Nc2c(C)cccc2C)c(-c2cn(C)c(=O)c3ccccc23)c1,6.05,1,0.0,6.05,6.05,2021,2021,1,1,O=c1[nH]cc(-c2ccccc2Nc2ccccc2)c2ccccc12,0.0
C=CC(=O)Nc1ccc(Nc2c(F)cccc2F)c(-c2cn(C)c(=O)c3ccccc23)c1,5.75,1,0.0,5.75,5.75,2021,2021,1,1,O=c1[nH]cc(-c2ccccc2Nc2ccccc2)c2ccccc12,0.0
C=CC(=O)Nc1ccc(Nc2ccc(C)cc2)c(-c2cn(C)c(=O)c3ccccc23)c1,5.67,1,0.0,5.67,5.67,2021,2021,1,1,O=c1[nH]cc(-c2ccccc2Nc2ccccc2)c2ccccc12,0.0
C=CC(=O)Nc1ccc(Nc2ccc(F)cc2F)c(-c2cc(NC)c(=O)n(C)c2)c1,6.05,1,0.0,6.05,6.05,2021,2021,1,1,O=c1ccc(-c2ccccc2Nc2ccccc2)c[nH]1,0.0
C=CC(=O)Nc1ccc(Nc2ccc(F)cc2F)c(-c2cn(C)c(=O)c3ccccc23)c1,5.715,2,0.07778174593051983,5.66,5.77,2021,2021,1,2,O=c1[nH]cc(-c2ccccc2Nc2ccccc2)c2ccccc12,0.10999999999999943
C=CC(=O)Nc1ccc(OC(C)C)c(-c2cc(NC)c(=O)n(C)c2)c1,6.11,1,0.0,6.11,6.11,2021,2021,1,1,O=c1ccc(-c2ccccc2)c[nH]1,0.0
C=CC(=O)Nc1ccc(OC(F)(F)F)c(-c2cn(C)c(=O)c3ccccc23)c1,5.49,1,0.0,5.49,5.49,2021,2021,1,1,O=c1[nH]cc(-c2ccccc2)c2ccccc12,0.0
C=CC(=O)Nc1ccc(Oc2c(C)cc(F)cc2C)c(-c2cc(NC)c(=O)n(C)c2)c1,7.07,2,0.9899494936611658,6.37,7.77,2021,2021,1,2,O=c1ccc(-c2ccccc2Oc2ccccc2)c[nH]1,1.3999999999999995
C=CC(=O)Nc1ccc(Oc2c(C)cccc2C)c(-c2cn(C)c(=O)c3ccccc23)c1,5.635,2,0.8838834764831844,5.01,6.26,2021,2021,1,2,O=c1[nH]cc(-c2ccccc2Oc2ccccc2)c2ccccc12,1.25
C=CC(=O)Nc1ccc(Oc2c(F)cccc2F)c(-c2cn(C)c(=O)c3ccccc23)c1,7.11,1,0.0,7.11,7.11,2021,2021,1,1,O=c1[nH]cc(-c2ccccc2Oc2ccccc2)c2ccccc12,0.0
C=CC(=O)Nc1ccc(Oc2ccc(C)cc2)c(-c2cc(NC)c(=O)n(C)c2)c1,6.92,1,0.0,6.92,6.92,2021,2021,1,1,O=c1ccc(-c2ccccc2Oc2ccccc2)c[nH]1,0.0
C=CC(=O)Nc1ccc(Oc2ccc(C)cc2)c(-c2cn(C)c(=O)c3ccccc23)c1,6.58,1,0.0,6.58,6.58,2021,2021,1,1,O=c1[nH]cc(-c2ccccc2Oc2ccccc2)c2ccccc12,0.0
C=CC(=O)Nc1ccc(Oc2ccc(Cl)c(F)c2)c(-c2cn(C)c(=O)c3ccccc23)c1,6.14,1,0.0,6.14,6.14,2021,2021,1,1,O=c1[nH]cc(-c2ccccc2Oc2ccccc2)c2ccccc12,0.0
C=CC(=O)Nc1ccc(Oc2ccc(Cl)cc2)c(-c2cn(C)c(=O)c3ccccc23)c1,6.38,1,0.0,6.38,6.38,2021,2021,1,1,O=c1[nH]cc(-c2ccccc2Oc2ccccc2)c2ccccc12,0.0
C=CC(=O)Nc1ccc(Oc2ccc(F)cc2)c(-c2cc(NC)c(=O)n(C)c2)c1,7.11,2,0.1838477631085022,6.98,7.24,2021,2021,1,2,O=c1ccc(-c2ccccc2Oc2ccccc2)c[nH]1,0.2599999999999998
C=CC(=O)Nc1ccc(Oc2ccc(F)cc2)c(-c2cn(C(C)C)c(=O)c3ccccc23)c1,4.75,1,0.0,4.75,4.75,2021,2021,1,1,O=c1[nH]cc(-c2ccccc2Oc2ccccc2)c2ccccc12,0.0
C=CC(=O)Nc1ccc(Oc2ccc(F)cc2)c(-c2cn(C)c(=O)c3ccccc23)c1,6.55,1,0.0,6.55,6.55,2021,2021,1,1,O=c1[nH]cc(-c2ccccc2Oc2ccccc2)c2ccccc12,0.0
C=CC(=O)Nc1ccc(Oc2ccc(F)cc2F)c(-c2cc(N(C)C)c(=O)n(C)c2)c1,7.67,2,0.21213203435596475,7.52,7.82,2021,2021,1,2,O=c1ccc(-c2ccccc2Oc2ccccc2)c[nH]1,0.3000000000000007
C=CC(=O)Nc1ccc(Oc2ccc(F)cc2F)c(-c2cc(NC)c(=O)n(C)c2)c1,6.960000000000001,2,0.32526911934581154,6.73,7.19,2021,2021,1,2,O=c1ccc(-c2ccccc2Oc2ccccc2)c[nH]1,0.45999999999999996
C=CC(=O)Nc1ccc(Oc2ccc(F)cc2F)c(-c2cn(C)c(=O)c3c2OCC(=O)N3)c1,5.74,1,0.0,5.74,5.74,2021,2021,1,1,O=C1COc2c(-c3ccccc3Oc3ccccc3)c[nH]c(=O)c2N1,0.0
C=CC(=O)Nc1ccc(Oc2ccc(F)cc2F)c(-c2cn(C)c(=O)c3ccccc23)c1,6.5,1,0.0,6.5,6.5,2021,2021,1,1,O=c1[nH]cc(-c2ccccc2Oc2ccccc2)c2ccccc12,0.0
C=CC(=O)Nc1ccc(Oc2ccc(F)cc2F)c(-c2cn(C)c(=O)cc2OC)c1,7.35,2,0.8626702730475881,6.74,7.96,2021,2021,1,2,O=c1ccc(-c2ccccc2Oc2ccccc2)c[nH]1,1.2199999999999998
C=CC(=O)Nc1ccc(Oc2ccc(F)cc2F)c(-c2nn(C)c(=O)cc2OC)c1,6.69,1,0.0,6.69,6.69,2021,2021,1,1,O=c1ccc(-c2ccccc2Oc2ccccc2)n[nH]1,0.0
C=CC(=O)Nc1ccc(Oc2ccc(F)cc2F)c(-n2cc(C)c(=O)c3ccccc32)c1,7.57,1,0.0,7.57,7.57,2021,2021,1,1,O=c1ccn(-c2ccccc2Oc2ccccc2)c2ccccc12,0.0
C=CC(=O)Nc1ccc(Oc2ccc(OC)cc2)c(-c2cc(NC)c(=O)n(C)c2)c1,6.85,1,0.0,6.85,6.85,2021,2021,1,1,O=c1ccc(-c2ccccc2Oc2ccccc2)c[nH]1,0.0
C=CC(=O)Nc1ccc(Oc2ccc(OC)cc2)c(-c2cn(C)c(=O)c3ccccc23)c1,6.720000000000001,2,0.5656854249492376,6.32,7.12,2021,2021,1,2,O=c1[nH]cc(-c2ccccc2Oc2ccccc2)c2ccccc12,0.7999999999999998
C=CCC1(O)C(=O)Nc2ccc(-c3c(C)noc3C)cc21,5.6,2,0.0,5.6,5.6,2016,2016,1,2,O=C1Cc2cc(-c3cnoc3)ccc2N1,0.0
C=CCCC1(O)C(=O)Nc2ccc(-c3c(C)noc3C)cc21,6.37,2,0.0,6.37,6.37,2016,2016,1,2,O=C1Cc2cc(-c3cnoc3)ccc2N1,0.0
C=CCCCC1(O)C(=O)Nc2ccc(-c3c(C)noc3C)cc21,6.27,2,0.0,6.27,6.27,2016,2016,1,2,O=C1Cc2cc(-c3cnoc3)ccc2N1,0.0
C=CCCN1C(=O)[C@@H](C)N(C2CCCC2)c2nc(Nc3ccc(C(=O)N4CCC(O)CC4)cc3OC)ccc21,5.36,1,0.0,5.36,5.36,2019,2019,1,1,O=C1CN(C2CCCC2)c2nc(Nc3ccc(C(=O)N4CCCCC4)cc3)ccc2N1,0.0
C=CCCn1cc(-c2cc(C#N)cc(C(=O)N3CCOCC3)c2)c2cc[nH]c2c1=O,5.525,2,0.3181980515339468,5.3,5.75,2018,2018,1,2,O=C(c1cccc(-c2c[nH]c(=O)c3[nH]ccc23)c1)N1CCOCC1,0.4500000000000002
C=CCCn1cc(-c2cc(C(=O)N3CCOCC3)c3c(c2)ncn3C)c2cc[nH]c2c1=O,5.4,2,0.05656854249492385,5.36,5.44,2018,2018,1,2,O=C(c1cc(-c2c[nH]c(=O)c3[nH]ccc23)cc2nc[nH]c12)N1CCOCC1,0.08000000000000007
C=CCCn1cc(-c2cc(C(=O)N3CCOCC3)c3c(c2)ncn3CC)c2cc[nH]c2c1=O,5.85,2,0.21213203435596445,5.7,6.0,2018,2018,1,2,O=C(c1cc(-c2c[nH]c(=O)c3[nH]ccc23)cc2nc[nH]c12)N1CCOCC1,0.2999999999999998
C=CCCn1cc(-c2cc(C(=O)N3CCOCC3)c3nc[nH]c3c2)c2cc[nH]c2c1=O,5.5,2,0.19798989873223286,5.36,5.64,2018,2018,1,2,O=C(c1cc(-c2c[nH]c(=O)c3[nH]ccc23)cc2[nH]cnc12)N1CCOCC1,0.27999999999999936
C=CCCn1cc(-c2cc(C(=O)N3CCOCC3)c3ncn(C)c3c2)c2cc[nH]c2c1=O,5.005,2,0.12020815280171303,4.92,5.09,2018,2018,1,2,O=C(c1cc(-c2c[nH]c(=O)c3[nH]ccc23)cc2[nH]cnc12)N1CCOCC1,0.16999999999999993
C=CCCn1cc(-c2cc(C(=O)N3CCOCC3)c3ncn(CC)c3c2)c2cc[nH]c2c1=O,5.32,2,0.21213203435596445,5.17,5.47,2018,2018,1,2,O=C(c1cc(-c2c[nH]c(=O)c3[nH]ccc23)cc2[nH]cnc12)N1CCOCC1,0.2999999999999998
C=CCCn1cc(-c2cc(F)c(F)c(C(=O)N3CCOCC3)c2)c2cc[nH]c2c1=O,4.935,2,0.23334523779156074,4.77,5.1,2018,2018,1,2,O=C(c1cccc(-c2c[nH]c(=O)c3[nH]ccc23)c1)N1CCOCC1,0.33000000000000007
C=CCCn1cc(-c2cc(F)cc(C(=O)N3CCOCC3)c2)c2cc[nH]c2c1=O,5.609999999999999,2,0.43840620433565924,5.3,5.92,2018,2018,1,2,O=C(c1cccc(-c2c[nH]c(=O)c3[nH]ccc23)c1)N1CCOCC1,0.6200000000000001
C=CCCn1cc(-c2cc(N)cc(C(=O)N3CCOCC3)c2)c2cc[nH]c2c1=O,5.86,2,0.6505382386916236,5.4,6.32,2018,2018,1,2,O=C(c1cccc(-c2c[nH]c(=O)c3[nH]ccc23)c1)N1CCOCC1,0.9199999999999999
C=CCCn1cc(-c2cc(OC(F)F)cc(C(=O)N3CCOCC3)c2)c2cc[nH]c2c1=O,5.635,2,0.8273149339882605,5.05,6.22,2018,2018,1,2,O=C(c1cccc(-c2c[nH]c(=O)c3[nH]ccc23)c1)N1CCOCC1,1.17
C=CCCn1cc(-c2ccc(C)c(C(=O)N3CCOCC3)c2)c2cc[nH]c2c1=O,5.3,2,0.0,5.3,5.3,2018,2018,1,2,O=C(c1cccc(-c2c[nH]c(=O)c3[nH]ccc23)c1)N1CCOCC1,0.0
C=CCCn1cc(-c2ccc(Cl)c(C(=O)N3CCOCC3)c2)c2cc[nH]c2c1=O,5.3,2,0.0,5.3,5.3,2018,2018,1,2,O=C(c1cccc(-c2c[nH]c(=O)c3[nH]ccc23)c1)N1CCOCC1,0.0
C=CCCn1cc(-c2ccc(F)c(C(=O)N3CCOCC3)c2)c2cc[nH]c2c1=O,5.125,2,0.23334523779156074,4.96,5.29,2018,2018,1,2,O=C(c1cccc(-c2c[nH]c(=O)c3[nH]ccc23)c1)N1CCOCC1,0.33000000000000007
C=CCCn1cc(-c2cccc(C(=O)N(C)C3CCCCC3)c2)c2cc[nH]c2c1=O,5.87,2,0.3535533905932738,5.62,6.12,2018,2018,1,2,O=C(NC1CCCCC1)c1cccc(-c2c[nH]c(=O)c3[nH]ccc23)c1,0.5
C=CCCn1cc(-c2cccc(C(=O)N(CC)CC)c2)c2cc[nH]c2c1=O,5.99,2,0.24041630560342606,5.82,6.16,2018,2018,1,2,O=c1[nH]cc(-c2ccccc2)c2cc[nH]c12,0.33999999999999986
C=CCCn1cc(-c2cccc(C(=O)N3CCCC3)c2)c2cc[nH]c2c1=O,5.92,2,0.2828427124746193,5.72,6.12,2018,2018,1,2,O=C(c1cccc(-c2c[nH]c(=O)c3[nH]ccc23)c1)N1CCCC1,0.40000000000000036
C=CCCn1cc(-c2cccc(C(=O)N3CCN(C)CC3)c2)c2cc[nH]c2c1=O,5.5600000000000005,2,0.36769552621700535,5.3,5.82,2018,2018,1,2,O=C(c1cccc(-c2c[nH]c(=O)c3[nH]ccc23)c1)N1CCNCC1,0.5200000000000005
C=CCCn1cc(-c2cccc(C(=O)N3CCN(CCO)CC3)c2)c2cc[nH]c2c1=O,5.4,2,0.14142135623730995,5.3,5.5,2018,2018,1,2,O=C(c1cccc(-c2c[nH]c(=O)c3[nH]ccc23)c1)N1CCNCC1,0.20000000000000018
C=CCCn1cc(-c2cccc(C(=O)N3CCOCC3)c2)c2cc[nH]c2c1=O,5.58,2,0.5939696961966998,5.16,6.0,2018,2018,1,2,O=C(c1cccc(-c2c[nH]c(=O)c3[nH]ccc23)c1)N1CCOCC1,0.8399999999999999
C=CCCn1cc(-c2cnc(C)c(C(=O)N3CCOCC3)c2)c2cc[nH]c2c1=O,4.845,2,0.06363961030678918,4.8,4.89,2018,2018,1,2,O=C(c1cncc(-c2c[nH]c(=O)c3[nH]ccc23)c1)N1CCOCC1,0.08999999999999986
C=CCCn1cc(-c2cnc(OC)c(C(=O)N3CCOCC3)c2)c2cc[nH]c2c1=O,5.045,2,0.03535533905932788,5.02,5.07,2018,2018,1,2,O=C(c1cncc(-c2c[nH]c(=O)c3[nH]ccc23)c1)N1CCOCC1,0.05000000000000071
C=CCCn1cc(-c2cnc(OCC)c(C(=O)N3CCOCC3)c2)c2cc[nH]c2c1=O,5.16,2,0.05656854249492385,5.12,5.2,2018,2018,1,2,O=C(c1cncc(-c2c[nH]c(=O)c3[nH]ccc23)c1)N1CCOCC1,0.08000000000000007
C=CCCn1cc(-c2cncc(C(=O)N3CCOCC3)c2)c2cc[nH]c2c1=O,5.4,2,0.14142135623730995,5.3,5.5,2018,2018,1,2,O=C(c1cncc(-c2c[nH]c(=O)c3[nH]ccc23)c1)N1CCOCC1,0.20000000000000018
C=CCN1C(=O)[C@@H](C)N(C2CCCC2)c2nc(Nc3ccc(C(=O)N4CCC(O)CC4)cc3OC)ccc21,5.35,1,0.0,5.35,5.35,2019,2019,1,1,O=C1CN(C2CCCC2)c2nc(Nc3ccc(C(=O)N4CCCCC4)cc3)ccc2N1,0.0
C=CCOC(=O)NCCCCNc1nc2cc(OC)c(OC)cc2n2c(C)nnc12,7.66,1,0.0,7.66,7.66,2021,2021,1,1,c1ccc2c(c1)ncc1nncn12,0.0
C=CCOC(=O)NCCCCNc1nc2cc(OCCOC)ccc2n2c(C)nnc12,7.85,1,0.0,7.85,7.85,2021,2021,1,1,c1ccc2c(c1)ncc1nncn12,0.0
C=CCn1nc(Nc2ccc(-c3cnn(C)c3)cc2)c2c1CCN(C(C)=O)C2,5.39,1,0.0,5.39,5.39,2017,2017,1,1,c1cc(-c2cn[nH]c2)ccc1Nc1n[nH]c2c1CNCC2,0.0
C=CS(=O)(=O)N(C)c1ccc(Oc2ccc(F)cc2F)c(-c2cc(NC)c(=O)n(C)c2)c1,7.47,1,0.0,7.47,7.47,2021,2021,1,1,O=c1ccc(-c2ccccc2Oc2ccccc2)c[nH]1,0.0
C=CS(=O)(=O)Nc1ccc(Nc2ccc(F)cc2F)c(-c2cc(NC)c(=O)n(C)c2)c1,7.96,1,0.0,7.96,7.96,2021,2021,1,1,O=c1ccc(-c2ccccc2Nc2ccccc2)c[nH]1,0.0
C=CS(=O)(=O)Nc1ccc(OC)c(-c2cc(NC)c(=O)n(C)c2)c1,5.41,1,0.0,5.41,5.41,2021,2021,1,1,O=c1ccc(-c2ccccc2)c[nH]1,0.0
C=CS(=O)(=O)Nc1ccc(Oc2ccc(C)cc2)c(-c2cc(NC)c(=O)n(C)c2)c1,7.66,1,0.0,7.66,7.66,2021,2021,1,1,O=c1ccc(-c2ccccc2Oc2ccccc2)c[nH]1,0.0
C=CS(=O)(=O)Nc1ccc(Oc2ccc(C)cc2)c(-c2cn(C)c(=O)c3ccccc23)c1,7.62,1,0.0,7.62,7.62,2021,2021,1,1,O=c1[nH]cc(-c2ccccc2Oc2ccccc2)c2ccccc12,0.0
C=CS(=O)(=O)Nc1ccc(Oc2ccc(F)cc2)c(-c2cc(NC)c(=O)n(C)c2)c1,7.62,1,0.0,7.62,7.62,2021,2021,1,1,O=c1ccc(-c2ccccc2Oc2ccccc2)c[nH]1,0.0
C=CS(=O)(=O)Nc1ccc(Oc2ccc(F)cc2)c(-c2cn(C)c(=O)c3ccccc23)c1,7.85,1,0.0,7.85,7.85,2021,2021,1,1,O=c1[nH]cc(-c2ccccc2Oc2ccccc2)c2ccccc12,0.0
C=CS(=O)(=O)Nc1ccc(Oc2ccc(F)cc2F)c(-c2c[nH]c(=O)c(NC)c2)c1,5.42,1,0.0,5.42,5.42,2021,2021,1,1,O=c1ccc(-c2ccccc2Oc2ccccc2)c[nH]1,0.0
C=CS(=O)(=O)Nc1ccc(Oc2ccc(F)cc2F)c(-c2cc(N(C)C)c(=O)n(C)c2)c1,7.9,2,0.4525483399593908,7.58,8.22,2021,2021,1,2,O=c1ccc(-c2ccccc2Oc2ccccc2)c[nH]1,0.6400000000000006
C=CS(=O)(=O)Nc1ccc(Oc2ccc(F)cc2F)c(-c2cc(N)c(=O)n(C)c2)c1,6.92,1,0.0,6.92,6.92,2021,2021,1,1,O=c1ccc(-c2ccccc2Oc2ccccc2)c[nH]1,0.0
C=CS(=O)(=O)Nc1ccc(Oc2ccc(F)cc2F)c(-c2cc(NC)c(=O)n(C)c2)c1,7.65,4,0.03464101615137715,7.62,7.68,2021,2021,1,2,O=c1ccc(-c2ccccc2Oc2ccccc2)c[nH]1,0.05999999999999961
C=CS(=O)(=O)Nc1ccc(Oc2ccc(F)cc2F)c(-c2cn(C)c(=O)c3ccccc23)c1,7.25,1,0.0,7.25,7.25,2021,2021,1,1,O=c1[nH]cc(-c2ccccc2Oc2ccccc2)c2ccccc12,0.0
C=CS(=O)(=O)Nc1ccc(Oc2ccc(F)cc2F)c(-c2cn(C)c(=O)cc2OC)c1,8.09,2,0.6081118318204305,7.66,8.52,2021,2021,1,2,O=c1ccc(-c2ccccc2Oc2ccccc2)c[nH]1,0.8599999999999994
C=CS(=O)(=O)Nc1ccc(Oc2ccc(F)cc2F)c(-c2cnc(=O)n(C)c2)c1,5.84,1,0.0,5.84,5.84,2021,2021,1,1,O=c1ncc(-c2ccccc2Oc2ccccc2)c[nH]1,0.0
C=CS(=O)(=O)Nc1ccc(Oc2ccc(OC)cc2)c(-c2cc(NC)c(=O)n(C)c2)c1,7.77,1,0.0,7.77,7.77,2021,2021,1,1,O=c1ccc(-c2ccccc2Oc2ccccc2)c[nH]1,0.0
C=CS(=O)(=O)Nc1ccc(Oc2ccc(OC)cc2)c(-c2cn(C)c(=O)c3ccccc23)c1,7.43,1,0.0,7.43,7.43,2021,2021,1,1,O=c1[nH]cc(-c2ccccc2Oc2ccccc2)c2ccccc12,0.0
CC#CC(=O)Nc1ccc(Oc2ccc(F)cc2F)c(-c2cn(C)c(=O)c3ccccc23)c1,6.58,1,0.0,6.58,6.58,2021,2021,1,1,O=c1[nH]cc(-c2ccccc2Oc2ccccc2)c2ccccc12,0.0
CC#CC1(O)C(=O)Nc2ccc(-c3c(C)noc3C)cc21,6.66,2,0.0,6.66,6.66,2016,2016,1,2,O=C1Cc2cc(-c3cnoc3)ccc2N1,0.0
CC(=O)CC1(O)C(=O)Nc2ccc(-c3c(C)noc3C)cc21,6.17,2,0.0,6.17,6.17,2016,2016,1,2,O=C1Cc2cc(-c3cnoc3)ccc2N1,0.0
CC(=O)N1CC(c2cn(C)c3c2C(=O)N(c2cc(C)c4nnc(C)n4c2)C3c2ccc(Cl)cc2)C1,7.85,1,0.0,7.85,7.85,2017,2017,1,1,O=C1c2c(C3CNC3)c[nH]c2C(c2ccccc2)N1c1ccc2nncn2c1,0.0
CC(=O)N1CC(c2nc(-c3cccc4nc(-c5cnn(C)c5)c(C(F)F)cc34)c3n2C(C)C(=O)N(C)C3)C1,7.39,1,0.0,7.39,7.39,2021,2021,1,1,O=C1Cn2c(C3CNC3)nc(-c3cccc4nc(-c5cn[nH]c5)ccc34)c2CN1,0.0
CC(=O)N1CC(n2cc(C)c3c2C(c2ccc(Cl)cc2)N(c2cc(C)c4nnc(C)n4c2)C3=O)C1,7.77,1,0.0,7.77,7.77,2017,2017,1,1,O=C1c2ccn(C3CNC3)c2C(c2ccccc2)N1c1ccc2nncn2c1,0.0
CC(=O)N1CC(n2nc(C)c3c2C(=O)N(c2cc(C)c(=O)n(C)c2)C3c2ccc(Cl)cc2)C1,6.85,1,0.0,6.85,6.85,2015,2015,1,1,O=C1c2c(cnn2C2CNC2)C(c2ccccc2)N1c1ccc(=O)[nH]c1,0.0
CC(=O)N1CC(n2nc(C)c3c2C(=O)N(c2cc(C)c4nnc(C)n4c2)C3c2ccc(Cl)cc2)C1,7.04,1,0.0,7.04,7.04,2015,2015,1,1,O=C1c2c(cnn2C2CNC2)C(c2ccccc2)N1c1ccc2nncn2c1,0.0
CC(=O)N1CC=C(c2nc3c(n2C(C)C)C(c2ccc(Cl)cc2)N(c2cc(C)c4nnc(C)n4c2)C3=O)CC1,7.5,1,0.0,7.5,7.5,2018,2018,1,1,O=C1c2nc(C3=CCNCC3)[nH]c2C(c2ccccc2)N1c1ccc2nncn2c1,0.0
CC(=O)N1CCC(NCC2CC2)=C(C(=N)Nc2ccc(-c3cnn(C)c3)nc2)C1,5.48,1,0.0,5.48,5.48,2017,2017,1,1,N=C(Nc1ccc(-c2cn[nH]c2)nc1)C1=C(NCC2CC2)CCNC1,0.0
CC(=O)N1CCC(Nc2cc(N(C)Cc3ccccc3)nn3c(C)nnc23)CC1,7.21,2,0.0,7.21,7.21,2016,2016,1,2,c1ccc(CNc2cc(NC3CCNCC3)c3nncn3n2)cc1,0.0
CC(=O)N1CCC(c2cc3c(ccc4nnc(C)n43)n2Cc2ccccc2)C1,5.89,4,0.7274613391789283,5.26,6.52,2017,2019,2,4,c1ccc(Cn2c(C3CCNC3)cc3c2ccc2nncn23)cc1,1.2599999999999998
CC(=O)N1CCC(c2ccc(Nc3ncc4ccn(-c5cccc(NS(=O)(=O)C(C)(C)C)c5)c4n3)cc2)CC1,5.0,1,0.0,5.0,5.0,2022,2022,1,1,c1ccc(-n2ccc3cnc(Nc4ccc(C5CCNCC5)cc4)nc32)cc1,0.0
CC(=O)N1CCC(c2ccc(Nc3ncc4ccn(-c5cccc(NS(=O)(=O)C6CC6)c5)c4n3)cc2)CC1,5.0,1,0.0,5.0,5.0,2022,2022,1,1,O=S(=O)(Nc1cccc(-n2ccc3cnc(Nc4ccc(C5CCNCC5)cc4)nc32)c1)C1CC1,0.0
CC(=O)N1CCC(c2nc(-c3cccc4nc(-c5cnn(C)c5)c(C(F)F)cc34)c3n2C(C)C(=O)N(C)C3)CC1,7.35,1,0.0,7.35,7.35,2021,2021,1,1,O=C1Cn2c(C3CCNCC3)nc(-c3cccc4nc(-c5cn[nH]c5)ccc34)c2CN1,0.0
CC(=O)N1CCC(c2nc3ccc(-c4cc(C)c(=O)n(C)c4)cc3n2CCOC(F)(F)F)CC1,6.89,1,0.0,6.89,6.89,2020,2020,1,1,O=c1ccc(-c2ccc3nc(C4CCNCC4)[nH]c3c2)c[nH]1,0.0
CC(=O)N1CCC(n2nc(N3CCCc4cc(-c5cnn(C)c5)c(C(F)F)cc43)c3c2CCN(C(C)=O)C3)CC1,5.39,1,0.0,5.39,5.39,2017,2017,1,1,c1cc2c(cc1-c1cn[nH]c1)CCCN2c1nn(C2CCNCC2)c2c1CNCC2,0.0
CC(=O)N1CCC[C@H](Cn2c(-c3cc(C)c(=O)n(C)c3)nc3ccccc32)C1,6.9,2,0.8485281374238575,6.3,7.5,2023,2023,1,2,O=c1ccc(-c2nc3ccccc3n2CC2CCCNC2)c[nH]1,1.2000000000000002
CC(=O)N1CCCc2cc(N3CCCc4cc(-c5cnn(C)c5)c(C(F)F)cc43)ccc21,5.16,1,0.0,5.16,5.16,2017,2017,1,1,c1cc2c(cc1-c1cn[nH]c1)CCCN2c1ccc2c(c1)CCCN2,0.0
CC(=O)N1CCN(c2ccc(Nc3ncc4ccn(-c5cccc(NS(=O)(=O)C(C)(C)C)c5)c4n3)cc2)CC1,5.7,1,0.0,5.7,5.7,2022,2022,1,1,c1ccc(-n2ccc3cnc(Nc4ccc(N5CCNCC5)cc4)nc32)cc1,0.0
CC(=O)N1CCN(c2ccc(Nc3ncc4ccn(-c5cccc(NS(=O)(=O)C6CC6)c5)c4n3)cc2)CC1,5.24,1,0.0,5.24,5.24,2022,2022,1,1,O=S(=O)(Nc1cccc(-n2ccc3cnc(Nc4ccc(N5CCNCC5)cc4)nc32)c1)C1CC1,0.0
CC(=O)N1CCc2[nH]nc(Nc3cccc(C(F)(F)F)c3)c2C1,4.75,1,0.0,4.75,4.75,2016,2016,1,1,c1ccc(Nc2n[nH]c3c2CNCC3)cc1,0.0
CC(=O)N1CCc2[nH]nc(Nc3ccccc3)c2C1,4.22,1,0.0,4.22,4.22,2016,2016,1,1,c1ccc(Nc2n[nH]c3c2CNCC3)cc1,0.0
CC(=O)N1CCc2c(c(-c3c[nH]c4ccccc34)nn2C2CCOCC2)C1,4.96,1,0.0,4.96,4.96,2018,2018,1,1,c1ccc2c(-c3nn(C4CCOCC4)c4c3CNCC4)c[nH]c2c1,0.0
CC(=O)N1CCc2c(c(-c3cc(C)cc4ccncc34)nn2C2CCOCC2)C1,4.92,1,0.0,4.92,4.92,2018,2018,1,1,c1cc(-c2nn(C3CCOCC3)c3c2CNCC3)c2cnccc2c1,0.0
CC(=O)N1CCc2c(c(-c3cc(Cl)cc4ccncc34)nn2C2CCOCC2)C1,4.72,1,0.0,4.72,4.72,2018,2018,1,1,c1cc(-c2nn(C3CCOCC3)c3c2CNCC3)c2cnccc2c1,0.0
CC(=O)N1CCc2c(c(-c3ccc(C)c4ccncc34)nn2C2CCOCC2)C1,5.11,1,0.0,5.11,5.11,2018,2018,1,1,c1cc(-c2nn(C3CCOCC3)c3c2CNCC3)c2cnccc2c1,0.0
CC(=O)N1CCc2c(c(-c3cccc4[nH]ccc34)nn2C2CCOCC2)C1,5.33,1,0.0,5.33,5.33,2018,2018,1,1,c1cc(-c2nn(C3CCOCC3)c3c2CNCC3)c2cc[nH]c2c1,0.0
CC(=O)N1CCc2c(c(-c3cccc4c(Cl)cncc34)nn2C2CCOCC2)C1,4.85,1,0.0,4.85,4.85,2018,2018,1,1,c1cc(-c2nn(C3CCOCC3)c3c2CNCC3)c2cnccc2c1,0.0
CC(=O)N1CCc2c(c(-c3cccc4cc(-c5cn(C)nc5C#N)ncc34)nn2C2CCOCC2)C1,5.42,1,0.0,5.42,5.42,2018,2018,1,1,c1cc(-c2nn(C3CCOCC3)c3c2CNCC3)c2cnc(-c3cn[nH]c3)cc2c1,0.0
CC(=O)N1CCc2c(c(-c3cccc4cc(-c5cn(C)nc5C(F)F)ncc34)nn2C2CCOCC2)C1,5.55,1,0.0,5.55,5.55,2018,2018,1,1,c1cc(-c2nn(C3CCOCC3)c3c2CNCC3)c2cnc(-c3cn[nH]c3)cc2c1,0.0
CC(=O)N1CCc2c(c(-c3cccc4cc(-c5cnn(C)c5)ncc34)nn2C2CCOCC2)C1,5.6,1,0.0,5.6,5.6,2018,2018,1,1,c1cc(-c2nn(C3CCOCC3)c3c2CNCC3)c2cnc(-c3cn[nH]c3)cc2c1,0.0
CC(=O)N1CCc2c(c(-c3cccc4cc(-c5cnn(C)c5C#N)ncc34)nn2C2CCOCC2)C1,5.17,1,0.0,5.17,5.17,2018,2018,1,1,c1cc(-c2nn(C3CCOCC3)c3c2CNCC3)c2cnc(-c3cn[nH]c3)cc2c1,0.0
CC(=O)N1CCc2c(c(-c3cccc4cc(-c5cnn(C)c5C(F)F)ncc34)nn2C2CCOCC2)C1,5.48,1,0.0,5.48,5.48,2018,2018,1,1,c1cc(-c2nn(C3CCOCC3)c3c2CNCC3)c2cnc(-c3cn[nH]c3)cc2c1,0.0
CC(=O)N1CCc2c(c(-c3cccc4ccncc34)nn2C2CCOCC2)C1,4.85,1,0.0,4.85,4.85,2018,2018,1,1,c1cc(-c2nn(C3CCOCC3)c3c2CNCC3)c2cnccc2c1,0.0
CC(=O)N1CCc2c(c(-c3ccnc4ccccc34)nn2C2CCOCC2)C1,4.85,1,0.0,4.85,4.85,2018,2018,1,1,c1ccc2c(-c3nn(C4CCOCC4)c4c3CNCC4)ccnc2c1,0.0
CC(=O)N1CCc2c(c(N3CCCc4cc(-c5cnn(C)c5)c(C(F)(F)F)cc43)nn2[C@H]2CCOC2)C1,5.38,1,0.0,5.38,5.38,2017,2017,1,1,c1cc2c(cc1-c1cn[nH]c1)CCCN2c1nn(C2CCOC2)c2c1CNCC2,0.0
CC(=O)N1CCc2c(c(N3CCCc4cc(-c5cnn(C)c5)c(C(F)F)cc43)nn2C2CCCCC2)C1,5.02,1,0.0,5.02,5.02,2017,2017,1,1,c1cc2c(cc1-c1cn[nH]c1)CCCN2c1nn(C2CCCCC2)c2c1CNCC2,0.0
CC(=O)N1CCc2c(c(N3CCCc4cc(-c5cnn(C)c5)c(C(F)F)cc43)nn2C2CCN(C)CC2)C1,5.38,1,0.0,5.38,5.38,2017,2017,1,1,c1cc2c(cc1-c1cn[nH]c1)CCCN2c1nn(C2CCNCC2)c2c1CNCC2,0.0
CC(=O)N1CCc2c(c(N3CCCc4cc(-c5cnn(C)c5)c(C(F)F)cc43)nn2C2CCN(S(C)(=O)=O)CC2)C1,5.4,1,0.0,5.4,5.4,2017,2017,1,1,c1cc2c(cc1-c1cn[nH]c1)CCCN2c1nn(C2CCNCC2)c2c1CNCC2,0.0
CC(=O)N1CCc2c(c(N3CCCc4cc(-c5cnn(C)c5)c(C(F)F)cc43)nn2C2CCNCC2)C1,5.51,1,0.0,5.51,5.51,2017,2017,1,1,c1cc2c(cc1-c1cn[nH]c1)CCCN2c1nn(C2CCNCC2)c2c1CNCC2,0.0
CC(=O)N1CCc2c(c(N3CCCc4cc(-c5cnn(C)c5)c(C(F)F)cc43)nn2C2CCOCC2)C1,5.38,1,0.0,5.38,5.38,2017,2017,1,1,c1cc2c(cc1-c1cn[nH]c1)CCCN2c1nn(C2CCOCC2)c2c1CNCC2,0.0
CC(=O)N1CCc2c(c(N3CCCc4cc(-c5cnn(C)c5)c(C(F)F)cc43)nn2C2CCS(=O)(=O)CC2)C1,5.27,1,0.0,5.27,5.27,2017,2017,1,1,O=S1(=O)CCC(n2nc(N3CCCc4cc(-c5cn[nH]c5)ccc43)c3c2CCNC3)CC1,0.0
CC(=O)N1CCc2c(c(N3CCCc4cc(-c5cnn(C)c5)c(C(F)F)cc43)nn2[C@H]2CCOC2)C1,5.25,1,0.0,5.25,5.25,2017,2017,1,1,c1cc2c(cc1-c1cn[nH]c1)CCCN2c1nn(C2CCOC2)c2c1CNCC2,0.0
CC(=O)N1CCc2c(c(N3CCCc4cc(-c5cnn(C)c5)c(C)cc43)nn2[C@H]2CCOC2)C1,5.14,1,0.0,5.14,5.14,2017,2017,1,1,c1cc2c(cc1-c1cn[nH]c1)CCCN2c1nn(C2CCOC2)c2c1CNCC2,0.0
CC(=O)N1CCc2c(c(N3CCCc4cc(-c5cnn(C)c5)c(Cl)cc43)nn2[C@H]2CCOC2)C1,5.32,1,0.0,5.32,5.32,2017,2017,1,1,c1cc2c(cc1-c1cn[nH]c1)CCCN2c1nn(C2CCOC2)c2c1CNCC2,0.0
CC(=O)N1CCc2c(c(N3CCCc4cc(-c5cnn(C)c5)ccc43)nn2[C@H]2CCOC2)C1,4.7,1,0.0,4.7,4.7,2017,2017,1,1,c1cc2c(cc1-c1cn[nH]c1)CCCN2c1nn(C2CCOC2)c2c1CNCC2,0.0
CC(=O)N1CCc2c(c(N3CCc4cc(-c5cnn(C)c5)ccc43)nn2[C@H]2CCOC2)C1,4.92,1,0.0,4.92,4.92,2017,2017,1,1,c1cc2c(cc1-c1cn[nH]c1)CCN2c1nn(C2CCOC2)c2c1CNCC2,0.0
CC(=O)N1CCc2c(c(Nc3c(F)ccc(-c4cnn(C)c4)c3F)nn2C)C1,4.99,1,0.0,4.99,4.99,2017,2017,1,1,c1cc(Nc2n[nH]c3c2CNCC3)cc(-c2cn[nH]c2)c1,0.0
CC(=O)N1CCc2c(c(Nc3c(F)ccc(-c4cnn(C)c4)c3F)nn2C2CCOC2)C1,5.08,1,0.0,5.08,5.08,2017,2017,1,1,c1cc(Nc2nn(C3CCOC3)c3c2CNCC3)cc(-c2cn[nH]c2)c1,0.0
CC(=O)N1CCc2c(c(Nc3c(F)ccc(-c4cnn(C)c4)c3F)nn2[C@@H]2CCOC2)C1,5.08,1,0.0,5.08,5.08,2017,2017,1,1,c1cc(Nc2nn(C3CCOC3)c3c2CNCC3)cc(-c2cn[nH]c2)c1,0.0
CC(=O)N1CCc2c(c(Nc3c(F)ccc(-c4cnn(C)c4)c3F)nn2[C@H]2CCOC2)C1,5.1,1,0.0,5.1,5.1,2017,2017,1,1,c1cc(Nc2nn(C3CCOC3)c3c2CNCC3)cc(-c2cn[nH]c2)c1,0.0
CC(=O)N1CCc2c(c(Nc3cc(-c4cnn(C)c4)c(F)cc3F)nn2C2CCOC2)C1,5.39,1,0.0,5.39,5.39,2017,2017,1,1,c1cc(Nc2nn(C3CCOC3)c3c2CNCC3)cc(-c2cn[nH]c2)c1,0.0
CC(=O)N1CCc2c(c(Nc3cc(-c4cnn(C)c4)cc(C(F)(F)F)c3)nn2C2CCOC2)C1,6.12,1,0.0,6.12,6.12,2017,2017,1,1,c1cc(Nc2nn(C3CCOC3)c3c2CNCC3)cc(-c2cn[nH]c2)c1,0.0
CC(=O)N1CCc2c(c(Nc3cc(-c4cnn(C)c4)cc(F)c3F)nn2C2CCOC2)C1,5.34,1,0.0,5.34,5.34,2017,2017,1,1,c1cc(Nc2nn(C3CCOC3)c3c2CNCC3)cc(-c2cn[nH]c2)c1,0.0
CC(=O)N1CCc2c(c(Nc3cc(-c4cnn(C)c4)ccc3F)nn2C2CCOC2)C1,5.47,1,0.0,5.47,5.47,2017,2017,1,1,c1cc(Nc2nn(C3CCOC3)c3c2CNCC3)cc(-c2cn[nH]c2)c1,0.0
CC(=O)N1CCc2c(c(Nc3cc(-c4cnn(C)c4)ccc3F)nn2CC2CC2)C1,5.56,1,0.0,5.56,5.56,2017,2017,1,1,c1cc(Nc2nn(CC3CC3)c3c2CNCC3)cc(-c2cn[nH]c2)c1,0.0
CC(=O)N1CCc2c(c(Nc3cc(-c4cnn(C)c4)ccn3)nn2C)C1,4.8,1,0.0,4.8,4.8,2017,2017,1,1,c1cc(-c2cn[nH]c2)cc(Nc2n[nH]c3c2CNCC3)n1,0.0
CC(=O)N1CCc2c(c(Nc3cc(C#N)c(-c4cn(C)nc4C(F)(F)F)cc3F)nn2C2COC2)C1,5.12,1,0.0,5.12,5.12,2017,2017,1,1,c1cc(-c2cn[nH]c2)ccc1Nc1nn(C2COC2)c2c1CNCC2,0.0
CC(=O)N1CCc2c(c(Nc3cc(C#N)c(-c4cnn(C)c4)cc3F)nn2C2CCOC2)C1,5.29,1,0.0,5.29,5.29,2017,2017,1,1,c1cc(-c2cn[nH]c2)ccc1Nc1nn(C2CCOC2)c2c1CNCC2,0.0
CC(=O)N1CCc2c(c(Nc3cc(C#N)c(-c4cnn(C)c4)cc3F)nn2C2COC2)C1,5.08,1,0.0,5.08,5.08,2017,2017,1,1,c1cc(-c2cn[nH]c2)ccc1Nc1nn(C2COC2)c2c1CNCC2,0.0
CC(=O)N1CCc2c(c(Nc3cc(C#N)cc(-c4cnn(C)c4)c3)nn2C)C1,5.42,1,0.0,5.42,5.42,2017,2017,1,1,c1cc(Nc2n[nH]c3c2CNCC3)cc(-c2cn[nH]c2)c1,0.0
CC(=O)N1CCc2c(c(Nc3cc(C(=O)NC(C)C)cc(-c4cnn(C)c4)c3)nn2C)C1,5.53,1,0.0,5.53,5.53,2017,2017,1,1,c1cc(Nc2n[nH]c3c2CNCC3)cc(-c2cn[nH]c2)c1,0.0
CC(=O)N1CCc2c(c(Nc3cc(C(F)F)c(-c4cnn(C)c4)cc3F)nn2C2CCOC2)C1,5.67,1,0.0,5.67,5.67,2017,2017,1,1,c1cc(-c2cn[nH]c2)ccc1Nc1nn(C2CCOC2)c2c1CNCC2,0.0
CC(=O)N1CCc2c(c(Nc3cc(C(F)F)c(-c4cnn(C)c4)cc3F)nn2C2CCOCC2)C1,5.61,1,0.0,5.61,5.61,2017,2017,1,1,c1cc(-c2cn[nH]c2)ccc1Nc1nn(C2CCOCC2)c2c1CNCC2,0.0
CC(=O)N1CCc2c(c(Nc3cc(C(F)F)c(-c4cnn(C)c4)cc3F)nn2C2COC2)C1,5.46,1,0.0,5.46,5.46,2017,2017,1,1,c1cc(-c2cn[nH]c2)ccc1Nc1nn(C2COC2)c2c1CNCC2,0.0
CC(=O)N1CCc2c(c(Nc3cc(C)cc(C(=O)NC(C)C)c3)nn2C)C1,5.03,1,0.0,5.03,5.03,2017,2017,1,1,c1ccc(Nc2n[nH]c3c2CNCC3)cc1,0.0
CC(=O)N1CCc2c(c(Nc3cc(Cl)cc(-c4cnn(C)c4)c3)nn2C)C1,5.57,1,0.0,5.57,5.57,2017,2017,1,1,c1cc(Nc2n[nH]c3c2CNCC3)cc(-c2cn[nH]c2)c1,0.0
CC(=O)N1CCc2c(c(Nc3cc(F)c(-c4cn(C)nc4C(F)(F)F)cc3F)nn2C2COC2)C1,5.27,1,0.0,5.27,5.27,2017,2017,1,1,c1cc(-c2cn[nH]c2)ccc1Nc1nn(C2COC2)c2c1CNCC2,0.0
CC(=O)N1CCc2c(c(Nc3cc(F)c(-c4cnn(C)c4)cc3F)nn2C2CCOC2)C1,5.5,1,0.0,5.5,5.5,2017,2017,1,1,c1cc(-c2cn[nH]c2)ccc1Nc1nn(C2CCOC2)c2c1CNCC2,0.0
CC(=O)N1CCc2c(c(Nc3cc(F)c(F)c(-c4cnn(C)c4)c3)nn2C2CCOC2)C1,5.71,1,0.0,5.71,5.71,2017,2017,1,1,c1cc(Nc2nn(C3CCOC3)c3c2CNCC3)cc(-c2cn[nH]c2)c1,0.0
CC(=O)N1CCc2c(c(Nc3cc(F)cc(-c4cnn(C)c4)c3)nn2C)C1,5.3,1,0.0,5.3,5.3,2017,2017,1,1,c1cc(Nc2n[nH]c3c2CNCC3)cc(-c2cn[nH]c2)c1,0.0
CC(=O)N1CCc2c(c(Nc3cc(F)cc(-c4cnn(C)c4)c3)nn2C2CCOC2)C1,5.7,1,0.0,5.7,5.7,2017,2017,1,1,c1cc(Nc2nn(C3CCOC3)c3c2CNCC3)cc(-c2cn[nH]c2)c1,0.0
CC(=O)N1CCc2c(c(Nc3cc4c(c(-c5cnn(C)c5)c3)CCC4)nn2C)C1,5.58,1,0.0,5.58,5.58,2017,2017,1,1,c1n[nH]cc1-c1cc(Nc2n[nH]c3c2CNCC3)cc2c1CCC2,0.0
CC(=O)N1CCc2c(c(Nc3ccc(-c4c(C)nn(C)c4C)cc3)nn2C)C1,4.98,1,0.0,4.98,4.98,2017,2017,1,1,c1cc(-c2cn[nH]c2)ccc1Nc1n[nH]c2c1CNCC2,0.0
CC(=O)N1CCc2c(c(Nc3ccc(-c4c[nH]nc4C(F)(F)F)cc3F)nn2C2CCOC2)C1,5.54,1,0.0,5.54,5.54,2017,2017,1,1,c1cc(-c2cn[nH]c2)ccc1Nc1nn(C2CCOC2)c2c1CNCC2,0.0
CC(=O)N1CCc2c(c(Nc3ccc(-c4c[nH]nc4C(F)F)cc3F)nn2C2CCOC2)C1,5.37,1,0.0,5.37,5.37,2017,2017,1,1,c1cc(-c2cn[nH]c2)ccc1Nc1nn(C2CCOC2)c2c1CNCC2,0.0
CC(=O)N1CCc2c(c(Nc3ccc(-c4cc(F)cc(F)c4)cc3)nn2C)C1,5.17,1,0.0,5.17,5.17,2017,2017,1,1,c1ccc(-c2ccc(Nc3n[nH]c4c3CNCC4)cc2)cc1,0.0
CC(=O)N1CCc2c(c(Nc3ccc(-c4cc(F)ccc4F)cc3)nn2C)C1,5.26,1,0.0,5.26,5.26,2017,2017,1,1,c1ccc(-c2ccc(Nc3n[nH]c4c3CNCC4)cc2)cc1,0.0
CC(=O)N1CCc2c(c(Nc3ccc(-c4cc[nH]n4)cc3)nn2C)C1,4.93,1,0.0,4.93,4.93,2017,2017,1,1,c1cc(-c2ccc(Nc3n[nH]c4c3CNCC4)cc2)n[nH]1,0.0
CC(=O)N1CCc2c(c(Nc3ccc(-c4ccc(C#N)cc4)cc3)nn2C)C1,5.27,1,0.0,5.27,5.27,2017,2017,1,1,c1ccc(-c2ccc(Nc3n[nH]c4c3CNCC4)cc2)cc1,0.0
CC(=O)N1CCc2c(c(Nc3ccc(-c4ccc(C#N)nc4)cc3)nn2C)C1,5.36,1,0.0,5.36,5.36,2017,2017,1,1,c1cncc(-c2ccc(Nc3n[nH]c4c3CNCC4)cc2)c1,0.0
CC(=O)N1CCc2c(c(Nc3ccc(-c4ccc(C(=O)N(C)C)cc4)cc3)nn2C)C1,5.2,1,0.0,5.2,5.2,2017,2017,1,1,c1ccc(-c2ccc(Nc3n[nH]c4c3CNCC4)cc2)cc1,0.0
CC(=O)N1CCc2c(c(Nc3ccc(-c4ccc(C(=O)N5CCN(C)CC5)cc4)cc3)nn2C)C1,5.42,1,0.0,5.42,5.42,2017,2017,1,1,O=C(c1ccc(-c2ccc(Nc3n[nH]c4c3CNCC4)cc2)cc1)N1CCNCC1,0.0
CC(=O)N1CCc2c(c(Nc3ccc(-c4ccc(C(=O)N5CCOCC5)cc4)cc3)nn2C)C1,5.32,1,0.0,5.32,5.32,2017,2017,1,1,O=C(c1ccc(-c2ccc(Nc3n[nH]c4c3CNCC4)cc2)cc1)N1CCOCC1,0.0
CC(=O)N1CCc2c(c(Nc3ccc(-c4ccc(C(F)(F)F)cc4)cc3)nn2C)C1,5.28,1,0.0,5.28,5.28,2017,2017,1,1,c1ccc(-c2ccc(Nc3n[nH]c4c3CNCC4)cc2)cc1,0.0
CC(=O)N1CCc2c(c(Nc3ccc(-c4ccc(C(N)=O)cc4)cc3)nn2C)C1,5.33,1,0.0,5.33,5.33,2017,2017,1,1,c1ccc(-c2ccc(Nc3n[nH]c4c3CNCC4)cc2)cc1,0.0
CC(=O)N1CCc2c(c(Nc3ccc(-c4ccc(C)cc4)cc3)nn2C)C1,5.36,1,0.0,5.36,5.36,2017,2017,1,1,c1ccc(-c2ccc(Nc3n[nH]c4c3CNCC4)cc2)cc1,0.0
CC(=O)N1CCc2c(c(Nc3ccc(-c4ccc(C)nc4)cc3)nn2C)C1,5.43,1,0.0,5.43,5.43,2017,2017,1,1,c1cncc(-c2ccc(Nc3n[nH]c4c3CNCC4)cc2)c1,0.0
CC(=O)N1CCc2c(c(Nc3ccc(-c4ccc(CO)cc4)cc3)nn2C)C1,5.11,1,0.0,5.11,5.11,2017,2017,1,1,c1ccc(-c2ccc(Nc3n[nH]c4c3CNCC4)cc2)cc1,0.0
CC(=O)N1CCc2c(c(Nc3ccc(-c4ccc(Cl)cc4)cc3)nn2C)C1,5.25,1,0.0,5.25,5.25,2017,2017,1,1,c1ccc(-c2ccc(Nc3n[nH]c4c3CNCC4)cc2)cc1,0.0
CC(=O)N1CCc2c(c(Nc3ccc(-c4ccc(F)c(F)c4)cc3)nn2C)C1,5.2,1,0.0,5.2,5.2,2017,2017,1,1,c1ccc(-c2ccc(Nc3n[nH]c4c3CNCC4)cc2)cc1,0.0
CC(=O)N1CCc2c(c(Nc3ccc(-c4ccc(F)cc4)cc3)nn2C)C1,5.26,1,0.0,5.26,5.26,2017,2017,1,1,c1ccc(-c2ccc(Nc3n[nH]c4c3CNCC4)cc2)cc1,0.0
CC(=O)N1CCc2c(c(Nc3ccc(-c4ccc(F)cc4)cc3)nn2CC2CC2)C1,5.5,1,0.0,5.5,5.5,2017,2017,1,1,c1ccc(-c2ccc(Nc3nn(CC4CC4)c4c3CNCC4)cc2)cc1,0.0
CC(=O)N1CCc2c(c(Nc3ccc(-c4ccc(N)nc4)cc3)nn2C)C1,5.34,1,0.0,5.34,5.34,2017,2017,1,1,c1cncc(-c2ccc(Nc3n[nH]c4c3CNCC4)cc2)c1,0.0
CC(=O)N1CCc2c(c(Nc3ccc(-c4ccc(NS(C)(=O)=O)cc4)cc3)nn2C)C1,5.33,1,0.0,5.33,5.33,2017,2017,1,1,c1ccc(-c2ccc(Nc3n[nH]c4c3CNCC4)cc2)cc1,0.0
CC(=O)N1CCc2c(c(Nc3ccc(-c4ccc(OC(F)(F)F)cc4)cc3)nn2C)C1,5.28,1,0.0,5.28,5.28,2017,2017,1,1,c1ccc(-c2ccc(Nc3n[nH]c4c3CNCC4)cc2)cc1,0.0
CC(=O)N1CCc2c(c(Nc3ccc(-c4cccc(C#N)c4)cc3)nn2C)C1,5.27,1,0.0,5.27,5.27,2017,2017,1,1,c1ccc(-c2ccc(Nc3n[nH]c4c3CNCC4)cc2)cc1,0.0
CC(=O)N1CCc2c(c(Nc3ccc(-c4cccc(C(=O)N(C)C)c4)cc3)nn2C)C1,5.22,1,0.0,5.22,5.22,2017,2017,1,1,c1ccc(-c2ccc(Nc3n[nH]c4c3CNCC4)cc2)cc1,0.0
CC(=O)N1CCc2c(c(Nc3ccc(-c4cccc(C(C)(C)O)c4)cc3)nn2C)C1,5.3,1,0.0,5.3,5.3,2017,2017,1,1,c1ccc(-c2ccc(Nc3n[nH]c4c3CNCC4)cc2)cc1,0.0
CC(=O)N1CCc2c(c(Nc3ccc(-c4cccc(C(C)(C)O)c4)cc3)nn2CC2CC2)C1,5.54,1,0.0,5.54,5.54,2017,2017,1,1,c1ccc(-c2ccc(Nc3nn(CC4CC4)c4c3CNCC4)cc2)cc1,0.0
CC(=O)N1CCc2c(c(Nc3ccc(-c4cccc(C(C)O)c4)cc3)nn2C)C1,5.3,1,0.0,5.3,5.3,2017,2017,1,1,c1ccc(-c2ccc(Nc3n[nH]c4c3CNCC4)cc2)cc1,0.0
CC(=O)N1CCc2c(c(Nc3ccc(-c4cccc(C(C)O)c4)cc3)nn2CC2CC2)C1,5.54,1,0.0,5.54,5.54,2017,2017,1,1,c1ccc(-c2ccc(Nc3nn(CC4CC4)c4c3CNCC4)cc2)cc1,0.0
CC(=O)N1CCc2c(c(Nc3ccc(-c4cccc(C(F)(F)F)c4)cc3)nn2C)C1,5.37,1,0.0,5.37,5.37,2017,2017,1,1,c1ccc(-c2ccc(Nc3n[nH]c4c3CNCC4)cc2)cc1,0.0
CC(=O)N1CCc2c(c(Nc3ccc(-c4cccc(C)c4)cc3)nn2C)C1,5.4,1,0.0,5.4,5.4,2017,2017,1,1,c1ccc(-c2ccc(Nc3n[nH]c4c3CNCC4)cc2)cc1,0.0
CC(=O)N1CCc2c(c(Nc3ccc(-c4cccc(CO)c4)cc3)nn2CC2CC2)C1,5.4,1,0.0,5.4,5.4,2017,2017,1,1,c1ccc(-c2ccc(Nc3nn(CC4CC4)c4c3CNCC4)cc2)cc1,0.0
CC(=O)N1CCc2c(c(Nc3ccc(-c4cccc(Cl)c4)cc3)nn2C)C1,5.38,1,0.0,5.38,5.38,2017,2017,1,1,c1ccc(-c2ccc(Nc3n[nH]c4c3CNCC4)cc2)cc1,0.0
CC(=O)N1CCc2c(c(Nc3ccc(-c4cccc(F)c4)cc3)nn2C)C1,5.22,1,0.0,5.22,5.22,2017,2017,1,1,c1ccc(-c2ccc(Nc3n[nH]c4c3CNCC4)cc2)cc1,0.0
CC(=O)N1CCc2c(c(Nc3ccc(-c4cccc(F)c4)cc3)nn2CC2CC2)C1,5.45,1,0.0,5.45,5.45,2017,2017,1,1,c1ccc(-c2ccc(Nc3nn(CC4CC4)c4c3CNCC4)cc2)cc1,0.0
CC(=O)N1CCc2c(c(Nc3ccc(-c4cccc(N(C)C)c4)cc3)nn2C)C1,5.67,1,0.0,5.67,5.67,2017,2017,1,1,c1ccc(-c2ccc(Nc3n[nH]c4c3CNCC4)cc2)cc1,0.0
CC(=O)N1CCc2c(c(Nc3ccc(-c4cccc(NS(C)(=O)=O)c4)cc3)nn2C)C1,5.46,1,0.0,5.46,5.46,2017,2017,1,1,c1ccc(-c2ccc(Nc3n[nH]c4c3CNCC4)cc2)cc1,0.0
CC(=O)N1CCc2c(c(Nc3ccc(-c4cccc(OC(F)(F)F)c4)cc3)nn2C)C1,5.21,1,0.0,5.21,5.21,2017,2017,1,1,c1ccc(-c2ccc(Nc3n[nH]c4c3CNCC4)cc2)cc1,0.0
CC(=O)N1CCc2c(c(Nc3ccc(-c4cccc(OO)c4)cc3)nn2C)C1,4.99,1,0.0,4.99,4.99,2017,2017,1,1,c1ccc(-c2ccc(Nc3n[nH]c4c3CNCC4)cc2)cc1,0.0
CC(=O)N1CCc2c(c(Nc3ccc(-c4ccccc4C)cc3)nn2C)C1,5.26,1,0.0,5.26,5.26,2017,2017,1,1,c1ccc(-c2ccc(Nc3n[nH]c4c3CNCC4)cc2)cc1,0.0
CC(=O)N1CCc2c(c(Nc3ccc(-c4ccccc4F)cc3)nn2C)C1,5.16,1,0.0,5.16,5.16,2017,2017,1,1,c1ccc(-c2ccc(Nc3n[nH]c4c3CNCC4)cc2)cc1,0.0
CC(=O)N1CCc2c(c(Nc3ccc(-c4ccccc4F)cc3)nn2CC2CC2)C1,5.45,1,0.0,5.45,5.45,2017,2017,1,1,c1ccc(-c2ccc(Nc3nn(CC4CC4)c4c3CNCC4)cc2)cc1,0.0
CC(=O)N1CCc2c(c(Nc3ccc(-c4ccccn4)cc3)nn2CC2CC2)C1,5.35,1,0.0,5.35,5.35,2017,2017,1,1,c1ccc(-c2ccc(Nc3nn(CC4CC4)c4c3CNCC4)cc2)nc1,0.0
CC(=O)N1CCc2c(c(Nc3ccc(-c4cccnc4)cc3)nn2C)C1,5.12,1,0.0,5.12,5.12,2017,2017,1,1,c1cncc(-c2ccc(Nc3n[nH]c4c3CNCC4)cc2)c1,0.0
CC(=O)N1CCc2c(c(Nc3ccc(-c4cccnc4OC(C)C)cc3)nn2C)C1,5.58,1,0.0,5.58,5.58,2017,2017,1,1,c1cncc(-c2ccc(Nc3n[nH]c4c3CNCC4)cc2)c1,0.0
CC(=O)N1CCc2c(c(Nc3ccc(-c4ccn(C)n4)cc3)nn2C)C1,5.08,1,0.0,5.08,5.08,2017,2017,1,1,c1cc(-c2ccc(Nc3n[nH]c4c3CNCC4)cc2)n[nH]1,0.0
CC(=O)N1CCc2c(c(Nc3ccc(-c4ccn(C)n4)cc3)nn2CC2CC2)C1,5.42,1,0.0,5.42,5.42,2017,2017,1,1,c1cc(-c2ccc(Nc3nn(CC4CC4)c4c3CNCC4)cc2)n[nH]1,0.0
CC(=O)N1CCc2c(c(Nc3ccc(-c4ccncc4)cc3)nn2CC2CC2)C1,5.36,1,0.0,5.36,5.36,2017,2017,1,1,c1cc(-c2ccc(Nc3nn(CC4CC4)c4c3CNCC4)cc2)ccn1,0.0
CC(=O)N1CCc2c(c(Nc3ccc(-c4ccnn4C)cc3)nn2C)C1,5.1,1,0.0,5.1,5.1,2017,2017,1,1,c1cc(-c2ccc(Nc3n[nH]c4c3CNCC4)cc2)[nH]n1,0.0
CC(=O)N1CCc2c(c(Nc3ccc(-c4ccnn4C)cc3)nn2CC2CC2)C1,5.43,1,0.0,5.43,5.43,2017,2017,1,1,c1cc(-c2ccc(Nc3nn(CC4CC4)c4c3CNCC4)cc2)[nH]n1,0.0
CC(=O)N1CCc2c(c(Nc3ccc(-c4cn(C)nc4C#N)cc3F)nn2C2CCOC2)C1,5.4,1,0.0,5.4,5.4,2017,2017,1,1,c1cc(-c2cn[nH]c2)ccc1Nc1nn(C2CCOC2)c2c1CNCC2,0.0
CC(=O)N1CCc2c(c(Nc3ccc(-c4cn(C)nc4C(F)(F)F)cc3)nn2C(C)CO)C1,5.78,1,0.0,5.78,5.78,2017,2017,1,1,c1cc(-c2cn[nH]c2)ccc1Nc1n[nH]c2c1CNCC2,0.0
CC(=O)N1CCc2c(c(Nc3ccc(-c4cn(C)nc4C(F)(F)F)cc3)nn2C)C1,5.66,1,0.0,5.66,5.66,2017,2017,1,1,c1cc(-c2cn[nH]c2)ccc1Nc1n[nH]c2c1CNCC2,0.0
CC(=O)N1CCc2c(c(Nc3ccc(-c4cn(C)nc4C(F)(F)F)cc3)nn2C2CCOC2)C1,5.8,1,0.0,5.8,5.8,2017,2017,1,1,c1cc(-c2cn[nH]c2)ccc1Nc1nn(C2CCOC2)c2c1CNCC2,0.0
CC(=O)N1CCc2c(c(Nc3ccc(-c4cn(C)nc4C(F)(F)F)cc3F)nn2C)C1,5.45,1,0.0,5.45,5.45,2017,2017,1,1,c1cc(-c2cn[nH]c2)ccc1Nc1n[nH]c2c1CNCC2,0.0
CC(=O)N1CCc2c(c(Nc3ccc(-c4cn(C)nc4C(F)(F)F)cc3F)nn2C2CCOC2)C1,5.75,1,0.0,5.75,5.75,2017,2017,1,1,c1cc(-c2cn[nH]c2)ccc1Nc1nn(C2CCOC2)c2c1CNCC2,0.0
CC(=O)N1CCc2c(c(Nc3ccc(-c4cn(C)nc4C(F)(F)F)cc3F)nn2C2COC2)C1,5.27,1,0.0,5.27,5.27,2017,2017,1,1,c1cc(-c2cn[nH]c2)ccc1Nc1nn(C2COC2)c2c1CNCC2,0.0
CC(=O)N1CCc2c(c(Nc3ccc(-c4cn(C)nc4C(F)(F)F)cc3F)nn2CC2COC2)C1,5.43,1,0.0,5.43,5.43,2017,2017,1,1,c1cc(-c2cn[nH]c2)ccc1Nc1nn(CC2COC2)c2c1CNCC2,0.0
CC(=O)N1CCc2c(c(Nc3ccc(-c4cn(C)nc4C(F)(F)F)cc3F)nn2[C@@H]2CCOC2)C1,5.77,1,0.0,5.77,5.77,2017,2017,1,1,c1cc(-c2cn[nH]c2)ccc1Nc1nn(C2CCOC2)c2c1CNCC2,0.0
CC(=O)N1CCc2c(c(Nc3ccc(-c4cn(C)nc4C(F)(F)F)cc3F)nn2[C@H]2CCOC2)C1,5.63,1,0.0,5.63,5.63,2017,2017,1,1,c1cc(-c2cn[nH]c2)ccc1Nc1nn(C2CCOC2)c2c1CNCC2,0.0
CC(=O)N1CCc2c(c(Nc3ccc(-c4cn(C)nc4C(F)(F)F)nc3)nn2C)C1,5.61,1,0.0,5.61,5.61,2017,2017,1,1,c1cc(-c2cn[nH]c2)ncc1Nc1n[nH]c2c1CNCC2,0.0
CC(=O)N1CCc2c(c(Nc3ccc(-c4cn(C)nc4C(F)F)cc3F)nn2C2CCOC2)C1,5.51,1,0.0,5.51,5.51,2017,2017,1,1,c1cc(-c2cn[nH]c2)ccc1Nc1nn(C2CCOC2)c2c1CNCC2,0.0
CC(=O)N1CCc2c(c(Nc3ccc(-c4cn(C)nc4C(F)F)cc3F)nn2C2CCOCC2)C1,5.52,1,0.0,5.52,5.52,2017,2017,1,1,c1cc(-c2cn[nH]c2)ccc1Nc1nn(C2CCOCC2)c2c1CNCC2,0.0
CC(=O)N1CCc2c(c(Nc3ccc(-c4cn(C)nc4C(F)F)cc3F)nn2[C@@H]2CCOC2)C1,5.61,1,0.0,5.61,5.61,2017,2017,1,1,c1cc(-c2cn[nH]c2)ccc1Nc1nn(C2CCOC2)c2c1CNCC2,0.0
CC(=O)N1CCc2c(c(Nc3ccc(-c4cn(C)nc4C(F)F)cc3F)nn2[C@H]2CCOC2)C1,5.68,1,0.0,5.68,5.68,2017,2017,1,1,c1cc(-c2cn[nH]c2)ccc1Nc1nn(C2CCOC2)c2c1CNCC2,0.0
CC(=O)N1CCc2c(c(Nc3ccc(-c4cn(C)nc4C(N)=O)cc3F)nn2C2CCOC2)C1,5.04,1,0.0,5.04,5.04,2017,2017,1,1,c1cc(-c2cn[nH]c2)ccc1Nc1nn(C2CCOC2)c2c1CNCC2,0.0
CC(=O)N1CCc2c(c(Nc3ccc(-c4cn(C)nc4C)cc3)nn2C)C1,5.25,1,0.0,5.25,5.25,2017,2017,1,1,c1cc(-c2cn[nH]c2)ccc1Nc1n[nH]c2c1CNCC2,0.0
CC(=O)N1CCc2c(c(Nc3ccc(-c4cn(C)nc4C)cc3F)nn2C2CCOC2)C1,5.44,1,0.0,5.44,5.44,2017,2017,1,1,c1cc(-c2cn[nH]c2)ccc1Nc1nn(C2CCOC2)c2c1CNCC2,0.0
CC(=O)N1CCc2c(c(Nc3ccc(-c4cn(C)nc4C4CC4)cc3)nn2C)C1,5.87,1,0.0,5.87,5.87,2017,2017,1,1,c1cc(-c2c[nH]nc2C2CC2)ccc1Nc1n[nH]c2c1CNCC2,0.0
CC(=O)N1CCc2c(c(Nc3ccc(-c4cn(C)nn4)cc3F)nn2C2CCOC2)C1,5.07,1,0.0,5.07,5.07,2017,2017,1,1,c1cc(-c2c[nH]nn2)ccc1Nc1nn(C2CCOC2)c2c1CNCC2,0.0
CC(=O)N1CCc2c(c(Nc3ccc(-c4cn[nH]c4)cc3)nn2C)C1,4.94,1,0.0,4.94,4.94,2017,2017,1,1,c1cc(-c2cn[nH]c2)ccc1Nc1n[nH]c2c1CNCC2,0.0
CC(=O)N1CCc2c(c(Nc3ccc(-c4cn[nH]c4)cc3)nn2CC2CC2)C1,5.36,1,0.0,5.36,5.36,2017,2017,1,1,c1cc(-c2cn[nH]c2)ccc1Nc1nn(CC2CC2)c2c1CNCC2,0.0
CC(=O)N1CCc2c(c(Nc3ccc(-c4cn[nH]c4)cc3F)nn2C2CCOC2)C1,5.24,1,0.0,5.24,5.24,2017,2017,1,1,c1cc(-c2cn[nH]c2)ccc1Nc1nn(C2CCOC2)c2c1CNCC2,0.0
CC(=O)N1CCc2c(c(Nc3ccc(-c4cncc(C#N)c4)cc3)nn2C)C1,5.27,1,0.0,5.27,5.27,2017,2017,1,1,c1cncc(-c2ccc(Nc3n[nH]c4c3CNCC4)cc2)c1,0.0
CC(=O)N1CCc2c(c(Nc3ccc(-c4cncc(S(C)(=O)=O)c4)cc3)nn2C)C1,5.11,1,0.0,5.11,5.11,2017,2017,1,1,c1cncc(-c2ccc(Nc3n[nH]c4c3CNCC4)cc2)c1,0.0
CC(=O)N1CCc2c(c(Nc3ccc(-c4cnco4)cc3)nn2C)C1,5.48,1,0.0,5.48,5.48,2017,2017,1,1,c1ncc(-c2ccc(Nc3n[nH]c4c3CNCC4)cc2)o1,0.0
CC(=O)N1CCc2c(c(Nc3ccc(-c4cnn(C(F)F)c4)cc3)nn2C)C1,5.09,1,0.0,5.09,5.09,2017,2017,1,1,c1cc(-c2cn[nH]c2)ccc1Nc1n[nH]c2c1CNCC2,0.0
CC(=O)N1CCc2c(c(Nc3ccc(-c4cnn(C)c4)c(C#N)c3)nn2C2COC2)C1,5.36,1,0.0,5.36,5.36,2017,2017,1,1,c1cc(-c2cn[nH]c2)ccc1Nc1nn(C2COC2)c2c1CNCC2,0.0
CC(=O)N1CCc2c(c(Nc3ccc(-c4cnn(C)c4)c(C#N)c3F)nn2C2CCOC2)C1,5.3,1,0.0,5.3,5.3,2017,2017,1,1,c1cc(-c2cn[nH]c2)ccc1Nc1nn(C2CCOC2)c2c1CNCC2,0.0
CC(=O)N1CCc2c(c(Nc3ccc(-c4cnn(C)c4)c(C(F)F)c3)nn2C2CCOC2)C1,5.81,1,0.0,5.81,5.81,2017,2017,1,1,c1cc(-c2cn[nH]c2)ccc1Nc1nn(C2CCOC2)c2c1CNCC2,0.0
CC(=O)N1CCc2c(c(Nc3ccc(-c4cnn(C)c4)c(C(F)F)c3)nn2C2COC2)C1,5.54,1,0.0,5.54,5.54,2017,2017,1,1,c1cc(-c2cn[nH]c2)ccc1Nc1nn(C2COC2)c2c1CNCC2,0.0
CC(=O)N1CCc2c(c(Nc3ccc(-c4cnn(C)c4)c(Cl)c3)nn2C2CCOC2)C1,5.92,1,0.0,5.92,5.92,2017,2017,1,1,c1cc(-c2cn[nH]c2)ccc1Nc1nn(C2CCOC2)c2c1CNCC2,0.0
CC(=O)N1CCc2c(c(Nc3ccc(-c4cnn(C)c4)c(F)c3)nn2C(C)CO)C1,5.31,1,0.0,5.31,5.31,2017,2017,1,1,c1cc(-c2cn[nH]c2)ccc1Nc1n[nH]c2c1CNCC2,0.0
CC(=O)N1CCc2c(c(Nc3ccc(-c4cnn(C)c4)c(F)c3)nn2C)C1,5.21,1,0.0,5.21,5.21,2017,2017,1,1,c1cc(-c2cn[nH]c2)ccc1Nc1n[nH]c2c1CNCC2,0.0
CC(=O)N1CCc2c(c(Nc3ccc(-c4cnn(C)c4)c(F)c3)nn2C2CCOC2)C1,5.43,1,0.0,5.43,5.43,2017,2017,1,1,c1cc(-c2cn[nH]c2)ccc1Nc1nn(C2CCOC2)c2c1CNCC2,0.0
CC(=O)N1CCc2c(c(Nc3ccc(-c4cnn(C)c4)c(F)c3F)nn2C2CCOC2)C1,5.19,1,0.0,5.19,5.19,2017,2017,1,1,c1cc(-c2cn[nH]c2)ccc1Nc1nn(C2CCOC2)c2c1CNCC2,0.0
CC(=O)N1CCc2c(c(Nc3ccc(-c4cnn(C)c4)cc3)nn2C)C1,5.115,2,0.10606601717798238,5.04,5.19,2016,2017,2,2,c1cc(-c2cn[nH]c2)ccc1Nc1n[nH]c2c1CNCC2,0.15000000000000036
CC(=O)N1CCc2c(c(Nc3ccc(-c4cnn(C)c4)cc3)nn2C2CC2)C1,5.63,1,0.0,5.63,5.63,2017,2017,1,1,c1cc(-c2cn[nH]c2)ccc1Nc1nn(C2CC2)c2c1CNCC2,0.0
CC(=O)N1CCc2c(c(Nc3ccc(-c4cnn(C)c4)cc3)nn2C2CCOC2)C1,5.09,1,0.0,5.09,5.09,2017,2017,1,1,c1cc(-c2cn[nH]c2)ccc1Nc1nn(C2CCOC2)c2c1CNCC2,0.0
CC(=O)N1CCc2c(c(Nc3ccc(-c4cnn(C)c4)cc3)nn2C2COC2)C1,4.96,1,0.0,4.96,4.96,2016,2016,1,1,c1cc(-c2cn[nH]c2)ccc1Nc1nn(C2COC2)c2c1CNCC2,0.0
CC(=O)N1CCc2c(c(Nc3ccc(-c4cnn(C)c4)cc3)nn2CC(F)(F)F)C1,5.54,1,0.0,5.54,5.54,2017,2017,1,1,c1cc(-c2cn[nH]c2)ccc1Nc1n[nH]c2c1CNCC2,0.0
CC(=O)N1CCc2c(c(Nc3ccc(-c4cnn(C)c4)cc3)nn2CC2CC2(F)F)C1,5.42,1,0.0,5.42,5.42,2017,2017,1,1,c1cc(-c2cn[nH]c2)ccc1Nc1nn(CC2CC2)c2c1CNCC2,0.0
CC(=O)N1CCc2c(c(Nc3ccc(-c4cnn(C)c4)cc3)nn2CC2CC2)C1,5.34,2,0.21213203435596445,5.19,5.49,2016,2017,2,2,c1cc(-c2cn[nH]c2)ccc1Nc1nn(CC2CC2)c2c1CNCC2,0.2999999999999998
CC(=O)N1CCc2c(c(Nc3ccc(-c4cnn(C)c4)cc3)nn2CC2COC2)C1,5.18,1,0.0,5.18,5.18,2017,2017,1,1,c1cc(-c2cn[nH]c2)ccc1Nc1nn(CC2COC2)c2c1CNCC2,0.0
CC(=O)N1CCc2c(c(Nc3ccc(-c4cnn(C)c4)cc3)nn2CCC#N)C1,5.01,1,0.0,5.01,5.01,2017,2017,1,1,c1cc(-c2cn[nH]c2)ccc1Nc1n[nH]c2c1CNCC2,0.0
CC(=O)N1CCc2c(c(Nc3ccc(-c4cnn(C)c4)cc3)nn2CCC(N)=O)C1,4.8,1,0.0,4.8,4.8,2017,2017,1,1,c1cc(-c2cn[nH]c2)ccc1Nc1n[nH]c2c1CNCC2,0.0
CC(=O)N1CCc2c(c(Nc3ccc(-c4cnn(C)c4)cc3)nn2C[C@H]2C[C@@H]2F)C1,5.4,1,0.0,5.4,5.4,2017,2017,1,1,c1cc(-c2cn[nH]c2)ccc1Nc1nn(CC2CC2)c2c1CNCC2,0.0
CC(=O)N1CCc2c(c(Nc3ccc(-c4cnn(C)c4)cc3)nn2[C@@H]2CCOC2)C1,5.07,1,0.0,5.07,5.07,2016,2016,1,1,c1cc(-c2cn[nH]c2)ccc1Nc1nn(C2CCOC2)c2c1CNCC2,0.0
CC(=O)N1CCc2c(c(Nc3ccc(-c4cnn(C)c4)cc3)nn2[C@H]2CCOC2)C1,5.29,3,0.3151190251317745,4.96,5.59,2016,2017,2,2,c1cc(-c2cn[nH]c2)ccc1Nc1nn(C2CCOC2)c2c1CNCC2,0.6299999999999999
CC(=O)N1CCc2c(c(Nc3ccc(-c4cnn(C)c4)cc3C(C)C)nn2C2CCOC2)C1,5.23,1,0.0,5.23,5.23,2017,2017,1,1,c1cc(-c2cn[nH]c2)ccc1Nc1nn(C2CCOC2)c2c1CNCC2,0.0
CC(=O)N1CCc2c(c(Nc3ccc(-c4cnn(C)c4)cc3C)nn2C2CCOC2)C1,4.96,1,0.0,4.96,4.96,2017,2017,1,1,c1cc(-c2cn[nH]c2)ccc1Nc1nn(C2CCOC2)c2c1CNCC2,0.0
CC(=O)N1CCc2c(c(Nc3ccc(-c4cnn(C)c4)cc3Cl)nn2C2CCOC2)C1,5.38,1,0.0,5.38,5.38,2017,2017,1,1,c1cc(-c2cn[nH]c2)ccc1Nc1nn(C2CCOC2)c2c1CNCC2,0.0
CC(=O)N1CCc2c(c(Nc3ccc(-c4cnn(C)c4)cc3F)nn2C(C)(C)CO)C1,5.18,1,0.0,5.18,5.18,2017,2017,1,1,c1cc(-c2cn[nH]c2)ccc1Nc1n[nH]c2c1CNCC2,0.0
CC(=O)N1CCc2c(c(Nc3ccc(-c4cnn(C)c4)cc3F)nn2C)C1,4.9,1,0.0,4.9,4.9,2017,2017,1,1,c1cc(-c2cn[nH]c2)ccc1Nc1n[nH]c2c1CNCC2,0.0
CC(=O)N1CCc2c(c(Nc3ccc(-c4cnn(C)c4)cc3F)nn2C2CCOC2)C1,4.98,1,0.0,4.98,4.98,2017,2017,1,1,c1cc(-c2cn[nH]c2)ccc1Nc1nn(C2CCOC2)c2c1CNCC2,0.0
CC(=O)N1CCc2c(c(Nc3ccc(-c4cnn(C)c4)cc3F)nn2C2CCOCC2)C1,5.05,1,0.0,5.05,5.05,2017,2017,1,1,c1cc(-c2cn[nH]c2)ccc1Nc1nn(C2CCOCC2)c2c1CNCC2,0.0
CC(=O)N1CCc2c(c(Nc3ccc(-c4cnn(C)c4)cc3F)nn2C2COC2)C1,5.08,1,0.0,5.08,5.08,2017,2017,1,1,c1cc(-c2cn[nH]c2)ccc1Nc1nn(C2COC2)c2c1CNCC2,0.0
CC(=O)N1CCc2c(c(Nc3ccc(-c4cnn(C)c4)cc3F)nn2[C@@H]2CCOC2)C1,5.045,2,0.2192031021678301,4.89,5.2,2016,2017,2,2,c1cc(-c2cn[nH]c2)ccc1Nc1nn(C2CCOC2)c2c1CNCC2,0.3100000000000005
CC(=O)N1CCc2c(c(Nc3ccc(-c4cnn(C)c4)cc3F)nn2[C@H]2CCOC2)C1,5.074999999999999,2,0.261629509039023,4.89,5.26,2017,2017,2,2,c1cc(-c2cn[nH]c2)ccc1Nc1nn(C2CCOC2)c2c1CNCC2,0.3700000000000001
CC(=O)N1CCc2c(c(Nc3ccc(-c4cnn(C)c4)cc3S(C)(=O)=O)nn2C2CCOC2)C1,4.82,1,0.0,4.82,4.82,2017,2017,1,1,c1cc(-c2cn[nH]c2)ccc1Nc1nn(C2CCOC2)c2c1CNCC2,0.0
CC(=O)N1CCc2c(c(Nc3ccc(-c4cnn(C)c4C(F)(F)F)cc3)nn2C2CCOC2)C1,5.7,1,0.0,5.7,5.7,2017,2017,1,1,c1cc(-c2cn[nH]c2)ccc1Nc1nn(C2CCOC2)c2c1CNCC2,0.0
CC(=O)N1CCc2c(c(Nc3ccc(-c4cnn(C)c4C)cc3)nn2C)C1,5.19,1,0.0,5.19,5.19,2017,2017,1,1,c1cc(-c2cn[nH]c2)ccc1Nc1n[nH]c2c1CNCC2,0.0
CC(=O)N1CCc2c(c(Nc3ccc(-c4cnn(C)c4C)cc3F)nn2C2CCOC2)C1,5.3,1,0.0,5.3,5.3,2017,2017,1,1,c1cc(-c2cn[nH]c2)ccc1Nc1nn(C2CCOC2)c2c1CNCC2,0.0
CC(=O)N1CCc2c(c(Nc3ccc(-c4cnn(C)c4C)cc3F)nn2CC2COC2)C1,5.23,1,0.0,5.23,5.23,2017,2017,1,1,c1cc(-c2cn[nH]c2)ccc1Nc1nn(CC2COC2)c2c1CNCC2,0.0
CC(=O)N1CCc2c(c(Nc3ccc(-c4cnn(C)c4C)cc3F)nn2[C@@H]2CCOC2)C1,5.39,1,0.0,5.39,5.39,2017,2017,1,1,c1cc(-c2cn[nH]c2)ccc1Nc1nn(C2CCOC2)c2c1CNCC2,0.0
CC(=O)N1CCc2c(c(Nc3ccc(-c4cnn(C)c4C)cc3F)nn2[C@H]2CCOC2)C1,5.31,1,0.0,5.31,5.31,2017,2017,1,1,c1cc(-c2cn[nH]c2)ccc1Nc1nn(C2CCOC2)c2c1CNCC2,0.0
CC(=O)N1CCc2c(c(Nc3ccc(-c4cnn(C)n4)cc3F)nn2C2CCOC2)C1,5.06,1,0.0,5.06,5.06,2017,2017,1,1,c1cc(-c2cn[nH]n2)ccc1Nc1nn(C2CCOC2)c2c1CNCC2,0.0
CC(=O)N1CCc2c(c(Nc3ccc(-c4cnn(C5CC5)c4)cc3)nn2C)C1,5.27,1,0.0,5.27,5.27,2017,2017,1,1,c1cc(-c2cnn(C3CC3)c2)ccc1Nc1n[nH]c2c1CNCC2,0.0
CC(=O)N1CCc2c(c(Nc3ccc(-c4cnn(CC(C)C)c4)cc3)nn2C)C1,5.29,1,0.0,5.29,5.29,2017,2017,1,1,c1cc(-c2cn[nH]c2)ccc1Nc1n[nH]c2c1CNCC2,0.0
CC(=O)N1CCc2c(c(Nc3ccc(-c4cnn(CC(F)(F)F)c4)cc3)nn2C)C1,5.04,1,0.0,5.04,5.04,2017,2017,1,1,c1cc(-c2cn[nH]c2)ccc1Nc1n[nH]c2c1CNCC2,0.0
CC(=O)N1CCc2c(c(Nc3ccc(-c4cnn(CCN(C)C)c4)cc3)nn2C)C1,5.17,1,0.0,5.17,5.17,2017,2017,1,1,c1cc(-c2cn[nH]c2)ccc1Nc1n[nH]c2c1CNCC2,0.0
CC(=O)N1CCc2c(c(Nc3ccc(-c4cnn(CCO)c4)cc3)nn2C)C1,4.91,1,0.0,4.91,4.91,2017,2017,1,1,c1cc(-c2cn[nH]c2)ccc1Nc1n[nH]c2c1CNCC2,0.0
CC(=O)N1CCc2c(c(Nc3ccc(-c4cnn5c4CCCC5)cc3)nn2C)C1,5.44,1,0.0,5.44,5.44,2017,2017,1,1,c1cc(-c2cnn3c2CCCC3)ccc1Nc1n[nH]c2c1CNCC2,0.0
CC(=O)N1CCc2c(c(Nc3ccc(-c4oc(C)nc4C)cc3F)nn2C2CCOC2)C1,5.56,1,0.0,5.56,5.56,2017,2017,1,1,c1ncc(-c2ccc(Nc3nn(C4CCOC4)c4c3CNCC4)cc2)o1,0.0
CC(=O)N1CCc2c(c(Nc3ccc(-n4cncn4)cc3)nn2C)C1,4.81,1,0.0,4.81,4.81,2017,2017,1,1,c1ncn(-c2ccc(Nc3n[nH]c4c3CNCC4)cc2)n1,0.0
CC(=O)N1CCc2c(c(Nc3ccc(Br)cc3)nn2CC2CC2)C1,4.96,1,0.0,4.96,4.96,2017,2017,1,1,c1ccc(Nc2nn(CC3CC3)c3c2CNCC3)cc1,0.0
CC(=O)N1CCc2c(c(Nc3ccc(C)c(-c4cnn(C)c4)c3)nn2C)C1,5.13,1,0.0,5.13,5.13,2017,2017,1,1,c1cc(Nc2n[nH]c3c2CNCC3)cc(-c2cn[nH]c2)c1,0.0
CC(=O)N1CCc2c(c(Nc3ccc(C)c(-c4cnn(C)c4)c3)nn2CC2CC2)C1,5.51,1,0.0,5.51,5.51,2017,2017,1,1,c1cc(Nc2nn(CC3CC3)c3c2CNCC3)cc(-c2cn[nH]c2)c1,0.0
CC(=O)N1CCc2c(c(Nc3ccc(C4=CCCCC4)cc3)nn2CC2CC2)C1,5.14,1,0.0,5.14,5.14,2017,2017,1,1,C1=C(c2ccc(Nc3nn(CC4CC4)c4c3CNCC4)cc2)CCCC1,0.0
CC(=O)N1CCc2c(c(Nc3ccc(C4CCCCC4)cc3)nn2CC2CC2)C1,5.37,1,0.0,5.37,5.37,2017,2017,1,1,c1cc(C2CCCCC2)ccc1Nc1nn(CC2CC2)c2c1CNCC2,0.0
CC(=O)N1CCc2c(c(Nc3ccc(F)c(-c4cnn(C)c4)c3)nn2C)C1,5.32,1,0.0,5.32,5.32,2017,2017,1,1,c1cc(Nc2n[nH]c3c2CNCC3)cc(-c2cn[nH]c2)c1,0.0
CC(=O)N1CCc2c(c(Nc3ccc(F)c(-c4cnn(C)c4)c3)nn2C2CCOC2)C1,5.63,1,0.0,5.63,5.63,2017,2017,1,1,c1cc(Nc2nn(C3CCOC3)c3c2CNCC3)cc(-c2cn[nH]c2)c1,0.0
CC(=O)N1CCc2c(c(Nc3ccc(F)c(-c4cnn(C)c4)c3)nn2CC2CC2)C1,5.6,1,0.0,5.6,5.6,2017,2017,1,1,c1cc(Nc2nn(CC3CC3)c3c2CNCC3)cc(-c2cn[nH]c2)c1,0.0
CC(=O)N1CCc2c(c(Nc3ccc(F)c(-c4cnn(C)c4)c3F)nn2C2CCOC2)C1,4.86,1,0.0,4.86,4.86,2017,2017,1,1,c1cc(Nc2nn(C3CCOC3)c3c2CNCC3)cc(-c2cn[nH]c2)c1,0.0
CC(=O)N1CCc2c(c(Nc3ccc4c(c3)C(=O)N(C)CC4)nn2CC2CC2)C1,5.18,1,0.0,5.18,5.18,2017,2017,1,1,O=C1NCCc2ccc(Nc3nn(CC4CC4)c4c3CNCC4)cc21,0.0
CC(=O)N1CCc2c(c(Nc3ccc4c(c3)CN(C)N4)nn2C)C1,4.75,1,0.0,4.75,4.75,2017,2017,1,1,c1cc2c(cc1Nc1n[nH]c3c1CNCC3)CNN2,0.0
CC(=O)N1CCc2c(c(Nc3ccc4c(cnn4C)c3)nn2C)C1,4.74,1,0.0,4.74,4.74,2017,2017,1,1,c1cc2[nH]ncc2cc1Nc1n[nH]c2c1CNCC2,0.0
CC(=O)N1CCc2c(c(Nc3ccc4cn(C)nc4c3)nn2C)C1,4.81,1,0.0,4.81,4.81,2017,2017,1,1,c1cc2c[nH]nc2cc1Nc1n[nH]c2c1CNCC2,0.0
CC(=O)N1CCc2c(c(Nc3ccc4cnn(C)c4c3)nn2C)C1,5.17,1,0.0,5.17,5.17,2017,2017,1,1,c1cc2cn[nH]c2cc1Nc1n[nH]c2c1CNCC2,0.0
CC(=O)N1CCc2c(c(Nc3cccc(-c4cc[nH]n4)c3)nn2CC2CC2)C1,5.515000000000001,2,0.134350288425444,5.42,5.61,2016,2017,2,2,c1cc(Nc2nn(CC3CC3)c3c2CNCC3)cc(-c2cc[nH]n2)c1,0.1900000000000004
CC(=O)N1CCc2c(c(Nc3cccc(-c4ccc(CO)cc4)c3)nn2CC2CC2)C1,5.99,1,0.0,5.99,5.99,2017,2017,1,1,c1ccc(-c2cccc(Nc3nn(CC4CC4)c4c3CNCC4)c2)cc1,0.0
CC(=O)N1CCc2c(c(Nc3cccc(-c4ccc(F)cc4)c3)nn2CC2CC2)C1,5.6,1,0.0,5.6,5.6,2017,2017,1,1,c1ccc(-c2cccc(Nc3nn(CC4CC4)c4c3CNCC4)c2)cc1,0.0
CC(=O)N1CCc2c(c(Nc3cccc(-c4cccc(C(C)(C)O)c4)c3)nn2CC2CC2)C1,6.05,1,0.0,6.05,6.05,2017,2017,1,1,c1ccc(-c2cccc(Nc3nn(CC4CC4)c4c3CNCC4)c2)cc1,0.0
CC(=O)N1CCc2c(c(Nc3cccc(-c4cccc(C(C)O)c4)c3)nn2CC2CC2)C1,5.9,1,0.0,5.9,5.9,2017,2017,1,1,c1ccc(-c2cccc(Nc3nn(CC4CC4)c4c3CNCC4)c2)cc1,0.0
CC(=O)N1CCc2c(c(Nc3cccc(-c4cccc(F)c4)c3)nn2CC2CC2)C1,5.66,1,0.0,5.66,5.66,2017,2017,1,1,c1ccc(-c2cccc(Nc3nn(CC4CC4)c4c3CNCC4)c2)cc1,0.0
CC(=O)N1CCc2c(c(Nc3cccc(-c4ccccc4)c3)nn2CC2CC2)C1,5.34,1,0.0,5.34,5.34,2016,2016,1,1,c1ccc(-c2cccc(Nc3nn(CC4CC4)c4c3CNCC4)c2)cc1,0.0
CC(=O)N1CCc2c(c(Nc3cccc(-c4ccccc4F)c3)nn2CC2CC2)C1,5.71,1,0.0,5.71,5.71,2017,2017,1,1,c1ccc(-c2cccc(Nc3nn(CC4CC4)c4c3CNCC4)c2)cc1,0.0
CC(=O)N1CCc2c(c(Nc3cccc(-c4ccccn4)c3)nn2CC2CC2)C1,5.555,2,0.2050609665440991,5.41,5.7,2016,2017,2,2,c1ccc(-c2cccc(Nc3nn(CC4CC4)c4c3CNCC4)c2)nc1,0.29000000000000004
CC(=O)N1CCc2c(c(Nc3cccc(-c4cccnc4)c3)nn2CC2CC2)C1,5.67,2,0.38183766184073603,5.4,5.94,2016,2017,2,2,c1cncc(-c2cccc(Nc3nn(CC4CC4)c4c3CNCC4)c2)c1,0.54
CC(=O)N1CCc2c(c(Nc3cccc(-c4ccn(C)n4)c3)nn2CC2CC2)C1,5.58,1,0.0,5.58,5.58,2017,2017,1,1,c1cc(Nc2nn(CC3CC3)c3c2CNCC3)cc(-c2cc[nH]n2)c1,0.0
CC(=O)N1CCc2c(c(Nc3cccc(-c4ccncc4)c3)nn2CC2CC2)C1,6.06,1,0.0,6.06,6.06,2016,2016,1,1,c1cc(Nc2nn(CC3CC3)c3c2CNCC3)cc(-c2ccncc2)c1,0.0
CC(=O)N1CCc2c(c(Nc3cccc(-c4ccnn4C)c3)nn2CC2CC2)C1,5.475,2,0.06363961030678918,5.43,5.52,2016,2017,2,2,c1cc(Nc2nn(CC3CC3)c3c2CNCC3)cc(-c2ccn[nH]2)c1,0.08999999999999986
CC(=O)N1CCc2c(c(Nc3cccc(-c4cn(C)nc4C(C)(F)F)c3)nn2C)C1,5.7,1,0.0,5.7,5.7,2017,2017,1,1,c1cc(Nc2n[nH]c3c2CNCC3)cc(-c2cn[nH]c2)c1,0.0
CC(=O)N1CCc2c(c(Nc3cccc(-c4cn[nH]c4)c3)nn2C)C1,5.27,1,0.0,5.27,5.27,2017,2017,1,1,c1cc(Nc2n[nH]c3c2CNCC3)cc(-c2cn[nH]c2)c1,0.0
CC(=O)N1CCc2c(c(Nc3cccc(-c4cn[nH]c4)c3)nn2CC2CC2)C1,5.46,2,0.16970562748477155,5.34,5.58,2016,2017,2,2,c1cc(Nc2nn(CC3CC3)c3c2CNCC3)cc(-c2cn[nH]c2)c1,0.2400000000000002
CC(=O)N1CCc2c(c(Nc3cccc(-c4cncs4)c3)nn2C)C1,5.63,1,0.0,5.63,5.63,2017,2017,1,1,c1cc(Nc2n[nH]c3c2CNCC3)cc(-c2cncs2)c1,0.0
CC(=O)N1CCc2c(c(Nc3cccc(-c4cnn(C)c4)c3)nn2C)C1,5.28,1,0.0,5.28,5.28,2017,2017,1,1,c1cc(Nc2n[nH]c3c2CNCC3)cc(-c2cn[nH]c2)c1,0.0
CC(=O)N1CCc2c(c(Nc3cccc(-c4cnn(C)c4)c3)nn2C2CC2)C1,5.77,1,0.0,5.77,5.77,2017,2017,1,1,c1cc(Nc2nn(C3CC3)c3c2CNCC3)cc(-c2cn[nH]c2)c1,0.0
CC(=O)N1CCc2c(c(Nc3cccc(-c4cnn(C)c4)c3)nn2CC2CC2(F)F)C1,5.62,1,0.0,5.62,5.62,2017,2017,1,1,c1cc(Nc2nn(CC3CC3)c3c2CNCC3)cc(-c2cn[nH]c2)c1,0.0
CC(=O)N1CCc2c(c(Nc3cccc(-c4cnn(C)c4)c3)nn2CC2CC2)C1,5.529999999999999,2,0.21213203435596445,5.38,5.68,2016,2017,2,2,c1cc(Nc2nn(CC3CC3)c3c2CNCC3)cc(-c2cn[nH]c2)c1,0.2999999999999998
CC(=O)N1CCc2c(c(Nc3cccc(-c4cnn(C)c4)c3)nn2CC2COC2)C1,5.57,1,0.0,5.57,5.57,2017,2017,1,1,c1cc(Nc2nn(CC3COC3)c3c2CNCC3)cc(-c2cn[nH]c2)c1,0.0
CC(=O)N1CCc2c(c(Nc3cccc(-c4cnn(C)c4)c3)nn2CCC(F)(F)F)C1,5.58,1,0.0,5.58,5.58,2017,2017,1,1,c1cc(Nc2n[nH]c3c2CNCC3)cc(-c2cn[nH]c2)c1,0.0
CC(=O)N1CCc2c(c(Nc3cccc(-c4cnn(C)c4)c3C#N)nn2CC2CC2)C1,5.34,1,0.0,5.34,5.34,2017,2017,1,1,c1cc(Nc2nn(CC3CC3)c3c2CNCC3)cc(-c2cn[nH]c2)c1,0.0
CC(=O)N1CCc2c(c(Nc3cccc(-c4cnn(C)c4)c3F)nn2C)C1,5.11,1,0.0,5.11,5.11,2017,2017,1,1,c1cc(Nc2n[nH]c3c2CNCC3)cc(-c2cn[nH]c2)c1,0.0
CC(=O)N1CCc2c(c(Nc3cccc(-c4cnn(C)c4)c3F)nn2C2CCOC2)C1,5.58,1,0.0,5.58,5.58,2017,2017,1,1,c1cc(Nc2nn(C3CCOC3)c3c2CNCC3)cc(-c2cn[nH]c2)c1,0.0
CC(=O)N1CCc2c(c(Nc3cccc(-c4cnn(C)c4)c3F)nn2CC(F)(F)F)C1,5.46,1,0.0,5.46,5.46,2017,2017,1,1,c1cc(Nc2n[nH]c3c2CNCC3)cc(-c2cn[nH]c2)c1,0.0
CC(=O)N1CCc2c(c(Nc3cccc(-c4cnn(C)c4)c3F)nn2CC2CC2)C1,5.55,1,0.0,5.55,5.55,2017,2017,1,1,c1cc(Nc2nn(CC3CC3)c3c2CNCC3)cc(-c2cn[nH]c2)c1,0.0
CC(=O)N1CCc2c(c(Nc3cccc(-c4cnoc4)c3)nn2CC2CC2)C1,5.07,1,0.0,5.07,5.07,2016,2016,1,1,c1cc(Nc2nn(CC3CC3)c3c2CNCC3)cc(-c2cnoc2)c1,0.0
CC(=O)N1CCc2c(c(Nc3cccc(-n4cncn4)c3)nn2C)C1,4.92,1,0.0,4.92,4.92,2017,2017,1,1,c1cc(Nc2n[nH]c3c2CNCC3)cc(-n2cncn2)c1,0.0
CC(=O)N1CCc2c(c(Nc3cccc(Br)c3)nn2CC2CC2)C1,5.25,1,0.0,5.25,5.25,2017,2017,1,1,c1ccc(Nc2nn(CC3CC3)c3c2CNCC3)cc1,0.0
CC(=O)N1CCc2c(c(Nc3cccc(C(=O)N(C)C)c3)nn2CC2CC2)C1,4.949999999999999,2,0.0848528137423861,4.89,5.01,2016,2017,2,2,c1ccc(Nc2nn(CC3CC3)c3c2CNCC3)cc1,0.1200000000000001
CC(=O)N1CCc2c(c(Nc3cccc(C(=O)NC(C)C)c3)nn2CC2CC2)C1,5.355,2,0.10606601717798207,5.28,5.43,2016,2017,2,2,c1ccc(Nc2nn(CC3CC3)c3c2CNCC3)cc1,0.14999999999999947
CC(=O)N1CCc2c(c(Nc3cccc(C(=O)NC4CC4)c3)nn2CC2CC2)C1,5.21,1,0.0,5.21,5.21,2017,2017,1,1,O=C(NC1CC1)c1cccc(Nc2nn(CC3CC3)c3c2CNCC3)c1,0.0
CC(=O)N1CCc2c(c(Nc3cccc(C(C)(C)C#N)c3)nn2C2CCOC2)C1,5.57,1,0.0,5.57,5.57,2017,2017,1,1,c1ccc(Nc2nn(C3CCOC3)c3c2CNCC3)cc1,0.0
CC(=O)N1CCc2c(c(Nc3cccc(C(F)(F)F)c3)nn2CC2CC2)C1,5.29,1,0.0,5.29,5.29,2017,2017,1,1,c1ccc(Nc2nn(CC3CC3)c3c2CNCC3)cc1,0.0
CC(=O)N1CCc2c(c(Nc3cccc(C)c3)nn2C(C)C)C1,4.8,1,0.0,4.8,4.8,2017,2017,1,1,c1ccc(Nc2n[nH]c3c2CNCC3)cc1,0.0
CC(=O)N1CCc2c(c(Nc3cccc(C)c3)nn2C(C)c2ccccc2)C1,5.39,1,0.0,5.39,5.39,2017,2017,1,1,c1ccc(Cn2nc(Nc3ccccc3)c3c2CCNC3)cc1,0.0
CC(=O)N1CCc2c(c(Nc3cccc(C)c3)nn2C(C)c2ccn(C)n2)C1,5.07,1,0.0,5.07,5.07,2017,2017,1,1,c1ccc(Nc2nn(Cc3cc[nH]n3)c3c2CNCC3)cc1,0.0
CC(=O)N1CCc2c(c(Nc3cccc(C)c3)nn2C)C1,4.59,1,0.0,4.59,4.59,2017,2017,1,1,c1ccc(Nc2n[nH]c3c2CNCC3)cc1,0.0
CC(=O)N1CCc2c(c(Nc3cccc(C)c3)nn2C2CC2)C1,4.845000000000001,2,0.03535533905932694,4.82,4.87,2016,2017,2,2,c1ccc(Nc2nn(C3CC3)c3c2CNCC3)cc1,0.04999999999999982
CC(=O)N1CCc2c(c(Nc3cccc(C)c3)nn2CC2CC2)C1,4.965,2,0.10606601717798238,4.89,5.04,2016,2017,2,2,c1ccc(Nc2nn(CC3CC3)c3c2CNCC3)cc1,0.15000000000000036
CC(=O)N1CCc2c(c(Nc3cccc(C)c3)nn2CC2CCCN(C)C2)C1,5.22,1,0.0,5.22,5.22,2017,2017,1,1,c1ccc(Nc2nn(CC3CCCNC3)c3c2CNCC3)cc1,0.0
CC(=O)N1CCc2c(c(Nc3cccc(C)c3)nn2CCC#N)C1,4.84,1,0.0,4.84,4.84,2017,2017,1,1,c1ccc(Nc2n[nH]c3c2CNCC3)cc1,0.0
CC(=O)N1CCc2c(c(Nc3cccc(C)c3)nn2CCC2CC2)C1,5.01,1,0.0,5.01,5.01,2016,2016,1,1,c1ccc(Nc2nn(CCC3CC3)c3c2CNCC3)cc1,0.0
CC(=O)N1CCc2c(c(Nc3cccc(C)c3)nn2CCC2CCCN(C)C2)C1,5.16,1,0.0,5.16,5.16,2017,2017,1,1,c1ccc(Nc2nn(CCC3CCCNC3)c3c2CNCC3)cc1,0.0
CC(=O)N1CCc2c(c(Nc3cccc(C)c3)nn2CCC2CCCNC2)C1,5.23,1,0.0,5.23,5.23,2017,2017,1,1,c1ccc(Nc2nn(CCC3CCCNC3)c3c2CNCC3)cc1,0.0
CC(=O)N1CCc2c(c(Nc3cccc(C)c3)nn2CCCO)C1,4.88,1,0.0,4.88,4.88,2017,2017,1,1,c1ccc(Nc2n[nH]c3c2CNCC3)cc1,0.0
CC(=O)N1CCc2c(c(Nc3cccc(C)c3)nn2Cc2ccccc2)C1,5.46,2,0.16970562748477155,5.34,5.58,2016,2017,2,2,c1ccc(Cn2nc(Nc3ccccc3)c3c2CCNC3)cc1,0.2400000000000002
CC(=O)N1CCc2c(c(Nc3cccc(C)c3)nn2Cc2ccccn2)C1,5.14,1,0.0,5.14,5.14,2016,2016,1,1,c1ccc(Nc2nn(Cc3ccccn3)c3c2CNCC3)cc1,0.0
CC(=O)N1CCc2c(c(Nc3cccc(C)c3)nn2Cc2cccnc2)C1,5.25,1,0.0,5.25,5.25,2016,2016,1,1,c1ccc(Nc2nn(Cc3cccnc3)c3c2CNCC3)cc1,0.0
CC(=O)N1CCc2c(c(Nc3cccc(C)c3)nn2Cc2ccncc2)C1,5.26,2,0.04242640687119289,5.23,5.29,2016,2017,2,2,c1ccc(Nc2nn(Cc3ccncc3)c3c2CNCC3)cc1,0.05999999999999961
CC(=O)N1CCc2c(c(Nc3cccc(C)c3)nn2Cc2cnco2)C1,5.26,1,0.0,5.26,5.26,2017,2017,1,1,c1ccc(Nc2nn(Cc3cnco3)c3c2CNCC3)cc1,0.0
CC(=O)N1CCc2c(c(Nc3cccc(C)c3)nn2[C@H](C)CO)C1,4.73,1,0.0,4.73,4.73,2017,2017,1,1,c1ccc(Nc2n[nH]c3c2CNCC3)cc1,0.0
CC(=O)N1CCc2c(c(Nc3cccc(C4=CCCCC4)c3)nn2CC2CC2)C1,5.82,1,0.0,5.82,5.82,2017,2017,1,1,C1=C(c2cccc(Nc3nn(CC4CC4)c4c3CNCC4)c2)CCCC1,0.0
CC(=O)N1CCc2c(c(Nc3cccc(C4CCCCC4)c3)nn2CC2CC2)C1,5.63,1,0.0,5.63,5.63,2017,2017,1,1,c1cc(Nc2nn(CC3CC3)c3c2CNCC3)cc(C2CCCCC2)c1,0.0
CC(=O)N1CCc2c(c(Nc3cccc(S(=O)(=O)C4CC4)c3)nn2C2CCOC2)C1,5.66,1,0.0,5.66,5.66,2017,2017,1,1,O=S(=O)(c1cccc(Nc2nn(C3CCOC3)c3c2CNCC3)c1)C1CC1,0.0
CC(=O)N1CCc2c(c(Nc3cccc(S(C)(=O)=O)c3)nn2C)C1,5.37,1,0.0,5.37,5.37,2017,2017,1,1,c1ccc(Nc2n[nH]c3c2CNCC3)cc1,0.0
CC(=O)N1CCc2c(c(Nc3cccc(S(C)(=O)=O)c3)nn2C2CCOC2)C1,5.67,1,0.0,5.67,5.67,2017,2017,1,1,c1ccc(Nc2nn(C3CCOC3)c3c2CNCC3)cc1,0.0
CC(=O)N1CCc2c(c(Nc3ccccc3)nn2CC2CC2)C1,4.96,1,0.0,4.96,4.96,2017,2017,1,1,c1ccc(Nc2nn(CC3CC3)c3c2CNCC3)cc1,0.0
CC(=O)N1CCc2c(c(Nc3cncc(C)c3)nn2CC2CC2)C1,5.15,1,0.0,5.15,5.15,2017,2017,1,1,c1cncc(Nc2nn(CC3CC3)c3c2CNCC3)c1,0.0
CC(=O)N1CCc2c(cc(-c3cccc(Cl)c3)c(=O)n2CC2CC2)C1,4.28,1,0.0,4.28,4.28,2017,2017,1,1,O=c1c(-c2ccccc2)cc2c(n1CC1CC1)CCNC2,0.0
CC(=O)N1CCn2c(C3CC3)nc(-c3cc4c(-c5cnn(C)c5)nn(C)c4cc3F)c2C1,4.73,1,0.0,4.73,4.73,2021,2021,1,1,c1cc2[nH]nc(-c3cn[nH]c3)c2cc1-c1nc(C2CC2)n2c1CNCC2,0.0
CC(=O)N1CCn2c(C3CC3)nc(-c3ccc4c(-c5cnn(C)c5)nn(C)c4c3)c2C1,5.2,1,0.0,5.2,5.2,2021,2021,1,1,c1cc2c(-c3cn[nH]c3)n[nH]c2cc1-c1nc(C2CC2)n2c1CNCC2,0.0
CC(=O)N1CCn2c(C3CC3)nc(-c3ccc4c(c(-c5cnn(C)c5)nn4C)c3F)c2C1,4.8,1,0.0,4.8,4.8,2021,2021,1,1,c1cc2[nH]nc(-c3cn[nH]c3)c2cc1-c1nc(C2CC2)n2c1CNCC2,0.0
CC(=O)N1CCn2c(C3CC3)nc(-c3ccc4c(c3)c(-c3cnn(C)c3)nn4C)c2C1,4.92,1,0.0,4.92,4.92,2021,2021,1,1,c1cc2[nH]nc(-c3cn[nH]c3)c2cc1-c1nc(C2CC2)n2c1CNCC2,0.0
CC(=O)N1CCn2c(C3CC3)nc(N3CCCc4cc(-c5c(C)noc5C)ccc43)c2C1,4.99,1,0.0,4.99,4.99,2021,2021,1,1,c1cc2c(cc1-c1cnoc1)CCCN2c1nc(C2CC2)n2c1CNCC2,0.0
CC(=O)N1CCn2c(C3CC3)nc(N3CCCc4cc(-c5ccc(=O)[nH]c5)ccc43)c2C1,5.46,1,0.0,5.46,5.46,2021,2021,1,1,O=c1ccc(-c2ccc3c(c2)CCCN3c2nc(C3CC3)n3c2CNCC3)c[nH]1,0.0
CC(=O)N1CCn2c(C3CC3)nc(N3CCCc4cc(-c5ccnc(N6CCOCC6)c5)ccc43)c2C1,4.68,1,0.0,4.68,4.68,2021,2021,1,1,c1cc(-c2ccc3c(c2)CCCN3c2nc(C3CC3)n3c2CNCC3)cc(N2CCOCC2)n1,0.0
CC(=O)N1CCn2c(C3CC3)nc(N3CCCc4cc(-c5cnn(C(F)F)c5)ccc43)c2C1,4.95,1,0.0,4.95,4.95,2021,2021,1,1,c1cc2c(cc1-c1cn[nH]c1)CCCN2c1nc(C2CC2)n2c1CNCC2,0.0
CC(=O)N1CCn2c(C3CC3)nc(N3CCCc4cc(-c5cnn(C6CC6)c5)ccc43)c2C1,4.84,1,0.0,4.84,4.84,2021,2021,1,1,c1cc2c(cc1-c1cnn(C3CC3)c1)CCCN2c1nc(C2CC2)n2c1CNCC2,0.0
CC(=O)N1CCn2c(C3CC3)nc(N3CCCc4cc(-c5cnn(C6CCOCC6)c5)ccc43)c2C1,4.86,1,0.0,4.86,4.86,2021,2021,1,1,c1cc2c(cc1-c1cnn(C3CCOCC3)c1)CCCN2c1nc(C2CC2)n2c1CNCC2,0.0
CC(=O)N1CCn2c(C3CCOCC3)nc(-c3ccc4c(c3)c(-c3cnn(C)c3)nn4C)c2C1,5.43,1,0.0,5.43,5.43,2021,2021,1,1,c1cc2[nH]nc(-c3cn[nH]c3)c2cc1-c1nc(C2CCOCC2)n2c1CNCC2,0.0
CC(=O)N1Cc2ccc(NC(=O)C[C@@H]3N=C(c4ccc(Cl)cc4)c4c(sc(C)c4C)-n4c(C)nnc43)cc2C1,7.885,2,0.3747665940288707,7.62,8.15,2022,2022,1,2,O=C(CC1N=C(c2ccccc2)c2ccsc2-n2cnnc21)Nc1ccc2c(c1)CNC2,0.5300000000000002
CC(=O)N1c2ccc(-c3ccc(C#N)cc3)cc2[C@H](Nc2cccc(F)c2)C[C@@H]1C,6.0,1,0.0,6.0,6.0,2014,2014,1,1,c1ccc(NC2CCNc3ccc(-c4ccccc4)cc32)cc1,0.0
CC(=O)N1c2ccc(-c3ccc(C#N)cc3)cc2[C@H](Nc2ccccc2)C[C@@H]1C,6.2,1,0.0,6.2,6.2,2014,2014,1,1,c1ccc(NC2CCNc3ccc(-c4ccccc4)cc32)cc1,0.0
CC(=O)N1c2ccc(-c3ccc(C(=O)N4CCNCC4)cc3)cc2N(C(=O)C2CC2)C[C@@H]1C,6.42,1,0.0,6.42,6.42,2017,2017,1,1,O=C(c1ccc(-c2ccc3c(c2)N(C(=O)C2CC2)CCN3)cc1)N1CCNCC1,0.0
CC(=O)N1c2ccc(-c3ccc(C(=O)O)cc3)cc2[C@H](Nc2ccc(C)cc2)C[C@@H]1C,6.4,2,0.28284271247461834,6.2,6.6,2014,2014,1,1,c1ccc(NC2CCNc3ccc(-c4ccccc4)cc32)cc1,0.39999999999999947
CC(=O)N1c2ccc(-c3ccc(C(=O)O)cc3)cc2[C@H](Nc2ccc(Cl)cc2)C[C@@H]1C,6.449999999999999,2,0.21213203435596445,6.3,6.6,2014,2014,1,1,c1ccc(NC2CCNc3ccc(-c4ccccc4)cc32)cc1,0.2999999999999998
CC(=O)N1c2ccc(-c3ccc(C(=O)O)cc3)cc2[C@H](Nc2ccc(S(C)(=O)=O)cc2)C[C@@H]1C,6.5,1,0.0,6.5,6.5,2014,2014,1,1,c1ccc(NC2CCNc3ccc(-c4ccccc4)cc32)cc1,0.0
CC(=O)N1c2ccc(-c3ccc(C(=O)O)cc3)cc2[C@H](Nc2ccccc2)C[C@@H]1C,6.3,1,0.0,6.3,6.3,2014,2014,1,1,c1ccc(NC2CCNc3ccc(-c4ccccc4)cc32)cc1,0.0
CC(=O)N1c2ccc(-c3ccc(C(F)(F)F)cc3)cc2[C@H](Nc2ccccc2)C[C@@H]1C,6.0,1,0.0,6.0,6.0,2014,2014,1,1,c1ccc(NC2CCNc3ccc(-c4ccccc4)cc32)cc1,0.0
CC(=O)N1c2ccc(-c3ccc(C(N)=O)cc3)cc2[C@H](Nc2ccc(Cl)cc2)C[C@@H]1C,6.3,1,0.0,6.3,6.3,2014,2014,1,1,c1ccc(NC2CCNc3ccc(-c4ccccc4)cc32)cc1,0.0
CC(=O)N1c2ccc(-c3ccc(CN4CCCCC4)cc3)cc2[C@@H](Nc2ccccc2)C[C@H]1C,4.6,1,0.0,4.6,4.6,2014,2014,1,1,c1ccc(NC2CCNc3ccc(-c4ccc(CN5CCCCC5)cc4)cc32)cc1,0.0
CC(=O)N1c2ccc(-c3ccc(CN4CCCCC4)cc3)cc2[C@H](N)C[C@@H]1C,4.6,1,0.0,4.6,4.6,2014,2014,1,1,c1cc(-c2ccc3c(c2)CCCN3)ccc1CN1CCCCC1,0.0
CC(=O)N1c2ccc(-c3ccc(CN4CCCCC4)cc3)cc2[C@H](NC=O)C[C@@H]1C,5.2,1,0.0,5.2,5.2,2014,2014,1,1,c1cc(-c2ccc3c(c2)CCCN3)ccc1CN1CCCCC1,0.0
CC(=O)N1c2ccc(-c3ccc(CN4CCCCC4)cc3)cc2[C@H](Nc2ccc(Cl)cc2)C[C@@H]1C,6.0,1,0.0,6.0,6.0,2014,2014,1,1,c1ccc(NC2CCNc3ccc(-c4ccc(CN5CCCCC5)cc4)cc32)cc1,0.0
CC(=O)N1c2ccc(-c3ccc(CN4CCCCC4)cc3)cc2[C@H](Nc2ccccc2)C[C@@H]1C,6.4,1,0.0,6.4,6.4,2014,2014,1,1,c1ccc(NC2CCNc3ccc(-c4ccc(CN5CCCCC5)cc4)cc32)cc1,0.0
CC(=O)N1c2ccc(-c3ccc(CN4CCOCC4)cc3)cc2[C@H](Nc2ccccc2)C[C@@H]1C,6.3,1,0.0,6.3,6.3,2014,2014,1,1,c1ccc(NC2CCNc3ccc(-c4ccc(CN5CCOCC5)cc4)cc32)cc1,0.0
CC(=O)N1c2ccc(-c3ccc(CO)cc3)cc2[C@H](Nc2ccccc2)C[C@@H]1C,6.3,1,0.0,6.3,6.3,2014,2014,1,1,c1ccc(NC2CCNc3ccc(-c4ccccc4)cc32)cc1,0.0
CC(=O)N1c2ccc(-c3ccc(N4CCS(=O)(=O)CC4)cc3)cc2N(C(=O)C2CC2)C[C@@H]1C,7.0,1,0.0,7.0,7.0,2017,2017,1,1,O=C(C1CC1)N1CCNc2ccc(-c3ccc(N4CCS(=O)(=O)CC4)cc3)cc21,0.0
CC(=O)N1c2ccc(-c3ccc(S(C)(=O)=O)cc3)cc2N(C(=O)C2CC2)C[C@@H]1C,5.77,1,0.0,5.77,5.77,2017,2017,1,1,O=C(C1CC1)N1CCNc2ccc(-c3ccccc3)cc21,0.0
CC(=O)N1c2ccc(-c3ccc(S(C)(=O)=O)cc3)cc2N(C(=O)OC(C)C)C[C@@H]1C,6.58,1,0.0,6.58,6.58,2017,2017,1,1,c1ccc(-c2ccc3c(c2)NCCN3)cc1,0.0
CC(=O)N1c2ccc(-c3ccc(S(C)(=O)=O)cc3)cc2N(C(=O)c2ccco2)C[C@@H]1C,5.8,1,0.0,5.8,5.8,2017,2017,1,1,O=C(c1ccco1)N1CCNc2ccc(-c3ccccc3)cc21,0.0
CC(=O)N1c2ccc(-c3cccc(C(=O)O)c3)cc2[C@H](Nc2ccc(Cl)cc2)C[C@@H]1C,6.1,1,0.0,6.1,6.1,2014,2014,1,1,c1ccc(NC2CCNc3ccc(-c4ccccc4)cc32)cc1,0.0
CC(=O)N1c2ccc(-c3cccc(CN4CCCCC4)c3)cc2[C@H](Nc2ccccc2)C[C@@H]1C,6.1,1,0.0,6.1,6.1,2014,2014,1,1,c1ccc(NC2CCNc3ccc(-c4cccc(CN5CCCCC5)c4)cc32)cc1,0.0
CC(=O)N1c2ccc(-c3ccccc3)cc2N(C(=O)c2ccco2)C[C@@H]1C,5.8,1,0.0,5.8,5.8,2017,2017,1,1,O=C(c1ccco1)N1CCNc2ccc(-c3ccccc3)cc21,0.0
CC(=O)N1c2ccc(-c3ccccc3)cc2[C@H](Nc2ccccc2)C[C@@H]1C,6.1,1,0.0,6.1,6.1,2014,2014,1,1,c1ccc(NC2CCNc3ccc(-c4ccccc4)cc32)cc1,0.0
CC(=O)N1c2ccc(-c3ccccc3C)cc2[C@H](Nc2ccc(Cl)cc2)C[C@@H]1C,5.4,1,0.0,5.4,5.4,2014,2014,1,1,c1ccc(NC2CCNc3ccc(-c4ccccc4)cc32)cc1,0.0
CC(=O)N1c2ccc(-c3cnn(C(C)C)c3)cc2N(C(=O)C2CC2)C[C@@H]1C,6.38,1,0.0,6.38,6.38,2017,2017,1,1,O=C(C1CC1)N1CCNc2ccc(-c3cn[nH]c3)cc21,0.0
CC(=O)N1c2ccc(-c3cnn(C)c3)cc2N(C(=O)c2ccco2)C[C@@H]1C,6.42,1,0.0,6.42,6.42,2017,2017,1,1,O=C(c1ccco1)N1CCNc2ccc(-c3cn[nH]c3)cc21,0.0
CC(=O)N1c2ccc(-c3cnn(C4CNC4)c3)cc2N(C(=O)C2CC2)C[C@@H]1C,7.22,1,0.0,7.22,7.22,2017,2017,1,1,O=C(C1CC1)N1CCNc2ccc(-c3cnn(C4CNC4)c3)cc21,0.0
CC(=O)N1c2ccc(-c3cnn(C4COC4)c3)cc2N(C(=O)C2CC2)C[C@@H]1C,6.43,1,0.0,6.43,6.43,2017,2017,1,1,O=C(C1CC1)N1CCNc2ccc(-c3cnn(C4COC4)c3)cc21,0.0
CC(=O)N1c2ccc(C#N)cc2[C@H](Nc2ccc(C#N)cn2)C[C@@H]1C,6.55,2,0.3535533905932738,6.3,6.8,2022,2022,1,2,c1ccc(NC2CCNc3ccccc32)nc1,0.5
CC(=O)N1c2ccc(C#N)cc2[C@H](Nc2cnc(C#N)cn2)C[C@@H]1C,6.3,2,0.0,6.3,6.3,2022,2022,1,2,c1ccc2c(c1)NCCC2Nc1cnccn1,0.0
CC(=O)N1c2ccc(C(N)=O)cc2[C@H](Nc2ccc(C)cn2)C[C@@H]1C,6.449999999999999,2,0.49497474683058373,6.1,6.8,2022,2022,1,2,c1ccc(NC2CCNc3ccccc32)nc1,0.7000000000000002
CC(=O)N1c2ccc(C(N)=O)cc2[C@H](Nc2ccc(Cl)cn2)C[C@@H]1C,6.85,2,0.3535533905932738,6.6,7.1,2022,2022,1,2,c1ccc(NC2CCNc3ccccc32)nc1,0.5
CC(=O)N1c2ccc(C(N)=O)cc2[C@H](Nc2cccc(Cl)c2)C[C@@H]1C,7.2,2,0.7071067811865476,6.7,7.7,2022,2022,1,2,c1ccc(NC2CCNc3ccccc32)cc1,1.0
CC(=O)N1c2ccc(C(N)=O)cc2[C@H](Nc2ncc(Cl)cn2)C[C@@H]1C,7.050000000000001,2,0.21213203435596445,6.9,7.2,2022,2022,1,2,c1cnc(NC2CCNc3ccccc32)nc1,0.2999999999999998
CC(=O)N1c2ccc(F)cc2[C@H](Nc2ccc(C#N)cn2)C[C@@H]1C,6.3,2,0.2828427124746193,6.1,6.5,2022,2022,1,2,c1ccc(NC2CCNc3ccccc32)nc1,0.40000000000000036
CC(=O)N1c2ccc(F)cc2[C@H](Nc2cnc(C#N)cn2)C[C@@H]1C,5.95,2,0.0707106781186545,5.9,6.0,2022,2022,1,2,c1ccc2c(c1)NCCC2Nc1cnccn1,0.09999999999999964
CC(=O)N1c2ccc(F)cc2[C@H](Nc2cnc(C)cn2)C[C@@H]1C,6.050000000000001,2,0.2121320343559638,5.9,6.2,2022,2022,1,2,c1ccc2c(c1)NCCC2Nc1cnccn1,0.2999999999999998
CC(=O)N1c2ccccc2N(C(=O)C2CCCC2)C[C@@H]1C,4.37,1,0.0,4.37,4.37,2017,2017,1,1,O=C(C1CCCC1)N1CCNc2ccccc21,0.0
CC(=O)N1c2ccccc2N(C(=O)c2ccco2)C[C@@H]1C,4.85,1,0.0,4.85,4.85,2017,2017,1,1,O=C(c1ccco1)N1CCNc2ccccc21,0.0
CC(=O)N1c2ccccc2[C@H](Nc2ccc(C#N)cn2)C[C@@H]1C,6.25,2,0.3535533905932738,6.0,6.5,2022,2022,1,2,c1ccc(NC2CCNc3ccccc32)nc1,0.5
CC(=O)N1c2ccccc2[C@H](Nc2cnc(C#N)cn2)C[C@@H]1C,5.9,2,0.0,5.9,5.9,2022,2022,1,2,c1ccc2c(c1)NCCC2Nc1cnccn1,0.0
CC(=O)N1c2ccccc2[C@H](Nc2cnc(C)cn2)C[C@@H]1C,6.15,2,0.2121320343559638,6.0,6.3,2022,2022,1,2,c1ccc2c(c1)NCCC2Nc1cnccn1,0.2999999999999998
CC(=O)NCC1(c2ccccn2)COc2c(-c3c(C)noc3C)ccc3[nH]c(=O)n1c23,6.26,1,0.0,6.26,6.26,2017,2017,1,1,O=c1[nH]c2ccc(-c3cnoc3)c3c2n1C(c1ccccn1)CO3,0.0
CC(=O)NC[C@@H]1N=C(c2ccc(Cl)cc2)c2c(sc(C)c2C)-c2c(C)noc21,6.72,1,0.0,6.72,6.72,2013,2013,1,1,c1ccc(C2=NCc3oncc3-c3sccc32)cc1,0.0
CC(=O)NCc1cccc(Nc2nc3ccccc3n3c(C)nnc23)c1,6.28,1,0.0,6.28,6.28,2017,2017,1,1,c1ccc(Nc2nc3ccccc3n3cnnc23)cc1,0.0
CC(=O)NCc1onc(C)c1-c1ccc(C)c(S(=O)(=O)NC2CCCC2)c1,5.355,2,0.4596194077712558,5.03,5.68,2019,2019,1,2,O=S(=O)(NC1CCCC1)c1cccc(-c2cnoc2)c1,0.6499999999999995
CC(=O)Nc1cc(N2C(=O)c3c(c(C)nn3C3CC3)C2c2ccc(Cl)cc2)nn2c(C)nnc12,5.96,1,0.0,5.96,5.96,2015,2015,1,1,O=C1c2c(cnn2C2CC2)C(c2ccccc2)N1c1ccc2nncn2n1,0.0
CC(=O)Nc1ccc(-c2ccc(Nc3nn(C)c4c3CN(C(C)=O)CC4)cc2)cn1,5.38,1,0.0,5.38,5.38,2017,2017,1,1,c1cncc(-c2ccc(Nc3n[nH]c4c3CNCC4)cc2)c1,0.0
CC(=O)Nc1ccc(CCc2nc3cc(-c4c(C)noc4C)ccc3n2CCN2CCOCC2)cc1,5.85,1,0.0,5.85,5.85,2017,2017,1,1,c1ccc(CCc2nc3cc(-c4cnoc4)ccc3n2CCN2CCOCC2)cc1,0.0
CC(=O)Nc1ccc(CNc2cccc(Oc3ccc(S(C)(=O)=O)cc3-c3cn(C)c(=O)c4cncn34)c2)cc1,6.585,2,0.23334523779156074,6.42,6.75,2017,2017,1,2,O=c1[nH]cc(-c2ccccc2Oc2cccc(NCc3ccccc3)c2)n2cncc12,0.33000000000000007
CC(=O)Nc1ccc(Oc2c(C)cc(F)cc2C)c(-n2cc(C)c(=O)c3ccccc32)c1,5.8149999999999995,2,1.0253048327204943,5.09,6.54,2021,2021,1,2,O=c1ccn(-c2ccccc2Oc2ccccc2)c2ccccc12,1.4500000000000002
CC(=O)Nc1ccc(Oc2ccc(F)cc2F)c(-c2ccc3[nH]c(=O)c(C)nc3c2)c1,7.08,1,0.0,7.08,7.08,2023,2023,1,1,O=c1cnc2cc(-c3ccccc3Oc3ccccc3)ccc2[nH]1,0.0
CC(=O)Nc1ccc(Oc2ccc(F)cc2F)c(-c2cn(C)c(=O)c3cc(-c4cc(C)c(OCCO)c(C)c4)oc23)c1,9.18,2,0.141421356237309,9.08,9.28,2022,2022,1,2,O=c1[nH]cc(-c2ccccc2Oc2ccccc2)c2oc(-c3ccccc3)cc12,0.1999999999999993
CC(=O)Nc1ccc2c(c1)nc(NCCCCNC(=O)C(C)(C)C)c1nnc(C)n12,7.72,1,0.0,7.72,7.72,2021,2021,1,1,c1ccc2c(c1)ncc1nncn12,0.0
CC(=O)Nc1ccc2c(c1)nc(NCCCCNC(=O)OC(C)(C)C)c1nnc(C)n12,7.51,1,0.0,7.51,7.51,2021,2021,1,1,c1ccc2c(c1)ncc1nncn12,0.0
CC(=O)Nc1ccc2c(c1)nc(NCCCCNC(=O)c1ccccc1)c1nnc(C)n12,7.51,1,0.0,7.51,7.51,2021,2021,1,1,O=C(NCCCCNc1nc2ccccc2n2cnnc12)c1ccccc1,0.0
CC(=O)Nc1ccc2nc(NCCCCNC(=O)C(C)(C)C)c3nnc(C)n3c2c1,7.31,1,0.0,7.31,7.31,2021,2021,1,1,c1ccc2c(c1)ncc1nncn12,0.0
CC(=O)Nc1ccc2nc(NCCCCNC(=O)OC(C)(C)C)c3nnc(C)n3c2c1,7.51,1,0.0,7.51,7.51,2021,2021,1,1,c1ccc2c(c1)ncc1nncn12,0.0
CC(=O)Nc1ccc2nc(NCCCCNC(=O)c3ccccc3)c3nnc(C)n3c2c1,7.35,1,0.0,7.35,7.35,2021,2021,1,1,O=C(NCCCCNc1nc2ccccc2n2cnnc12)c1ccccc1,0.0
CC(=O)Nc1cccc(-c2cccc3c2N[C@H](C)CC(=O)N3)c1,5.32,1,0.0,5.32,5.32,2019,2019,1,1,O=C1CCNc2c(cccc2-c2ccccc2)N1,0.0
CC(=O)Nc1cccc(/C=C(/C(=O)N2CC(=O)Nc3ccccc32)c2ccccc2)c1,4.4,1,0.0,4.4,4.4,2015,2015,1,1,O=C1CN(C(=O)C(=Cc2ccccc2)c2ccccc2)c2ccccc2N1,0.0
CC(=O)Nc1cccc(/C=C/c2cccc3c2N[C@H](C)CC(=O)N3)c1,5.38,1,0.0,5.38,5.38,2019,2019,1,1,O=C1CCNc2c(C=Cc3ccccc3)cccc2N1,0.0
CC(=O)Nc1cccc(Cn2c(C)cc3c2ccc2nnc(C)n23)c1,5.76,2,0.7071067811865476,5.26,6.26,2017,2019,2,2,c1ccc(Cn2ccc3c2ccc2nncn23)cc1,1.0
CC(=O)Nc1ccccc1/C=C/c1cccc2c1N[C@H](C)CC(=O)N2,4.82,1,0.0,4.82,4.82,2019,2019,1,1,O=C1CCNc2c(C=Cc3ccccc3)cccc2N1,0.0
CC(=O)Nc1cn(C)c2c1C(=O)N(c1cc(C)c3nnc(C(F)F)n3c1)C2c1ccc(Cl)cc1,7.54,1,0.0,7.54,7.54,2017,2017,1,1,O=C1c2cc[nH]c2C(c2ccccc2)N1c1ccc2nncn2c1,0.0
CC(=O)Nc1cn(C)c2c1C(=O)N(c1cc(C)c3nnc(C(F)F)n3n1)C2c1ccc(Cl)cc1,7.64,1,0.0,7.64,7.64,2017,2017,1,1,O=C1c2cc[nH]c2C(c2ccccc2)N1c1ccc2nncn2n1,0.0
CC(=O)Nc1cn(C)c2c1C(=O)N(c1cc(C)c3nnc(C)n3c1)C2c1ccc(Cl)cc1,7.64,1,0.0,7.64,7.64,2017,2017,1,1,O=C1c2cc[nH]c2C(c2ccccc2)N1c1ccc2nncn2c1,0.0
CC(=O)Nc1cn(C)c2c1C(=O)N(c1cc(C)c3nnc(C)n3c1)[C@@H]2c1ccc(Cl)cc1,7.68,1,0.0,7.68,7.68,2017,2017,1,1,O=C1c2cc[nH]c2C(c2ccccc2)N1c1ccc2nncn2c1,0.0
CC(=O)Nc1cn(C)c2c1C(=O)N(c1cc(C)c3nnn(C)c3c1)C2c1ccc(Cl)cc1,7.89,1,0.0,7.89,7.89,2017,2017,1,1,O=C1c2cc[nH]c2C(c2ccccc2)N1c1ccc2nn[nH]c2c1,0.0
CC(=O)Nc1cn(C)c2c1C(=O)N(c1cc(C)c3nnn(C)c3n1)C2c1ccc(Cl)cc1,7.8,1,0.0,7.8,7.8,2017,2017,1,1,O=C1c2cc[nH]c2C(c2ccccc2)N1c1ccc2nn[nH]c2n1,0.0
CC(=O)Nc1nn(C)c2c3ncc(-c4c(C)nnn4C)cc3n([C@H](c3ccccc3)C3CCOCC3)c12,8.72,1,0.0,8.72,8.72,2022,2022,1,1,c1ccc(C(C2CCOCC2)n2c3cc(-c4cnn[nH]4)cnc3c3[nH]ncc32)cc1,0.0
CC(=O)OC1(c2ccccc2)C(=O)Nc2ccc(-c3c(C)noc3C)cc21,6.82,2,0.0,6.82,6.82,2016,2016,1,2,O=C1Nc2ccc(-c3cnoc3)cc2C1c1ccccc1,0.0
CC(=O)OCC(=O)NCCCCNc1nc2cc3c(cc2n2c(C)nnc12)OCCO3,7.52,1,0.0,7.52,7.52,2021,2021,1,1,c1c2c(cc3c1ncc1nncn13)OCCO2,0.0
CC(=O)Oc1cc(-c2c(C)noc2C)cc(C(O)c2ccccc2)c1,6.43,2,0.0,6.43,6.43,2013,2013,1,1,c1ccc(Cc2cccc(-c3cnoc3)c2)cc1,0.0
CC(=O)Oc1ccc(Cn2ccnc2)c2cccnc12,7.21,1,0.0,7.21,7.21,2019,2019,1,1,c1cc(Cn2ccnc2)c2cccnc2c1,0.0
CC(=O)Oc1ccc(Cn2cnc(F)c2)c2cccnc12,7.16,1,0.0,7.16,7.16,2019,2019,1,1,c1cc(Cn2ccnc2)c2cccnc2c1,0.0
CC(=O)c1c(C)[nH]c(-c2cc3ccccc3[nH]2)c1C,5.26,1,0.0,5.26,5.26,2022,2022,1,1,c1c[nH]c(-c2cc3ccccc3[nH]2)c1,0.0
CC(=O)c1c(C)[nH]c(-c2ccsc2)c1C,4.36,1,0.0,4.36,4.36,2022,2022,1,1,c1c[nH]c(-c2ccsc2)c1,0.0
CC(=O)c1c(C)[nH]c(-c2nc3c(N4CCN(C)CC4)cccc3[nH]2)c1C,6.27,1,0.0,6.27,6.27,2022,2022,1,1,c1c[nH]c(-c2nc3c(N4CCNCC4)cccc3[nH]2)c1,0.0
CC(=O)c1c(C)[nH]c(-c2nc3cc(-c4ccnn4C)ccc3[nH]2)c1C,5.94,1,0.0,5.94,5.94,2022,2022,1,1,c1c[nH]c(-c2nc3cc(-c4ccn[nH]4)ccc3[nH]2)c1,0.0
CC(=O)c1c(C)[nH]c(-c2nc3cc(N(C)CCN(C)C)ccc3[nH]2)c1C,6.51,1,0.0,6.51,6.51,2022,2022,1,1,c1c[nH]c(-c2nc3ccccc3[nH]2)c1,0.0
CC(=O)c1c(C)[nH]c(-c2nc3cc(N4CCC(CO)CC4)ccc3[nH]2)c1C,6.33,1,0.0,6.33,6.33,2022,2022,1,1,c1c[nH]c(-c2nc3cc(N4CCCCC4)ccc3[nH]2)c1,0.0
CC(=O)c1c(C)[nH]c(-c2nc3cc(N4CCCCC4)ccc3[nH]2)c1C,6.58,1,0.0,6.58,6.58,2022,2022,1,1,c1c[nH]c(-c2nc3cc(N4CCCCC4)ccc3[nH]2)c1,0.0
CC(=O)c1c(C)[nH]c(-c2nc3cc(N4CCN(C)CC4)ccc3[nH]2)c1-c1ccc(C)cc1,7.26,1,0.0,7.26,7.26,2022,2022,1,1,c1ccc(-c2cc[nH]c2-c2nc3cc(N4CCNCC4)ccc3[nH]2)cc1,0.0
CC(=O)c1c(C)[nH]c(-c2nc3cc(N4CCN(C)CC4)ccc3[nH]2)c1-c1ccc(Cl)cc1,7.0,1,0.0,7.0,7.0,2022,2022,1,1,c1ccc(-c2cc[nH]c2-c2nc3cc(N4CCNCC4)ccc3[nH]2)cc1,0.0
CC(=O)c1c(C)[nH]c(-c2nc3cc(N4CCN(C)CC4)ccc3[nH]2)c1-c1ccc(N(C)C)cc1,7.22,1,0.0,7.22,7.22,2022,2022,1,1,c1ccc(-c2cc[nH]c2-c2nc3cc(N4CCNCC4)ccc3[nH]2)cc1,0.0
CC(=O)c1c(C)[nH]c(-c2nc3cc(N4CCN(C)CC4)ccc3[nH]2)c1-c1ccc2c(c1)OCCO2,7.14,1,0.0,7.14,7.14,2022,2022,1,1,c1cc(-c2ccc3c(c2)OCCO3)c(-c2nc3cc(N4CCNCC4)ccc3[nH]2)[nH]1,0.0
CC(=O)c1c(C)[nH]c(-c2nc3cc(N4CCN(C)CC4)ccc3[nH]2)c1-c1ccc2c(c1)OCO2,7.07,1,0.0,7.07,7.07,2022,2022,1,1,c1cc(-c2ccc3c(c2)OCO3)c(-c2nc3cc(N4CCNCC4)ccc3[nH]2)[nH]1,0.0
CC(=O)c1c(C)[nH]c(-c2nc3cc(N4CCN(C)CC4)ccc3[nH]2)c1-c1ccc2ccccc2c1,6.63,1,0.0,6.63,6.63,2022,2022,1,1,c1ccc2cc(-c3cc[nH]c3-c3nc4cc(N5CCNCC5)ccc4[nH]3)ccc2c1,0.0
CC(=O)c1c(C)[nH]c(-c2nc3cc(N4CCN(C)CC4)ccc3[nH]2)c1-c1cccc(Cl)c1,6.86,1,0.0,6.86,6.86,2022,2022,1,1,c1ccc(-c2cc[nH]c2-c2nc3cc(N4CCNCC4)ccc3[nH]2)cc1,0.0
CC(=O)c1c(C)[nH]c(-c2nc3cc(N4CCN(C)CC4)ccc3[nH]2)c1-c1ccccc1,7.3,1,0.0,7.3,7.3,2022,2022,1,1,c1ccc(-c2cc[nH]c2-c2nc3cc(N4CCNCC4)ccc3[nH]2)cc1,0.0
CC(=O)c1c(C)[nH]c(-c2nc3cc(N4CCN(C)CC4)ccc3[nH]2)c1-c1ccccc1Cl,6.28,1,0.0,6.28,6.28,2022,2022,1,1,c1ccc(-c2cc[nH]c2-c2nc3cc(N4CCNCC4)ccc3[nH]2)cc1,0.0
CC(=O)c1c(C)[nH]c(-c2nc3cc(N4CCN(C)CC4)ccc3[nH]2)c1-c1ccncc1,6.44,1,0.0,6.44,6.44,2022,2022,1,1,c1cc(-c2cc[nH]c2-c2nc3cc(N4CCNCC4)ccc3[nH]2)ccn1,0.0
CC(=O)c1c(C)[nH]c(-c2nc3cc(N4CCN(C)CC4)ccc3[nH]2)c1-c1cnn(C)c1,6.66,1,0.0,6.66,6.66,2022,2022,1,1,c1cc(-c2cn[nH]c2)c(-c2nc3cc(N4CCNCC4)ccc3[nH]2)[nH]1,0.0
CC(=O)c1c(C)[nH]c(-c2nc3cc(N4CCN(C)CC4)ccc3[nH]2)c1C,7.02,1,0.0,7.02,7.02,2022,2022,1,1,c1c[nH]c(-c2nc3cc(N4CCNCC4)ccc3[nH]2)c1,0.0
CC(=O)c1c(C)[nH]c(-c2nc3cc(N4CCN(C)CC4)ccc3[nH]2)c1C1CC1,6.04,1,0.0,6.04,6.04,2022,2022,1,1,c1cc(C2CC2)c(-c2nc3cc(N4CCNCC4)ccc3[nH]2)[nH]1,0.0
CC(=O)c1c(C)[nH]c(-c2nc3cc(N4CCOCC4)ccc3[nH]2)c1-c1ccccc1,7.46,1,0.0,7.46,7.46,2022,2022,1,1,c1ccc(-c2cc[nH]c2-c2nc3cc(N4CCOCC4)ccc3[nH]2)cc1,0.0
CC(=O)c1c(C)[nH]c(-c2nc3cc(N4CCOCC4)ccc3[nH]2)c1C,6.88,1,0.0,6.88,6.88,2022,2022,1,1,c1c[nH]c(-c2nc3cc(N4CCOCC4)ccc3[nH]2)c1,0.0
CC(=O)c1c(C)[nH]c(-c2nc3cc(NC(=O)C4CC4)ccc3[nH]2)c1C,5.85,1,0.0,5.85,5.85,2022,2022,1,1,O=C(Nc1ccc2[nH]c(-c3ccc[nH]3)nc2c1)C1CC1,0.0
CC(=O)c1c(C)[nH]c(-c2nc3cc(OC4CCN(C)CC4)ccc3[nH]2)c1C,6.41,1,0.0,6.41,6.41,2022,2022,1,1,c1c[nH]c(-c2nc3cc(OC4CCNCC4)ccc3[nH]2)c1,0.0
CC(=O)c1c(C)[nH]c(-c2nc3ccccc3[nH]2)c1C,5.99,1,0.0,5.99,5.99,2022,2022,1,1,c1c[nH]c(-c2nc3ccccc3[nH]2)c1,0.0
CC(=O)c1c(C)[nH]c(-c2nc3ccccc3n2C(C)c2ccccc2)c1C,5.32,1,0.0,5.32,5.32,2022,2022,1,1,c1ccc(Cn2c(-c3ccc[nH]3)nc3ccccc32)cc1,0.0
CC(=O)c1c(C)[nH]c(-c2nc3ccccc3n2CC2CC2)c1C,5.55,1,0.0,5.55,5.55,2022,2022,1,1,c1c[nH]c(-c2nc3ccccc3n2CC2CC2)c1,0.0
CC(=O)c1c(C)[nH]c(-c2nc3ccccc3n2Cc2ccccc2)c1C,5.53,1,0.0,5.53,5.53,2022,2022,1,1,c1ccc(Cn2c(-c3ccc[nH]3)nc3ccccc32)cc1,0.0
CC(=O)c1c(C)[nH]c(-c2nc3ccccc3n2Cc2ccccn2)c1C,5.57,1,0.0,5.57,5.57,2022,2022,1,1,c1ccc(Cn2c(-c3ccc[nH]3)nc3ccccc32)nc1,0.0
CC(=O)c1ccc(-c2c(C)noc2C)cc1,5.74,1,0.0,5.74,5.74,2014,2014,1,1,c1ccc(-c2cnoc2)cc1,0.0
CC(=O)c1cn(C)c(=O)c2ccc(-c3ccccc3)cc12,4.09,1,0.0,4.09,4.09,2018,2018,1,1,O=c1[nH]ccc2cc(-c3ccccc3)ccc12,0.0
CC(=O)c1cn(C)c(=O)c2ccc(-c3cnn(C)c3)cc12,4.62,1,0.0,4.62,4.62,2018,2018,1,1,O=c1[nH]ccc2cc(-c3cn[nH]c3)ccc12,0.0
CC(=O)c1cn(C)c(=O)c2ccc(-c3ncco3)cc12,4.14,1,0.0,4.14,4.14,2018,2018,1,1,O=c1[nH]ccc2cc(-c3ncco3)ccc12,0.0
CC(=O)c1cn(C)c(=O)c2ccccc12,4.15,1,0.0,4.15,4.15,2018,2018,1,1,O=c1[nH]ccc2ccccc12,0.0
CC(C)(C)C1CCc2c(sc3c2c(-c2ccccc2)nc(=O)n3Cc2cnc(Cl)s2)C1,4.64,1,0.0,4.64,4.64,2019,2019,1,1,O=c1nc(-c2ccccc2)c2c3c(sc2n1Cc1cncs1)CCCC3,0.0
CC(C)(C)NS(=O)(=O)c1cccc(Nc2nc(Nc3ccc(N4CCNCC4)cc3)ncc2C(F)(F)F)c1,5.63,1,0.0,5.63,5.63,2023,2023,1,1,c1ccc(Nc2ccnc(Nc3ccc(N4CCNCC4)cc3)n2)cc1,0.0
CC(C)(C)NS(=O)(=O)c1cccc(Nc2nc(Nc3ccc(N4CCOCC4)cc3)ncc2Cl)c1,4.64,1,0.0,4.64,4.64,2023,2023,1,1,c1ccc(Nc2ccnc(Nc3ccc(N4CCOCC4)cc3)n2)cc1,0.0
CC(C)(C)OC(=O)Oc1ccc(Cn2ccnc2)c2cccnc12,6.75,1,0.0,6.75,6.75,2019,2019,1,1,c1cc(Cn2ccnc2)c2cccnc2c1,0.0
CC(C)(C)S(=O)(=O)N1CCc2ccc(-n3ccc4cnc(Nc5ccc(N6CCNCC6)cc5)nc43)cc21,5.71,1,0.0,5.71,5.71,2022,2022,1,1,c1cc(N2CCNCC2)ccc1Nc1ncc2ccn(-c3ccc4c(c3)NCC4)c2n1,0.0
CC(C)(C)S(=O)(=O)N1CCc2ccc(Nc3nc(NC4CCNC4)nc4sccc34)cc21,5.57,2,0.01414213562373159,5.56,5.58,2022,2022,1,2,c1cc2c(Nc3ccc4c(c3)NCC4)nc(NC3CCNC3)nc2s1,0.020000000000000462
CC(C)(C)S(=O)(=O)N1CCc2ccc(Nc3nc(NC4CCNCC4)nc4c3COC4)cc21,5.8,1,0.0,5.8,5.8,2022,2022,1,1,c1cc2c(cc1Nc1nc(NC3CCNCC3)nc3c1COC3)NCC2,0.0
CC(C)(C)S(=O)(=O)N1CCc2ccc(Nc3nc(NC4CCNCC4)nc4sccc34)cc21,6.19,1,0.0,6.19,6.19,2022,2022,1,1,c1cc2c(Nc3ccc4c(c3)NCC4)nc(NC3CCNCC3)nc2s1,0.0
CC(C)(C)S(=O)(=O)N1CCc2ccc(Nc3nc(NC4CCOC4)nc4sccc34)cc21,5.5,1,0.0,5.5,5.5,2022,2022,1,1,c1cc2c(Nc3ccc4c(c3)NCC4)nc(NC3CCOC3)nc2s1,0.0
CC(C)(C)S(=O)(=O)N1CCc2ccc(Nc3nc(NCC4CCNCC4)nc4sccc34)cc21,5.83,2,0.24041630560342606,5.66,6.0,2022,2022,1,2,c1cc2c(Nc3ccc4c(c3)NCC4)nc(NCC3CCNCC3)nc2s1,0.33999999999999986
CC(C)(C)S(=O)(=O)N1CCc2ccc(Nc3nc(Nc4cccnc4)nc4c3COC4)cc21,5.44,1,0.0,5.44,5.44,2022,2022,1,1,c1cncc(Nc2nc3c(c(Nc4ccc5c(c4)NCC5)n2)COC3)c1,0.0
CC(C)(C)S(=O)(=O)Nc1cc(-c2csc3cnc(Nc4ccc(N5CCNCC5)c(F)c4)nc23)ccc1F,6.79,1,0.0,6.79,6.79,2022,2022,1,1,c1ccc(-c2csc3cnc(Nc4ccc(N5CCNCC5)cc4)nc23)cc1,0.0
CC(C)(C)S(=O)(=O)Nc1cc(-n2ccc3cnc(Nc4cc(F)c5c(c4)CC4CNCCN54)nc32)ccc1F,7.005000000000001,4,0.09069178573608531,6.92,7.1,2022,2022,1,2,c1ccc(-n2ccc3cnc(Nc4ccc5c(c4)CC4CNCCN54)nc32)cc1,0.17999999999999972
CC(C)(C)S(=O)(=O)Nc1cc(-n2ccc3cnc(Nc4ccc(C5CCNCC5)cc4)nc32)ccc1F,6.32,1,0.0,6.32,6.32,2022,2022,1,1,c1ccc(-n2ccc3cnc(Nc4ccc(C5CCNCC5)cc4)nc32)cc1,0.0
CC(C)(C)S(=O)(=O)Nc1cc(-n2ccc3cnc(Nc4ccc(N5CCC(C(=O)O)CC5)c(F)c4)nc32)ccc1F,5.96,1,0.0,5.96,5.96,2022,2022,1,1,c1ccc(-n2ccc3cnc(Nc4ccc(N5CCCCC5)cc4)nc32)cc1,0.0
CC(C)(C)S(=O)(=O)Nc1cc(-n2ccc3cnc(Nc4ccc(N5CCN(S(C)(=O)=O)CC5)c(F)c4)nc32)ccc1F,5.85,1,0.0,5.85,5.85,2022,2022,1,1,c1ccc(-n2ccc3cnc(Nc4ccc(N5CCNCC5)cc4)nc32)cc1,0.0
CC(C)(C)S(=O)(=O)Nc1cc(-n2ccc3cnc(Nc4ccc(N5CCNC(=O)C5)c(F)c4)nc32)ccc1F,6.53,1,0.0,6.53,6.53,2022,2022,1,1,O=C1CN(c2ccc(Nc3ncc4ccn(-c5ccccc5)c4n3)cc2)CCN1,0.0
CC(C)(C)S(=O)(=O)Nc1cc(-n2ccc3cnc(Nc4ccc(N5CCNCC5)c(F)c4)nc32)ccc1F,7.205,4,0.5766787089301406,6.9,8.22,2022,2022,1,3,c1ccc(-n2ccc3cnc(Nc4ccc(N5CCNCC5)cc4)nc32)cc1,1.3200000000000003
CC(C)(C)S(=O)(=O)Nc1cc(-n2ccc3cnc(Nc4ccc(N5CCNCC5)cc4)nc32)ccc1F,6.68,1,0.0,6.68,6.68,2022,2022,1,1,c1ccc(-n2ccc3cnc(Nc4ccc(N5CCNCC5)cc4)nc32)cc1,0.0
CC(C)(C)S(=O)(=O)Nc1cc(Nc2nc(NC3CCNCC3)nc3ccsc23)ccc1Cl,5.49,1,0.0,5.49,5.49,2022,2022,1,1,c1ccc(Nc2nc(NC3CCNCC3)nc3ccsc23)cc1,0.0
CC(C)(C)S(=O)(=O)Nc1ccc(Nc2nc(NC3CCNCC3)nc3sccc23)cc1,5.13,1,0.0,5.13,5.13,2022,2022,1,1,c1ccc(Nc2nc(NC3CCNCC3)nc3sccc23)cc1,0.0
CC(C)(C)S(=O)(=O)Nc1cccc(-c2csc3cnc(Nc4cc(F)c5c(c4)CC4CNCCN54)nc23)c1,6.12,1,0.0,6.12,6.12,2022,2022,1,1,c1ccc(-c2csc3cnc(Nc4ccc5c(c4)CC4CNCCN54)nc23)cc1,0.0
CC(C)(C)S(=O)(=O)Nc1cccc(-c2csc3cnc(Nc4ccc(N5CCNCC5)c(F)c4)nc23)c1,6.62,2,0.12727922061357835,6.53,6.71,2022,2022,1,2,c1ccc(-c2csc3cnc(Nc4ccc(N5CCNCC5)cc4)nc23)cc1,0.17999999999999972
CC(C)(C)S(=O)(=O)Nc1cccc(-c2csc3cnc(Nc4ccc5c(c4)CC4CNCCN54)nc23)c1,6.5,1,0.0,6.5,6.5,2022,2022,1,1,c1ccc(-c2csc3cnc(Nc4ccc5c(c4)CC4CNCCN54)nc23)cc1,0.0
CC(C)(C)S(=O)(=O)Nc1cccc(-c2csc3cnc(Nc4ccc5c(c4)CCN4CCNCC54)nc23)c1,6.92,2,0.05656854249492385,6.88,6.96,2022,2022,1,2,c1ccc(-c2csc3cnc(Nc4ccc5c(c4)CCN4CCNCC54)nc23)cc1,0.08000000000000007
CC(C)(C)S(=O)(=O)Nc1cccc(-n2ccc3cnc(NC4CCN(c5ccccc5)CC4)nc32)c1,5.0,1,0.0,5.0,5.0,2022,2022,1,1,c1ccc(N2CCC(Nc3ncc4ccn(-c5ccccc5)c4n3)CC2)cc1,0.0
CC(C)(C)S(=O)(=O)Nc1cccc(-n2ccc3cnc(NC4CCNCC4)nc32)c1,5.0,1,0.0,5.0,5.0,2022,2022,1,1,c1ccc(-n2ccc3cnc(NC4CCNCC4)nc32)cc1,0.0
CC(C)(C)S(=O)(=O)Nc1cccc(-n2ccc3cnc(Nc4cc(F)c5c(c4)CC4CNCCN54)nc32)c1,6.52,1,0.0,6.52,6.52,2022,2022,1,1,c1ccc(-n2ccc3cnc(Nc4ccc5c(c4)CC4CNCCN54)nc32)cc1,0.0
CC(C)(C)S(=O)(=O)Nc1cccc(-n2ccc3cnc(Nc4ccc(C(=O)N5CCNCC5)c(F)c4)nc32)c1,7.18,4,0.17670597047072242,6.9,7.27,2022,2022,1,2,O=C(c1ccc(Nc2ncc3ccn(-c4ccccc4)c3n2)cc1)N1CCNCC1,0.3699999999999992
CC(C)(C)S(=O)(=O)Nc1cccc(-n2ccc3cnc(Nc4ccc(C(=O)NC5CCNCC5)c(F)c4)nc32)c1,6.7,2,0.4242640687119283,6.4,7.0,2022,2022,1,2,O=C(NC1CCNCC1)c1ccc(Nc2ncc3ccn(-c4ccccc4)c3n2)cc1,0.5999999999999996
CC(C)(C)S(=O)(=O)Nc1cccc(-n2ccc3cnc(Nc4ccc(C(=O)NC5CCNCC5)cc4)nc32)c1,6.19,1,0.0,6.19,6.19,2022,2022,1,1,O=C(NC1CCNCC1)c1ccc(Nc2ncc3ccn(-c4ccccc4)c3n2)cc1,0.0
CC(C)(C)S(=O)(=O)Nc1cccc(-n2ccc3cnc(Nc4ccc(C5CCNCC5)cc4)nc32)c1,6.33,2,0.2262741699796954,6.17,6.49,2022,2022,1,2,c1ccc(-n2ccc3cnc(Nc4ccc(C5CCNCC5)cc4)nc32)cc1,0.3200000000000003
CC(C)(C)S(=O)(=O)Nc1cccc(-n2ccc3cnc(Nc4ccc(CC(=O)NCCN)cc4)nc32)c1,6.39,1,0.0,6.39,6.39,2022,2022,1,1,c1ccc(Nc2ncc3ccn(-c4ccccc4)c3n2)cc1,0.0
CC(C)(C)S(=O)(=O)Nc1cccc(-n2ccc3cnc(Nc4ccc(N5CCN(S(C)(=O)=O)CC5)cc4)nc32)c1,5.34,1,0.0,5.34,5.34,2022,2022,1,1,c1ccc(-n2ccc3cnc(Nc4ccc(N5CCNCC5)cc4)nc32)cc1,0.0
CC(C)(C)S(=O)(=O)Nc1cccc(-n2ccc3cnc(Nc4ccc(N5CCNCC5)c(F)c4)nc32)c1,6.6850000000000005,2,0.10606601717798143,6.61,6.76,2022,2022,1,1,c1ccc(-n2ccc3cnc(Nc4ccc(N5CCNCC5)cc4)nc32)cc1,0.14999999999999947
CC(C)(C)S(=O)(=O)Nc1cccc(-n2ccc3cnc(Nc4ccc(N5CCNCC5)cc4)nc32)c1,6.59,3,0.20550750189064468,6.41,6.82,2022,2022,1,2,c1ccc(-n2ccc3cnc(Nc4ccc(N5CCNCC5)cc4)nc32)cc1,0.41000000000000014
CC(C)(C)S(=O)(=O)Nc1cccc(-n2ccc3cnc(Nc4ccc(N5CCOCC5)cc4)nc32)c1,5.26,1,0.0,5.26,5.26,2022,2022,1,1,c1ccc(-n2ccc3cnc(Nc4ccc(N5CCOCC5)cc4)nc32)cc1,0.0
CC(C)(C)S(=O)(=O)Nc1cccc(-n2ccc3cnc(Nc4ccc(NCCN)cc4)nc32)c1,6.17,1,0.0,6.17,6.17,2022,2022,1,1,c1ccc(Nc2ncc3ccn(-c4ccccc4)c3n2)cc1,0.0
CC(C)(C)S(=O)(=O)Nc1cccc(-n2ccc3cnc(Nc4ccc5c(c4)CC4CNCCN54)nc32)c1,6.46,2,0.0707106781186545,6.41,6.51,2022,2022,1,1,c1ccc(-n2ccc3cnc(Nc4ccc5c(c4)CC4CNCCN54)nc32)cc1,0.09999999999999964
CC(C)(C)S(=O)(=O)Nc1cccc(-n2ccc3cnc(Nc4ccc5c(c4)CCN4CCNCC54)nc32)c1,6.12,1,0.0,6.12,6.12,2022,2022,1,1,c1ccc(-n2ccc3cnc(Nc4ccc5c(c4)CCN4CCNCC54)nc32)cc1,0.0
CC(C)(C)S(=O)(=O)Nc1cccc(Nc2nc(NC3CC4CC3CN4)nc3sccc23)c1,6.58,1,0.0,6.58,6.58,2022,2022,1,1,c1ccc(Nc2nc(NC3CC4CC3CN4)nc3sccc23)cc1,0.0
CC(C)(C)S(=O)(=O)Nc1cccc(Nc2nc(NC3CCN(C#N)CC3)nc3ccsc23)c1,5.0,1,0.0,5.0,5.0,2022,2022,1,1,c1ccc(Nc2nc(NC3CCNCC3)nc3ccsc23)cc1,0.0
CC(C)(C)S(=O)(=O)Nc1cccc(Nc2nc(NC3CCN(C(N)=O)CC3)nc3sccc23)c1,5.52,1,0.0,5.52,5.52,2022,2022,1,1,c1ccc(Nc2nc(NC3CCNCC3)nc3sccc23)cc1,0.0
CC(C)(C)S(=O)(=O)Nc1cccc(Nc2nc(NC3CCN(c4ccccc4)CC3)nc3sccc23)c1,5.0,1,0.0,5.0,5.0,2022,2022,1,1,c1ccc(Nc2nc(NC3CCN(c4ccccc4)CC3)nc3sccc23)cc1,0.0
CC(C)(C)S(=O)(=O)Nc1cccc(Nc2nc(NC3CCNC(=O)C3)nc3sccc23)c1,5.92,1,0.0,5.92,5.92,2022,2022,1,1,O=C1CC(Nc2nc(Nc3ccccc3)c3ccsc3n2)CCN1,0.0
CC(C)(C)S(=O)(=O)Nc1cccc(Nc2nc(NC3CCNC3)nc3sccc23)c1,5.695,2,0.10606601717798207,5.62,5.77,2022,2022,1,2,c1ccc(Nc2nc(NC3CCNC3)nc3sccc23)cc1,0.14999999999999947
CC(C)(C)S(=O)(=O)Nc1cccc(Nc2nc(NC3CCNCC3)nc3[nH]ccc23)c1,5.0,1,0.0,5.0,5.0,2022,2022,1,1,c1ccc(Nc2nc(NC3CCNCC3)nc3[nH]ccc23)cc1,0.0
CC(C)(C)S(=O)(=O)Nc1cccc(Nc2nc(NC3CCNCC3)nc3ccsc23)c1,6.22,1,0.0,6.22,6.22,2022,2022,1,1,c1ccc(Nc2nc(NC3CCNCC3)nc3ccsc23)cc1,0.0
CC(C)(C)S(=O)(=O)Nc1cccc(Nc2nc(NC3CCNCC3)nc3sccc23)c1,6.65,10,0.3872466913996815,5.92,7.03,2022,2022,1,3,c1ccc(Nc2nc(NC3CCNCC3)nc3sccc23)cc1,1.1100000000000003
CC(C)(C)S(=O)(=O)Nc1cccc(Nc2nc(NCC3CCNCC3)nc3sccc23)c1,5.745,2,0.24748737341529137,5.57,5.92,2022,2022,1,2,c1ccc(Nc2nc(NCC3CCNCC3)nc3sccc23)cc1,0.34999999999999964
CC(C)(C)c1cc(NC(=O)Nc2cccc(-c3csc4c(=O)cc(N5CCOCC5)oc34)c2)no1,5.449999999999999,2,0.19798989873223316,5.31,5.59,2016,2016,1,2,O=C(Nc1cccc(-c2csc3c(=O)cc(N4CCOCC4)oc23)c1)Nc1ccon1,0.28000000000000025
CC(C)(C)c1cccc(Nc2nc(Nc3ccc(N4CCOCC4)cc3)ncc2Cl)c1,4.55,1,0.0,4.55,4.55,2023,2023,1,1,c1ccc(Nc2ccnc(Nc3ccc(N4CCOCC4)cc3)n2)cc1,0.0
CC(C)(C)c1cccc(Oc2nccc(-c3c(-c4ccc(I)cc4)ncn3C3CCNCC3)n2)c1,6.96,1,0.0,6.96,6.96,2022,2022,1,1,c1ccc(Oc2nccc(-c3c(-c4ccccc4)ncn3C3CCNCC3)n2)cc1,0.0
CC(C)(CCl)C(=O)Oc1ccc(Cn2ccnc2)c2cccnc12,7.27,1,0.0,7.27,7.27,2019,2019,1,1,c1cc(Cn2ccnc2)c2cccnc2c1,0.0
CC(C)=C1C(=O)Nc2ccc(NS(=O)(=O)C3CCCCC3)cc21,7.66,1,0.0,7.66,7.66,2020,2020,1,1,C=C1C(=O)Nc2ccc(NS(=O)(=O)C3CCCCC3)cc21,0.0
CC(C)=C1C(=O)Nc2ccc(NS(=O)(=O)c3cc(C)ccc3F)cc21,7.7,1,0.0,7.7,7.7,2020,2020,1,1,C=C1C(=O)Nc2ccc(NS(=O)(=O)c3ccccc3)cc21,0.0
CC(C)=C1C(=O)Nc2ccc(NS(=O)(=O)c3cc(F)ccc3F)cc21,7.25,1,0.0,7.25,7.25,2020,2020,1,1,C=C1C(=O)Nc2ccc(NS(=O)(=O)c3ccccc3)cc21,0.0
CC(C)=C1C(=O)Nc2ccc(NS(=O)(=O)c3ccc4c(c3)CCO4)cc21,7.04,1,0.0,7.04,7.04,2020,2020,1,1,C=C1C(=O)Nc2ccc(NS(=O)(=O)c3ccc4c(c3)CCO4)cc21,0.0
CC(C)=C1C(=O)Nc2ccc(NS(=O)(=O)c3ccc4ccccc4c3)cc21,6.69,1,0.0,6.69,6.69,2020,2020,1,1,C=C1C(=O)Nc2ccc(NS(=O)(=O)c3ccc4ccccc4c3)cc21,0.0
CC(C)=C1C(=O)Nc2ccc(NS(=O)(=O)c3cccc4c(N(C)C)cccc34)cc21,6.68,1,0.0,6.68,6.68,2020,2020,1,1,C=C1C(=O)Nc2ccc(NS(=O)(=O)c3cccc4ccccc34)cc21,0.0
CC(C)=C1C(=O)Nc2ccc(NS(=O)(=O)c3cccc4ccccc34)cc21,7.21,1,0.0,7.21,7.21,2020,2020,1,1,C=C1C(=O)Nc2ccc(NS(=O)(=O)c3cccc4ccccc34)cc21,0.0
CC(C)=C1C(=O)Nc2ccc(NS(=O)(=O)c3ccccc3Br)cc21,7.6,1,0.0,7.6,7.6,2020,2020,1,1,C=C1C(=O)Nc2ccc(NS(=O)(=O)c3ccccc3)cc21,0.0
CC(C)C1Nc2cc(-c3cn(C)c(=O)c4[nH]ccc34)ccc2NC1=O,6.96,1,0.0,6.96,6.96,2018,2018,1,1,O=C1CNc2cc(-c3c[nH]c(=O)c4[nH]ccc34)ccc2N1,0.0
CC(C)C1Oc2c(-c3cn(C)c(=O)c4[nH]ccc34)cc(C#N)cc2N(C)C1=O,6.26,1,0.0,6.26,6.26,2018,2018,1,1,O=C1COc2c(cccc2-c2c[nH]c(=O)c3[nH]ccc23)N1,0.0
CC(C)C1Oc2c(-c3cn(C)c(=O)c4[nH]ccc34)cc(C(N)=O)cc2N(C)C1=O,6.26,1,0.0,6.26,6.26,2018,2018,1,1,O=C1COc2c(cccc2-c2c[nH]c(=O)c3[nH]ccc23)N1,0.0
CC(C)C1Oc2c(cc(-c3ccco3)cc2-c2cn(C)c(=O)c3[nH]ccc23)NC1=O,6.26,1,0.0,6.26,6.26,2018,2018,1,1,O=C1COc2c(cc(-c3ccco3)cc2-c2c[nH]c(=O)c3[nH]ccc23)N1,0.0
CC(C)C1Oc2c(cc(-c3cnn(C)c3)cc2-c2cn(C)c(=O)c3[nH]ccc23)NC1=O,6.26,1,0.0,6.26,6.26,2018,2018,1,1,O=C1COc2c(cc(-c3cn[nH]c3)cc2-c2c[nH]c(=O)c3[nH]ccc23)N1,0.0
CC(C)C1Oc2c(cc(C#N)cc2-c2cn(C)c(=O)c3[nH]ccc23)NC1=O,6.26,1,0.0,6.26,6.26,2018,2018,1,1,O=C1COc2c(cccc2-c2c[nH]c(=O)c3[nH]ccc23)N1,0.0
CC(C)C1Oc2c(cc(CN)cc2-c2cn(C)c(=O)c3[nH]ccc23)NC1=O,6.26,1,0.0,6.26,6.26,2018,2018,1,1,O=C1COc2c(cccc2-c2c[nH]c(=O)c3[nH]ccc23)N1,0.0
CC(C)C1Oc2c(cc([N+](=O)[O-])cc2-c2cn(C)c(=O)c3[nH]ccc23)NC1=O,6.26,1,0.0,6.26,6.26,2018,2018,1,1,O=C1COc2c(cccc2-c2c[nH]c(=O)c3[nH]ccc23)N1,0.0
CC(C)CN/C=C(\C=N)c1cccc2c1N[C@H](C)CC(=O)N2,4.84,1,0.0,4.84,4.84,2019,2019,1,1,O=C1CCNc2ccccc2N1,0.0
CC(C)COc1ccc2c(c1)O[C@H](C)CC(=O)N2,4.86,1,0.0,4.86,4.86,2019,2019,1,1,O=C1CCOc2ccccc2N1,0.0
CC(C)Cn1cc(-c2cccc(C(=O)N(C)C)c2)c2cc[nH]c2c1=O,5.1,1,0.0,5.1,5.1,2019,2019,1,1,O=c1[nH]cc(-c2ccccc2)c2cc[nH]c12,0.0
CC(C)NC(=O)c1cccc(-c2cccc3c2N[C@H](C)CC(=O)N3)c1,4.97,1,0.0,4.97,4.97,2019,2019,1,1,O=C1CCNc2c(cccc2-c2ccccc2)N1,0.0
CC(C)NS(=O)(=O)c1ccc(C2CC(=O)N(C)C2)cc1,3.87,1,0.0,3.87,3.87,2020,2020,1,1,O=C1CC(c2ccccc2)CN1,0.0
CC(C)NS(=O)(=O)c1cccc(Nc2nc(N3CCN(c4ccc(N)cc4)CC3)ncc2Br)c1,4.72,1,0.0,4.72,4.72,2023,2023,1,1,c1ccc(Nc2ccnc(N3CCN(c4ccccc4)CC3)n2)cc1,0.0
CC(C)NS(=O)(=O)c1cccc(Nc2nc(Nc3ccc(N4CCN(C)CC4)cc3)nc3c2CCC3)c1,5.92,1,0.0,5.92,5.92,2023,2023,1,1,c1ccc(Nc2nc(Nc3ccc(N4CCNCC4)cc3)nc3c2CCC3)cc1,0.0
CC(C)NS(=O)(=O)c1cccc(Nc2nc(Nc3ccc(N4CCN(C)CC4)cc3)nc3c2COC3)c1,4.85,1,0.0,4.85,4.85,2023,2023,1,1,c1ccc(Nc2nc(Nc3ccc(N4CCNCC4)cc3)nc3c2COC3)cc1,0.0
CC(C)NS(=O)(=O)c1cccc(Nc2nc(Nc3ccc(N4CCN(C)CC4)cc3)nc3ccccc23)c1,6.32,1,0.0,6.32,6.32,2023,2023,1,1,c1ccc(Nc2nc(Nc3ccc(N4CCNCC4)cc3)nc3ccccc23)cc1,0.0
CC(C)NS(=O)(=O)c1cccc(Nc2nc(Nc3ccc(N4CCNCC4)cc3)ncc2Br)c1,6.34,1,0.0,6.34,6.34,2023,2023,1,1,c1ccc(Nc2ccnc(Nc3ccc(N4CCNCC4)cc3)n2)cc1,0.0
CC(C)NS(=O)(=O)c1cccc(Nc2nc(Nc3ccc(N4CCOCC4)cc3)ncc2Br)c1,4.4,1,0.0,4.4,4.4,2023,2023,1,1,c1ccc(Nc2ccnc(Nc3ccc(N4CCOCC4)cc3)n2)cc1,0.0
CC(C)Nc1ccc(NC(=O)Nc2ccccc2)c(Nc2ccc3[nH]nnc3c2)n1,4.99,1,0.0,4.99,4.99,2022,2022,1,1,O=C(Nc1ccccc1)Nc1cccnc1Nc1ccc2[nH]nnc2c1,0.0
CC(C)Nc1ccc(NC(=O)c2ccccc2)c(Nc2ccc3[nH]nnc3c2)n1,4.91,1,0.0,4.91,4.91,2022,2022,1,1,O=C(Nc1cccnc1Nc1ccc2[nH]nnc2c1)c1ccccc1,0.0
CC(C)Nc1ccc(NS(=O)(=O)C(C)C)c(Nc2ccc3[nH]nnc3c2)n1,5.91,1,0.0,5.91,5.91,2022,2022,1,1,c1ccc(Nc2ccc3[nH]nnc3c2)nc1,0.0
CC(C)Nc1ccc(NS(=O)(=O)C2CC2)c(Nc2ccc3[nH]nnc3c2)n1,5.75,1,0.0,5.75,5.75,2022,2022,1,1,O=S(=O)(Nc1cccnc1Nc1ccc2[nH]nnc2c1)C1CC1,0.0
CC(C)Nc1ccc(NS(=O)(=O)C2CCCCC2)c(Nc2ccc3[nH]nnc3c2)n1,6.05,1,0.0,6.05,6.05,2022,2022,1,1,O=S(=O)(Nc1cccnc1Nc1ccc2[nH]nnc2c1)C1CCCCC1,0.0
CC(C)Nc1ccc(NS(=O)(=O)N(C)C)c(Nc2ccc3[nH]nnc3c2)n1,5.69,1,0.0,5.69,5.69,2022,2022,1,1,c1ccc(Nc2ccc3[nH]nnc3c2)nc1,0.0
CC(C)Nc1ccc(NS(=O)(=O)c2c(F)cc(F)cc2F)c(Nc2ccc3[nH]nnc3c2)n1,6.05,1,0.0,6.05,6.05,2022,2022,1,1,O=S(=O)(Nc1cccnc1Nc1ccc2[nH]nnc2c1)c1ccccc1,0.0
CC(C)Nc1ccc(NS(=O)(=O)c2c(F)cccc2F)c(Nc2ccc3[nH]nnc3c2)n1,5.98,1,0.0,5.98,5.98,2022,2022,1,1,O=S(=O)(Nc1cccnc1Nc1ccc2[nH]nnc2c1)c1ccccc1,0.0
CC(C)Nc1ccc(NS(=O)(=O)c2ccc(F)cc2)c(Nc2ccc3[nH]nnc3c2)n1,6.52,1,0.0,6.52,6.52,2022,2022,1,1,O=S(=O)(Nc1cccnc1Nc1ccc2[nH]nnc2c1)c1ccccc1,0.0
CC(C)Nc1ccc(NS(=O)(=O)c2ccc(F)cc2F)c(Nc2ccc3[nH]nnc3c2)n1,6.14,1,0.0,6.14,6.14,2022,2022,1,1,O=S(=O)(Nc1cccnc1Nc1ccc2[nH]nnc2c1)c1ccccc1,0.0
CC(C)Nc1ccc(NS(=O)(=O)c2ccccc2)c(Nc2ccc3[nH]nnc3c2)n1,6.19,1,0.0,6.19,6.19,2022,2022,1,1,O=S(=O)(Nc1cccnc1Nc1ccc2[nH]nnc2c1)c1ccccc1,0.0
CC(C)Nc1ccc(NS(=O)(=O)c2ccccc2C(F)(F)F)c(Nc2ccc3[nH]nnc3c2)n1,5.8,1,0.0,5.8,5.8,2022,2022,1,1,O=S(=O)(Nc1cccnc1Nc1ccc2[nH]nnc2c1)c1ccccc1,0.0
CC(C)Nc1ccc(NS(=O)(=O)c2ccccc2F)c(Nc2ccc3[nH]nnc3c2)n1,5.78,1,0.0,5.78,5.78,2022,2022,1,1,O=S(=O)(Nc1cccnc1Nc1ccc2[nH]nnc2c1)c1ccccc1,0.0
CC(C)Nc1ccc(NS(=O)(=O)c2cccnc2)c(Nc2ccc3[nH]nnc3c2)n1,6.1,1,0.0,6.1,6.1,2022,2022,1,1,O=S(=O)(Nc1cccnc1Nc1ccc2[nH]nnc2c1)c1cccnc1,0.0
CC(C)Nc1ccc(NS(=O)(=O)c2cccs2)c(Nc2ccc3[nH]nnc3c2)n1,6.11,1,0.0,6.11,6.11,2022,2022,1,1,O=S(=O)(Nc1cccnc1Nc1ccc2[nH]nnc2c1)c1cccs1,0.0
CC(C)Nc1ccc(NS(C)(=O)=O)c(Nc2ccc3[nH]nnc3c2)n1,5.54,1,0.0,5.54,5.54,2022,2022,1,1,c1ccc(Nc2ccc3[nH]nnc3c2)nc1,0.0
CC(C)Nc1ccc([N+](=O)[O-])c(Nc2ccc3[nH]nnc3c2)n1,5.0,1,0.0,5.0,5.0,2022,2022,1,1,c1ccc(Nc2ccc3[nH]nnc3c2)nc1,0.0
CC(C)Nc1ccc([N+](=O)[O-])c(Nc2ccc3c(c2)nnn3C(=O)Nc2ccccc2)n1,5.23,1,0.0,5.23,5.23,2022,2022,1,1,O=C(Nc1ccccc1)n1nnc2cc(Nc3ccccn3)ccc21,0.0
CC(C)Nc1ccc([N+](=O)[O-])c(Nc2ccc3c(c2)nnn3C(=O)c2ccccc2)n1,4.99,1,0.0,4.99,4.99,2022,2022,1,1,O=C(c1ccccc1)n1nnc2cc(Nc3ccccn3)ccc21,0.0
CC(C)Nc1ccc([N+](=O)[O-])c(Nc2ccc3c(c2)nnn3C)n1,4.99,1,0.0,4.99,4.99,2022,2022,1,1,c1ccc(Nc2ccc3[nH]nnc3c2)nc1,0.0
CC(C)Nc1ccc([N+](=O)[O-])c(Nc2ccc3c(c2)nnn3S(=O)(=O)c2ccc(F)cc2)n1,5.21,1,0.0,5.21,5.21,2022,2022,1,1,O=S(=O)(c1ccccc1)n1nnc2cc(Nc3ccccn3)ccc21,0.0
CC(C)Nc1ccc([N+](=O)[O-])c(Nc2ccc3c(c2)nnn3S(=O)(=O)c2ccccc2)n1,5.35,1,0.0,5.35,5.35,2022,2022,1,1,O=S(=O)(c1ccccc1)n1nnc2cc(Nc3ccccn3)ccc21,0.0
CC(C)Oc1cc(-c2cccc3c2N[C@H](C)CC(=O)N3)cnc1N,6.0,1,0.0,6.0,6.0,2019,2019,1,1,O=C1CCNc2c(cccc2-c2cccnc2)N1,0.0
CC(C)Oc1cc(C(=O)NC2CCN(C)CC2)ccc1Nc1ccc2c(n1)N(C1CCCC1)[C@H](C)C(=O)N2C,6.89,1,0.0,6.89,6.89,2019,2019,1,1,O=C1CN(C2CCCC2)c2nc(Nc3ccc(C(=O)NC4CCNCC4)cc3)ccc2N1,0.0
CC(C)Oc1cc(C(=O)NC2CCN(C)CC2)ccc1Nc1ncc2c(n1)N(C1CCCC1)[C@H](C)C(=O)N2C,6.66,1,0.0,6.66,6.66,2019,2019,1,1,O=C1CN(C2CCCC2)c2nc(Nc3ccc(C(=O)NC4CCNCC4)cc3)ncc2N1,0.0
CC(C)Oc1ccc(-c2cccc3c2N[C@H](C)CC(=O)N3)cc1,5.38,1,0.0,5.38,5.38,2019,2019,1,1,O=C1CCNc2c(cccc2-c2ccccc2)N1,0.0
CC(C)Oc1ccc(C(C)(C)O)cc1-c1cn(C)c(=O)c2[nH]c(C(=O)NCCCCCCC(=O)NO)cc12,7.875,2,0.4879036790187184,7.53,8.22,2021,2021,1,2,O=c1[nH]cc(-c2ccccc2)c2cc[nH]c12,0.6900000000000004
CC(C)Oc1ccc(C(C)(C)O)cc1-c1cn(C)c(=O)c2[nH]c(C(=O)NCc3ccc(C(=O)NCCCCNc4cccc5c4C(=O)N(C4CCC(=O)NC4=O)C5=O)cc3)cc12,7.735,2,0.1767766952966369,7.61,7.86,2022,2022,1,2,O=C1CCC(N2C(=O)c3cccc(NCCCCNC(=O)c4ccc(CNC(=O)c5cc6c(-c7ccccc7)c[nH]c(=O)c6[nH]5)cc4)c3C2=O)C(=O)N1,0.25
CC(C)Oc1ccc(C(C)(C)O)cc1-c1cn(C)c(=O)c2[nH]c(C(=O)NCc3ccc(C(=O)NO)cc3)cc12,7.75,2,0.3535533905932738,7.5,8.0,2021,2021,1,2,O=C(NCc1ccccc1)c1cc2c(-c3ccccc3)c[nH]c(=O)c2[nH]1,0.5
CC(C)Oc1ccc(C(C)(C)O)cc1-c1cn(C)c(=O)c2[nH]c(C(=O)NCc3ccc(C(=O)Nc4ccccc4N)cc3)cc12,8.465,2,0.30405591591021525,8.25,8.68,2021,2021,1,2,O=C(Nc1ccccc1)c1ccc(CNC(=O)c2cc3c(-c4ccccc4)c[nH]c(=O)c3[nH]2)cc1,0.4299999999999997
CC(C)Oc1cccc(NC(=O)c2cccc3c2O[C@H](C)CC(=O)N3)c1,5.35,1,0.0,5.35,5.35,2019,2019,1,1,O=C1CCOc2c(cccc2C(=O)Nc2ccccc2)N1,0.0
CC(C)Oc1cccc(Nc2nc(Nc3ccc(N4CCN(C)CC4)cc3)ncc2Cl)c1,6.27,1,0.0,6.27,6.27,2023,2023,1,1,c1ccc(Nc2ccnc(Nc3ccc(N4CCNCC4)cc3)n2)cc1,0.0
CC(C)Oc1ccccc1-c1cn(C)c(=O)c2[nH]c(C(=O)NCc3ccc(C(=O)NCCCCNc4cccc5c4C(=O)N(C4CCC(=O)NC4=O)C5=O)cc3)cc12,7.0600000000000005,2,0.02828427124746224,7.04,7.08,2022,2022,1,2,O=C1CCC(N2C(=O)c3cccc(NCCCCNC(=O)c4ccc(CNC(=O)c5cc6c(-c7ccccc7)c[nH]c(=O)c6[nH]5)cc4)c3C2=O)C(=O)N1,0.040000000000000036
CC(C)Oc1ccccc1-c1cn(C)c(=O)c2[nH]c(C(=O)NCc3ccc(C(=O)Nc4ccccc4N)cc3)cc12,7.73,2,0.1272792206135787,7.64,7.82,2021,2021,1,2,O=C(Nc1ccccc1)c1ccc(CNC(=O)c2cc3c(-c4ccccc4)c[nH]c(=O)c3[nH]2)cc1,0.1800000000000006
CC(C)Oc1cncc(NC(=O)c2cccc3c2N[C@H](C)CC(=O)N3)c1,5.03,1,0.0,5.03,5.03,2019,2019,1,1,O=C1CCNc2c(cccc2C(=O)Nc2cccnc2)N1,0.0
CC(C)S(=O)(=O)N1CCN(c2ccc(Nc3ncc4ccn(-c5cccc(NS(=O)(=O)C(C)(C)C)c5)c4n3)cc2)CC1,5.08,1,0.0,5.08,5.08,2022,2022,1,1,c1ccc(-n2ccc3cnc(Nc4ccc(N5CCNCC5)cc4)nc32)cc1,0.0
CC(C)S(=O)(=O)Nc1cccc(-n2ccc3cnc(Nc4ccc(N5CCN(C)CC5)cc4)nc32)c1,5.99,1,0.0,5.99,5.99,2022,2022,1,1,c1ccc(-n2ccc3cnc(Nc4ccc(N5CCNCC5)cc4)nc32)cc1,0.0
CC(C)S(=O)(=O)Nc1cccc(Nc2nc(Nc3ccc(N4CCN(C)CC4)cc3)nc3c2CCC3)c1,6.11,1,0.0,6.11,6.11,2023,2023,1,1,c1ccc(Nc2nc(Nc3ccc(N4CCNCC4)cc3)nc3c2CCC3)cc1,0.0
CC(C)S(=O)(=O)Nc1cccc(Nc2nc(Nc3ccc(N4CCN(C)CC4)cc3)nc3c2COC3)c1,6.0,1,0.0,6.0,6.0,2023,2023,1,1,c1ccc(Nc2nc(Nc3ccc(N4CCNCC4)cc3)nc3c2COC3)cc1,0.0
CC(C)c1ccc(-c2cccc3c2N[C@H](C)CC(=O)N3)cc1,4.87,1,0.0,4.87,4.87,2019,2019,1,1,O=C1CCNc2c(cccc2-c2ccccc2)N1,0.0
CC(C)c1cccc(-c2cccc3c2N[C@H](C)CC(=O)N3)c1,5.5,1,0.0,5.5,5.5,2019,2019,1,1,O=C1CCNc2c(cccc2-c2ccccc2)N1,0.0
CC(C)n1c(-c2ccccn2)nc2c1C(c1ccc(Cl)cc1)N(c1ccc(=O)n(C)c1)C2=O,6.2,1,0.0,6.2,6.2,2018,2018,1,1,O=C1c2nc(-c3ccccn3)[nH]c2C(c2ccccc2)N1c1ccc(=O)[nH]c1,0.0
CC(C)n1c(-c2ccn(C)n2)nc2c1C(c1ccc(Cl)cc1)N(c1ccc(=O)n(C)c1)C2=O,6.3,1,0.0,6.3,6.3,2018,2018,1,1,O=C1c2nc(-c3cc[nH]n3)[nH]c2C(c2ccccc2)N1c1ccc(=O)[nH]c1,0.0
CC(C)n1c(-c2ccnn2C)nc2c1C(c1ccc(Cl)cc1)N(c1ccc(=O)n(C)c1)C2=O,6.11,1,0.0,6.11,6.11,2018,2018,1,1,O=C1c2nc(-c3ccn[nH]3)[nH]c2C(c2ccccc2)N1c1ccc(=O)[nH]c1,0.0
CC(C)n1c(-c2cnoc2)nc2c1C(c1ccc(Cl)cc1)N(c1ccc(=O)n(C)c1)C2=O,6.66,1,0.0,6.66,6.66,2018,2018,1,1,O=C1c2nc(-c3cnoc3)[nH]c2C(c2ccccc2)N1c1ccc(=O)[nH]c1,0.0
CC(C)n1cc(-c2cccc3c2N[C@H](C)CC(=O)N3)cn1,4.71,1,0.0,4.71,4.71,2019,2019,1,1,O=C1CCNc2c(cccc2-c2cn[nH]c2)N1,0.0
CC(C)n1cc(-c2cccc3c2O[C@H](C)CC(=O)N3)cn1,4.82,1,0.0,4.82,4.82,2019,2019,1,1,O=C1CCOc2c(cccc2-c2cn[nH]c2)N1,0.0
CC(C)n1cc2c(n1)C(=O)N(c1cc(Cl)c(=O)n(C)c1)C2c1ccc(Cl)cc1,7.0,1,0.0,7.0,7.0,2015,2015,1,1,O=C1c2n[nH]cc2C(c2ccccc2)N1c1ccc(=O)[nH]c1,0.0
CC(C)n1ccc2cc(-c3cccc4c3N[C@H](C)CC(=O)N4)ccc21,5.22,1,0.0,5.22,5.22,2019,2019,1,1,O=C1CCNc2c(cccc2-c2ccc3[nH]ccc3c2)N1,0.0
CC(C)n1ncc2c1C(=O)N(c1cc(Cl)c(=O)n(C)c1)C2c1ccc(Cl)cc1,7.21,1,0.0,7.21,7.21,2015,2015,1,1,O=C1c2[nH]ncc2C(c2ccccc2)N1c1ccc(=O)[nH]c1,0.0
CC(C)n1ncc2cc(-c3cccc4c3O[C@H](C)CC(=O)N4)ccc21,4.95,1,0.0,4.95,4.95,2019,2019,1,1,O=C1CCOc2c(cccc2-c2ccc3[nH]ncc3c2)N1,0.0
CC(Oc1ccc2c(c1)N[C@H](C)CC(=O)N2)c1ccccc1,4.95,1,0.0,4.95,4.95,2019,2019,1,1,O=C1CCNc2cc(OCc3ccccc3)ccc2N1,0.0
CC(Oc1ccc2c(c1)O[C@H](C)CC(=O)N2)c1ccccn1,5.51,1,0.0,5.51,5.51,2019,2019,1,1,O=C1CCOc2cc(OCc3ccccn3)ccc2N1,0.0
CC(c1ccccc1)n1cc(-c2cccc3c2N[C@H](C)CC(=O)N3)cn1,4.859999999999999,2,0.0848528137423861,4.8,4.92,2016,2019,2,2,O=C1CCNc2c(cccc2-c2cnn(Cc3ccccc3)c2)N1,0.1200000000000001
CC(c1ccccc1)n1ccc2ccc(C3=CN(C)C(=O)C4NC=CC34)cc21,6.3,1,0.0,6.3,6.3,2022,2022,1,1,O=C1NC=C(c2ccc3ccn(Cc4ccccc4)c3c2)C2C=CNC12,0.0
CC/C=C(\CC)c1cc(-c2c(C)noc2C)cc2nc(C3CC3)[nH]c12,7.18,6,0.30004444115275114,7.14,7.74,2016,2016,1,6,c1cc2[nH]c(C3CC3)nc2cc1-c1cnoc1,0.6000000000000005
CC/C=C/Cn1cc(-c2cccc(C(=O)N(C)C)c2)c2cc[nH]c2c1=O,5.57,1,0.0,5.57,5.57,2019,2019,1,1,O=c1[nH]cc(-c2ccccc2)c2cc[nH]c12,0.0
CC/C=C1\C(=O)Nc2ccc(NS(=O)(=O)c3ccccc3OC)cc21,6.94,1,0.0,6.94,6.94,2020,2020,1,1,C=C1C(=O)Nc2ccc(NS(=O)(=O)c3ccccc3)cc21,0.0
CC1(C)CN(Cc2ccccc2)CCC1Nc1nc(Nc2cccc(NS(=O)(=O)C(C)(C)C)c2)c2ccsc2n1,5.12,1,0.0,5.12,5.12,2022,2022,1,1,c1ccc(CN2CCC(Nc3nc(Nc4ccccc4)c4ccsc4n3)CC2)cc1,0.0
CC1(C)CNCCC1Nc1cc(Nc2cccc(NS(=O)(=O)C(C)(C)C)c2)c2ccsc2c1,5.55,1,0.0,5.55,5.55,2022,2022,1,1,c1ccc(Nc2cc(NC3CCNCC3)cc3sccc23)cc1,0.0
CC1=NCC(C)=C1C1CCCC(c2c[nH]c3nc(N4CCNCC4)ncc23)C1,5.39,1,0.0,5.39,5.39,2022,2022,1,1,C1=NCC=C1C1CCCC(c2c[nH]c3nc(N4CCNCC4)ncc23)C1,0.0
CC1=NN(C)C2C(=O)N(c3ccc(=O)n(C)c3)C(c3ccc(Cl)cc3)C12,6.64,1,0.0,6.64,6.64,2015,2015,1,1,O=C1C2NN=CC2C(c2ccccc2)N1c1ccc(=O)[nH]c1,0.0
CC1=NN(c2ccc3cccc(O)c3n2)C(=O)C1,6.0,1,0.0,6.0,6.0,2019,2019,1,1,O=C1CC=NN1c1ccc2ccccc2n1,0.0
CC1C(=O)N(C)C=Cc2cc(OCC(C)(C)O)ccc21,6.35,2,0.3535533905932738,6.1,6.6,2022,2022,1,2,O=C1Cc2ccccc2C=CN1,0.5
CC1C(=O)N(C)C=Cc2ccc(OCCCCCCOc3ccc4c(c3)C(C)C(=O)N(C)C=C4)cc21,5.5,1,0.0,5.5,5.5,2023,2023,1,1,O=C1Cc2cc(OCCCCCCOc3ccc4c(c3)CC(=O)NC=C4)ccc2C=CN1,0.0
CC1C(=O)N(C)C=Cc2ccc(OCCCCCOc3ccc4c(c3)C(C)C(=O)N(C)C=C4)cc21,5.800000000000001,2,0.5656854249492382,5.4,6.2,2023,2023,1,2,O=C1Cc2cc(OCCCCCOc3ccc4c(c3)CC(=O)NC=C4)ccc2C=CN1,0.7999999999999998
CC1C(=O)N(C)Cc2c(-c3c(F)ccc4nc(-c5cnn(C)c5)c(C(F)(F)F)cc34)nc(C3CCOCC3)n21,5.92,1,0.0,5.92,5.92,2021,2021,1,1,O=C1Cn2c(C3CCOCC3)nc(-c3cccc4nc(-c5cn[nH]c5)ccc34)c2CN1,0.0
CC1C(=O)N(C)Cc2c(-c3cc4c(-c5cnn(C)c5)nn(C)c4cc3F)nc(C3=CCOCC3)n21,7.55,1,0.0,7.55,7.55,2021,2021,1,1,O=C1Cn2c(C3=CCOCC3)nc(-c3ccc4[nH]nc(-c5cn[nH]c5)c4c3)c2CN1,0.0
CC1C(=O)N(C)Cc2c(-c3cc4c(-c5cnn(C)c5)nn(C)c4cc3F)nc(C3CCOCC3)n21,8.22,1,0.0,8.22,8.22,2021,2021,1,1,O=C1Cn2c(C3CCOCC3)nc(-c3ccc4[nH]nc(-c5cn[nH]c5)c4c3)c2CN1,0.0
CC1C(=O)N(C)Cc2c(-c3ccc4c(c3)c(-c3cnn(C)c3)nn4C)nc(C3=CCOCC3)n21,7.85,1,0.0,7.85,7.85,2021,2021,1,1,O=C1Cn2c(C3=CCOCC3)nc(-c3ccc4[nH]nc(-c5cn[nH]c5)c4c3)c2CN1,0.0
CC1C(=O)N(C)Cc2c(-c3ccc4c(c3)c(-c3cnn(C)c3)nn4C)nc(C3CCOCC3)n21,8.05,1,0.0,8.05,8.05,2021,2021,1,1,O=C1Cn2c(C3CCOCC3)nc(-c3ccc4[nH]nc(-c5cn[nH]c5)c4c3)c2CN1,0.0
CC1C(=O)N(C)Cc2c(-c3ccc4c(cnn4C)c3)nc(C3CC3)n21,6.81,1,0.0,6.81,6.81,2021,2021,1,1,O=C1Cn2c(C3CC3)nc(-c3ccc4[nH]ncc4c3)c2CN1,0.0
CC1C(=O)N(C)Cc2c(-c3ccc4ccncc4c3)nc(C3CC3)n21,6.8,1,0.0,6.8,6.8,2021,2021,1,1,O=C1Cn2c(C3CC3)nc(-c3ccc4ccncc4c3)c2CN1,0.0
CC1C(=O)N(C)Cc2c(-c3ccc4cncn4c3)nc(C3CC3)n21,6.12,1,0.0,6.12,6.12,2021,2021,1,1,O=C1Cn2c(C3CC3)nc(-c3ccc4cncn4c3)c2CN1,0.0
CC1C(=O)N(C)Cc2c(-c3ccc4sccc4c3)nc(C3CC3)n21,7.03,1,0.0,7.03,7.03,2021,2021,1,1,O=C1Cn2c(C3CC3)nc(-c3ccc4sccc4c3)c2CN1,0.0
CC1C(=O)N(C)Cc2c(-c3cccc4cc(-c5ccn(C)n5)ncc34)nc(C3CC3)n21,8.7,1,0.0,8.7,8.7,2021,2021,1,1,O=C1Cn2c(C3CC3)nc(-c3cccc4cc(-c5cc[nH]n5)ncc34)c2CN1,0.0
CC1C(=O)N(C)Cc2c(-c3cccc4cc(-c5cn(C)cn5)ncc34)nc(C3CC3)n21,8.7,1,0.0,8.7,8.7,2021,2021,1,1,O=C1Cn2c(C3CC3)nc(-c3cccc4cc(-c5c[nH]cn5)ncc34)c2CN1,0.0
CC1C(=O)N(C)Cc2c(-c3cccc4cc(-c5cnn(C)c5)ncc34)nc(C3CCOCC3)n21,8.7,1,0.0,8.7,8.7,2021,2021,1,1,O=C1Cn2c(C3CCOCC3)nc(-c3cccc4cc(-c5cn[nH]c5)ncc34)c2CN1,0.0
CC1C(=O)N(C)Cc2c(-c3cccc4cc(-c5ncco5)ncc34)nc(C3CC3)n21,7.96,1,0.0,7.96,7.96,2021,2021,1,1,O=C1Cn2c(C3CC3)nc(-c3cccc4cc(-c5ncco5)ncc34)c2CN1,0.0
CC1C(=O)N(C)Cc2c(-c3cccc4cc(-c5nn[nH]n5)ncc34)nc(C3CC3)n21,8.7,1,0.0,8.7,8.7,2021,2021,1,1,O=C1Cn2c(C3CC3)nc(-c3cccc4cc(-c5nn[nH]n5)ncc34)c2CN1,0.0
CC1C(=O)N(C)Cc2c(-c3cccc4cc(-c5nsc(=O)[nH]5)ncc34)nc(C3CC3)n21,8.7,1,0.0,8.7,8.7,2021,2021,1,1,O=C1Cn2c(C3CC3)nc(-c3cccc4cc(-c5nsc(=O)[nH]5)ncc34)c2CN1,0.0
CC1C(=O)N(C)Cc2c(-c3cccc4cc(C5=CCOCC5)ncc34)nc(C3CC3)n21,8.7,1,0.0,8.7,8.7,2021,2021,1,1,O=C1Cn2c(C3CC3)nc(-c3cccc4cc(C5=CCOCC5)ncc34)c2CN1,0.0
CC1C(=O)N(C)Cc2c(-c3cccc4cc(C5CCOCC5)ncc34)nc(C3CC3)n21,8.7,1,0.0,8.7,8.7,2021,2021,1,1,O=C1Cn2c(C3CC3)nc(-c3cccc4cc(C5CCOCC5)ncc34)c2CN1,0.0
CC1C(=O)N(C)Cc2c(-c3cccc4ccccc34)nc(C3CC3)n21,7.1,1,0.0,7.1,7.1,2021,2021,1,1,O=C1Cn2c(C3CC3)nc(-c3cccc4ccccc34)c2CN1,0.0
CC1C(=O)N(C)Cc2c(-c3cccc4nc(-c5cn(C)cn5)c(C(F)F)cc34)nc(C3CC3)n21,7.89,1,0.0,7.89,7.89,2021,2021,1,1,O=C1Cn2c(C3CC3)nc(-c3cccc4nc(-c5c[nH]cn5)ccc34)c2CN1,0.0
CC1C(=O)N(C)Cc2c(-c3cccc4nc(-c5cnn(C)c5)c(C(F)F)cc34)nc(C3CC3)n21,8.7,1,0.0,8.7,8.7,2021,2021,1,1,O=C1Cn2c(C3CC3)nc(-c3cccc4nc(-c5cn[nH]c5)ccc34)c2CN1,0.0
CC1C(=O)N(C)Cc2c(-c3cccc4nc(-c5cnn(C)c5)c(C(F)F)cc34)nc(C3CCN(CC(F)(F)F)CC3)n21,7.47,1,0.0,7.47,7.47,2021,2021,1,1,O=C1Cn2c(C3CCNCC3)nc(-c3cccc4nc(-c5cn[nH]c5)ccc34)c2CN1,0.0
CC1C(=O)N(C)Cc2c(-c3cccc4nc(-c5cnn(C)c5)c(C(F)F)cc34)nc(C3CCN(CC(F)F)CC3)n21,7.39,1,0.0,7.39,7.39,2021,2021,1,1,O=C1Cn2c(C3CCNCC3)nc(-c3cccc4nc(-c5cn[nH]c5)ccc34)c2CN1,0.0
CC1C(=O)N(C)Cc2c(-c3cccc4nc(-c5cnn(C)c5)c(C(F)F)cc34)nc(C3CCN(CCCO)CC3)n21,6.64,1,0.0,6.64,6.64,2021,2021,1,1,O=C1Cn2c(C3CCNCC3)nc(-c3cccc4nc(-c5cn[nH]c5)ccc34)c2CN1,0.0
CC1C(=O)N(C)Cc2c(-c3cccc4nc(-c5cnn(C)c5)c(C(F)F)cc34)nc(C3CCN(CCF)CC3)n21,6.82,1,0.0,6.82,6.82,2021,2021,1,1,O=C1Cn2c(C3CCNCC3)nc(-c3cccc4nc(-c5cn[nH]c5)ccc34)c2CN1,0.0
CC1C(=O)N(C)Cc2c(-c3cccc4nc(-c5cnn(C)c5)c(C(F)F)cc34)nc(C3CCN(CCO)CC3)n21,6.64,1,0.0,6.64,6.64,2021,2021,1,1,O=C1Cn2c(C3CCNCC3)nc(-c3cccc4nc(-c5cn[nH]c5)ccc34)c2CN1,0.0
CC1C(=O)N(C)Cc2c(-c3cccc4nc(-c5cnn(C)c5)c(C(F)F)cc34)nc(C3CCN(S(C)(=O)=O)CC3)n21,7.38,1,0.0,7.38,7.38,2021,2021,1,1,O=C1Cn2c(C3CCNCC3)nc(-c3cccc4nc(-c5cn[nH]c5)ccc34)c2CN1,0.0
CC1C(=O)N(C)Cc2c(-c3cccc4nc(-c5cnn(C)c5)c(C(F)F)cc34)nc(C3CCNCC3)n21,6.76,1,0.0,6.76,6.76,2021,2021,1,1,O=C1Cn2c(C3CCNCC3)nc(-c3cccc4nc(-c5cn[nH]c5)ccc34)c2CN1,0.0
CC1C(=O)N(C)Cc2c(-c3cccc4nc(-c5cnn(C)c5)c(C(F)F)cc34)nc(C3CN(CC(F)(F)F)C3)n21,7.89,1,0.0,7.89,7.89,2021,2021,1,1,O=C1Cn2c(C3CNC3)nc(-c3cccc4nc(-c5cn[nH]c5)ccc34)c2CN1,0.0
CC1C(=O)N(C)Cc2c(-c3cccc4nc(-c5cnn(C)c5)c(C(F)F)cc34)nc(C3CN(CC(F)F)C3)n21,7.96,1,0.0,7.96,7.96,2021,2021,1,1,O=C1Cn2c(C3CNC3)nc(-c3cccc4nc(-c5cn[nH]c5)ccc34)c2CN1,0.0
CC1C(=O)N(C)Cc2c(-c3cccc4nc(-c5cnn(C)c5)c(C(F)F)cc34)nc(C3CN(CCF)C3)n21,7.58,1,0.0,7.58,7.58,2021,2021,1,1,O=C1Cn2c(C3CNC3)nc(-c3cccc4nc(-c5cn[nH]c5)ccc34)c2CN1,0.0
CC1C(=O)N(C)Cc2c(-c3cccc4nc(-c5cnn(C)c5)c(C(F)F)cc34)nc(C3CN(CCO)C3)n21,6.91,1,0.0,6.91,6.91,2021,2021,1,1,O=C1Cn2c(C3CNC3)nc(-c3cccc4nc(-c5cn[nH]c5)ccc34)c2CN1,0.0
CC1C(=O)N(C)Cc2c(-c3cccc4nc(-c5cnn(C)c5)c(C(F)F)cc34)nc(C3CN(S(C)(=O)=O)C3)n21,7.43,1,0.0,7.43,7.43,2021,2021,1,1,O=C1Cn2c(C3CNC3)nc(-c3cccc4nc(-c5cn[nH]c5)ccc34)c2CN1,0.0
CC1C(=O)N(C)Cc2c(-c3cccc4nc(-c5cnn(C)c5)c(C(F)F)cc34)nc(C3CNC3)n21,7.3,1,0.0,7.3,7.3,2021,2021,1,1,O=C1Cn2c(C3CNC3)nc(-c3cccc4nc(-c5cn[nH]c5)ccc34)c2CN1,0.0
CC1C(=O)N(C)Cc2c(-c3cccc4nc(-c5ncco5)c(C(F)F)cc34)nc(C3CC3)n21,8.4,1,0.0,8.4,8.4,2021,2021,1,1,O=C1Cn2c(C3CC3)nc(-c3cccc4nc(-c5ncco5)ccc34)c2CN1,0.0
CC1C(=O)N(C)Cc2c(-c3cccc4nc(-c5nsc(=O)[nH]5)c(C(F)F)cc34)nc(C3CC3)n21,8.7,1,0.0,8.7,8.7,2021,2021,1,1,O=C1Cn2c(C3CC3)nc(-c3cccc4nc(-c5nsc(=O)[nH]5)ccc34)c2CN1,0.0
CC1C(=O)N(C)Cc2c(-c3cccc4nc(C5=CCOCC5)c(C(F)F)cc34)nc(C3CC3)n21,8.52,1,0.0,8.52,8.52,2021,2021,1,1,O=C1Cn2c(C3CC3)nc(-c3cccc4nc(C5=CCOCC5)ccc34)c2CN1,0.0
CC1C(=O)N(C)Cc2c(-c3cccc4nc(C5CCOCC5)c(C(F)F)cc34)nc(C3CC3)n21,8.7,1,0.0,8.7,8.7,2021,2021,1,1,O=C1Cn2c(C3CC3)nc(-c3cccc4nc(C5CCOCC5)ccc34)c2CN1,0.0
CC1C(=O)N(C)Cc2c(-c3ccn4cncc4c3)nc(C3CC3)n21,5.97,1,0.0,5.97,5.97,2021,2021,1,1,O=C1Cn2c(C3CC3)nc(-c3ccn4cncc4c3)c2CN1,0.0
CC1C(=O)N(C)Cc2c(N3CCCc4cc(-c5cnn(C)c5)c(C(F)F)cc43)nc(C3CC3)n21,9.0,2,0.0,9.0,9.0,2021,2021,1,1,O=C1Cn2c(C3CC3)nc(N3CCCc4cc(-c5cn[nH]c5)ccc43)c2CN1,0.0
CC1CC(=O)NN=C1c1ccc2c(c1)nc(-c1cc(N)c(=O)n(C)c1)n2Cc1ccccc1,6.84,2,0.0,6.84,6.84,2016,2016,1,2,O=C1CCC(c2ccc3c(c2)nc(-c2ccc(=O)[nH]c2)n3Cc2ccccc2)=NN1,0.0
CC1CC(=O)NN=C1c1ccc2c(c1)nc(-c1ccc(=O)n(C)c1)n2Cc1ccccc1,6.66,2,0.0,6.66,6.66,2016,2016,1,2,O=C1CCC(c2ccc3c(c2)nc(-c2ccc(=O)[nH]c2)n3Cc2ccccc2)=NN1,0.0
CC1CC(=O)Nc2ccc(-c3cn(C)c(=O)c4[nH]ccc34)cc2N1,6.77,1,0.0,6.77,6.77,2018,2018,1,1,O=C1CCNc2cc(-c3c[nH]c(=O)c4[nH]ccc34)ccc2N1,0.0
CC1CC(=O)Nc2cccc(-c3ccc4c(c3)c(C3CC3)nn4C)c2C1,5.77,1,0.0,5.77,5.77,2019,2019,1,1,O=C1CCCc2c(cccc2-c2ccc3[nH]nc(C4CC4)c3c2)N1,0.0
CC1CC(=O)Nc2cccc(C(=O)Nc3cc(Cl)ccc3Cl)c2N1,5.01,1,0.0,5.01,5.01,2019,2019,1,1,O=C1CCNc2c(cccc2C(=O)Nc2ccccc2)N1,0.0
CC1CC(=O)Nc2cccc(C(=O)Nc3ccc4c(c3)OCO4)c2N1,5.0,1,0.0,5.0,5.0,2019,2019,1,1,O=C1CCNc2c(cccc2C(=O)Nc2ccc3c(c2)OCO3)N1,0.0
CC1CC(=O)Nc2cccc(C(=O)Nc3ccc4c(ccn4C)c3)c2N1,5.34,1,0.0,5.34,5.34,2019,2019,1,1,O=C1CCNc2c(cccc2C(=O)Nc2ccc3[nH]ccc3c2)N1,0.0
CC1CC(=O)Nc2cccc(C(=O)Nc3ccc4cn(C)nc4c3)c2N1,5.04,1,0.0,5.04,5.04,2019,2019,1,1,O=C1CCNc2c(cccc2C(=O)Nc2ccc3c[nH]nc3c2)N1,0.0
CC1CC(=O)Nc2cccc(C(=O)Nc3cccc(-c4ccccc4)c3)c2N1,5.63,1,0.0,5.63,5.63,2019,2019,1,1,O=C1CCNc2c(cccc2C(=O)Nc2cccc(-c3ccccc3)c2)N1,0.0
CC1CC(=O)Nc2cccc(C(=O)Nc3cccc(-c4cccnc4)c3)c2N1,5.25,1,0.0,5.25,5.25,2019,2019,1,1,O=C1CCNc2c(cccc2C(=O)Nc2cccc(-c3cccnc3)c2)N1,0.0
CC1CC(=O)Nc2cccc(C(=O)Nc3cccc(-c4nncn4C)c3)c2N1,4.74,1,0.0,4.74,4.74,2019,2019,1,1,O=C1CCNc2c(cccc2C(=O)Nc2cccc(-c3nnc[nH]3)c2)N1,0.0
CC1CC(=O)Nc2cccc(C(=O)Nc3cccc(-n4ccnc4)c3)c2N1,4.94,1,0.0,4.94,4.94,2019,2019,1,1,O=C1CCNc2c(cccc2C(=O)Nc2cccc(-n3ccnc3)c2)N1,0.0
CC1CC(=O)Nc2cccc(C(=O)Nc3cccc(C(F)(F)F)c3)c2N1,5.19,1,0.0,5.19,5.19,2019,2019,1,1,O=C1CCNc2c(cccc2C(=O)Nc2ccccc2)N1,0.0
CC1CC(=O)Nc2cccc(C(=O)Nc3cccc(OC(C)C)c3)c2N1,5.22,1,0.0,5.22,5.22,2019,2019,1,1,O=C1CCNc2c(cccc2C(=O)Nc2ccccc2)N1,0.0
CC1CC(=O)Nc2cccc(C(=O)Nc3cccc(OC(F)(F)C(F)F)c3)c2N1,5.34,1,0.0,5.34,5.34,2019,2019,1,1,O=C1CCNc2c(cccc2C(=O)Nc2ccccc2)N1,0.0
CC1CC(=O)Nc2cccc(C(=O)Nc3cccc(OC(F)(F)F)c3)c2N1,5.25,1,0.0,5.25,5.25,2019,2019,1,1,O=C1CCNc2c(cccc2C(=O)Nc2ccccc2)N1,0.0
CC1CC(=O)Nc2cccc(C(=O)Nc3ccccc3Oc3ccccc3)c2N1,4.88,1,0.0,4.88,4.88,2019,2019,1,1,O=C1CCNc2c(cccc2C(=O)Nc2ccccc2Oc2ccccc2)N1,0.0
CC1CC(=O)Nc2cccc(C(=O)Nc3nccc4ccccc34)c2N1,4.79,1,0.0,4.79,4.79,2019,2019,1,1,O=C1CCNc2c(cccc2C(=O)Nc2nccc3ccccc23)N1,0.0
CC1CC(=O)Nc2cccc(C(=O)Nc3nn(C)c4ccccc34)c2N1,4.88,1,0.0,4.88,4.88,2019,2019,1,1,O=C1CCNc2c(cccc2C(=O)Nc2n[nH]c3ccccc23)N1,0.0
CC1CC(=O)Nc2ccccc2C1,4.22,1,0.0,4.22,4.22,2016,2016,1,1,O=C1CCCc2ccccc2N1,0.0
CC1CC(=O)Nc2ccccc2N1,3.66,1,0.0,3.66,3.66,2016,2016,1,1,O=C1CCNc2ccccc2N1,0.0
CC1CC(=O)Nc2ccccc2O1,4.1,1,0.0,4.1,4.1,2016,2016,1,1,O=C1CCOc2ccccc2N1,0.0
CC1CC(=O)Nc2ccccc2S1,4.37,1,0.0,4.37,4.37,2016,2016,1,1,O=C1CCSc2ccccc2N1,0.0
CC1CNCC(C)C1Nc1nc(Nc2cccc(NS(=O)(=O)C(C)(C)C)c2)c2ccsc2n1,5.0,1,0.0,5.0,5.0,2022,2022,1,1,c1ccc(Nc2nc(NC3CCNCC3)nc3sccc23)cc1,0.0
CC1CNCCC1Nc1nc(Nc2ccc3c(c2)N(S(=O)(=O)C(C)(C)C)CC3)c2ccsc2n1,5.24,1,0.0,5.24,5.24,2022,2022,1,1,c1cc2c(Nc3ccc4c(c3)NCC4)nc(NC3CCNCC3)nc2s1,0.0
CC1CNCCC1Nc1nc(Nc2cccc(NS(=O)(=O)C(C)(C)C)c2)c2ccsc2n1,5.7,1,0.0,5.7,5.7,2022,2022,1,1,c1ccc(Nc2nc(NC3CCNCC3)nc3sccc23)cc1,0.0
CC1Nc2cc(-c3cn(C)c(=O)c4[nH]ccc34)ccc2NC1=O,6.96,1,0.0,6.96,6.96,2018,2018,1,1,O=C1CNc2cc(-c3c[nH]c(=O)c4[nH]ccc34)ccc2N1,0.0
CC1Oc2c(cccc2-c2cn(C)c(=O)c3[nH]ccc23)NC1=O,6.26,1,0.0,6.26,6.26,2018,2018,1,1,O=C1COc2c(cccc2-c2c[nH]c(=O)c3[nH]ccc23)N1,0.0
CC=CCn1cc(-c2cc(C#N)ccc2OC)c2cc[nH]c2c1=O,5.85,1,0.0,5.85,5.85,2019,2019,1,1,O=c1[nH]cc(-c2ccccc2)c2cc[nH]c12,0.0
CC=CCn1cc(-c2cc(F)cc(C(N)=O)c2)c2cc[nH]c2c1=O,5.52,1,0.0,5.52,5.52,2019,2019,1,1,O=c1[nH]cc(-c2ccccc2)c2cc[nH]c12,0.0
CC=CCn1cc(-c2ccc(C(=O)NC3CC3)cc2)c2cc[nH]c2c1=O,6.29,1,0.0,6.29,6.29,2019,2019,1,1,O=C(NC1CC1)c1ccc(-c2c[nH]c(=O)c3[nH]ccc23)cc1,0.0
CC=CCn1cc(-c2ccc(C(C)(C)C)cc2)c2cc[nH]c2c1=O,5.68,1,0.0,5.68,5.68,2019,2019,1,1,O=c1[nH]cc(-c2ccccc2)c2cc[nH]c12,0.0
CC=CCn1cc(-c2ccc(C(C)C)cc2)c2cc[nH]c2c1=O,5.8,1,0.0,5.8,5.8,2019,2019,1,1,O=c1[nH]cc(-c2ccccc2)c2cc[nH]c12,0.0
CC=CCn1cc(-c2cccc(C(=O)N(C)C)c2)c2cc[nH]c2c1=O,6.48,1,0.0,6.48,6.48,2019,2019,1,1,O=c1[nH]cc(-c2ccccc2)c2cc[nH]c12,0.0
CC=CCn1cc(-c2cccc(C(=O)NC(C)C)c2)c2cc[nH]c2c1=O,6.14,1,0.0,6.14,6.14,2019,2019,1,1,O=c1[nH]cc(-c2ccccc2)c2cc[nH]c12,0.0
CC=CCn1cc(-c2cccc(C(=O)NC3CC3)c2)c2cc[nH]c2c1=O,6.08,1,0.0,6.08,6.08,2019,2019,1,1,O=C(NC1CC1)c1cccc(-c2c[nH]c(=O)c3[nH]ccc23)c1,0.0
CCC(=O)N1CCCc2cc(NS(=O)(=O)c3ccc(F)cc3C)ccc21,4.13,1,0.0,4.13,4.13,2017,2017,1,1,O=S(=O)(Nc1ccc2c(c1)CCCN2)c1ccccc1,0.0
CCC(=O)N1CCc2c(c(Nc3cc(C(F)F)c(-c4cnn(C)c4)cc3F)nn2C2CCOCC2)C1,5.32,1,0.0,5.32,5.32,2017,2017,1,1,c1cc(-c2cn[nH]c2)ccc1Nc1nn(C2CCOCC2)c2c1CNCC2,0.0
CCC(=O)N1CCc2c(c(Nc3ccc(-c4cnn(C)c4)c(C(F)F)c3)nn2C2CCOC2)C1,5.6,1,0.0,5.6,5.6,2017,2017,1,1,c1cc(-c2cn[nH]c2)ccc1Nc1nn(C2CCOC2)c2c1CNCC2,0.0
CCC(=O)N1C[C@@H]2[C@H](C1)[C@H]2NC(=O)c1cc(C(=O)NC)c2c(c1)[C@H](c1ccccc1)CO2,4.9,1,0.0,4.9,4.9,2021,2021,1,1,O=C(NC1C2CNCC21)c1ccc2c(c1)C(c1ccccc1)CO2,0.0
CCC(=O)N1c2ccc(-c3ccc(S(C)(=O)=O)cc3)cc2N(C(=O)c2ccco2)C[C@@H]1C,5.85,1,0.0,5.85,5.85,2017,2017,1,1,O=C(c1ccco1)N1CCNc2ccc(-c3ccccc3)cc21,0.0
CCC(=O)NCc1cccc(Nc2nc3ccccc3n3c(C)nnc23)c1,6.7,1,0.0,6.7,6.7,2017,2017,1,1,c1ccc(Nc2nc3ccccc3n3cnnc23)cc1,0.0
CCC(=O)Nc1ccc(Oc2ccc(F)cc2F)c(-c2cn(C)c(=O)c3cc(-c4cc(C)c(OCCO)c(C)c4)oc23)c1,8.89,2,0.3535533905932738,8.64,9.14,2022,2022,1,2,O=c1[nH]cc(-c2ccccc2Oc2ccccc2)c2oc(-c3ccccc3)cc12,0.5
CCC(C)C(=O)NCCCCNc1nc2cc(OC(C)C)ccc2n2c(C)nnc12,7.72,1,0.0,7.72,7.72,2021,2021,1,1,c1ccc2c(c1)ncc1nncn12,0.0
CCC(C)C(=O)NCCCCNc1nc2cc(OC)c(OC)cc2n2c(C)nnc12,7.66,1,0.0,7.66,7.66,2021,2021,1,1,c1ccc2c(c1)ncc1nncn12,0.0
CCC(C)C(=O)NCCCCNc1nc2cc(OC)ccc2n2c(C)nnc12,7.01,1,0.0,7.01,7.01,2021,2021,1,1,c1ccc2c(c1)ncc1nncn12,0.0
CCC(C)C(=O)NCCCCNc1nc2cc(OCCOC)ccc2n2c(C)nnc12,7.89,1,0.0,7.89,7.89,2021,2021,1,1,c1ccc2c(c1)ncc1nncn12,0.0
CCC(C)CC(=O)NCCCCNc1nc2c(OC)c(OC)c(OC)cc2n2c(C)nnc12,7.5,1,0.0,7.5,7.5,2021,2021,1,1,c1ccc2c(c1)ncc1nncn12,0.0
CCC(C)CC(=O)NCCCCNc1nc2c(OC)cc(OC)c(OC)c2n2c(C)nnc12,7.52,1,0.0,7.52,7.52,2021,2021,1,1,c1ccc2c(c1)ncc1nncn12,0.0
CCC(C)CC(=O)NCCCCNc1nc2cc(-n3ccnc3)ccc2n2c(C)nnc12,7.92,1,0.0,7.92,7.92,2021,2021,1,1,c1cn(-c2ccc3c(c2)ncc2nncn23)cn1,0.0
CCC(C)CC(=O)NCCCCNc1nc2cc(N3CCOCC3)ccc2n2c(C)nnc12,8.05,1,0.0,8.05,8.05,2021,2021,1,1,c1cc2c(cc1N1CCOCC1)ncc1nncn12,0.0
CCC(C)CC(=O)NCCCCNc1nc2cc(OC)c(OC)cc2n2c(C)nnc12,7.82,1,0.0,7.82,7.82,2021,2021,1,1,c1ccc2c(c1)ncc1nncn12,0.0
CCC(C)CC(=O)NCCCCNc1nc2cc(OC)ccc2n2c(C(F)(F)F)nnc12,7.55,1,0.0,7.55,7.55,2021,2021,1,1,c1ccc2c(c1)ncc1nncn12,0.0
CCC(C)CC(=O)NCCCCNc1nc2cc(OC)ccc2n2c(C)nnc12,7.92,1,0.0,7.92,7.92,2021,2021,1,1,c1ccc2c(c1)ncc1nncn12,0.0
CCC(C)CNC(=O)CCCCNc1nc2cc(OC)c(OC)cc2n2c(C)nnc12,7.64,1,0.0,7.64,7.64,2021,2021,1,1,c1ccc2c(c1)ncc1nncn12,0.0
CCC(C)CNC(=O)CCCCNc1nc2cc(OC)ccc2n2c(C)nnc12,7.92,1,0.0,7.92,7.92,2021,2021,1,1,c1ccc2c(c1)ncc1nncn12,0.0
CCC(C)OC(=O)NCCCCNc1nc2cc(OC)c(OC)cc2n2c(C)nnc12,7.92,1,0.0,7.92,7.92,2021,2021,1,1,c1ccc2c(c1)ncc1nncn12,0.0
CCC(C)OC(=O)NCCCCNc1nc2cc(OC)ccc2n2c(C)nnc12,7.85,1,0.0,7.85,7.85,2021,2021,1,1,c1ccc2c(c1)ncc1nncn12,0.0
CCC(C)n1ccc2ccc(C3=CN(C)C(=O)C4NC=CC34)cc21,6.17,1,0.0,6.17,6.17,2022,2022,1,1,O=C1NC=C(c2ccc3cc[nH]c3c2)C2C=CNC12,0.0
CCC(CC)C(=O)NCCCCNc1nc2cc(OC)c(OC)cc2n2c(C)nnc12,7.7,1,0.0,7.7,7.7,2021,2021,1,1,c1ccc2c(c1)ncc1nncn12,0.0
CCC(CC)C(=O)NCCCCNc1nc2cc(OC)ccc2n2c(C)nnc12,7.64,1,0.0,7.64,7.64,2021,2021,1,1,c1ccc2c(c1)ncc1nncn12,0.0
CCC(CC)C(=O)NCCCCNc1nc2cc(OCCOC)ccc2n2c(C)nnc12,7.85,1,0.0,7.85,7.85,2021,2021,1,1,c1ccc2c(c1)ncc1nncn12,0.0
CCC(CC)c1cc(-c2c(C)noc2C)cc2[nH]c(C3CC3)nc12,7.12,6,0.16565023392678938,7.05,7.4,2016,2016,1,6,c1cc2nc(C3CC3)[nH]c2cc1-c1cnoc1,0.35000000000000053
CCC(CC)n1c(C[C@@H](C(=O)O)c2ccccc2)nc2c3c(ccc21)N(C(=O)OC)[C@@H](C)CC3,4.3,1,0.0,4.3,4.3,2022,2022,1,1,c1ccc(CCc2nc3c4c(ccc3[nH]2)NCCC4)cc1,0.0
CCC(CC)n1c(C[C@H](C(=O)O)c2ccccc2)nc2c3c(ccc21)N(C(=O)OC)[C@@H](C)CC3,4.3,1,0.0,4.3,4.3,2022,2022,1,1,c1ccc(CCc2nc3c4c(ccc3[nH]2)NCCC4)cc1,0.0
CCC(F)(F)C(=O)NCCCCNc1nc2cc(-c3nc4ccccc4n3C)ccc2n2c(C)nnc12,8.7,1,0.0,8.7,8.7,2021,2021,1,1,c1ccc2[nH]c(-c3ccc4c(c3)ncc3nncn34)nc2c1,0.0
CCC(F)(F)C(=O)NCCCCNc1nc2cc(OC)ccc2n2c(C)nnc12,7.82,1,0.0,7.82,7.82,2021,2021,1,1,c1ccc2c(c1)ncc1nncn12,0.0
CCC(F)(F)C(=O)NCCCCNc1nc2cc(OCCOC)ccc2n2c(C)nnc12,8.3,1,0.0,8.3,8.3,2021,2021,1,1,c1ccc2c(c1)ncc1nncn12,0.0
CCC(O)(CC)c1cc(-c2c(C)noc2C)cc2c1nc(C1CC1)n2C,6.21,6,0.09136009340333823,6.05,6.24,2016,2016,1,6,c1cc2nc(C3CC3)[nH]c2cc1-c1cnoc1,0.1900000000000004
CCC(O)(CC)c1nn(C)c2c3ncc(-c4c(C)nnn4C)cc3n(C(c3ccccc3)C3CCOCC3)c12,9.1,1,0.0,9.1,9.1,2022,2022,1,1,c1ccc(C(C2CCOCC2)n2c3cc(-c4cnn[nH]4)cnc3c3[nH]ncc32)cc1,0.0
CCC(O)(c1ccccc1)c1nc2c3c(ccc2n1[C@@H]1CCC[C@@H](C(=O)O)C1)N(C(=O)OC)[C@@H](C)CC3,4.3,1,0.0,4.3,4.3,2022,2022,1,1,c1ccc(Cc2nc3c4c(ccc3n2C2CCCCC2)NCCC4)cc1,0.0
CCC(O)c1cccc(-c2cccc(Nc3nn(CC4CC4)c4c3CN(C(C)=O)CC4)c2)c1,6.05,1,0.0,6.05,6.05,2017,2017,1,1,c1ccc(-c2cccc(Nc3nn(CC4CC4)c4c3CNCC4)c2)cc1,0.0
CCC1(O)C(=O)Nc2ccc(-c3c(C)noc3C)cc21,5.64,2,0.0,5.64,5.64,2016,2016,1,2,O=C1Cc2cc(-c3cnoc3)ccc2N1,0.0
CCC1(S(=O)(=O)Nc2cc(-n3ccc4cnc(Nc5ccc(N6CCC(N(C)C)CC6)c(F)c5)nc43)ccc2F)CC1,6.02,1,0.0,6.02,6.02,2022,2022,1,1,O=S(=O)(Nc1cccc(-n2ccc3cnc(Nc4ccc(N5CCCCC5)cc4)nc32)c1)C1CC1,0.0
CCC1(S(=O)(=O)Nc2cc(-n3ccc4cnc(Nc5ccc(N6CCN(C)CC6)c(F)c5)nc43)ccc2F)CC1,5.82,1,0.0,5.82,5.82,2022,2022,1,1,O=S(=O)(Nc1cccc(-n2ccc3cnc(Nc4ccc(N5CCNCC5)cc4)nc32)c1)C1CC1,0.0
CCC1(S(=O)(=O)Nc2cccc(-n3ccc4cnc(Nc5ccc(N6CCC(N(C)C)CC6)c(F)c5)nc43)c2)CC1,5.82,1,0.0,5.82,5.82,2022,2022,1,1,O=S(=O)(Nc1cccc(-n2ccc3cnc(Nc4ccc(N5CCCCC5)cc4)nc32)c1)C1CC1,0.0
CCC1(S(=O)(=O)Nc2cccc(-n3ccc4cnc(Nc5ccc(N6CCC(N(C)C)CC6)cc5)nc43)c2)CC1,5.85,1,0.0,5.85,5.85,2022,2022,1,1,O=S(=O)(Nc1cccc(-n2ccc3cnc(Nc4ccc(N5CCCCC5)cc4)nc32)c1)C1CC1,0.0
CCC1CCC(=O)N1c1cc(-c2c(C)noc2C)cc2[nH]c(C3CC3)nc12,6.73,6,0.39762629021062806,6.4,7.28,2016,2016,1,6,O=C1CCCN1c1cc(-c2cnoc2)cc2[nH]c(C3CC3)nc12,0.8799999999999999
CCC1Oc2c(-c3cn(C)c(=O)c4[nH]ccc34)cccc2N(C)C1=O,6.26,1,0.0,6.26,6.26,2018,2018,1,1,O=C1COc2c(cccc2-c2c[nH]c(=O)c3[nH]ccc23)N1,0.0
CCC1Oc2c(cccc2-c2cn(C)c(=O)c3[nH]ccc23)NC1=O,6.26,1,0.0,6.26,6.26,2018,2018,1,1,O=C1COc2c(cccc2-c2c[nH]c(=O)c3[nH]ccc23)N1,0.0
CCCC(=O)NCCCCNc1nc2cc(-c3nc4cc(C)ccc4[nH]3)ccc2n2c(C)nnc12,7.77,1,0.0,7.77,7.77,2021,2021,1,1,c1ccc2[nH]c(-c3ccc4c(c3)ncc3nncn34)nc2c1,0.0
CCCC(=O)NCCCCNc1nc2cc(N3CCOCC3)ccc2n2c(C)nnc12,8.0,1,0.0,8.0,8.0,2021,2021,1,1,c1cc2c(cc1N1CCOCC1)ncc1nncn12,0.0
CCCC(=O)NCCCCNc1nc2cc(OCCCC#N)ccc2n2c(C)nnc12,7.25,1,0.0,7.25,7.25,2021,2021,1,1,c1ccc2c(c1)ncc1nncn12,0.0
CCCC(=O)Nc1cc(-c2csc(=O)[nH]2)cc(S(=O)(=O)NC2CCCC2)c1,6.77,1,0.0,6.77,6.77,2015,2015,1,1,O=c1[nH]c(-c2cccc(S(=O)(=O)NC3CCCC3)c2)cs1,0.0
CCCC(=O)Nc1cc(-c2csc(=O)[nH]2)cc(S(=O)(=O)NC2CCCC2)c1C,6.03,1,0.0,6.03,6.03,2015,2015,1,1,O=c1[nH]c(-c2cccc(S(=O)(=O)NC3CCCC3)c2)cs1,0.0
CCCC(=O)Nc1cc2c(cc(C)n2Cc2ccccc2)n2c(C)nnc12,5.76,2,0.7071067811865476,5.26,6.26,2017,2019,2,2,c1ccc(Cn2ccc3c2ccc2nncn23)cc1,1.0
CCCC(C)n1ccc2ccc(-c3c(C)noc3C)cc21,5.61,1,0.0,5.61,5.61,2022,2022,1,1,c1cc2ccc(-c3cnoc3)cc2[nH]1,0.0
CCCC(C)n1ccc2ccc(C3=CNC(=O)C4NC=CC34)cc21,6.24,1,0.0,6.24,6.24,2022,2022,1,1,O=C1NC=C(c2ccc3cc[nH]c3c2)C2C=CNC12,0.0
CCCC(CNC(=O)OC(C)(C)C)Nc1nc2ccccc2n2c(C)nnc12,7.24,1,0.0,7.24,7.24,2021,2021,1,1,c1ccc2c(c1)ncc1nncn12,0.0
CCCC1=N[C@@H](CC(N)=O)c2onc(C)c2-c2sc(C)c(C)c21,6.52,1,0.0,6.52,6.52,2013,2013,1,1,C1=NCc2oncc2-c2sccc21,0.0
CCCCC(c1ccccc1)n1c(C)cc2c1ccc1nnc(C)n12,5.76,4,0.5773502691896258,5.26,6.26,2017,2019,2,4,c1ccc(Cn2ccc3c2ccc2nncn23)cc1,1.0
CCCCCOc1ccc(CCc2nc3cc(-c4c(C)noc4C)ccc3n2CCN2CCOCC2)cc1,5.16,1,0.0,5.16,5.16,2017,2017,1,1,c1ccc(CCc2nc3cc(-c4cnoc4)ccc3n2CCN2CCOCC2)cc1,0.0
CCCCCn1cc(-c2cccc(C(=O)N(C)C)c2)c2cc[nH]c2c1=O,5.35,1,0.0,5.35,5.35,2019,2019,1,1,O=c1[nH]cc(-c2ccccc2)c2cc[nH]c12,0.0
CCCCN1C(=O)c2ccccc2NC(=O)C1c1ccc(-c2c(C)noc2C)c(OC)c1,4.89,1,0.0,4.89,4.89,2014,2014,1,1,O=C1NC(c2ccc(-c3cnoc3)cc2)C(=O)Nc2ccccc21,0.0
CCCCNc1c(-c2ccc(-c3c(C)noc3C)cc2)nc2cnccn12,5.78,1,0.0,5.78,5.78,2014,2014,1,1,c1cn2cc(-c3ccc(-c4cnoc4)cc3)nc2cn1,0.0
CCCCOC(=O)C[C@@H]1N=C(c2ccc(Cl)cc2)c2cc(OC)ccc2-n2c(C)nnc21,6.4,1,0.0,6.4,6.4,2013,2013,1,1,c1ccc(C2=NCc3nncn3-c3ccccc32)cc1,0.0
CCCCOc1ccc(CCc2nc3cc(-c4c(C)noc4C)ccc3n2CCN2CCOCC2)cc1,4.95,1,0.0,4.95,4.95,2017,2017,1,1,c1ccc(CCc2nc3cc(-c4cnoc4)ccc3n2CCN2CCOCC2)cc1,0.0
CCCCS(=O)(=O)Nc1cccc(-c2cn(C)c(=O)c3ccccc23)c1,6.38,1,0.0,6.38,6.38,2018,2018,1,1,O=c1[nH]cc(-c2ccccc2)c2ccccc12,0.0
CCCCc1cc(C)cc(Oc2cccc(-c3c(C)nnn3C3CCNCC3)n2)c1,5.255,2,0.51618795026618,4.89,5.62,2021,2021,1,2,c1ccc(Oc2cccc(-c3cnnn3C3CCNCC3)n2)cc1,0.7300000000000004
CCCCc1cc(CCCC)cc(Oc2cccc(-c3c(C)nnn3C3CCNCC3)n2)c1,4.6850000000000005,2,0.3040559159102162,4.47,4.9,2021,2021,1,2,c1ccc(Oc2cccc(-c3cnnn3C3CCNCC3)n2)cc1,0.4300000000000006
CCCCn1cc(-c2cccc(C(=O)N(C)C)c2)c2cc(C)[nH]c2c1=O,5.64,1,0.0,5.64,5.64,2019,2019,1,1,O=c1[nH]cc(-c2ccccc2)c2cc[nH]c12,0.0
CCCCn1cc(-c2cccc(C(=O)N(C)C)c2)c2cc[nH]c2c1=O,5.58,1,0.0,5.58,5.58,2019,2019,1,1,O=c1[nH]cc(-c2ccccc2)c2cc[nH]c12,0.0
CCCN(C)c1ccc(Nc2nc3c(c(Nc4cccc(S(N)(=O)=O)c4)n2)COC3)cc1,5.64,1,0.0,5.64,5.64,2023,2023,1,1,c1ccc(Nc2nc3c(c(Nc4ccccc4)n2)COC3)cc1,0.0
CCCN(N)C(=O)c1ccc(Nc2nc(Nc3ccc(N4CCN(C)CC4)c(F)c3)ncc2C)cc1,5.63,1,0.0,5.63,5.63,2023,2023,1,1,c1ccc(Nc2ccnc(Nc3ccc(N4CCNCC4)cc3)n2)cc1,0.0
CCCNC(=O)c1cccc(Nc2nn(CC3CC3)c3c2CN(C(C)=O)CC3)c1,5.24,1,0.0,5.24,5.24,2016,2016,1,1,c1ccc(Nc2nn(CC3CC3)c3c2CNCC3)cc1,0.0
CCCNNC(=O)c1ccc(Nc2nc(Nc3ccc(OCCN4CCCC4)cc3)ncc2C)cc1,6.09,1,0.0,6.09,6.09,2023,2023,1,1,c1ccc(Nc2ccnc(Nc3ccc(OCCN4CCCC4)cc3)n2)cc1,0.0
CCCNNC(=O)c1ccc(Nc2ncc(C)c(Nc3cccc(S(=O)(=O)NC(C)(C)C)c3)n2)cc1,5.33,1,0.0,5.33,5.33,2023,2023,1,1,c1ccc(Nc2ccnc(Nc3ccccc3)n2)cc1,0.0
CCCNS(=O)(=O)c1ccc(C2CC(=O)N(C)C2)cc1,3.83,1,0.0,3.83,3.83,2020,2020,1,1,O=C1CC(c2ccccc2)CN1,0.0
CCCNc1cc2c(cc1OC)nc(NCCCCNC(=O)CC(C)C)c1nnc(C)n12,8.15,1,0.0,8.15,8.15,2021,2021,1,1,c1ccc2c(c1)ncc1nncn12,0.0
CCCNc1ccc2c(c1)nc(NCCCCNC(=O)CC(C)C)c1nnc(C)n12,7.3,1,0.0,7.3,7.3,2021,2021,1,1,c1ccc2c(c1)ncc1nncn12,0.0
CCCNc1ccc2nc(NCCCCNC(=O)CC(C)C)c3nnc(C)n3c2c1,7.68,1,0.0,7.68,7.68,2021,2021,1,1,c1ccc2c(c1)ncc1nncn12,0.0
CCCOC(=O)NCCCCNc1nc2cc(-c3nc4ccccc4n3C)ccc2n2c(C)nnc12,8.15,1,0.0,8.15,8.15,2021,2021,1,1,c1ccc2[nH]c(-c3ccc4c(c3)ncc3nncn34)nc2c1,0.0
CCCOC(=O)NCCCCNc1nc2cc(OC)c(OC)cc2n2c(C)nnc12,7.7,1,0.0,7.7,7.7,2021,2021,1,1,c1ccc2c(c1)ncc1nncn12,0.0
CCCOC(=O)NCCCCNc1nc2cc(OCCOC)ccc2n2c(C)nnc12,8.15,2,0.21213203435596475,8.0,8.3,2021,2021,1,1,c1ccc2c(c1)ncc1nncn12,0.3000000000000007
CCCOC(=O)N[C@H](C(=O)NCCCCN/C=N/c1cc(OC)ccc1-n1cnnc1C)C(C)C,7.96,1,0.0,7.96,7.96,2021,2021,1,1,c1ccc(-n2cnnc2)cc1,0.0
CCCOC(=O)N[C@H](C(=O)NCCCCNc1nc2cc(N3C[C@@H](C)O[C@@H](C)C3)ccc2n2c(C)nnc12)C(C)C,7.4,1,0.0,7.4,7.4,2021,2021,1,1,c1cc2c(cc1N1CCOCC1)ncc1nncn12,0.0
CCCOC(=O)N[C@H](C(=O)NCCCCNc1nc2cc(OCCOC)ccc2n2c(C)nnc12)C(C)C,9.0,1,0.0,9.0,9.0,2021,2021,1,1,c1ccc2c(c1)ncc1nncn12,0.0
CCCOCc1ccc(O)c2ncccc12,5.68,1,0.0,5.68,5.68,2019,2019,1,1,c1ccc2ncccc2c1,0.0
CCCOc1ccc(CCc2nc3cc(-c4c(C)noc4C)ccc3n2CCN2CCOCC2)cc1,4.74,1,0.0,4.74,4.74,2017,2017,1,1,c1ccc(CCc2nc3cc(-c4cnoc4)ccc3n2CCN2CCOCC2)cc1,0.0
CCCOc1ccc(CCc2nc3cc(-c4c(C)noc4C)ccn3c2NC2CCCCC2)cc1,4.75,1,0.0,4.75,4.75,2021,2021,1,1,c1ccc(CCc2nc3cc(-c4cnoc4)ccn3c2NC2CCCCC2)cc1,0.0
CCCOc1ccc(S(=O)(=O)CC)cc1-c1cn(C)c(=O)c2ccc(-c3cnn(C)c3)cc12,8.52,1,0.0,8.52,8.52,2018,2018,1,1,O=c1[nH]cc(-c2ccccc2)c2cc(-c3cn[nH]c3)ccc12,0.0
CCCOc1ccc(S(C)(=O)=O)cc1-c1cn(C)c(=O)c2ccc(-c3cnn(C)c3)cc12,8.3,1,0.0,8.3,8.3,2018,2018,1,1,O=c1[nH]cc(-c2ccccc2)c2cc(-c3cn[nH]c3)ccc12,0.0
CCCOc1ccc2nc(-c3cc(C)c(=O)n(C)c3)n([C@@H](C)c3ccccc3)c2n1,6.97,2,0.0,6.97,6.97,2016,2016,1,2,O=c1ccc(-c2nc3cccnc3n2Cc2ccccc2)c[nH]1,0.0
CCCOc1ccccc1C(=O)Nc1ncnc2[nH]cnc12,4.7,1,0.0,4.7,4.7,2015,2015,1,1,O=C(Nc1ncnc2[nH]cnc12)c1ccccc1,0.0
CCCS(=O)(=O)Nc1cc(Nc2nc(Nc3ccc(N4CCN(C)CC4)cc3)ncc2C)ccc1Cl,6.89,1,0.0,6.89,6.89,2023,2023,1,1,c1ccc(Nc2ccnc(Nc3ccc(N4CCNCC4)cc3)n2)cc1,0.0
CCCS(=O)(=O)Nc1ccc(NC(C)C)nc1Nc1ccc2[nH]nnc2c1,5.52,1,0.0,5.52,5.52,2022,2022,1,1,c1ccc(Nc2ccc3[nH]nnc3c2)nc1,0.0
CCCS(=O)(=O)Nc1ccc(Oc2ccc(F)cc2F)c(-c2cn(C)c(=O)c3cc(-c4cc(C)c(OCCO)c(C)c4)oc23)c1,9.11,2,0.1131370849898477,9.03,9.19,2022,2022,1,2,O=c1[nH]cc(-c2ccccc2Oc2ccccc2)c2oc(-c3ccccc3)cc12,0.16000000000000014
CCCS(=O)(=O)Nc1cccc(-c2cn(C)c(=O)c3ccccc23)c1,6.39,1,0.0,6.39,6.39,2018,2018,1,1,O=c1[nH]cc(-c2ccccc2)c2ccccc12,0.0
CCCS(=O)(=O)Nc1cccc(Nc2nc(Nc3ccc(N4CCN(C)CC4)cc3)ncc2C)c1,6.49,1,0.0,6.49,6.49,2023,2023,1,1,c1ccc(Nc2ccnc(Nc3ccc(N4CCNCC4)cc3)n2)cc1,0.0
CCC[C@@H]1C(=O)N(C)c2cnc(Nc3ccc(C(=O)NC4CCN(C)CC4)cc3OC)nc2N1C1CCCC1,5.59,1,0.0,5.59,5.59,2018,2018,1,1,O=C1CN(C2CCCC2)c2nc(Nc3ccc(C(=O)NC4CCNCC4)cc3)ncc2N1,0.0
CCC[C@@H]1C(=O)N(C)c2cnc(Nc3ccc(C(=O)NC4CCN(C)CC4)cc3OC3CCCC3)nc2N1C1CCCC1,6.22,1,0.0,6.22,6.22,2018,2018,1,1,O=C1CN(C2CCCC2)c2nc(Nc3ccc(C(=O)NC4CCNCC4)cc3OC3CCCC3)ncc2N1,0.0
CCCc1cc(CCC)cc(Oc2cccc(-c3c(C)nnn3C3CCNCC3)n2)c1,5.24,2,0.4808326112068521,4.9,5.58,2021,2021,1,2,c1ccc(Oc2cccc(-c3cnnn3C3CCNCC3)n2)cc1,0.6799999999999997
CCCc1ccc(S(C)(=O)=O)cc1-c1ccc(=O)n(C)c1,5.56,1,0.0,5.56,5.56,2018,2018,1,1,O=c1ccc(-c2ccccc2)c[nH]1,0.0
CCCc1cnc(Nc2ccc(N3CCN(C)CC3)cc2)nc1Nc1ccc(Cl)c(OC)c1,5.7,1,0.0,5.7,5.7,2023,2023,1,1,c1ccc(Nc2ccnc(Nc3ccc(N4CCNCC4)cc3)n2)cc1,0.0
CCCn1c(-c2cc(OC)ncc2F)nc2c1C(=O)N(c1cc(C)c(=O)n(C)c1)C2c1ccc(Cl)cc1,6.82,1,0.0,6.82,6.82,2018,2018,1,1,O=C1c2[nH]c(-c3ccncc3)nc2C(c2ccccc2)N1c1ccc(=O)[nH]c1,0.0
CCCn1c(-c2ccc3c(c2)nc(NCCCCNC(=O)CC(C)C)c2nnc(C)n23)nc2ccccc21,9.05,1,0.0,9.05,9.05,2021,2021,1,1,c1ccc2[nH]c(-c3ccc4c(c3)ncc3nncn34)nc2c1,0.0
CCCn1c(-c2cccc3c2N[C@H](C)CC(=O)N3)cc2ccccc21,5.65,1,0.0,5.65,5.65,2019,2019,1,1,O=C1CCNc2c(cccc2-c2cc3ccccc3[nH]2)N1,0.0
CCCn1c(-c2cncc(C#N)c2)nc2c1C(=O)N(c1cc(C)c(=O)n(C)c1)C2c1ccc(Cl)cc1,6.78,1,0.0,6.78,6.78,2018,2018,1,1,O=C1c2[nH]c(-c3cccnc3)nc2C(c2ccccc2)N1c1ccc(=O)[nH]c1,0.0
CCCn1nc(Nc2cccc(C)c2)c2c1CCN(C(C)=O)C2,4.85,1,0.0,4.85,4.85,2016,2016,1,1,c1ccc(Nc2n[nH]c3c2CNCC3)cc1,0.0
CCN(CC)C(=O)c1cc2c(-c3cc(C(C)(C)O)ccc3Oc3c(C)cc(F)cc3C)cn(C)c(=O)c2s1,5.39,1,0.0,5.39,5.39,2023,2023,1,1,O=c1[nH]cc(-c2ccccc2Oc2ccccc2)c2ccsc12,0.0
CCN(CC)S(=O)(=O)c1ccc(C2CC(=O)N(C)C2)c(-c2ccc(OC)c(OC)c2)c1,4.29,1,0.0,4.29,4.29,2020,2020,1,1,O=C1CC(c2ccccc2-c2ccccc2)CN1,0.0
CCN(CC)S(=O)(=O)c1ccc(C2CC(=O)N(C)C2)cc1,3.91,1,0.0,3.91,3.91,2020,2020,1,1,O=C1CC(c2ccccc2)CN1,0.0
CCN(CC)S(=O)(=O)c1ccc([C@@H]2CC(=O)N(C)C2)c(-c2ccc(OC)c(OC)c2)c1,4.45,1,0.0,4.45,4.45,2020,2020,1,1,O=C1CC(c2ccccc2-c2ccccc2)CN1,0.0
CCN(CC)S(=O)(=O)c1ccc([C@H]2CC(=O)N(C)C2)c(-c2ccc(OC)c(OC)c2)c1,4.85,1,0.0,4.85,4.85,2020,2020,1,1,O=C1CC(c2ccccc2-c2ccccc2)CN1,0.0
CCN(CC)c1cc(-c2ccc(OC)c(NS(C)(=O)=O)c2)cn(C)c1=O,5.56,1,0.0,5.56,5.56,2018,2018,1,1,O=c1ccc(-c2ccccc2)c[nH]1,0.0
CCN(CC)c1cc(-c2ccc(OC)c(N[S+](C)[O-])c2)cn(C)c1=O,5.56,1,0.0,5.56,5.56,2021,2021,1,1,O=c1ccc(-c2ccccc2)c[nH]1,0.0
CCN(CC)c1ccc2[nH]c(-c3[nH]c(C)c(C(C)=O)c3C)nc2c1,6.54,1,0.0,6.54,6.54,2022,2022,1,1,c1c[nH]c(-c2nc3ccccc3[nH]2)c1,0.0
CCN(CC)c1cccc2[nH]c(-c3[nH]c(C)c(C(C)=O)c3C)nc12,6.02,1,0.0,6.02,6.02,2022,2022,1,1,c1c[nH]c(-c2nc3ccccc3[nH]2)c1,0.0
CCN/C=C(\C=N)c1cccc2c1N[C@H](C)CC(=O)N2,5.12,1,0.0,5.12,5.12,2019,2019,1,1,O=C1CCNc2ccccc2N1,0.0
CCN1C(=O)c2ccccc2N(C)c2nc(Nc3ccc(C(=O)NC4CCN(C)CC4)cc3OC)ncc21,6.28,1,0.0,6.28,6.28,2020,2020,1,1,O=C(NC1CCNCC1)c1ccc(Nc2ncc3c(n2)Nc2ccccc2C(=O)N3)cc1,0.0
CCN1C(=O)c2ccccc2N(C)c2nc(Nc3ccc(N4CCN(C)CC4)cc3OC)ncc21,6.08,1,0.0,6.08,6.08,2020,2020,1,1,O=C1Nc2cnc(Nc3ccc(N4CCNCC4)cc3)nc2Nc2ccccc21,0.0
CCN1C(=O)c2ccccc2N(C)c2nc(Nc3ccc(NS(C)(=O)=O)cc3OC)ncc21,5.34,1,0.0,5.34,5.34,2020,2020,1,1,O=C1Nc2cnc(Nc3ccccc3)nc2Nc2ccccc21,0.0
CCN1CC=C(c2nc3c(n2C(C)C)C(c2ccc(Cl)cc2)N(c2cc(C)c4nnc(C)n4c2)C3=O)CC1,7.52,1,0.0,7.52,7.52,2018,2018,1,1,O=C1c2nc(C3=CCNCC3)[nH]c2C(c2ccccc2)N1c1ccc2nncn2c1,0.0
CCN1CCC(Nc2cc(N(C)Cc3ccccc3)nn3c(C)nnc23)CC1,8.52,2,0.0,8.52,8.52,2016,2016,1,2,c1ccc(CNc2cc(NC3CCNCC3)c3nncn3n2)cc1,0.0
CCN1CCc2c(sc3nc(-c4cc(C)c(O)c(C)c4)[nH]c(=O)c23)C1,5.25,1,0.0,5.25,5.25,2020,2020,1,1,O=c1[nH]c(-c2ccccc2)nc2sc3c(c12)CCNC3,0.0
CCN1Cc2c(N3CCCc4cc(-c5cnn(C)c5)c(C(F)F)cc43)nc(C3CC3)n2CC1=O,7.985,2,0.33234018715767777,7.75,8.22,2021,2021,1,1,O=C1Cn2c(C3CC3)nc(N3CCCc4cc(-c5cn[nH]c5)ccc43)c2CN1,0.47000000000000064
CCNC(=O)C1Oc2c(-c3c(C)noc3C)ccc3[nH]c(=O)n(c23)[C@@H]1c1ccccc1,6.26,1,0.0,6.26,6.26,2017,2017,1,1,O=c1[nH]c2ccc(-c3cnoc3)c3c2n1C(c1ccccc1)CO3,0.0
CCNC(=O)C1Oc2c(-c3c(C)noc3C)ccc3[nH]c(=O)n(c23)[C@H]1c1ccccc1,6.26,1,0.0,6.26,6.26,2017,2017,1,1,O=c1[nH]c2ccc(-c3cnoc3)c3c2n1C(c1ccccc1)CO3,0.0
CCNC(=O)CC1CN(c2ccc(Cl)cc2)c2ccccc2-n2c(C)nnc21,5.68,1,0.0,5.68,5.68,2016,2016,1,1,c1ccc(N2CCc3nncn3-c3ccccc32)cc1,0.0
CCNC(=O)CC1N=C(C(F)(F)F)c2cc(OC)ccc2-c2cn(C)c(=O)cc21,7.31,1,0.0,7.31,7.31,2020,2020,1,1,O=c1cc2c(c[nH]1)-c1ccccc1C=NC2,0.0
CCNC(=O)CC1N=C(CC2CC2)c2c(sc(C)c2C)-c2cn(C)c(=O)cc21,8.0,1,0.0,8.0,8.0,2020,2020,1,1,O=c1cc2c(c[nH]1)-c1sccc1C(CC1CC1)=NC2,0.0
CCNC(=O)CC1N=C(CC2CC2)c2cc(OC)ccc2-c2cn(C)c(=O)cc21,8.0,1,0.0,8.0,8.0,2020,2020,1,1,O=c1cc2c(c[nH]1)-c1ccccc1C(CC1CC1)=NC2,0.0
CCNC(=O)CC1N=C(c2ccc(Cl)cc2)c2c(sc(C)c2C)-c2cn(C)c(=O)cc21,8.66,1,0.0,8.66,8.66,2020,2020,1,1,O=c1cc2c(c[nH]1)-c1sccc1C(c1ccccc1)=NC2,0.0
CCNC(=O)CC1N=C(c2ccc(Cl)cc2)c2cc(C(F)(F)F)ccc2-c2cn(C)c(=O)cc21,7.11,1,0.0,7.11,7.11,2020,2020,1,1,O=c1cc2c(c[nH]1)-c1ccccc1C(c1ccccc1)=NC2,0.0
CCNC(=O)CC1N=C(c2ccc(Cl)cc2)c2cc(F)ccc2-c2cn(C)c(=O)cc21,8.4,1,0.0,8.4,8.4,2020,2020,1,1,O=c1cc2c(c[nH]1)-c1ccccc1C(c1ccccc1)=NC2,0.0
CCNC(=O)CC1N=C(c2ccc(Cl)cc2)c2cc(OC)ccc2-c2cn(C)c(=O)cc21,8.8,1,0.0,8.8,8.8,2020,2020,1,1,O=c1cc2c(c[nH]1)-c1ccccc1C(c1ccccc1)=NC2,0.0
CCNC(=O)CC1N=C(c2ccc(Cl)cc2)c2cc(OC)ncc2-c2cn(C)c(=O)cc21,8.7,1,0.0,8.7,8.7,2020,2020,1,1,O=c1cc2c(c[nH]1)-c1cnccc1C(c1ccccc1)=NC2,0.0
CCNC(=O)CC1N=C(c2ccc(Cl)cc2)c2nc(C)sc2-c2cn(C)c(=O)cc21,9.0,1,0.0,9.0,9.0,2020,2020,1,1,O=c1cc2c(c[nH]1)-c1scnc1C(c1ccccc1)=NC2,0.0
CCNC(=O)CC1N=C(c2ccc(Cl)cc2C)c2cc(OC)ccc2-c2cn(C)c(=O)cc21,8.4,1,0.0,8.4,8.4,2020,2020,1,1,O=c1cc2c(c[nH]1)-c1ccccc1C(c1ccccc1)=NC2,0.0
CCNC(=O)CC1N=C(c2ccccn2)c2cc(OC)ccc2-c2cn(C)c(=O)cc21,8.36,1,0.0,8.36,8.36,2020,2020,1,1,O=c1cc2c(c[nH]1)-c1ccccc1C(c1ccccn1)=NC2,0.0
CCNC(=O)CC1OC(c2ccc(C)cn2)c2cc(OC)ccc2-c2cn(C)c(=O)cc21,7.21,1,0.0,7.21,7.21,2020,2020,1,1,O=c1cc2c(c[nH]1)-c1ccccc1C(c1ccccn1)OC2,0.0
CCNC(=O)CC1OC(c2ccc(Cl)cc2)c2c(cnn2C)-c2cn(C)c(=O)cc21,9.0,1,0.0,9.0,9.0,2020,2020,1,1,O=c1cc2c(c[nH]1)-c1cn[nH]c1C(c1ccccc1)OC2,0.0
CCNC(=O)CC1OC(c2ccc(Cl)cc2)c2c(sc(C)c2C)-c2cn(C)c(=O)cc21,9.0,1,0.0,9.0,9.0,2020,2020,1,1,O=c1cc2c(c[nH]1)-c1sccc1C(c1ccccc1)OC2,0.0
CCNC(=O)CC1OC(c2ccc(Cl)cc2)c2cc(OC)ccc2-c2cn(C)c(=O)cc21,7.92,1,0.0,7.92,7.92,2020,2020,1,1,O=c1cc2c(c[nH]1)-c1ccccc1C(c1ccccc1)OC2,0.0
CCNC(=O)C[C@@H]1N=C(c2ccc(C#N)cc2)c2c(sc(C)c2C)-n2c(C)nnc21,6.92,1,0.0,6.92,6.92,2022,2022,1,1,c1ccc(C2=NCc3nncn3-c3sccc32)cc1,0.0
CCNC(=O)C[C@@H]1N=C(c2ccc(Cl)cc2)c2c(cnn2C)-c2cn(C)c(=O)cc21,8.3,1,0.0,8.3,8.3,2020,2020,1,1,O=c1cc2c(c[nH]1)-c1cn[nH]c1C(c1ccccc1)=NC2,0.0
CCNC(=O)C[C@@H]1N=C(c2ccc(Cl)cc2)c2c(sc(C)c2C)-c2c(C)noc21,7.44,1,0.0,7.44,7.44,2013,2013,1,1,c1ccc(C2=NCc3oncc3-c3sccc32)cc1,0.0
CCNC(=O)C[C@@H]1N=C(c2ccc(Cl)cc2)c2c(sc(CC#N)c2C)-n2c(C)nnc21,6.51,1,0.0,6.51,6.51,2022,2022,1,1,c1ccc(C2=NCc3nncn3-c3sccc32)cc1,0.0
CCNC(=O)C[C@@H]1N=C(c2ccc(Cl)cc2)c2cc(OC)ccc2-n2c(C)nnc21,6.91,6,0.35142092519749957,6.23,7.21,2013,2022,5,6,c1ccc(C2=NCc3nncn3-c3ccccc32)cc1,0.9799999999999995
CCNC(=O)C[C@@H]1N=C(c2ccc(Cl)cc2)c2ccc(OC)cc2-n2c(C)nnc21,5.7,1,0.0,5.7,5.7,2013,2013,1,1,c1ccc(C2=NCc3nncn3-c3ccccc32)cc1,0.0
CCNC(=O)C[C@@H]1N=C(c2ccc(Cl)cc2)c2ccccc2-c2c(C)noc21,7.28,1,0.0,7.28,7.28,2016,2016,1,1,c1ccc(C2=NCc3oncc3-c3ccccc32)cc1,0.0
CCNC(=O)C[C@@H]1N=C(c2cccc(F)c2)c2cc(OC)ccc2-n2c(C)nnc21,5.9,1,0.0,5.9,5.9,2013,2013,1,1,c1ccc(C2=NCc3nncn3-c3ccccc32)cc1,0.0
CCNC(=O)C[C@H]1N=C(c2ccc(Cl)cc2)c2c(sc(C)c2C)-c2c(C)noc21,5.68,1,0.0,5.68,5.68,2013,2013,1,1,c1ccc(C2=NCc3oncc3-c3sccc32)cc1,0.0
CCNC(=O)Cn1nc(Nc2cccc(C)c2)c2c1CCN(C(C)=O)C2,4.55,1,0.0,4.55,4.55,2017,2017,1,1,c1ccc(Nc2n[nH]c3c2CNCC3)cc1,0.0
CCNC(=O)NC1N=C(c2ccc(Cl)cc2)c2ccccc2-c2c(C)noc21,7.48,1,0.0,7.48,7.48,2016,2016,1,1,c1ccc(C2=NCc3oncc3-c3ccccc32)cc1,0.0
CCNC(=O)NCCCCNc1nc2cc(OC)c(OC)cc2n2c(C)nnc12,7.33,1,0.0,7.33,7.33,2021,2021,1,1,c1ccc2c(c1)ncc1nncn12,0.0
CCNC(=O)NCCCCNc1nc2cc(OCCOC)ccc2n2c(C)nnc12,7.57,1,0.0,7.57,7.57,2021,2021,1,1,c1ccc2c(c1)ncc1nncn12,0.0
CCNC(=O)Nc1cccc(Cn2c(C)cc3c2ccc2nnc(C)n23)c1,5.76,2,0.7071067811865476,5.26,6.26,2017,2019,2,2,c1ccc(Cn2ccc3c2ccc2nncn23)cc1,1.0
CCNC(=O)[C@@H]1Oc2c(-c3c(C)noc3C)ccc3[nH]c(=O)n(c23)C1c1ccccc1,6.26,1,0.0,6.26,6.26,2022,2022,1,1,O=c1[nH]c2ccc(-c3cnoc3)c3c2n1C(c1ccccc1)CO3,0.0
CCNC(=O)[C@H]1Oc2c(-c3c(C)noc3C)ccc3[nH]c(=O)n(c23)C1c1ccccc1,6.26,1,0.0,6.26,6.26,2022,2022,1,1,O=c1[nH]c2ccc(-c3cnoc3)c3c2n1C(c1ccccc1)CO3,0.0
CCNC(=O)c1cc(C(=O)NC)c(=O)n(Cc2ccccc2)c1,4.8,1,0.0,4.8,4.8,2020,2020,1,1,O=c1ccccn1Cc1ccccc1,0.0
CCNC(=O)c1cc2c(-c3cc(C(C)(C)O)ccc3Oc3ccc(Cl)cc3Cl)cn(C)c(=O)c2s1,9.0,1,0.0,9.0,9.0,2023,2023,1,1,O=c1[nH]cc(-c2ccccc2Oc2ccccc2)c2ccsc12,0.0
CCNC(=O)c1cc2c(-c3cc(C(C)(C)O)ccc3Oc3ccc(F)cc3F)cn(C)c(=O)c2s1,5.69,1,0.0,5.69,5.69,2023,2023,1,1,O=c1[nH]cc(-c2ccccc2Oc2ccccc2)c2ccsc12,0.0
CCNC(=O)c1cc2c(=O)n(C)cc(-c3cc(C(C)(C)O)ccc3Oc3ccc(F)cc3F)c2s1,8.26,2,0.7212489168102781,7.75,8.77,2023,2023,1,2,O=c1[nH]cc(-c2ccccc2Oc2ccccc2)c2sccc12,1.0199999999999996
CCNC(=O)c1ccc2c(c1)[C@H](Nc1ccc(C#N)cn1)C[C@H](C)N2C(C)=O,6.85,2,0.21213203435596445,6.7,7.0,2022,2022,1,2,c1ccc(NC2CCNc3ccccc32)nc1,0.2999999999999998
CCNC(=O)c1ccc2c(c1)[C@H](Nc1ccc(C)cn1)C[C@H](C)N2C(C)=O,6.449999999999999,2,0.49497474683058373,6.1,6.8,2022,2022,1,2,c1ccc(NC2CCNc3ccccc32)nc1,0.7000000000000002
CCNC(=O)c1ccc2c(c1)[C@H](Nc1ccc(Cl)cn1)C[C@H](C)N2C(C)=O,6.8,2,0.4242640687119283,6.5,7.1,2022,2022,1,2,c1ccc(NC2CCNc3ccccc32)nc1,0.5999999999999996
CCNC(=O)c1ccc2c(c1)[C@H](Nc1ccc(F)cn1)C[C@H](C)N2C(C)=O,6.449999999999999,2,0.49497474683058373,6.1,6.8,2022,2022,1,2,c1ccc(NC2CCNc3ccccc32)nc1,0.7000000000000002
CCNC(=O)c1ccc2c(c1)[C@H](Nc1cnc(C#N)cn1)C[C@H](C)N2C(C)=O,6.15,2,0.21213203435596445,6.0,6.3,2022,2022,1,2,c1ccc2c(c1)NCCC2Nc1cnccn1,0.2999999999999998
CCNC(=O)c1ccc2c(c1)[C@H](Nc1ncc(Cl)cn1)C[C@H](C)N2C(C)=O,7.05,2,0.0707106781186545,7.0,7.1,2022,2022,1,2,c1cnc(NC2CCNc3ccccc32)nc1,0.09999999999999964
CCNC(=O)c1cccc(Cn2c(C)cc3c2ccc2nnc(C)n23)c1,5.76,2,0.7071067811865476,5.26,6.26,2017,2019,2,2,c1ccc(Cn2ccc3c2ccc2nncn23)cc1,1.0
CCNC(=O)c1cccc(Nc2nn(CC3CC3)c3c2CN(C(C)=O)CC3)c1,5.11,1,0.0,5.11,5.11,2016,2016,1,1,c1ccc(Nc2nn(CC3CC3)c3c2CNCC3)cc1,0.0
CCNC(=O)c1cccn(Cc2ccccc2)c1=O,4.8,1,0.0,4.8,4.8,2020,2020,1,1,O=c1ccccn1Cc1ccccc1,0.0
CCNC(=O)c1cn(C)c(=O)c2ccccc12,4.31,1,0.0,4.31,4.31,2018,2018,1,1,O=c1[nH]ccc2ccccc12,0.0
CCNS(=O)(=O)c1ccc(C2CC(=O)N(C)C2)cc1,3.6,1,0.0,3.6,3.6,2020,2020,1,1,O=C1CC(c2ccccc2)CN1,0.0
CCNS(=O)(=O)c1ccc2c(c1)CN(C)C(=O)N2,5.72,1,0.0,5.72,5.72,2012,2012,1,1,O=C1NCc2ccccc2N1,0.0
CCNS(=O)(=O)c1cccc(-c2cn(C)c(=O)c3cc(F)ccc23)c1,5.56,1,0.0,5.56,5.56,2018,2018,1,1,O=c1[nH]cc(-c2ccccc2)c2ccccc12,0.0
CCNS(=O)(=O)c1cccc(-c2cn(C)c(=O)c3ccccc23)c1,5.855,2,0.4171930009000639,5.56,6.15,2018,2018,2,2,O=c1[nH]cc(-c2ccccc2)c2ccccc12,0.5900000000000007
CCNS(=O)(=O)c1cccc(-c2cn(C)c(=O)c3ccncc23)c1,5.56,1,0.0,5.56,5.56,2018,2018,1,1,O=c1[nH]cc(-c2ccccc2)c2cnccc12,0.0
CCNS(=O)(=O)c1cccc(-c2cn(C)c(=O)c3cnccc23)c1,5.56,1,0.0,5.56,5.56,2018,2018,1,1,O=c1[nH]cc(-c2ccccc2)c2ccncc12,0.0
CCNS(O)(O)c1cccc(-c2cn(C)c(=O)c3cc(F)ccc23)c1,5.56,1,0.0,5.56,5.56,2021,2021,1,1,O=c1[nH]cc(-c2ccccc2)c2ccccc12,0.0
CCNS(O)(O)c1cccc(-c2cn(C)c(=O)c3ccc(F)cc23)c1,5.56,1,0.0,5.56,5.56,2018,2018,1,1,O=c1[nH]cc(-c2ccccc2)c2ccccc12,0.0
CCNS(O)(O)c1cccc(-c2cn(C)c(=O)c3ccccc23)c1,5.56,1,0.0,5.56,5.56,2021,2021,1,1,O=c1[nH]cc(-c2ccccc2)c2ccccc12,0.0
CCNS(O)(O)c1cccc(-c2cn(C)c(=O)c3ccncc23)c1,5.56,1,0.0,5.56,5.56,2021,2021,1,1,O=c1[nH]cc(-c2ccccc2)c2cnccc12,0.0
CCNS(O)(O)c1cccc(-c2cn(C)c(=O)c3cnccc23)c1,5.56,1,0.0,5.56,5.56,2021,2021,1,1,O=c1[nH]cc(-c2ccccc2)c2ccncc12,0.0
CCNc1cc(-c2ccc(OC)c(NS(C)(=O)=O)c2)cn(C)c1=O,5.56,1,0.0,5.56,5.56,2018,2018,1,1,O=c1ccc(-c2ccccc2)c[nH]1,0.0
CCNc1cc(-c2ccc(OC)c(N[S+](C)[O-])c2)cn(C)c1=O,5.56,1,0.0,5.56,5.56,2021,2021,1,1,O=c1ccc(-c2ccccc2)c[nH]1,0.0
CCNc1cc(-c2ccc3cnn(Cc4cc(OC)cc(OC)c4)c3c2)cn(C)c1=O,5.74,1,0.0,5.74,5.74,2019,2019,1,1,O=c1ccc(-c2ccc3cnn(Cc4ccccc4)c3c2)c[nH]1,0.0
CCNc1cc(-c2ccc3cnn(Cc4ccc(F)cc4)c3c2)cn(C)c1=O,5.65,1,0.0,5.65,5.65,2019,2019,1,1,O=c1ccc(-c2ccc3cnn(Cc4ccccc4)c3c2)c[nH]1,0.0
CCNc1nc(-c2nc3cnc(N4CCN(C)CC4)cc3n2Cc2ccccc2)cn2c(C)nnc12,7.77,1,0.0,7.77,7.77,2019,2019,1,1,c1ccc(Cn2c(-c3cn4cnnc4cn3)nc3cnc(N4CCNCC4)cc32)cc1,0.0
CCOC(=O)/C=C/c1cc(-c2c(C)noc2C)c2c3c1[nH]c(=O)n3[C@@H](c1ccccn1)CO2,6.26,1,0.0,6.26,6.26,2017,2017,1,1,O=c1[nH]c2ccc(-c3cnoc3)c3c2n1C(c1ccccn1)CO3,0.0
CCOC(=O)C(C)N(Cc1ccc(-c2c(C)noc2C)cc1)C(=O)c1ccc(OC)cc1,4.79,1,0.0,4.79,4.79,2014,2014,1,1,O=C(NCc1ccc(-c2cnoc2)cc1)c1ccccc1,0.0
CCOC(=O)C1CCCN(Cc2ccc(O)c3ncccc23)C1,6.13,1,0.0,6.13,6.13,2019,2019,1,1,c1cc(CN2CCCCC2)c2cccnc2c1,0.0
CCOC(=O)C1Oc2c(-c3c(C)noc3C)ccc3[nH]c(=O)n(c23)C1c1ccccn1,6.26,1,0.0,6.26,6.26,2017,2017,1,1,O=c1[nH]c2ccc(-c3cnoc3)c3c2n1C(c1ccccn1)CO3,0.0
CCOC(=O)CC(=O)NCCCCNc1nc2cc(OC)ccc2n2c(C)nnc12,7.39,1,0.0,7.39,7.39,2021,2021,1,1,c1ccc2c(c1)ncc1nncn12,0.0
CCOC(=O)CC(=O)NCCCCNc1nc2cc(OCCOC)ccc2n2c(C)nnc12,7.47,1,0.0,7.47,7.47,2021,2021,1,1,c1ccc2c(c1)ncc1nncn12,0.0
CCOC(=O)CC1(c2ccccc2)C(=O)Nc2ccc(-c3c(C)noc3C)cc21,6.36,2,0.0,6.36,6.36,2016,2016,1,2,O=C1Nc2ccc(-c3cnoc3)cc2C1c1ccccc1,0.0
CCOC(=O)CC1N=C(C(F)(F)F)c2cc(OC)ccc2-c2cn(C)c(=O)cc21,6.91,1,0.0,6.91,6.91,2020,2020,1,1,O=c1cc2c(c[nH]1)-c1ccccc1C=NC2,0.0
CCOC(=O)CC1N=C(C)c2cc(OC)ccc2-c2cn(C)c(=O)cc21,6.75,1,0.0,6.75,6.75,2020,2020,1,1,O=c1cc2c(c[nH]1)-c1ccccc1C=NC2,0.0
CCOC(=O)CC1N=C(c2c(F)cccc2F)c2cc(OC)ccc2-c2cn(C)c(=O)cc21,9.0,1,0.0,9.0,9.0,2020,2020,1,1,O=c1cc2c(c[nH]1)-c1ccccc1C(c1ccccc1)=NC2,0.0
CCOC(=O)CC1N=C(c2ccc(Cl)cc2)c2c(cnn2C)-c2cn(C)c(=O)cc21,8.0,1,0.0,8.0,8.0,2020,2020,1,1,O=c1cc2c(c[nH]1)-c1cn[nH]c1C(c1ccccc1)=NC2,0.0
CCOC(=O)CC1N=C(c2ccc(Cl)cc2)c2nc(C)sc2-c2cn(C)c(=O)cc21,6.85,1,0.0,6.85,6.85,2020,2020,1,1,O=c1cc2c(c[nH]1)-c1scnc1C(c1ccccc1)=NC2,0.0
CCOC(=O)CC1OC(C2CCCCC2)c2cc(OC)ccc2-c2cn(C)c(=O)cc21,8.0,1,0.0,8.0,8.0,2020,2020,1,1,O=c1cc2c(c[nH]1)-c1ccccc1C(C1CCCCC1)OC2,0.0
CCOC(=O)CC1OC(c2ccc(Cl)cc2)c2cc(OC)ccc2-c2cn(C)c(=O)cc21,7.62,1,0.0,7.62,7.62,2020,2020,1,1,O=c1cc2c(c[nH]1)-c1ccccc1C(c1ccccc1)OC2,0.0
CCOC(=O)CN1CCN(C2(c3ccccc3)C(=O)Nc3ccc(-c4c(C)noc4C)cc32)CC1,7.27,2,0.0,7.27,7.27,2016,2016,1,2,O=C1Nc2ccc(-c3cnoc3)cc2C1(c1ccccc1)N1CCNCC1,0.0
CCOC(=O)CNc1c(-c2ccc(-c3c(C)noc3C)cc2)nc2cnccn12,5.34,1,0.0,5.34,5.34,2014,2014,1,1,c1cn2cc(-c3ccc(-c4cnoc4)cc3)nc2cn1,0.0
CCOC(=O)Cn1ncc2ccc(-c3cc(NC)c(=O)n(C)c3)cc21,5.72,1,0.0,5.72,5.72,2019,2019,1,1,O=c1ccc(-c2ccc3cn[nH]c3c2)c[nH]1,0.0
CCOC(=O)N1CC(n2cc(C)c3c2C(c2ccc(Cl)cc2)N(c2cc(C)c4nnc(C)n4c2)C3=O)C1,7.75,1,0.0,7.75,7.75,2017,2017,1,1,O=C1c2ccn(C3CNC3)c2C(c2ccccc2)N1c1ccc2nncn2c1,0.0
CCOC(=O)N1CC(n2nc(C)c3c2C(=O)N(c2cc(C)c(=O)n(C)c2)C3c2ccc(Cl)cc2)C1,7.06,1,0.0,7.06,7.06,2015,2015,1,1,O=C1c2c(cnn2C2CNC2)C(c2ccccc2)N1c1ccc(=O)[nH]c1,0.0
CCOC(=O)N1CC(n2nc(C)c3c2C(=O)N(c2cc(C)c4nnc(C)n4c2)C3c2ccc(Cl)cc2)C1,7.31,1,0.0,7.31,7.31,2015,2015,1,1,O=C1c2c(cnn2C2CNC2)C(c2ccccc2)N1c1ccc2nncn2c1,0.0
CCOC(=O)N1CC=C(c2nc3c(n2C(C)C)C(c2ccc(Cl)cc2)N(c2cc(C)c4nnc(C)n4c2)C3=O)CC1,7.76,1,0.0,7.76,7.76,2018,2018,1,1,O=C1c2nc(C3=CCNCC3)[nH]c2C(c2ccccc2)N1c1ccc2nncn2c1,0.0
CCOC(=O)NC1N=C(c2ccc(Cl)cc2)c2ccccc2-n2c(C)nnc21,6.1,1,0.0,6.1,6.1,2013,2013,1,1,c1ccc(C2=NCc3nncn3-c3ccccc32)cc1,0.0
CCOC(=O)NC1N=C(c2ccccc2)c2ccccc2-n2c(C)nnc21,6.1,1,0.0,6.1,6.1,2013,2013,1,1,c1ccc(C2=NCc3nncn3-c3ccccc32)cc1,0.0
CCOC(=O)NCCCCNc1nc2cc(OC)c(OC)cc2n2c(C)nnc12,7.25,1,0.0,7.25,7.25,2021,2021,1,1,c1ccc2c(c1)ncc1nncn12,0.0
CCOC(=O)NCc1cccc(Nc2nc3ccccc3n3c(C)nnc23)c1,6.8,1,0.0,6.8,6.8,2017,2017,1,1,c1ccc(Nc2nc3ccccc3n3cnnc23)cc1,0.0
CCOC(=O)N[C@@H]1N=C(c2ccccc2)c2ccccc2-n2c(C)nnc21,6.4,1,0.0,6.4,6.4,2013,2013,1,1,c1ccc(C2=NCc3nncn3-c3ccccc32)cc1,0.0
CCOC(=O)N[C@H]1N=C(c2ccccc2)c2ccccc2-n2c(C)nnc21,4.0,1,0.0,4.0,4.0,2013,2013,1,1,c1ccc(C2=NCc3nncn3-c3ccccc32)cc1,0.0
CCOC(=O)Nc1cc(N2C(=O)c3c(C4CC4)nn(C)c3C2c2ccc(Cl)cc2)cn2c(C)nnc12,7.64,1,0.0,7.64,7.64,2017,2017,1,1,O=C1c2c(C3CC3)n[nH]c2C(c2ccccc2)N1c1ccc2nncn2c1,0.0
CCOC(=O)Nc1cn(C)c2c1C(=O)N(c1cc(C)c3nnn(C)c3n1)C2c1ccc(Cl)cc1,7.46,1,0.0,7.46,7.46,2017,2017,1,1,O=C1c2cc[nH]c2C(c2ccccc2)N1c1ccc2nn[nH]c2n1,0.0
CCOC(=O)c1ccc(-c2csc3c(=O)cc(N4CCOCC4)oc23)cc1,6.38,2,0.2545584412271567,6.2,6.56,2016,2016,1,2,O=c1cc(N2CCOCC2)oc2c(-c3ccccc3)csc12,0.35999999999999943
CCOC(=O)c1cnc(Nc2ccc(N3CCN(C)CC3)cc2)nc1Nc1ccc(Cl)c(OC)c1,4.75,1,0.0,4.75,4.75,2023,2023,1,1,c1ccc(Nc2ccnc(Nc3ccc(N4CCNCC4)cc3)n2)cc1,0.0
CCOC(=O)c1cnc(Nc2ccc(N3CCN(C)CC3)cc2)nc1Nc1cccc(NS(=O)(=O)C(C)(C)C)c1,5.8,1,0.0,5.8,5.8,2023,2023,1,1,c1ccc(Nc2ccnc(Nc3ccc(N4CCNCC4)cc3)n2)cc1,0.0
CCOC(=O)n1c(-c2cccnc2OC)c(C)c2c1C(c1ccc(Cl)cc1)N(c1cc(C)c3nnc(C)n3c1)C2=O,7.96,1,0.0,7.96,7.96,2017,2017,1,1,O=C1c2cc(-c3cccnc3)[nH]c2C(c2ccccc2)N1c1ccc2nncn2c1,0.0
CCOC(=O)n1cc(C)c2c1C(c1ccc(Cl)cc1)N(c1cc(C)c3nnc(C)n3c1)C2=O,7.42,1,0.0,7.42,7.42,2017,2017,1,1,O=C1c2cc[nH]c2C(c2ccccc2)N1c1ccc2nncn2c1,0.0
CCOC(=O)n1cc(C2CC2)c2c1C(c1ccc(Cl)cc1)N(c1cc(C)c3nnc(C)n3c1)C2=O,7.82,1,0.0,7.82,7.82,2017,2017,1,1,O=C1c2c(C3CC3)c[nH]c2C(c2ccccc2)N1c1ccc2nncn2c1,0.0
CCOC(=O)n1ccc2c1C(c1ccc(Cl)cc1)N(c1cc(C)c3nnc(C)n3c1)C2=O,7.6,1,0.0,7.6,7.6,2017,2017,1,1,O=C1c2cc[nH]c2C(c2ccccc2)N1c1ccc2nncn2c1,0.0
CCOC(C)(C)C(=O)NCCCCNc1nc2cc(-c3nc4ccccc4n3C)ccc2n2c(C)nnc12,7.85,1,0.0,7.85,7.85,2021,2021,1,1,c1ccc2[nH]c(-c3ccc4c(c3)ncc3nncn34)nc2c1,0.0
CCOCCn1c(-c2cccc3c2N[C@H](C)CC(=O)N3)cc2ccccc21,5.5,1,0.0,5.5,5.5,2019,2019,1,1,O=C1CCNc2c(cccc2-c2cc3ccccc3[nH]2)N1,0.0
CCOCCn1c(-c2cn3c(C)nnc3c(NC(C)C)n2)nc2cnc(N3CCOCC3)cc21,7.48,2,0.0,7.48,7.48,2016,2016,1,2,c1nc(N2CCOCC2)cc2[nH]c(-c3cn4cnnc4cn3)nc12,0.0
CCO[C@@H]1CCCC[C@@H]1Nc1cc2c(cn1)N(C)C(=O)c1ccccc1N2C,4.81,1,0.0,4.81,4.81,2021,2021,1,1,O=C1Nc2cnc(NC3CCCCC3)cc2Nc2ccccc21,0.0
CCO[C@H]1CC[C@H](Nc2cc3c(cn2)N(C)C(=O)c2ccccc2N3C)CC1,5.0,1,0.0,5.0,5.0,2021,2021,1,1,O=C1Nc2cnc(NC3CCCCC3)cc2Nc2ccccc21,0.0
CCOc1c(-c2cn(C)c(=O)c3[nH]ccc23)c(C)nc2cc(C)nn12,5.26,1,0.0,5.26,5.26,2018,2018,1,1,O=c1[nH]cc(-c2cnc3ccnn3c2)c2cc[nH]c12,0.0
CCOc1c2c(nn1C)C(=O)N(c1cc(C)c(=O)n(C)c1)C2c1ccc(Cl)cc1,6.92,1,0.0,6.92,6.92,2015,2015,1,1,O=C1c2n[nH]cc2C(c2ccccc2)N1c1ccc(=O)[nH]c1,0.0
CCOc1cc(-c2c(C)noc2C)cc(C(O)c2ccc(Cl)cc2)c1,5.58,1,0.0,5.58,5.58,2013,2013,1,1,c1ccc(Cc2cccc(-c3cnoc3)c2)cc1,0.0
CCOc1cc(-c2c(C)noc2C)cc(C(O)c2ccc(F)cc2)c1,5.82,1,0.0,5.82,5.82,2013,2013,1,1,c1ccc(Cc2cccc(-c3cnoc3)c2)cc1,0.0
CCOc1cc(-c2c(C)noc2C)cc(C(O)c2cccc(Cl)c2)c1,5.41,1,0.0,5.41,5.41,2013,2013,1,1,c1ccc(Cc2cccc(-c3cnoc3)c2)cc1,0.0
CCOc1cc(-c2c(C)noc2C)cc(C(O)c2cccc(F)c2)c1,5.77,1,0.0,5.77,5.77,2013,2013,1,1,c1ccc(Cc2cccc(-c3cnoc3)c2)cc1,0.0
CCOc1cc(-c2c(C)noc2C)cc(C(O)c2ccccc2)c1,6.19,1,0.0,6.19,6.19,2013,2013,1,1,c1ccc(Cc2cccc(-c3cnoc3)c2)cc1,0.0
CCOc1cc(=O)n(C)cc1-c1nc2cnc(C3CCOCC3)cc2n1[C@@H](C)c1ccccc1,6.73,2,0.0,6.73,6.73,2016,2016,1,2,O=c1ccc(-c2nc3cnc(C4CCOCC4)cc3n2Cc2ccccc2)c[nH]1,0.0
CCOc1cc(Nc2nc(Nc3ccc(N4CCN(C)CC4)cc3)ncc2C)ccc1Cl,6.8,1,0.0,6.8,6.8,2023,2023,1,1,c1ccc(Nc2ccnc(Nc3ccc(N4CCNCC4)cc3)n2)cc1,0.0
CCOc1cc(Nc2nc(Nc3ccc(N4CCN(C)CC4)cc3)ncc2Cl)ccc1Cl,5.89,1,0.0,5.89,5.89,2023,2023,1,1,c1ccc(Nc2ccnc(Nc3ccc(N4CCNCC4)cc3)n2)cc1,0.0
CCOc1cc2nc(NCCCCNC(=O)CC(C)C)c3nnc(C)n3c2cc1OCC,7.3,1,0.0,7.3,7.3,2021,2021,1,1,c1ccc2c(c1)ncc1nncn12,0.0
CCOc1cc2nc(NCCCCNC(=O)OC(C)(C)C)c3nnc(C)n3c2cc1OCC,8.4,1,0.0,8.4,8.4,2021,2021,1,1,c1ccc2c(c1)ncc1nncn12,0.0
CCOc1cc2nc(NCCCCNC(=O)OC(C)C)c3nnc(C)n3c2cc1OCC,7.58,1,0.0,7.58,7.58,2021,2021,1,1,c1ccc2c(c1)ncc1nncn12,0.0
CCOc1cc2nc(NCCCCNC(=O)OCC(C)C)c3nnc(C)n3c2cc1OCC,8.7,1,0.0,8.7,8.7,2021,2021,1,1,c1ccc2c(c1)ncc1nncn12,0.0
CCOc1ccc(-c2c(-c3nc4cc(N5CCN(C)CC5)ccc4[nH]3)[nH]c(C)c2C(C)=O)cc1,7.01,1,0.0,7.01,7.01,2022,2022,1,1,c1ccc(-c2cc[nH]c2-c2nc3cc(N4CCNCC4)ccc3[nH]2)cc1,0.0
CCOc1ccc(CCc2nc3cc(-c4c(C)noc4C)ccc3n2CCN2CCOCC2)cc1,5.18,1,0.0,5.18,5.18,2017,2017,1,1,c1ccc(CCc2nc3cc(-c4cnoc4)ccc3n2CCN2CCOCC2)cc1,0.0
CCOc1ccc(CCc2nc3cc(-c4c(C)noc4C)ccn3c2NC2CCCCC2)cc1,5.19,1,0.0,5.19,5.19,2021,2021,1,1,c1ccc(CCc2nc3cc(-c4cnoc4)ccn3c2NC2CCCCC2)cc1,0.0
CCOc1ccc(CN2c3nc(Nc4ccc(C(=O)NC5CCN(C)CC5)cc4OC)ncc3-n3c(C)nnc3[C@H]2CC)cc1,6.57,1,0.0,6.57,6.57,2020,2020,1,1,O=C(NC1CCNCC1)c1ccc(Nc2ncc3c(n2)N(Cc2ccccc2)Cc2nncn2-3)cc1,0.0
CCOc1ccc(CN2c3nc(Nc4ccc(C(=O)NC5CCN(C)CC5)cc4OC)ncc3-n3cnnc3[C@H]2CC)cc1,7.54,1,0.0,7.54,7.54,2020,2020,1,1,O=C(NC1CCNCC1)c1ccc(Nc2ncc3c(n2)N(Cc2ccccc2)Cc2nncn2-3)cc1,0.0
CCOc1ccc(CN2c3nc(Nc4ccc(C(=O)NN5CCN(C)CC5)cc4OC)ncc3-n3cnnc3[C@H]2CC)cc1,7.8,1,0.0,7.8,7.8,2020,2020,1,1,O=C(NN1CCNCC1)c1ccc(Nc2ncc3c(n2)N(Cc2ccccc2)Cc2nncn2-3)cc1,0.0
CCOc1ccc(S(=O)(=O)CC)cc1-c1cn(C)c(=O)c2ccc(-c3cnn(C)c3)cc12,8.3,1,0.0,8.3,8.3,2018,2018,1,1,O=c1[nH]cc(-c2ccccc2)c2cc(-c3cn[nH]c3)ccc12,0.0
CCOc1ccc(S(C)(=O)=O)cc1-c1cn(C)c(=O)c2ccc(-c3cnn(C)c3)cc12,8.05,1,0.0,8.05,8.05,2018,2018,1,1,O=c1[nH]cc(-c2ccccc2)c2cc(-c3cn[nH]c3)ccc12,0.0
CCOc1ccc2c(c1)C(c1c[nH]c(C)n1)=CN(C)C(=O)[C@@H]2C,7.800000000000001,2,0.1414213562373093,7.7,7.9,2022,2022,1,2,O=C1Cc2ccccc2C(c2c[nH]cn2)=CN1,0.20000000000000018
CCOc1ccc2c(c1)C(c1c[nH]cn1)=CN(C)C(=O)[C@@H]2C,8.0,2,0.0,8.0,8.0,2022,2022,1,2,O=C1Cc2ccccc2C(c2c[nH]cn2)=CN1,0.0
CCOc1ccc2c(c1)C(c1cc[nH]n1)=CN(C)C(=O)C2C,7.6,2,0.1414213562373093,7.5,7.7,2022,2022,1,2,O=C1Cc2ccccc2C(c2cc[nH]n2)=CN1,0.20000000000000018
CCOc1ccc2c(c1)C(c1cn(C)cn1)=CN(C)C(=O)[C@@H]2C,7.55,2,0.0707106781186545,7.5,7.6,2022,2022,1,2,O=C1Cc2ccccc2C(c2c[nH]cn2)=CN1,0.09999999999999964
CCOc1ccc2c(c1)C(c1cn[nH]c1)=CN(C)C(=O)[C@@H]2C,8.3,2,0.1414213562373109,8.2,8.4,2022,2022,1,2,O=C1Cc2ccccc2C(c2cn[nH]c2)=CN1,0.20000000000000107
CCOc1ccc2c(c1)C(c1cnn(C)c1)=CN(C)C(=O)[C@@H]2C,8.05,2,0.07071067811865513,8.0,8.1,2022,2022,1,2,O=C1Cc2ccccc2C(c2cn[nH]c2)=CN1,0.09999999999999964
CCOc1ccc2c(c1)C(n1ccnc1)=CN(C)C(=O)C2C,4.5,2,0.141421356237309,4.4,4.6,2022,2022,1,2,O=C1Cc2ccccc2C(n2ccnc2)=CN1,0.1999999999999993
CCOc1ccc2c(c1)C=CN(C)C(=O)C2C,6.15,2,0.2121320343559638,6.0,6.3,2022,2022,1,2,O=C1Cc2ccccc2C=CN1,0.2999999999999998
CCOc1ccc2c(c1)nc(NCCCCNC(=O)CC(C)C)c1nnc(C)n12,7.8,1,0.0,7.8,7.8,2021,2021,1,1,c1ccc2c(c1)ncc1nncn12,0.0
CCOc1ccc2c(c1)nc(NCCCCNC(=O)Cc1cccs1)c1nnc(C)n12,7.92,1,0.0,7.92,7.92,2021,2021,1,1,O=C(Cc1cccs1)NCCCCNc1nc2ccccc2n2cnnc12,0.0
CCOc1ccc2c(c1)nc(NCCCCNC(=O)OC(C)(C)C)c1nnc(C)n12,8.05,1,0.0,8.05,8.05,2021,2021,1,1,c1ccc2c(c1)ncc1nncn12,0.0
CCOc1ccc2c(c1)nc(NCCCCNC(=O)OC(C)C)c1nnc(C)n12,7.89,1,0.0,7.89,7.89,2021,2021,1,1,c1ccc2c(c1)ncc1nncn12,0.0
CCOc1ccc2c(c1)nc(NCCCCNC(=O)OC1CCCC1)c1nnc(C)n12,7.89,1,0.0,7.89,7.89,2021,2021,1,1,O=C(NCCCCNc1nc2ccccc2n2cnnc12)OC1CCCC1,0.0
CCOc1ccc2c(c1)nc(NCCCCNC(=O)OCC(C)C)c1nnc(C)n12,8.0,1,0.0,8.0,8.0,2021,2021,1,1,c1ccc2c(c1)ncc1nncn12,0.0
CCOc1cccc(NC(=O)c2cccc3c2N[C@H](C)CC(=O)N3)c1,5.38,1,0.0,5.38,5.38,2019,2019,1,1,O=C1CCNc2c(cccc2C(=O)Nc2ccccc2)N1,0.0
CCOc1cccc(Nc2nc(Nc3ccc(N4CCN(C)CC4)cc3)ncc2C)c1,6.47,1,0.0,6.47,6.47,2023,2023,1,1,c1ccc(Nc2ccnc(Nc3ccc(N4CCNCC4)cc3)n2)cc1,0.0
CCOc1cccc(Nc2nc(Nc3ccc(N4CCN(C)CC4)cc3)ncc2Cl)c1,6.1,1,0.0,6.1,6.1,2023,2023,1,1,c1ccc(Nc2ccnc(Nc3ccc(N4CCNCC4)cc3)n2)cc1,0.0
CCOc1ncccc1-n1nc(C)c2c1C(c1ccc(Cl)cc1)N(c1cc(C)c(=O)n(C)c1)C2=O,7.1,1,0.0,7.1,7.1,2017,2017,1,1,O=C1c2cnn(-c3cccnc3)c2C(c2ccccc2)N1c1ccc(=O)[nH]c1,0.0
CCOc1ncccc1-n1nc(C)c2c1[C@@H](c1ccc(Cl)cc1)N(c1cc(C)c(=O)n(C)c1)C2=O,7.39,1,0.0,7.39,7.39,2017,2017,1,1,O=C1c2cnn(-c3cccnc3)c2C(c2ccccc2)N1c1ccc(=O)[nH]c1,0.0
CCS(=O)(=O)Cc1cc(-c2cc(C)c(=O)n(C)c2)cc2c1[nH]c(=O)n2Cc1ccccc1,8.38,1,0.0,8.38,8.38,2023,2023,1,1,O=c1ccc(-c2ccc3[nH]c(=O)n(Cc4ccccc4)c3c2)c[nH]1,0.0
CCS(=O)(=O)Cc1cc(-c2cc(C)c(=O)n(C)c2)cc2c1n(C)c(=O)n2Cc1ccccc1,8.32,1,0.0,8.32,8.32,2023,2023,1,1,O=c1ccc(-c2ccc3[nH]c(=O)n(Cc4ccccc4)c3c2)c[nH]1,0.0
CCS(=O)(=O)Cc1ccc(OCC(F)(F)F)c(-c2cc(C)c(=O)n(CCO)c2)c1,5.56,1,0.0,5.56,5.56,2018,2018,1,1,O=c1ccc(-c2ccccc2)c[nH]1,0.0
CCS(=O)(=O)Cc1ccc(OCC(F)(F)F)c(-c2cn(C)c(=O)c3cncn23)c1,5.56,1,0.0,5.56,5.56,2018,2018,1,1,O=c1[nH]cc(-c2ccccc2)n2cncc12,0.0
CCS(=O)(=O)Cc1ccc(Oc2ccc(F)cc2F)c(-c2ccc3[nH]c(=O)c(C)nc3c2)c1,6.11,1,0.0,6.11,6.11,2023,2023,1,1,O=c1cnc2cc(-c3ccccc3Oc3ccccc3)ccc2[nH]1,0.0
CCS(=O)(=O)Cc1ccc(Oc2ccc(F)cc2F)c(-c2cn(C)c(=O)c3cc(-c4cc(C)c(OCCO)c(C)c4)oc23)c1,9.370000000000001,2,0.15556349186104154,9.26,9.48,2022,2022,1,2,O=c1[nH]cc(-c2ccccc2Oc2ccccc2)c2oc(-c3ccccc3)cc12,0.22000000000000064
CCS(=O)(=O)Cc1cnc(OC2CCC(F)(F)CC2)c(-c2cc(C)c3c(=O)[nH]ccn23)c1,7.68,1,0.0,7.68,7.68,2022,2022,1,1,O=c1[nH]ccn2c(-c3cccnc3OC3CCCCC3)ccc12,0.0
CCS(=O)(=O)Cc1cnc(Oc2ccc(F)cc2F)c(-c2cc(C)c3c(=O)[nH]ccn23)c1,7.85,1,0.0,7.85,7.85,2022,2022,1,1,O=c1[nH]ccn2c(-c3cccnc3Oc3ccccc3)ccc12,0.0
CCS(=O)(=O)N1CCN(c2ccc3[nH]c(-c4[nH]c(C)c(C(C)=O)c4C)nc3c2)CC1,6.49,1,0.0,6.49,6.49,2022,2022,1,1,c1c[nH]c(-c2nc3cc(N4CCNCC4)ccc3[nH]2)c1,0.0
CCS(=O)(=O)NCc1cc(-c2cc(C)c(=O)n(C)c2)cc2c1[nH]c(=O)n2Cc1ccccc1,7.92,1,0.0,7.92,7.92,2023,2023,1,1,O=c1ccc(-c2ccc3[nH]c(=O)n(Cc4ccccc4)c3c2)c[nH]1,0.0
CCS(=O)(=O)NCc1cc(-c2cc(C)c(=O)n(C)c2)cc2c1n(C)c(=O)n2Cc1ccccc1,7.41,1,0.0,7.41,7.41,2023,2023,1,1,O=c1ccc(-c2ccc3[nH]c(=O)n(Cc4ccccc4)c3c2)c[nH]1,0.0
CCS(=O)(=O)Nc1cc(-c2cc(C)c(=O)n(C)c2)cc2c1[nH]c(=O)n2Cc1ccccc1,7.72,1,0.0,7.72,7.72,2023,2023,1,1,O=c1ccc(-c2ccc3[nH]c(=O)n(Cc4ccccc4)c3c2)c[nH]1,0.0
CCS(=O)(=O)Nc1cc(-c2cc(C)c(=O)n(C)c2)nc(Oc2ccc(F)cc2F)n1,5.56,1,0.0,5.56,5.56,2018,2018,1,1,O=c1ccc(-c2ccnc(Oc3ccccc3)n2)c[nH]1,0.0
CCS(=O)(=O)Nc1cc(-c2cn(C)c(=O)c3[nH]ccc23)cc2c1nc(C)n2Cc1ccc(Cl)cc1,9.2,2,0.2828427124746199,9.0,9.4,2022,2022,1,2,O=c1[nH]cc(-c2ccc3ncn(Cc4ccccc4)c3c2)c2cc[nH]c12,0.40000000000000036
CCS(=O)(=O)Nc1cc(-c2cn(C)c(=O)c3[nH]ccc23)nc2c1nc(C)n2Cc1ccc(F)cc1F,9.13,2,0.24041630560342606,8.96,9.3,2022,2022,1,2,O=c1[nH]cc(-c2ccc3ncn(Cc4ccccc4)c3n2)c2cc[nH]c12,0.33999999999999986
CCS(=O)(=O)Nc1cc(-c2cn(C)c(=O)c3[nH]ccc23)nc2c1ncn2C(C)c1ccc(Cl)cc1,6.7,2,0.0,6.7,6.7,2022,2022,1,2,O=c1[nH]cc(-c2ccc3ncn(Cc4ccccc4)c3n2)c2cc[nH]c12,0.0
CCS(=O)(=O)Nc1cc(-c2cn(C)c(=O)c3[nH]ccc23)nc2c1ncn2Cc1cc(F)cc(F)c1,8.905000000000001,2,0.021213203435595344,8.89,8.92,2022,2022,1,2,O=c1[nH]cc(-c2ccc3ncn(Cc4ccccc4)c3n2)c2cc[nH]c12,0.02999999999999936
CCS(=O)(=O)Nc1cc(-c2cn(C)c(=O)c3[nH]ccc23)nc2c1ncn2Cc1ccc(C(F)(F)F)cc1,9.05,2,0.3535533905932738,8.8,9.3,2022,2022,1,2,O=c1[nH]cc(-c2ccc3ncn(Cc4ccccc4)c3n2)c2cc[nH]c12,0.5
CCS(=O)(=O)Nc1cc(-c2cn(C)c(=O)c3[nH]ccc23)nc2c1ncn2Cc1ccc(F)cc1F,9.11,2,0.26870057685088927,8.92,9.3,2022,2022,1,2,O=c1[nH]cc(-c2ccc3ncn(Cc4ccccc4)c3n2)c2cc[nH]c12,0.3800000000000008
CCS(=O)(=O)Nc1cc(Nc2nc(Nc3ccc(N4CCN(C)CC4)cc3)ncc2C)ccc1Cl,6.84,1,0.0,6.84,6.84,2023,2023,1,1,c1ccc(Nc2ccnc(Nc3ccc(N4CCNCC4)cc3)n2)cc1,0.0
CCS(=O)(=O)Nc1ccc(NC(C)C)nc1Nc1ccc2[nH]nnc2c1,5.35,1,0.0,5.35,5.35,2022,2022,1,1,c1ccc(Nc2ccc3[nH]nnc3c2)nc1,0.0
CCS(=O)(=O)Nc1ccc(Oc2c(C)cc(F)cc2C)c(-c2cn(C)c(=O)c3cc(-c4cc(C)c(OCCO)c(C)c4)oc23)c1,8.645,2,0.6434671708797584,8.19,9.1,2022,2022,1,2,O=c1[nH]cc(-c2ccccc2Oc2ccccc2)c2oc(-c3ccccc3)cc12,0.9100000000000001
CCS(=O)(=O)Nc1ccc(Oc2c(C)cc(F)cc2C)c(-c2cn(C)c(=O)c3sc(-c4nc5ccccc5[nH]4)cc23)c1,6.84,1,0.0,6.84,6.84,2023,2023,1,1,O=c1[nH]cc(-c2ccccc2Oc2ccccc2)c2cc(-c3nc4ccccc4[nH]3)sc12,0.0
CCS(=O)(=O)Nc1ccc(Oc2c(C)cccc2C)c(-c2cn(C)c(=O)c3cc(-c4cc(C)c(OCCO)c(C)c4)oc23)c1,8.555,2,0.4737615433949874,8.22,8.89,2022,2022,1,2,O=c1[nH]cc(-c2ccccc2Oc2ccccc2)c2oc(-c3ccccc3)cc12,0.6699999999999999
CCS(=O)(=O)Nc1ccc(Oc2c(F)cc(F)cc2F)c(-c2cn(C)c(=O)c3cc(-c4cc(C)c(OCCO)c(C)c4)oc23)c1,9.34,2,0.042426406871191945,9.31,9.37,2022,2022,1,2,O=c1[nH]cc(-c2ccccc2Oc2ccccc2)c2oc(-c3ccccc3)cc12,0.05999999999999872
CCS(=O)(=O)Nc1ccc(Oc2c(OC)cccc2OC)c(-c2cn(C)c(=O)c3cc(-c4cc(C)c(OCCO)c(C)c4)oc23)c1,8.355,2,0.4879036790187168,8.01,8.7,2022,2022,1,2,O=c1[nH]cc(-c2ccccc2Oc2ccccc2)c2oc(-c3ccccc3)cc12,0.6899999999999995
CCS(=O)(=O)Nc1ccc(Oc2cc(C)ccc2F)c(-c2cn(C)c(=O)c3cncn23)c1,7.51,2,0.24041630560342606,7.34,7.68,2019,2019,1,2,O=c1[nH]cc(-c2ccccc2Oc2ccccc2)n2cncc12,0.33999999999999986
CCS(=O)(=O)Nc1ccc(Oc2cc(F)c(F)c(F)c2)c(-c2cn(C)c(=O)c3cncn23)c1,7.095,2,0.34648232278140845,6.85,7.34,2019,2019,1,2,O=c1[nH]cc(-c2ccccc2Oc2ccccc2)n2cncc12,0.4900000000000002
CCS(=O)(=O)Nc1ccc(Oc2cc(F)ccc2C)c(-c2cn(C)c(=O)c3cncn23)c1,7.5649999999999995,2,0.134350288425444,7.47,7.66,2019,2019,1,2,O=c1[nH]cc(-c2ccccc2Oc2ccccc2)n2cncc12,0.1900000000000004
CCS(=O)(=O)Nc1ccc(Oc2ccc(-c3c(C)noc3C)cc2)c(-c2cn(C)c(=O)c3cncn23)c1,7.245,2,0.07778174593051983,7.19,7.3,2019,2019,1,2,O=c1[nH]cc(-c2ccccc2Oc2ccc(-c3cnoc3)cc2)n2cncc12,0.10999999999999943
CCS(=O)(=O)Nc1ccc(Oc2ccc(C(C)C)cc2)c(-c2cn(C)c(=O)c3cncn23)c1,7.375,2,0.09192388155425173,7.31,7.44,2019,2019,1,2,O=c1[nH]cc(-c2ccccc2Oc2ccccc2)n2cncc12,0.13000000000000078
CCS(=O)(=O)Nc1ccc(Oc2ccc(F)cc2)c(-c2cn(C)c(=O)c3cncn23)c1,7.529999999999999,2,0.01414213562373159,7.52,7.54,2019,2019,1,2,O=c1[nH]cc(-c2ccccc2Oc2ccccc2)n2cncc12,0.020000000000000462
CCS(=O)(=O)Nc1ccc(Oc2ccc(F)cc2F)c(-c2cc(C)c3c(=O)[nH]ccn23)c1,6.64,1,0.0,6.64,6.64,2022,2022,1,1,O=c1[nH]ccn2c(-c3ccccc3Oc3ccccc3)ccc12,0.0
CCS(=O)(=O)Nc1ccc(Oc2ccc(F)cc2F)c(-c2ccc3[nH]c(=O)c(C)nc3c2)c1,7.32,1,0.0,7.32,7.32,2023,2023,1,1,O=c1cnc2cc(-c3ccccc3Oc3ccccc3)ccc2[nH]1,0.0
CCS(=O)(=O)Nc1ccc(Oc2ccc(F)cc2F)c(-c2cn(C)c(=O)c3c2CNCC3)c1,5.56,1,0.0,5.56,5.56,2018,2018,1,1,O=c1[nH]cc(-c2ccccc2Oc2ccccc2)c2c1CCNC2,0.0
CCS(=O)(=O)Nc1ccc(Oc2ccc(F)cc2F)c(-c2cn(C)c(=O)c3cc(-c4cc(C)c(CCCO)c(C)c4)oc23)c1,9.225000000000001,2,0.1202081528017124,9.14,9.31,2022,2022,1,2,O=c1[nH]cc(-c2ccccc2Oc2ccccc2)c2oc(-c3ccccc3)cc12,0.16999999999999993
CCS(=O)(=O)Nc1ccc(Oc2ccc(F)cc2F)c(-c2cn(C)c(=O)c3cc(-c4cc(C)c(OCCO)c(C)c4)oc23)c1,9.235,2,0.021213203435595344,9.22,9.25,2022,2022,1,2,O=c1[nH]cc(-c2ccccc2Oc2ccccc2)c2oc(-c3ccccc3)cc12,0.02999999999999936
CCS(=O)(=O)Nc1ccc(Oc2ccc(F)cc2F)c(-c2cn(C)c(=O)c3cc(-c4cc(C)cc(C)c4)oc23)c1,8.32,2,0.15556349186103965,8.21,8.43,2022,2022,1,2,O=c1[nH]cc(-c2ccccc2Oc2ccccc2)c2oc(-c3ccccc3)cc12,0.21999999999999886
CCS(=O)(=O)Nc1ccc(Oc2ccc(F)cc2F)c(-c2cn(C)c(=O)c3cc(-c4ccc(CCCO)cc4)oc23)c1,9.254999999999999,2,0.19091883092036943,9.12,9.39,2022,2022,1,2,O=c1[nH]cc(-c2ccccc2Oc2ccccc2)c2oc(-c3ccccc3)cc12,0.27000000000000135
CCS(=O)(=O)Nc1ccc(Oc2ccc(F)cc2F)c(-c2cn(C)c(=O)c3cc(-c4ccc(OCCO)cc4)oc23)c1,9.23,2,0.028284271247461298,9.21,9.25,2022,2022,1,2,O=c1[nH]cc(-c2ccccc2Oc2ccccc2)c2oc(-c3ccccc3)cc12,0.03999999999999915
CCS(=O)(=O)Nc1ccc(Oc2ccc(F)cc2F)c(-c2cn(C)c(=O)c3cc(-c4ccccc4)oc23)c1,8.719999999999999,2,0.1414213562373109,8.62,8.82,2022,2022,1,2,O=c1[nH]cc(-c2ccccc2Oc2ccccc2)c2oc(-c3ccccc3)cc12,0.20000000000000107
CCS(=O)(=O)Nc1ccc(Oc2ccc(F)cc2F)c(-c2cn(C)c(=O)c3cc(-c4cnc(C(C)C)[nH]4)oc23)c1,9.145,2,0.1767766952966369,9.02,9.27,2022,2022,1,2,O=c1[nH]cc(-c2ccccc2Oc2ccccc2)c2oc(-c3cnc[nH]3)cc12,0.25
CCS(=O)(=O)Nc1ccc(Oc2ccc(F)cc2F)c(-c2cn(C)c(=O)c3cc(-c4cnc(C)[nH]4)oc23)c1,9.2,2,0.1131370849898477,9.12,9.28,2022,2022,1,2,O=c1[nH]cc(-c2ccccc2Oc2ccccc2)c2oc(-c3cnc[nH]3)cc12,0.16000000000000014
CCS(=O)(=O)Nc1ccc(Oc2ccc(F)cc2F)c(-c2cn(C)c(=O)c3cc(-c4cnc(C5CC5)[nH]4)oc23)c1,9.31,2,0.2262741699796954,9.15,9.47,2022,2022,1,2,O=c1[nH]cc(-c2ccccc2Oc2ccccc2)c2oc(-c3cnc(C4CC4)[nH]3)cc12,0.3200000000000003
CCS(=O)(=O)Nc1ccc(Oc2ccc(F)cc2F)c(-c2cn(C)c(=O)c3cc(-c4cnc(C5CCC5)[nH]4)oc23)c1,8.864999999999998,2,0.23334523779156136,8.7,9.03,2022,2022,1,2,O=c1[nH]cc(-c2ccccc2Oc2ccccc2)c2oc(-c3cnc(C4CCC4)[nH]3)cc12,0.33000000000000007
CCS(=O)(=O)Nc1ccc(Oc2ccc(F)cc2F)c(-c2cn(C)c(=O)c3cc(-c4cnc(C5CCCC5)[nH]4)oc23)c1,8.715,2,0.4596194077712549,8.39,9.04,2022,2022,1,2,O=c1[nH]cc(-c2ccccc2Oc2ccccc2)c2oc(-c3cnc(C4CCCC4)[nH]3)cc12,0.6499999999999986
CCS(=O)(=O)Nc1ccc(Oc2ccc(F)cc2F)c(-c2cn(C)c(=O)c3cc(-c4cnc[nH]4)oc23)c1,9.105,2,0.26162950903902144,8.92,9.29,2022,2022,1,2,O=c1[nH]cc(-c2ccccc2Oc2ccccc2)c2oc(-c3cnc[nH]3)cc12,0.3699999999999992
CCS(=O)(=O)Nc1ccc(Oc2ccc(F)cc2F)c(-c2cn(C)c(=O)c3ccsc23)c1,7.98,2,0.2262741699796954,7.82,8.14,2023,2023,1,2,O=c1[nH]cc(-c2ccccc2Oc2ccccc2)c2sccc12,0.3200000000000003
CCS(=O)(=O)Nc1ccc(Oc2ccc(F)cc2F)c(-c2cn(C)c(=O)c3cncn23)c1,7.54,2,0.08485281374238515,7.48,7.6,2019,2019,1,2,O=c1[nH]cc(-c2ccccc2Oc2ccccc2)n2cncc12,0.11999999999999922
CCS(=O)(=O)Nc1ccc(Oc2ccc(F)cc2F)c(-c2cn(C)c(=O)c3sc(-c4nc5ccccc5o4)cc23)c1,6.85,2,0.19798989873223316,6.71,6.99,2023,2023,1,2,O=c1[nH]cc(-c2ccccc2Oc2ccccc2)c2cc(-c3nc4ccccc4o3)sc12,0.28000000000000025
CCS(=O)(=O)Nc1ccc(Oc2ccc(F)cc2F)c(-c2cn(C)c(=O)cc2OCc2ccccc2)c1,9.04,1,0.0,9.04,9.04,2022,2022,1,1,O=c1cc(OCc2ccccc2)c(-c2ccccc2Oc2ccccc2)c[nH]1,0.0
CCS(=O)(=O)Nc1ccc(Oc2ccc(F)cc2F)c(-n2cc(Cl)c(=O)c3ccccc32)c1,8.0,2,0.4242640687119292,7.7,8.3,2021,2021,1,2,O=c1ccn(-c2ccccc2Oc2ccccc2)c2ccccc12,0.6000000000000005
CCS(=O)(=O)Nc1ccc(Oc2cccc(-c3c(C)noc3C)c2)c(-c2cn(C)c(=O)c3cncn23)c1,7.0649999999999995,2,0.03535533905932756,7.04,7.09,2019,2019,1,2,O=c1[nH]cc(-c2ccccc2Oc2cccc(-c3cnoc3)c2)n2cncc12,0.04999999999999982
CCS(=O)(=O)Nc1cccc(-c2cc(C)c(=O)n(C)c2)c1,5.56,1,0.0,5.56,5.56,2021,2021,1,1,O=c1ccc(-c2ccccc2)c[nH]1,0.0
CCS(=O)(=O)Nc1cccc(-c2cc(C)c(=O)n(C)n2)c1,5.56,1,0.0,5.56,5.56,2018,2018,1,1,O=c1ccc(-c2ccccc2)n[nH]1,0.0
CCS(=O)(=O)Nc1cccc(-c2cn(C)c(=O)c3ccc(-c4ccccc4)cc23)c1,5.56,1,0.0,5.56,5.56,2018,2018,1,1,O=c1[nH]cc(-c2ccccc2)c2cc(-c3ccccc3)ccc12,0.0
CCS(=O)(=O)Nc1cccc(-c2cn(C)c(=O)c3ccc(-c4ccccn4)cc23)c1,5.56,1,0.0,5.56,5.56,2018,2018,1,1,O=c1[nH]cc(-c2ccccc2)c2cc(-c3ccccn3)ccc12,0.0
CCS(=O)(=O)Nc1cccc(-c2cn(C)c(=O)c3ccccc23)c1,6.8,1,0.0,6.8,6.8,2018,2018,1,1,O=c1[nH]cc(-c2ccccc2)c2ccccc12,0.0
CCS(=O)(=O)Nc1cccc(-c2cn(C)c(=O)c3ccncc23)c1,5.56,1,0.0,5.56,5.56,2018,2018,1,1,O=c1[nH]cc(-c2ccccc2)c2cnccc12,0.0
CCS(=O)(=O)Nc1cccc(-c2cn(C)c(=O)c3cnccc23)c1,5.56,1,0.0,5.56,5.56,2018,2018,1,1,O=c1[nH]cc(-c2ccccc2)c2ccncc12,0.0
CCS(=O)(=O)Nc1nc(Oc2ccc(F)cc2F)cc(-c2cc(C)c(=O)n(C)c2)n1,5.56,1,0.0,5.56,5.56,2018,2018,1,1,O=c1ccc(-c2cc(Oc3ccccc3)ncn2)c[nH]1,0.0
CCS(=O)(=O)Nc1ncc(Oc2ccc(F)cc2F)c(-c2cc(C)c(=O)n(CC3CCC3)c2)n1,5.56,1,0.0,5.56,5.56,2018,2018,1,1,O=c1ccc(-c2ncncc2Oc2ccccc2)cn1CC1CCC1,0.0
CCS(=O)(=O)c1c(-c2cn(C)c(=O)c3[nH]ccc23)ccc2c1[nH]c(=O)n2C,5.26,1,0.0,5.26,5.26,2018,2018,1,1,O=c1[nH]c2ccc(-c3c[nH]c(=O)c4[nH]ccc34)cc2[nH]1,0.0
CCS(=O)(=O)c1cc(-c2cc(C)c(=O)n(C)c2)cc2c1[nH]c(=O)n2Cc1ccccc1,6.95,1,0.0,6.95,6.95,2023,2023,1,1,O=c1ccc(-c2ccc3[nH]c(=O)n(Cc4ccccc4)c3c2)c[nH]1,0.0
CCS(=O)(=O)c1ccc(NCC2CC2)c(-c2cn(C)c(=O)cc2C)c1,5.56,1,0.0,5.56,5.56,2018,2018,1,1,O=c1ccc(-c2ccccc2NCC2CC2)c[nH]1,0.0
CCS(=O)(=O)c1ccc(OC)c(-c2cc(O)c(=O)n(C)c2)c1,5.56,1,0.0,5.56,5.56,2018,2018,1,1,O=c1ccc(-c2ccccc2)c[nH]1,0.0
CCS(=O)(=O)c1ccc(OC)c(-c2cn(C)c(=O)c3ccc(-c4cnn(C)c4)cc23)c1,7.82,1,0.0,7.82,7.82,2018,2018,1,1,O=c1[nH]cc(-c2ccccc2)c2cc(-c3cn[nH]c3)ccc12,0.0
CCS(=O)(=O)c1ccc(OCC2CC2)c(-c2cc(N3CCCC3)c(=O)n(C)c2)c1,5.56,1,0.0,5.56,5.56,2018,2018,1,1,O=c1[nH]cc(-c2ccccc2OCC2CC2)cc1N1CCCC1,0.0
CCS(=O)(=O)c1ccc(OCCN)c(-c2cn(C)c(=O)c3ccc(-c4cnn(C)c4)cc23)c1,7.31,1,0.0,7.31,7.31,2018,2018,1,1,O=c1[nH]cc(-c2ccccc2)c2cc(-c3cn[nH]c3)ccc12,0.0
CCS(=O)(=O)c1ccc(OCCO)c(-c2cn(C)c(=O)c3ccc(-c4cnn(C)c4)cc23)c1,7.75,1,0.0,7.75,7.75,2018,2018,1,1,O=c1[nH]cc(-c2ccccc2)c2cc(-c3cn[nH]c3)ccc12,0.0
CCS(=O)(=O)c1ccc(Oc2ccc(F)cc2)c(-c2cn(C)c(=O)c3cncn23)c1,6.68,2,0.028284271247461613,6.66,6.7,2017,2017,1,2,O=c1[nH]cc(-c2ccccc2Oc2ccccc2)n2cncc12,0.040000000000000036
CCS(=O)(=O)c1ccc(Oc2ccc(F)cc2F)c(-c2cc(C(F)(F)F)c(=O)n(C)c2)c1,5.56,1,0.0,5.56,5.56,2018,2018,1,1,O=c1ccc(-c2ccccc2Oc2ccccc2)c[nH]1,0.0
CCS(=O)(=O)c1ccc(Oc2ccc(F)cc2F)c(-c2cn(C)c(=O)c3cncn23)c1,6.6,2,0.028284271247461613,6.58,6.62,2017,2017,1,2,O=c1[nH]cc(-c2ccccc2Oc2ccccc2)n2cncc12,0.040000000000000036
CCS(=O)(=O)c1ccc(Oc2ccc(F)cc2F)c(-c2cn(C)c(=O)c3cncnc23)c1,5.56,1,0.0,5.56,5.56,2018,2018,1,1,O=c1[nH]cc(-c2ccccc2Oc2ccccc2)c2ncncc12,0.0
CCS(=O)(=O)c1ccc(Oc2cccc(NCc3ccc(C#N)cc3)c2)c(-c2cn(C)c(=O)c3cncn23)c1,7.005,2,0.16263455967290624,6.89,7.12,2017,2017,1,2,O=c1[nH]cc(-c2ccccc2Oc2cccc(NCc3ccccc3)c2)n2cncc12,0.23000000000000043
CCS(=O)(=O)c1ccc(Oc2cccc(NCc3ccc(NC(C)=O)cc3)c2)c(-c2cn(C)c(=O)c3cncn23)c1,7.145,2,0.36062445840514007,6.89,7.4,2017,2017,1,2,O=c1[nH]cc(-c2ccccc2Oc2cccc(NCc3ccccc3)c2)n2cncc12,0.5100000000000007
CCS(=O)(=O)c1ccc(Oc2cccc(NS(=O)(=O)c3ccc(OC)cc3)c2)c(-c2cn(C)c(=O)c3cncn23)c1,6.775,2,0.10606601717798143,6.7,6.85,2017,2017,1,2,O=c1[nH]cc(-c2ccccc2Oc2cccc(NS(=O)(=O)c3ccccc3)c2)n2cncc12,0.14999999999999947
CCS(=O)(=O)c1ccc(Oc2cccc(NS(=O)(=O)c3ccccc3)c2)c(-c2cn(C)c(=O)c3cncn23)c1,6.785,2,0.14849242404917465,6.68,6.89,2017,2017,1,2,O=c1[nH]cc(-c2ccccc2Oc2cccc(NS(=O)(=O)c3ccccc3)c2)n2cncc12,0.20999999999999996
CCS(=O)(=O)c1ccc(Oc2cccc(NS(=O)(=O)c3ccccc3F)c2)c(-c2cn(C)c(=O)c3cncn23)c1,6.695,2,0.10606601717798143,6.62,6.77,2017,2017,1,2,O=c1[nH]cc(-c2ccccc2Oc2cccc(NS(=O)(=O)c3ccccc3)c2)n2cncc12,0.14999999999999947
CCS(=O)(=O)c1ccc(Oc2cccc(NS(=O)(=O)c3cccs3)c2)c(-c2cn(C)c(=O)c3cncn23)c1,6.48,2,0.09899494936611612,6.41,6.55,2017,2017,1,2,O=c1[nH]cc(-c2ccccc2Oc2cccc(NS(=O)(=O)c3cccs3)c2)n2cncc12,0.13999999999999968
CCS(=O)(=O)c1ccc(Oc2ccccc2C)c(-c2cc(C)c3c(=O)[nH]ccn23)c1,6.88,1,0.0,6.88,6.88,2022,2022,1,1,O=c1[nH]ccn2c(-c3ccccc3Oc3ccccc3)ccc12,0.0
CCS(=O)(=O)c1ccc2c(c1)C(C(N)=O)=CN(C)C(=O)[C@@H]2C,5.65,2,0.2121320343559638,5.5,5.8,2022,2022,1,2,O=C1Cc2ccccc2C=CN1,0.2999999999999998
CCS(=O)(=O)c1ccc2c(c1)C(C)=CN(C)C(=O)[C@@H]2C,6.85,2,0.3535533905932738,6.6,7.1,2022,2022,1,2,O=C1Cc2ccccc2C=CN1,0.5
CCS(=O)(=O)c1ccc2c(c1)C(c1ccccc1)=CN(C)C(=O)C2C,6.449999999999999,2,0.21213203435596445,6.3,6.6,2022,2022,1,2,O=C1Cc2ccccc2C(c2ccccc2)=CN1,0.2999999999999998
CCS(=O)(=O)c1ccc2c(c1)C(c1ccncc1)=CN(C)C(=O)C2C,6.0,2,0.2828427124746193,5.8,6.2,2022,2022,1,2,O=C1Cc2ccccc2C(c2ccncc2)=CN1,0.40000000000000036
CCS(=O)(=O)c1ccc2c(c1)C(c1cnn(C)c1)=CN(C)C(=O)[C@@H]2C,7.25,2,0.21213203435596475,7.1,7.4,2022,2022,1,2,O=C1Cc2ccccc2C(c2cn[nH]c2)=CN1,0.3000000000000007
CCS(=O)(=O)c1ccc2c(c1)C=CN(C)C(=O)[C@@H]2C,6.300000000000001,2,0.5656854249492376,5.9,6.7,2022,2022,1,2,O=C1Cc2ccccc2C=CN1,0.7999999999999998
CCS(=O)(=O)c1cccc(-c2cn(C)c(=O)c3cc(F)ccc23)c1,5.56,1,0.0,5.56,5.56,2018,2018,1,1,O=c1[nH]cc(-c2ccccc2)c2ccccc12,0.0
CCS(=O)(=O)c1cccc(-c2cn(C)c(=O)c3ccc(-c4cnn(C)c4)cc23)c1,6.89,1,0.0,6.89,6.89,2018,2018,1,1,O=c1[nH]cc(-c2ccccc2)c2cc(-c3cn[nH]c3)ccc12,0.0
CCS(=O)(=O)c1cccc(-c2cn(C)c(=O)c3ccccc23)c1,5.8,2,0.3394112549695431,5.56,6.04,2018,2018,2,2,O=c1[nH]cc(-c2ccccc2)c2ccccc12,0.4800000000000004
CCS(=O)(=O)c1cnc(Oc2ccc(F)cc2F)c(-c2cc(C)c3c(=O)[nH]ncn23)c1,7.84,1,0.0,7.84,7.84,2022,2022,1,1,O=c1[nH]ncn2c(-c3cccnc3Oc3ccccc3)ccc12,0.0
CCS(O)(O)Cc1ccc(OCC(F)(F)F)c(-c2cc(C)c(=O)n(CCO)c2)c1,5.56,1,0.0,5.56,5.56,2021,2021,1,1,O=c1ccc(-c2ccccc2)c[nH]1,0.0
CCS(O)(O)Nc1cc(-c2cc(C)c(=O)n(C)c2)nc(Oc2ccc(F)cc2F)n1,5.56,1,0.0,5.56,5.56,2021,2021,1,1,O=c1ccc(-c2ccnc(Oc3ccccc3)n2)c[nH]1,0.0
CCS(O)(O)Nc1nc(Oc2ccc(F)cc2F)cc(-c2cc(C)c(=O)n(C)c2)n1,5.56,1,0.0,5.56,5.56,2021,2021,1,1,O=c1ccc(-c2cc(Oc3ccccc3)ncn2)c[nH]1,0.0
CCS(O)(O)c1ccc(NCC2CC2)c(-c2cn(C)c(=O)cc2C)c1,5.56,1,0.0,5.56,5.56,2021,2021,1,1,O=c1ccc(-c2ccccc2NCC2CC2)c[nH]1,0.0
CCS(O)(O)c1ccc(OC)c(-c2cc(O)c(=O)n(C)c2)c1,5.56,1,0.0,5.56,5.56,2021,2021,1,1,O=c1ccc(-c2ccccc2)c[nH]1,0.0
CCS(O)(O)c1ccc(OCC2CC2)c(-c2cc(N3CCCC3)c(=O)n(C)c2)c1,5.56,1,0.0,5.56,5.56,2021,2021,1,1,O=c1[nH]cc(-c2ccccc2OCC2CC2)cc1N1CCCC1,0.0
CCS(O)(O)c1ccc(Oc2ccc(F)cc2F)c(-c2cc(C(F)(F)F)c(=O)n(C)c2)c1,5.56,1,0.0,5.56,5.56,2021,2021,1,1,O=c1ccc(-c2ccccc2Oc2ccccc2)c[nH]1,0.0
CCS(O)(O)c1ccc(Oc2ccc(F)cc2F)c(-c2cn(C)c(=O)c3cncnc23)c1,5.56,1,0.0,5.56,5.56,2021,2021,1,1,O=c1[nH]cc(-c2ccccc2Oc2ccccc2)c2ncncc12,0.0
CCS(O)(O)c1cccc(-c2cn(C)c(=O)c3cc(F)ccc23)c1,5.56,1,0.0,5.56,5.56,2021,2021,1,1,O=c1[nH]cc(-c2ccccc2)c2ccccc12,0.0
CCS(O)(O)c1cccc(-c2cn(C)c(=O)c3ccccc23)c1,5.56,1,0.0,5.56,5.56,2021,2021,1,1,O=c1[nH]cc(-c2ccccc2)c2ccccc12,0.0
CC[C@@H](C)Nc1ccc(-c2cccc3c2N[C@H](C)CC(=O)N3)cc1C(=N)C1CC1,5.3,1,0.0,5.3,5.3,2019,2019,1,1,N=C(c1cccc(-c2cccc3c2NCCC(=O)N3)c1)C1CC1,0.0
CC[C@@H](NC(=O)c1cccc2c1N[C@H](C)CC(=O)N2)c1ccccc1,4.71,1,0.0,4.71,4.71,2019,2019,1,1,O=C1CCNc2c(cccc2C(=O)NCc2ccccc2)N1,0.0
CC[C@@H](O)C(=O)NCCCCNc1nc2cc(OCCOC)ccc2n2c(C)nnc12,8.22,1,0.0,8.22,8.22,2021,2021,1,1,c1ccc2c(c1)ncc1nncn12,0.0
CC[C@@H](OC)C(=O)NCCCCNc1nc2cc(OCCOC)ccc2n2c(C)nnc12,7.66,1,0.0,7.66,7.66,2021,2021,1,1,c1ccc2c(c1)ncc1nncn12,0.0
CC[C@@H]1C(=O)N(C)c2ccc(Nc3ccc(C(=O)NC4CCN(C)CC4)cc3OC)nc2N1C1CCCC1,6.82,1,0.0,6.82,6.82,2019,2019,1,1,O=C1CN(C2CCCC2)c2nc(Nc3ccc(C(=O)NC4CCNCC4)cc3)ccc2N1,0.0
CC[C@@H]1C(=O)N(C)c2cnc(N(C)c3ccc(C(=O)NC4CCN(C)CC4)cc3OC)nc2N1C1CCCC1,7.0,1,0.0,7.0,7.0,2019,2019,1,1,O=C1CN(C2CCCC2)c2nc(Nc3ccc(C(=O)NC4CCNCC4)cc3)ncc2N1,0.0
CC[C@@H]1C(=O)N(C)c2cnc(Nc3ccc(C(=O)NC4CCN(C)CC4)cc3)nc2N1C1CCCC1,6.55,1,0.0,6.55,6.55,2019,2019,1,1,O=C1CN(C2CCCC2)c2nc(Nc3ccc(C(=O)NC4CCNCC4)cc3)ncc2N1,0.0
CC[C@@H]1C(=O)N(C)c2cnc(Nc3ccc(C(=O)NC4CCN(C)CC4)cc3OC(C)C)nc2N1C1CCCC1,7.2,1,0.0,7.2,7.2,2019,2019,1,1,O=C1CN(C2CCCC2)c2nc(Nc3ccc(C(=O)NC4CCNCC4)cc3)ncc2N1,0.0
CC[C@@H]1C(=O)N(C)c2cnc(Nc3ccc(C(=O)NC4CCN(C)CC4)cc3OC)nc2N1C(C)C,6.73,1,0.0,6.73,6.73,2018,2018,1,1,O=C1CNc2nc(Nc3ccc(C(=O)NC4CCNCC4)cc3)ncc2N1,0.0
CC[C@@H]1C(=O)N(C)c2cnc(Nc3ccc(C(=O)NC4CCN(C)CC4)cc3OC)nc2N1C1CCCCC1,6.19,1,0.0,6.19,6.19,2018,2018,1,1,O=C1CN(C2CCCCC2)c2nc(Nc3ccc(C(=O)NC4CCNCC4)cc3)ncc2N1,0.0
CC[C@@H]1C(=O)N(C)c2cnc(Nc3ccc(C(=O)NC4CCN(C)CC4)cc3OC3CCC3)nc2N1C1CCCC1,7.21,1,0.0,7.21,7.21,2019,2019,1,1,O=C1CN(C2CCCC2)c2nc(Nc3ccc(C(=O)NC4CCNCC4)cc3OC3CCC3)ncc2N1,0.0
CC[C@@H]1C(=O)N(C)c2cnc(Nc3ccc(C(=O)NC4CCN(C)CC4)cc3OC3CCCC3)nc2N1C1CCCC1,7.48,1,0.0,7.48,7.48,2019,2019,1,1,O=C1CN(C2CCCC2)c2nc(Nc3ccc(C(=O)NC4CCNCC4)cc3OC3CCCC3)ncc2N1,0.0
CC[C@@H]1C(=O)N(C)c2cnc(Oc3ccc(C(=O)NC4CCN(C)CC4)cc3OC)nc2N1C1CCCC1,6.21,1,0.0,6.21,6.21,2019,2019,1,1,O=C1CN(C2CCCC2)c2nc(Oc3ccc(C(=O)NC4CCNCC4)cc3)ncc2N1,0.0
CC[C@@H]1C(=O)N(CC)c2cnc(Nc3ccc(C(=O)NC4CCN(C)CC4)cc3OC)nc2N1C1CCCC1,6.16,1,0.0,6.16,6.16,2019,2019,1,1,O=C1CN(C2CCCC2)c2nc(Nc3ccc(C(=O)NC4CCNCC4)cc3)ncc2N1,0.0
CC[C@@H]1CC(=O)Nc2ccccc2N1,4.4,1,0.0,4.4,4.4,2019,2019,1,1,O=C1CCNc2ccccc2N1,0.0
CC[C@@H]1c2nnc(C)n2-c2cnc(Nc3ccc(C(=O)NC4CCN(C(=O)CCCCCCC(=O)Nc5cccc6c5CN(C5CCC(=O)NC5=O)C6=O)CC4)cc3OC)nc2N1CC1CCCCC1,6.72,1,0.0,6.72,6.72,2022,2022,1,1,O=C1CCC(N2Cc3c(NC(=O)CCCCCCC(=O)N4CCC(NC(=O)c5ccc(Nc6ncc7c(n6)N(CC6CCCCC6)Cc6nncn6-7)cc5)CC4)cccc3C2=O)C(=O)N1,0.0
CC[C@@H]1c2nnc(C)n2-c2cnc(Nc3ccc(C(=O)NC4CCN(C(=O)CCCCCCOc5cccc6c5C(=O)N(C5CCC(=O)NC5=O)C6=O)CC4)cc3OC)nc2N1CC1CCCCC1,6.18,1,0.0,6.18,6.18,2022,2022,1,1,O=C1CCC(N2C(=O)c3cccc(OCCCCCCC(=O)N4CCC(NC(=O)c5ccc(Nc6ncc7c(n6)N(CC6CCCCC6)Cc6nncn6-7)cc5)CC4)c3C2=O)C(=O)N1,0.0
CC[C@@H]1c2nnc(C)n2-c2cnc(Nc3ccc(C(=O)NC4CCN(C(=O)CCCCCNc5cccc6c5CN(C5CCC(=O)NC5=O)C6=O)CC4)cc3OC)nc2N1CC1CCCCC1,6.54,1,0.0,6.54,6.54,2022,2022,1,1,O=C1CCC(N2Cc3c(NCCCCCC(=O)N4CCC(NC(=O)c5ccc(Nc6ncc7c(n6)N(CC6CCCCC6)Cc6nncn6-7)cc5)CC4)cccc3C2=O)C(=O)N1,0.0
CC[C@@H]1c2nnc(C)n2-c2cnc(Nc3ccc(C(=O)NC4CCN(C(=O)CCCCCOc5cccc6c5C(=O)N(C5CCC(=O)NC5=O)C6=O)CC4)cc3OC)nc2N1CC1CCCCC1,6.36,1,0.0,6.36,6.36,2022,2022,1,1,O=C1CCC(N2C(=O)c3cccc(OCCCCCC(=O)N4CCC(NC(=O)c5ccc(Nc6ncc7c(n6)N(CC6CCCCC6)Cc6nncn6-7)cc5)CC4)c3C2=O)C(=O)N1,0.0
CC[C@@H]1c2nnc(C)n2-c2cnc(Nc3ccc(C(=O)NC4CCN(C(=O)CCCCNc5cccc6c5CN(C5CCC(=O)NC5=O)C6=O)CC4)cc3OC)nc2N1CC1CCCCC1,6.51,1,0.0,6.51,6.51,2022,2022,1,1,O=C1CCC(N2Cc3c(NCCCCC(=O)N4CCC(NC(=O)c5ccc(Nc6ncc7c(n6)N(CC6CCCCC6)Cc6nncn6-7)cc5)CC4)cccc3C2=O)C(=O)N1,0.0
CC[C@@H]1c2nnc(C)n2-c2cnc(Nc3ccc(C(=O)NC4CCN(C(=O)CCCCOc5cccc6c5C(=O)N(C5CCC(=O)NC5=O)C6=O)CC4)cc3OC)nc2N1CC1CCCCC1,6.43,1,0.0,6.43,6.43,2022,2022,1,1,O=C1CCC(N2C(=O)c3cccc(OCCCCC(=O)N4CCC(NC(=O)c5ccc(Nc6ncc7c(n6)N(CC6CCCCC6)Cc6nncn6-7)cc5)CC4)c3C2=O)C(=O)N1,0.0
CC[C@@H]1c2nnc(C)n2-c2cnc(Nc3ccc(C(=O)NC4CCN(C(=O)CCCOc5cccc6c5C(=O)N(C5CCC(=O)NC5=O)C6=O)CC4)cc3OC)nc2N1CC1CCCCC1,6.13,1,0.0,6.13,6.13,2022,2022,1,1,O=C1CCC(N2C(=O)c3cccc(OCCCC(=O)N4CCC(NC(=O)c5ccc(Nc6ncc7c(n6)N(CC6CCCCC6)Cc6nncn6-7)cc5)CC4)c3C2=O)C(=O)N1,0.0
CC[C@@H]1c2nnc(C)n2-c2cnc(Nc3ccc(C(=O)NC4CCN(C(=O)CNc5cccc6c5CN(C5CCC(=O)NC5=O)C6=O)CC4)cc3OC)nc2N1CC1CCCCC1,6.59,1,0.0,6.59,6.59,2022,2022,1,1,O=C1CCC(N2Cc3c(NCC(=O)N4CCC(NC(=O)c5ccc(Nc6ncc7c(n6)N(CC6CCCCC6)Cc6nncn6-7)cc5)CC4)cccc3C2=O)C(=O)N1,0.0
CC[C@@H]1c2nnc(C)n2-c2cnc(Nc3ccc(C(=O)NC4CCN(C(=O)COc5cccc6c5C(=O)N(C5CCC(=O)NC5=O)C6=O)CC4)cc3OC)nc2N1CC1CCCCC1,6.59,1,0.0,6.59,6.59,2022,2022,1,1,O=C1CCC(N2C(=O)c3cccc(OCC(=O)N4CCC(NC(=O)c5ccc(Nc6ncc7c(n6)N(CC6CCCCC6)Cc6nncn6-7)cc5)CC4)c3C2=O)C(=O)N1,0.0
CC[C@@H]1c2nnc(C)n2-c2cnc(Nc3ccc(C(=O)NC4CCN(C)CC4)cc3OC)nc2N1C1CCCC1,8.17,1,0.0,8.17,8.17,2020,2020,1,1,O=C(NC1CCNCC1)c1ccc(Nc2ncc3c(n2)N(C2CCCC2)Cc2nncn2-3)cc1,0.0
CC[C@@H]1c2nnc(C)n2-c2cnc(Nc3ccc(C(=O)NC4CCN(C)CC4)cc3OC)nc2N1CC1CCCCC1,7.66,1,0.0,7.66,7.66,2020,2020,1,1,O=C(NC1CCNCC1)c1ccc(Nc2ncc3c(n2)N(CC2CCCCC2)Cc2nncn2-3)cc1,0.0
CC[C@@H]1c2nnc(C)n2-c2cnc(Nc3ccc(C(=O)NC4CCN(C)CC4)cc3OC)nc2N1Cc1ccc(Br)cc1,6.38,1,0.0,6.38,6.38,2020,2020,1,1,O=C(NC1CCNCC1)c1ccc(Nc2ncc3c(n2)N(Cc2ccccc2)Cc2nncn2-3)cc1,0.0
CC[C@@H]1c2nnc(C)n2-c2cnc(Nc3ccc(C(=O)NC4CCN(C)CC4)cc3OC)nc2N1Cc1ccc(C(C)(C)C)cc1,6.04,1,0.0,6.04,6.04,2020,2020,1,1,O=C(NC1CCNCC1)c1ccc(Nc2ncc3c(n2)N(Cc2ccccc2)Cc2nncn2-3)cc1,0.0
CC[C@@H]1c2nnc(C)n2-c2cnc(Nc3ccc(C(=O)NC4CCN(C)CC4)cc3OC)nc2N1Cc1ccc(Cl)cc1,6.17,1,0.0,6.17,6.17,2020,2020,1,1,O=C(NC1CCNCC1)c1ccc(Nc2ncc3c(n2)N(Cc2ccccc2)Cc2nncn2-3)cc1,0.0
CC[C@@H]1c2nnc(C)n2-c2cnc(Nc3ccc(C(=O)NC4CCN(C)CC4)cc3OC)nc2N1Cc1ccc(F)cc1,6.37,1,0.0,6.37,6.37,2020,2020,1,1,O=C(NC1CCNCC1)c1ccc(Nc2ncc3c(n2)N(Cc2ccccc2)Cc2nncn2-3)cc1,0.0
CC[C@@H]1c2nnc(C)n2-c2cnc(Nc3ccc(C(=O)NC4CCN(C)CC4)cc3OC)nc2N1Cc1cccc(Br)c1,6.46,1,0.0,6.46,6.46,2020,2020,1,1,O=C(NC1CCNCC1)c1ccc(Nc2ncc3c(n2)N(Cc2ccccc2)Cc2nncn2-3)cc1,0.0
CC[C@@H]1c2nnc(C)n2-c2cnc(Nc3ccc(C(=O)NC4CCN(C)CC4)cc3OC)nc2N1Cc1cccc(C(F)(F)F)c1,6.0,1,0.0,6.0,6.0,2020,2020,1,1,O=C(NC1CCNCC1)c1ccc(Nc2ncc3c(n2)N(Cc2ccccc2)Cc2nncn2-3)cc1,0.0
CC[C@@H]1c2nnc(C)n2-c2cnc(Nc3ccc(C(=O)NC4CCN(C)CC4)cc3OC)nc2N1Cc1cccc(Cl)c1,6.18,1,0.0,6.18,6.18,2020,2020,1,1,O=C(NC1CCNCC1)c1ccc(Nc2ncc3c(n2)N(Cc2ccccc2)Cc2nncn2-3)cc1,0.0
CC[C@@H]1c2nnc(C)n2-c2cnc(Nc3ccc(C(=O)NC4CCN(C)CC4)cc3OC)nc2N1Cc1ccccc1,6.76,1,0.0,6.76,6.76,2020,2020,1,1,O=C(NC1CCNCC1)c1ccc(Nc2ncc3c(n2)N(Cc2ccccc2)Cc2nncn2-3)cc1,0.0
CC[C@@H]1c2nnc(C)n2-c2cnc(Nc3ccc(C(=O)NC4CCN(C)CC4)cc3OC)nc2N1Cc1ccccn1,6.53,1,0.0,6.53,6.53,2020,2020,1,1,O=C(NC1CCNCC1)c1ccc(Nc2ncc3c(n2)N(Cc2ccccn2)Cc2nncn2-3)cc1,0.0
CC[C@@H]1c2nnc(C)n2-c2cnc(Nc3ccc(C(=O)NC4CCN(C)CC4)cc3OC)nc2N1Cc1ccco1,7.06,1,0.0,7.06,7.06,2020,2020,1,1,O=C(NC1CCNCC1)c1ccc(Nc2ncc3c(n2)N(Cc2ccco2)Cc2nncn2-3)cc1,0.0
CC[C@@H]1c2nnc(C)n2-c2cnc(Nc3ccc(C(=O)NC4CCN(C)CC4)cc3OC)nc2N1Cc1cccs1,7.44,1,0.0,7.44,7.44,2020,2020,1,1,O=C(NC1CCNCC1)c1ccc(Nc2ncc3c(n2)N(Cc2cccs2)Cc2nncn2-3)cc1,0.0
CC[C@@H]1c2nnc(C)n2-c2cnc(Nc3ccc(C(=O)NC4CCN(C)CC4)cc3OC)nc2N1Cc1ccoc1,7.03,1,0.0,7.03,7.03,2020,2020,1,1,O=C(NC1CCNCC1)c1ccc(Nc2ncc3c(n2)N(Cc2ccoc2)Cc2nncn2-3)cc1,0.0
CC[C@@H]1c2nnc(C)n2-c2cnc(Nc3ccc(C(=O)NC4CCN(C)CC4)cc3OC)nc2N1Cc1ccsc1,7.01,1,0.0,7.01,7.01,2020,2020,1,1,O=C(NC1CCNCC1)c1ccc(Nc2ncc3c(n2)N(Cc2ccsc2)Cc2nncn2-3)cc1,0.0
CC[C@@H]1c2nnc(C)n2-c2cnc(Nc3ccc(C(=O)NC4CCN(CCCCCCCCCCCOc5cccc6c5C(=O)N(C5CCC(=O)NC5=O)C6=O)CC4)cc3OC)nc2N1CC1CCCCC1,6.42,1,0.0,6.42,6.42,2022,2022,1,1,O=C1CCC(N2C(=O)c3cccc(OCCCCCCCCCCCN4CCC(NC(=O)c5ccc(Nc6ncc7c(n6)N(CC6CCCCC6)Cc6nncn6-7)cc5)CC4)c3C2=O)C(=O)N1,0.0
CC[C@@H]1c2nnc(C)n2-c2cnc(Nc3ccc(C(=O)NC4CCN(CCCCCCCCCCOc5cccc6c5C(=O)N(C5CCC(=O)NC5=O)C6=O)CC4)cc3OC)nc2N1CC1CCCCC1,6.55,1,0.0,6.55,6.55,2022,2022,1,1,O=C1CCC(N2C(=O)c3cccc(OCCCCCCCCCCN4CCC(NC(=O)c5ccc(Nc6ncc7c(n6)N(CC6CCCCC6)Cc6nncn6-7)cc5)CC4)c3C2=O)C(=O)N1,0.0
CC[C@@H]1c2nnc(C)n2-c2cnc(Nc3ccc(C(=O)NC4CCN(CCCCCCCCCOc5cccc6c5C(=O)N(C5CCC(=O)NC5=O)C6=O)CC4)cc3OC)nc2N1CC1CCCCC1,6.65,1,0.0,6.65,6.65,2022,2022,1,1,O=C1CCC(N2C(=O)c3cccc(OCCCCCCCCCN4CCC(NC(=O)c5ccc(Nc6ncc7c(n6)N(CC6CCCCC6)Cc6nncn6-7)cc5)CC4)c3C2=O)C(=O)N1,0.0
CC[C@@H]1c2nnc(C)n2-c2cnc(Nc3ccc(C(=O)NC4CCN(CCCCCCCCOc5cccc6c5C(=O)N(C5CCC(=O)NC5=O)C6=O)CC4)cc3OC)nc2N1CC1CCCCC1,6.46,1,0.0,6.46,6.46,2022,2022,1,1,O=C1CCC(N2C(=O)c3cccc(OCCCCCCCCN4CCC(NC(=O)c5ccc(Nc6ncc7c(n6)N(CC6CCCCC6)Cc6nncn6-7)cc5)CC4)c3C2=O)C(=O)N1,0.0
CC[C@@H]1c2nnc(C)n2-c2cnc(Nc3ccc(C(=O)NC4CCN(CCCCCCCOc5cccc6c5C(=O)N(C5CCC(=O)NC5=O)C6=O)CC4)cc3OC)nc2N1CC1CCCCC1,6.68,1,0.0,6.68,6.68,2022,2022,1,1,O=C1CCC(N2C(=O)c3cccc(OCCCCCCCN4CCC(NC(=O)c5ccc(Nc6ncc7c(n6)N(CC6CCCCC6)Cc6nncn6-7)cc5)CC4)c3C2=O)C(=O)N1,0.0
CC[C@@H]1c2nnc(C)n2-c2cnc(Nc3ccc(C(=O)NC4CCN(CCCCCCOc5cccc6c5C(=O)N(C5CCC(=O)NC5=O)C6=O)CC4)cc3OC)nc2N1CC1CCCCC1,6.92,1,0.0,6.92,6.92,2022,2022,1,1,O=C1CCC(N2C(=O)c3cccc(OCCCCCCN4CCC(NC(=O)c5ccc(Nc6ncc7c(n6)N(CC6CCCCC6)Cc6nncn6-7)cc5)CC4)c3C2=O)C(=O)N1,0.0
CC[C@@H]1c2nnc(C)n2-c2cnc(Nc3ccc(C(=O)NC4CCN(CCCCCOc5cccc6c5C(=O)N(C5CCC(=O)NC5=O)C6=O)CC4)cc3OC)nc2N1CC1CCCCC1,6.82,1,0.0,6.82,6.82,2022,2022,1,1,O=C1CCC(N2C(=O)c3cccc(OCCCCCN4CCC(NC(=O)c5ccc(Nc6ncc7c(n6)N(CC6CCCCC6)Cc6nncn6-7)cc5)CC4)c3C2=O)C(=O)N1,0.0
CC[C@@H]1c2nnc(C)n2-c2cnc(Nc3ccc(C(=O)NC4CCN(CCCCNC(=O)COc5cccc6c5C(=O)C(C5CCC(=O)NC5=O)C6=O)CC4)cc3OC)nc2N1CC1CCCCC1,6.66,1,0.0,6.66,6.66,2022,2022,1,1,O=C(COc1cccc2c1C(=O)C(C1CCC(=O)NC1=O)C2=O)NCCCCN1CCC(NC(=O)c2ccc(Nc3ncc4c(n3)N(CC3CCCCC3)Cc3nncn3-4)cc2)CC1,0.0
CC[C@@H]1c2nnc(C)n2-c2cnc(Nc3ccc(C(=O)NN4CCN(C)CC4)cc3OC)nc2N1C1CCCC1,7.68,1,0.0,7.68,7.68,2020,2020,1,1,O=C(NN1CCNCC1)c1ccc(Nc2ncc3c(n2)N(C2CCCC2)Cc2nncn2-3)cc1,0.0
CC[C@@H]1c2nnc(C)n2-c2cnc(Nc3ccc(C(=O)NN4CCN(C)CC4)cc3OC)nc2N1CC1CCCCC1,7.36,1,0.0,7.36,7.36,2020,2020,1,1,O=C(NN1CCNCC1)c1ccc(Nc2ncc3c(n2)N(CC2CCCCC2)Cc2nncn2-3)cc1,0.0
CC[C@@H]1c2nnc(C)n2-c2cnc(Nc3ccc(C(=O)NN4CCN(C)CC4)cc3OC)nc2N1Cc1ccc(F)cc1,6.21,1,0.0,6.21,6.21,2020,2020,1,1,O=C(NN1CCNCC1)c1ccc(Nc2ncc3c(n2)N(Cc2ccccc2)Cc2nncn2-3)cc1,0.0
CC[C@@H]1c2nnc(C)n2-c2cnc(Nc3ccc(C(=O)NN4CCN(C)CC4)cc3OC)nc2N1Cc1ccccc1,6.5,1,0.0,6.5,6.5,2020,2020,1,1,O=C(NN1CCNCC1)c1ccc(Nc2ncc3c(n2)N(Cc2ccccc2)Cc2nncn2-3)cc1,0.0
CC[C@@H]1c2nnc(C)n2-c2cnc(Nc3ccccc3OC)nc2N1Cc1ccc(F)cc1,6.07,1,0.0,6.07,6.07,2020,2020,1,1,c1ccc(CN2Cc3nncn3-c3cnc(Nc4ccccc4)nc32)cc1,0.0
CC[C@@H]1c2nnc(C)n2-c2cnc(Nc3ccccc3OC)nc2N1Cc1cccc(C(F)(F)F)c1,5.67,1,0.0,5.67,5.67,2020,2020,1,1,c1ccc(CN2Cc3nncn3-c3cnc(Nc4ccccc4)nc32)cc1,0.0
CC[C@@H]1c2nncn2-c2cnc(Nc3ccc(C(=O)NC4CCN(C)CC4)cc3OC)nc2N1CC1CCCCC1,8.01,1,0.0,8.01,8.01,2020,2020,1,1,O=C(NC1CCNCC1)c1ccc(Nc2ncc3c(n2)N(CC2CCCCC2)Cc2nncn2-3)cc1,0.0
CC[C@@H]1c2nncn2-c2cnc(Nc3ccc(C(=O)NC4CCN(C)CC4)cc3OC)nc2N1Cc1ccc(C(C)(C)C)cc1,7.05,1,0.0,7.05,7.05,2020,2020,1,1,O=C(NC1CCNCC1)c1ccc(Nc2ncc3c(n2)N(Cc2ccccc2)Cc2nncn2-3)cc1,0.0
CC[C@@H]1c2nncn2-c2cnc(Nc3ccc(C(=O)NC4CCN(C)CC4)cc3OC)nc2N1Cc1ccc(Cl)cc1,7.11,1,0.0,7.11,7.11,2020,2020,1,1,O=C(NC1CCNCC1)c1ccc(Nc2ncc3c(n2)N(Cc2ccccc2)Cc2nncn2-3)cc1,0.0
CC[C@@H]1c2nncn2-c2cnc(Nc3ccc(C(=O)NC4CCN(C)CC4)cc3OC)nc2N1Cc1ccc(F)cc1,7.55,1,0.0,7.55,7.55,2020,2020,1,1,O=C(NC1CCNCC1)c1ccc(Nc2ncc3c(n2)N(Cc2ccccc2)Cc2nncn2-3)cc1,0.0
CC[C@@H]1c2nncn2-c2cnc(Nc3ccc(C(=O)NC4CCN(C)CC4)cc3OC)nc2N1Cc1ccc(OC)c(OC)c1OC,6.68,1,0.0,6.68,6.68,2020,2020,1,1,O=C(NC1CCNCC1)c1ccc(Nc2ncc3c(n2)N(Cc2ccccc2)Cc2nncn2-3)cc1,0.0
CC[C@@H]1c2nncn2-c2cnc(Nc3ccc(C(=O)NC4CCN(C)CC4)cc3OC)nc2N1Cc1cccc(Br)c1,7.28,1,0.0,7.28,7.28,2020,2020,1,1,O=C(NC1CCNCC1)c1ccc(Nc2ncc3c(n2)N(Cc2ccccc2)Cc2nncn2-3)cc1,0.0
CC[C@@H]1c2nncn2-c2cnc(Nc3ccc(C(=O)NC4CCN(C)CC4)cc3OC)nc2N1Cc1cccc(C(F)(F)F)c1,6.97,1,0.0,6.97,6.97,2020,2020,1,1,O=C(NC1CCNCC1)c1ccc(Nc2ncc3c(n2)N(Cc2ccccc2)Cc2nncn2-3)cc1,0.0
CC[C@@H]1c2nncn2-c2cnc(Nc3ccc(C(=O)NC4CCN(C)CC4)cc3OC)nc2N1Cc1ccco1,7.92,1,0.0,7.92,7.92,2020,2020,1,1,O=C(NC1CCNCC1)c1ccc(Nc2ncc3c(n2)N(Cc2ccco2)Cc2nncn2-3)cc1,0.0
CC[C@@H]1c2nncn2-c2cnc(Nc3ccc(C(=O)NC4CCN(C)CC4)cc3OC)nc2N1Cc1cccs1,7.14,1,0.0,7.14,7.14,2020,2020,1,1,O=C(NC1CCNCC1)c1ccc(Nc2ncc3c(n2)N(Cc2cccs2)Cc2nncn2-3)cc1,0.0
CC[C@@H]1c2nncn2-c2cnc(Nc3ccc(C(=O)NC4CCN(C)CC4)cc3OC)nc2N1Cc1ccoc1,8.0,1,0.0,8.0,8.0,2020,2020,1,1,O=C(NC1CCNCC1)c1ccc(Nc2ncc3c(n2)N(Cc2ccoc2)Cc2nncn2-3)cc1,0.0
CC[C@@H]1c2nncn2-c2cnc(Nc3ccc(C(=O)NC4CCN(C)CC4)cc3OC)nc2N1Cc1ccsc1,8.16,1,0.0,8.16,8.16,2020,2020,1,1,O=C(NC1CCNCC1)c1ccc(Nc2ncc3c(n2)N(Cc2ccsc2)Cc2nncn2-3)cc1,0.0
CC[C@@H]1c2nncn2-c2cnc(Nc3ccc(C(=O)NN4CCN(C)CC4)cc3OC)nc2N1CC1CCCCC1,8.05,1,0.0,8.05,8.05,2020,2020,1,1,O=C(NN1CCNCC1)c1ccc(Nc2ncc3c(n2)N(CC2CCCCC2)Cc2nncn2-3)cc1,0.0
CC[C@@H]1c2nncn2-c2cnc(Nc3ccccc3OC)nc2N1C1CCCC1,8.1,1,0.0,8.1,8.1,2020,2020,1,1,c1ccc(Nc2ncc3c(n2)N(C2CCCC2)Cc2nncn2-3)cc1,0.0
CC[C@@]1(c2ccccc2)COc2c(C(=O)NC)cc(C(=O)N[C@H]3[C@@H]4COC[C@@H]43)cc21,5.0,1,0.0,5.0,5.0,2021,2021,1,1,O=C(NC1C2COCC21)c1ccc2c(c1)C(c1ccccc1)CO2,0.0
CC[C@H](C)Nc1ccc(-c2cccc3c2N[C@H](C)CC(=O)N3)cc1C(=N)C1CC1,5.46,1,0.0,5.46,5.46,2019,2019,1,1,N=C(c1cccc(-c2cccc3c2NCCC(=O)N3)c1)C1CC1,0.0
CC[C@H]1C(=O)N(C)c2cnc(Nc3ccc(C(=O)NC4CCN(C)CC4)cc3OC)nc2N1C1CCCC1,6.31,1,0.0,6.31,6.31,2018,2018,1,1,O=C1CN(C2CCCC2)c2nc(Nc3ccc(C(=O)NC4CCNCC4)cc3)ncc2N1,0.0
CC[S+]([O-])c1cc(-c2cc(C)c(=O)n(C)c2)cc2c1[nH]c(=O)n2Cc1ccccc1,6.8,1,0.0,6.8,6.8,2023,2023,1,1,O=c1ccc(-c2ccc3[nH]c(=O)n(Cc4ccccc4)c3c2)c[nH]1,0.0
CCc1c(-c2nc3cc(N4CCN(C)CC4)ccc3[nH]2)[nH]c(C)c1C(C)=O,6.8,1,0.0,6.8,6.8,2022,2022,1,1,c1c[nH]c(-c2nc3cc(N4CCNCC4)ccc3[nH]2)c1,0.0
CCc1c2c(nn1C(=O)N(C)C)C(=O)N(c1cc(C)c(=O)n(C)c1)C2c1ccc(Cl)cc1,6.57,1,0.0,6.57,6.57,2015,2015,1,1,O=C1c2n[nH]cc2C(c2ccccc2)N1c1ccc(=O)[nH]c1,0.0
CCc1c2c(nn1C1CC1)C(=O)N(c1cc(C)c(=O)n(C)c1)C2c1ccc(Cl)cc1,7.36,1,0.0,7.36,7.36,2015,2015,1,1,O=C1c2nn(C3CC3)cc2C(c2ccccc2)N1c1ccc(=O)[nH]c1,0.0
CCc1c2c(nn1CCO)C(=O)N(c1cc(C)c3onc(C)c3c1)C2c1ccc(Cl)cc1,7.46,1,0.0,7.46,7.46,2015,2015,1,1,O=C1c2n[nH]cc2C(c2ccccc2)N1c1ccc2oncc2c1,0.0
CCc1cc(-c2nn(C3CCOCC3)c3c2CN(C(C)=O)CC3)c2cnccc2c1,5.11,1,0.0,5.11,5.11,2018,2018,1,1,c1cc(-c2nn(C3CCOCC3)c3c2CNCC3)c2cnccc2c1,0.0
CCc1cc(C)cc(Oc2cccc(-c3c(C)nnn3C3CCNCC3)n2)c1,5.574999999999999,2,0.3181980515339462,5.35,5.8,2021,2021,1,2,c1ccc(Oc2cccc(-c3cnnn3C3CCNCC3)n2)cc1,0.4500000000000002
CCc1cc(C)cc(Oc2nccc(-c3c(-c4ccc(C(F)(F)F)cc4)ncn3C3CCNCC3)n2)c1,6.44,1,0.0,6.44,6.44,2022,2022,1,1,c1ccc(Oc2nccc(-c3c(-c4ccccc4)ncn3C3CCNCC3)n2)cc1,0.0
CCc1cc(C)cc(Oc2nccc(-c3c(-c4ccc(C(F)(F)F)cc4)ncn3[C@H]3CCN(CCN(C)C)C3)n2)c1,6.96,1,0.0,6.96,6.96,2022,2022,1,1,c1ccc(Oc2nccc(-c3c(-c4ccccc4)ncn3C3CCNC3)n2)cc1,0.0
CCc1cc(C)cc(Oc2nccc(-c3c(-c4ccc(C(F)(F)F)cc4)ncn3[C@H]3CCNC3)n2)c1,5.96,1,0.0,5.96,5.96,2022,2022,1,1,c1ccc(Oc2nccc(-c3c(-c4ccccc4)ncn3C3CCNC3)n2)cc1,0.0
CCc1cc(CC)cc(Oc2cccc(-c3c(C)nnn3C3CCNCC3)n2)c1,5.515000000000001,2,0.4313351365237945,5.21,5.82,2021,2021,1,2,c1ccc(Oc2cccc(-c3cnnn3C3CCNCC3)n2)cc1,0.6100000000000003
CCc1ccc(-c2nn(C3CCOCC3)c3c2CN(C(C)=O)CC3)c2cnccc12,5.07,1,0.0,5.07,5.07,2018,2018,1,1,c1cc(-c2nn(C3CCOCC3)c3c2CNCC3)c2cnccc2c1,0.0
CCc1ccc(S(C)(=O)=O)cc1-c1ccc(=O)n(C)c1,5.56,1,0.0,5.56,5.56,2018,2018,1,1,O=c1ccc(-c2ccccc2)c[nH]1,0.0
CCc1ccc2c(=O)n(C)cc(-c3cccc(NS(C)(=O)=O)c3)c2c1,6.57,1,0.0,6.57,6.57,2018,2018,1,1,O=c1[nH]cc(-c2ccccc2)c2ccccc12,0.0
CCc1ccc2c(c1)C=CN(C)C(=O)[C@@H]2C,6.45,2,0.3535533905932738,6.2,6.7,2022,2022,1,2,O=C1Cc2ccccc2C=CN1,0.5
CCc1cccc(C)c1Oc1ccc(NS(=O)(=O)CC)cc1-c1cn(C)c(=O)c2cc(-c3cc(C)c(OCCO)c(C)c3)oc12,8.425,2,0.6010407640085645,8.0,8.85,2022,2022,1,2,O=c1[nH]cc(-c2ccccc2Oc2ccccc2)c2oc(-c3ccccc3)cc12,0.8499999999999996
CCc1cccc(CC)c1Oc1ccc(NS(=O)(=O)CC)cc1-c1cn(C)c(=O)c2cc(-c3cc(C)c(OCCO)c(C)c3)oc12,7.609999999999999,2,0.5656854249492382,7.21,8.01,2022,2022,1,2,O=c1[nH]cc(-c2ccccc2Oc2ccccc2)c2oc(-c3ccccc3)cc12,0.7999999999999998
CCc1cccc(NC(=O)c2cccc3c2NC(C)CC(=O)N3)c1,5.19,1,0.0,5.19,5.19,2019,2019,1,1,O=C1CCNc2c(cccc2C(=O)Nc2ccccc2)N1,0.0
CCc1cccc(Oc2nccc(-c3c(-c4ccc(I)cc4)ncn3C3CCNCC3)n2)c1,6.7,1,0.0,6.7,6.7,2022,2022,1,1,c1ccc(Oc2nccc(-c3c(-c4ccccc4)ncn3C3CCNCC3)n2)cc1,0.0
CCc1cnc(Nc2ccc(N3CCN(C)CC3)cc2)nc1Nc1ccc(Cl)c(OC)c1,5.1,1,0.0,5.1,5.1,2023,2023,1,1,c1ccc(Nc2ccnc(Nc3ccc(N4CCNCC4)cc3)n2)cc1,0.0
CCc1cnc(Nc2ccc(N3CCN(C)CC3)cc2)nc1Nc1cccc(S(=O)(=O)NC(C)(C)C)c1,5.73,1,0.0,5.73,5.73,2023,2023,1,1,c1ccc(Nc2ccnc(Nc3ccc(N4CCNCC4)cc3)n2)cc1,0.0
CCc1cnc(Nc2ccc(N3CCN(C)CC3)cc2)nc1Nc1cccc(S(=O)(=O)NC(C)C)c1,5.4,1,0.0,5.4,5.4,2023,2023,1,1,c1ccc(Nc2ccnc(Nc3ccc(N4CCNCC4)cc3)n2)cc1,0.0
CCc1cnc(Nc2ccc(N3CCOCC3)cc2)nc1Nc1cccc(S(=O)(=O)NC(C)(C)C)c1,4.66,1,0.0,4.66,4.66,2023,2023,1,1,c1ccc(Nc2ccnc(Nc3ccc(N4CCOCC4)cc3)n2)cc1,0.0
CCc1cnc(Nc2ccc(N3CCOCC3)cc2)nc1Nc1cccc(S(=O)(=O)NC(C)C)c1,4.57,1,0.0,4.57,4.57,2023,2023,1,1,c1ccc(Nc2ccnc(Nc3ccc(N4CCOCC4)cc3)n2)cc1,0.0
CCc1cncc2c(-c3nn(C4CCOCC4)c4c3CN(C(C)=O)CC4)cccc12,4.82,1,0.0,4.82,4.82,2018,2018,1,1,c1cc(-c2nn(C3CCOCC3)c3c2CNCC3)c2cnccc2c1,0.0
CCc1cnn2c(NCc3ccc[n+]([O-])c3)cc(N3CCCC[C@H]3CCO)nc12,4.76,1,0.0,4.76,4.76,2023,2023,1,1,c1c[nH+]cc(CNc2cc(N3CCCCC3)nc3ccnn23)c1,0.0
CCc1ncc(-c2cc3c(=O)n(C)cc(-c4cc(NS(=O)(=O)CC)ccc4Oc4ccc(F)cc4F)c3o2)[nH]1,9.11,2,0.26870057685088927,8.92,9.3,2022,2022,1,2,O=c1[nH]cc(-c2ccccc2Oc2ccccc2)c2oc(-c3cnc[nH]3)cc12,0.3800000000000008
CCc1nn(-c2ccnn2C)c2c1C(c1ccc(Cl)cc1)N(c1cc(C)c(=O)n(C)c1)C2=O,7.33,1,0.0,7.33,7.33,2015,2015,1,1,O=C1c2c(cnn2-c2ccn[nH]2)C(c2ccccc2)N1c1ccc(=O)[nH]c1,0.0
CCc1nn(-c2cnc(OC)nc2OC)c2c1C(c1ccc(Cl)cc1)N(c1cc(C)c(=O)n(C)c1)C2=O,6.85,1,0.0,6.85,6.85,2015,2015,1,1,O=C1c2c(cnn2-c2cncnc2)C(c2ccccc2)N1c1ccc(=O)[nH]c1,0.0
CCc1nn(C(=O)N(C)C)c2c1C(c1ccc(Cl)cc1)N(c1cc(C)c(=O)n(C)c1)C2=O,6.89,1,0.0,6.89,6.89,2015,2015,1,1,O=C1c2[nH]ncc2C(c2ccccc2)N1c1ccc(=O)[nH]c1,0.0
CCc1nn(C)c2c1C(c1ccc(Cl)cc1)N(c1cc(OC)c3nnc(C)n3c1)C2=O,7.17,1,0.0,7.17,7.17,2015,2015,1,1,O=C1c2[nH]ncc2C(c2ccccc2)N1c1ccc2nncn2c1,0.0
CCc1nn(C2CC2)c2c1C(c1ccc(Cl)cc1)N(c1cc(C)c(=O)n(C)c1)C2=O,7.57,1,0.0,7.57,7.57,2015,2015,1,1,O=C1c2c(cnn2C2CC2)C(c2ccccc2)N1c1ccc(=O)[nH]c1,0.0
CCc1nn(C2CC2)c2c1C(c1ccc(Cl)cc1)N(c1cc(C)c3nnc(C)n3c1)C2=O,7.62,1,0.0,7.62,7.62,2015,2015,1,1,O=C1c2c(cnn2C2CC2)C(c2ccccc2)N1c1ccc2nncn2c1,0.0
CCc1nn(C2CC2)c2c1C(c1ccc(Cl)cc1)N(c1cc(OC)c3nnc(C)n3c1)C2=O,7.55,1,0.0,7.55,7.55,2015,2015,1,1,O=C1c2c(cnn2C2CC2)C(c2ccccc2)N1c1ccc2nncn2c1,0.0
CCc1nn(C2CC2)c2c1[C@H](c1ccc(Cl)cc1)N(c1cc(C)c3nnc(C)n3c1)C2=O,5.66,1,0.0,5.66,5.66,2015,2015,1,1,O=C1c2c(cnn2C2CC2)C(c2ccccc2)N1c1ccc2nncn2c1,0.0
CCc1nn(CCO)c2c1C(c1ccc(Cl)cc1)N(c1cc(C)c(=O)n(C)c1)C2=O,7.2,1,0.0,7.2,7.2,2015,2015,1,1,O=C1c2[nH]ncc2C(c2ccccc2)N1c1ccc(=O)[nH]c1,0.0
CCc1nn(CCO)c2c1C(c1ccc(Cl)cc1)N(c1cc(C)c3onc(C)c3c1)C2=O,7.11,1,0.0,7.11,7.11,2015,2015,1,1,O=C1c2[nH]ncc2C(c2ccccc2)N1c1ccc2oncc2c1,0.0
CCc1nn(CCOC)c2c1C(c1ccc(Cl)cc1)N(c1cc(C)c(=O)n(C)c1)C2=O,7.41,1,0.0,7.41,7.41,2015,2015,1,1,O=C1c2[nH]ncc2C(c2ccccc2)N1c1ccc(=O)[nH]c1,0.0
CCc1nn(CCOC)c2c1C(c1ccc(Cl)cc1)N(c1cc(C)c3nnc(C)n3c1)C2=O,7.3,1,0.0,7.3,7.3,2015,2015,1,1,O=C1c2[nH]ncc2C(c2ccccc2)N1c1ccc2nncn2c1,0.0
CCc1nn(CCOCC(F)(F)F)c2c1C(c1ccc(Cl)cc1)N(c1cc(OC)c3nnc(C)n3c1)C2=O,6.85,1,0.0,6.85,6.85,2015,2015,1,1,O=C1c2[nH]ncc2C(c2ccccc2)N1c1ccc2nncn2c1,0.0
CCc1nnc2c(NCCCCNC(=O)OC(C)(C)C)nc3cc(OC)c(OC)cc3n12,7.12,1,0.0,7.12,7.12,2021,2021,1,1,c1ccc2c(c1)ncc1nncn12,0.0
CCc1nnc2c(NCCCCNC(=O)OC(C)(C)C)nc3cc(OC)ccc3n12,7.8,1,0.0,7.8,7.8,2021,2021,1,1,c1ccc2c(c1)ncc1nncn12,0.0
CCc1nnc2c(NCCCCNC(=O)OC(C)C)nc3cc(OC)c(OC)cc3n12,7.734999999999999,2,0.021213203435596916,7.72,7.75,2021,2021,1,1,c1ccc2c(c1)ncc1nncn12,0.03000000000000025
CCc1nnc2c(NCCCCNC(=O)OC(C)C)nc3cc(OC)ccc3n12,8.0,2,0.4242640687119292,7.7,8.3,2021,2021,1,1,c1ccc2c(c1)ncc1nncn12,0.6000000000000005
CCc1nnc2c(NCCCCNC(=O)OCC(C)C)nc3cc(OC)c(OC)cc3n12,7.75,1,0.0,7.75,7.75,2021,2021,1,1,c1ccc2c(c1)ncc1nncn12,0.0
CCc1nnc2c(NCCCCNC(=O)OCC(C)C)nc3cc(OC)ccc3n12,7.8,1,0.0,7.8,7.8,2021,2021,1,1,c1ccc2c(c1)ncc1nncn12,0.0
CCc1noc(C)c1-c1ccc2c(c1)nc(CCc1ccccc1)n2CCN1CCOCC1,5.22,1,0.0,5.22,5.22,2017,2017,1,1,c1ccc(CCc2nc3cc(-c4cnoc4)ccc3n2CCN2CCOCC2)cc1,0.0
CCn1c(-c2ccc(OC)nc2)nc2c1C(=O)N(c1cc(C)c(=O)n(C)c1)C2c1ccc(Cl)cc1,7.11,1,0.0,7.11,7.11,2018,2018,1,1,O=C1c2[nH]c(-c3cccnc3)nc2C(c2ccccc2)N1c1ccc(=O)[nH]c1,0.0
CCn1c(-c2ccc(OC)nc2)nc2c1C(=O)N(c1cc(C)c(=O)n(C)c1)[C@@H]2c1ccc(Cl)cc1,7.54,1,0.0,7.54,7.54,2018,2018,1,1,O=C1c2[nH]c(-c3cccnc3)nc2C(c2ccccc2)N1c1ccc(=O)[nH]c1,0.0
CCn1c(-c2cccc3c2N[C@H](C)CC(=O)N3)cc2ccccc21,5.29,1,0.0,5.29,5.29,2019,2019,1,1,O=C1CCNc2c(cccc2-c2cc3ccccc3[nH]2)N1,0.0
CCn1c(-c2cccnc2OC)nc2c1C(=O)N(c1cc(C)c(=O)n(C)c1)[C@@H]2c1ccc(Cl)cc1,7.8,1,0.0,7.8,7.8,2018,2018,1,1,O=C1c2[nH]c(-c3cccnc3)nc2C(c2ccccc2)N1c1ccc(=O)[nH]c1,0.0
CCn1c(-c2ccnn2C)nc2c1C(=O)N(c1cc(C)c(=O)n(C)c1)C2c1ccc(Cl)cc1,7.16,1,0.0,7.16,7.16,2018,2018,1,1,O=C1c2[nH]c(-c3ccn[nH]3)nc2C(c2ccccc2)N1c1ccc(=O)[nH]c1,0.0
CCn1c(C)nc2c1C(=O)N(c1cc(C)c3nnn(C)c3c1)C2c1ccc(Cl)cc1,7.54,1,0.0,7.54,7.54,2018,2018,1,1,O=C1c2[nH]cnc2C(c2ccccc2)N1c1ccc2nn[nH]c2c1,0.0
CCn1c(C)nc2c1C(=O)N(c1cc(C)c3nnn(C)c3c1)[C@@H]2c1ccc(Cl)cc1,7.72,1,0.0,7.72,7.72,2018,2018,1,1,O=C1c2[nH]cnc2C(c2ccccc2)N1c1ccc2nn[nH]c2c1,0.0
CCn1c(C)nc2c1[C@@H](c1ccc(Cl)cc1)N(c1cc(C)c3nnn(C)c3c1)C2=O,7.69,1,0.0,7.69,7.69,2018,2018,1,1,O=C1c2nc[nH]c2C(c2ccccc2)N1c1ccc2nn[nH]c2c1,0.0
CCn1cc(-c2ccc(Nc3nn(C)c4c3CN(C(C)=O)CC4)cc2)cn1,5.2,1,0.0,5.2,5.2,2017,2017,1,1,c1cc(-c2cn[nH]c2)ccc1Nc1n[nH]c2c1CNCC2,0.0
CCn1cc(-c2ccc3c(c2)nc(CCc2ccccc2)n3CCN2CCOCC2)ccc1=O,5.41,1,0.0,5.41,5.41,2017,2017,1,1,O=c1ccc(-c2ccc3c(c2)nc(CCc2ccccc2)n3CCN2CCOCC2)c[nH]1,0.0
CCn1cc(-c2ccc3c(ncn3C)c2Oc2ccc(F)cc2F)c2cc[nH]c2c1=O,6.26,1,0.0,6.26,6.26,2018,2018,1,1,O=c1[nH]cc(-c2ccc3[nH]cnc3c2Oc2ccccc2)c2cc[nH]c12,0.0
CCn1cc(-c2cccc(C(F)(F)F)c2)c2sc(C(=N)NC3CCS(=O)(=O)CC3)cc2c1=O,5.3,1,0.0,5.3,5.3,2016,2016,1,1,N=C(NC1CCS(=O)(=O)CC1)c1cc2c(=O)[nH]cc(-c3ccccc3)c2s1,0.0
CCn1cc(-c2cnc3nc(C)n(Cc4ccc(OC)cc4)c3c2)c2cc[nH]c2c1=O,6.7,2,0.0,6.7,6.7,2022,2022,1,2,O=c1[nH]cc(-c2cnc3ncn(Cc4ccccc4)c3c2)c2cc[nH]c12,0.0
CCn1cc(-c2nc3ccc(N4CCN(C)CC4)cc3n2Cc2ccccc2)cc(C)c1=O,7.31,2,0.0,7.31,7.31,2016,2016,1,2,O=c1ccc(-c2nc3ccc(N4CCNCC4)cc3n2Cc2ccccc2)c[nH]1,0.0
CCn1cc(-c2nc3cnc(N4CCN(C)CC4)cc3n2Cc2ccccc2)cc(C)c1=O,7.26,2,0.0,7.26,7.26,2016,2016,1,2,O=c1ccc(-c2nc3cnc(N4CCNCC4)cc3n2Cc2ccccc2)c[nH]1,0.0
CCn1cc(-c2nc3cnc(N4CCOCC4)cc3n2Cc2ccccc2)cc(C)c1=O,6.79,2,0.0,6.79,6.79,2016,2016,1,2,O=c1ccc(-c2nc3cnc(N4CCOCC4)cc3n2Cc2ccccc2)c[nH]1,0.0
CCn1cc(C(=O)OC)c2ccccc2c1=O,4.05,1,0.0,4.05,4.05,2018,2018,1,1,O=c1[nH]ccc2ccccc12,0.0
CCn1cnc2c1c(=O)[nH]c(=O)n2Cc1ccc(CN)cc1,4.6,1,0.0,4.6,4.6,2018,2018,1,1,O=c1[nH]c(=O)n(Cc2ccccc2)c2nc[nH]c12,0.0
CCn1cnc2c1c(=O)[nH]c(=O)n2Cc1ccc(CNS(=O)(=O)CCN2CCOCC2)cc1,5.3,1,0.0,5.3,5.3,2018,2018,1,1,O=c1[nH]c(=O)n(Cc2ccc(CNS(=O)(=O)CCN3CCOCC3)cc2)c2nc[nH]c12,0.0
CCn1cnc2c1c(=O)[nH]c(=O)n2Cc1ccc(CNS(=O)(=O)CCc2ccccc2)cc1,5.8,1,0.0,5.8,5.8,2018,2018,1,1,O=c1[nH]c(=O)n(Cc2ccc(CNS(=O)(=O)CCc3ccccc3)cc2)c2nc[nH]c12,0.0
CCn1cnc2c1c(=O)[nH]c(=O)n2Cc1ccc(CNS(=O)(=O)c2cc(-c3ccno3)ccc2C)cc1,5.9,1,0.0,5.9,5.9,2018,2018,1,1,O=c1[nH]c(=O)n(Cc2ccc(CNS(=O)(=O)c3cccc(-c4ccno4)c3)cc2)c2nc[nH]c12,0.0
CCn1cnc2c1c(=O)[nH]c(=O)n2Cc1ccc(CNS(=O)(=O)c2ccc(-c3cc4ccccc4s3)cc2)cc1,6.0,1,0.0,6.0,6.0,2018,2018,1,1,O=c1[nH]c(=O)n(Cc2ccc(CNS(=O)(=O)c3ccc(-c4cc5ccccc5s4)cc3)cc2)c2nc[nH]c12,0.0
CCn1cnc2c1c(=O)[nH]c(=O)n2Cc1ccc(CNS(=O)(=O)c2ccc(-c3ccc(-c4cc(C)n[nH]4)s3)cc2)cc1,6.3,1,0.0,6.3,6.3,2018,2018,1,1,O=c1[nH]c(=O)n(Cc2ccc(CNS(=O)(=O)c3ccc(-c4ccc(-c5ccn[nH]5)s4)cc3)cc2)c2nc[nH]c12,0.0
CCn1cnc2c1c(=O)[nH]c(=O)n2Cc1ccc(CNS(=O)(=O)c2ccc(-c3ccccc3)cc2)cc1,6.4,1,0.0,6.4,6.4,2018,2018,1,1,O=c1[nH]c(=O)n(Cc2ccc(CNS(=O)(=O)c3ccc(-c4ccccc4)cc3)cc2)c2nc[nH]c12,0.0
CCn1cnc2c1c(=O)[nH]c(=O)n2Cc1ccc(CNS(=O)(=O)c2ccc(C)cc2)cc1,6.2,1,0.0,6.2,6.2,2018,2018,1,1,O=c1[nH]c(=O)n(Cc2ccc(CNS(=O)(=O)c3ccccc3)cc2)c2nc[nH]c12,0.0
CCn1cnc2c1c(=O)[nH]c(=O)n2Cc1ccc(CNS(=O)(=O)c2ccc(C3COC(C)=N3)cc2)cc1,6.2,1,0.0,6.2,6.2,2018,2018,1,1,O=c1[nH]c(=O)n(Cc2ccc(CNS(=O)(=O)c3ccc(C4COC=N4)cc3)cc2)c2nc[nH]c12,0.0
CCn1cnc2c1c(=O)[nH]c(=O)n2Cc1ccc(CNS(=O)(=O)c2ccc(OC)cc2)cc1,6.1,1,0.0,6.1,6.1,2018,2018,1,1,O=c1[nH]c(=O)n(Cc2ccc(CNS(=O)(=O)c3ccccc3)cc2)c2nc[nH]c12,0.0
CCn1cnc2c1c(=O)[nH]c(=O)n2Cc1ccc(CNS(=O)(=O)c2ccc(OCc3ccccc3)cc2)cc1,6.2,1,0.0,6.2,6.2,2018,2018,1,1,O=c1[nH]c(=O)n(Cc2ccc(CNS(=O)(=O)c3ccc(OCc4ccccc4)cc3)cc2)c2nc[nH]c12,0.0
CCn1cnc2c1c(=O)[nH]c(=O)n2Cc1ccc(CNS(=O)(=O)c2ccc(Oc3ccccc3)cc2)cc1,6.5,1,0.0,6.5,6.5,2018,2018,1,1,O=c1[nH]c(=O)n(Cc2ccc(CNS(=O)(=O)c3ccc(Oc4ccccc4)cc3)cc2)c2nc[nH]c12,0.0
CCn1cnc2c1c(=O)[nH]c(=O)n2Cc1ccc(CNS(=O)(=O)c2ccc3c(c2)CCC(=O)N3)cc1,6.4,1,0.0,6.4,6.4,2018,2018,1,1,O=C1CCc2cc(S(=O)(=O)NCc3ccc(Cn4c(=O)[nH]c(=O)c5[nH]cnc54)cc3)ccc2N1,0.0
CCn1cnc2c1c(=O)[nH]c(=O)n2Cc1ccc(CNS(=O)(=O)c2ccc3c(c2)CCCC(=O)N3)cc1,6.574999999999999,2,0.03535533905932694,6.55,6.6,2018,2018,1,1,O=C1CCCc2cc(S(=O)(=O)NCc3ccc(Cn4c(=O)[nH]c(=O)c5[nH]cnc54)cc3)ccc2N1,0.04999999999999982
CCn1cnc2c1c(=O)[nH]c(=O)n2Cc1ccc(CNS(=O)(=O)c2ccc3c(c2)n(C)c(=O)n3C)cc1,6.1,1,0.0,6.1,6.1,2018,2018,1,1,O=c1[nH]c2ccc(S(=O)(=O)NCc3ccc(Cn4c(=O)[nH]c(=O)c5[nH]cnc54)cc3)cc2[nH]1,0.0
CCn1cnc2c1c(=O)[nH]c(=O)n2Cc1ccc(CNS(=O)(=O)c2ccc3oncc3c2)cc1,5.7,1,0.0,5.7,5.7,2018,2018,1,1,O=c1[nH]c(=O)n(Cc2ccc(CNS(=O)(=O)c3ccc4oncc4c3)cc2)c2nc[nH]c12,0.0
CCn1cnc2c1c(=O)[nH]c(=O)n2Cc1ccc(CNS(=O)(=O)c2cccc(-c3ccccc3)c2)cc1,6.3,1,0.0,6.3,6.3,2018,2018,1,1,O=c1[nH]c(=O)n(Cc2ccc(CNS(=O)(=O)c3cccc(-c4ccccc4)c3)cc2)c2nc[nH]c12,0.0
CCn1cnc2c1c(=O)[nH]c(=O)n2Cc1ccc(CNS(=O)(=O)c2cnn(-c3ccccc3)c2)cc1,6.3,1,0.0,6.3,6.3,2018,2018,1,1,O=c1[nH]c(=O)n(Cc2ccc(CNS(=O)(=O)c3cnn(-c4ccccc4)c3)cc2)c2nc[nH]c12,0.0
CCn1cnc2c1c(=O)[nH]c(=O)n2Cc1ccccc1,4.9,1,0.0,4.9,4.9,2018,2018,1,1,O=c1[nH]c(=O)n(Cc2ccccc2)c2nc[nH]c12,0.0
CCn1nc(C)c2c1C(=O)N(c1cc(C)c(=O)n(C)c1)C2c1ccc(Cl)cc1F,7.82,1,0.0,7.82,7.82,2015,2015,1,1,O=C1c2[nH]ncc2C(c2ccccc2)N1c1ccc(=O)[nH]c1,0.0
CCn1nc(C)c2c1C(=O)N(c1cc(C)c3nnc(C)n3c1)C2c1ccc(Cl)cc1,7.5,1,0.0,7.5,7.5,2015,2015,1,1,O=C1c2[nH]ncc2C(c2ccccc2)N1c1ccc2nncn2c1,0.0
CCn1nc(C)c2c1C(=O)N(c1cc(C)c3nnc(C)n3c1)C2c1ccc(F)cc1F,7.47,1,0.0,7.47,7.47,2015,2015,1,1,O=C1c2[nH]ncc2C(c2ccccc2)N1c1ccc2nncn2c1,0.0
CCn1nc(C)c2c1C(=O)N(c1cc(C)c3nnc(C)n3c1)[C@@H]2c1ccc(Cl)cc1F,7.41,1,0.0,7.41,7.41,2015,2015,1,1,O=C1c2[nH]ncc2C(c2ccccc2)N1c1ccc2nncn2c1,0.0
CCn1nc(C)c2c1C(=O)N(c1cc(C)c3nnc(C)n3c1)[C@@H]2c1ccc(F)cc1F,7.6,1,0.0,7.6,7.6,2015,2015,1,1,O=C1c2[nH]ncc2C(c2ccccc2)N1c1ccc2nncn2c1,0.0
CCn1nc(Nc2cccc(C)c2)c2c1CCN(C(C)=O)C2,4.824999999999999,2,0.03535533905932756,4.8,4.85,2016,2017,2,2,c1ccc(Nc2n[nH]c3c2CNCC3)cc1,0.04999999999999982
CCn1nc2c(c1C)C(c1ccc(Cl)cc1)N(c1cc(C)c3nnc(C)n3c1)C2=O,7.37,1,0.0,7.37,7.37,2015,2015,1,1,O=C1c2n[nH]cc2C(c2ccccc2)N1c1ccc2nncn2c1,0.0
CCn1nc2c(c1C)C(c1ccc(Cl)cc1F)N(c1cc(C)c(=O)n(C)c1)C2=O,6.85,1,0.0,6.85,6.85,2015,2015,1,1,O=C1c2n[nH]cc2C(c2ccccc2)N1c1ccc(=O)[nH]c1,0.0
CCn1nc2c(c1C)C(c1ccc(Cl)cc1F)N(c1cc(C)c3nnc(C)n3c1)C2=O,7.16,1,0.0,7.16,7.16,2015,2015,1,1,O=C1c2n[nH]cc2C(c2ccccc2)N1c1ccc2nncn2c1,0.0
CCn1nc2c(c1C)C(c1ccc(F)cc1F)N(c1cc(C)c3nnc(C)n3c1)C2=O,7.34,1,0.0,7.34,7.34,2015,2015,1,1,O=C1c2n[nH]cc2C(c2ccccc2)N1c1ccc2nncn2c1,0.0
CN(C(=O)OC(C)(C)C)c1cccc(-c2cn(C)c(=O)c3ccccc23)c1,5.56,1,0.0,5.56,5.56,2018,2018,1,1,O=c1[nH]cc(-c2ccccc2)c2ccccc12,0.0
CN(C(=O)c1ccc(-c2cn(C)c(=O)c3[nH]ccc23)cc1)c1ccccc1,6.47,1,0.0,6.47,6.47,2018,2018,1,1,O=C(Nc1ccccc1)c1ccc(-c2c[nH]c(=O)c3[nH]ccc23)cc1,0.0
CN(C)C(=O)C1CCN(c2ccc(Nc3ncc4ccn(-c5ccc(F)c(NS(=O)(=O)C(C)(C)C)c5)c4n3)cc2F)CC1,6.31,1,0.0,6.31,6.31,2022,2022,1,1,c1ccc(-n2ccc3cnc(Nc4ccc(N5CCCCC5)cc4)nc32)cc1,0.0
CN(C)C(=O)N1CCc2c(c(N3CCCc4cc(-c5cnn(C)c5)c(C(F)F)cc43)nn2C2CCOCC2)C1,4.82,1,0.0,4.82,4.82,2017,2017,1,1,c1cc2c(cc1-c1cn[nH]c1)CCCN2c1nn(C2CCOCC2)c2c1CNCC2,0.0
CN(C)C(=O)Nc1cccc(-c2csc3c(=O)cc(N4CCOCC4)oc23)c1,5.955,2,0.31819805153394587,5.73,6.18,2016,2016,1,2,O=c1cc(N2CCOCC2)oc2c(-c3ccccc3)csc12,0.4499999999999993
CN(C)C(=O)c1cccc(-c2cn(CC3CCC3)c(=O)c3[nH]ccc23)c1,5.44,1,0.0,5.44,5.44,2019,2019,1,1,O=c1c2[nH]ccc2c(-c2ccccc2)cn1CC1CCC1,0.0
CN(C)C(=O)c1cccc(-c2cn(CC3CCCC3)c(=O)c3[nH]ccc23)c1,5.19,1,0.0,5.19,5.19,2019,2019,1,1,O=c1c2[nH]ccc2c(-c2ccccc2)cn1CC1CCCC1,0.0
CN(C)C(=O)c1cccc(-c2cn(CC3CCCCC3)c(=O)c3[nH]ccc23)c1,4.82,1,0.0,4.82,4.82,2019,2019,1,1,O=c1c2[nH]ccc2c(-c2ccccc2)cn1CC1CCCCC1,0.0
CN(C)C(=O)c1cccc(-c2cn(CCC3CC3)c(=O)c3[nH]ccc23)c1,5.68,1,0.0,5.68,5.68,2019,2019,1,1,O=c1c2[nH]ccc2c(-c2ccccc2)cn1CCC1CC1,0.0
CN(C)C(=O)c1cccc(-c2cn(CCC3CCCCC3)c(=O)c3[nH]ccc23)c1,4.92,1,0.0,4.92,4.92,2019,2019,1,1,O=c1c2[nH]ccc2c(-c2ccccc2)cn1CCC1CCCCC1,0.0
CN(C)C1CCN(C(=O)c2ccc(Nc3ncc4ccn(-c5ccc(F)c(NS(=O)(=O)C(C)(C)C)c5)c4n3)cc2F)CC1,6.91,1,0.0,6.91,6.91,2022,2022,1,1,O=C(c1ccc(Nc2ncc3ccn(-c4ccccc4)c3n2)cc1)N1CCCCC1,0.0
CN(C)C1CCN(C(=O)c2ccc(Nc3ncc4ccn(-c5cccc(NS(=O)(=O)C(C)(C)C)c5)c4n3)cc2F)CC1,7.075,2,0.657609306503489,6.61,7.54,2022,2022,1,2,O=C(c1ccc(Nc2ncc3ccn(-c4ccccc4)c3n2)cc1)N1CCCCC1,0.9299999999999997
CN(C)C1CCN(Cc2ccc(Nc3ncc4ccn(-c5ccc(F)c(NS(=O)(=O)C(C)(C)C)c5)c4n3)cc2F)CC1,6.98,1,0.0,6.98,6.98,2022,2022,1,1,c1ccc(-n2ccc3cnc(Nc4ccc(CN5CCCCC5)cc4)nc32)cc1,0.0
CN(C)C1CCN(Cc2ccc(Nc3ncc4ccn(-c5cccc(NS(=O)(=O)C(C)(C)C)c5)c4n3)cc2F)CC1,6.84,1,0.0,6.84,6.84,2022,2022,1,1,c1ccc(-n2ccc3cnc(Nc4ccc(CN5CCCCC5)cc4)nc32)cc1,0.0
CN(C)C1CCN(c2ccc(Nc3ncc4ccn(-c5ccc(F)c(NS(=O)(=O)C(C)(C)C)c5)c4n3)cc2)CC1,6.59,1,0.0,6.59,6.59,2022,2022,1,1,c1ccc(-n2ccc3cnc(Nc4ccc(N5CCCCC5)cc4)nc32)cc1,0.0
CN(C)C1CCN(c2ccc(Nc3ncc4ccn(-c5ccc(F)c(NS(=O)(=O)C(C)(C)C)c5)c4n3)cc2F)CC1,7.2,6,0.15422926656982675,6.82,7.2,2022,2022,1,3,c1ccc(-n2ccc3cnc(Nc4ccc(N5CCCCC5)cc4)nc32)cc1,0.3799999999999999
CN(C)C1CCN(c2ccc(Nc3ncc4ccn(-c5ccc(F)c(NS(=O)(=O)C6(C)CC6)c5)c4n3)cc2F)CC1,6.61,1,0.0,6.61,6.61,2022,2022,1,1,O=S(=O)(Nc1cccc(-n2ccc3cnc(Nc4ccc(N5CCCCC5)cc4)nc32)c1)C1CC1,0.0
CN(C)C1CCN(c2ccc(Nc3ncc4ccn(-c5ccc(F)c(NS(=O)(=O)C6CC6)c5)c4n3)cc2)CC1,6.0,1,0.0,6.0,6.0,2022,2022,1,1,O=S(=O)(Nc1cccc(-n2ccc3cnc(Nc4ccc(N5CCCCC5)cc4)nc32)c1)C1CC1,0.0
CN(C)C1CCN(c2ccc(Nc3ncc4ccn(-c5cccc(NS(=O)(=O)C(C)(C)C)c5)c4n3)cc2)C1,6.07,1,0.0,6.07,6.07,2022,2022,1,1,c1ccc(-n2ccc3cnc(Nc4ccc(N5CCCC5)cc4)nc32)cc1,0.0
CN(C)C1CCN(c2ccc(Nc3ncc4ccn(-c5cccc(NS(=O)(=O)C(C)(C)C)c5)c4n3)cc2)CC1,6.76,5,0.2245439823286298,6.64,7.21,2022,2022,1,3,c1ccc(-n2ccc3cnc(Nc4ccc(N5CCCCC5)cc4)nc32)cc1,0.5700000000000003
CN(C)C1CCN(c2ccc(Nc3ncc4ccn(-c5cccc(NS(=O)(=O)C(C)(C)C)c5)c4n3)cc2F)CC1,6.88,4,0.2299999999999999,6.42,6.88,2022,2022,1,2,c1ccc(-n2ccc3cnc(Nc4ccc(N5CCCCC5)cc4)nc32)cc1,0.45999999999999996
CN(C)C1CCN(c2ccc(Nc3ncc4ccn(-c5cccc(NS(=O)(=O)C6(C)CC6)c5)c4n3)cc2)CC1,6.2,1,0.0,6.2,6.2,2022,2022,1,1,O=S(=O)(Nc1cccc(-n2ccc3cnc(Nc4ccc(N5CCCCC5)cc4)nc32)c1)C1CC1,0.0
CN(C)C1CCN(c2ccc(Nc3ncc4ccn(-c5cccc(NS(=O)(=O)C6CC6)c5)c4n3)cc2)CC1,6.06,1,0.0,6.06,6.06,2022,2022,1,1,O=S(=O)(Nc1cccc(-n2ccc3cnc(Nc4ccc(N5CCCCC5)cc4)nc32)c1)C1CC1,0.0
CN(C)C1CCN(c2ccc(Nc3ncc4scc(-c5ccc(F)c(NS(=O)(=O)C(C)(C)C)c5)c4n3)cc2F)CC1,7.005,2,0.049497474683058526,6.97,7.04,2022,2022,1,2,c1ccc(-c2csc3cnc(Nc4ccc(N5CCCCC5)cc4)nc23)cc1,0.07000000000000028
CN(C)C1CCN(c2ccc(Nc3ncc4scc(-c5ccc(F)c(NS(=O)(=O)C6(C)CC6)c5)c4n3)cc2F)CC1,6.66,2,0.0424264068711932,6.63,6.69,2022,2022,1,2,O=S(=O)(Nc1cccc(-c2csc3cnc(Nc4ccc(N5CCCCC5)cc4)nc23)c1)C1CC1,0.0600000000000005
CN(C)C1CCN(c2ccc(Nc3ncc4scc(-c5cccc(NS(=O)(=O)C(C)(C)C)c5)c4n3)cc2)CC1,6.43,1,0.0,6.43,6.43,2022,2022,1,1,c1ccc(-c2csc3cnc(Nc4ccc(N5CCCCC5)cc4)nc23)cc1,0.0
CN(C)C1CCN(c2ccc(Nc3ncc4scc(-c5cccc(NS(=O)(=O)C(C)(C)C)c5)c4n3)cc2F)CC1,6.53,1,0.0,6.53,6.53,2022,2022,1,1,c1ccc(-c2csc3cnc(Nc4ccc(N5CCCCC5)cc4)nc23)cc1,0.0
CN(C)C1CCN2c3ccc(Nc4ncc5ccn(-c6cccc(NS(=O)(=O)C(C)(C)C)c6)c5n4)cc3CC2C1,6.775,2,0.28991378028648457,6.57,6.98,2022,2022,1,1,c1ccc(-n2ccc3cnc(Nc4ccc5c(c4)CC4CCCCN54)nc32)cc1,0.41000000000000014
CN(C)CC1CCN(c2ccc(Nc3ncc4ccn(-c5ccc(F)c(NS(=O)(=O)C(C)(C)C)c5)c4n3)cc2F)CC1,6.84,1,0.0,6.84,6.84,2022,2022,1,1,c1ccc(-n2ccc3cnc(Nc4ccc(N5CCCCC5)cc4)nc32)cc1,0.0
CN(C)S(=O)(=O)Nc1ccc(N2C3CCC2COC3)nc1Nc1ccc2[nH]nnc2c1,5.36,1,0.0,5.36,5.36,2022,2022,1,1,c1cc(Nc2ccc3[nH]nnc3c2)nc(N2C3CCC2COC3)c1,0.0
CN(C)S(=O)(=O)Nc1ccc(N2CCOCC2)nc1Nc1ccc2[nH]nnc2c1,5.24,1,0.0,5.24,5.24,2022,2022,1,1,c1cc(Nc2ccc3[nH]nnc3c2)nc(N2CCOCC2)c1,0.0
CN(C)S(=O)(=O)Nc1ccc(N2CCS(=O)(=O)CC2)nc1Nc1ccc2[nH]nnc2c1,4.98,1,0.0,4.98,4.98,2022,2022,1,1,O=S1(=O)CCN(c2cccc(Nc3ccc4[nH]nnc4c3)n2)CC1,0.0
CN(C)S(=O)(=O)Nc1ccc(NC2COC2)nc1Nc1ccc2[nH]nnc2c1,5.0,1,0.0,5.0,5.0,2022,2022,1,1,c1cc(Nc2ccc3[nH]nnc3c2)nc(NC2COC2)c1,0.0
CN(C)S(=O)(=O)Nc1ccc(NCC(O)c2ccccc2)nc1Nc1ccc2[nH]nnc2c1,5.29,1,0.0,5.29,5.29,2022,2022,1,1,c1ccc(CCNc2cccc(Nc3ccc4[nH]nnc4c3)n2)cc1,0.0
CN(C)S(=O)(=O)Nc1ccc(NCC2CC2)nc1Nc1ccc2[nH]nnc2c1,5.25,1,0.0,5.25,5.25,2022,2022,1,1,c1cc(NCC2CC2)nc(Nc2ccc3[nH]nnc3c2)c1,0.0
CN(C)S(=O)(=O)Nc1ccc(NCC2CCCO2)nc1Nc1ccc2[nH]nnc2c1,5.08,1,0.0,5.08,5.08,2022,2022,1,1,c1cc(NCC2CCCO2)nc(Nc2ccc3[nH]nnc3c2)c1,0.0
CN(C)S(=O)(=O)Nc1ccc(NCCCN2CCOCC2)nc1Nc1ccc2[nH]nnc2c1,4.82,1,0.0,4.82,4.82,2022,2022,1,1,c1cc(NCCCN2CCOCC2)nc(Nc2ccc3[nH]nnc3c2)c1,0.0
CN(C)S(=O)(=O)Nc1ccc(NCCN2CCOCC2)nc1Nc1ccc2[nH]nnc2c1,4.94,1,0.0,4.94,4.94,2022,2022,1,1,c1cc(NCCN2CCOCC2)nc(Nc2ccc3[nH]nnc3c2)c1,0.0
CN(C)S(=O)(=O)Nc1ccc(NCCO)nc1Nc1ccc2[nH]nnc2c1,5.08,1,0.0,5.08,5.08,2022,2022,1,1,c1ccc(Nc2ccc3[nH]nnc3c2)nc1,0.0
CN(C)S(=O)(=O)Nc1ccc(NCc2ccc(F)cc2F)nc1Nc1ccc2[nH]nnc2c1,4.95,1,0.0,4.95,4.95,2022,2022,1,1,c1ccc(CNc2cccc(Nc3ccc4[nH]nnc4c3)n2)cc1,0.0
CN(C)S(=O)(=O)Nc1ccc(NCc2ccco2)nc1Nc1ccc2[nH]nnc2c1,4.64,1,0.0,4.64,4.64,2022,2022,1,1,c1cc(NCc2ccco2)nc(Nc2ccc3[nH]nnc3c2)c1,0.0
CN(C)S(=O)(=O)Nc1cccc(-c2cn(C)c(=O)c3ccccc23)c1,6.6,1,0.0,6.6,6.6,2018,2018,1,1,O=c1[nH]cc(-c2ccccc2)c2ccccc12,0.0
CN(C)c1cccc(-c2cn(C)c(=O)c3cc(C(=N)NC4CCS(=O)(=O)CC4)sc23)c1,6.3,1,0.0,6.3,6.3,2016,2016,1,1,N=C(NC1CCS(=O)(=O)CC1)c1cc2c(=O)[nH]cc(-c3ccccc3)c2s1,0.0
CN(C)c1ccccc1C(=O)Nc1ncnc2[nH]cnc12,5.25,1,0.0,5.25,5.25,2015,2015,1,1,O=C(Nc1ncnc2[nH]cnc12)c1ccccc1,0.0
CN(CC#N)C(=O)c1ccc(-c2cn(C)c(=O)c3[nH]ccc23)cc1,6.7,1,0.0,6.7,6.7,2018,2018,1,1,O=c1[nH]cc(-c2ccccc2)c2cc[nH]c12,0.0
CN(c1cccc(-c2cn(C)c(=O)c3ccccc23)c1)S(C)(=O)=O,6.34,1,0.0,6.34,6.34,2018,2018,1,1,O=c1[nH]cc(-c2ccccc2)c2ccccc12,0.0
CN(c1cccc(Nc2nc(NC3CCNCC3)nc3sccc23)c1)S(=O)(=O)C(C)(C)C,6.06,1,0.0,6.06,6.06,2022,2022,1,1,c1ccc(Nc2nc(NC3CCNCC3)nc3sccc23)cc1,0.0
CN/C=C(\C(=N)C(F)(F)F)c1ccc(NC(=N)C2=C(NC3CCOC3)CCN(C(C)=O)C2)cn1,5.6,1,0.0,5.6,5.6,2017,2017,1,1,N=C(Nc1cccnc1)C1=C(NC2CCOC2)CCNC1,0.0
CN/C=C(\C(=N)Cc1ccccc1)c1cccc2c1N[C@H](C)CC(=O)N2,5.29,1,0.0,5.29,5.29,2019,2019,1,1,C=C(C(=N)Cc1ccccc1)c1cccc2c1NCCC(=O)N2,0.0
CN/C=C(\C=N)C(=N)c1cc(-c2ccc(F)c3c2N[C@H](C)CC(=O)N3)ccc1NC,6.0,1,0.0,6.0,6.0,2019,2019,1,1,O=C1CCNc2c(cccc2-c2ccccc2)N1,0.0
CN/C=C(\C=N)C(=N)c1cc(-c2cccc3c2N[C@H](C)CC(=O)N3)ccc1N,5.5,1,0.0,5.5,5.5,2019,2019,1,1,O=C1CCNc2c(cccc2-c2ccccc2)N1,0.0
CN/C=C(\C=N)C(=N)c1cc(-c2cccc3c2N[C@H](C)CC(=O)N3)ccc1NC,5.59,1,0.0,5.59,5.59,2019,2019,1,1,O=C1CCNc2c(cccc2-c2ccccc2)N1,0.0
CN/C=C(\C=N)C(=N)c1cc(-c2nccc3c2N[C@H](C)CC(=O)N3)ccc1NC,5.11,1,0.0,5.11,5.11,2019,2019,1,1,O=C1CCNc2c(ccnc2-c2ccccc2)N1,0.0
CN/C=C(\C=N)c1cc(F)c(Nc2cccc3c2N[C@H](C)CC(=O)N3)cc1C#N,5.09,1,0.0,5.09,5.09,2019,2019,1,1,O=C1CCNc2c(cccc2Nc2ccccc2)N1,0.0
CN/C=C(\C=N)c1cc(F)c(Nc2cccc3c2N[C@H](C)CC(=O)N3)cc1C(F)F,5.22,1,0.0,5.22,5.22,2019,2019,1,1,O=C1CCNc2c(cccc2Nc2ccccc2)N1,0.0
CN/C=C(\C=N)c1cc2c(cc1C#N)N(c1cccc3c1N[C@H](C)CC(=O)N3)CC2,5.28,1,0.0,5.28,5.28,2019,2019,1,1,O=C1CCNc2c(cccc2N2CCc3ccccc32)N1,0.0
CN/C=C(\C=N)c1cc2c(cc1C#N)N(c1cccc3c1N[C@H](C)CC(=O)N3)CCC2,5.32,1,0.0,5.32,5.32,2019,2019,1,1,O=C1CCNc2c(cccc2N2CCCc3ccccc32)N1,0.0
CN/C=C(\C=N)c1cc2c(cc1C#N)N(c1cccc3c1N[C@H](C)CC(=O)N3)CCN2C,5.36,1,0.0,5.36,5.36,2019,2019,1,1,O=C1CCNc2c(cccc2N2CCNc3ccccc32)N1,0.0
CN/C=C(\C=N)c1cc2c(cc1C(F)F)N(c1cccc3c1N[C@H](C)CC(=O)N3)CC2,5.51,1,0.0,5.51,5.51,2019,2019,1,1,O=C1CCNc2c(cccc2N2CCc3ccccc32)N1,0.0
CN/C=C(\C=N)c1cc2c(cc1C(F)F)N(c1cccc3c1N[C@H](C)CC(=O)N3)CCC2,5.24,1,0.0,5.24,5.24,2019,2019,1,1,O=C1CCNc2c(cccc2N2CCCc3ccccc32)N1,0.0
CN/C=C(\C=N)c1cc2c(cc1C(F)F)N(c1cccc3c1N[C@H](C)CC(=O)N3)CC[C@@H]2C,5.49,1,0.0,5.49,5.49,2019,2019,1,1,O=C1CCNc2c(cccc2N2CCCc3ccccc32)N1,0.0
CN/C=C(\C=N)c1cc2c(cc1C(F)F)N(c1cccc3c1N[C@H](C)CC(=O)N3)CC[C@H]2C,4.93,1,0.0,4.93,4.93,2019,2019,1,1,O=C1CCNc2c(cccc2N2CCCc3ccccc32)N1,0.0
CN/C=C(\C=N)c1cc2c(cc1C(F)F)N(c1cccc3c1N[C@H](C)CC(=O)N3)C[C@@H](C)C2,5.42,1,0.0,5.42,5.42,2019,2019,1,1,O=C1CCNc2c(cccc2N2CCCc3ccccc32)N1,0.0
CN/C=C(\C=N)c1cc2c(cc1C(F)F)N(c1cccc3c1N[C@H](C)CC(=O)N3)C[C@H](C)C2,5.0,1,0.0,5.0,5.0,2019,2019,1,1,O=C1CCNc2c(cccc2N2CCCc3ccccc32)N1,0.0
CN/C=C(\C=N)c1cc2c(cc1C(F)F)N(c1nccc3c1N[C@H](C)CC(=O)N3)CCC2,5.29,1,0.0,5.29,5.29,2019,2019,1,1,O=C1CCNc2c(ccnc2N2CCCc3ccccc32)N1,0.0
CN/C=C(\C=N)c1cc2cccc(-c3cccc4c3N[C@H](C)CC(=O)N4)c2cn1,5.39,1,0.0,5.39,5.39,2019,2019,1,1,O=C1CCNc2c(cccc2-c2cccc3ccncc23)N1,0.0
CN/C=C(\C=N)c1ccc(Nc2cccc3c2N[C@H](C)CC(=O)N3)c(F)c1,4.83,1,0.0,4.83,4.83,2019,2019,1,1,O=C1CCNc2c(cccc2Nc2ccccc2)N1,0.0
CN/C=C(\C=N)c1ccc(Nc2cccc3c2N[C@H](C)CC(=O)N3)cc1,5.28,1,0.0,5.28,5.28,2019,2019,1,1,O=C1CCNc2c(cccc2Nc2ccccc2)N1,0.0
CN/C=C(\C=N)c1ccc2c(c1)CCCN2c1cccc2c1N[C@H](C)CC(=O)N2,5.49,1,0.0,5.49,5.49,2019,2019,1,1,O=C1CCNc2c(cccc2N2CCCc3ccccc32)N1,0.0
CN/C=C(\C=N)c1ccc2c(c1)CCN2c1cccc2c1N[C@H](C)CC(=O)N2,5.26,1,0.0,5.26,5.26,2019,2019,1,1,O=C1CCNc2c(cccc2N2CCc3ccccc32)N1,0.0
CN/C=C(\C=N)c1ccc2c(c1)N(c1cccc3c1N[C@H](C)CC(=O)N3)CCC2,4.84,1,0.0,4.84,4.84,2019,2019,1,1,O=C1CCNc2c(cccc2N2CCCc3ccccc32)N1,0.0
CN/C=C(\C=N)c1ccc2c(c1)[C@@H](C)CCN2c1cccc2c1N[C@H](C)CC(=O)N2,5.53,1,0.0,5.53,5.53,2019,2019,1,1,O=C1CCNc2c(cccc2N2CCCc3ccccc32)N1,0.0
CN/C=C(\C=N)c1ccc2c(c1)[C@H](C)CCN2c1cccc2c1N[C@H](C)CC(=O)N2,5.04,1,0.0,5.04,5.04,2019,2019,1,1,O=C1CCNc2c(cccc2N2CCCc3ccccc32)N1,0.0
CN/C=C(\C=N)c1cccc(NC(=N)C2=C(NC)CCN(C(C)=O)C2)c1C#N,4.98,1,0.0,4.98,4.98,2017,2017,1,1,N=C(Nc1ccccc1)C1=CCCNC1,0.0
CN/C=C(\C=N)c1cccc(Nc2cccc3c2N[C@H](C)CC(=O)N3)c1,5.33,1,0.0,5.33,5.33,2019,2019,1,1,O=C1CCNc2c(cccc2Nc2ccccc2)N1,0.0
CN/C=C(\C=N)c1cccc2cc(-c3cccc4c3N[C@H](C)CC(=O)N4)n(C)c12,5.74,1,0.0,5.74,5.74,2019,2019,1,1,O=C1CCNc2c(cccc2-c2cc3ccccc3[nH]2)N1,0.0
CN1C(=O)CCc2cc(Nc3ncc4ccn(-c5cccc(NS(=O)(=O)C(C)(C)C)c5)c4n3)ccc21,5.5,1,0.0,5.5,5.5,2022,2022,1,1,O=C1CCc2cc(Nc3ncc4ccn(-c5ccccc5)c4n3)ccc2N1,0.0
CN1C(=O)COc2ccc(-c3cn(C)c(=O)c4[nH]ccc34)c(Oc3ccccc3)c21,6.26,1,0.0,6.26,6.26,2018,2018,1,1,O=C1COc2ccc(-c3c[nH]c(=O)c4[nH]ccc34)c(Oc3ccccc3)c2N1,0.0
CN1C(=O)c2c(F)ccc(F)c2Oc2cc(N[C@H]3CC[C@H](O)CC3)ncc21,5.7,1,0.0,5.7,5.7,2021,2021,1,1,O=C1Nc2cnc(NC3CCCCC3)cc2Oc2ccccc21,0.0
CN1C(=O)c2c(F)cccc2Oc2cc(N[C@H]3CC[C@H](O)CC3)ncc21,5.9,1,0.0,5.9,5.9,2021,2021,1,1,O=C1Nc2cnc(NC3CCCCC3)cc2Oc2ccccc21,0.0
CN1C(=O)c2cccc(Cl)c2Oc2cc(N[C@H]3CC[C@H](O)CC3)ncc21,4.89,1,0.0,4.89,4.89,2021,2021,1,1,O=C1Nc2cnc(NC3CCCCC3)cc2Oc2ccccc21,0.0
CN1C(=O)c2cccc(F)c2Oc2cc(N[C@H]3CC[C@H](O)CC3)ncc21,4.95,1,0.0,4.95,4.95,2021,2021,1,1,O=C1Nc2cnc(NC3CCCCC3)cc2Oc2ccccc21,0.0
CN1C(=O)c2ccccc2N(C)c2cc(N[C@H]3CC[C@@H](O)CC3)ncc21,5.16,1,0.0,5.16,5.16,2021,2021,1,1,O=C1Nc2cnc(NC3CCCCC3)cc2Nc2ccccc21,0.0
CN1C(=O)c2ccccc2N(C)c2cc(N[C@H]3CC[C@H](O)CC3)ncc21,5.22,1,0.0,5.22,5.22,2021,2021,1,1,O=C1Nc2cnc(NC3CCCCC3)cc2Nc2ccccc21,0.0
CN1C(=O)c2ccccc2Oc2cc(N[C@H]3CC[C@H](O)CC3)ncc21,5.03,1,0.0,5.03,5.03,2021,2021,1,1,O=C1Nc2cnc(NC3CCCCC3)cc2Oc2ccccc21,0.0
CN1C=C(c2ccc3ccn(Cc4ccccn4)c3c2)C2C=CNC2C1=O,6.97,1,0.0,6.97,6.97,2022,2022,1,1,O=C1NC=C(c2ccc3ccn(Cc4ccccn4)c3c2)C2C=CNC12,0.0
CN1CC(c2ccc(-c3ccccc3)cc2)CC1=O,3.36,1,0.0,3.36,3.36,2020,2020,1,1,O=C1CC(c2ccc(-c3ccccc3)cc2)CN1,0.0
CN1CC(c2ccc(Br)cc2)CC1=O,3.38,1,0.0,3.38,3.38,2020,2020,1,1,O=C1CC(c2ccccc2)CN1,0.0
CN1CC(c2ccc(S(=O)(=O)N3CCCCC3)cc2)CC1=O,3.84,1,0.0,3.84,3.84,2020,2020,1,1,O=C1CC(c2ccc(S(=O)(=O)N3CCCCC3)cc2)CN1,0.0
CN1CC(c2ccc(S(=O)(=O)N3CCOCC3)cc2)CC1=O,3.56,1,0.0,3.56,3.56,2020,2020,1,1,O=C1CC(c2ccc(S(=O)(=O)N3CCOCC3)cc2)CN1,0.0
CN1CC(c2ccc(S(=O)(=O)NCc3ccccc3)cc2)CC1=O,3.35,1,0.0,3.35,3.35,2020,2020,1,1,O=C1CC(c2ccc(S(=O)(=O)NCc3ccccc3)cc2)CN1,0.0
CN1CC(c2ccccc2)CC1=O,2.94,1,0.0,2.94,2.94,2020,2020,1,1,O=C1CC(c2ccccc2)CN1,0.0
CN1CC(c2ccccc2-c2ccccc2)CC1=O,3.24,1,0.0,3.24,3.24,2020,2020,1,1,O=C1CC(c2ccccc2-c2ccccc2)CN1,0.0
CN1CC(c2ccccc2Br)CC1=O,3.49,1,0.0,3.49,3.49,2020,2020,1,1,O=C1CC(c2ccccc2)CN1,0.0
CN1CCC(NC(=O)c2ccc(Nc3ncc(Cl)c(Nc4ccc(Cl)c(NS(=O)(=O)C(C)(C)C)c4)n3)cc2F)CC1,7.98,1,0.0,7.98,7.98,2023,2023,1,1,O=C(NC1CCNCC1)c1ccc(Nc2nccc(Nc3ccccc3)n2)cc1,0.0
CN1CCC(NC(=O)c2ccc(Nc3ncc(F)c(Nc4ccc(Cl)c(NS(=O)(=O)C(C)(C)C)c4)n3)cc2F)CC1,7.39,1,0.0,7.39,7.39,2023,2023,1,1,O=C(NC1CCNCC1)c1ccc(Nc2nccc(Nc3ccccc3)n2)cc1,0.0
CN1CCC(NC(=O)c2ccc(Nc3ncc4c(n3)N(C3CCCC3)CC(=O)N4C)c(OC3CCCC3)c2)CC1,6.16,1,0.0,6.16,6.16,2018,2018,1,1,O=C1CN(C2CCCC2)c2nc(Nc3ccc(C(=O)NC4CCNCC4)cc3OC3CCCC3)ncc2N1,0.0
CN1CCC(NC(=O)c2ccc(Nc3ncc4ccn(-c5ccc(F)c(NS(=O)(=O)C(C)(C)C)c5)c4n3)cc2)CC1,6.43,1,0.0,6.43,6.43,2022,2022,1,1,O=C(NC1CCNCC1)c1ccc(Nc2ncc3ccn(-c4ccccc4)c3n2)cc1,0.0
CN1CCC(NC(=O)c2ccc(Nc3ncc4ccn(-c5ccc(F)c(NS(=O)(=O)C(C)(C)C)c5)c4n3)cc2F)CC1,7.03,3,0.09237604307034007,6.87,7.03,2022,2022,1,2,O=C(NC1CCNCC1)c1ccc(Nc2ncc3ccn(-c4ccccc4)c3n2)cc1,0.16000000000000014
CN1CCC(NC(=O)c2ccc(Nc3ncc4ccn(-c5ccc(F)c(NS(=O)(=O)C6CC6)c5)c4n3)cc2)CC1,5.95,1,0.0,5.95,5.95,2022,2022,1,1,O=C(NC1CCNCC1)c1ccc(Nc2ncc3ccn(-c4cccc(NS(=O)(=O)C5CC5)c4)c3n2)cc1,0.0
CN1CCC(NC(=O)c2ccc(Nc3ncc4ccn(-c5ccc(F)c(NS(=O)(=O)C6CC6)c5)c4n3)cc2F)CC1,6.11,1,0.0,6.11,6.11,2022,2022,1,1,O=C(NC1CCNCC1)c1ccc(Nc2ncc3ccn(-c4cccc(NS(=O)(=O)C5CC5)c4)c3n2)cc1,0.0
CN1CCC(NC(=O)c2ccc(Nc3ncc4ccn(-c5cccc(NS(=O)(=O)C(C)(C)C)c5)c4n3)cc2)CC1,6.39,1,0.0,6.39,6.39,2022,2022,1,1,O=C(NC1CCNCC1)c1ccc(Nc2ncc3ccn(-c4ccccc4)c3n2)cc1,0.0
CN1CCC(NC(=O)c2ccc(Nc3ncc4ccn(-c5cccc(NS(=O)(=O)C(C)(C)C)c5)c4n3)cc2F)CC1,6.715,2,0.1343502884254437,6.62,6.81,2022,2022,1,2,O=C(NC1CCNCC1)c1ccc(Nc2ncc3ccn(-c4ccccc4)c3n2)cc1,0.1899999999999995
CN1CCC(NC(=O)c2ccc(Nc3ncc4ccn(-c5cccc(NS(=O)(=O)C6CC6)c5)c4n3)cc2)CC1,5.72,1,0.0,5.72,5.72,2022,2022,1,1,O=C(NC1CCNCC1)c1ccc(Nc2ncc3ccn(-c4cccc(NS(=O)(=O)C5CC5)c4)c3n2)cc1,0.0
CN1CCC(NC(=O)c2ccc(Nc3ncc4ccn(-c5cccc(NS(=O)(=O)C6CC6)c5)c4n3)cc2F)CC1,6.07,1,0.0,6.07,6.07,2022,2022,1,1,O=C(NC1CCNCC1)c1ccc(Nc2ncc3ccn(-c4cccc(NS(=O)(=O)C5CC5)c4)c3n2)cc1,0.0
CN1CCC(Nc2nc(-n3ccc(C(=O)NC4CC4)c3)c3ccsc3n2)CC1,6.005,2,0.48790367901871745,5.66,6.35,2022,2022,1,2,O=C(NC1CC1)c1ccn(-c2nc(NC3CCNCC3)nc3sccc23)c1,0.6899999999999995
CN1CCC(Nc2nc(Nc3ccc(Cl)c(NS(=O)(=O)C(C)(C)C)c3)c3ccsc3n2)CC1,6.75,1,0.0,6.75,6.75,2022,2022,1,1,c1ccc(Nc2nc(NC3CCNCC3)nc3sccc23)cc1,0.0
CN1CCC(Nc2nc(Nc3ccc(Cl)c(NS(=O)(=O)C(C)(C)C)c3)c3sccc3n2)CC1,6.05,1,0.0,6.05,6.05,2022,2022,1,1,c1ccc(Nc2nc(NC3CCNCC3)nc3ccsc23)cc1,0.0
CN1CCC(Nc2nc(Nc3ccc4c(c3)N(S(=O)(=O)C(C)(C)C)CC4)c3ccsc3n2)CC1,6.66,5,0.14289856542317023,6.5,6.8,2022,2022,1,3,c1cc2c(Nc3ccc4c(c3)NCC4)nc(NC3CCNCC3)nc2s1,0.2999999999999998
CN1CCC(Nc2nc(Nc3ccc4c(c3)N(S(=O)(=O)C(C)(C)C)CC4)c3sccc3n2)CC1,5.67,1,0.0,5.67,5.67,2022,2022,1,1,c1cc2nc(NC3CCNCC3)nc(Nc3ccc4c(c3)NCC4)c2s1,0.0
CN1CCC(Nc2nc(Nc3cccc(N(C)S(=O)(=O)C(C)(C)C)c3)c3ccsc3n2)CC1,6.03,1,0.0,6.03,6.03,2022,2022,1,1,c1ccc(Nc2nc(NC3CCNCC3)nc3sccc23)cc1,0.0
CN1CCC(Nc2nc(Nc3cccc(NS(=O)(=O)C(C)(C)C)c3)c3cc[nH]c3n2)CC1,5.15,1,0.0,5.15,5.15,2022,2022,1,1,c1ccc(Nc2nc(NC3CCNCC3)nc3[nH]ccc23)cc1,0.0
CN1CCC(Nc2nc(Nc3cccc(NS(=O)(=O)C(C)(C)C)c3)c3ccsc3n2)CC1,6.42,1,0.0,6.42,6.42,2022,2022,1,1,c1ccc(Nc2nc(NC3CCNCC3)nc3sccc23)cc1,0.0
CN1CCC(Nc2nc3c(c(Nc4cccc(NS(=O)(=O)C(C)(C)C)c4)n2)COC3)CC1,5.63,1,0.0,5.63,5.63,2022,2022,1,1,c1ccc(Nc2nc(NC3CCNCC3)nc3c2COC3)cc1,0.0
CN1CCC(Nc2ncc3ccn(-c4cccc(NS(=O)(=O)C(C)(C)C)c4)c3n2)CC1,6.55,1,0.0,6.55,6.55,2022,2022,1,1,c1ccc(-n2ccc3cnc(NC4CCNCC4)nc32)cc1,0.0
CN1CCC(c2ccc(Nc3ncc4ccn(-c5cccc(NS(=O)(=O)C(C)(C)C)c5)c4n3)cc2)CC1,6.24,1,0.0,6.24,6.24,2022,2022,1,1,c1ccc(-n2ccc3cnc(Nc4ccc(C5CCNCC5)cc4)nc32)cc1,0.0
CN1CCC(c2ccc(Nc3ncc4ccn(-c5cccc(NS(=O)(=O)C6CC6)c5)c4n3)cc2)CC1,5.57,1,0.0,5.57,5.57,2022,2022,1,1,O=S(=O)(Nc1cccc(-n2ccc3cnc(Nc4ccc(C5CCNCC5)cc4)nc32)c1)C1CC1,0.0
CN1CCCc2cc(Nc3ncc4ccn(-c5cccc(NS(=O)(=O)C(C)(C)C)c5)c4n3)ccc21,6.1,1,0.0,6.1,6.1,2022,2022,1,1,c1ccc(-n2ccc3cnc(Nc4ccc5c(c4)CCCN5)nc32)cc1,0.0
CN1CCN(C(=O)Cc2ccc(Nc3ncc(F)c(Nc4ccc(C(=O)NC5CC5)cc4)n3)cc2)CC1,6.07,1,0.0,6.07,6.07,2023,2023,1,1,O=C(NC1CC1)c1ccc(Nc2ccnc(Nc3ccc(CC(=O)N4CCNCC4)cc3)n2)cc1,0.0
CN1CCN(C(=O)Cc2ccc(Nc3ncc4ccn(-c5ccc(F)c(NS(=O)(=O)C(C)(C)C)c5)c4n3)cc2)CC1,6.19,1,0.0,6.19,6.19,2022,2022,1,1,O=C(Cc1ccc(Nc2ncc3ccn(-c4ccccc4)c3n2)cc1)N1CCNCC1,0.0
CN1CCN(C(=O)Cc2ccc(Nc3ncc4ccn(-c5cccc(NS(=O)(=O)C(C)(C)C)c5)c4n3)cc2)CC1,6.04,1,0.0,6.04,6.04,2022,2022,1,1,O=C(Cc1ccc(Nc2ncc3ccn(-c4ccccc4)c3n2)cc1)N1CCNCC1,0.0
CN1CCN(C(=O)Cc2ccc(Nc3ncc4ccn(-c5cccc(NS(=O)(=O)C6CC6)c5)c4n3)cc2)CC1,5.4,1,0.0,5.4,5.4,2022,2022,1,1,O=C(Cc1ccc(Nc2ncc3ccn(-c4cccc(NS(=O)(=O)C5CC5)c4)c3n2)cc1)N1CCNCC1,0.0
CN1CCN(C(=O)c2ccc(-c3cn(C)c(=O)c4[nH]ccc34)cc2)CC1,6.675,2,0.1343502884254437,6.58,6.77,2018,2018,1,1,O=C(c1ccc(-c2c[nH]c(=O)c3[nH]ccc23)cc1)N1CCNCC1,0.1899999999999995
CN1CCN(C(=O)c2ccc(Nc3ncc4ccn(-c5cccc(NS(=O)(=O)C(C)(C)C)c5)c4n3)cc2)CC1,6.11,1,0.0,6.11,6.11,2022,2022,1,1,O=C(c1ccc(Nc2ncc3ccn(-c4ccccc4)c3n2)cc1)N1CCNCC1,0.0
CN1CCN(c2ccc(Nc3cc(Nc4cccc(NS(=O)(=O)C(C)(C)C)c4)c4sccc4n3)cc2)CC1,5.54,1,0.0,5.54,5.54,2022,2022,1,1,c1ccc(Nc2cc(Nc3ccc(N4CCNCC4)cc3)nc3ccsc23)cc1,0.0
CN1CCN(c2ccc(Nc3ccc4ccn(-c5cccc(NS(=O)(=O)C(C)(C)C)c5)c4n3)cc2)CC1,5.0,1,0.0,5.0,5.0,2022,2022,1,1,c1ccc(-n2ccc3ccc(Nc4ccc(N5CCNCC5)cc4)nc32)cc1,0.0
CN1CCN(c2ccc(Nc3nc(-n4ccc(C(=O)NC5CC5)c4)c4ccsc4n3)cc2F)CC1,5.0,1,0.0,5.0,5.0,2022,2022,1,1,O=C(NC1CC1)c1ccn(-c2nc(Nc3ccc(N4CCNCC4)cc3)nc3sccc23)c1,0.0
CN1CCN(c2ccc(Nc3nc(Nc4ccc(Cl)c(NS(=O)(=O)C(C)(C)C)c4)c4sccc4n3)cc2)CC1,5.57,1,0.0,5.57,5.57,2022,2022,1,1,c1ccc(Nc2nc(Nc3ccc(N4CCNCC4)cc3)nc3ccsc23)cc1,0.0
CN1CCN(c2ccc(Nc3nc(Nc4ccc5c(c4)N(S(=O)(=O)C(C)(C)C)CC5)c4ccsc4n3)cc2)CC1,5.34,1,0.0,5.34,5.34,2022,2022,1,1,c1cc2c(Nc3ccc4c(c3)NCC4)nc(Nc3ccc(N4CCNCC4)cc3)nc2s1,0.0
CN1CCN(c2ccc(Nc3nc(Nc4cccc(NS(=O)(=O)C(C)(C)C)c4)c4cc[nH]c4n3)cc2)CC1,5.78,1,0.0,5.78,5.78,2022,2022,1,1,c1ccc(Nc2nc(Nc3ccc(N4CCNCC4)cc3)nc3[nH]ccc23)cc1,0.0
CN1CCN(c2ccc(Nc3nc(Nc4cccc(NS(=O)(=O)C(C)(C)C)c4)c4ccsc4n3)cc2)CC1,6.3100000000000005,2,0.14142135623730995,6.21,6.41,2022,2022,1,2,c1ccc(Nc2nc(Nc3ccc(N4CCNCC4)cc3)nc3sccc23)cc1,0.20000000000000018
CN1CCN(c2ccc(Nc3nc(Nc4cccc(NS(=O)(=O)C(C)(C)C)c4)c4ncsc4n3)cc2)CC1,5.81,1,0.0,5.81,5.81,2022,2022,1,1,c1ccc(Nc2nc(Nc3ccc(N4CCNCC4)cc3)nc3scnc23)cc1,0.0
CN1CCN(c2ccc(Nc3nc(Nc4cccc(NS(=O)(=O)C5CC5)c4)c4ccccc4n3)cc2)CC1,6.58,1,0.0,6.58,6.58,2023,2023,1,1,O=S(=O)(Nc1cccc(Nc2nc(Nc3ccc(N4CCNCC4)cc3)nc3ccccc23)c1)C1CC1,0.0
CN1CCN(c2ccc(Nc3nc(Nc4cccc(S(=O)(=O)NC(C)(C)C)c4)c4ccccc4n3)cc2)CC1,5.54,1,0.0,5.54,5.54,2023,2023,1,1,c1ccc(Nc2nc(Nc3ccc(N4CCNCC4)cc3)nc3ccccc23)cc1,0.0
CN1CCN(c2ccc(Nc3nc4c(c(Nc5ccc(Cl)c(NS(=O)(=O)C6CC6)c5)n3)CCC4)cc2)CC1,6.21,1,0.0,6.21,6.21,2023,2023,1,1,O=S(=O)(Nc1cccc(Nc2nc(Nc3ccc(N4CCNCC4)cc3)nc3c2CCC3)c1)C1CC1,0.0
CN1CCN(c2ccc(Nc3nc4c(c(Nc5ccc(Cl)c(NS(=O)(=O)C6CC6)c5)n3)COC4)cc2)CC1,6.46,1,0.0,6.46,6.46,2023,2023,1,1,O=S(=O)(Nc1cccc(Nc2nc(Nc3ccc(N4CCNCC4)cc3)nc3c2COC3)c1)C1CC1,0.0
CN1CCN(c2ccc(Nc3nc4c(c(Nc5ccc6c(c5)N(S(=O)(=O)C(C)(C)C)CC6)n3)COC4)cc2)CC1,5.62,1,0.0,5.62,5.62,2022,2022,1,1,c1cc(N2CCNCC2)ccc1Nc1nc2c(c(Nc3ccc4c(c3)NCC4)n1)COC2,0.0
CN1CCN(c2ccc(Nc3nc4c(c(Nc5cccc(NS(=O)(=O)C(C)(C)C)c5)n3)CCC4)cc2)CC1,6.82,1,0.0,6.82,6.82,2023,2023,1,1,c1ccc(Nc2nc(Nc3ccc(N4CCNCC4)cc3)nc3c2CCC3)cc1,0.0
CN1CCN(c2ccc(Nc3nc4c(c(Nc5cccc(NS(=O)(=O)C(C)(C)C)c5)n3)CCCC4)cc2)CC1,6.96,1,0.0,6.96,6.96,2023,2023,1,1,c1ccc(Nc2nc(Nc3ccc(N4CCNCC4)cc3)nc3c2CCCC3)cc1,0.0
CN1CCN(c2ccc(Nc3nc4c(c(Nc5cccc(NS(=O)(=O)C(C)(C)C)c5)n3)CCNC4)cc2)CC1,5.5,1,0.0,5.5,5.5,2022,2022,1,1,c1ccc(Nc2nc(Nc3ccc(N4CCNCC4)cc3)nc3c2CCNC3)cc1,0.0
CN1CCN(c2ccc(Nc3nc4c(c(Nc5cccc(NS(=O)(=O)C(C)(C)C)c5)n3)COC4)cc2)CC1,6.28,3,0.3312602199681292,6.0,6.66,2022,2023,2,3,c1ccc(Nc2nc(Nc3ccc(N4CCNCC4)cc3)nc3c2COC3)cc1,0.6600000000000001
CN1CCN(c2ccc(Nc3nc4c(c(Nc5cccc(NS(=O)(=O)C6CC6)c5)n3)COC4)cc2)CC1,5.1,1,0.0,5.1,5.1,2023,2023,1,1,O=S(=O)(Nc1cccc(Nc2nc(Nc3ccc(N4CCNCC4)cc3)nc3c2COC3)c1)C1CC1,0.0
CN1CCN(c2ccc(Nc3nc4c(c(Nc5cccc(S(=O)(=O)NC(C)(C)C)c5)n3)CCC4)cc2)CC1,6.3,1,0.0,6.3,6.3,2023,2023,1,1,c1ccc(Nc2nc(Nc3ccc(N4CCNCC4)cc3)nc3c2CCC3)cc1,0.0
CN1CCN(c2ccc(Nc3nc4c(c(Nc5cccc(S(=O)(=O)NC6CC6)c5)n3)CCC4)cc2)CC1,6.28,1,0.0,6.28,6.28,2023,2023,1,1,O=S(=O)(NC1CC1)c1cccc(Nc2nc(Nc3ccc(N4CCNCC4)cc3)nc3c2CCC3)c1,0.0
CN1CCN(c2ccc(Nc3ncc(C(=O)O)c(Nc4cccc(S(=O)(=O)NC(C)(C)C)c4)n3)cc2)CC1,4.6,1,0.0,4.6,4.6,2023,2023,1,1,c1ccc(Nc2ccnc(Nc3ccc(N4CCNCC4)cc3)n2)cc1,0.0
CN1CCN(c2ccc(Nc3ncc(C(F)(F)F)c(Nc4cccc(S(=O)(=O)NC(C)(C)C)c4)n3)cc2)CC1,4.73,1,0.0,4.73,4.73,2023,2023,1,1,c1ccc(Nc2ccnc(Nc3ccc(N4CCNCC4)cc3)n2)cc1,0.0
CN1CCN(c2ccc(Nc3ncc(C(N)=O)c(Nc4cccc(NS(=O)(=O)C5CC5)c4)n3)cc2)CC1,5.42,1,0.0,5.42,5.42,2023,2023,1,1,O=S(=O)(Nc1cccc(Nc2ccnc(Nc3ccc(N4CCNCC4)cc3)n2)c1)C1CC1,0.0
CN1CCN(c2ccc(Nc3ncc(C(N)=O)c(Nc4cccc(S(=O)(=O)NC(C)(C)C)c4)n3)cc2)CC1,5.57,1,0.0,5.57,5.57,2023,2023,1,1,c1ccc(Nc2ccnc(Nc3ccc(N4CCNCC4)cc3)n2)cc1,0.0
CN1CCN(c2ccc(Nc3ncc(CO)c(Nc4cccc(NS(=O)(=O)C(C)(C)C)c4)n3)cc2)CC1,5.7,1,0.0,5.7,5.7,2023,2023,1,1,c1ccc(Nc2ccnc(Nc3ccc(N4CCNCC4)cc3)n2)cc1,0.0
CN1CCN(c2ccc(Nc3ncc(Cl)c(Nc4ccc(Cl)c(NS(=O)(=O)C(C)(C)C)c4)n3)cc2F)CC1,6.08,1,0.0,6.08,6.08,2023,2023,1,1,c1ccc(Nc2ccnc(Nc3ccc(N4CCNCC4)cc3)n2)cc1,0.0
CN1CCN(c2ccc(Nc3ncc(Cl)c(Nc4ccc5c(c4)OCCO5)n3)cc2)CC1,5.53,1,0.0,5.53,5.53,2023,2023,1,1,c1cc(Nc2ccc3c(c2)OCCO3)nc(Nc2ccc(N3CCNCC3)cc2)n1,0.0
CN1CCN(c2ccc(Nc3ncc(Cl)c(Nc4ccc5c(c4)OCO5)n3)cc2)CC1,4.69,1,0.0,4.69,4.69,2023,2023,1,1,c1cc(Nc2ccc3c(c2)OCO3)nc(Nc2ccc(N3CCNCC3)cc2)n1,0.0
CN1CCN(c2ccc(Nc3ncc(Cl)c(Nc4cccc(C(C)(C)C)c4)n3)cc2)CC1,4.7,1,0.0,4.7,4.7,2023,2023,1,1,c1ccc(Nc2ccnc(Nc3ccc(N4CCNCC4)cc3)n2)cc1,0.0
CN1CCN(c2ccc(Nc3ncc(Cl)c(Nc4cccc(NS(=O)(=O)C5CC5)c4)n3)cc2)CC1,6.96,1,0.0,6.96,6.96,2023,2023,1,1,O=S(=O)(Nc1cccc(Nc2ccnc(Nc3ccc(N4CCNCC4)cc3)n2)c1)C1CC1,0.0
CN1CCN(c2ccc(Nc3ncc(Cl)c(Nc4cccc(S(=O)(=O)NC(C)(C)C)c4)n3)cc2)CC1,6.57,1,0.0,6.57,6.57,2023,2023,1,1,c1ccc(Nc2ccnc(Nc3ccc(N4CCNCC4)cc3)n2)cc1,0.0
CN1CCN(c2ccc(Nc3ncc(Cl)c(Nc4cccc(S(=O)(=O)NC(C)(C)CO)c4)n3)cc2)CC1,6.7,1,0.0,6.7,6.7,2023,2023,1,1,c1ccc(Nc2ccnc(Nc3ccc(N4CCNCC4)cc3)n2)cc1,0.0
CN1CCN(c2ccc(Nc3ncc(Cl)c(Nc4cccc(S(=O)(=O)NC5CC5)c4)n3)cc2)CC1,6.8,1,0.0,6.8,6.8,2023,2023,1,1,O=S(=O)(NC1CC1)c1cccc(Nc2ccnc(Nc3ccc(N4CCNCC4)cc3)n2)c1,0.0
CN1CCN(c2ccc(Nc3ncc(F)c(Nc4ccc(C(=O)NC5CC5)cc4)n3)cc2)CC1,5.8,1,0.0,5.8,5.8,2023,2023,1,1,O=C(NC1CC1)c1ccc(Nc2ccnc(Nc3ccc(N4CCNCC4)cc3)n2)cc1,0.0
CN1CCN(c2ccc(Nc3ncc(F)c(Nc4ccc(C(=O)Nc5ccccc5)cc4)n3)cc2)CC1,4.77,1,0.0,4.77,4.77,2023,2023,1,1,O=C(Nc1ccccc1)c1ccc(Nc2ccnc(Nc3ccc(N4CCNCC4)cc3)n2)cc1,0.0
CN1CCN(c2ccc(Nc3ncc(F)c(Nc4ccc(Cl)c(NS(=O)(=O)C(C)(C)C)c4)n3)cc2)CC1,7.07,1,0.0,7.07,7.07,2023,2023,1,1,c1ccc(Nc2ccnc(Nc3ccc(N4CCNCC4)cc3)n2)cc1,0.0
CN1CCN(c2ccc(Nc3ncc(F)c(Nc4ccc(Cl)c(NS(=O)(=O)C(C)(C)C)c4)n3)cc2F)CC1,4.78,1,0.0,4.78,4.78,2023,2023,1,1,c1ccc(Nc2ccnc(Nc3ccc(N4CCNCC4)cc3)n2)cc1,0.0
CN1CCN(c2ccc(Nc3ncc(F)c(Nc4cccc(NS(=O)(=O)C(C)(C)C)c4)n3)cc2)CC1,6.4,1,0.0,6.4,6.4,2023,2023,1,1,c1ccc(Nc2ccnc(Nc3ccc(N4CCNCC4)cc3)n2)cc1,0.0
CN1CCN(c2ccc(Nc3ncc4cccc(-c5cccc(NS(=O)(=O)C(C)(C)C)c5)c4n3)cc2)CC1,5.42,1,0.0,5.42,5.42,2022,2022,1,1,c1ccc(-c2cccc3cnc(Nc4ccc(N5CCNCC5)cc4)nc23)cc1,0.0
CN1CCN(c2ccc(Nc3ncc4ccn(-c5ccc(C#N)c(NS(=O)(=O)C6CC6)c5)c4n3)cc2)CC1,5.75,1,0.0,5.75,5.75,2022,2022,1,1,O=S(=O)(Nc1cccc(-n2ccc3cnc(Nc4ccc(N5CCNCC5)cc4)nc32)c1)C1CC1,0.0
CN1CCN(c2ccc(Nc3ncc4ccn(-c5ccc(CNS(=O)(=O)C(C)(C)C)cc5)c4n3)cc2)CC1,5.0,1,0.0,5.0,5.0,2022,2022,1,1,c1ccc(-n2ccc3cnc(Nc4ccc(N5CCNCC5)cc4)nc32)cc1,0.0
CN1CCN(c2ccc(Nc3ncc4ccn(-c5ccc(Cl)c(NS(=O)(=O)C(C)(C)C)c5)c4n3)cc2)CC1,6.32,1,0.0,6.32,6.32,2022,2022,1,1,c1ccc(-n2ccc3cnc(Nc4ccc(N5CCNCC5)cc4)nc32)cc1,0.0
CN1CCN(c2ccc(Nc3ncc4ccn(-c5ccc(Cl)c(NS(=O)(=O)C6CC6)c5)c4n3)cc2)CC1,5.77,1,0.0,5.77,5.77,2022,2022,1,1,O=S(=O)(Nc1cccc(-n2ccc3cnc(Nc4ccc(N5CCNCC5)cc4)nc32)c1)C1CC1,0.0
CN1CCN(c2ccc(Nc3ncc4ccn(-c5ccc(F)c(NS(=O)(=O)C(C)(C)C)c5)c4n3)cc2)CC1,6.89,3,0.26514147167125707,6.64,7.17,2022,2022,1,2,c1ccc(-n2ccc3cnc(Nc4ccc(N5CCNCC5)cc4)nc32)cc1,0.5300000000000002
CN1CCN(c2ccc(Nc3ncc4ccn(-c5ccc(F)c(NS(=O)(=O)C(C)(C)C)c5)c4n3)cc2F)CC1,6.83,1,0.0,6.83,6.83,2022,2022,1,1,c1ccc(-n2ccc3cnc(Nc4ccc(N5CCNCC5)cc4)nc32)cc1,0.0
CN1CCN(c2ccc(Nc3ncc4ccn(-c5ccc(F)c(NS(=O)(=O)C6CC6)c5)c4n3)cc2)CC1,5.83,1,0.0,5.83,5.83,2022,2022,1,1,O=S(=O)(Nc1cccc(-n2ccc3cnc(Nc4ccc(N5CCNCC5)cc4)nc32)c1)C1CC1,0.0
CN1CCN(c2ccc(Nc3ncc4ccn(-c5ccc(NS(=O)(=O)C(C)(C)C)cc5)c4n3)cc2)CC1,5.0,1,0.0,5.0,5.0,2022,2022,1,1,c1ccc(-n2ccc3cnc(Nc4ccc(N5CCNCC5)cc4)nc32)cc1,0.0
CN1CCN(c2ccc(Nc3ncc4ccn(-c5ccc6c(c5)CCN6S(=O)(=O)C(C)(C)C)c4n3)cc2)CC1,5.0,1,0.0,5.0,5.0,2022,2022,1,1,c1cc(N2CCNCC2)ccc1Nc1ncc2ccn(-c3ccc4c(c3)CCN4)c2n1,0.0
CN1CCN(c2ccc(Nc3ncc4ccn(-c5ccc6c(c5)N(S(=O)(=O)C(C)(C)C)CC6)c4n3)cc2)CC1,5.85,1,0.0,5.85,5.85,2022,2022,1,1,c1cc(N2CCNCC2)ccc1Nc1ncc2ccn(-c3ccc4c(c3)NCC4)c2n1,0.0
CN1CCN(c2ccc(Nc3ncc4ccn(-c5ccc6c(c5)N(S(=O)(=O)C(C)(C)C)CC6)c4n3)cc2F)CC1,5.89,1,0.0,5.89,5.89,2022,2022,1,1,c1cc(N2CCNCC2)ccc1Nc1ncc2ccn(-c3ccc4c(c3)NCC4)c2n1,0.0
CN1CCN(c2ccc(Nc3ncc4ccn(-c5cccc(CNS(=O)(=O)C(C)(C)C)c5)c4n3)cc2)CC1,5.08,1,0.0,5.08,5.08,2022,2022,1,1,c1ccc(-n2ccc3cnc(Nc4ccc(N5CCNCC5)cc4)nc32)cc1,0.0
CN1CCN(c2ccc(Nc3ncc4ccn(-c5cccc(N(C)S(=O)(=O)C(C)(C)C)c5)c4n3)cc2)CC1,5.96,1,0.0,5.96,5.96,2022,2022,1,1,c1ccc(-n2ccc3cnc(Nc4ccc(N5CCNCC5)cc4)nc32)cc1,0.0
CN1CCN(c2ccc(Nc3ncc4ccn(-c5cccc(NC(=O)C(C)(C)C)c5)c4n3)cc2)CC1,5.0,1,0.0,5.0,5.0,2022,2022,1,1,c1ccc(-n2ccc3cnc(Nc4ccc(N5CCNCC5)cc4)nc32)cc1,0.0
CN1CCN(c2ccc(Nc3ncc4ccn(-c5cccc(NS(=O)(=O)C(C)(C)C)c5)c4n3)cc2)CC1,6.66,5,0.6170899448216604,5.3,6.76,2022,2022,1,3,c1ccc(-n2ccc3cnc(Nc4ccc(N5CCNCC5)cc4)nc32)cc1,1.46
CN1CCN(c2ccc(Nc3ncc4ccn(-c5cccc(NS(=O)(=O)C(C)(C)C)c5)c4n3)cc2C#N)CC1,6.365,2,0.07778174593052077,6.31,6.42,2022,2022,1,2,c1ccc(-n2ccc3cnc(Nc4ccc(N5CCNCC5)cc4)nc32)cc1,0.11000000000000032
CN1CCN(c2ccc(Nc3ncc4ccn(-c5cccc(NS(=O)(=O)C(C)(C)C)c5)c4n3)cc2C(N)=O)CC1,6.24,1,0.0,6.24,6.24,2022,2022,1,1,c1ccc(-n2ccc3cnc(Nc4ccc(N5CCNCC5)cc4)nc32)cc1,0.0
CN1CCN(c2ccc(Nc3ncc4ccn(-c5cccc(NS(=O)(=O)C(C)(C)C)c5)c4n3)cc2Cl)CC1,5.95,1,0.0,5.95,5.95,2022,2022,1,1,c1ccc(-n2ccc3cnc(Nc4ccc(N5CCNCC5)cc4)nc32)cc1,0.0
CN1CCN(c2ccc(Nc3ncc4ccn(-c5cccc(NS(=O)(=O)C(C)(C)C)c5)c4n3)cc2F)CC1,6.335,2,0.03535533905932788,6.31,6.36,2022,2022,1,2,c1ccc(-n2ccc3cnc(Nc4ccc(N5CCNCC5)cc4)nc32)cc1,0.05000000000000071
CN1CCN(c2ccc(Nc3ncc4ccn(-c5cccc(NS(=O)(=O)C6(C)CC6)c5)c4n3)cc2)CC1,6.03,1,0.0,6.03,6.03,2022,2022,1,1,O=S(=O)(Nc1cccc(-n2ccc3cnc(Nc4ccc(N5CCNCC5)cc4)nc32)c1)C1CC1,0.0
CN1CCN(c2ccc(Nc3ncc4ccn(-c5cccc(NS(=O)(=O)C6CC6)c5)c4n3)cc2)CC1,6.005,6,0.31238864682742007,5.75,6.45,2022,2022,1,3,O=S(=O)(Nc1cccc(-n2ccc3cnc(Nc4ccc(N5CCNCC5)cc4)nc32)c1)C1CC1,0.7000000000000002
CN1CCN(c2ccc(Nc3ncc4ccn(-c5cccc(NS(=O)(=O)c6ccccc6)c5)c4n3)cc2)CC1,5.0,1,0.0,5.0,5.0,2022,2022,1,1,O=S(=O)(Nc1cccc(-n2ccc3cnc(Nc4ccc(N5CCNCC5)cc4)nc32)c1)c1ccccc1,0.0
CN1CCN(c2ccc(Nc3ncc4ccn(-c5cccc6c5CCN6S(=O)(=O)C(C)(C)C)c4n3)cc2)CC1,5.0,1,0.0,5.0,5.0,2022,2022,1,1,c1cc2c(c(-n3ccc4cnc(Nc5ccc(N6CCNCC6)cc5)nc43)c1)CCN2,0.0
CN1CCN(c2ccc(Nc3ncc4ccn(-c5ccccc5NS(=O)(=O)C(C)(C)C)c4n3)cc2)CC1,5.0,1,0.0,5.0,5.0,2022,2022,1,1,c1ccc(-n2ccc3cnc(Nc4ccc(N5CCNCC5)cc4)nc32)cc1,0.0
CN1CCN(c2ccc(Nc3ncc4scc(-c5ccc(F)c(NS(=O)(=O)C(C)(C)C)c5)c4n3)cc2F)CC1,6.64,1,0.0,6.64,6.64,2022,2022,1,1,c1ccc(-c2csc3cnc(Nc4ccc(N5CCNCC5)cc4)nc23)cc1,0.0
CN1CCN(c2ccc(Nc3ncc4scc(-c5cccc(NS(=O)(=O)C(C)(C)C)c5)c4n3)cc2)CC1,6.43,1,0.0,6.43,6.43,2022,2022,1,1,c1ccc(-c2csc3cnc(Nc4ccc(N5CCNCC5)cc4)nc23)cc1,0.0
CN1CCN(c2ccc(Nc3ncc4scc(-c5cccc(NS(=O)(=O)C(C)(C)C)c5)c4n3)cc2F)CC1,6.41,1,0.0,6.41,6.41,2022,2022,1,1,c1ccc(-c2csc3cnc(Nc4ccc(N5CCNCC5)cc4)nc23)cc1,0.0
CN1CCN(c2ccc3nc(-c4cc(N)c(=O)n(C)c4)n(Cc4ccccc4)c3c2)CC1,7.14,2,0.0,7.14,7.14,2016,2016,1,2,O=c1ccc(-c2nc3ccc(N4CCNCC4)cc3n2Cc2ccccc2)c[nH]1,0.0
CN1CCN(c2ccc3nc(-c4ccc(=O)n(C)c4)n(Cc4ccccc4)c3c2)CC1,6.26,2,0.0,6.26,6.26,2016,2016,1,2,O=c1ccc(-c2nc3ccc(N4CCNCC4)cc3n2Cc2ccccc2)c[nH]1,0.0
CN1CCN(c2ccc3nc(-c4ccc(=O)n(C)c4)n(Cc4ccccc4)c3n2)CC1,6.16,2,0.0,6.16,6.16,2016,2016,1,2,O=c1ccc(-c2nc3ccc(N4CCNCC4)nc3n2Cc2ccccc2)c[nH]1,0.0
CN1CCN(c2ccc3nc(-c4ccc(=O)n(C)n4)n(Cc4ccccc4)c3c2)CC1,6.72,2,0.0,6.72,6.72,2016,2016,1,2,O=c1ccc(-c2nc3ccc(N4CCNCC4)cc3n2Cc2ccccc2)n[nH]1,0.0
CN1CCN(c2ccc3nc(-c4cn(C)c(=O)cn4)n(Cc4ccccc4)c3c2)CC1,6.92,2,0.0,6.92,6.92,2016,2016,1,2,O=c1cnc(-c2nc3ccc(N4CCNCC4)cc3n2Cc2ccccc2)c[nH]1,0.0
CN1CCN(c2cccc(Nc3nc(Nc4cccc(NS(=O)(=O)C(C)(C)C)c4)c4ccsc4n3)c2)CC1,5.3,1,0.0,5.3,5.3,2022,2022,1,1,c1ccc(Nc2nc(Nc3cccc(N4CCNCC4)c3)nc3sccc23)cc1,0.0
CN1CCN(c2cccc(Nc3ncc4ccn(-c5cccc(NS(=O)(=O)C(C)(C)C)c5)c4n3)c2)CC1,5.77,1,0.0,5.77,5.77,2022,2022,1,1,c1ccc(-n2ccc3cnc(Nc4cccc(N5CCNCC5)c4)nc32)cc1,0.0
CN1CCN2c3c(F)cc(Nc4ncc5ccn(-c6ccc(F)c(NS(=O)(=O)C(C)(C)C)c6)c5n4)cc3CC2C1,6.42,1,0.0,6.42,6.42,2022,2022,1,1,c1ccc(-n2ccc3cnc(Nc4ccc5c(c4)CC4CNCCN54)nc32)cc1,0.0
CN1CCN2c3c(F)cc(Nc4ncc5ccn(-c6cccc(NS(=O)(=O)C(C)(C)C)c6)c5n4)cc3CC2C1,6.24,1,0.0,6.24,6.24,2022,2022,1,1,c1ccc(-n2ccc3cnc(Nc4ccc5c(c4)CC4CNCCN54)nc32)cc1,0.0
CN1CCN2c3c(F)cc(Nc4ncc5scc(-c6cccc(NS(=O)(=O)C(C)(C)C)c6)c5n4)cc3CC2C1,5.75,1,0.0,5.75,5.75,2022,2022,1,1,c1ccc(-c2csc3cnc(Nc4ccc5c(c4)CC4CNCCN54)nc23)cc1,0.0
CN1CCN2c3ccc(Nc4ncc5ccn(-c6ccc(F)c(NS(=O)(=O)C(C)(C)C)c6)c5n4)cc3CC2C1,6.49,1,0.0,6.49,6.49,2022,2022,1,1,c1ccc(-n2ccc3cnc(Nc4ccc5c(c4)CC4CNCCN54)nc32)cc1,0.0
CN1CCN2c3ccc(Nc4ncc5ccn(-c6cccc(NS(=O)(=O)C(C)(C)C)c6)c5n4)cc3CC2C1,6.44,1,0.0,6.44,6.44,2022,2022,1,1,c1ccc(-n2ccc3cnc(Nc4ccc5c(c4)CC4CNCCN54)nc32)cc1,0.0
CN1CCN2c3ccc(Nc4ncc5scc(-c6cccc(NS(=O)(=O)C(C)(C)C)c6)c5n4)cc3CC2C1,6.22,1,0.0,6.22,6.22,2022,2022,1,1,c1ccc(-c2csc3cnc(Nc4ccc5c(c4)CC4CNCCN54)nc23)cc1,0.0
CN1CCc2c(sc3nc(-c4ccc(O)cc4)[nH]c(=O)c23)C1,5.2,1,0.0,5.2,5.2,2020,2020,1,1,O=c1[nH]c(-c2ccccc2)nc2sc3c(c12)CCNC3,0.0
CN1C[C@@H](c2ccccc2)CC1=O,3.2,1,0.0,3.2,3.2,2020,2020,1,1,O=C1CC(c2ccccc2)CN1,0.0
CN1C[C@H](c2ccccc2)CC1=O,2.85,1,0.0,2.85,2.85,2020,2020,1,1,O=C1CC(c2ccccc2)CN1,0.0
CN1Cc2c(-c3c(F)ccc4cc(-c5cnn(C)c5)ncc34)nc(C3CCOCC3)n2CC1=O,6.55,1,0.0,6.55,6.55,2021,2021,1,1,O=C1Cn2c(C3CCOCC3)nc(-c3cccc4cc(-c5cn[nH]c5)ncc34)c2CN1,0.0
CN1Cc2c(-c3c(F)ccc4cc(C5CCOCC5)ncc34)nc(C3CCOCC3)n2CC1=O,6.66,1,0.0,6.66,6.66,2021,2021,1,1,O=C1Cn2c(C3CCOCC3)nc(-c3cccc4cc(C5CCOCC5)ncc34)c2CN1,0.0
CN1Cc2c(-c3c(F)ccc4cc(N5CCOCC5)ncc34)nc(C3CCOCC3)n2CC1=O,6.84,1,0.0,6.84,6.84,2021,2021,1,1,O=C1Cn2c(C3CCOCC3)nc(-c3cccc4cc(N5CCOCC5)ncc34)c2CN1,0.0
CN1Cc2c(-c3ccc4c(c3)c(-c3cnn(C)c3)nn4C)nc(C3CC3)n2CC1=O,7.54,2,0.0,7.54,7.54,2021,2021,1,1,O=C1Cn2c(C3CC3)nc(-c3ccc4[nH]nc(-c5cn[nH]c5)c4c3)c2CN1,0.0
CN1Cc2c(-c3cccc4cc(-c5cnn(C)c5)ncc34)nc(C3CCOCC3)n2CC1=O,7.68,1,0.0,7.68,7.68,2021,2021,1,1,O=C1Cn2c(C3CCOCC3)nc(-c3cccc4cc(-c5cn[nH]c5)ncc34)c2CN1,0.0
CN1Cc2c(-c3cccc4cc(C5CCOCC5)ncc34)nc(C3CCOCC3)n2CC1=O,7.35,1,0.0,7.35,7.35,2021,2021,1,1,O=C1Cn2c(C3CCOCC3)nc(-c3cccc4cc(C5CCOCC5)ncc34)c2CN1,0.0
CN1Cc2c(-c3cccc4nc(-c5cnn(C)c5)c(C#N)cc34)nc(C3CCOCC3)n2CC1=O,7.2,1,0.0,7.2,7.2,2021,2021,1,1,O=C1Cn2c(C3CCOCC3)nc(-c3cccc4nc(-c5cn[nH]c5)ccc34)c2CN1,0.0
CN1Cc2c(-c3cccc4nc(-c5cnn(C)c5)c(C(F)(F)F)cc34)nc(C3CCOCC3)n2CC1=O,7.51,1,0.0,7.51,7.51,2021,2021,1,1,O=C1Cn2c(C3CCOCC3)nc(-c3cccc4nc(-c5cn[nH]c5)ccc34)c2CN1,0.0
CN1Cc2c(-c3cccc4nc(-c5cnn(C)c5)c(C(F)F)cc34)nc(C3CC3)n2CC1=O,6.94,1,0.0,6.94,6.94,2021,2021,1,1,O=C1Cn2c(C3CC3)nc(-c3cccc4nc(-c5cn[nH]c5)ccc34)c2CN1,0.0
CN1Cc2c(-c3cccc4nc(-c5cnn(C)c5)c(C(F)F)cc34)nc(C3CCOCC3)n2C(F)C1=O,7.37,1,0.0,7.37,7.37,2021,2021,1,1,O=C1Cn2c(C3CCOCC3)nc(-c3cccc4nc(-c5cn[nH]c5)ccc34)c2CN1,0.0
CN1Cc2c(-c3cccc4nc(-c5cnn(C)c5)c(C(F)F)cc34)nc(C3CCOCC3)n2CC1=O,6.45,1,0.0,6.45,6.45,2021,2021,1,1,O=C1Cn2c(C3CCOCC3)nc(-c3cccc4nc(-c5cn[nH]c5)ccc34)c2CN1,0.0
CN1Cc2c(N3CCCc4cc(-c5cnn(C)c5)c(C(F)F)cc43)nc(C3CC3)n2CC1=O,8.100000000000001,2,0.07071067811865513,8.05,8.15,2021,2021,1,1,O=C1Cn2c(C3CC3)nc(N3CCCc4cc(-c5cn[nH]c5)ccc43)c2CN1,0.09999999999999964
CN1Cc2c(N3CCCc4nc(-c5cnn(C)c5)c(C(F)(F)F)cc43)nc(C3CC3)n2CC1=O,6.73,1,0.0,6.73,6.73,2021,2021,1,1,O=C1Cn2c(C3CC3)nc(N3CCCc4nc(-c5cn[nH]c5)ccc43)c2CN1,0.0
CN1Cc2cc(-c3ccn4c(NC5CCCCC5)c(CCc5ccccc5)nc4c3)ccc2NC1=O,5.12,1,0.0,5.12,5.12,2021,2021,1,1,O=C1NCc2cc(-c3ccn4c(NC5CCCCC5)c(CCc5ccccc5)nc4c3)ccc2N1,0.0
CN1Cc2cc(Br)ccc2NC1=O,4.64,1,0.0,4.64,4.64,2012,2012,1,1,O=C1NCc2ccccc2N1,0.0
CN1Cc2cc(NS(=O)(=O)c3ccc(C#N)cc3)ccc2NC1=O,5.64,1,0.0,5.64,5.64,2012,2012,1,1,O=C1NCc2cc(NS(=O)(=O)c3ccccc3)ccc2N1,0.0
CN1Cc2cc(NS(=O)(=O)c3ccc(F)cc3Cl)ccc2NC1=O,6.75,1,0.0,6.75,6.75,2012,2012,1,1,O=C1NCc2cc(NS(=O)(=O)c3ccccc3)ccc2N1,0.0
CN1Cc2cc(NS(=O)(=O)c3ccccc3)ccc2NC1=O,6.06,1,0.0,6.06,6.06,2012,2012,1,1,O=C1NCc2cc(NS(=O)(=O)c3ccccc3)ccc2N1,0.0
CN1Cc2cc(NS(=O)(=O)c3ccccc3C(F)(F)F)ccc2NC1=O,6.33,1,0.0,6.33,6.33,2012,2012,1,1,O=C1NCc2cc(NS(=O)(=O)c3ccccc3)ccc2N1,0.0
CN1Cc2cc(NS(=O)(=O)c3ccccc3F)ccc2NC1=O,6.44,1,0.0,6.44,6.44,2012,2012,1,1,O=C1NCc2cc(NS(=O)(=O)c3ccccc3)ccc2N1,0.0
CN1Cc2cc(S(=O)(=O)N3CCCC3)ccc2NC1=O,5.32,1,0.0,5.32,5.32,2012,2012,1,1,O=C1NCc2cc(S(=O)(=O)N3CCCC3)ccc2N1,0.0
CN1Cc2cc(S(=O)(=O)Nc3ccccc3)ccc2NC1=O,5.36,1,0.0,5.36,5.36,2012,2012,1,1,O=C1NCc2cc(S(=O)(=O)Nc3ccccc3)ccc2N1,0.0
CN1Cc2ccccc2NC1=O,4.41,1,0.0,4.41,4.41,2012,2012,1,1,O=C1NCc2ccccc2N1,0.0
CN1N=NC2C=CC(N3C(=O)c4nc(C5=CCOCC5)n(C5COC5)c4C3c3ccc(Cl)cc3)=CC21,7.67,1,0.0,7.67,7.67,2018,2018,1,1,O=C1c2nc(C3=CCOCC3)n(C3COC3)c2C(c2ccccc2)N1C1=CC2NN=NC2C=C1,0.0
CNC(=N)c1cc2c(=O)n(C)cc(-c3ccc(OC)c(OC)c3)c2s1,5.9,1,0.0,5.9,5.9,2016,2016,1,1,O=c1[nH]cc(-c2ccccc2)c2sccc12,0.0
CNC(=O)C1(c2ccccn2)COc2c(-c3c(C)noc3C)ccc3[nH]c(=O)n1c23,6.26,1,0.0,6.26,6.26,2017,2017,1,1,O=c1[nH]c2ccc(-c3cnoc3)c3c2n1C(c1ccccn1)CO3,0.0
CNC(=O)C1CCN(c2ccc(Nc3ncc4ccn(-c5ccc(F)c(NS(=O)(=O)C(C)(C)C)c5)c4n3)cc2F)CC1,6.13,1,0.0,6.13,6.13,2022,2022,1,1,c1ccc(-n2ccc3cnc(Nc4ccc(N5CCCCC5)cc4)nc32)cc1,0.0
CNC(=O)C1Oc2c(-c3c(C)noc3C)cc(-c3ccccn3)c3[nH]c(=O)n(c23)C1c1ccccn1,6.26,1,0.0,6.26,6.26,2019,2019,1,1,O=c1[nH]c2c(-c3ccccn3)cc(-c3cnoc3)c3c2n1C(c1ccccn1)CO3,0.0
CNC(=O)C1Oc2c(-c3c(C)noc3C)ccc3[nH]c(=O)n(c23)C1c1ccccn1,6.26,2,0.0,6.26,6.26,2017,2017,1,2,O=c1[nH]c2ccc(-c3cnoc3)c3c2n1C(c1ccccn1)CO3,0.0
CNC(=O)CN1C(=O)C(C(C)C)Oc2c(-c3cn(C)c(=O)c4[nH]ccc34)cc(OC)cc21,6.26,1,0.0,6.26,6.26,2018,2018,1,1,O=C1COc2c(cccc2-c2c[nH]c(=O)c3[nH]ccc23)N1,0.0
CNC(=O)Cn1cc(C)c2c1C(c1ccc(Cl)cc1)N(c1cc(C)c3nnc(C)n3c1)C2=O,7.07,1,0.0,7.07,7.07,2017,2017,1,1,O=C1c2cc[nH]c2C(c2ccccc2)N1c1ccc2nncn2c1,0.0
CNC(=O)N1CC(c2nc(-c3cccc4nc(-c5cnn(C)c5)c(C(F)F)cc34)c3n2C(C)C(=O)N(C)C3)C1,7.09,1,0.0,7.09,7.09,2021,2021,1,1,O=C1Cn2c(C3CNC3)nc(-c3cccc4nc(-c5cn[nH]c5)ccc34)c2CN1,0.0
CNC(=O)N1CCC(c2nc(-c3cccc4nc(-c5cnn(C)c5)c(C(F)F)cc34)c3n2C(C)C(=O)N(C)C3)CC1,7.41,1,0.0,7.41,7.41,2021,2021,1,1,O=C1Cn2c(C3CCNCC3)nc(-c3cccc4nc(-c5cn[nH]c5)ccc34)c2CN1,0.0
CNC(=O)N1CCN(c2ccc(Nc3ncc4ccn(-c5cccc(NS(=O)(=O)C(C)(C)C)c5)c4n3)cc2)CC1,5.5,1,0.0,5.5,5.5,2022,2022,1,1,c1ccc(-n2ccc3cnc(Nc4ccc(N5CCNCC5)cc4)nc32)cc1,0.0
CNC(=O)N1CCOc2ccc(N3CCCc4cc(-c5cnn(C)c5)c(C(F)F)cc43)cc2C1,5.13,1,0.0,5.13,5.13,2017,2017,1,1,c1cc2c(cc1-c1cn[nH]c1)CCCN2c1ccc2c(c1)CNCCO2,0.0
CNC(=O)N1CCc2c(c(-c3cccc4cc(-c5cnn(C)c5)c(C(F)F)cc34)nn2C2CCOCC2)C1,5.29,1,0.0,5.29,5.29,2018,2018,1,1,c1cc(-c2nn(C3CCOCC3)c3c2CNCC3)c2ccc(-c3cn[nH]c3)cc2c1,0.0
CNC(=O)N1CCc2c(c(N3CCCc4cc(-c5cnn(C)c5)c(C(F)F)cc43)nn2C2CCOCC2)C1,5.29,1,0.0,5.29,5.29,2017,2017,1,1,c1cc2c(cc1-c1cn[nH]c1)CCCN2c1nn(C2CCOCC2)c2c1CNCC2,0.0
CNC(=O)N1CCc2c(c(Nc3cc(-c4cnn(C)c4)cc(S(=O)(=O)N(C)C)c3)nn2C2CCOCC2)C1,5.15,1,0.0,5.15,5.15,2017,2017,1,1,c1cc(Nc2nn(C3CCOCC3)c3c2CNCC3)cc(-c2cn[nH]c2)c1,0.0
CNC(=O)N1CCc2c(c(Nc3cc(C#N)c(-c4cnn(C)c4)cc3F)nn2C2CCOCC2)C1,4.75,1,0.0,4.75,4.75,2017,2017,1,1,c1cc(-c2cn[nH]c2)ccc1Nc1nn(C2CCOCC2)c2c1CNCC2,0.0
CNC(=O)N1CCc2c(c(Nc3cc(C(F)F)c(-c4ccnc(OC)c4)cc3F)nn2C2CCOCC2)C1,5.42,1,0.0,5.42,5.42,2017,2017,1,1,c1cc(-c2ccc(Nc3nn(C4CCOCC4)c4c3CNCC4)cc2)ccn1,0.0
CNC(=O)N1CCc2c(c(Nc3cc(C(F)F)c(-c4cnn(C)c4)cc3F)nn2C2CCN(C(C)=O)CC2)C1,5.05,1,0.0,5.05,5.05,2017,2017,1,1,c1cc(-c2cn[nH]c2)ccc1Nc1nn(C2CCNCC2)c2c1CNCC2,0.0
CNC(=O)N1CCc2c(c(Nc3cc(C(F)F)c(-c4cnn(C)c4)cc3F)nn2C2CCOCC2)C1,4.93,1,0.0,4.93,4.93,2017,2017,1,1,c1cc(-c2cn[nH]c2)ccc1Nc1nn(C2CCOCC2)c2c1CNCC2,0.0
CNC(=O)N1CCc2c(c(Nc3cc(C(F)F)c(-c4cnn(C)c4)cc3F)nn2C2CCS(=O)(=O)CC2)C1,5.1,1,0.0,5.1,5.1,2017,2017,1,1,O=S1(=O)CCC(n2nc(Nc3ccc(-c4cn[nH]c4)cc3)c3c2CCNC3)CC1,0.0
CNC(=O)N1CCc2c(c(Nc3cc(C(F)F)c(-c4cnn(C)c4)cc3F)nn2[C@H]2CCOC2)C1,4.84,1,0.0,4.84,4.84,2017,2017,1,1,c1cc(-c2cn[nH]c2)ccc1Nc1nn(C2CCOC2)c2c1CNCC2,0.0
CNC(=O)N1CCc2c(c(Nc3cc(F)c(-c4cnn(C)c4)cc3F)nn2C2CCOCC2)C1,4.91,1,0.0,4.91,4.91,2017,2017,1,1,c1cc(-c2cn[nH]c2)ccc1Nc1nn(C2CCOCC2)c2c1CNCC2,0.0
CNC(=O)N1CCc2c(c(Nc3ccc(-c4cn(C)nc4C(F)(F)F)cc3F)nn2C2CCOCC2)C1,4.81,1,0.0,4.81,4.81,2017,2017,1,1,c1cc(-c2cn[nH]c2)ccc1Nc1nn(C2CCOCC2)c2c1CNCC2,0.0
CNC(=O)N1CCc2c(c(Nc3cccc(-c4cnn(C)c4)c3F)nn2C2CCOCC2)C1,4.9,1,0.0,4.9,4.9,2017,2017,1,1,c1cc(Nc2nn(C3CCOCC3)c3c2CNCC3)cc(-c2cn[nH]c2)c1,0.0
CNC(=O)N1CCn2c(C3CC(F)(F)C3)nc(-c3c(F)ccc4cc(-c5cnc(C)s5)ncc34)c2C1,5.26,1,0.0,5.26,5.26,2021,2021,1,1,c1cc(-c2nc(C3CCC3)n3c2CNCC3)c2cnc(-c3cncs3)cc2c1,0.0
CNC(=O)N1CCn2c(C3CC(F)(F)C3)nc(-c3c(F)ccc4cc(C5CCOCC5)ncc34)c2C1,4.65,1,0.0,4.65,4.65,2021,2021,1,1,c1cc(-c2nc(C3CCC3)n3c2CNCC3)c2cnc(C3CCOCC3)cc2c1,0.0
CNC(=O)N1CCn2c(C3CC(F)(F)C3)nc(-c3cccc4cc(-c5ccn(C)n5)ncc34)c2C1,4.83,1,0.0,4.83,4.83,2021,2021,1,1,c1cc(-c2nc(C3CCC3)n3c2CNCC3)c2cnc(-c3cc[nH]n3)cc2c1,0.0
CNC(=O)N1CCn2c(C3CC(F)(F)C3)nc(-c3cccc4cc(-c5cn(C)nc5C)ncc34)c2C1,4.87,1,0.0,4.87,4.87,2021,2021,1,1,c1cc(-c2nc(C3CCC3)n3c2CNCC3)c2cnc(-c3cn[nH]c3)cc2c1,0.0
CNC(=O)N1CCn2c(C3CC(F)(F)C3)nc(-c3cccc4cc(C5CCOCC5)ncc34)c2C1,4.74,1,0.0,4.74,4.74,2021,2021,1,1,c1cc(-c2nc(C3CCC3)n3c2CNCC3)c2cnc(C3CCOCC3)cc2c1,0.0
CNC(=O)N1CCn2c(C3CC(F)(F)C3)nc(-c3cccc4nc(-c5cnn(C)c5)c(C(F)(F)F)cc34)c2C1,4.6,1,0.0,4.6,4.6,2021,2021,1,1,c1cc(-c2nc(C3CCC3)n3c2CNCC3)c2ccc(-c3cn[nH]c3)nc2c1,0.0
CNC(=O)N1CCn2c(C3CC3(F)F)nc(-c3cccc4nc(-c5cnn(C)c5)c(C(F)F)cc34)c2C1,4.8,1,0.0,4.8,4.8,2021,2021,1,1,c1cc(-c2nc(C3CC3)n3c2CNCC3)c2ccc(-c3cn[nH]c3)nc2c1,0.0
CNC(=O)N1CCn2c(C3CC3)nc(-c3c(F)ccc4cc(-c5cn(C)nc5C)ncc34)c2C1,4.77,1,0.0,4.77,4.77,2021,2021,1,1,c1cc(-c2nc(C3CC3)n3c2CNCC3)c2cnc(-c3cn[nH]c3)cc2c1,0.0
CNC(=O)N1CCn2c(C3CC3)nc(-c3c(F)ccc4cc(-c5cnc(C)s5)ncc34)c2C1,5.15,1,0.0,5.15,5.15,2021,2021,1,1,c1cc(-c2nc(C3CC3)n3c2CNCC3)c2cnc(-c3cncs3)cc2c1,0.0
CNC(=O)N1CCn2c(C3CC3)nc(-c3c(F)ccc4nc(-c5cnc(C)s5)c(C#N)cc34)c2C1,5.1,1,0.0,5.1,5.1,2021,2021,1,1,c1cc(-c2nc(C3CC3)n3c2CNCC3)c2ccc(-c3cncs3)nc2c1,0.0
CNC(=O)N1CCn2c(C3CC3)nc(-c3c[nH]c4cc(-c5cnn(C)c5)ncc34)c2C1,4.7,1,0.0,4.7,4.7,2021,2021,1,1,c1n[nH]cc1-c1cc2[nH]cc(-c3nc(C4CC4)n4c3CNCC4)c2cn1,0.0
CNC(=O)N1CCn2c(C3CC3)nc(-c3ccc4c(c3)c(-c3cnn(C)c3)nn4C)c2C1,5.12,1,0.0,5.12,5.12,2021,2021,1,1,c1cc2[nH]nc(-c3cn[nH]c3)c2cc1-c1nc(C2CC2)n2c1CNCC2,0.0
CNC(=O)N1CCn2c(C3CC3)nc(-c3cccc4cc(-c5cn(C)nc5C)ncc34)c2C1,4.99,1,0.0,4.99,4.99,2021,2021,1,1,c1cc(-c2nc(C3CC3)n3c2CNCC3)c2cnc(-c3cn[nH]c3)cc2c1,0.0
CNC(=O)N1CCn2c(C3CC3)nc(-c3cccc4cc(-c5cnc(C)s5)ncc34)c2C1,5.41,1,0.0,5.41,5.41,2021,2021,1,1,c1cc(-c2nc(C3CC3)n3c2CNCC3)c2cnc(-c3cncs3)cc2c1,0.0
CNC(=O)N1CCn2c(C3CC3)nc(-c3cccc4cc(-c5cnn(C)c5)ncc34)c2C1,5.130000000000001,2,0.08485281374238547,5.07,5.19,2021,2021,1,1,c1cc(-c2nc(C3CC3)n3c2CNCC3)c2cnc(-c3cn[nH]c3)cc2c1,0.1200000000000001
CNC(=O)N1CCn2c(C3CC3)nc(-c3cccc4nc(-c5cn(C)nc5C)c(C#N)cc34)c2C1,5.02,1,0.0,5.02,5.02,2021,2021,1,1,c1cc(-c2nc(C3CC3)n3c2CNCC3)c2ccc(-c3cn[nH]c3)nc2c1,0.0
CNC(=O)N1CCn2c(C3CC3)nc(-c3cccc4nc(-c5cn(C)nc5C)c(C(F)(F)F)cc34)c2C1,4.61,1,0.0,4.61,4.61,2021,2021,1,1,c1cc(-c2nc(C3CC3)n3c2CNCC3)c2ccc(-c3cn[nH]c3)nc2c1,0.0
CNC(=O)N1CCn2c(C3CC3)nc(-c3cccc4nc(-c5cnn(C)c5)c(C(F)(F)F)cc34)c2C1,4.87,1,0.0,4.87,4.87,2021,2021,1,1,c1cc(-c2nc(C3CC3)n3c2CNCC3)c2ccc(-c3cn[nH]c3)nc2c1,0.0
CNC(=O)N1CCn2c(C3CC3)nc(-c3cccc4nc(-c5cnn(C)c5)c(C(F)F)cc34)c2C1,4.76,1,0.0,4.76,4.76,2021,2021,1,1,c1cc(-c2nc(C3CC3)n3c2CNCC3)c2ccc(-c3cn[nH]c3)nc2c1,0.0
CNC(=O)N1CCn2c(C3CC3)nc(-c3cccc4nc(-c5cnn(C)c5)ncc34)c2C1,4.84,1,0.0,4.84,4.84,2021,2021,1,1,c1cc(-c2nc(C3CC3)n3c2CNCC3)c2cnc(-c3cn[nH]c3)nc2c1,0.0
CNC(=O)N1CCn2c(C3CC3)nc(-c3cccc4nc(N5CCOCC5)c(C#N)cc34)c2C1,5.04,1,0.0,5.04,5.04,2021,2021,1,1,c1cc(-c2nc(C3CC3)n3c2CNCC3)c2ccc(N3CCOCC3)nc2c1,0.0
CNC(=O)N1CCn2c(C3CC3)nc(-c3ccnc4cc(-c5cnn(C)c5)c(OC(F)(F)F)cc34)c2C1,5.05,1,0.0,5.05,5.05,2021,2021,1,1,c1cc(-c2nc(C3CC3)n3c2CNCC3)c2ccc(-c3cn[nH]c3)cc2n1,0.0
CNC(=O)N1CCn2c(C3CC3)nc(-c3ccnc4nc(-c5cnn(C)c5)c(C(F)F)cc34)c2C1,5.01,1,0.0,5.01,5.01,2021,2021,1,1,c1cc(-c2nc(C3CC3)n3c2CNCC3)c2ccc(-c3cn[nH]c3)nc2n1,0.0
CNC(=O)N1CCn2c(C3CC3)nc(-c3cncc4cc(-c5cnn(C)c5)c(C(F)F)cc34)c2C1,5.32,1,0.0,5.32,5.32,2021,2021,1,1,c1cc2c(-c3nc(C4CC4)n4c3CNCC4)cncc2cc1-c1cn[nH]c1,0.0
CNC(=O)N1CCn2c(C3CC3)nc(-c3csc4cc(-c5cnn(C)c5)ncc34)c2C1,4.83,1,0.0,4.83,4.83,2021,2021,1,1,c1n[nH]cc1-c1cc2scc(-c3nc(C4CC4)n4c3CNCC4)c2cn1,0.0
CNC(=O)N1CCn2c(C3CCC(F)(F)C3)nc(-c3cccc4nc(-c5cnn(C)c5)c(C(F)F)cc34)c2C1,4.86,1,0.0,4.86,4.86,2021,2021,1,1,c1cc(-c2nc(C3CCCC3)n3c2CNCC3)c2ccc(-c3cn[nH]c3)nc2c1,0.0
CNC(=O)N1CCn2c(C3CCC(F)(F)CC3)nc(-c3c(F)ccc4cc(-c5cn(C)nc5C)ncc34)c2C1,4.98,1,0.0,4.98,4.98,2021,2021,1,1,c1cc(-c2nc(C3CCCCC3)n3c2CNCC3)c2cnc(-c3cn[nH]c3)cc2c1,0.0
CNC(=O)N1CCn2c(C3CCC(F)(F)CC3)nc(-c3c(F)ccc4cc(-c5cnc(C)s5)ncc34)c2C1,5.48,1,0.0,5.48,5.48,2021,2021,1,1,c1cc(-c2nc(C3CCCCC3)n3c2CNCC3)c2cnc(-c3cncs3)cc2c1,0.0
CNC(=O)N1CCn2c(C3CCC(F)(F)CC3)nc(-c3c(F)ccc4cc(-c5cnn(C)c5)ncc34)c2C1,4.95,1,0.0,4.95,4.95,2021,2021,1,1,c1cc(-c2nc(C3CCCCC3)n3c2CNCC3)c2cnc(-c3cn[nH]c3)cc2c1,0.0
CNC(=O)N1CCn2c(C3CCC(F)(F)CC3)nc(-c3c(F)ccc4cc(C5CCOCC5)ncc34)c2C1,4.99,1,0.0,4.99,4.99,2021,2021,1,1,c1cc(-c2nc(C3CCCCC3)n3c2CNCC3)c2cnc(C3CCOCC3)cc2c1,0.0
CNC(=O)N1CCn2c(C3CCC(F)(F)CC3)nc(-c3cccc4cc(-c5ccn(C)n5)ncc34)c2C1,4.92,1,0.0,4.92,4.92,2021,2021,1,1,c1cc(-c2nc(C3CCCCC3)n3c2CNCC3)c2cnc(-c3cc[nH]n3)cc2c1,0.0
CNC(=O)N1CCn2c(C3CCC(F)(F)CC3)nc(-c3cccc4cc(-c5cn(C)nc5C)ncc34)c2C1,4.92,1,0.0,4.92,4.92,2021,2021,1,1,c1cc(-c2nc(C3CCCCC3)n3c2CNCC3)c2cnc(-c3cn[nH]c3)cc2c1,0.0
CNC(=O)N1CCn2c(C3CCC(F)(F)CC3)nc(-c3cccc4cc(C5CCOCC5)ncc34)c2C1,4.92,1,0.0,4.92,4.92,2021,2021,1,1,c1cc(-c2nc(C3CCCCC3)n3c2CNCC3)c2cnc(C3CCOCC3)cc2c1,0.0
CNC(=O)N1CCn2c(C3CCC(F)(F)CC3)nc(-c3cccc4nc(-c5cnn(C)c5)c(C#N)cc34)c2C1,4.75,1,0.0,4.75,4.75,2021,2021,1,1,c1cc(-c2nc(C3CCCCC3)n3c2CNCC3)c2ccc(-c3cn[nH]c3)nc2c1,0.0
CNC(=O)N1CCn2c(C3CCC(F)(F)CC3)nc(-c3cccc4nc(-c5cnn(C)c5)c(C(F)(F)F)cc34)c2C1,4.87,1,0.0,4.87,4.87,2021,2021,1,1,c1cc(-c2nc(C3CCCCC3)n3c2CNCC3)c2ccc(-c3cn[nH]c3)nc2c1,0.0
CNC(=O)N1CCn2c(C3CCC(F)(F)CC3)nc(-c3cccc4nc(-c5cnn(C)c5)c(C(F)F)cc34)c2C1,4.72,1,0.0,4.72,4.72,2021,2021,1,1,c1cc(-c2nc(C3CCCCC3)n3c2CNCC3)c2ccc(-c3cn[nH]c3)nc2c1,0.0
CNC(=O)N1CCn2c(C3CCOC3)nc(-c3ccc4c(c3)c(-c3cnn(C)c3)nn4C)c2C1,5.09,1,0.0,5.09,5.09,2021,2021,1,1,c1cc2[nH]nc(-c3cn[nH]c3)c2cc1-c1nc(C2CCOC2)n2c1CNCC2,0.0
CNC(=O)N1CCn2c(C3CCOCC3)nc(-c3c(F)ccc4cc(-c5cnc(C)s5)ncc34)c2C1,5.3149999999999995,2,0.2050609665440991,5.17,5.46,2021,2021,1,1,c1cc(-c2nc(C3CCOCC3)n3c2CNCC3)c2cnc(-c3cncs3)cc2c1,0.29000000000000004
CNC(=O)N1CCn2c(C3CCOCC3)nc(-c3c(F)ccc4cc(C5CCOCC5)ncc34)c2C1,4.71,1,0.0,4.71,4.71,2021,2021,1,1,c1cc(-c2nc(C3CCOCC3)n3c2CNCC3)c2cnc(C3CCOCC3)cc2c1,0.0
CNC(=O)N1CCn2c(C3CCOCC3)nc(-c3cccc4cc(-c5cn(C)nc5C)ncc34)c2C1,4.91,1,0.0,4.91,4.91,2021,2021,1,1,c1cc(-c2nc(C3CCOCC3)n3c2CNCC3)c2cnc(-c3cn[nH]c3)cc2c1,0.0
CNC(=O)N1CCn2c(C3CCOCC3)nc(-c3cccc4cc(-c5cnn(C)c5)ncc34)c2C1,4.95,1,0.0,4.95,4.95,2021,2021,1,1,c1cc(-c2nc(C3CCOCC3)n3c2CNCC3)c2cnc(-c3cn[nH]c3)cc2c1,0.0
CNC(=O)N1CCn2c(C3CCOCC3)nc(-c3cccc4cc(N5CCOCC5)ncc34)c2C1,4.63,1,0.0,4.63,4.63,2021,2021,1,1,c1cc(-c2nc(C3CCOCC3)n3c2CNCC3)c2cnc(N3CCOCC3)cc2c1,0.0
CNC(=O)N1CCn2c(C3CCOCC3)nc(-c3cccc4nc(-c5cnn(C)c5)c(C#N)cc34)c2C1,4.64,1,0.0,4.64,4.64,2021,2021,1,1,c1cc(-c2nc(C3CCOCC3)n3c2CNCC3)c2ccc(-c3cn[nH]c3)nc2c1,0.0
CNC(=O)N1CCn2c(C3CCOCC3)nc(-c3cccc4nc(-c5cnn(C)c5)c(C(F)(F)F)cc34)c2C1,4.86,1,0.0,4.86,4.86,2021,2021,1,1,c1cc(-c2nc(C3CCOCC3)n3c2CNCC3)c2ccc(-c3cn[nH]c3)nc2c1,0.0
CNC(=O)N1CCn2c(C3CCS(=O)(=O)CC3)nc(-c3ccc4c(c3)c(-c3cnn(C)c3)nn4C)c2C1,4.66,1,0.0,4.66,4.66,2021,2021,1,1,O=S1(=O)CCC(c2nc(-c3ccc4[nH]nc(-c5cn[nH]c5)c4c3)c3n2CCNC3)CC1,0.0
CNC(=O)N1Cc2c(-c3cccc4cc(-c5cnn(C)c5)ncc34)nc(C3CC3)n2C(C)C1,4.77,1,0.0,4.77,4.77,2021,2021,1,1,c1cc(-c2nc(C3CC3)n3c2CNCC3)c2cnc(-c3cn[nH]c3)cc2c1,0.0
CNC(=O)Nc1cccc(-c2csc3c(=O)cc(N4CCOCC4)oc23)c1,6.1,2,0.2121320343559638,5.95,6.25,2016,2016,1,2,O=c1cc(N2CCOCC2)oc2c(-c3ccccc3)csc12,0.2999999999999998
CNC(=O)Nc1cn(C)c2c1C(=O)N(c1cc(C)c3nnn(C)c3c1)C2c1ccc(Cl)cc1,7.47,1,0.0,7.47,7.47,2017,2017,1,1,O=C1c2cc[nH]c2C(c2ccccc2)N1c1ccc2nn[nH]c2c1,0.0
CNC(=O)c1c[nH]c2c(C(C)C)nc(N3CCCc4cc(-c5cnn(C)c5)c(C(F)F)cc43)cc12,5.64,1,0.0,5.64,5.64,2017,2017,1,1,c1cc2cc(N3CCCc4cc(-c5cn[nH]c5)ccc43)ncc2[nH]1,0.0
CNC(=O)c1c[nH]c2ccc(N3CCCc4cc(-c5cnn(C)c5)c(C(F)F)cc43)cc12,4.92,1,0.0,4.92,4.92,2017,2017,1,1,c1cc2cc(N3CCCc4cc(-c5cn[nH]c5)ccc43)ccc2[nH]1,0.0
CNC(=O)c1c[nH]c2cnc(N3CCCc4cc(-c5cnn(C)c5)c(C(F)F)cc43)cc12,5.41,1,0.0,5.41,5.41,2017,2017,1,1,c1cc2cc(N3CCCc4cc(-c5cn[nH]c5)ccc43)ncc2[nH]1,0.0
CNC(=O)c1cc(C(=O)NC(C)C)cn(Cc2ccccc2)c1=O,5.0,1,0.0,5.0,5.0,2020,2020,1,1,O=c1ccccn1Cc1ccccc1,0.0
CNC(=O)c1cc(C(=O)NC)c(=O)n(Cc2ccccc2)c1,5.1,1,0.0,5.1,5.1,2020,2020,1,1,O=c1ccccn1Cc1ccccc1,0.0
CNC(=O)c1cc(C(=O)NC)c2c(c1)[C@H](c1ccccc1)CO2,5.2,1,0.0,5.2,5.2,2021,2021,1,1,c1ccc(C2COc3ccccc32)cc1,0.0
CNC(=O)c1cc(C(=O)NC)c2c(c1)[C@](C)(c1ccccc1)CO2,5.3,1,0.0,5.3,5.3,2021,2021,1,1,c1ccc(C2COc3ccccc32)cc1,0.0
CNC(=O)c1cc(C(=O)NC2CC2)cc2c1OC[C@@]2(C)c1ccccc1,4.5,1,0.0,4.5,4.5,2021,2021,1,1,O=C(NC1CC1)c1ccc2c(c1)C(c1ccccc1)CO2,0.0
CNC(=O)c1cc(C(=O)NC2CC2)cc2c1OC[C@H]2c1ccc(F)cc1,4.7,1,0.0,4.7,4.7,2021,2021,1,1,O=C(NC1CC1)c1ccc2c(c1)C(c1ccccc1)CO2,0.0
CNC(=O)c1cc(C(=O)NC2CC2)cc2c1OC[C@H]2c1cccc(F)c1,4.8,1,0.0,4.8,4.8,2021,2021,1,1,O=C(NC1CC1)c1ccc2c(c1)C(c1ccccc1)CO2,0.0
CNC(=O)c1cc(C(=O)NC2CC2)cc2c1OC[C@H]2c1cccc(OC)c1,4.7,1,0.0,4.7,4.7,2021,2021,1,1,O=C(NC1CC1)c1ccc2c(c1)C(c1ccccc1)CO2,0.0
CNC(=O)c1cc(C(=O)NC2CC2)cc2c1OC[C@H]2c1cccc2[nH]ccc12,5.0,1,0.0,5.0,5.0,2021,2021,1,1,O=C(NC1CC1)c1ccc2c(c1)C(c1cccc3[nH]ccc13)CO2,0.0
CNC(=O)c1cc(C(=O)NC2CC2)cc2c1OC[C@H]2c1ccccc1,4.8,1,0.0,4.8,4.8,2021,2021,1,1,O=C(NC1CC1)c1ccc2c(c1)C(c1ccccc1)CO2,0.0
CNC(=O)c1cc(C(=O)NC2CC2)cn(CC2CCCCC2)c1=O,5.0,1,0.0,5.0,5.0,2020,2020,1,1,O=C(NC1CC1)c1ccc(=O)n(CC2CCCCC2)c1,0.0
CNC(=O)c1cc(C(=O)NC2CC2)cn(CC2CCCCO2)c1=O,4.5,1,0.0,4.5,4.5,2020,2020,1,1,O=C(NC1CC1)c1ccc(=O)n(CC2CCCCO2)c1,0.0
CNC(=O)c1cc(C(=O)NC2CC2)cn(CC2CCCOC2)c1=O,4.4,1,0.0,4.4,4.4,2020,2020,1,1,O=C(NC1CC1)c1ccc(=O)n(CC2CCCOC2)c1,0.0
CNC(=O)c1cc(C(=O)NC2CC2)cn(CC2CCOCC2)c1=O,4.6,1,0.0,4.6,4.6,2020,2020,1,1,O=C(NC1CC1)c1ccc(=O)n(CC2CCOCC2)c1,0.0
CNC(=O)c1cc(C(=O)NC2CC2)cn(Cc2ccc(C)cc2)c1=O,5.0,1,0.0,5.0,5.0,2020,2020,1,1,O=C(NC1CC1)c1ccc(=O)n(Cc2ccccc2)c1,0.0
CNC(=O)c1cc(C(=O)NC2CC2)cn(Cc2ccc(F)cc2)c1=O,5.0,1,0.0,5.0,5.0,2020,2020,1,1,O=C(NC1CC1)c1ccc(=O)n(Cc2ccccc2)c1,0.0
CNC(=O)c1cc(C(=O)NC2CC2)cn(Cc2ccc(OC)cc2)c1=O,4.7,1,0.0,4.7,4.7,2020,2020,1,1,O=C(NC1CC1)c1ccc(=O)n(Cc2ccccc2)c1,0.0
CNC(=O)c1cc(C(=O)NC2CC2)cn(Cc2ccc3nc[nH]c3c2)c1=O,4.4,1,0.0,4.4,4.4,2020,2020,1,1,O=C(NC1CC1)c1ccc(=O)n(Cc2ccc3nc[nH]c3c2)c1,0.0
CNC(=O)c1cc(C(=O)NC2CC2)cn(Cc2cccc(C#N)c2)c1=O,4.4,1,0.0,4.4,4.4,2020,2020,1,1,O=C(NC1CC1)c1ccc(=O)n(Cc2ccccc2)c1,0.0
CNC(=O)c1cc(C(=O)NC2CC2)cn(Cc2cccc(C)c2)c1=O,4.8,1,0.0,4.8,4.8,2020,2020,1,1,O=C(NC1CC1)c1ccc(=O)n(Cc2ccccc2)c1,0.0
CNC(=O)c1cc(C(=O)NC2CC2)cn(Cc2cccc(CCN3CCOCC3)c2)c1=O,4.1,1,0.0,4.1,4.1,2020,2020,1,1,O=C(NC1CC1)c1ccc(=O)n(Cc2cccc(CCN3CCOCC3)c2)c1,0.0
CNC(=O)c1cc(C(=O)NC2CC2)cn(Cc2cccc(F)c2)c1=O,4.7,1,0.0,4.7,4.7,2020,2020,1,1,O=C(NC1CC1)c1ccc(=O)n(Cc2ccccc2)c1,0.0
CNC(=O)c1cc(C(=O)NC2CC2)cn(Cc2cccc(OC)c2)c1=O,4.4,1,0.0,4.4,4.4,2020,2020,1,1,O=C(NC1CC1)c1ccc(=O)n(Cc2ccccc2)c1,0.0
CNC(=O)c1cc(C(=O)NC2CC2)cn(Cc2cccc([C@@H](C)O)c2)c1=O,4.1,1,0.0,4.1,4.1,2020,2020,1,1,O=C(NC1CC1)c1ccc(=O)n(Cc2ccccc2)c1,0.0
CNC(=O)c1cc(C(=O)NC2CC2)cn(Cc2cccc3[nH]c(C)nc23)c1=O,4.4,1,0.0,4.4,4.4,2020,2020,1,1,O=C(NC1CC1)c1ccc(=O)n(Cc2cccc3[nH]cnc23)c1,0.0
CNC(=O)c1cc(C(=O)NC2CC2)cn(Cc2cccc3[nH]ccc23)c1=O,4.7,1,0.0,4.7,4.7,2020,2020,1,1,O=C(NC1CC1)c1ccc(=O)n(Cc2cccc3[nH]ccc23)c1,0.0
CNC(=O)c1cc(C(=O)NC2CC2)cn(Cc2cccc3[nH]ncc23)c1=O,4.5,1,0.0,4.5,4.5,2020,2020,1,1,O=C(NC1CC1)c1ccc(=O)n(Cc2cccc3[nH]ncc23)c1,0.0
CNC(=O)c1cc(C(=O)NC2CC2)cn(Cc2cccc3c2CCN3)c1=O,4.6,1,0.0,4.6,4.6,2020,2020,1,1,O=C(NC1CC1)c1ccc(=O)n(Cc2cccc3c2CCN3)c1,0.0
CNC(=O)c1cc(C(=O)NC2CC2)cn(Cc2cccc3cc[nH]c23)c1=O,4.6,1,0.0,4.6,4.6,2020,2020,1,1,O=C(NC1CC1)c1ccc(=O)n(Cc2cccc3cc[nH]c23)c1,0.0
CNC(=O)c1cc(C(=O)NC2CC2)cn(Cc2cccc3occc23)c1=O,4.4,1,0.0,4.4,4.4,2020,2020,1,1,O=C(NC1CC1)c1ccc(=O)n(Cc2cccc3occc23)c1,0.0
CNC(=O)c1cc(C(=O)NC2CC2)cn(Cc2ccccc2)c1=O,4.8,1,0.0,4.8,4.8,2020,2020,1,1,O=C(NC1CC1)c1ccc(=O)n(Cc2ccccc2)c1,0.0
CNC(=O)c1cc(C(=O)NC2CC2)cn(Cc2ccccc2F)c1=O,4.8,1,0.0,4.8,4.8,2020,2020,1,1,O=C(NC1CC1)c1ccc(=O)n(Cc2ccccc2)c1,0.0
CNC(=O)c1cc(C(=O)NC2CC2)cn([C@H](C)c2ccccc2)c1=O,4.9,1,0.0,4.9,4.9,2020,2020,1,1,O=C(NC1CC1)c1ccc(=O)n(Cc2ccccc2)c1,0.0
CNC(=O)c1cc(C(=O)NC2CCC2)cn(Cc2cccc(NC)c2)c1=O,4.6,1,0.0,4.6,4.6,2020,2020,1,1,O=C(NC1CCC1)c1ccc(=O)n(Cc2ccccc2)c1,0.0
CNC(=O)c1cc(C(=O)NC2CCC2)cn(Cc2ccccc2)c1=O,4.7,1,0.0,4.7,4.7,2020,2020,1,1,O=C(NC1CCC1)c1ccc(=O)n(Cc2ccccc2)c1,0.0
CNC(=O)c1cc(C(=O)NC2CCOCC2)cn(Cc2ccccc2)c1=O,4.9,1,0.0,4.9,4.9,2020,2020,1,1,O=C(NC1CCOCC1)c1ccc(=O)n(Cc2ccccc2)c1,0.0
CNC(=O)c1cc(C(=O)NCCC(C)C)cn(Cc2ccccc2)c1=O,4.5,1,0.0,4.5,4.5,2020,2020,1,1,O=c1ccccn1Cc1ccccc1,0.0
CNC(=O)c1cc(C(=O)NCCC2CCOCC2)cn(Cc2ccccc2)c1=O,4.6,1,0.0,4.6,4.6,2020,2020,1,1,O=C(NCCC1CCOCC1)c1ccc(=O)n(Cc2ccccc2)c1,0.0
CNC(=O)c1cc(C(=O)NCCCC2CCCNC2)cn(Cc2ccccc2)c1=O,5.2,1,0.0,5.2,5.2,2020,2020,1,1,O=C(NCCCC1CCCNC1)c1ccc(=O)n(Cc2ccccc2)c1,0.0
CNC(=O)c1cc(C(=O)NCCCC2CNCCO2)cn(Cc2ccccc2)c1=O,5.1,1,0.0,5.1,5.1,2020,2020,1,1,O=C(NCCCC1CNCCO1)c1ccc(=O)n(Cc2ccccc2)c1,0.0
CNC(=O)c1cc(C(=O)NCCC[C@H]2OC[C@H](N)CO2)cc2c1OC[C@H]2c1ccccc1,5.0,1,0.0,5.0,5.0,2021,2021,1,1,O=C(NCCCC1OCCCO1)c1ccc2c(c1)C(c1ccccc1)CO2,0.0
CNC(=O)c1cc(C(=O)NCCO)cn(Cc2ccccc2)c1=O,4.7,1,0.0,4.7,4.7,2020,2020,1,1,O=c1ccccn1Cc1ccccc1,0.0
CNC(=O)c1cc(C(=O)NCCOC)cn(Cc2ccccc2)c1=O,5.1,1,0.0,5.1,5.1,2020,2020,1,1,O=c1ccccn1Cc1ccccc1,0.0
CNC(=O)c1cc(C(=O)NCCc2cnn(C)c2)cc2c1OC[C@H]2c1cccc2[nH]ccc12,4.7,1,0.0,4.7,4.7,2021,2021,1,1,O=C(NCCc1cn[nH]c1)c1ccc2c(c1)C(c1cccc3[nH]ccc13)CO2,0.0
CNC(=O)c1cc(C(=O)N[C@@H]2C[C@H]2C)cc2c1O[C@H](CF)[C@H]2c1ccccc1,5.0,1,0.0,5.0,5.0,2021,2021,1,1,O=C(NC1CC1)c1ccc2c(c1)C(c1ccccc1)CO2,0.0
CNC(=O)c1cc(C(=O)N[C@H]2C[C@@H]2C)cc2c1OC[C@@]2(C)c1ccccc1,4.7,1,0.0,4.7,4.7,2021,2021,1,1,O=C(NC1CC1)c1ccc2c(c1)C(c1ccccc1)CO2,0.0
CNC(=O)c1cc(C(=O)N[C@H]2C[C@@H]2C)cc2c1OC[C@@]2(CO)c1ccccc1,4.6,1,0.0,4.6,4.6,2021,2021,1,1,O=C(NC1CC1)c1ccc2c(c1)C(c1ccccc1)CO2,0.0
CNC(=O)c1cc(C(=O)N[C@H]2C[C@@H]2C)cc2c1OC[C@H]2c1ccccc1,4.8,1,0.0,4.8,4.8,2021,2021,1,1,O=C(NC1CC1)c1ccc2c(c1)C(c1ccccc1)CO2,0.0
CNC(=O)c1cc(C(=O)N[C@H]2[C@@H]3COC[C@@H]32)cc2c1OC[C@@]2(C)c1ccccc1,4.7,1,0.0,4.7,4.7,2021,2021,1,1,O=C(NC1C2COCC21)c1ccc2c(c1)C(c1ccccc1)CO2,0.0
CNC(=O)c1cc(C(=O)N[C@H]2[C@@H]3COC[C@@H]32)cc2c1OC[C@@]2(CO)c1ccccc1,4.7,1,0.0,4.7,4.7,2021,2021,1,1,O=C(NC1C2COCC21)c1ccc2c(c1)C(c1ccccc1)CO2,0.0
CNC(=O)c1cc(C(=O)N[C@H]2[C@@H]3COC[C@@H]32)cc2c1OC[C@H]2C1CCOCC1,4.7,1,0.0,4.7,4.7,2021,2021,1,1,O=C(NC1C2COCC21)c1ccc2c(c1)C(C1CCOCC1)CO2,0.0
CNC(=O)c1cc(C(=O)N[C@H]2[C@@H]3COC[C@@H]32)cc2c1OC[C@H]2c1ccc(F)cc1,4.8,1,0.0,4.8,4.8,2021,2021,1,1,O=C(NC1C2COCC21)c1ccc2c(c1)C(c1ccccc1)CO2,0.0
CNC(=O)c1cc(C(=O)N[C@H]2[C@@H]3COC[C@@H]32)cc2c1OC[C@H]2c1cccc(OC)c1,4.6,1,0.0,4.6,4.6,2021,2021,1,1,O=C(NC1C2COCC21)c1ccc2c(c1)C(c1ccccc1)CO2,0.0
CNC(=O)c1cc(C(=O)N[C@H]2[C@@H]3COC[C@@H]32)cc2c1OC[C@H]2c1cccc2[nH]ccc12,5.3,1,0.0,5.3,5.3,2021,2021,1,1,O=C(NC1C2COCC21)c1ccc2c(c1)C(c1cccc3[nH]ccc13)CO2,0.0
CNC(=O)c1cc(C(=O)N[C@H]2[C@@H]3COC[C@@H]32)cc2c1OC[C@H]2c1ccccc1,4.8,1,0.0,4.8,4.8,2021,2021,1,1,O=C(NC1C2COCC21)c1ccc2c(c1)C(c1ccccc1)CO2,0.0
CNC(=O)c1cc(C(=O)N[C@H]2[C@@H]3COC[C@@H]32)cc2c1OC[C@H]2c1ccccc1C,4.9,1,0.0,4.9,4.9,2021,2021,1,1,O=C(NC1C2COCC21)c1ccc2c(c1)C(c1ccccc1)CO2,0.0
CNC(=O)c1cc(C(=O)N[C@H]2[C@@H]3COC[C@@H]32)cc2c1OC[C@H]2c1cccnc1,4.8,1,0.0,4.8,4.8,2021,2021,1,1,O=C(NC1C2COCC21)c1ccc2c(c1)C(c1cccnc1)CO2,0.0
CNC(=O)c1cc(C(=O)N[C@H]2[C@@H]3COC[C@@H]32)cc2c1OC[C@H]2c1ccncc1,4.8,1,0.0,4.8,4.8,2021,2021,1,1,O=C(NC1C2COCC21)c1ccc2c(c1)C(c1ccncc1)CO2,0.0
CNC(=O)c1cc(C(=O)N[C@H]2[C@@H]3COC[C@@H]32)cc2c1O[C@H](CF)[C@H]2c1ccccc1,7.8,1,0.0,7.8,7.8,2021,2021,1,1,O=C(NC1C2COCC21)c1ccc2c(c1)C(c1ccccc1)CO2,0.0
CNC(=O)c1cc(C(=O)N[C@H]2[C@@H]3C[C@@H](O)C[C@@H]32)cc2c1OC[C@@]2(C)c1ccccc1,4.8,1,0.0,4.8,4.8,2021,2021,1,1,O=C(NC1C2CCCC21)c1ccc2c(c1)C(c1ccccc1)CO2,0.0
CNC(=O)c1cc(C(=O)N[C@H]2[C@@H]3C[C@@H](O)C[C@@H]32)cc2c1OC[C@H]2c1ccccc1,4.6,1,0.0,4.6,4.6,2021,2021,1,1,O=C(NC1C2CCCC21)c1ccc2c(c1)C(c1ccccc1)CO2,0.0
CNC(=O)c1cc(C(=O)N[C@H]2[C@@H]3C[C@H](O)C[C@@H]32)cc2c1OC[C@@]2(C)c1ccccc1,4.7,1,0.0,4.7,4.7,2021,2021,1,1,O=C(NC1C2CCCC21)c1ccc2c(c1)C(c1ccccc1)CO2,0.0
CNC(=O)c1cc(C(=O)Nc2cnn(C)c2)cc2c1OC[C@H]2c1ccccc1,5.3,1,0.0,5.3,5.3,2021,2021,1,1,O=C(Nc1cn[nH]c1)c1ccc2c(c1)C(c1ccccc1)CO2,0.0
CNC(=O)c1cc(C(N)=O)cc2c1OC[C@H]2c1ccccc1,5.0,1,0.0,5.0,5.0,2021,2021,1,1,c1ccc(C2COc3ccccc32)cc1,0.0
CNC(=O)c1cc(C(N)=O)cn(Cc2ccccc2)c1=O,5.1,1,0.0,5.1,5.1,2020,2020,1,1,O=c1ccccn1Cc1ccccc1,0.0
CNC(=O)c1cc2c(=O)n(C)cc(-c3ccc(OC)c(OC)c3)c2s1,6.7,1,0.0,6.7,6.7,2016,2016,1,1,O=c1[nH]cc(-c2ccccc2)c2sccc12,0.0
CNC(=O)c1ccc(-c2cc(F)c(Nc3nn(C4CCOCC4)c4c3CN(C(=O)NC)CC4)cc2C(F)F)cn1,4.83,1,0.0,4.83,4.83,2017,2017,1,1,c1cncc(-c2ccc(Nc3nn(C4CCOCC4)c4c3CNCC4)cc2)c1,0.0
CNC(=O)c1ccc(-c2cc3c(cc2C(F)F)N(c2cccc4c2N[C@H](C)CC(=O)N4)CCC3)cn1,5.38,1,0.0,5.38,5.38,2019,2019,1,1,O=C1CCNc2c(cccc2N2CCCc3cc(-c4cccnc4)ccc32)N1,0.0
CNC(=O)c1ccc(-c2cc3cccc(-c4nc(C5CC5)n5c4CN(C(=O)NC)CC5)c3cn2)cn1,5.29,1,0.0,5.29,5.29,2021,2021,1,1,c1cncc(-c2cc3cccc(-c4nc(C5CC5)n5c4CNCC5)c3cn2)c1,0.0
CNC(=O)c1ccc(-c2cc3cccc(-c4nc(C5CCOCC5)n5c4CN(C(=O)NC)CC5)c3cn2)cn1,5.22,1,0.0,5.22,5.22,2021,2021,1,1,c1cncc(-c2cc3cccc(-c4nc(C5CCOCC5)n5c4CNCC5)c3cn2)c1,0.0
CNC(=O)c1ccc(-c2cc3cccc(-c4nn(C5CCOCC5)c5c4CN(C(C)=O)CC5)c3cn2)cn1,5.5,1,0.0,5.5,5.5,2018,2018,1,1,c1cncc(-c2cc3cccc(-c4nn(C5CCOCC5)c5c4CNCC5)c3cn2)c1,0.0
CNC(=O)c1ccc(-c2ccc(Nc3nn(C)c4c3CN(C(C)=O)CC4)cc2)cc1,5.56,1,0.0,5.56,5.56,2017,2017,1,1,c1ccc(-c2ccc(Nc3n[nH]c4c3CNCC4)cc2)cc1,0.0
CNC(=O)c1ccc(-c2ccc(Nc3nn(C)c4c3CN(C(C)=O)CC4)cc2)cn1,5.42,1,0.0,5.42,5.42,2017,2017,1,1,c1cncc(-c2ccc(Nc3n[nH]c4c3CNCC4)cc2)c1,0.0
CNC(=O)c1ccc(-c2cccc3c2N[C@H](C)CC(=O)N3)cc1,4.97,1,0.0,4.97,4.97,2019,2019,1,1,O=C1CCNc2c(cccc2-c2ccccc2)N1,0.0
CNC(=O)c1ccc(-c2nc3cccc(-c4nc(C5CC5)n5c4CN(C(=O)NC)CC5)c3cc2C#N)cn1,5.06,1,0.0,5.06,5.06,2021,2021,1,1,c1cncc(-c2ccc3c(-c4nc(C5CC5)n5c4CNCC5)cccc3n2)c1,0.0
CNC(=O)c1ccc(=O)n(Cc2cc(Br)ccc2F)c1,4.0,1,0.0,4.0,4.0,2020,2020,1,1,O=c1ccccn1Cc1ccccc1,0.0
CNC(=O)c1cccc(-c2ccc(Nc3nn(C)c4c3CN(C(C)=O)CC4)cc2)c1,5.45,1,0.0,5.45,5.45,2017,2017,1,1,c1ccc(-c2ccc(Nc3n[nH]c4c3CNCC4)cc2)cc1,0.0
CNC(=O)c1cccc(-c2ccc3c(c2)N(C(=O)c2ccco2)C[C@H](C)N3C(C)=O)c1,6.1,1,0.0,6.1,6.1,2017,2017,1,1,O=C(c1ccco1)N1CCNc2ccc(-c3ccccc3)cc21,0.0
CNC(=O)c1cccc(-c2cccc3c2N[C@H](C)CC(=O)N3)c1,4.98,1,0.0,4.98,4.98,2019,2019,1,1,O=C1CCNc2c(cccc2-c2ccccc2)N1,0.0
CNC(=O)c1cccc(Cn2c(C)cc3c2ccc2nnc(C)n23)c1,5.76,2,0.7071067811865476,5.26,6.26,2017,2019,2,2,c1ccc(Cn2ccc3c2ccc2nncn23)cc1,1.0
CNC(=O)c1cccc(Nc2nn(CC3CC3)c3c2CN(C(C)=O)CC3)c1,4.92,1,0.0,4.92,4.92,2016,2016,1,1,c1ccc(Nc2nn(CC3CC3)c3c2CNCC3)cc1,0.0
CNC(=O)c1cccn(Cc2ccccc2)c1=O,5.1,1,0.0,5.1,5.1,2020,2020,1,1,O=c1ccccn1Cc1ccccc1,0.0
CNC(=O)c1cn(C)c(=O)c2ccccc12,4.82,1,0.0,4.82,4.82,2018,2018,1,1,O=c1[nH]ccc2ccccc12,0.0
CNC(=O)c1cn(C)c2c1C(=O)N(c1cc(C)c3nnc(C(F)F)n3c1)C2c1ccc(Cl)cc1,7.8,1,0.0,7.8,7.8,2017,2017,1,1,O=C1c2cc[nH]c2C(c2ccccc2)N1c1ccc2nncn2c1,0.0
CNC(=O)c1cn(C)c2c1C(=O)N(c1cc(C)c3nnc(C(F)F)n3n1)C2c1ccc(Cl)cc1,7.8,1,0.0,7.8,7.8,2017,2017,1,1,O=C1c2cc[nH]c2C(c2ccccc2)N1c1ccc2nncn2n1,0.0
CNC(=O)c1cn(C)c2c1C(=O)N(c1cc(C)c3nnn(C)c3n1)C2c1ccc(Cl)cc1,7.89,1,0.0,7.89,7.89,2017,2017,1,1,O=C1c2cc[nH]c2C(c2ccccc2)N1c1ccc2nn[nH]c2n1,0.0
CNC(=O)c1nc(-c2ccc3c(c2)c(-c2cnn(C)c2)nn3C)c2n1CCN(C(C)=O)C2,5.13,1,0.0,5.13,5.13,2021,2021,1,1,c1cc2[nH]nc(-c3cn[nH]c3)c2cc1-c1ncn2c1CNCC2,0.0
CNC(=O)c1nn(C)c2c3ncc(-c4c(C)nnn4C)cc3n(C(c3ccccc3)C3CCOCC3)c12,9.26,1,0.0,9.26,9.26,2022,2022,1,1,c1ccc(C(C2CCOCC2)n2c3cc(-c4cnn[nH]4)cnc3c3[nH]ncc32)cc1,0.0
CNC(=O)n1cc(C)c2c1C(c1ccc(Cl)cc1)N(c1cc(C)c3nnc(C)n3c1)C2=O,7.62,1,0.0,7.62,7.62,2017,2017,1,1,O=C1c2cc[nH]c2C(c2ccccc2)N1c1ccc2nncn2c1,0.0
CNC(=O)n1ccc2c1C(c1ccc(Cl)cc1)N(c1cc(C)c3nnc(C)n3c1)C2=O,7.28,1,0.0,7.28,7.28,2017,2017,1,1,O=C1c2cc[nH]c2C(c2ccccc2)N1c1ccc2nncn2c1,0.0
CNC(=O)n1nc(C)c2c1C(=O)N(c1cc(C)c(=O)n(C)c1)C2c1ccc(Cl)cc1,6.52,1,0.0,6.52,6.52,2015,2015,1,1,O=C1c2[nH]ncc2C(c2ccccc2)N1c1ccc(=O)[nH]c1,0.0
CNC(=O)n1nc(C)c2c1C(=O)N(c1cc(C)c3nnc(C)n3c1)C2c1ccc(Cl)cc1,6.85,1,0.0,6.85,6.85,2015,2015,1,1,O=C1c2[nH]ncc2C(c2ccccc2)N1c1ccc2nncn2c1,0.0
CNC(=O)n1nc2c(c1C)C(c1ccc(Cl)cc1)N(c1cc(C)c(=O)n(C)c1)C2=O,6.82,1,0.0,6.82,6.82,2015,2015,1,1,O=C1c2n[nH]cc2C(c2ccccc2)N1c1ccc(=O)[nH]c1,0.0
CNC(=O)n1nc2c(c1C)C(c1ccc(Cl)cc1)N(c1cc(C)c3nnc(C)n3c1)C2=O,6.82,1,0.0,6.82,6.82,2015,2015,1,1,O=C1c2n[nH]cc2C(c2ccccc2)N1c1ccc2nncn2c1,0.0
CNC1=C(C(=N)C2CC2)C(=O)N(c2cc(C)c(=O)n(C)c2)C1c1ccc(Cl)cc1,7.55,1,0.0,7.55,7.55,2017,2017,1,1,N=C(C1=CC(c2ccccc2)N(c2ccc(=O)[nH]c2)C1=O)C1CC1,0.0
CNC1=C(C(=N)C2CC2)C(=O)N(c2cc(C)c(=O)n(C)c2)[C@@H]1c1ccc(Cl)cc1,7.8,1,0.0,7.8,7.8,2017,2017,1,1,N=C(C1=CC(c2ccccc2)N(c2ccc(=O)[nH]c2)C1=O)C1CC1,0.0
CNC1=C(C(=N)C2CC2)C(=O)N(c2cc(C)c3nnc(C)n3c2)C1c1ccc(Cl)cc1,7.62,1,0.0,7.62,7.62,2017,2017,1,1,N=C(C1=CC(c2ccccc2)N(c2ccc3nncn3c2)C1=O)C1CC1,0.0
CNC1=C(C(=N)Nc2cc(-c3cnn(C)c3)c(F)cc2F)CN(C(C)=O)CC1,5.11,1,0.0,5.11,5.11,2017,2017,1,1,N=C(Nc1cccc(-c2cn[nH]c2)c1)C1=CCCNC1,0.0
CNC1=C(C(=N)Nc2cc(C)cc(-c3cnn(C)c3)c2)CN(C(C)=O)CC1,5.54,1,0.0,5.54,5.54,2017,2017,1,1,N=C(Nc1cccc(-c2cn[nH]c2)c1)C1=CCCNC1,0.0
CNC1=C(C(=N)Nc2ccc(F)c(-c3cnn(C)c3)c2F)CN(C(C)=O)CC1,4.83,1,0.0,4.83,4.83,2017,2017,1,1,N=C(Nc1cccc(-c2cn[nH]c2)c1)C1=CCCNC1,0.0
CNC1=C(C(=N)Nc2cncc(-c3cnn(C)c3)c2)CN(C(C)=O)CC1,5.31,1,0.0,5.31,5.31,2017,2017,1,1,N=C(Nc1cncc(-c2cn[nH]c2)c1)C1=CCCNC1,0.0
CNC1CCN(C(=O)c2ccc(Nc3ncc4ccn(-c5cccc(NS(=O)(=O)C(C)(C)C)c5)c4n3)cc2F)CC1,6.63,1,0.0,6.63,6.63,2022,2022,1,1,O=C(c1ccc(Nc2ncc3ccn(-c4ccccc4)c3n2)cc1)N1CCCCC1,0.0
CNC1CCN(C(=O)c2ccc(Nc3ncc4scc(-c5cccc(NS(=O)(=O)C(C)(C)C)c5)c4n3)cc2F)CC1,6.53,1,0.0,6.53,6.53,2022,2022,1,1,O=C(c1ccc(Nc2ncc3scc(-c4ccccc4)c3n2)cc1)N1CCCCC1,0.0
CNC1CCN(c2ccc(Nc3ncc4ccn(-c5ccc(F)c(NS(=O)(=O)C(C)(C)C)c5)c4n3)cc2F)CC1,6.984999999999999,4,0.1212435565298213,6.82,7.07,2022,2022,1,2,c1ccc(-n2ccc3cnc(Nc4ccc(N5CCCCC5)cc4)nc32)cc1,0.25
CNC1CCN(c2ccc(Nc3ncc4ccn(-c5cccc(NS(=O)(=O)C(C)(C)C)c5)c4n3)cc2)C1,6.27,1,0.0,6.27,6.27,2022,2022,1,1,c1ccc(-n2ccc3cnc(Nc4ccc(N5CCCC5)cc4)nc32)cc1,0.0
CNC1CCN(c2ccc(Nc3ncc4ccn(-c5cccc(NS(=O)(=O)C(C)(C)C)c5)c4n3)cc2F)CC1,6.45,1,0.0,6.45,6.45,2022,2022,1,1,c1ccc(-n2ccc3cnc(Nc4ccc(N5CCCCC5)cc4)nc32)cc1,0.0
CNC1CCN(c2ccc(Nc3ncc4scc(-c5ccc(F)c(NS(=O)(=O)C(C)(C)C)c5)c4n3)cc2F)CC1,6.72,3,0.2668957349478134,6.51,7.04,2022,2022,1,2,c1ccc(-c2csc3cnc(Nc4ccc(N5CCCCC5)cc4)nc23)cc1,0.5300000000000002
CNC1CCN(c2ccc(Nc3ncc4scc(-c5cccc(NS(=O)(=O)C(C)(C)C)c5)c4n3)cc2F)CC1,6.37,1,0.0,6.37,6.37,2022,2022,1,1,c1ccc(-c2csc3cnc(Nc4ccc(N5CCCCC5)cc4)nc23)cc1,0.0
CNCC1CCN(c2ccc(Nc3ncc4c(n3)N(c3cccc(NS(=O)(=O)C(C)(C)C)c3)CC4)cc2F)CC1,6.24,1,0.0,6.24,6.24,2022,2022,1,1,c1ccc(N2CCc3cnc(Nc4ccc(N5CCCCC5)cc4)nc32)cc1,0.0
CNCC1CCN(c2ccc(Nc3ncc4ccn(-c5cccc(NS(=O)(=O)C(C)(C)C)c5)c4n3)cc2F)CC1,6.66,1,0.0,6.66,6.66,2022,2022,1,1,c1ccc(-n2ccc3cnc(Nc4ccc(N5CCCCC5)cc4)nc32)cc1,0.0
CNCCCOc1ccc(Nc2ncc3ccn(-c4cccc(NS(=O)(=O)C(C)(C)C)c4)c3n2)cc1F,6.585,2,0.16263455967290624,6.47,6.7,2022,2022,1,1,c1ccc(Nc2ncc3ccn(-c4ccccc4)c3n2)cc1,0.23000000000000043
CNCCNC(=O)Cc1ccc(Nc2ncc3ccn(-c4ccc(F)c(NS(=O)(=O)C(C)(C)C)c4)c3n2)cc1,6.71,1,0.0,6.71,6.71,2022,2022,1,1,c1ccc(Nc2ncc3ccn(-c4ccccc4)c3n2)cc1,0.0
CNCCNC(=O)Cc1ccc(Nc2ncc3ccn(-c4ccc(F)c(NS(=O)(=O)C(C)(C)C)c4)c3n2)cc1F,6.85,1,0.0,6.85,6.85,2022,2022,1,1,c1ccc(Nc2ncc3ccn(-c4ccccc4)c3n2)cc1,0.0
CNCCNC(=O)Cc1ccc(Nc2ncc3ccn(-c4cccc(NS(=O)(=O)C(C)(C)C)c4)c3n2)cc1,6.93,2,0.33941125496954283,6.69,7.17,2022,2022,1,2,c1ccc(Nc2ncc3ccn(-c4ccccc4)c3n2)cc1,0.47999999999999954
CNCCNc1ccc(Nc2ncc3ccn(-c4cccc(NS(=O)(=O)C(C)(C)C)c4)c3n2)cc1,6.39,1,0.0,6.39,6.39,2022,2022,1,1,c1ccc(Nc2ncc3ccn(-c4ccccc4)c3n2)cc1,0.0
CNCCNc1ncc2c(-c3cccc(-c4c(C)noc4C)c3)c[nH]c2n1,5.49,1,0.0,5.49,5.49,2022,2022,1,1,c1cc(-c2cnoc2)cc(-c2c[nH]c3ncncc23)c1,0.0
CNCCNc1ncc2c(-c3cccc(-c4c(C)noc4C)c3)cn(C)c2n1,5.12,1,0.0,5.12,5.12,2022,2022,1,1,c1cc(-c2cnoc2)cc(-c2c[nH]c3ncncc23)c1,0.0
CNCCNc1ncc2cc(-c3cccc(-c4c(C)noc4C)c3)ccc2n1,5.96,1,0.0,5.96,5.96,2022,2022,1,1,c1cc(-c2cnoc2)cc(-c2ccc3ncncc3c2)c1,0.0
CNCCOc1ccc(Nc2ncc3ccn(-c4cccc(NS(=O)(=O)C(C)(C)C)c4)c3n2)cc1F,5.765,2,0.1767766952966369,5.64,5.89,2022,2022,1,1,c1ccc(Nc2ncc3ccn(-c4ccccc4)c3n2)cc1,0.25
CNCCn1cc(-c2ccc(Nc3nn(C)c4c3CN(C(C)=O)CC4)cc2)cn1,4.99,1,0.0,4.99,4.99,2017,2017,1,1,c1cc(-c2cn[nH]c2)ccc1Nc1n[nH]c2c1CNCC2,0.0
CNS(=O)(=O)c1ccc(Oc2ccc(F)cc2)c(-c2cc(C)c3c(=O)[nH]ccn23)c1,7.08,1,0.0,7.08,7.08,2022,2022,1,1,O=c1[nH]ccn2c(-c3ccccc3Oc3ccccc3)ccc12,0.0
CNc1cc(-c2ccc3cnn(CC4CC4)c3c2)cn(C)c1=O,5.71,1,0.0,5.71,5.71,2019,2019,1,1,O=c1ccc(-c2ccc3cnn(CC4CC4)c3c2)c[nH]1,0.0
CNc1cc(-c2ccc3cnn(CC4CCCCC4)c3c2)cn(C)c1=O,5.74,1,0.0,5.74,5.74,2019,2019,1,1,O=c1ccc(-c2ccc3cnn(CC4CCCCC4)c3c2)c[nH]1,0.0
CNc1cc(-c2ccc3cnn(Cc4cc(OC)cc(OC)c4)c3c2)cn(C)c1=O,6.26,1,0.0,6.26,6.26,2019,2019,1,1,O=c1ccc(-c2ccc3cnn(Cc4ccccc4)c3c2)c[nH]1,0.0
CNc1cc(-c2ccc3cnn(Cc4ccc(C(F)(F)F)cc4)c3c2)cn(C)c1=O,5.62,1,0.0,5.62,5.62,2019,2019,1,1,O=c1ccc(-c2ccc3cnn(Cc4ccccc4)c3c2)c[nH]1,0.0
CNc1cc(-c2ccc3cnn(Cc4ccc(C)cc4)c3c2)cn(C)c1=O,5.8,1,0.0,5.8,5.8,2019,2019,1,1,O=c1ccc(-c2ccc3cnn(Cc4ccccc4)c3c2)c[nH]1,0.0
CNc1cc(-c2ccc3cnn(Cc4ccc(F)c(F)c4)c3c2)cn(C)c1=O,6.07,1,0.0,6.07,6.07,2019,2019,1,1,O=c1ccc(-c2ccc3cnn(Cc4ccccc4)c3c2)c[nH]1,0.0
CNc1cc(-c2ccc3cnn(Cc4ccc(F)c([N+](=O)[O-])c4)c3c2)cn(C)c1=O,6.1,1,0.0,6.1,6.1,2019,2019,1,1,O=c1ccc(-c2ccc3cnn(Cc4ccccc4)c3c2)c[nH]1,0.0
CNc1cc(-c2ccc3cnn(Cc4ccc(F)cc4)c3c2)cn(C)c1=O,5.85,1,0.0,5.85,5.85,2019,2019,1,1,O=c1ccc(-c2ccc3cnn(Cc4ccccc4)c3c2)c[nH]1,0.0
CNc1cc(-c2ccc3cnn(Cc4ccc(OC)c(F)c4)c3c2)cn(C)c1=O,5.85,1,0.0,5.85,5.85,2019,2019,1,1,O=c1ccc(-c2ccc3cnn(Cc4ccccc4)c3c2)c[nH]1,0.0
CNc1cc(-c2ccc3cnn(Cc4ccc(OC)cc4)c3c2)cn(C)c1=O,5.8,1,0.0,5.8,5.8,2019,2019,1,1,O=c1ccc(-c2ccc3cnn(Cc4ccccc4)c3c2)c[nH]1,0.0
CNc1cc(-c2cn(C)nc2Cc2ccccc2)nn2c(C)nnc12,7.42,2,0.0,7.42,7.42,2016,2016,1,2,c1ccc(Cc2n[nH]cc2-c2ccc3nncn3n2)cc1,0.0
CNc1cc(-c2cn(C)nc2Oc2ccccc2)nn2c(C)nnc12,7.54,2,0.0,7.54,7.54,2016,2016,1,2,c1ccc(Oc2n[nH]cc2-c2ccc3nncn3n2)cc1,0.0
CNc1cc(-c2cn(C)nc2Oc2ccccn2)nn2c(C)nnc12,7.14,2,0.0,7.14,7.14,2016,2016,1,2,c1ccc(Oc2n[nH]cc2-c2ccc3nncn3n2)nc1,0.0
CNc1cc(-c2cnn(C)c2Oc2ccccc2)nn2c(C)nnc12,7.58,2,0.0,7.58,7.58,2016,2016,1,2,c1ccc(Oc2[nH]ncc2-c2ccc3nncn3n2)cc1,0.0
CNc1cc(-c2csc(=O)[nH]2)cc(S(=O)(=O)NC2CCCC2)c1C,6.6,1,0.0,6.6,6.6,2015,2015,1,1,O=c1[nH]c(-c2cccc(S(=O)(=O)NC3CCCC3)c2)cs1,0.0
CNc1cc(-c2nc3ccccc3n2Cc2ccccc2)cn(C)c1=O,6.87,2,0.0,6.87,6.87,2016,2016,1,2,O=c1ccc(-c2nc3ccccc3n2Cc2ccccc2)c[nH]1,0.0
CNc1cc(N(C)Cc2ccc(F)cc2)nn2c(C)nnc12,7.13,2,0.0,7.13,7.13,2016,2016,1,2,c1ccc(CNc2ccc3nncn3n2)cc1,0.0
CNc1cc(N(C)Cc2ccccc2)nn2c(C)nnc12,7.08,2,0.0,7.08,7.08,2016,2016,1,2,c1ccc(CNc2ccc3nncn3n2)cc1,0.0
CNc1cc(N2C(=O)c3c(c(C)nn3C3CC3)C2c2ccc(Cl)cc2)nn2c(C)nnc12,7.17,1,0.0,7.17,7.17,2015,2015,1,1,O=C1c2c(cnn2C2CC2)C(c2ccccc2)N1c1ccc2nncn2n1,0.0
CNc1cc(N2C(=O)c3c(c(C)nn3C3CC3)[C@H]2c2ccc(Cl)cc2)nn2c(C)nnc12,7.68,1,0.0,7.68,7.68,2015,2015,1,1,O=C1c2c(cnn2C2CC2)C(c2ccccc2)N1c1ccc2nncn2n1,0.0
CNc1cc(Nc2ncc3ccn(-c4cccc(NS(=O)(=O)C(C)(C)C)c4)c3n2)ccc1N1CCN(C)CC1,6.25,1,0.0,6.25,6.25,2022,2022,1,1,c1ccc(-n2ccc3cnc(Nc4ccc(N5CCNCC5)cc4)nc32)cc1,0.0
CNc1cc2c(cc1OC)nc(NCCCCNC(=O)CC(C)C)c1nnc(C)n12,7.89,1,0.0,7.89,7.89,2021,2021,1,1,c1ccc2c(c1)ncc1nncn12,0.0
CNc1cc2nc(-c3ccc4c(c3)nc(NCCCCNC(=O)CC(C)C)c3nnc(C)n34)[nH]c2cc1OC,9.0,1,0.0,9.0,9.0,2021,2021,1,1,c1ccc2[nH]c(-c3ccc4c(c3)ncc3nncn34)nc2c1,0.0
CNc1ccc(-c2cc(C(F)(F)F)cc3c2N[C@H](C)CC(=O)N3)cc1C(=N)C1CC1,4.86,1,0.0,4.86,4.86,2019,2019,1,1,N=C(c1cccc(-c2cccc3c2NCCC(=O)N3)c1)C1CC1,0.0
CNc1ccc(-c2cc(Cl)cc3c2N[C@H](C)CC(=O)N3)cc1C(=N)C1CC1,5.33,1,0.0,5.33,5.33,2019,2019,1,1,N=C(c1cccc(-c2cccc3c2NCCC(=O)N3)c1)C1CC1,0.0
CNc1ccc(-c2cc(F)cc3c2N[C@H](C)CC(=O)N3)cc1C(=N)C1CC1,5.41,1,0.0,5.41,5.41,2019,2019,1,1,N=C(c1cccc(-c2cccc3c2NCCC(=O)N3)c1)C1CC1,0.0
CNc1ccc(-c2ccc(C#N)c3c2N[C@H](C)CC(=O)N3)cc1C(=N)C1CC1,5.31,1,0.0,5.31,5.31,2019,2019,1,1,N=C(c1cccc(-c2cccc3c2NCCC(=O)N3)c1)C1CC1,0.0
CNc1ccc(-c2ccc(C)c3c2N[C@H](C)CC(=O)N3)cc1C(=N)C1CC1,5.44,1,0.0,5.44,5.44,2019,2019,1,1,N=C(c1cccc(-c2cccc3c2NCCC(=O)N3)c1)C1CC1,0.0
CNc1ccc(-c2ccc(Cl)c3c2N[C@H](C)CC(=O)N3)cc1C(=N)C1CC1,5.77,1,0.0,5.77,5.77,2019,2019,1,1,N=C(c1cccc(-c2cccc3c2NCCC(=O)N3)c1)C1CC1,0.0
CNc1ccc(-c2ccc(F)c3c2N[C@H](C)CC(=O)N3)cc1C(=N)C1CC1,5.83,1,0.0,5.83,5.83,2019,2019,1,1,N=C(c1cccc(-c2cccc3c2NCCC(=O)N3)c1)C1CC1,0.0
CNc1ccc(-c2ccc(OC)c3c2N[C@H](C)CC(=O)N3)cc1C(=N)C1CC1,5.56,1,0.0,5.56,5.56,2019,2019,1,1,N=C(c1cccc(-c2cccc3c2NCCC(=O)N3)c1)C1CC1,0.0
CNc1ccc(-c2cccc3c2C[C@@H](C)CC(=O)N3)cc1C(=N)C1CC1,6.05,1,0.0,6.05,6.05,2019,2019,1,1,N=C(c1cccc(-c2cccc3c2CCCC(=O)N3)c1)C1CC1,0.0
CNc1ccc(-c2cccc3c2C[C@H](C)CC(=O)N3)cc1C(=N)C1CC1,4.73,1,0.0,4.73,4.73,2019,2019,1,1,N=C(c1cccc(-c2cccc3c2CCCC(=O)N3)c1)C1CC1,0.0
CNc1ccc(-c2cccc3c2N[C@H](C)CC(=O)N3)cc1C(=N)C#N,4.88,1,0.0,4.88,4.88,2019,2019,1,1,O=C1CCNc2c(cccc2-c2ccccc2)N1,0.0
CNc1ccc(-c2cccc3c2N[C@H](C)CC(=O)N3)cc1C(=N)C(N)=O,5.24,1,0.0,5.24,5.24,2019,2019,1,1,O=C1CCNc2c(cccc2-c2ccccc2)N1,0.0
CNc1ccc(-c2cccc3c2N[C@H](C)CC(=O)N3)cc1C=N,4.89,1,0.0,4.89,4.89,2019,2019,1,1,O=C1CCNc2c(cccc2-c2ccccc2)N1,0.0
CNc1ccc2c(n1)C(c1ccc(Cl)cc1)=NCc1onc(C)c1-2,7.23,1,0.0,7.23,7.23,2016,2016,1,1,c1ccc(C2=NCc3oncc3-c3cccnc32)cc1,0.0
CNc1cccc(-c2cn(C)c(=O)c3ccccc23)c1,5.56,1,0.0,5.56,5.56,2018,2018,1,1,O=c1[nH]cc(-c2ccccc2)c2ccccc12,0.0
CNc1nc(-c2cn(C)nc2Cc2ccccc2)cn2c(C)nnc12,7.21,1,0.0,7.21,7.21,2019,2019,1,1,c1ccc(Cc2n[nH]cc2-c2cn3cnnc3cn2)cc1,0.0
CNc1nc(-c2cnn(C)c2Oc2ccccc2)cn2c(C)nnc12,7.39,1,0.0,7.39,7.39,2019,2019,1,1,c1ccc(Oc2[nH]ncc2-c2cn3cnnc3cn2)cc1,0.0
CNc1nc(-c2nc(-c3ccccc3)c(C)n2Cc2ccccc2)cn2c(C)nnc12,8.4,1,0.0,8.4,8.4,2019,2019,1,1,c1ccc(Cn2cc(-c3ccccc3)nc2-c2cn3cnnc3cn2)cc1,0.0
CNc1nc(-c2nc3cc(C4=NNC(=O)CC4C)ccc3n2Cc2ccccc2)cn2c(C)nnc12,8.3,1,0.0,8.3,8.3,2019,2019,1,1,O=C1CCC(c2ccc3c(c2)nc(-c2cn4cnnc4cn2)n3Cc2ccccc2)=NN1,0.0
CNc1nc(-c2nc3cc(C4CCOCC4)ccc3n2Cc2ccccn2)cn2c(C)nnc12,7.96,1,0.0,7.96,7.96,2019,2019,1,1,c1ccc(Cn2c(-c3cn4cnnc4cn3)nc3cc(C4CCOCC4)ccc32)nc1,0.0
CNc1nc(-c2nc3ccc(N4CCN(C)CC4)cc3n2Cc2ccccn2)cn2c(C)nnc12,8.1,1,0.0,8.1,8.1,2019,2019,1,1,c1ccc(Cn2c(-c3cn4cnnc4cn3)nc3ccc(N4CCNCC4)cc32)nc1,0.0
CNc1nc(-c2nc3ccc(N4CCN(C)CC4)cc3n2Cc2cccnc2)cn2c(C)nnc12,8.1,1,0.0,8.1,8.1,2019,2019,1,1,c1cncc(Cn2c(-c3cn4cnnc4cn3)nc3ccc(N4CCNCC4)cc32)c1,0.0
CNc1nc(-c2nc3ccc(N4CCOCC4)cc3n2Cc2ccccc2)cn2c(C)nnc12,8.0,1,0.0,8.0,8.0,2019,2019,1,1,c1ccc(Cn2c(-c3cn4cnnc4cn3)nc3ccc(N4CCOCC4)cc32)cc1,0.0
CNc1nc(-c2nc3ccc(N4CCOCC4)cc3n2Cc2ccccn2)cn2c(C)nnc12,8.52,1,0.0,8.52,8.52,2019,2019,1,1,c1ccc(Cn2c(-c3cn4cnnc4cn3)nc3ccc(N4CCOCC4)cc32)nc1,0.0
CNc1nc(-c2nc3ccc(N4CCOCC4)cc3n2Cc2cccnc2)cn2c(C)nnc12,8.3,1,0.0,8.3,8.3,2019,2019,1,1,c1cncc(Cn2c(-c3cn4cnnc4cn3)nc3ccc(N4CCOCC4)cc32)c1,0.0
CNc1nc(-c2nc3ccccc3n2Cc2ccccc2)cn2c(C)nnc12,7.66,1,0.0,7.66,7.66,2019,2019,1,1,c1ccc(Cn2c(-c3cn4cnnc4cn3)nc3ccccc32)cc1,0.0
CNc1nc(-c2nc3cccnc3n2Cc2ccccc2)cn2c(C)nnc12,7.75,1,0.0,7.75,7.75,2019,2019,1,1,c1ccc(Cn2c(-c3cn4cnnc4cn3)nc3cccnc32)cc1,0.0
CNc1nc(-c2nc3cnc(N4CCN(C)CC4)cc3n2Cc2ccccc2)cn2c(C)nnc12,8.05,1,0.0,8.05,8.05,2019,2019,1,1,c1ccc(Cn2c(-c3cn4cnnc4cn3)nc3cnc(N4CCNCC4)cc32)cc1,0.0
CNc1nc(-c2nc3cnc(N4CCN(C)CC4)cc3n2Cc2ccccn2)cn2c(C)nnc12,7.89,1,0.0,7.89,7.89,2019,2019,1,1,c1ccc(Cn2c(-c3cn4cnnc4cn3)nc3cnc(N4CCNCC4)cc32)nc1,0.0
CNc1nc(-c2nc3cnc(N4CCN(C)CC4)cc3n2Cc2ccncc2)cn2c(C)nnc12,7.92,1,0.0,7.92,7.92,2019,2019,1,1,c1cc(Cn2c(-c3cn4cnnc4cn3)nc3cnc(N4CCNCC4)cc32)ccn1,0.0
CNc1nc(-c2nc3cnc(N4CCN(C)CC4)cc3n2[C@@H](C)c2cccnc2)cn2c(C)nnc12,7.92,1,0.0,7.92,7.92,2019,2019,1,1,c1cncc(Cn2c(-c3cn4cnnc4cn3)nc3cnc(N4CCNCC4)cc32)c1,0.0
CNc1nc(-c2nc3cnc(N4CCN(C)CC4)nc3n2Cc2ccccc2)cn2c(C)nnc12,8.05,1,0.0,8.05,8.05,2019,2019,1,1,c1ccc(Cn2c(-c3cn4cnnc4cn3)nc3cnc(N4CCNCC4)nc32)cc1,0.0
CNc1nc(-c2nc3cnc(N4CCOCC4)cc3n2CC2CCCO2)cn2c(C)nnc12,7.19,2,0.0,7.19,7.19,2016,2016,1,2,c1nc(N2CCOCC2)cc2c1nc(-c1cn3cnnc3cn1)n2CC1CCCO1,0.0
CNc1nc(-c2nc3cnc(N4CCOCC4)cc3n2C[C@@H]2CCCO2)cn2c(C)nnc12,7.26,2,0.0,7.26,7.26,2016,2016,1,2,c1nc(N2CCOCC2)cc2c1nc(-c1cn3cnnc3cn1)n2CC1CCCO1,0.0
CNc1nc(-c2nc3cnc(N4CCOCC4)cc3n2Cc2ccccn2)cn2c(C)nnc12,8.52,1,0.0,8.52,8.52,2019,2019,1,1,c1ccc(Cn2c(-c3cn4cnnc4cn3)nc3cnc(N4CCOCC4)cc32)nc1,0.0
CNc1nc(-c2nc3cnc(N4CCOCC4)cc3n2Cc2cccnc2)cn2c(C)nnc12,8.4,1,0.0,8.4,8.4,2019,2019,1,1,c1cncc(Cn2c(-c3cn4cnnc4cn3)nc3cnc(N4CCOCC4)cc32)c1,0.0
CNc1nc(-c2nc3cnc(N4CCOCC4)cc3n2[C@@H](C)COC)cn2c(C)nnc12,7.29,2,0.0,7.29,7.29,2016,2016,1,2,c1nc(N2CCOCC2)cc2[nH]c(-c3cn4cnnc4cn3)nc12,0.0
CNc1nc(-c2nc3cnc(N4CCOCC4)cc3n2[C@H](C)COC)cn2c(C)nnc12,6.26,2,0.0,6.26,6.26,2016,2016,1,2,c1nc(N2CCOCC2)cc2[nH]c(-c3cn4cnnc4cn3)nc12,0.0
CNc1nc(-c2nc3cnc(N4CCOC[C@@H]4C)cc3n2[C@@H](C)COC)cn2c(C)nnc12,7.57,2,0.0,7.57,7.57,2016,2016,1,2,c1nc(N2CCOCC2)cc2[nH]c(-c3cn4cnnc4cn3)nc12,0.0
CNc1nc(-c2nn(C)c(C)c2Cc2ccccc2)cn2c(C)nnc12,7.75,1,0.0,7.75,7.75,2019,2019,1,1,c1ccc(Cc2c[nH]nc2-c2cn3cnnc3cn2)cc1,0.0
CNc1nc(NC2CCNCC2)nc2c1ccn2-c1cccc(NS(=O)(=O)C(C)(C)C)c1,6.11,1,0.0,6.11,6.11,2022,2022,1,1,c1ccc(-n2ccc3cnc(NC4CCNCC4)nc32)cc1,0.0
CNc1ncc(-c2cccc3c2N[C@H](C)CC(=O)N3)cc1C(=N)C1CC1,5.17,1,0.0,5.17,5.17,2019,2019,1,1,N=C(c1cncc(-c2cccc3c2NCCC(=O)N3)c1)C1CC1,0.0
CNc1ncc2c(-c3cccc(-c4c(C)noc4C)c3)c[nH]c2n1,5.0,1,0.0,5.0,5.0,2022,2022,1,1,c1cc(-c2cnoc2)cc(-c2c[nH]c3ncncc23)c1,0.0
COC(=O)C(Cc1c[nH]cn1)NC(=O)C[C@@H]1N=C(c2ccc(Cl)cc2)c2c(sc(C)c2C)-n2c(C)nnc21,7.845000000000001,2,0.5303300858899109,7.47,8.22,2023,2023,1,2,O=C(CC1N=C(c2ccccc2)c2ccsc2-n2cnnc21)NCCc1c[nH]cn1,0.7500000000000009
COC(=O)CCCCCN1CCc2c(sc3nc(-c4c(C)noc4C)[nH]c(=O)c23)C1,5.44,1,0.0,5.44,5.44,2020,2020,1,1,O=c1[nH]c(-c2cnoc2)nc2sc3c(c12)CCNC3,0.0
COC(=O)CCCN1CCc2c(sc3nc(-c4c(C)noc4C)[nH]c(=O)c23)C1,5.23,1,0.0,5.23,5.23,2020,2020,1,1,O=c1[nH]c(-c2cnoc2)nc2sc3c(c12)CCNC3,0.0
COC(=O)CN1CCc2c(sc3nc(-c4c(C)noc4C)[nH]c(=O)c23)C1,5.17,1,0.0,5.17,5.17,2020,2020,1,1,O=c1[nH]c(-c2cnoc2)nc2sc3c(c12)CCNC3,0.0
COC(=O)CNC(=O)C[C@@H]1N=C(c2ccc(Cl)cc2)c2c(sc(C)c2C)-n2c(C)nnc21,9.35,2,0.9192388155425123,8.7,10.0,2023,2023,1,2,c1ccc(C2=NCc3nncn3-c3sccc32)cc1,1.3000000000000007
COC(=O)C[C@@H]1N=C(c2ccc(Cl)cc2)c2c(sc(CC#N)c2C)-n2c(C)nnc21,7.32,1,0.0,7.32,7.32,2022,2022,1,1,c1ccc(C2=NCc3nncn3-c3sccc32)cc1,0.0
COC(=O)C[C@@H]1N=C(c2ccc(Cl)cc2)c2c(sc(CNS(=O)(=O)c3ccccc3)c2C)-n2c(C)nnc21,7.8,1,0.0,7.8,7.8,2022,2022,1,1,O=S(=O)(NCc1cc2c(s1)-n1cnnc1CN=C2c1ccccc1)c1ccccc1,0.0
COC(=O)C[C@@H]1N=C(c2ccc(Cl)cc2)c2cc(OC)ccc2-n2c(C)nnc21,6.6,1,0.0,6.6,6.6,2013,2013,1,1,c1ccc(C2=NCc3nncn3-c3ccccc32)cc1,0.0
COC(=O)N1CC=C(c2nc3c(n2C(C)C)C(c2ccc(Cl)cc2)N(c2cc(C)c4nnc(C)n4c2)C3=O)CC1,7.62,1,0.0,7.62,7.62,2018,2018,1,1,O=C1c2nc(C3=CCNCC3)[nH]c2C(c2ccccc2)N1c1ccc2nncn2c1,0.0
COC(=O)N1CCC(c2nc3c(n2C(C)C)C(c2ccc(Cl)cc2)N(c2cc(C)c4nnc(C)n4c2)C3=O)CC1,7.27,1,0.0,7.27,7.27,2018,2018,1,1,O=C1c2nc(C3CCNCC3)[nH]c2C(c2ccccc2)N1c1ccc2nncn2c1,0.0
COC(=O)N1CCn2c(C3CCOC3)nc(-c3ccc4c(c3)c(-c3cnn(C)c3)nn4C)c2C1,4.86,1,0.0,4.86,4.86,2021,2021,1,1,c1cc2[nH]nc(-c3cn[nH]c3)c2cc1-c1nc(C2CCOC2)n2c1CNCC2,0.0
COC(=O)N1c2ccc(-c3ccc(S(C)(=O)=O)cc3)cc2N(C(=O)c2ccco2)C[C@@H]1C,6.19,1,0.0,6.19,6.19,2017,2017,1,1,O=C(c1ccco1)N1CCNc2ccc(-c3ccccc3)cc21,0.0
COC(=O)N1c2ccc(NC(=O)C[C@@H](C(=O)O)c3ccccc3)c(N)c2CC[C@@H]1C,4.3,1,0.0,4.3,4.3,2022,2022,1,1,O=C(CCc1ccccc1)Nc1ccc2c(c1)CCCN2,0.0
COC(=O)N1c2ccc(NC(=O)C[C@H](C(=O)O)c3ccccc3)c(N)c2CC[C@@H]1C,4.3,1,0.0,4.3,4.3,2022,2022,1,1,O=C(CCc1ccccc1)Nc1ccc2c(c1)CCCN2,0.0
COC(=O)N1c2ccc3[nH]c(CCc4ccccc4)nc3c2CC[C@@H]1C,4.3,1,0.0,4.3,4.3,2022,2022,1,1,c1ccc(CCc2nc3c4c(ccc3[nH]2)NCCC4)cc1,0.0
COC(=O)N1c2ccc3[nH]c(CCc4ccccn4)nc3c2CC[C@@H]1C,4.3,1,0.0,4.3,4.3,2022,2022,1,1,c1ccc(CCc2nc3c4c(ccc3[nH]2)NCCC4)nc1,0.0
COC(=O)N1c2ccc3[nH]c(Cc4ccccc4)nc3c2CC[C@@H]1C,4.3,1,0.0,4.3,4.3,2022,2022,1,1,c1ccc(Cc2nc3c4c(ccc3[nH]2)NCCC4)cc1,0.0
COC(=O)N1c2ccc3c(nc(-c4ccccc4)n3CCN3CCOCC3)c2CC[C@@H]1C,4.3,1,0.0,4.3,4.3,2022,2022,1,1,c1ccc(-c2nc3c4c(ccc3n2CCN2CCOCC2)NCCC4)cc1,0.0
COC(=O)N1c2ccc3c(nc(C(=O)N(C)C4CCCC4)n3[C@@H]3CCC[C@@H](C(=O)O)C3)c2CC[C@@H]1C,4.3,1,0.0,4.3,4.3,2022,2022,1,1,O=C(NC1CCCC1)c1nc2c3c(ccc2n1C1CCCCC1)NCCC3,0.0
COC(=O)N1c2ccc3c(nc(C(=O)N(C)C4CCCCC4)n3[C@@H]3CCC[C@@H](C(=O)O)C3)c2CC[C@@H]1C,4.3,1,0.0,4.3,4.3,2022,2022,1,1,O=C(NC1CCCCC1)c1nc2c3c(ccc2n1C1CCCCC1)NCCC3,0.0
COC(=O)N1c2ccc3c(nc(C(=O)N(C)c4ccccc4)n3[C@@H]3CCC[C@@H](C(=O)O)C3)c2CC[C@@H]1C,4.3,1,0.0,4.3,4.3,2022,2022,1,1,O=C(Nc1ccccc1)c1nc2c3c(ccc2n1C1CCCCC1)NCCC3,0.0
COC(=O)N1c2ccc3c(nc(C(=O)NC4CCCC4)n3[C@@H]3CCC[C@@H](C(=O)O)C3)c2CC[C@@H]1C,4.3,1,0.0,4.3,4.3,2022,2022,1,1,O=C(NC1CCCC1)c1nc2c3c(ccc2n1C1CCCCC1)NCCC3,0.0
COC(=O)N1c2ccc3c(nc(C(=O)NC4CCCCC4)n3[C@@H]3CCC[C@@H](C(=O)O)C3)c2CC[C@@H]1C,4.3,1,0.0,4.3,4.3,2022,2022,1,1,O=C(NC1CCCCC1)c1nc2c3c(ccc2n1C1CCCCC1)NCCC3,0.0
COC(=O)N1c2ccc3c(nc(C(=O)Nc4ccccc4)n3[C@@H]3CCC[C@@H](C(=O)O)C3)c2CC[C@@H]1C,4.3,1,0.0,4.3,4.3,2022,2022,1,1,O=C(Nc1ccccc1)c1nc2c3c(ccc2n1C1CCCCC1)NCCC3,0.0
COC(=O)N1c2ccc3c(nc(C(=O)Nc4ccccc4Cl)n3[C@@H]3CCC[C@@H](C(=O)O)C3)c2CC[C@@H]1C,4.3,1,0.0,4.3,4.3,2022,2022,1,1,O=C(Nc1ccccc1)c1nc2c3c(ccc2n1C1CCCCC1)NCCC3,0.0
COC(=O)N1c2ccc3c(nc(C(=O)c4ccccc4)n3[C@@H]3CCC[C@@H](C(=O)O)C3)c2CC[C@@H]1C,6.26,1,0.0,6.26,6.26,2022,2022,1,1,O=C(c1ccccc1)c1nc2c3c(ccc2n1C1CCCCC1)NCCC3,0.0
COC(=O)N1c2ccc3c(nc(C(C)(C)C)n3CCN3CCOCC3)c2CC[C@@H]1C,4.3,1,0.0,4.3,4.3,2022,2022,1,1,c1cc2c(ncn2CCN2CCOCC2)c2c1NCCC2,0.0
COC(=O)N1c2ccc3c(nc(C(C)(C)c4ccc(OC)c(F)c4)n3[C@H]3CC[C@H](C(=O)O)CC3)c2CC[C@@H]1C,4.3,1,0.0,4.3,4.3,2022,2022,1,1,c1ccc(Cc2nc3c4c(ccc3n2C2CCCCC2)NCCC4)cc1,0.0
COC(=O)N1c2ccc3c(nc(C(C)(C)c4ccccc4)n3[C@H]3CC[C@H](C(=O)O)CC3)c2CC[C@@H]1C,4.3,1,0.0,4.3,4.3,2022,2022,1,1,c1ccc(Cc2nc3c4c(ccc3n2C2CCCCC2)NCCC4)cc1,0.0
COC(=O)N1c2ccc3c(nc(C(C)(O)Cc4ccccc4)n3C3CCCC(C(=O)O)C3)c2CC[C@@H]1C,6.76,2,0.7071067811865476,6.26,7.26,2022,2022,1,1,c1ccc(CCc2nc3c4c(ccc3n2C2CCCCC2)NCCC4)cc1,1.0
COC(=O)N1c2ccc3c(nc(C(C)(O)c4cc(F)ccc4OC)n3C3CCCC(C(=O)O)C3)c2CC[C@@H]1C,4.3,2,0.0,4.3,4.3,2022,2022,1,1,c1ccc(Cc2nc3c4c(ccc3n2C2CCCCC2)NCCC4)cc1,0.0
COC(=O)N1c2ccc3c(nc(C(C)(O)c4ccccc4)n3C3CCCC(C(=O)O)C3)c2CC[C@@H]1C,4.3,2,0.0,4.3,4.3,2022,2022,1,1,c1ccc(Cc2nc3c4c(ccc3n2C2CCCCC2)NCCC4)cc1,0.0
COC(=O)N1c2ccc3c(nc(C(C)(O)c4ccccn4)n3C3CCCC(C(=O)O)C3)c2CC[C@@H]1C,4.3,2,0.0,4.3,4.3,2022,2022,1,1,c1ccc(Cc2nc3c4c(ccc3n2C2CCCCC2)NCCC4)nc1,0.0
COC(=O)N1c2ccc3c(nc(C(C)C(=O)N4CCCC4)n3C3CCCC(C(=O)O)C3)c2CC[C@@H]1C,4.3,2,0.0,4.3,4.3,2022,2022,1,1,O=C(Cc1nc2c3c(ccc2n1C1CCCCC1)NCCC3)N1CCCC1,0.0
COC(=O)N1c2ccc3c(nc(C(C)C(=O)N4CCCCC4)n3C3CCCC(C(=O)O)C3)c2CC[C@@H]1C,6.26,2,0.0,6.26,6.26,2022,2022,1,1,O=C(Cc1nc2c3c(ccc2n1C1CCCCC1)NCCC3)N1CCCCC1,0.0
COC(=O)N1c2ccc3c(nc(C(C)C(O)c4ccccc4)n3C3CCCC(C(=O)O)C3)c2CC[C@@H]1C,6.26,2,0.0,6.26,6.26,2022,2022,1,1,c1ccc(CCc2nc3c4c(ccc3n2C2CCCCC2)NCCC4)cc1,0.0
COC(=O)N1c2ccc3c(nc(C(C)CC4CCCCO4)n3C3CCCC(C(=O)O)C3)c2CC[C@@H]1C,4.3,1,0.0,4.3,4.3,2022,2022,1,1,c1cc2c(nc(CCC3CCCCO3)n2C2CCCCC2)c2c1NCCC2,0.0
COC(=O)N1c2ccc3c(nc(C(C)CC4CCOCC4)n3C3CCCC(C(=O)O)C3)c2CC[C@@H]1C,4.3,2,0.0,4.3,4.3,2022,2022,1,1,c1cc2c(nc(CCC3CCOCC3)n2C2CCCCC2)c2c1NCCC2,0.0
COC(=O)N1c2ccc3c(nc(C(C)Cc4ccc(F)c(F)c4)n3C3CCCC(C(=O)O)C3)c2CC[C@@H]1C,4.3,2,0.0,4.3,4.3,2022,2022,1,1,c1ccc(CCc2nc3c4c(ccc3n2C2CCCCC2)NCCC4)cc1,0.0
COC(=O)N1c2ccc3c(nc(C(C)Cc4ccccc4)n3C)c2CC[C@@H]1C,4.3,1,0.0,4.3,4.3,2022,2022,1,1,c1ccc(CCc2nc3c4c(ccc3[nH]2)NCCC4)cc1,0.0
COC(=O)N1c2ccc3c(nc(C(C)Cc4ccccc4)n3C3CCCC(C(=O)O)C3)c2CC[C@@H]1C,4.3,2,0.0,4.3,4.3,2022,2022,1,1,c1ccc(CCc2nc3c4c(ccc3n2C2CCCCC2)NCCC4)cc1,0.0
COC(=O)N1c2ccc3c(nc(C(C)Cc4ccccc4)n3C3CCNCC3)c2CC[C@@H]1C,4.3,2,0.0,4.3,4.3,2022,2022,1,1,c1ccc(CCc2nc3c4c(ccc3n2C2CCNCC2)NCCC4)cc1,0.0
COC(=O)N1c2ccc3c(nc(C(C)Cc4cnn(C)c4)n3C3CCC(C(=O)O)CC3)c2CC[C@@H]1C,4.3,2,0.0,4.3,4.3,2022,2022,1,1,c1n[nH]cc1CCc1nc2c3c(ccc2n1C1CCCCC1)NCCC3,0.0
COC(=O)N1c2ccc3c(nc(C(C)Cc4cnn(C)c4)n3C3CCCC(C(=O)O)C3)c2CC[C@@H]1C,4.3,2,0.0,4.3,4.3,2022,2022,1,1,c1n[nH]cc1CCc1nc2c3c(ccc2n1C1CCCCC1)NCCC3,0.0
COC(=O)N1c2ccc3c(nc(C(C)Cc4cnn(C)c4)n3C3CCNCC3)c2CC[C@@H]1C,4.3,2,0.0,4.3,4.3,2022,2022,1,1,c1n[nH]cc1CCc1nc2c3c(ccc2n1C1CCNCC1)NCCC3,0.0
COC(=O)N1c2ccc3c(nc(C(C)Cn4cc(C(F)F)cn4)n3C3CCC(C(=O)O)CC3)c2CC[C@@H]1C,4.3,2,0.0,4.3,4.3,2022,2022,1,1,c1cnn(CCc2nc3c4c(ccc3n2C2CCCCC2)NCCC4)c1,0.0
COC(=O)N1c2ccc3c(nc(C(C)Cn4cc(C(F)F)cn4)n3C3CCCC(C(=O)O)C3)c2CC[C@@H]1C,4.3,2,0.0,4.3,4.3,2022,2022,1,1,c1cnn(CCc2nc3c4c(ccc3n2C2CCCCC2)NCCC4)c1,0.0
COC(=O)N1c2ccc3c(nc(C(C)Cn4cc(C)cn4)n3C3CCC(C(=O)O)CC3)c2CC[C@@H]1C,4.3,2,0.0,4.3,4.3,2022,2022,1,1,c1cnn(CCc2nc3c4c(ccc3n2C2CCCCC2)NCCC4)c1,0.0
COC(=O)N1c2ccc3c(nc(C(C)Cn4cc(C)cn4)n3C3CCS(=O)(=O)C3)c2CC[C@@H]1C,4.3,4,0.0,4.3,4.3,2022,2022,1,1,O=S1(=O)CCC(n2c(CCn3cccn3)nc3c4c(ccc32)NCCC4)C1,0.0
COC(=O)N1c2ccc3c(nc(C(C)Cn4cc(Cl)cn4)n3C3CCC(C(=O)O)CC3)c2CC[C@@H]1C,4.3,1,0.0,4.3,4.3,2022,2022,1,1,c1cnn(CCc2nc3c4c(ccc3n2C2CCCCC2)NCCC4)c1,0.0
COC(=O)N1c2ccc3c(nc(C(C)Cn4cc(Cl)cn4)n3C3CCC4(CC3)CNC4)c2CC[C@@H]1C,6.26,1,0.0,6.26,6.26,2022,2022,1,1,c1cnn(CCc2nc3c4c(ccc3n2C2CCC3(CC2)CNC3)NCCC4)c1,0.0
COC(=O)N1c2ccc3c(nc(C(C)Cn4cc(Cl)cn4)n3C3CCCC(C(=O)O)C3)c2CC[C@@H]1C,4.3,1,0.0,4.3,4.3,2022,2022,1,1,c1cnn(CCc2nc3c4c(ccc3n2C2CCCCC2)NCCC4)c1,0.0
COC(=O)N1c2ccc3c(nc(C(C)Cn4cc(Cl)cn4)n3C3CCNCC3)c2CC[C@@H]1C,4.3,1,0.0,4.3,4.3,2022,2022,1,1,c1cnn(CCc2nc3c4c(ccc3n2C2CCNCC2)NCCC4)c1,0.0
COC(=O)N1c2ccc3c(nc(C(C)Cn4cc(Cl)cn4)n3C3CCS(=O)(=O)C3)c2CC[C@@H]1C,4.3,4,0.0,4.3,4.3,2022,2022,1,1,O=S1(=O)CCC(n2c(CCn3cccn3)nc3c4c(ccc32)NCCC4)C1,0.0
COC(=O)N1c2ccc3c(nc(C(C)Cn4ccc(C)n4)n3C3CCC(C(=O)O)CC3)c2CC[C@@H]1C,4.3,2,0.0,4.3,4.3,2022,2022,1,1,c1cnn(CCc2nc3c4c(ccc3n2C2CCCCC2)NCCC4)c1,0.0
COC(=O)N1c2ccc3c(nc(C(C)Cn4ccc(C)n4)n3C3CCCC(C(=O)O)C3)c2CC[C@@H]1C,4.3,2,0.0,4.3,4.3,2022,2022,1,1,c1cnn(CCc2nc3c4c(ccc3n2C2CCCCC2)NCCC4)c1,0.0
COC(=O)N1c2ccc3c(nc(C(C)Cn4ccc(Cl)n4)n3C3CCCC(C(=O)O)C3)c2CC[C@@H]1C,4.3,2,0.0,4.3,4.3,2022,2022,1,1,c1cnn(CCc2nc3c4c(ccc3n2C2CCCCC2)NCCC4)c1,0.0
COC(=O)N1c2ccc3c(nc(C(C)Cn4cccn4)n3C3CCC(C(=O)O)CC3)c2CC[C@@H]1C,4.3,2,0.0,4.3,4.3,2022,2022,1,1,c1cnn(CCc2nc3c4c(ccc3n2C2CCCCC2)NCCC4)c1,0.0
COC(=O)N1c2ccc3c(nc(C(C)Cn4cccn4)n3C3CCCC(C(=O)O)C3)c2CC[C@@H]1C,4.3,2,0.0,4.3,4.3,2022,2022,1,1,c1cnn(CCc2nc3c4c(ccc3n2C2CCCCC2)NCCC4)c1,0.0
COC(=O)N1c2ccc3c(nc(C(C)Cn4cccn4)n3C3CCCS(=O)(=O)C3)c2CC[C@@H]1C,4.3,1,0.0,4.3,4.3,2022,2022,1,1,O=S1(=O)CCCC(n2c(CCn3cccn3)nc3c4c(ccc32)NCCC4)C1,0.0
COC(=O)N1c2ccc3c(nc(C(C)Cn4cccn4)n3C3CCS(=O)(=O)C3)c2CC[C@@H]1C,4.3,4,0.0,4.3,4.3,2022,2022,1,1,O=S1(=O)CCC(n2c(CCn3cccn3)nc3c4c(ccc32)NCCC4)C1,0.0
COC(=O)N1c2ccc3c(nc(C(C)Cn4cccn4)n3C3CCS(=O)(=O)CC3)c2CC[C@@H]1C,4.3,2,0.0,4.3,4.3,2022,2022,1,1,O=S1(=O)CCC(n2c(CCn3cccn3)nc3c4c(ccc32)NCCC4)CC1,0.0
COC(=O)N1c2ccc3c(nc(C(C)OC4CCCCC4)n3C3CCCC(C(=O)O)C3)c2CC[C@@H]1C,6.26,2,0.0,6.26,6.26,2022,2022,1,1,c1cc2c(nc(COC3CCCCC3)n2C2CCCCC2)c2c1NCCC2,0.0
COC(=O)N1c2ccc3c(nc(C(C)OC4CCOCC4)n3C3CCC(C(=O)O)CC3)c2CC[C@@H]1C,4.3,2,0.0,4.3,4.3,2022,2022,1,1,c1cc2c(nc(COC3CCOCC3)n2C2CCCCC2)c2c1NCCC2,0.0
COC(=O)N1c2ccc3c(nc(C(C)OC4CCOCC4)n3C3CCCC(C(=O)O)C3)c2CC[C@@H]1C,4.3,1,0.0,4.3,4.3,2022,2022,1,1,c1cc2c(nc(COC3CCOCC3)n2C2CCCCC2)c2c1NCCC2,0.0
COC(=O)N1c2ccc3c(nc(C(C)Oc4ccccc4)n3C3CCCC(C(=O)O)C3)c2CC[C@@H]1C,6.26,1,0.0,6.26,6.26,2022,2022,1,1,c1ccc(OCc2nc3c4c(ccc3n2C2CCCCC2)NCCC4)cc1,0.0
COC(=O)N1c2ccc3c(nc(C(C)Oc4ccccc4)n3C3CCC[C@@H](C(=O)O)C3)c2CC[C@@H]1C,6.26,1,0.0,6.26,6.26,2022,2022,1,1,c1ccc(OCc2nc3c4c(ccc3n2C2CCCCC2)NCCC4)cc1,0.0
COC(=O)N1c2ccc3c(nc(C(C)Oc4cccnc4)n3C3CCC(C(=O)O)CC3)c2CC[C@@H]1C,6.26,2,0.0,6.26,6.26,2022,2022,1,1,c1cncc(OCc2nc3c4c(ccc3n2C2CCCCC2)NCCC4)c1,0.0
COC(=O)N1c2ccc3c(nc(C(C)Oc4cnccn4)n3C3CCC(C(=O)O)CC3)c2CC[C@@H]1C,4.3,2,0.0,4.3,4.3,2022,2022,1,1,c1cnc(OCc2nc3c4c(ccc3n2C2CCCCC2)NCCC4)cn1,0.0
COC(=O)N1c2ccc3c(nc(C(C)n4c(O)cc5ccccc54)n3C3CCCC(C(=O)O)C3)c2CC[C@@H]1C,6.26,2,0.0,6.26,6.26,2022,2022,1,1,c1ccc2c(c1)ccn2Cc1nc2c3c(ccc2n1C1CCCCC1)NCCC3,0.0
COC(=O)N1c2ccc3c(nc(C(CO)c4ccccc4)n3C3CCC(C(=O)O)CC3)c2CC[C@@H]1C,4.3,2,0.0,4.3,4.3,2022,2022,1,1,c1ccc(Cc2nc3c4c(ccc3n2C2CCCCC2)NCCC4)cc1,0.0
COC(=O)N1c2ccc3c(nc(C(CO)c4ccccc4)n3C3CCCC(C(=O)O)C3)c2CC[C@@H]1C,4.3,2,0.0,4.3,4.3,2022,2022,1,1,c1ccc(Cc2nc3c4c(ccc3n2C2CCCCC2)NCCC4)cc1,0.0
COC(=O)N1c2ccc3c(nc(C(Cc4ccccc4)NC(C)=O)n3C3CCCC(C(=O)O)C3)c2CC[C@@H]1C,6.76,2,0.7071067811865476,6.26,7.26,2022,2022,1,1,c1ccc(CCc2nc3c4c(ccc3n2C2CCCCC2)NCCC4)cc1,1.0
COC(=O)N1c2ccc3c(nc(C(F)(F)F)n3Cc3ccccc3)c2CC[C@@H]1C,6.26,1,0.0,6.26,6.26,2022,2022,1,1,c1ccc(Cn2cnc3c4c(ccc32)NCCC4)cc1,0.0
COC(=O)N1c2ccc3c(nc(C(NC(C)=O)c4ccccc4)n3C3CCC(C(=O)O)CC3)c2CC[C@@H]1C,4.3,2,0.0,4.3,4.3,2022,2022,1,1,c1ccc(Cc2nc3c4c(ccc3n2C2CCCCC2)NCCC4)cc1,0.0
COC(=O)N1c2ccc3c(nc(C(NC(C)=O)c4ccccc4)n3C3CCCC(C(=O)O)C3)c2CC[C@@H]1C,6.26,2,0.0,6.26,6.26,2022,2022,1,1,c1ccc(Cc2nc3c4c(ccc3n2C2CCCCC2)NCCC4)cc1,0.0
COC(=O)N1c2ccc3c(nc(C(O)C4CCC(F)(F)CC4)n3C3CCCC(C(=O)O)C3)c2CC[C@@H]1C,4.3,2,0.0,4.3,4.3,2022,2022,1,1,c1cc2c(nc(CC3CCCCC3)n2C2CCCCC2)c2c1NCCC2,0.0
COC(=O)N1c2ccc3c(nc(C(O)C4CCCC4)n3C3CCCC(C(=O)O)C3)c2CC[C@@H]1C,4.3,2,0.0,4.3,4.3,2022,2022,1,1,c1cc2c(nc(CC3CCCC3)n2C2CCCCC2)c2c1NCCC2,0.0
COC(=O)N1c2ccc3c(nc(C(O)C4CCCCC4)n3C3CCCC(C(=O)O)C3)c2CC[C@@H]1C,4.3,2,0.0,4.3,4.3,2022,2022,1,1,c1cc2c(nc(CC3CCCCC3)n2C2CCCCC2)c2c1NCCC2,0.0
COC(=O)N1c2ccc3c(nc(C(O)CC4CCC(F)(F)CC4)n3C3CCCC(C(=O)O)C3)c2CC[C@@H]1C,4.3,2,0.0,4.3,4.3,2022,2022,1,1,c1cc2c(nc(CCC3CCCCC3)n2C2CCCCC2)c2c1NCCC2,0.0
COC(=O)N1c2ccc3c(nc(C(O)CC4CCCC4)n3C3CCCC(C(=O)O)C3)c2CC[C@@H]1C,6.26,1,0.0,6.26,6.26,2022,2022,1,1,c1cc2c(nc(CCC3CCCC3)n2C2CCCCC2)c2c1NCCC2,0.0
COC(=O)N1c2ccc3c(nc(C(O)Cc4ccccc4)n3C3CCC(C(=O)O)CC3)c2CC[C@@H]1C,6.26,2,0.0,6.26,6.26,2022,2022,1,1,c1ccc(CCc2nc3c4c(ccc3n2C2CCCCC2)NCCC4)cc1,0.0
COC(=O)N1c2ccc3c(nc(C(O)c4cc(Cl)c5c(c4)CCO5)n3C3CCCC(C(=O)O)C3)c2CC[C@@H]1C,6.26,2,0.0,6.26,6.26,2022,2022,1,1,c1cc2c(cc1Cc1nc3c4c(ccc3n1C1CCCCC1)NCCC4)CCO2,0.0
COC(=O)N1c2ccc3c(nc(C(O)c4cc(Cl)cc(OC)c4)n3C3CCCC(C(=O)O)C3)c2CC[C@@H]1C,6.26,2,0.0,6.26,6.26,2022,2022,1,1,c1ccc(Cc2nc3c4c(ccc3n2C2CCCCC2)NCCC4)cc1,0.0
COC(=O)N1c2ccc3c(nc(C(O)c4cc(Cl)ccc4OC)n3C3CCCC(C(=O)O)C3)c2CC[C@@H]1C,6.26,2,0.0,6.26,6.26,2022,2022,1,1,c1ccc(Cc2nc3c4c(ccc3n2C2CCCCC2)NCCC4)cc1,0.0
COC(=O)N1c2ccc3c(nc(C(O)c4cc(F)c5c(c4)CCO5)n3C3CCCC(C(=O)O)C3)c2CC[C@@H]1C,6.26,2,0.0,6.26,6.26,2022,2022,1,1,c1cc2c(cc1Cc1nc3c4c(ccc3n1C1CCCCC1)NCCC4)CCO2,0.0
COC(=O)N1c2ccc3c(nc(C(O)c4cc(F)cc(F)c4)n3C3CCCC(C(=O)O)C3)c2CC[C@@H]1C,6.26,2,0.0,6.26,6.26,2022,2022,1,1,c1ccc(Cc2nc3c4c(ccc3n2C2CCCCC2)NCCC4)cc1,0.0
COC(=O)N1c2ccc3c(nc(C(O)c4cc(F)cc(OC)c4)n3C3CCCC(C(=O)O)C3)c2CC[C@@H]1C,6.26,2,0.0,6.26,6.26,2022,2022,1,1,c1ccc(Cc2nc3c4c(ccc3n2C2CCCCC2)NCCC4)cc1,0.0
COC(=O)N1c2ccc3c(nc(C(O)c4cc(F)cc5cc[nH]c45)n3C3CCCC(C(=O)O)C3)c2CC[C@@H]1C,6.26,2,0.0,6.26,6.26,2022,2022,1,1,c1cc(Cc2nc3c4c(ccc3n2C2CCCCC2)NCCC4)c2[nH]ccc2c1,0.0
COC(=O)N1c2ccc3c(nc(C(O)c4cc(F)cc5cn[nH]c45)n3C3CCCC(C(=O)O)C3)c2CC[C@@H]1C,6.26,1,0.0,6.26,6.26,2022,2022,1,1,c1cc(Cc2nc3c4c(ccc3n2C2CCCCC2)NCCC4)c2[nH]ncc2c1,0.0
COC(=O)N1c2ccc3c(nc(C(O)c4cc(F)ccc4F)n3C3CCCC(C(=O)O)C3)c2CC[C@@H]1C,4.3,2,0.0,4.3,4.3,2022,2022,1,1,c1ccc(Cc2nc3c4c(ccc3n2C2CCCCC2)NCCC4)cc1,0.0
COC(=O)N1c2ccc3c(nc(C(O)c4cc(F)ccc4OC(C)C)n3C3CCCC(C(=O)O)C3)c2CC[C@@H]1C,6.26,2,0.0,6.26,6.26,2022,2022,1,1,c1ccc(Cc2nc3c4c(ccc3n2C2CCCCC2)NCCC4)cc1,0.0
COC(=O)N1c2ccc3c(nc(C(O)c4cc(F)ccc4OC(F)F)n3C3CCCC(C(=O)O)C3)c2CC[C@@H]1C,6.26,2,0.0,6.26,6.26,2022,2022,1,1,c1ccc(Cc2nc3c4c(ccc3n2C2CCCCC2)NCCC4)cc1,0.0
COC(=O)N1c2ccc3c(nc(C(O)c4cc(F)ccc4OC)n3[C@@H]3CCC[C@@H](C(=O)O)C3)c2CC[C@@H]1C,4.3,1,0.0,4.3,4.3,2022,2022,1,1,c1ccc(Cc2nc3c4c(ccc3n2C2CCCCC2)NCCC4)cc1,0.0
COC(=O)N1c2ccc3c(nc(C(O)c4cc(F)ccc4OC4CC4)n3C3CCCC(C(=O)O)C3)c2CC[C@@H]1C,6.26,2,0.0,6.26,6.26,2022,2022,1,1,c1ccc(OC2CC2)c(Cc2nc3c4c(ccc3n2C2CCCCC2)NCCC4)c1,0.0
COC(=O)N1c2ccc3c(nc(C(O)c4cc5c(cn4)OCC5)n3C3CCCC(C(=O)O)C3)c2CC[C@@H]1C,4.3,2,0.0,4.3,4.3,2022,2022,1,1,c1c(Cc2nc3c4c(ccc3n2C2CCCCC2)NCCC4)ncc2c1CCO2,0.0
COC(=O)N1c2ccc3c(nc(C(O)c4cc5ccoc5cn4)n3C3CCCC(C(=O)O)C3)c2CC[C@@H]1C,4.3,1,0.0,4.3,4.3,2022,2022,1,1,c1cc2cc(Cc3nc4c5c(ccc4n3C3CCCCC3)NCCC5)ncc2o1,0.0
COC(=O)N1c2ccc3c(nc(C(O)c4cc5ncoc5cn4)n3C3CCCC(C(=O)O)C3)c2CC[C@@H]1C,6.26,1,0.0,6.26,6.26,2022,2022,1,1,c1nc2cc(Cc3nc4c5c(ccc4n3C3CCCCC3)NCCC5)ncc2o1,0.0
COC(=O)N1c2ccc3c(nc(C(O)c4ccc(C)c(F)c4)n3C3CCCC(C(=O)O)C3)c2CC[C@@H]1C,6.26,2,0.0,6.26,6.26,2022,2022,1,1,c1ccc(Cc2nc3c4c(ccc3n2C2CCCCC2)NCCC4)cc1,0.0
COC(=O)N1c2ccc3c(nc(C(O)c4ccc(Cl)cc4)n3C3CCCC(C(=O)O)C3)c2CC[C@@H]1C,6.26,1,0.0,6.26,6.26,2022,2022,1,1,c1ccc(Cc2nc3c4c(ccc3n2C2CCCCC2)NCCC4)cc1,0.0
COC(=O)N1c2ccc3c(nc(C(O)c4ccc(F)c(F)c4)n3C3CCCC(C(=O)O)C3)c2CC[C@@H]1C,4.3,2,0.0,4.3,4.3,2022,2022,1,1,c1ccc(Cc2nc3c4c(ccc3n2C2CCCCC2)NCCC4)cc1,0.0
COC(=O)N1c2ccc3c(nc(C(O)c4ccc(OC)c(Cl)c4)n3C3CCCC(C(=O)O)C3)c2CC[C@@H]1C,6.26,2,0.0,6.26,6.26,2022,2022,1,1,c1ccc(Cc2nc3c4c(ccc3n2C2CCCCC2)NCCC4)cc1,0.0
COC(=O)N1c2ccc3c(nc(C(O)c4ccc(OC)c(F)c4)n3C3CCCC(C(=O)O)C3)c2CC[C@@H]1C,6.26,2,0.0,6.26,6.26,2022,2022,1,1,c1ccc(Cc2nc3c4c(ccc3n2C2CCCCC2)NCCC4)cc1,0.0
COC(=O)N1c2ccc3c(nc(C(O)c4ccc(OC)cc4Cl)n3C3CCCC(C(=O)O)C3)c2CC[C@@H]1C,6.26,2,0.0,6.26,6.26,2022,2022,1,1,c1ccc(Cc2nc3c4c(ccc3n2C2CCCCC2)NCCC4)cc1,0.0
COC(=O)N1c2ccc3c(nc(C(O)c4ccc5[nH]ccc5c4)n3C3CCCC(C(=O)O)C3)c2CC[C@@H]1C,7.26,2,0.0,7.26,7.26,2022,2022,1,1,c1cc2cc(Cc3nc4c5c(ccc4n3C3CCCCC3)NCCC5)ccc2[nH]1,0.0
COC(=O)N1c2ccc3c(nc(C(O)c4ccc5[nH]ncc5c4)n3C3CCCC(C(=O)O)C3)c2CC[C@@H]1C,6.26,2,0.0,6.26,6.26,2022,2022,1,1,c1cc2[nH]ncc2cc1Cc1nc2c3c(ccc2n1C1CCCCC1)NCCC3,0.0
COC(=O)N1c2ccc3c(nc(C(O)c4ccc5c(c4)CCO5)n3C3CCCC(C(=O)O)C3)c2CC[C@@H]1C,6.26,2,0.0,6.26,6.26,2022,2022,1,1,c1cc2c(cc1Cc1nc3c4c(ccc3n1C1CCCCC1)NCCC4)CCO2,0.0
COC(=O)N1c2ccc3c(nc(C(O)c4ccc5c(ccn5C)c4)n3C3CCCC(C(=O)O)C3)c2CC[C@@H]1C,7.26,1,0.0,7.26,7.26,2022,2022,1,1,c1cc2cc(Cc3nc4c5c(ccc4n3C3CCCCC3)NCCC5)ccc2[nH]1,0.0
COC(=O)N1c2ccc3c(nc(C(O)c4ccc5ocnc5c4)n3C3CCCC(C(=O)O)C3)c2CC[C@@H]1C,6.26,2,0.0,6.26,6.26,2022,2022,1,1,c1nc2cc(Cc3nc4c5c(ccc4n3C3CCCCC3)NCCC5)ccc2o1,0.0
COC(=O)N1c2ccc3c(nc(C(O)c4cccc(Cl)c4)n3C3CCCC(C(=O)O)C3)c2CC[C@@H]1C,6.26,2,0.0,6.26,6.26,2022,2022,1,1,c1ccc(Cc2nc3c4c(ccc3n2C2CCCCC2)NCCC4)cc1,0.0
COC(=O)N1c2ccc3c(nc(C(O)c4ccccc4)n3C3CCC(C(=O)O)CC3)c2CC[C@@H]1C,4.3,2,0.0,4.3,4.3,2022,2022,1,1,c1ccc(Cc2nc3c4c(ccc3n2C2CCCCC2)NCCC4)cc1,0.0
COC(=O)N1c2ccc3c(nc(C(O)c4ccccc4)n3C3CCCC(C(=O)O)C3)c2CC[C@@H]1C,4.3,1,0.0,4.3,4.3,2022,2022,1,1,c1ccc(Cc2nc3c4c(ccc3n2C2CCCCC2)NCCC4)cc1,0.0
COC(=O)N1c2ccc3c(nc(C(c4ccc(OC)c(F)c4)C(C)C)n3C3CCC(C(=O)O)CC3)c2CC[C@@H]1C,4.3,2,0.0,4.3,4.3,2022,2022,1,1,c1ccc(Cc2nc3c4c(ccc3n2C2CCCCC2)NCCC4)cc1,0.0
COC(=O)N1c2ccc3c(nc(C(c4ccccc4)[S+](C)[O-])n3C3CCC(C(=O)O)CC3)c2CC[C@@H]1C,4.3,2,0.0,4.3,4.3,2022,2022,1,1,c1ccc(Cc2nc3c4c(ccc3n2C2CCCCC2)NCCC4)cc1,0.0
COC(=O)N1c2ccc3c(nc(C)n3CCN3CCOCC3)c2CC[C@@H]1C,4.3,1,0.0,4.3,4.3,2022,2022,1,1,c1cc2c(ncn2CCN2CCOCC2)c2c1NCCC2,0.0
COC(=O)N1c2ccc3c(nc(C4(Cn5cccn5)CC4)n3[C@@H]3CCC[C@@H](C(=O)O)C3)c2CC[C@@H]1C,4.3,1,0.0,4.3,4.3,2022,2022,1,1,c1cnn(CC2(c3nc4c5c(ccc4n3C3CCCCC3)NCCC5)CC2)c1,0.0
COC(=O)N1c2ccc3c(nc(C4(Cn5cccn5)CC4)n3[C@H]3CC[C@H](C(=O)O)CC3)c2CC[C@@H]1C,4.3,1,0.0,4.3,4.3,2022,2022,1,1,c1cnn(CC2(c3nc4c5c(ccc4n3C3CCCCC3)NCCC5)CC2)c1,0.0
COC(=O)N1c2ccc3c(nc(C4(N(C)c5ccccn5)CC4)n3[C@@H]3CCC[C@@H](C(=O)O)C3)c2CC[C@@H]1C,6.26,1,0.0,6.26,6.26,2022,2022,1,1,c1ccc(NC2(c3nc4c5c(ccc4n3C3CCCCC3)NCCC5)CC2)nc1,0.0
COC(=O)N1c2ccc3c(nc(C4(N5CCCCC5=O)CC4)n3[C@@H]3CCC[C@@H](C(=O)O)C3)c2CC[C@@H]1C,4.3,1,0.0,4.3,4.3,2022,2022,1,1,O=C1CCCCN1C1(c2nc3c4c(ccc3n2C2CCCCC2)NCCC4)CC1,0.0
COC(=O)N1c2ccc3c(nc(C4(Nc5ccccn5)CC4)n3[C@@H]3CCC[C@@H](C(=O)O)C3)c2CC[C@@H]1C,6.26,1,0.0,6.26,6.26,2022,2022,1,1,c1ccc(NC2(c3nc4c5c(ccc4n3C3CCCCC3)NCCC5)CC2)nc1,0.0
COC(=O)N1c2ccc3c(nc(C4(Oc5ccccc5)CC4)n3[C@@H]3CCC[C@@H](C(=O)O)C3)c2CC[C@@H]1C,6.26,1,0.0,6.26,6.26,2022,2022,1,1,c1ccc(OC2(c3nc4c5c(ccc4n3C3CCCCC3)NCCC5)CC2)cc1,0.0
COC(=O)N1c2ccc3c(nc(C4(Oc5ccccc5)CC4)n3[C@H]3CC[C@H](C(=O)O)CC3)c2CC[C@@H]1C,4.3,1,0.0,4.3,4.3,2022,2022,1,1,c1ccc(OC2(c3nc4c5c(ccc4n3C3CCCCC3)NCCC5)CC2)cc1,0.0
COC(=O)N1c2ccc3c(nc(C4(Oc5ccccn5)CC4)n3[C@@H]3CCC[C@@H](C(=O)O)C3)c2CC[C@@H]1C,6.26,1,0.0,6.26,6.26,2022,2022,1,1,c1ccc(OC2(c3nc4c5c(ccc4n3C3CCCCC3)NCCC5)CC2)nc1,0.0
COC(=O)N1c2ccc3c(nc(C4(Oc5ccccn5)CC4)n3[C@H]3CC[C@H](C(=O)O)CC3)c2CC[C@@H]1C,6.26,1,0.0,6.26,6.26,2022,2022,1,1,c1ccc(OC2(c3nc4c5c(ccc4n3C3CCCCC3)NCCC5)CC2)nc1,0.0
COC(=O)N1c2ccc3c(nc(C4(Oc5cnccn5)CC4)n3[C@@H]3CCC[C@@H](C(=O)O)C3)c2CC[C@@H]1C,6.26,1,0.0,6.26,6.26,2022,2022,1,1,c1cnc(OC2(c3nc4c5c(ccc4n3C3CCCCC3)NCCC5)CC2)cn1,0.0
COC(=O)N1c2ccc3c(nc(C4(Oc5cnccn5)CC4)n3[C@H]3CC[C@H](C(=O)O)CC3)c2CC[C@@H]1C,4.3,1,0.0,4.3,4.3,2022,2022,1,1,c1cnc(OC2(c3nc4c5c(ccc4n3C3CCCCC3)NCCC5)CC2)cn1,0.0
COC(=O)N1c2ccc3c(nc(C4(c5ccc(OC(F)F)nc5)CC4)n3[C@@H]3CCC[C@@H](C(=O)O)C3)c2CC[C@@H]1C,6.26,1,0.0,6.26,6.26,2022,2022,1,1,c1cncc(C2(c3nc4c5c(ccc4n3C3CCCCC3)NCCC5)CC2)c1,0.0
COC(=O)N1c2ccc3c(nc(C4(c5cncc(C)n5)CC4)n3[C@@H]3CCC[C@@H](C(=O)O)C3)c2CC[C@@H]1C,4.3,1,0.0,4.3,4.3,2022,2022,1,1,c1cnc(C2(c3nc4c5c(ccc4n3C3CCCCC3)NCCC5)CC2)cn1,0.0
COC(=O)N1c2ccc3c(nc(C4(c5cncc(C6CC6)n5)CC4)n3[C@@H]3CCC[C@@H](C(=O)O)C3)c2CC[C@@H]1C,6.26,1,0.0,6.26,6.26,2022,2022,1,1,c1ncc(C2(c3nc4c5c(ccc4n3C3CCCCC3)NCCC5)CC2)nc1C1CC1,0.0
COC(=O)N1c2ccc3c(nc(C4(c5cnccn5)CC4)n3[C@@H]3CCC[C@@H](C(=O)O)C3)c2CC[C@@H]1C,4.3,1,0.0,4.3,4.3,2022,2022,1,1,c1cnc(C2(c3nc4c5c(ccc4n3C3CCCCC3)NCCC5)CC2)cn1,0.0
COC(=O)N1c2ccc3c(nc(C4(n5cc(Cl)cn5)CC4)n3[C@H]3CC[C@H](C(=O)O)CC3)c2CC[C@@H]1C,4.3,1,0.0,4.3,4.3,2022,2022,1,1,c1cnn(C2(c3nc4c5c(ccc4n3C3CCCCC3)NCCC5)CC2)c1,0.0
COC(=O)N1c2ccc3c(nc(C4(n5cc6ccccc6n5)CC4)n3[C@H]3CC[C@H](C(=O)O)CC3)c2CC[C@@H]1C,6.26,1,0.0,6.26,6.26,2022,2022,1,1,c1ccc2nn(C3(c4nc5c6c(ccc5n4C4CCCCC4)NCCC6)CC3)cc2c1,0.0
COC(=O)N1c2ccc3c(nc(C4(n5ncc6ccccc65)CC4)n3[C@H]3CC[C@H](C(=O)O)CC3)c2CC[C@@H]1C,6.26,1,0.0,6.26,6.26,2022,2022,1,1,c1ccc2c(c1)cnn2C1(c2nc3c4c(ccc3n2C2CCCCC2)NCCC4)CC1,0.0
COC(=O)N1c2ccc3c(nc(C4CC4)n3CCN3CCOCC3)c2CC[C@@H]1C,4.3,1,0.0,4.3,4.3,2022,2022,1,1,c1cc2c(nc(C3CC3)n2CCN2CCOCC2)c2c1NCCC2,0.0
COC(=O)N1c2ccc3c(nc(CC(=O)N4CCCC4)n3[C@@H]3CCC[C@@H](C(=O)O)C3)c2CC[C@@H]1C,4.3,1,0.0,4.3,4.3,2022,2022,1,1,O=C(Cc1nc2c3c(ccc2n1C1CCCCC1)NCCC3)N1CCCC1,0.0
COC(=O)N1c2ccc3c(nc(CC(=O)N4CCCCC4)n3[C@@H]3CCC[C@@H](C(=O)O)C3)c2CC[C@@H]1C,4.3,1,0.0,4.3,4.3,2022,2022,1,1,O=C(Cc1nc2c3c(ccc2n1C1CCCCC1)NCCC3)N1CCCCC1,0.0
COC(=O)N1c2ccc3c(nc(CC(C(=O)O)c4ccc(C(C)C)cc4)n3C3CCCOC3)c2CC[C@@H]1C,4.3,2,0.0,4.3,4.3,2022,2022,1,1,c1ccc(CCc2nc3c4c(ccc3n2C2CCCOC2)NCCC4)cc1,0.0
COC(=O)N1c2ccc3c(nc(CC(C(=O)O)c4ccc(C(F)F)cc4)n3C3CCCOC3)c2CC[C@@H]1C,4.3,4,0.0,4.3,4.3,2022,2022,1,1,c1ccc(CCc2nc3c4c(ccc3n2C2CCCOC2)NCCC4)cc1,0.0
COC(=O)N1c2ccc3c(nc(CC(C(=O)O)c4ccc(C(F)F)cc4)n3C3COCC(F)(F)C3)c2CC[C@@H]1C,4.3,4,0.0,4.3,4.3,2022,2022,1,1,c1ccc(CCc2nc3c4c(ccc3n2C2CCCOC2)NCCC4)cc1,0.0
COC(=O)N1c2ccc3c(nc(CC(C(=O)O)c4ccc(C)c(F)c4)n3C3CCCC3)c2CC[C@@H]1C,4.3,2,0.0,4.3,4.3,2022,2022,1,1,c1ccc(CCc2nc3c4c(ccc3n2C2CCCC2)NCCC4)cc1,0.0
COC(=O)N1c2ccc3c(nc(CC(C(=O)O)c4ccc(C)c(F)c4)n3C3CCCOC3)c2CC[C@@H]1C,4.3,4,0.0,4.3,4.3,2022,2022,1,1,c1ccc(CCc2nc3c4c(ccc3n2C2CCCOC2)NCCC4)cc1,0.0
COC(=O)N1c2ccc3c(nc(CC(C(=O)O)c4ccc(C)cc4)n3C3CCCOC3)c2CC[C@@H]1C,4.3,4,0.0,4.3,4.3,2022,2022,1,1,c1ccc(CCc2nc3c4c(ccc3n2C2CCCOC2)NCCC4)cc1,0.0
COC(=O)N1c2ccc3c(nc(CC(C(=O)O)c4ccc(C)cc4)n3C3COCC(F)(F)C3)c2CC[C@@H]1C,4.3,4,0.0,4.3,4.3,2022,2022,1,1,c1ccc(CCc2nc3c4c(ccc3n2C2CCCOC2)NCCC4)cc1,0.0
COC(=O)N1c2ccc3c(nc(CC(C(=O)O)c4ccc(C5CC5)cc4)n3C3CCCOC3)c2CC[C@@H]1C,4.3,2,0.0,4.3,4.3,2022,2022,1,1,c1cc(C2CC2)ccc1CCc1nc2c3c(ccc2n1C1CCCOC1)NCCC3,0.0
COC(=O)N1c2ccc3c(nc(CC(C(=O)O)c4ccc(Cl)cc4)n3C3CCCC3)c2CC[C@@H]1C,4.3,2,0.0,4.3,4.3,2022,2022,1,1,c1ccc(CCc2nc3c4c(ccc3n2C2CCCC2)NCCC4)cc1,0.0
COC(=O)N1c2ccc3c(nc(CC(C(=O)O)c4ccc(Cl)cc4)n3C3CCCOC3)c2CC[C@@H]1C,4.3,2,0.0,4.3,4.3,2022,2022,1,1,c1ccc(CCc2nc3c4c(ccc3n2C2CCCOC2)NCCC4)cc1,0.0
COC(=O)N1c2ccc3c(nc(CC(C(=O)O)c4ccc(F)c(F)c4)n3C3CCCC3)c2CC[C@@H]1C,4.3,2,0.0,4.3,4.3,2022,2022,1,1,c1ccc(CCc2nc3c4c(ccc3n2C2CCCC2)NCCC4)cc1,0.0
COC(=O)N1c2ccc3c(nc(CC(C(=O)O)c4ccc(F)cc4)n3C3CCCOC3)c2CC[C@@H]1C,4.3,2,0.0,4.3,4.3,2022,2022,1,1,c1ccc(CCc2nc3c4c(ccc3n2C2CCCOC2)NCCC4)cc1,0.0
COC(=O)N1c2ccc3c(nc(CC(C(=O)O)c4ccc5ccccc5c4)n3C3CCCOC3)c2CC[C@@H]1C,4.3,2,0.0,4.3,4.3,2022,2022,1,1,c1ccc2cc(CCc3nc4c5c(ccc4n3C3CCCOC3)NCCC5)ccc2c1,0.0
COC(=O)N1c2ccc3c(nc(CC(C(=O)O)c4cccc(C(F)F)c4)n3C3CCCOC3)c2CC[C@@H]1C,4.3,2,0.0,4.3,4.3,2022,2022,1,1,c1ccc(CCc2nc3c4c(ccc3n2C2CCCOC2)NCCC4)cc1,0.0
COC(=O)N1c2ccc3c(nc(CC(C(=O)O)c4cccc(C)c4)n3C3CCCOC3)c2CC[C@@H]1C,4.3,2,0.0,4.3,4.3,2022,2022,1,1,c1ccc(CCc2nc3c4c(ccc3n2C2CCCOC2)NCCC4)cc1,0.0
COC(=O)N1c2ccc3c(nc(CC(C(=O)O)c4cccc(Cl)c4)n3C3CCCOC3)c2CC[C@@H]1C,4.3,2,0.0,4.3,4.3,2022,2022,1,1,c1ccc(CCc2nc3c4c(ccc3n2C2CCCOC2)NCCC4)cc1,0.0
COC(=O)N1c2ccc3c(nc(CC(C(=O)O)c4cccc(F)c4)n3C3CCCOC3)c2CC[C@@H]1C,4.3,2,0.0,4.3,4.3,2022,2022,1,1,c1ccc(CCc2nc3c4c(ccc3n2C2CCCOC2)NCCC4)cc1,0.0
COC(=O)N1c2ccc3c(nc(CC(C(=O)O)c4cccc5ccccc45)n3C3CCCOC3)c2CC[C@@H]1C,4.3,2,0.0,4.3,4.3,2022,2022,1,1,c1ccc2c(CCc3nc4c5c(ccc4n3C3CCCOC3)NCCC5)cccc2c1,0.0
COC(=O)N1c2ccc3c(nc(CC(C(=O)O)c4ccccc4)n3-c3ccc(C#N)cc3)c2CC[C@@H]1C,4.3,2,0.0,4.3,4.3,2022,2022,1,1,c1ccc(CCc2nc3c4c(ccc3n2-c2ccccc2)NCCC4)cc1,0.0
COC(=O)N1c2ccc3c(nc(CC(C(=O)O)c4ccccc4)n3-c3ccc(OC)cc3)c2CC[C@@H]1C,4.3,2,0.0,4.3,4.3,2022,2022,1,1,c1ccc(CCc2nc3c4c(ccc3n2-c2ccccc2)NCCC4)cc1,0.0
COC(=O)N1c2ccc3c(nc(CC(C(=O)O)c4ccccc4)n3-c3cccc(C#N)c3)c2CC[C@@H]1C,4.3,2,0.0,4.3,4.3,2022,2022,1,1,c1ccc(CCc2nc3c4c(ccc3n2-c2ccccc2)NCCC4)cc1,0.0
COC(=O)N1c2ccc3c(nc(CC(C(=O)O)c4ccccc4)n3-c3cccc(OC)c3)c2CC[C@@H]1C,4.3,2,0.0,4.3,4.3,2022,2022,1,1,c1ccc(CCc2nc3c4c(ccc3n2-c2ccccc2)NCCC4)cc1,0.0
COC(=O)N1c2ccc3c(nc(CC(C(=O)O)c4ccccc4)n3C3CCC4(CC3)COC4)c2CC[C@@H]1C,4.3,1,0.0,4.3,4.3,2022,2022,1,1,c1ccc(CCc2nc3c4c(ccc3n2C2CCC3(CC2)COC3)NCCC4)cc1,0.0
COC(=O)N1c2ccc3c(nc(CC(C(=O)O)c4ccccc4)n3C3CCCC(OC)C3)c2CC[C@@H]1C,4.3,6,0.0,4.3,4.3,2022,2022,1,1,c1ccc(CCc2nc3c4c(ccc3n2C2CCCCC2)NCCC4)cc1,0.0
COC(=O)N1c2ccc3c(nc(CC(C(=O)O)c4ccccc4)n3C3COCC(F)(F)C3)c2CC[C@@H]1C,4.3,4,0.0,4.3,4.3,2022,2022,1,1,c1ccc(CCc2nc3c4c(ccc3n2C2CCCOC2)NCCC4)cc1,0.0
COC(=O)N1c2ccc3c(nc(CC(C(=O)O)c4ccccc4)n3CCN3CCOCC3)c2CC[C@@H]1C,4.3,1,0.0,4.3,4.3,2022,2022,1,1,c1ccc(CCc2nc3c4c(ccc3n2CCN2CCOCC2)NCCC4)cc1,0.0
COC(=O)N1c2ccc3c(nc(CC(O)c4ccccc4)n3C3CCC(C(=O)O)CC3)c2CC[C@@H]1C,6.26,2,0.0,6.26,6.26,2022,2022,1,1,c1ccc(CCc2nc3c4c(ccc3n2C2CCCCC2)NCCC4)cc1,0.0
COC(=O)N1c2ccc3c(nc(CC(O)c4ccccc4)n3C3CCCC(C(=O)O)C3)c2CC[C@@H]1C,6.26,2,0.0,6.26,6.26,2022,2022,1,1,c1ccc(CCc2nc3c4c(ccc3n2C2CCCCC2)NCCC4)cc1,0.0
COC(=O)N1c2ccc3c(nc(CC4CCC(C#N)CC4)n3C3CCCC(C(=O)O)C3)c2CC[C@@H]1C,4.3,2,0.0,4.3,4.3,2022,2022,1,1,c1cc2c(nc(CC3CCCCC3)n2C2CCCCC2)c2c1NCCC2,0.0
COC(=O)N1c2ccc3c(nc(CC4CCC(OC)CC4)n3C3CCC(C(=O)O)CC3)c2CC[C@@H]1C,4.3,2,0.0,4.3,4.3,2022,2022,1,1,c1cc2c(nc(CC3CCCCC3)n2C2CCCCC2)c2c1NCCC2,0.0
COC(=O)N1c2ccc3c(nc(CC4CCCCC4)n3[C@@H]3CCC[C@@H](C(=O)O)C3)c2CC[C@@H]1C,4.3,1,0.0,4.3,4.3,2022,2022,1,1,c1cc2c(nc(CC3CCCCC3)n2C2CCCCC2)c2c1NCCC2,0.0
COC(=O)N1c2ccc3c(nc(CC4CCCCC4O)n3C3CCCC(C(=O)O)C3)c2CC[C@@H]1C,4.3,2,0.0,4.3,4.3,2022,2022,1,1,c1cc2c(nc(CC3CCCCC3)n2C2CCCCC2)c2c1NCCC2,0.0
COC(=O)N1c2ccc3c(nc(CC4CCCOC4)n3C3CCCC(C(=O)O)C3)c2CC[C@@H]1C,4.3,2,0.0,4.3,4.3,2022,2022,1,1,c1cc2c(nc(CC3CCCOC3)n2C2CCCCC2)c2c1NCCC2,0.0
COC(=O)N1c2ccc3c(nc(CC4CCN(C(C)=O)CC4)n3[C@@H]3CCC[C@@H](C(=O)O)C3)c2CC[C@@H]1C,4.3,1,0.0,4.3,4.3,2022,2022,1,1,c1cc2c(nc(CC3CCNCC3)n2C2CCCCC2)c2c1NCCC2,0.0
COC(=O)N1c2ccc3c(nc(CC4CCOCC4)n3[C@@H]3CCC[C@@H](C(=O)O)C3)c2CC[C@@H]1C,4.3,1,0.0,4.3,4.3,2022,2022,1,1,c1cc2c(nc(CC3CCOCC3)n2C2CCCCC2)c2c1NCCC2,0.0
COC(=O)N1c2ccc3c(nc(CCC4CC4)n3CCN3CCOCC3)c2CC[C@@H]1C,4.3,1,0.0,4.3,4.3,2022,2022,1,1,c1cc2c(nc(CCC3CC3)n2CCN2CCOCC2)c2c1NCCC2,0.0
COC(=O)N1c2ccc3c(nc(CCC4CCC4)n3[C@@H]3CCC[C@@H](C(=O)O)C3)c2CC[C@@H]1C,6.26,1,0.0,6.26,6.26,2022,2022,1,1,c1cc2c(nc(CCC3CCC3)n2C2CCCCC2)c2c1NCCC2,0.0
COC(=O)N1c2ccc3c(nc(CCC4CCC4)n3[C@@H]3CCC[C@H](C(=O)O)C3)c2CC[C@@H]1C,6.26,1,0.0,6.26,6.26,2022,2022,1,1,c1cc2c(nc(CCC3CCC3)n2C2CCCCC2)c2c1NCCC2,0.0
COC(=O)N1c2ccc3c(nc(CCC4CCCC4)n3C3CCCC(C(=O)O)C3)c2CC[C@@H]1C,4.3,2,0.0,4.3,4.3,2022,2022,1,1,c1cc2c(nc(CCC3CCCC3)n2C2CCCCC2)c2c1NCCC2,0.0
COC(=O)N1c2ccc3c(nc(CCC4CCCCC4)n3[C@@H]3CCC[C@@H](C(=O)O)C3)c2CC[C@@H]1C,6.26,1,0.0,6.26,6.26,2022,2022,1,1,c1cc2c(nc(CCC3CCCCC3)n2C2CCCCC2)c2c1NCCC2,0.0
COC(=O)N1c2ccc3c(nc(CCC4CCOCC4)n3[C@@H]3CCC[C@@H](C(=O)O)C3)c2CC[C@@H]1C,4.3,1,0.0,4.3,4.3,2022,2022,1,1,c1cc2c(nc(CCC3CCOCC3)n2C2CCCCC2)c2c1NCCC2,0.0
COC(=O)N1c2ccc3c(nc(CCC4CCOCC4)n3[C@H]3CC[C@H](C(=O)O)CC3)c2CC[C@@H]1C,4.3,1,0.0,4.3,4.3,2022,2022,1,1,c1cc2c(nc(CCC3CCOCC3)n2C2CCCCC2)c2c1NCCC2,0.0
COC(=O)N1c2ccc3c(nc(CCN4CCCCC4=O)n3[C@@H]3CCC[C@@H](C(=O)O)C3)c2CC[C@@H]1C,6.26,1,0.0,6.26,6.26,2022,2022,1,1,O=C1CCCCN1CCc1nc2c3c(ccc2n1C1CCCCC1)NCCC3,0.0
COC(=O)N1c2ccc3c(nc(CC[C@H]4CCOC4)n3[C@@H]3CCC[C@@H](C(=O)O)C3)c2CC[C@@H]1C,4.3,1,0.0,4.3,4.3,2022,2022,1,1,c1cc2c(nc(CCC3CCOC3)n2C2CCCCC2)c2c1NCCC2,0.0
COC(=O)N1c2ccc3c(nc(CCc4cc(C)no4)n3[C@H]3CC[C@H](C(=O)O)CC3)c2CC[C@@H]1C,4.3,1,0.0,4.3,4.3,2022,2022,1,1,c1cc(CCc2nc3c4c(ccc3n2C2CCCCC2)NCCC4)on1,0.0
COC(=O)N1c2ccc3c(nc(CCc4ccc(C)c(F)c4)n3[C@@H]3CCC[C@@H](C(=O)O)C3)c2CC[C@@H]1C,4.3,1,0.0,4.3,4.3,2022,2022,1,1,c1ccc(CCc2nc3c4c(ccc3n2C2CCCCC2)NCCC4)cc1,0.0
COC(=O)N1c2ccc3c(nc(CCc4ccc(Cl)cc4)n3[C@@H]3CCC[C@@H](C(=O)O)C3)c2CC[C@@H]1C,4.3,1,0.0,4.3,4.3,2022,2022,1,1,c1ccc(CCc2nc3c4c(ccc3n2C2CCCCC2)NCCC4)cc1,0.0
COC(=O)N1c2ccc3c(nc(CCc4ccc(F)c(F)c4)n3[C@@H]3CCC[C@@H](C(=O)O)C3)c2CC[C@@H]1C,4.3,1,0.0,4.3,4.3,2022,2022,1,1,c1ccc(CCc2nc3c4c(ccc3n2C2CCCCC2)NCCC4)cc1,0.0
COC(=O)N1c2ccc3c(nc(CCc4cccc(OC(C)C)c4)n3C3CC4(CNC4)C3)c2CC[C@@H]1C,4.3,1,0.0,4.3,4.3,2022,2022,1,1,c1ccc(CCc2nc3c4c(ccc3n2C2CC3(CNC3)C2)NCCC4)cc1,0.0
COC(=O)N1c2ccc3c(nc(CCc4cccc(OC)c4)n3C3CC4(CNC4)C3)c2CC[C@@H]1C,4.3,1,0.0,4.3,4.3,2022,2022,1,1,c1ccc(CCc2nc3c4c(ccc3n2C2CC3(CNC3)C2)NCCC4)cc1,0.0
COC(=O)N1c2ccc3c(nc(CCc4ccccc4)n3C)c2CC[C@@H]1C,4.3,1,0.0,4.3,4.3,2022,2022,1,1,c1ccc(CCc2nc3c4c(ccc3[nH]2)NCCC4)cc1,0.0
COC(=O)N1c2ccc3c(nc(CCc4ccccc4)n3C3CC4(CNC4)C3)c2CC[C@@H]1C,4.3,1,0.0,4.3,4.3,2022,2022,1,1,c1ccc(CCc2nc3c4c(ccc3n2C2CC3(CNC3)C2)NCCC4)cc1,0.0
COC(=O)N1c2ccc3c(nc(CCc4ccccc4)n3C3CCCC(C(=O)O)C3)c2CC[C@@H]1C,6.26,1,0.0,6.26,6.26,2022,2022,1,1,c1ccc(CCc2nc3c4c(ccc3n2C2CCCCC2)NCCC4)cc1,0.0
COC(=O)N1c2ccc3c(nc(CCc4ccccc4)n3C3CCNCC3)c2CC[C@@H]1C,4.3,1,0.0,4.3,4.3,2022,2022,1,1,c1ccc(CCc2nc3c4c(ccc3n2C2CCNCC2)NCCC4)cc1,0.0
COC(=O)N1c2ccc3c(nc(CCc4ccccc4)n3CCCS(C)(=O)=O)c2CC[C@@H]1C,4.3,1,0.0,4.3,4.3,2022,2022,1,1,c1ccc(CCc2nc3c4c(ccc3[nH]2)NCCC4)cc1,0.0
COC(=O)N1c2ccc3c(nc(CCc4ccccc4)n3CCN(C)C)c2CC[C@@H]1C,4.3,1,0.0,4.3,4.3,2022,2022,1,1,c1ccc(CCc2nc3c4c(ccc3[nH]2)NCCC4)cc1,0.0
COC(=O)N1c2ccc3c(nc(CCc4ccccc4)n3CCN3CCN(C(C)=O)CC3)c2CC[C@@H]1C,4.3,1,0.0,4.3,4.3,2022,2022,1,1,c1ccc(CCc2nc3c4c(ccc3n2CCN2CCNCC2)NCCC4)cc1,0.0
COC(=O)N1c2ccc3c(nc(CCc4ccccc4)n3CCN3CCN(S(C)(=O)=O)CC3)c2CC[C@@H]1C,4.3,1,0.0,4.3,4.3,2022,2022,1,1,c1ccc(CCc2nc3c4c(ccc3n2CCN2CCNCC2)NCCC4)cc1,0.0
COC(=O)N1c2ccc3c(nc(CCc4ccccc4)n3CCN3CCOCC3)c2CC[C@@H]1C,4.3,1,0.0,4.3,4.3,2022,2022,1,1,c1ccc(CCc2nc3c4c(ccc3n2CCN2CCOCC2)NCCC4)cc1,0.0
COC(=O)N1c2ccc3c(nc(CCc4ccccc4)n3[C@@H]3CCC[C@@H](C(=O)O)C3)c2CC[C@@H]1C,4.3,1,0.0,4.3,4.3,2022,2022,1,1,c1ccc(CCc2nc3c4c(ccc3n2C2CCCCC2)NCCC4)cc1,0.0
COC(=O)N1c2ccc3c(nc(CCc4ccccc4)n3[C@@H]3CCC[C@H](C(=O)O)C3)c2CC[C@@H]1C,4.3,1,0.0,4.3,4.3,2022,2022,1,1,c1ccc(CCc2nc3c4c(ccc3n2C2CCCCC2)NCCC4)cc1,0.0
COC(=O)N1c2ccc3c(nc(CCc4ccccc4)n3[C@H]3CCC[C@@H](C(=O)O)C3)c2CC[C@@H]1C,4.3,1,0.0,4.3,4.3,2022,2022,1,1,c1ccc(CCc2nc3c4c(ccc3n2C2CCCCC2)NCCC4)cc1,0.0
COC(=O)N1c2ccc3c(nc(CCc4ccccc4)n3[C@H]3CCC[C@H](C(=O)O)C3)c2CC[C@@H]1C,4.3,1,0.0,4.3,4.3,2022,2022,1,1,c1ccc(CCc2nc3c4c(ccc3n2C2CCCCC2)NCCC4)cc1,0.0
COC(=O)N1c2ccc3c(nc(CCc4ccccc4)n3[C@H]3CC[C@@H](C(=O)O)CC3)c2CC[C@@H]1C,4.3,1,0.0,4.3,4.3,2022,2022,1,1,c1ccc(CCc2nc3c4c(ccc3n2C2CCCCC2)NCCC4)cc1,0.0
COC(=O)N1c2ccc3c(nc(CCc4ccccc4)n3[C@H]3CC[C@@H](C(N)=O)CC3)c2CC[C@@H]1C,4.3,1,0.0,4.3,4.3,2022,2022,1,1,c1ccc(CCc2nc3c4c(ccc3n2C2CCCCC2)NCCC4)cc1,0.0
COC(=O)N1c2ccc3c(nc(CCc4ccccc4)n3[C@H]3CC[C@H](C(=O)O)CC3)c2CC[C@@H]1C,4.3,1,0.0,4.3,4.3,2022,2022,1,1,c1ccc(CCc2nc3c4c(ccc3n2C2CCCCC2)NCCC4)cc1,0.0
COC(=O)N1c2ccc3c(nc(CCc4ccccc4)n3[C@H]3CC[C@H](C(N)=O)CC3)c2CC[C@@H]1C,6.26,1,0.0,6.26,6.26,2022,2022,1,1,c1ccc(CCc2nc3c4c(ccc3n2C2CCCCC2)NCCC4)cc1,0.0
COC(=O)N1c2ccc3c(nc(CCc4ccccc4C(=O)O)n3C3CCCCC3)c2CC[C@@H]1C,4.3,1,0.0,4.3,4.3,2022,2022,1,1,c1ccc(CCc2nc3c4c(ccc3n2C2CCCCC2)NCCC4)cc1,0.0
COC(=O)N1c2ccc3c(nc(CCc4ccccc4C(=O)O)n3C3CCOCC3)c2CC[C@@H]1C,4.3,1,0.0,4.3,4.3,2022,2022,1,1,c1ccc(CCc2nc3c4c(ccc3n2C2CCOCC2)NCCC4)cc1,0.0
COC(=O)N1c2ccc3c(nc(CCc4cccnc4)n3C)c2CC[C@@H]1C,4.3,1,0.0,4.3,4.3,2022,2022,1,1,c1cncc(CCc2nc3c4c(ccc3[nH]2)NCCC4)c1,0.0
COC(=O)N1c2ccc3c(nc(CCc4ccn(C)n4)n3[C@H]3CC[C@H](C(=O)O)CC3)c2CC[C@@H]1C,4.3,1,0.0,4.3,4.3,2022,2022,1,1,c1cc(CCc2nc3c4c(ccc3n2C2CCCCC2)NCCC4)n[nH]1,0.0
COC(=O)N1c2ccc3c(nc(CCc4ccncc4)n3C)c2CC[C@@H]1C,4.3,1,0.0,4.3,4.3,2022,2022,1,1,c1cc(CCc2nc3c4c(ccc3[nH]2)NCCC4)ccn1,0.0
COC(=O)N1c2ccc3c(nc(CCc4cnc(C)o4)n3[C@H]3CC[C@H](C(=O)O)CC3)c2CC[C@@H]1C,4.3,1,0.0,4.3,4.3,2022,2022,1,1,c1ncc(CCc2nc3c4c(ccc3n2C2CCCCC2)NCCC4)o1,0.0
COC(=O)N1c2ccc3c(nc(CCc4cnccn4)n3[C@@H]3CCC[C@@H](C(=O)O)C3)c2CC[C@@H]1C,4.3,1,0.0,4.3,4.3,2022,2022,1,1,c1cnc(CCc2nc3c4c(ccc3n2C2CCCCC2)NCCC4)cn1,0.0
COC(=O)N1c2ccc3c(nc(CCc4cnn(C)c4)n3[C@H]3CC[C@H](C(=O)O)CC3)c2CC[C@@H]1C,4.3,1,0.0,4.3,4.3,2022,2022,1,1,c1n[nH]cc1CCc1nc2c3c(ccc2n1C1CCCCC1)NCCC3,0.0
COC(=O)N1c2ccc3c(nc(CCc4nc(C)co4)n3[C@H]3CC[C@H](C(=O)O)CC3)c2CC[C@@H]1C,4.3,1,0.0,4.3,4.3,2022,2022,1,1,c1coc(CCc2nc3c4c(ccc3n2C2CCCCC2)NCCC4)n1,0.0
COC(=O)N1c2ccc3c(nc(CCc4nc(C)no4)n3[C@H]3CC[C@H](C(=O)O)CC3)c2CC[C@@H]1C,4.3,1,0.0,4.3,4.3,2022,2022,1,1,c1noc(CCc2nc3c4c(ccc3n2C2CCCCC2)NCCC4)n1,0.0
COC(=O)N1c2ccc3c(nc(CCc4ncc(C)o4)n3[C@H]3CC[C@H](C(=O)O)CC3)c2CC[C@@H]1C,4.3,1,0.0,4.3,4.3,2022,2022,1,1,c1coc(CCc2nc3c4c(ccc3n2C2CCCCC2)NCCC4)n1,0.0
COC(=O)N1c2ccc3c(nc(CCc4nnc(C)o4)n3[C@H]3CC[C@H](C(=O)O)CC3)c2CC[C@@H]1C,4.3,1,0.0,4.3,4.3,2022,2022,1,1,c1nnc(CCc2nc3c4c(ccc3n2C2CCCCC2)NCCC4)o1,0.0
COC(=O)N1c2ccc3c(nc(CCn4cc(Cl)cn4)n3[C@@H]3CCC[C@@H](C(=O)O)C3)c2CC[C@@H]1C,4.3,1,0.0,4.3,4.3,2022,2022,1,1,c1cnn(CCc2nc3c4c(ccc3n2C2CCCCC2)NCCC4)c1,0.0
COC(=O)N1c2ccc3c(nc(CCn4cc(Cl)cn4)n3[C@H]3CC[C@H](C(=O)O)CC3)c2CC[C@@H]1C,4.3,1,0.0,4.3,4.3,2022,2022,1,1,c1cnn(CCc2nc3c4c(ccc3n2C2CCCCC2)NCCC4)c1,0.0
COC(=O)N1c2ccc3c(nc(CCn4ccc(C)n4)n3[C@H]3CC[C@H](C(=O)O)CC3)c2CC[C@@H]1C,4.3,2,0.0,4.3,4.3,2022,2022,1,1,c1cnn(CCc2nc3c4c(ccc3n2C2CCCCC2)NCCC4)c1,0.0
COC(=O)N1c2ccc3c(nc(CCn4ccccc4=O)n3C)c2CC[C@@H]1C,4.3,1,0.0,4.3,4.3,2022,2022,1,1,O=c1ccccn1CCc1nc2c3c(ccc2[nH]1)NCCC3,0.0
COC(=O)N1c2ccc3c(nc(CCn4ccccc4=O)n3CC(=O)N(C)C3CCOCC3)c2CC[C@@H]1C,4.3,1,0.0,4.3,4.3,2022,2022,1,1,O=C(Cn1c(CCn2ccccc2=O)nc2c3c(ccc21)NCCC3)NC1CCOCC1,0.0
COC(=O)N1c2ccc3c(nc(CCn4ccccc4=O)n3CC(=O)N(C)CC(=O)N(C)C)c2CC[C@@H]1C,4.3,1,0.0,4.3,4.3,2022,2022,1,1,O=c1ccccn1CCc1nc2c3c(ccc2[nH]1)NCCC3,0.0
COC(=O)N1c2ccc3c(nc(CCn4ccccc4=O)n3CC(=O)N(C)CC(C)(C)O)c2CC[C@@H]1C,4.3,1,0.0,4.3,4.3,2022,2022,1,1,O=c1ccccn1CCc1nc2c3c(ccc2[nH]1)NCCC3,0.0
COC(=O)N1c2ccc3c(nc(CCn4ccccc4=O)n3CC(=O)N(C)CCO)c2CC[C@@H]1C,4.3,1,0.0,4.3,4.3,2022,2022,1,1,O=c1ccccn1CCc1nc2c3c(ccc2[nH]1)NCCC3,0.0
COC(=O)N1c2ccc3c(nc(CCn4ccccc4=O)n3CC(=O)N(C)[C@H]3CCOC3)c2CC[C@@H]1C,4.3,1,0.0,4.3,4.3,2022,2022,1,1,O=C(Cn1c(CCn2ccccc2=O)nc2c3c(ccc21)NCCC3)NC1CCOC1,0.0
COC(=O)N1c2ccc3c(nc(CCn4ccccc4=O)n3CC(=O)N3CCC(C#N)CC3)c2CC[C@@H]1C,4.3,1,0.0,4.3,4.3,2022,2022,1,1,O=C(Cn1c(CCn2ccccc2=O)nc2c3c(ccc21)NCCC3)N1CCCCC1,0.0
COC(=O)N1c2ccc3c(nc(CCn4ccccc4=O)n3CC(=O)N3CCC(F)(F)C3)c2CC[C@@H]1C,4.3,1,0.0,4.3,4.3,2022,2022,1,1,O=C(Cn1c(CCn2ccccc2=O)nc2c3c(ccc21)NCCC3)N1CCCC1,0.0
COC(=O)N1c2ccc3c(nc(CCn4ccccc4=O)n3CC(=O)N3CCC(O)CC3)c2CC[C@@H]1C,4.3,1,0.0,4.3,4.3,2022,2022,1,1,O=C(Cn1c(CCn2ccccc2=O)nc2c3c(ccc21)NCCC3)N1CCCCC1,0.0
COC(=O)N1c2ccc3c(nc(CCn4ccccc4=O)n3CC(=O)N3CCNC(=O)C3)c2CC[C@@H]1C,4.3,1,0.0,4.3,4.3,2022,2022,1,1,O=C1CN(C(=O)Cn2c(CCn3ccccc3=O)nc3c4c(ccc32)NCCC4)CCN1,0.0
COC(=O)N1c2ccc3c(nc(CCn4ccccc4=O)n3CC(=O)N3CC[C@@H](NC(C)=O)C3)c2CC[C@@H]1C,4.3,1,0.0,4.3,4.3,2022,2022,1,1,O=C(Cn1c(CCn2ccccc2=O)nc2c3c(ccc21)NCCC3)N1CCCC1,0.0
COC(=O)N1c2ccc3c(nc(CCn4ccccc4=O)n3CC(=O)N3CC[C@H](C(N)=O)C3)c2CC[C@@H]1C,4.3,1,0.0,4.3,4.3,2022,2022,1,1,O=C(Cn1c(CCn2ccccc2=O)nc2c3c(ccc21)NCCC3)N1CCCC1,0.0
COC(=O)N1c2ccc3c(nc(CCn4ccccc4=O)n3CC(=O)N3CC[C@H](NC(C)=O)C3)c2CC[C@@H]1C,4.3,1,0.0,4.3,4.3,2022,2022,1,1,O=C(Cn1c(CCn2ccccc2=O)nc2c3c(ccc21)NCCC3)N1CCCC1,0.0
COC(=O)N1c2ccc3c(nc(CCn4ccccc4=O)n3CC(=O)N3CC[C@H](O)C3)c2CC[C@@H]1C,4.3,1,0.0,4.3,4.3,2022,2022,1,1,O=C(Cn1c(CCn2ccccc2=O)nc2c3c(ccc21)NCCC3)N1CCCC1,0.0
COC(=O)N1c2ccc3c(nc(CCn4ccccc4=O)n3CC(=O)N3CCn4ccnc4C3)c2CC[C@@H]1C,4.3,1,0.0,4.3,4.3,2022,2022,1,1,O=C(Cn1c(CCn2ccccc2=O)nc2c3c(ccc21)NCCC3)N1CCn2ccnc2C1,0.0
COC(=O)N1c2ccc3c(nc(CCn4ccccc4=O)n3CC(=O)NC3CCOCC3)c2CC[C@@H]1C,4.3,1,0.0,4.3,4.3,2022,2022,1,1,O=C(Cn1c(CCn2ccccc2=O)nc2c3c(ccc21)NCCC3)NC1CCOCC1,0.0
COC(=O)N1c2ccc3c(nc(CCn4ccccc4=O)n3CC(=O)NC3COC3)c2CC[C@@H]1C,4.3,1,0.0,4.3,4.3,2022,2022,1,1,O=C(Cn1c(CCn2ccccc2=O)nc2c3c(ccc21)NCCC3)NC1COC1,0.0
COC(=O)N1c2ccc3c(nc(CCn4ccccc4=O)n3CC(=O)NCC#N)c2CC[C@@H]1C,4.3,1,0.0,4.3,4.3,2022,2022,1,1,O=c1ccccn1CCc1nc2c3c(ccc2[nH]1)NCCC3,0.0
COC(=O)N1c2ccc3c(nc(CCn4ccccc4=O)n3CC(=O)NCC(=O)N(C)C)c2CC[C@@H]1C,4.3,1,0.0,4.3,4.3,2022,2022,1,1,O=c1ccccn1CCc1nc2c3c(ccc2[nH]1)NCCC3,0.0
COC(=O)N1c2ccc3c(nc(CCn4ccccc4=O)n3CC(=O)NCC(=O)N3CCCC3)c2CC[C@@H]1C,4.3,1,0.0,4.3,4.3,2022,2022,1,1,O=C(Cn1c(CCn2ccccc2=O)nc2c3c(ccc21)NCCC3)NCC(=O)N1CCCC1,0.0
COC(=O)N1c2ccc3c(nc(CCn4ccccc4=O)n3CC(=O)NCC3(C)COC3)c2CC[C@@H]1C,4.3,1,0.0,4.3,4.3,2022,2022,1,1,O=C(Cn1c(CCn2ccccc2=O)nc2c3c(ccc21)NCCC3)NCC1COC1,0.0
COC(=O)N1c2ccc3c(nc(CCn4ccccc4=O)n3CC(=O)NCC3(O)CCC3)c2CC[C@@H]1C,4.3,1,0.0,4.3,4.3,2022,2022,1,1,O=C(Cn1c(CCn2ccccc2=O)nc2c3c(ccc21)NCCC3)NCC1CCC1,0.0
COC(=O)N1c2ccc3c(nc(CCn4ccccc4=O)n3CC(=O)NCC3CCOCC3)c2CC[C@@H]1C,4.3,1,0.0,4.3,4.3,2022,2022,1,1,O=C(Cn1c(CCn2ccccc2=O)nc2c3c(ccc21)NCCC3)NCC1CCOCC1,0.0
COC(=O)N1c2ccc3c(nc(CCn4ccccc4=O)n3CC(=O)NCCN3CCNC3=O)c2CC[C@@H]1C,4.3,1,0.0,4.3,4.3,2022,2022,1,1,O=C(Cn1c(CCn2ccccc2=O)nc2c3c(ccc21)NCCC3)NCCN1CCNC1=O,0.0
COC(=O)N1c2ccc3c(nc(CCn4ccccc4=O)n3CC(=O)NCCc3ccccn3)c2CC[C@@H]1C,4.3,1,0.0,4.3,4.3,2022,2022,1,1,O=C(Cn1c(CCn2ccccc2=O)nc2c3c(ccc21)NCCC3)NCCc1ccccn1,0.0
COC(=O)N1c2ccc3c(nc(CCn4ccccc4=O)n3CC(=O)NC[C@H]3CCCO3)c2CC[C@@H]1C,4.3,1,0.0,4.3,4.3,2022,2022,1,1,O=C(Cn1c(CCn2ccccc2=O)nc2c3c(ccc21)NCCC3)NCC1CCCO1,0.0
COC(=O)N1c2ccc3c(nc(CCn4ccccc4=O)n3CC(=O)NCc3cc(C)no3)c2CC[C@@H]1C,4.3,1,0.0,4.3,4.3,2022,2022,1,1,O=C(Cn1c(CCn2ccccc2=O)nc2c3c(ccc21)NCCC3)NCc1ccno1,0.0
COC(=O)N1c2ccc3c(nc(CCn4ccccc4=O)n3CC(=O)NCc3cccnc3)c2CC[C@@H]1C,4.3,1,0.0,4.3,4.3,2022,2022,1,1,O=C(Cn1c(CCn2ccccc2=O)nc2c3c(ccc21)NCCC3)NCc1cccnc1,0.0
COC(=O)N1c2ccc3c(nc(CCn4ccccc4=O)n3CC(=O)NCc3ccncn3)c2CC[C@@H]1C,4.3,1,0.0,4.3,4.3,2022,2022,1,1,O=C(Cn1c(CCn2ccccc2=O)nc2c3c(ccc21)NCCC3)NCc1ccncn1,0.0
COC(=O)N1c2ccc3c(nc(CCn4ccccc4=O)n3CC(=O)NCc3ncnn3C)c2CC[C@@H]1C,4.3,1,0.0,4.3,4.3,2022,2022,1,1,O=C(Cn1c(CCn2ccccc2=O)nc2c3c(ccc21)NCCC3)NCc1ncn[nH]1,0.0
COC(=O)N1c2ccc3c(nc(CCn4ccccc4=O)n3CC(=O)N[C@H](C)CO)c2CC[C@@H]1C,4.3,1,0.0,4.3,4.3,2022,2022,1,1,O=c1ccccn1CCc1nc2c3c(ccc2[nH]1)NCCC3,0.0
COC(=O)N1c2ccc3c(nc(CCn4ccccc4=O)n3CC(=O)N[C@H]3CC[C@H](CO)CC3)c2CC[C@@H]1C,4.3,1,0.0,4.3,4.3,2022,2022,1,1,O=C(Cn1c(CCn2ccccc2=O)nc2c3c(ccc21)NCCC3)NC1CCCCC1,0.0
COC(=O)N1c2ccc3c(nc(CCn4ccccc4=O)n3CC(=O)Nc3ccn[nH]3)c2CC[C@@H]1C,4.3,1,0.0,4.3,4.3,2022,2022,1,1,O=C(Cn1c(CCn2ccccc2=O)nc2c3c(ccc21)NCCC3)Nc1ccn[nH]1,0.0
COC(=O)N1c2ccc3c(nc(CCn4ccccc4=O)n3CCCS(C)(=O)=O)c2CC[C@@H]1C,4.3,1,0.0,4.3,4.3,2022,2022,1,1,O=c1ccccn1CCc1nc2c3c(ccc2[nH]1)NCCC3,0.0
COC(=O)N1c2ccc3c(nc(CCn4ccccc4=O)n3CCN(C)C3CCOCC3)c2CC[C@@H]1C,4.3,1,0.0,4.3,4.3,2022,2022,1,1,O=c1ccccn1CCc1nc2c3c(ccc2n1CCNC1CCOCC1)NCCC3,0.0
COC(=O)N1c2ccc3c(nc(CCn4ccccc4=O)n3CCN(C)[C@H]3CCOC3)c2CC[C@@H]1C,4.3,1,0.0,4.3,4.3,2022,2022,1,1,O=c1ccccn1CCc1nc2c3c(ccc2n1CCNC1CCOC1)NCCC3,0.0
COC(=O)N1c2ccc3c(nc(CCn4ccccc4=O)n3CCN3CC4(COC4)C3)c2CC[C@@H]1C,4.3,1,0.0,4.3,4.3,2022,2022,1,1,O=c1ccccn1CCc1nc2c3c(ccc2n1CCN1CC2(COC2)C1)NCCC3,0.0
COC(=O)N1c2ccc3c(nc(CCn4ccccc4=O)n3CCN3CCC(C#N)CC3)c2CC[C@@H]1C,4.3,1,0.0,4.3,4.3,2022,2022,1,1,O=c1ccccn1CCc1nc2c3c(ccc2n1CCN1CCCCC1)NCCC3,0.0
COC(=O)N1c2ccc3c(nc(CCn4ccccc4=O)n3CCN3CCC(CO)CC3)c2CC[C@@H]1C,4.3,1,0.0,4.3,4.3,2022,2022,1,1,O=c1ccccn1CCc1nc2c3c(ccc2n1CCN1CCCCC1)NCCC3,0.0
COC(=O)N1c2ccc3c(nc(CCn4ccccc4=O)n3CCN3CCC(O)CC3)c2CC[C@@H]1C,4.3,1,0.0,4.3,4.3,2022,2022,1,1,O=c1ccccn1CCc1nc2c3c(ccc2n1CCN1CCCCC1)NCCC3,0.0
COC(=O)N1c2ccc3c(nc(CCn4ccccc4=O)n3CCN3CCN(C)CC3)c2CC[C@@H]1C,4.3,1,0.0,4.3,4.3,2022,2022,1,1,O=c1ccccn1CCc1nc2c3c(ccc2n1CCN1CCNCC1)NCCC3,0.0
COC(=O)N1c2ccc3c(nc(CCn4ccccc4=O)n3CCN3CCNCC3)c2CC[C@@H]1C,4.3,1,0.0,4.3,4.3,2022,2022,1,1,O=c1ccccn1CCc1nc2c3c(ccc2n1CCN1CCNCC1)NCCC3,0.0
COC(=O)N1c2ccc3c(nc(CCn4ccccc4=O)n3CCN3CCOCC3)c2CC[C@@H]1C,4.3,2,0.0,4.3,4.3,2022,2022,1,1,O=c1ccccn1CCc1nc2c3c(ccc2n1CCN1CCOCC1)NCCC3,0.0
COC(=O)N1c2ccc3c(nc(CCn4ccccc4=O)n3CCN3CC[C@@H](NC(C)=O)C3)c2CC[C@@H]1C,4.3,1,0.0,4.3,4.3,2022,2022,1,1,O=c1ccccn1CCc1nc2c3c(ccc2n1CCN1CCCC1)NCCC3,0.0
COC(=O)N1c2ccc3c(nc(CCn4ccccc4=O)n3CCN3CC[C@H](C(N)=O)C3)c2CC[C@@H]1C,4.3,1,0.0,4.3,4.3,2022,2022,1,1,O=c1ccccn1CCc1nc2c3c(ccc2n1CCN1CCCC1)NCCC3,0.0
COC(=O)N1c2ccc3c(nc(CCn4ccccc4=O)n3CCN3CC[C@H](NC(C)=O)C3)c2CC[C@@H]1C,4.3,1,0.0,4.3,4.3,2022,2022,1,1,O=c1ccccn1CCc1nc2c3c(ccc2n1CCN1CCCC1)NCCC3,0.0
COC(=O)N1c2ccc3c(nc(CCn4ccccc4=O)n3CCNCC(=O)N3CCCC3)c2CC[C@@H]1C,4.3,1,0.0,4.3,4.3,2022,2022,1,1,O=C(CNCCn1c(CCn2ccccc2=O)nc2c3c(ccc21)NCCC3)N1CCCC1,0.0
COC(=O)N1c2ccc3c(nc(CCn4ccccc4=O)n3CCNCC3(O)CCC3)c2CC[C@@H]1C,4.3,1,0.0,4.3,4.3,2022,2022,1,1,O=c1ccccn1CCc1nc2c3c(ccc2n1CCNCC1CCC1)NCCC3,0.0
COC(=O)N1c2ccc3c(nc(CCn4ccccc4=O)n3CCNCCC#N)c2CC[C@@H]1C,4.3,1,0.0,4.3,4.3,2022,2022,1,1,O=c1ccccn1CCc1nc2c3c(ccc2[nH]1)NCCC3,0.0
COC(=O)N1c2ccc3c(nc(CCn4ccccc4=O)n3CCNCCN3CCNC3=O)c2CC[C@@H]1C,4.3,1,0.0,4.3,4.3,2022,2022,1,1,O=C1NCCN1CCNCCn1c(CCn2ccccc2=O)nc2c3c(ccc21)NCCC3,0.0
COC(=O)N1c2ccc3c(nc(CCn4ccccc4=O)n3CCNC[C@H]3CCCO3)c2CC[C@@H]1C,4.3,1,0.0,4.3,4.3,2022,2022,1,1,O=c1ccccn1CCc1nc2c3c(ccc2n1CCNCC1CCCO1)NCCC3,0.0
COC(=O)N1c2ccc3c(nc(CCn4ccccc4=O)n3CCNCc3cc(C)no3)c2CC[C@@H]1C,4.3,1,0.0,4.3,4.3,2022,2022,1,1,O=c1ccccn1CCc1nc2c3c(ccc2n1CCNCc1ccno1)NCCC3,0.0
COC(=O)N1c2ccc3c(nc(CCn4ccccc4=O)n3CCNCc3cccnc3)c2CC[C@@H]1C,4.3,1,0.0,4.3,4.3,2022,2022,1,1,O=c1ccccn1CCc1nc2c3c(ccc2n1CCNCc1cccnc1)NCCC3,0.0
COC(=O)N1c2ccc3c(nc(CCn4ccccc4=O)n3CCNCc3ccn(C)n3)c2CC[C@@H]1C,4.3,1,0.0,4.3,4.3,2022,2022,1,1,O=c1ccccn1CCc1nc2c3c(ccc2n1CCNCc1cc[nH]n1)NCCC3,0.0
COC(=O)N1c2ccc3c(nc(CCn4ccccc4=O)n3CCNCc3ccncn3)c2CC[C@@H]1C,4.3,1,0.0,4.3,4.3,2022,2022,1,1,O=c1ccccn1CCc1nc2c3c(ccc2n1CCNCc1ccncn1)NCCC3,0.0
COC(=O)N1c2ccc3c(nc(CCn4ccccc4=O)n3CCNCc3cnn(C)c3)c2CC[C@@H]1C,4.3,1,0.0,4.3,4.3,2022,2022,1,1,O=c1ccccn1CCc1nc2c3c(ccc2n1CCNCc1cn[nH]c1)NCCC3,0.0
COC(=O)N1c2ccc3c(nc(CCn4ccccc4=O)n3CCNCc3ncnn3C)c2CC[C@@H]1C,4.3,1,0.0,4.3,4.3,2022,2022,1,1,O=c1ccccn1CCc1nc2c3c(ccc2n1CCNCc1ncn[nH]1)NCCC3,0.0
COC(=O)N1c2ccc3c(nc(CCn4ccccc4=O)n3CCN[C@H](C)CO)c2CC[C@@H]1C,4.3,1,0.0,4.3,4.3,2022,2022,1,1,O=c1ccccn1CCc1nc2c3c(ccc2[nH]1)NCCC3,0.0
COC(=O)N1c2ccc3c(nc(CCn4ccccc4=O)n3CCN[C@H]3CC[C@H](CO)CC3)c2CC[C@@H]1C,4.3,1,0.0,4.3,4.3,2022,2022,1,1,O=c1ccccn1CCc1nc2c3c(ccc2n1CCNC1CCCCC1)NCCC3,0.0
COC(=O)N1c2ccc3c(nc(CCn4ccccc4=O)n3CCS(C)(=O)=O)c2CC[C@@H]1C,4.3,1,0.0,4.3,4.3,2022,2022,1,1,O=c1ccccn1CCc1nc2c3c(ccc2[nH]1)NCCC3,0.0
COC(=O)N1c2ccc3c(nc(CCn4ccccc4=O)n3[C@@H]3CCCOC3)c2CC[C@@H]1C,4.3,1,0.0,4.3,4.3,2022,2022,1,1,O=c1ccccn1CCc1nc2c3c(ccc2n1C1CCCOC1)NCCC3,0.0
COC(=O)N1c2ccc3c(nc(CCn4ccccc4=O)n3[C@@H]3CCC[C@@H](C(=O)O)C3)c2CC[C@@H]1C,4.3,1,0.0,4.3,4.3,2022,2022,1,1,O=c1ccccn1CCc1nc2c3c(ccc2n1C1CCCCC1)NCCC3,0.0
COC(=O)N1c2ccc3c(nc(CCn4cccn4)n3C)c2CC[C@@H]1C,4.3,1,0.0,4.3,4.3,2022,2022,1,1,c1cnn(CCc2nc3c4c(ccc3[nH]2)NCCC4)c1,0.0
COC(=O)N1c2ccc3c(nc(CCn4cccn4)n3C3CCC4(CC3)CNC4)c2CC[C@@H]1C,4.3,1,0.0,4.3,4.3,2022,2022,1,1,c1cnn(CCc2nc3c4c(ccc3n2C2CCC3(CC2)CNC3)NCCC4)c1,0.0
COC(=O)N1c2ccc3c(nc(CCn4cccn4)n3C3CCS(=O)(=O)CC3)c2CC[C@@H]1C,4.3,1,0.0,4.3,4.3,2022,2022,1,1,O=S1(=O)CCC(n2c(CCn3cccn3)nc3c4c(ccc32)NCCC4)CC1,0.0
COC(=O)N1c2ccc3c(nc(CCn4cccn4)n3CC(=O)N(C)C3CCOCC3)c2CC[C@@H]1C,4.3,1,0.0,4.3,4.3,2022,2022,1,1,O=C(Cn1c(CCn2cccn2)nc2c3c(ccc21)NCCC3)NC1CCOCC1,0.0
COC(=O)N1c2ccc3c(nc(CCn4cccn4)n3CC(=O)N(C)CC(=O)N(C)C)c2CC[C@@H]1C,4.3,1,0.0,4.3,4.3,2022,2022,1,1,c1cnn(CCc2nc3c4c(ccc3[nH]2)NCCC4)c1,0.0
COC(=O)N1c2ccc3c(nc(CCn4cccn4)n3CC(=O)N(C)CC(C)(C)O)c2CC[C@@H]1C,4.3,1,0.0,4.3,4.3,2022,2022,1,1,c1cnn(CCc2nc3c4c(ccc3[nH]2)NCCC4)c1,0.0
COC(=O)N1c2ccc3c(nc(CCn4cccn4)n3CC(=O)N(C)CCO)c2CC[C@@H]1C,4.3,1,0.0,4.3,4.3,2022,2022,1,1,c1cnn(CCc2nc3c4c(ccc3[nH]2)NCCC4)c1,0.0
COC(=O)N1c2ccc3c(nc(CCn4cccn4)n3CC(=O)N(C)[C@H]3CCOC3)c2CC[C@@H]1C,4.3,1,0.0,4.3,4.3,2022,2022,1,1,O=C(Cn1c(CCn2cccn2)nc2c3c(ccc21)NCCC3)NC1CCOC1,0.0
COC(=O)N1c2ccc3c(nc(CCn4cccn4)n3CC(=O)N3CCC(C#N)CC3)c2CC[C@@H]1C,4.3,1,0.0,4.3,4.3,2022,2022,1,1,O=C(Cn1c(CCn2cccn2)nc2c3c(ccc21)NCCC3)N1CCCCC1,0.0
COC(=O)N1c2ccc3c(nc(CCn4cccn4)n3CC(=O)N3CCC(CO)CC3)c2CC[C@@H]1C,4.3,1,0.0,4.3,4.3,2022,2022,1,1,O=C(Cn1c(CCn2cccn2)nc2c3c(ccc21)NCCC3)N1CCCCC1,0.0
COC(=O)N1c2ccc3c(nc(CCn4cccn4)n3CC(=O)N3CCC(O)CC3)c2CC[C@@H]1C,4.3,1,0.0,4.3,4.3,2022,2022,1,1,O=C(Cn1c(CCn2cccn2)nc2c3c(ccc21)NCCC3)N1CCCCC1,0.0
COC(=O)N1c2ccc3c(nc(CCn4cccn4)n3CC(=O)N3CC[C@@H](NC(C)=O)C3)c2CC[C@@H]1C,4.3,1,0.0,4.3,4.3,2022,2022,1,1,O=C(Cn1c(CCn2cccn2)nc2c3c(ccc21)NCCC3)N1CCCC1,0.0
COC(=O)N1c2ccc3c(nc(CCn4cccn4)n3CC(=O)N3CC[C@H](C(N)=O)C3)c2CC[C@@H]1C,4.3,1,0.0,4.3,4.3,2022,2022,1,1,O=C(Cn1c(CCn2cccn2)nc2c3c(ccc21)NCCC3)N1CCCC1,0.0
COC(=O)N1c2ccc3c(nc(CCn4cccn4)n3CC(=O)N3CC[C@H](NC(C)=O)C3)c2CC[C@@H]1C,4.3,1,0.0,4.3,4.3,2022,2022,1,1,O=C(Cn1c(CCn2cccn2)nc2c3c(ccc21)NCCC3)N1CCCC1,0.0
COC(=O)N1c2ccc3c(nc(CCn4cccn4)n3CC(=O)NC3CCOCC3)c2CC[C@@H]1C,4.3,1,0.0,4.3,4.3,2022,2022,1,1,O=C(Cn1c(CCn2cccn2)nc2c3c(ccc21)NCCC3)NC1CCOCC1,0.0
COC(=O)N1c2ccc3c(nc(CCn4cccn4)n3CC(=O)NC3COC3)c2CC[C@@H]1C,4.3,1,0.0,4.3,4.3,2022,2022,1,1,O=C(Cn1c(CCn2cccn2)nc2c3c(ccc21)NCCC3)NC1COC1,0.0
COC(=O)N1c2ccc3c(nc(CCn4cccn4)n3CC(=O)NCC#N)c2CC[C@@H]1C,4.3,1,0.0,4.3,4.3,2022,2022,1,1,c1cnn(CCc2nc3c4c(ccc3[nH]2)NCCC4)c1,0.0
COC(=O)N1c2ccc3c(nc(CCn4cccn4)n3CC(=O)NCC(=O)N(C)C)c2CC[C@@H]1C,4.3,1,0.0,4.3,4.3,2022,2022,1,1,c1cnn(CCc2nc3c4c(ccc3[nH]2)NCCC4)c1,0.0
COC(=O)N1c2ccc3c(nc(CCn4cccn4)n3CC(=O)NCC(=O)N3CCCC3)c2CC[C@@H]1C,4.3,1,0.0,4.3,4.3,2022,2022,1,1,O=C(Cn1c(CCn2cccn2)nc2c3c(ccc21)NCCC3)NCC(=O)N1CCCC1,0.0
COC(=O)N1c2ccc3c(nc(CCn4cccn4)n3CC(=O)NCC3(C)COC3)c2CC[C@@H]1C,4.3,1,0.0,4.3,4.3,2022,2022,1,1,O=C(Cn1c(CCn2cccn2)nc2c3c(ccc21)NCCC3)NCC1COC1,0.0
COC(=O)N1c2ccc3c(nc(CCn4cccn4)n3CC(=O)NCC3(O)CCC3)c2CC[C@@H]1C,4.3,1,0.0,4.3,4.3,2022,2022,1,1,O=C(Cn1c(CCn2cccn2)nc2c3c(ccc21)NCCC3)NCC1CCC1,0.0
COC(=O)N1c2ccc3c(nc(CCn4cccn4)n3CC(=O)NCC3CCOCC3)c2CC[C@@H]1C,4.3,1,0.0,4.3,4.3,2022,2022,1,1,O=C(Cn1c(CCn2cccn2)nc2c3c(ccc21)NCCC3)NCC1CCOCC1,0.0
COC(=O)N1c2ccc3c(nc(CCn4cccn4)n3CC(=O)NCCN3CCNC3=O)c2CC[C@@H]1C,4.3,1,0.0,4.3,4.3,2022,2022,1,1,O=C(Cn1c(CCn2cccn2)nc2c3c(ccc21)NCCC3)NCCN1CCNC1=O,0.0
COC(=O)N1c2ccc3c(nc(CCn4cccn4)n3CC(=O)NCCc3ccccn3)c2CC[C@@H]1C,4.3,1,0.0,4.3,4.3,2022,2022,1,1,O=C(Cn1c(CCn2cccn2)nc2c3c(ccc21)NCCC3)NCCc1ccccn1,0.0
COC(=O)N1c2ccc3c(nc(CCn4cccn4)n3CC(=O)NC[C@H]3CCCO3)c2CC[C@@H]1C,4.3,1,0.0,4.3,4.3,2022,2022,1,1,O=C(Cn1c(CCn2cccn2)nc2c3c(ccc21)NCCC3)NCC1CCCO1,0.0
COC(=O)N1c2ccc3c(nc(CCn4cccn4)n3CC(=O)NCc3cc(C)no3)c2CC[C@@H]1C,4.3,1,0.0,4.3,4.3,2022,2022,1,1,O=C(Cn1c(CCn2cccn2)nc2c3c(ccc21)NCCC3)NCc1ccno1,0.0
COC(=O)N1c2ccc3c(nc(CCn4cccn4)n3CC(=O)NCc3cccnc3)c2CC[C@@H]1C,4.3,1,0.0,4.3,4.3,2022,2022,1,1,O=C(Cn1c(CCn2cccn2)nc2c3c(ccc21)NCCC3)NCc1cccnc1,0.0
COC(=O)N1c2ccc3c(nc(CCn4cccn4)n3CC(=O)NCc3ccn(C)n3)c2CC[C@@H]1C,4.3,1,0.0,4.3,4.3,2022,2022,1,1,O=C(Cn1c(CCn2cccn2)nc2c3c(ccc21)NCCC3)NCc1cc[nH]n1,0.0
COC(=O)N1c2ccc3c(nc(CCn4cccn4)n3CC(=O)NCc3ccnc(O)c3)c2CC[C@@H]1C,4.3,1,0.0,4.3,4.3,2022,2022,1,1,O=C(Cn1c(CCn2cccn2)nc2c3c(ccc21)NCCC3)NCc1ccncc1,0.0
COC(=O)N1c2ccc3c(nc(CCn4cccn4)n3CC(=O)NCc3ccncc3)c2CC[C@@H]1C,4.3,1,0.0,4.3,4.3,2022,2022,1,1,O=C(Cn1c(CCn2cccn2)nc2c3c(ccc21)NCCC3)NCc1ccncc1,0.0
COC(=O)N1c2ccc3c(nc(CCn4cccn4)n3CC(=O)NCc3ccncn3)c2CC[C@@H]1C,4.3,1,0.0,4.3,4.3,2022,2022,1,1,O=C(Cn1c(CCn2cccn2)nc2c3c(ccc21)NCCC3)NCc1ccncn1,0.0
COC(=O)N1c2ccc3c(nc(CCn4cccn4)n3CC(=O)NCc3ccno3)c2CC[C@@H]1C,4.3,1,0.0,4.3,4.3,2022,2022,1,1,O=C(Cn1c(CCn2cccn2)nc2c3c(ccc21)NCCC3)NCc1ccno1,0.0
COC(=O)N1c2ccc3c(nc(CCn4cccn4)n3CC(=O)NCc3cnco3)c2CC[C@@H]1C,4.3,1,0.0,4.3,4.3,2022,2022,1,1,O=C(Cn1c(CCn2cccn2)nc2c3c(ccc21)NCCC3)NCc1cnco1,0.0
COC(=O)N1c2ccc3c(nc(CCn4cccn4)n3CC(=O)NCc3cnn(C)c3)c2CC[C@@H]1C,4.3,1,0.0,4.3,4.3,2022,2022,1,1,O=C(Cn1c(CCn2cccn2)nc2c3c(ccc21)NCCC3)NCc1cn[nH]c1,0.0
COC(=O)N1c2ccc3c(nc(CCn4cccn4)n3CC(=O)NCc3ncccn3)c2CC[C@@H]1C,4.3,1,0.0,4.3,4.3,2022,2022,1,1,O=C(Cn1c(CCn2cccn2)nc2c3c(ccc21)NCCC3)NCc1ncccn1,0.0
COC(=O)N1c2ccc3c(nc(CCn4cccn4)n3CC(=O)NCc3ncco3)c2CC[C@@H]1C,4.3,1,0.0,4.3,4.3,2022,2022,1,1,O=C(Cn1c(CCn2cccn2)nc2c3c(ccc21)NCCC3)NCc1ncco1,0.0
COC(=O)N1c2ccc3c(nc(CCn4cccn4)n3CC(=O)NCc3ncnn3C)c2CC[C@@H]1C,4.3,1,0.0,4.3,4.3,2022,2022,1,1,O=C(Cn1c(CCn2cccn2)nc2c3c(ccc21)NCCC3)NCc1ncn[nH]1,0.0
COC(=O)N1c2ccc3c(nc(CCn4cccn4)n3CC(=O)NCc3nnc(C)n3C)c2CC[C@@H]1C,4.3,1,0.0,4.3,4.3,2022,2022,1,1,O=C(Cn1c(CCn2cccn2)nc2c3c(ccc21)NCCC3)NCc1nnc[nH]1,0.0
COC(=O)N1c2ccc3c(nc(CCn4cccn4)n3CC(=O)N[C@H](C)CO)c2CC[C@@H]1C,4.3,1,0.0,4.3,4.3,2022,2022,1,1,c1cnn(CCc2nc3c4c(ccc3[nH]2)NCCC4)c1,0.0
COC(=O)N1c2ccc3c(nc(CCn4cccn4)n3CC(=O)N[C@H]3CC[C@H](CO)CC3)c2CC[C@@H]1C,4.3,1,0.0,4.3,4.3,2022,2022,1,1,O=C(Cn1c(CCn2cccn2)nc2c3c(ccc21)NCCC3)NC1CCCCC1,0.0
COC(=O)N1c2ccc3c(nc(CCn4cccn4)n3CCCS(C)(=O)=O)c2CC[C@@H]1C,4.3,1,0.0,4.3,4.3,2022,2022,1,1,c1cnn(CCc2nc3c4c(ccc3[nH]2)NCCC4)c1,0.0
COC(=O)N1c2ccc3c(nc(CCn4cccn4)n3CCN(C)C3CCOCC3)c2CC[C@@H]1C,4.3,1,0.0,4.3,4.3,2022,2022,1,1,c1cnn(CCc2nc3c4c(ccc3n2CCNC2CCOCC2)NCCC4)c1,0.0
COC(=O)N1c2ccc3c(nc(CCn4cccn4)n3CCN(C)CC(=O)N(C)C)c2CC[C@@H]1C,4.3,1,0.0,4.3,4.3,2022,2022,1,1,c1cnn(CCc2nc3c4c(ccc3[nH]2)NCCC4)c1,0.0
COC(=O)N1c2ccc3c(nc(CCn4cccn4)n3CCN(C)CC(C)(C)O)c2CC[C@@H]1C,4.3,1,0.0,4.3,4.3,2022,2022,1,1,c1cnn(CCc2nc3c4c(ccc3[nH]2)NCCC4)c1,0.0
COC(=O)N1c2ccc3c(nc(CCn4cccn4)n3CCN(C)CCO)c2CC[C@@H]1C,4.3,1,0.0,4.3,4.3,2022,2022,1,1,c1cnn(CCc2nc3c4c(ccc3[nH]2)NCCC4)c1,0.0
COC(=O)N1c2ccc3c(nc(CCn4cccn4)n3CCN(C)[C@H]3CCOC3)c2CC[C@@H]1C,4.3,1,0.0,4.3,4.3,2022,2022,1,1,c1cnn(CCc2nc3c4c(ccc3n2CCNC2CCOC2)NCCC4)c1,0.0
COC(=O)N1c2ccc3c(nc(CCn4cccn4)n3CCN3CC4(COC4)C3)c2CC[C@@H]1C,4.3,1,0.0,4.3,4.3,2022,2022,1,1,c1cnn(CCc2nc3c4c(ccc3n2CCN2CC3(COC3)C2)NCCC4)c1,0.0
COC(=O)N1c2ccc3c(nc(CCn4cccn4)n3CCN3CCC(C#N)CC3)c2CC[C@@H]1C,4.3,1,0.0,4.3,4.3,2022,2022,1,1,c1cnn(CCc2nc3c4c(ccc3n2CCN2CCCCC2)NCCC4)c1,0.0
COC(=O)N1c2ccc3c(nc(CCn4cccn4)n3CCN3CCC(CO)CC3)c2CC[C@@H]1C,4.3,1,0.0,4.3,4.3,2022,2022,1,1,c1cnn(CCc2nc3c4c(ccc3n2CCN2CCCCC2)NCCC4)c1,0.0
COC(=O)N1c2ccc3c(nc(CCn4cccn4)n3CCN3CCC(O)CC3)c2CC[C@@H]1C,4.3,1,0.0,4.3,4.3,2022,2022,1,1,c1cnn(CCc2nc3c4c(ccc3n2CCN2CCCCC2)NCCC4)c1,0.0
COC(=O)N1c2ccc3c(nc(CCn4cccn4)n3CCN3CCN(C(C)C)CC3)c2CC[C@@H]1C,4.3,1,0.0,4.3,4.3,2022,2022,1,1,c1cnn(CCc2nc3c4c(ccc3n2CCN2CCNCC2)NCCC4)c1,0.0
COC(=O)N1c2ccc3c(nc(CCn4cccn4)n3CCN3CCN(C)CC3)c2CC[C@@H]1C,4.3,1,0.0,4.3,4.3,2022,2022,1,1,c1cnn(CCc2nc3c4c(ccc3n2CCN2CCNCC2)NCCC4)c1,0.0
COC(=O)N1c2ccc3c(nc(CCn4cccn4)n3CCN3CCN(C4CC4)CC3)c2CC[C@@H]1C,4.3,1,0.0,4.3,4.3,2022,2022,1,1,c1cnn(CCc2nc3c4c(ccc3n2CCN2CCN(C3CC3)CC2)NCCC4)c1,0.0
COC(=O)N1c2ccc3c(nc(CCn4cccn4)n3CCN3CCN(CCO)CC3)c2CC[C@@H]1C,4.3,1,0.0,4.3,4.3,2022,2022,1,1,c1cnn(CCc2nc3c4c(ccc3n2CCN2CCNCC2)NCCC4)c1,0.0
COC(=O)N1c2ccc3c(nc(CCn4cccn4)n3CCN3CCNCC3)c2CC[C@@H]1C,4.3,1,0.0,4.3,4.3,2022,2022,1,1,c1cnn(CCc2nc3c4c(ccc3n2CCN2CCNCC2)NCCC4)c1,0.0
COC(=O)N1c2ccc3c(nc(CCn4cccn4)n3CCN3CCOCC3)c2CC[C@@H]1C,4.3,2,0.0,4.3,4.3,2022,2022,1,1,c1cnn(CCc2nc3c4c(ccc3n2CCN2CCOCC2)NCCC4)c1,0.0
COC(=O)N1c2ccc3c(nc(CCn4cccn4)n3CCN3CC[C@@H](NC(C)=O)C3)c2CC[C@@H]1C,4.3,1,0.0,4.3,4.3,2022,2022,1,1,c1cnn(CCc2nc3c4c(ccc3n2CCN2CCCC2)NCCC4)c1,0.0
COC(=O)N1c2ccc3c(nc(CCn4cccn4)n3CCN3CC[C@H](C(N)=O)C3)c2CC[C@@H]1C,4.3,1,0.0,4.3,4.3,2022,2022,1,1,c1cnn(CCc2nc3c4c(ccc3n2CCN2CCCC2)NCCC4)c1,0.0
COC(=O)N1c2ccc3c(nc(CCn4cccn4)n3CCN3CC[C@H](NC(C)=O)C3)c2CC[C@@H]1C,4.3,1,0.0,4.3,4.3,2022,2022,1,1,c1cnn(CCc2nc3c4c(ccc3n2CCN2CCCC2)NCCC4)c1,0.0
COC(=O)N1c2ccc3c(nc(CCn4cccn4)n3CCNC3COC3)c2CC[C@@H]1C,4.3,1,0.0,4.3,4.3,2022,2022,1,1,c1cnn(CCc2nc3c4c(ccc3n2CCNC2COC2)NCCC4)c1,0.0
COC(=O)N1c2ccc3c(nc(CCn4cccn4)n3CCNCC(=O)N3CCCC3)c2CC[C@@H]1C,4.3,1,0.0,4.3,4.3,2022,2022,1,1,O=C(CNCCn1c(CCn2cccn2)nc2c3c(ccc21)NCCC3)N1CCCC1,0.0
COC(=O)N1c2ccc3c(nc(CCn4cccn4)n3CCNCCC#N)c2CC[C@@H]1C,4.3,1,0.0,4.3,4.3,2022,2022,1,1,c1cnn(CCc2nc3c4c(ccc3[nH]2)NCCC4)c1,0.0
COC(=O)N1c2ccc3c(nc(CCn4cccn4)n3CCNCCN3CCNC3=O)c2CC[C@@H]1C,4.3,1,0.0,4.3,4.3,2022,2022,1,1,O=C1NCCN1CCNCCn1c(CCn2cccn2)nc2c3c(ccc21)NCCC3,0.0
COC(=O)N1c2ccc3c(nc(CCn4cccn4)n3CCNCc3cccnc3)c2CC[C@@H]1C,4.3,1,0.0,4.3,4.3,2022,2022,1,1,c1cncc(CNCCn2c(CCn3cccn3)nc3c4c(ccc32)NCCC4)c1,0.0
COC(=O)N1c2ccc3c(nc(CCn4cccn4)n3CCNCc3ccn(C)n3)c2CC[C@@H]1C,4.3,2,0.0,4.3,4.3,2022,2022,1,1,c1cnn(CCc2nc3c4c(ccc3n2CCNCc2cc[nH]n2)NCCC4)c1,0.0
COC(=O)N1c2ccc3c(nc(CCn4cccn4)n3CCNCc3cnco3)c2CC[C@@H]1C,4.3,1,0.0,4.3,4.3,2022,2022,1,1,c1cnn(CCc2nc3c4c(ccc3n2CCNCc2cnco2)NCCC4)c1,0.0
COC(=O)N1c2ccc3c(nc(CCn4cccn4)n3CCNCc3cnn(C)c3)c2CC[C@@H]1C,4.3,1,0.0,4.3,4.3,2022,2022,1,1,c1cnn(CCc2nc3c4c(ccc3n2CCNCc2cn[nH]c2)NCCC4)c1,0.0
COC(=O)N1c2ccc3c(nc(CCn4cccn4)n3CCN[C@H]3CC[C@H](CO)CC3)c2CC[C@@H]1C,4.3,1,0.0,4.3,4.3,2022,2022,1,1,c1cnn(CCc2nc3c4c(ccc3n2CCNC2CCCCC2)NCCC4)c1,0.0
COC(=O)N1c2ccc3c(nc(CCn4cccn4)n3CCS(C)(=O)=O)c2CC[C@@H]1C,4.3,1,0.0,4.3,4.3,2022,2022,1,1,c1cnn(CCc2nc3c4c(ccc3[nH]2)NCCC4)c1,0.0
COC(=O)N1c2ccc3c(nc(CCn4cccn4)n3[C@@H]3CCCS(=O)(=O)C3)c2CC[C@@H]1C,4.3,2,0.0,4.3,4.3,2022,2022,1,1,O=S1(=O)CCCC(n2c(CCn3cccn3)nc3c4c(ccc32)NCCC4)C1,0.0
COC(=O)N1c2ccc3c(nc(CCn4cccn4)n3[C@H]3CCCS(=O)(=O)C3)c2CC[C@@H]1C,4.3,2,0.0,4.3,4.3,2022,2022,1,1,O=S1(=O)CCCC(n2c(CCn3cccn3)nc3c4c(ccc32)NCCC4)C1,0.0
COC(=O)N1c2ccc3c(nc(CCn4cccn4)n3[C@H]3CC[C@H](C(=O)O)CC3)c2CC[C@@H]1C,4.3,1,0.0,4.3,4.3,2022,2022,1,1,c1cnn(CCc2nc3c4c(ccc3n2C2CCCCC2)NCCC4)c1,0.0
COC(=O)N1c2ccc3c(nc(CCn4nccn4)n3C3CCS(=O)(=O)CC3)c2CC[C@@H]1C,4.3,1,0.0,4.3,4.3,2022,2022,1,1,O=S1(=O)CCC(n2c(CCn3nccn3)nc3c4c(ccc32)NCCC4)CC1,0.0
COC(=O)N1c2ccc3c(nc(CCn4nccn4)n3[C@H]3CC[C@H](C(=O)O)CC3)c2CC[C@@H]1C,4.3,1,0.0,4.3,4.3,2022,2022,1,1,c1cnn(CCc2nc3c4c(ccc3n2C2CCCCC2)NCCC4)n1,0.0
COC(=O)N1c2ccc3c(nc(CN4C(=O)CCc5ccccc54)n3[C@@H]3CCC[C@@H](C(=O)O)C3)c2CC[C@@H]1C,4.3,1,0.0,4.3,4.3,2022,2022,1,1,O=C1CCc2ccccc2N1Cc1nc2c3c(ccc2n1C1CCCCC1)NCCC3,0.0
COC(=O)N1c2ccc3c(nc(CN4CCC(C)(C)CC4=O)n3[C@@H]3CCC[C@@H](C(=O)O)C3)c2CC[C@@H]1C,4.3,1,0.0,4.3,4.3,2022,2022,1,1,O=C1CCCCN1Cc1nc2c3c(ccc2n1C1CCCCC1)NCCC3,0.0
COC(=O)N1c2ccc3c(nc(CN4CCC5(CC5)CC4=O)n3[C@@H]3CCC[C@@H](C(=O)O)C3)c2CC[C@@H]1C,4.3,1,0.0,4.3,4.3,2022,2022,1,1,O=C1CC2(CCN1Cc1nc3c4c(ccc3n1C1CCCCC1)NCCC4)CC2,0.0
COC(=O)N1c2ccc3c(nc(CN4CCC5(CCC5)CC4=O)n3[C@@H]3CCC[C@@H](C(=O)O)C3)c2CC[C@@H]1C,4.3,1,0.0,4.3,4.3,2022,2022,1,1,O=C1CC2(CCC2)CCN1Cc1nc2c3c(ccc2n1C1CCCCC1)NCCC3,0.0
COC(=O)N1c2ccc3c(nc(CN4CCc5ccccc5C4=O)n3[C@@H]3CCC[C@@H](C(=O)O)C3)c2CC[C@@H]1C,4.3,1,0.0,4.3,4.3,2022,2022,1,1,O=C1c2ccccc2CCN1Cc1nc2c3c(ccc2n1C1CCCCC1)NCCC3,0.0
COC(=O)N1c2ccc3c(nc(CN4Cc5ccccc5CC4=O)n3[C@@H]3CCC[C@@H](C(=O)O)C3)c2CC[C@@H]1C,6.26,1,0.0,6.26,6.26,2022,2022,1,1,O=C1Cc2ccccc2CN1Cc1nc2c3c(ccc2n1C1CCCCC1)NCCC3,0.0
COC(=O)N1c2ccc3c(nc(CN4c5ccccc5CS4(=O)=O)n3[C@@H]3CCC[C@@H](C(=O)O)C3)c2CC[C@@H]1C,6.26,1,0.0,6.26,6.26,2022,2022,1,1,O=S1(=O)Cc2ccccc2N1Cc1nc2c3c(ccc2n1C1CCCCC1)NCCC3,0.0
COC(=O)N1c2ccc3c(nc(COC4CCCC4)n3[C@@H]3CCC[C@@H](C(=O)O)C3)c2CC[C@@H]1C,4.3,1,0.0,4.3,4.3,2022,2022,1,1,c1cc2c(nc(COC3CCCC3)n2C2CCCCC2)c2c1NCCC2,0.0
COC(=O)N1c2ccc3c(nc(COC4CCCC4)n3[C@H]3CC[C@H](C(=O)O)CC3)c2CC[C@@H]1C,4.3,1,0.0,4.3,4.3,2022,2022,1,1,c1cc2c(nc(COC3CCCC3)n2C2CCCCC2)c2c1NCCC2,0.0
COC(=O)N1c2ccc3c(nc(COC4CCCCC4)n3[C@@H]3CCC[C@@H](C(=O)O)C3)c2CC[C@@H]1C,4.3,1,0.0,4.3,4.3,2022,2022,1,1,c1cc2c(nc(COC3CCCCC3)n2C2CCCCC2)c2c1NCCC2,0.0
COC(=O)N1c2ccc3c(nc(COC4CCCCC4)n3[C@H]3CC[C@H](C(=O)O)CC3)c2CC[C@@H]1C,4.3,1,0.0,4.3,4.3,2022,2022,1,1,c1cc2c(nc(COC3CCCCC3)n2C2CCCCC2)c2c1NCCC2,0.0
COC(=O)N1c2ccc3c(nc(COC4CCOCC4)n3[C@@H]3CCC[C@@H](C(=O)O)C3)c2CC[C@@H]1C,4.3,1,0.0,4.3,4.3,2022,2022,1,1,c1cc2c(nc(COC3CCOCC3)n2C2CCCCC2)c2c1NCCC2,0.0
COC(=O)N1c2ccc3c(nc(COC4CCOCC4)n3[C@H]3CC[C@H](C(=O)O)CC3)c2CC[C@@H]1C,4.3,1,0.0,4.3,4.3,2022,2022,1,1,c1cc2c(nc(COC3CCOCC3)n2C2CCCCC2)c2c1NCCC2,0.0
COC(=O)N1c2ccc3c(nc(COc4ccccc4)n3[C@H]3CC[C@H](C(=O)O)CC3)c2CC[C@@H]1C,4.3,1,0.0,4.3,4.3,2022,2022,1,1,c1ccc(OCc2nc3c4c(ccc3n2C2CCCCC2)NCCC4)cc1,0.0
COC(=O)N1c2ccc3c(nc(COc4ccccc4C(=O)O)n3C3CCCCC3)c2CC[C@@H]1C,4.3,1,0.0,4.3,4.3,2022,2022,1,1,c1ccc(OCc2nc3c4c(ccc3n2C2CCCCC2)NCCC4)cc1,0.0
COC(=O)N1c2ccc3c(nc(C[C@@H](C(=O)O)c4ccc(C)c(Cl)c4)n3[C@H]3CC[C@H](OC)CC3)c2CC[C@@H]1C,4.3,1,0.0,4.3,4.3,2022,2022,1,1,c1ccc(CCc2nc3c4c(ccc3n2C2CCCCC2)NCCC4)cc1,0.0
COC(=O)N1c2ccc3c(nc(C[C@@H](C(=O)O)c4ccc(C)c(F)c4)n3[C@H]3CC[C@H](OC)CC3)c2CC[C@@H]1C,4.3,1,0.0,4.3,4.3,2022,2022,1,1,c1ccc(CCc2nc3c4c(ccc3n2C2CCCCC2)NCCC4)cc1,0.0
COC(=O)N1c2ccc3c(nc(C[C@@H](C(=O)O)c4ccc(C)cc4)n3[C@H]3CC[C@H](OC)CC3)c2CC[C@@H]1C,4.3,1,0.0,4.3,4.3,2022,2022,1,1,c1ccc(CCc2nc3c4c(ccc3n2C2CCCCC2)NCCC4)cc1,0.0
COC(=O)N1c2ccc3c(nc(C[C@@H](C(=O)O)c4ccc(Cl)cc4)n3[C@H]3CC[C@H](OC)CC3)c2CC[C@@H]1C,4.3,1,0.0,4.3,4.3,2022,2022,1,1,c1ccc(CCc2nc3c4c(ccc3n2C2CCCCC2)NCCC4)cc1,0.0
COC(=O)N1c2ccc3c(nc(C[C@@H](C(=O)O)c4ccc(F)c(F)c4)n3[C@H]3CC[C@H](OC)CC3)c2CC[C@@H]1C,4.3,1,0.0,4.3,4.3,2022,2022,1,1,c1ccc(CCc2nc3c4c(ccc3n2C2CCCCC2)NCCC4)cc1,0.0
COC(=O)N1c2ccc3c(nc(C[C@@H](C(=O)O)c4ccc(F)cc4)n3[C@H]3CC[C@H](OC)CC3)c2CC[C@@H]1C,4.3,1,0.0,4.3,4.3,2022,2022,1,1,c1ccc(CCc2nc3c4c(ccc3n2C2CCCCC2)NCCC4)cc1,0.0
COC(=O)N1c2ccc3c(nc(C[C@@H](C(=O)O)c4ccc(OC)c(F)c4)n3[C@H]3CC[C@H](OC)CC3)c2CC[C@@H]1C,4.3,1,0.0,4.3,4.3,2022,2022,1,1,c1ccc(CCc2nc3c4c(ccc3n2C2CCCCC2)NCCC4)cc1,0.0
COC(=O)N1c2ccc3c(nc(C[C@@H](C(=O)O)c4cccc(C)c4)n3[C@H]3CC[C@H](OC)CC3)c2CC[C@@H]1C,4.3,1,0.0,4.3,4.3,2022,2022,1,1,c1ccc(CCc2nc3c4c(ccc3n2C2CCCCC2)NCCC4)cc1,0.0
COC(=O)N1c2ccc3c(nc(C[C@@H](C(=O)O)c4cccc(Cl)c4)n3[C@H]3CC[C@H](OC)CC3)c2CC[C@@H]1C,4.3,1,0.0,4.3,4.3,2022,2022,1,1,c1ccc(CCc2nc3c4c(ccc3n2C2CCCCC2)NCCC4)cc1,0.0
COC(=O)N1c2ccc3c(nc(C[C@@H](C(=O)O)c4cccc(F)c4)n3[C@H]3CC[C@H](OC)CC3)c2CC[C@@H]1C,4.3,1,0.0,4.3,4.3,2022,2022,1,1,c1ccc(CCc2nc3c4c(ccc3n2C2CCCCC2)NCCC4)cc1,0.0
COC(=O)N1c2ccc3c(nc(C[C@@H](C(=O)O)c4ccccc4)n3-c3ccccc3)c2CC[C@@H]1C,4.3,1,0.0,4.3,4.3,2022,2022,1,1,c1ccc(CCc2nc3c4c(ccc3n2-c2ccccc2)NCCC4)cc1,0.0
COC(=O)N1c2ccc3c(nc(C[C@@H](C(=O)O)c4ccccc4)n3C(C)(C)C)c2CC[C@@H]1C,4.3,1,0.0,4.3,4.3,2022,2022,1,1,c1ccc(CCc2nc3c4c(ccc3[nH]2)NCCC4)cc1,0.0
COC(=O)N1c2ccc3c(nc(C[C@@H](C(=O)O)c4ccccc4)n3C)c2CC[C@@H]1C,4.3,1,0.0,4.3,4.3,2022,2022,1,1,c1ccc(CCc2nc3c4c(ccc3[nH]2)NCCC4)cc1,0.0
COC(=O)N1c2ccc3c(nc(C[C@@H](C(=O)O)c4ccccc4)n3C3CCC3)c2CC[C@@H]1C,4.3,1,0.0,4.3,4.3,2022,2022,1,1,c1ccc(CCc2nc3c4c(ccc3n2C2CCC2)NCCC4)cc1,0.0
COC(=O)N1c2ccc3c(nc(C[C@@H](C(=O)O)c4ccccc4)n3C3CCC4(CC3)COC4)c2CC[C@@H]1C,4.3,1,0.0,4.3,4.3,2022,2022,1,1,c1ccc(CCc2nc3c4c(ccc3n2C2CCC3(CC2)COC3)NCCC4)cc1,0.0
COC(=O)N1c2ccc3c(nc(C[C@@H](C(=O)O)c4ccccc4)n3C3CCCCC3)c2CC[C@@H]1C,4.3,1,0.0,4.3,4.3,2022,2022,1,1,c1ccc(CCc2nc3c4c(ccc3n2C2CCCCC2)NCCC4)cc1,0.0
COC(=O)N1c2ccc3c(nc(C[C@@H](C(=O)O)c4ccccc4)n3C3CCCCCC3)c2CC[C@@H]1C,4.3,1,0.0,4.3,4.3,2022,2022,1,1,c1ccc(CCc2nc3c4c(ccc3n2C2CCCCCC2)NCCC4)cc1,0.0
COC(=O)N1c2ccc3c(nc(C[C@@H](C(=O)O)c4ccccc4)n3C3CCOCC3)c2CC[C@@H]1C,6.26,1,0.0,6.26,6.26,2022,2022,1,1,c1ccc(CCc2nc3c4c(ccc3n2C2CCOCC2)NCCC4)cc1,0.0
COC(=O)N1c2ccc3c(nc(C[C@@H](C(=O)O)c4ccccc4)n3CC3CCNCC3)c2CC[C@@H]1C,4.3,1,0.0,4.3,4.3,2022,2022,1,1,c1ccc(CCc2nc3c4c(ccc3n2CC2CCNCC2)NCCC4)cc1,0.0
COC(=O)N1c2ccc3c(nc(C[C@@H](C(=O)O)c4ccccc4)n3CCC3CCNCC3)c2CC[C@@H]1C,4.3,1,0.0,4.3,4.3,2022,2022,1,1,c1ccc(CCc2nc3c4c(ccc3n2CCC2CCNCC2)NCCC4)cc1,0.0
COC(=O)N1c2ccc3c(nc(C[C@@H](C(=O)O)c4ccccc4)n3CCN(C)C)c2CC[C@@H]1C,4.3,1,0.0,4.3,4.3,2022,2022,1,1,c1ccc(CCc2nc3c4c(ccc3[nH]2)NCCC4)cc1,0.0
COC(=O)N1c2ccc3c(nc(C[C@@H](C(=O)O)c4ccccc4)n3CCN3CCOCC3)c2CC[C@@H]1C,4.3,1,0.0,4.3,4.3,2022,2022,1,1,c1ccc(CCc2nc3c4c(ccc3n2CCN2CCOCC2)NCCC4)cc1,0.0
COC(=O)N1c2ccc3c(nc(C[C@@H](C(=O)O)c4ccccc4)n3[C@@H]3CCCOC3)c2CC[C@@H]1C,4.3,1,0.0,4.3,4.3,2022,2022,1,1,c1ccc(CCc2nc3c4c(ccc3n2C2CCCOC2)NCCC4)cc1,0.0
COC(=O)N1c2ccc3c(nc(C[C@@H](C(=O)O)c4ccccc4)n3[C@@H]3CCC[C@@H](CO)C3)c2CC[C@@H]1C,4.3,1,0.0,4.3,4.3,2022,2022,1,1,c1ccc(CCc2nc3c4c(ccc3n2C2CCCCC2)NCCC4)cc1,0.0
COC(=O)N1c2ccc3c(nc(C[C@@H](C(=O)O)c4ccccc4)n3[C@@H]3CCC[C@@H](CO)C3)c2CC[C@H]1C,4.3,1,0.0,4.3,4.3,2022,2022,1,1,c1ccc(CCc2nc3c4c(ccc3n2C2CCCCC2)NCCC4)cc1,0.0
COC(=O)N1c2ccc3c(nc(C[C@@H](C(=O)O)c4ccccc4)n3[C@@H]3CCC[C@@H](O)C3)c2CC[C@@H]1C,4.3,1,0.0,4.3,4.3,2022,2022,1,1,c1ccc(CCc2nc3c4c(ccc3n2C2CCCCC2)NCCC4)cc1,0.0
COC(=O)N1c2ccc3c(nc(C[C@@H](C(=O)O)c4ccccc4)n3[C@@H]3CCC[C@H](CO)C3)c2CC[C@@H]1C,4.3,1,0.0,4.3,4.3,2022,2022,1,1,c1ccc(CCc2nc3c4c(ccc3n2C2CCCCC2)NCCC4)cc1,0.0
COC(=O)N1c2ccc3c(nc(C[C@@H](C(=O)O)c4ccccc4)n3[C@@H]3CCC[C@H](CO)C3)c2CC[C@H]1C,4.3,1,0.0,4.3,4.3,2022,2022,1,1,c1ccc(CCc2nc3c4c(ccc3n2C2CCCCC2)NCCC4)cc1,0.0
COC(=O)N1c2ccc3c(nc(C[C@@H](C(=O)O)c4ccccc4)n3[C@@H]3CCC[C@H](O)C3)c2CC[C@@H]1C,4.3,1,0.0,4.3,4.3,2022,2022,1,1,c1ccc(CCc2nc3c4c(ccc3n2C2CCCCC2)NCCC4)cc1,0.0
COC(=O)N1c2ccc3c(nc(C[C@@H](C(=O)O)c4ccccc4)n3[C@H]3CCCOC3)c2CC[C@@H]1C,4.3,1,0.0,4.3,4.3,2022,2022,1,1,c1ccc(CCc2nc3c4c(ccc3n2C2CCCOC2)NCCC4)cc1,0.0
COC(=O)N1c2ccc3c(nc(C[C@@H](C(=O)O)c4ccccc4)n3[C@H]3CCC[C@@H](C#N)C3)c2CC[C@@H]1C,4.3,1,0.0,4.3,4.3,2022,2022,1,1,c1ccc(CCc2nc3c4c(ccc3n2C2CCCCC2)NCCC4)cc1,0.0
COC(=O)N1c2ccc3c(nc(C[C@@H](C(=O)O)c4ccccc4)n3[C@H]3CCC[C@@H](C#N)C3)c2CC[C@H]1C,4.3,1,0.0,4.3,4.3,2022,2022,1,1,c1ccc(CCc2nc3c4c(ccc3n2C2CCCCC2)NCCC4)cc1,0.0
COC(=O)N1c2ccc3c(nc(C[C@@H](C(=O)O)c4ccccc4)n3[C@H]3CCC[C@@H](O)C3)c2CC[C@@H]1C,4.3,1,0.0,4.3,4.3,2022,2022,1,1,c1ccc(CCc2nc3c4c(ccc3n2C2CCCCC2)NCCC4)cc1,0.0
COC(=O)N1c2ccc3c(nc(C[C@@H](C(=O)O)c4ccccc4)n3[C@H]3CCC[C@H](C#N)C3)c2CC[C@@H]1C,4.3,1,0.0,4.3,4.3,2022,2022,1,1,c1ccc(CCc2nc3c4c(ccc3n2C2CCCCC2)NCCC4)cc1,0.0
COC(=O)N1c2ccc3c(nc(C[C@@H](C(=O)O)c4ccccc4)n3[C@H]3CCC[C@H](C#N)C3)c2CC[C@H]1C,4.3,1,0.0,4.3,4.3,2022,2022,1,1,c1ccc(CCc2nc3c4c(ccc3n2C2CCCCC2)NCCC4)cc1,0.0
COC(=O)N1c2ccc3c(nc(C[C@@H](C(=O)O)c4ccccc4)n3[C@H]3CC[C@H](C#N)CC3)c2CC[C@@H]1C,4.3,1,0.0,4.3,4.3,2022,2022,1,1,c1ccc(CCc2nc3c4c(ccc3n2C2CCCCC2)NCCC4)cc1,0.0
COC(=O)N1c2ccc3c(nc(C[C@@H](C(=O)O)c4ccccc4)n3[C@H]3CC[C@H](O)CC3)c2CC[C@@H]1C,4.3,1,0.0,4.3,4.3,2022,2022,1,1,c1ccc(CCc2nc3c4c(ccc3n2C2CCCCC2)NCCC4)cc1,0.0
COC(=O)N1c2ccc3c(nc(C[C@@H](C(=O)O)c4ccccc4)n3[C@H]3CC[C@H](OC)CC3)c2CC[C@@H]1C,4.3,1,0.0,4.3,4.3,2022,2022,1,1,c1ccc(CCc2nc3c4c(ccc3n2C2CCCCC2)NCCC4)cc1,0.0
COC(=O)N1c2ccc3c(nc(C[C@@H](C(=O)O)c4ccccc4)n3[C@H]3CC[C@H](S(C)(=O)=O)CC3)c2CC[C@@H]1C,4.3,1,0.0,4.3,4.3,2022,2022,1,1,c1ccc(CCc2nc3c4c(ccc3n2C2CCCCC2)NCCC4)cc1,0.0
COC(=O)N1c2ccc3c(nc(C[C@@H](C)c4ccccc4)n3C)c2CC[C@@H]1C,4.3,1,0.0,4.3,4.3,2022,2022,1,1,c1ccc(CCc2nc3c4c(ccc3[nH]2)NCCC4)cc1,0.0
COC(=O)N1c2ccc3c(nc(C[C@H](C(=O)O)c4ccc(C)c(Cl)c4)n3[C@H]3CC[C@H](OC)CC3)c2CC[C@@H]1C,4.3,1,0.0,4.3,4.3,2022,2022,1,1,c1ccc(CCc2nc3c4c(ccc3n2C2CCCCC2)NCCC4)cc1,0.0
COC(=O)N1c2ccc3c(nc(C[C@H](C(=O)O)c4ccc(C)c(F)c4)n3[C@H]3CC[C@H](OC)CC3)c2CC[C@@H]1C,4.3,1,0.0,4.3,4.3,2022,2022,1,1,c1ccc(CCc2nc3c4c(ccc3n2C2CCCCC2)NCCC4)cc1,0.0
COC(=O)N1c2ccc3c(nc(C[C@H](C(=O)O)c4ccc(C)cc4)n3[C@H]3CC[C@H](OC)CC3)c2CC[C@@H]1C,4.3,1,0.0,4.3,4.3,2022,2022,1,1,c1ccc(CCc2nc3c4c(ccc3n2C2CCCCC2)NCCC4)cc1,0.0
COC(=O)N1c2ccc3c(nc(C[C@H](C(=O)O)c4ccc(Cl)cc4)n3[C@H]3CC[C@H](OC)CC3)c2CC[C@@H]1C,4.3,1,0.0,4.3,4.3,2022,2022,1,1,c1ccc(CCc2nc3c4c(ccc3n2C2CCCCC2)NCCC4)cc1,0.0
COC(=O)N1c2ccc3c(nc(C[C@H](C(=O)O)c4ccc(F)c(F)c4)n3[C@H]3CC[C@H](OC)CC3)c2CC[C@@H]1C,4.3,1,0.0,4.3,4.3,2022,2022,1,1,c1ccc(CCc2nc3c4c(ccc3n2C2CCCCC2)NCCC4)cc1,0.0
COC(=O)N1c2ccc3c(nc(C[C@H](C(=O)O)c4ccc(F)cc4)n3[C@H]3CC[C@H](OC)CC3)c2CC[C@@H]1C,4.3,1,0.0,4.3,4.3,2022,2022,1,1,c1ccc(CCc2nc3c4c(ccc3n2C2CCCCC2)NCCC4)cc1,0.0
COC(=O)N1c2ccc3c(nc(C[C@H](C(=O)O)c4ccc(OC)c(F)c4)n3[C@H]3CC[C@H](OC)CC3)c2CC[C@@H]1C,4.3,1,0.0,4.3,4.3,2022,2022,1,1,c1ccc(CCc2nc3c4c(ccc3n2C2CCCCC2)NCCC4)cc1,0.0
COC(=O)N1c2ccc3c(nc(C[C@H](C(=O)O)c4cccc(C)c4)n3[C@H]3CC[C@H](OC)CC3)c2CC[C@@H]1C,4.3,1,0.0,4.3,4.3,2022,2022,1,1,c1ccc(CCc2nc3c4c(ccc3n2C2CCCCC2)NCCC4)cc1,0.0
COC(=O)N1c2ccc3c(nc(C[C@H](C(=O)O)c4cccc(Cl)c4)n3[C@H]3CC[C@H](OC)CC3)c2CC[C@@H]1C,4.3,1,0.0,4.3,4.3,2022,2022,1,1,c1ccc(CCc2nc3c4c(ccc3n2C2CCCCC2)NCCC4)cc1,0.0
COC(=O)N1c2ccc3c(nc(C[C@H](C(=O)O)c4cccc(F)c4)n3[C@H]3CC[C@H](OC)CC3)c2CC[C@@H]1C,4.3,1,0.0,4.3,4.3,2022,2022,1,1,c1ccc(CCc2nc3c4c(ccc3n2C2CCCCC2)NCCC4)cc1,0.0
COC(=O)N1c2ccc3c(nc(C[C@H](C(=O)O)c4ccccc4)n3-c3ccccc3)c2CC[C@@H]1C,4.3,1,0.0,4.3,4.3,2022,2022,1,1,c1ccc(CCc2nc3c4c(ccc3n2-c2ccccc2)NCCC4)cc1,0.0
COC(=O)N1c2ccc3c(nc(C[C@H](C(=O)O)c4ccccc4)n3C(C)(C)C)c2CC[C@@H]1C,4.3,1,0.0,4.3,4.3,2022,2022,1,1,c1ccc(CCc2nc3c4c(ccc3[nH]2)NCCC4)cc1,0.0
COC(=O)N1c2ccc3c(nc(C[C@H](C(=O)O)c4ccccc4)n3C)c2CC[C@@H]1C,4.3,1,0.0,4.3,4.3,2022,2022,1,1,c1ccc(CCc2nc3c4c(ccc3[nH]2)NCCC4)cc1,0.0
COC(=O)N1c2ccc3c(nc(C[C@H](C(=O)O)c4ccccc4)n3C3CCC3)c2CC[C@@H]1C,4.3,1,0.0,4.3,4.3,2022,2022,1,1,c1ccc(CCc2nc3c4c(ccc3n2C2CCC2)NCCC4)cc1,0.0
COC(=O)N1c2ccc3c(nc(C[C@H](C(=O)O)c4ccccc4)n3C3CCCC3)c2CC[C@@H]1C,4.3,1,0.0,4.3,4.3,2022,2022,1,1,c1ccc(CCc2nc3c4c(ccc3n2C2CCCC2)NCCC4)cc1,0.0
COC(=O)N1c2ccc3c(nc(C[C@H](C(=O)O)c4ccccc4)n3C3CCCCC3)c2CC[C@@H]1C,4.3,1,0.0,4.3,4.3,2022,2022,1,1,c1ccc(CCc2nc3c4c(ccc3n2C2CCCCC2)NCCC4)cc1,0.0
COC(=O)N1c2ccc3c(nc(C[C@H](C(=O)O)c4ccccc4)n3C3CCCCCC3)c2CC[C@@H]1C,4.3,1,0.0,4.3,4.3,2022,2022,1,1,c1ccc(CCc2nc3c4c(ccc3n2C2CCCCCC2)NCCC4)cc1,0.0
COC(=O)N1c2ccc3c(nc(C[C@H](C(=O)O)c4ccccc4)n3C3CCOCC3)c2CC[C@@H]1C,4.3,1,0.0,4.3,4.3,2022,2022,1,1,c1ccc(CCc2nc3c4c(ccc3n2C2CCOCC2)NCCC4)cc1,0.0
COC(=O)N1c2ccc3c(nc(C[C@H](C(=O)O)c4ccccc4)n3CC3CCNCC3)c2CC[C@@H]1C,4.3,1,0.0,4.3,4.3,2022,2022,1,1,c1ccc(CCc2nc3c4c(ccc3n2CC2CCNCC2)NCCC4)cc1,0.0
COC(=O)N1c2ccc3c(nc(C[C@H](C(=O)O)c4ccccc4)n3CCC3CCNCC3)c2CC[C@@H]1C,4.3,1,0.0,4.3,4.3,2022,2022,1,1,c1ccc(CCc2nc3c4c(ccc3n2CCC2CCNCC2)NCCC4)cc1,0.0
COC(=O)N1c2ccc3c(nc(C[C@H](C(=O)O)c4ccccc4)n3CCN(C)C)c2CC[C@@H]1C,4.3,1,0.0,4.3,4.3,2022,2022,1,1,c1ccc(CCc2nc3c4c(ccc3[nH]2)NCCC4)cc1,0.0
COC(=O)N1c2ccc3c(nc(C[C@H](C(=O)O)c4ccccc4)n3[C@@H]3CCCOC3)c2CC[C@@H]1C,4.3,1,0.0,4.3,4.3,2022,2022,1,1,c1ccc(CCc2nc3c4c(ccc3n2C2CCCOC2)NCCC4)cc1,0.0
COC(=O)N1c2ccc3c(nc(C[C@H](C(=O)O)c4ccccc4)n3[C@@H]3CCC[C@@H](CO)C3)c2CC[C@@H]1C,4.3,1,0.0,4.3,4.3,2022,2022,1,1,c1ccc(CCc2nc3c4c(ccc3n2C2CCCCC2)NCCC4)cc1,0.0
COC(=O)N1c2ccc3c(nc(C[C@H](C(=O)O)c4ccccc4)n3[C@@H]3CCC[C@@H](CO)C3)c2CC[C@H]1C,4.3,1,0.0,4.3,4.3,2022,2022,1,1,c1ccc(CCc2nc3c4c(ccc3n2C2CCCCC2)NCCC4)cc1,0.0
COC(=O)N1c2ccc3c(nc(C[C@H](C(=O)O)c4ccccc4)n3[C@@H]3CCC[C@@H](O)C3)c2CC[C@@H]1C,4.3,1,0.0,4.3,4.3,2022,2022,1,1,c1ccc(CCc2nc3c4c(ccc3n2C2CCCCC2)NCCC4)cc1,0.0
COC(=O)N1c2ccc3c(nc(C[C@H](C(=O)O)c4ccccc4)n3[C@@H]3CCC[C@H](CO)C3)c2CC[C@@H]1C,4.3,1,0.0,4.3,4.3,2022,2022,1,1,c1ccc(CCc2nc3c4c(ccc3n2C2CCCCC2)NCCC4)cc1,0.0
COC(=O)N1c2ccc3c(nc(C[C@H](C(=O)O)c4ccccc4)n3[C@@H]3CCC[C@H](CO)C3)c2CC[C@H]1C,4.3,1,0.0,4.3,4.3,2022,2022,1,1,c1ccc(CCc2nc3c4c(ccc3n2C2CCCCC2)NCCC4)cc1,0.0
COC(=O)N1c2ccc3c(nc(C[C@H](C(=O)O)c4ccccc4)n3[C@@H]3CCC[C@H](O)C3)c2CC[C@@H]1C,4.3,1,0.0,4.3,4.3,2022,2022,1,1,c1ccc(CCc2nc3c4c(ccc3n2C2CCCCC2)NCCC4)cc1,0.0
COC(=O)N1c2ccc3c(nc(C[C@H](C(=O)O)c4ccccc4)n3[C@H]3CCCOC3)c2CC[C@@H]1C,4.3,1,0.0,4.3,4.3,2022,2022,1,1,c1ccc(CCc2nc3c4c(ccc3n2C2CCCOC2)NCCC4)cc1,0.0
COC(=O)N1c2ccc3c(nc(C[C@H](C(=O)O)c4ccccc4)n3[C@H]3CCC[C@@H](C#N)C3)c2CC[C@@H]1C,4.3,1,0.0,4.3,4.3,2022,2022,1,1,c1ccc(CCc2nc3c4c(ccc3n2C2CCCCC2)NCCC4)cc1,0.0
COC(=O)N1c2ccc3c(nc(C[C@H](C(=O)O)c4ccccc4)n3[C@H]3CCC[C@@H](C#N)C3)c2CC[C@H]1C,4.3,1,0.0,4.3,4.3,2022,2022,1,1,c1ccc(CCc2nc3c4c(ccc3n2C2CCCCC2)NCCC4)cc1,0.0
COC(=O)N1c2ccc3c(nc(C[C@H](C(=O)O)c4ccccc4)n3[C@H]3CCC[C@@H](O)C3)c2CC[C@@H]1C,4.3,1,0.0,4.3,4.3,2022,2022,1,1,c1ccc(CCc2nc3c4c(ccc3n2C2CCCCC2)NCCC4)cc1,0.0
COC(=O)N1c2ccc3c(nc(C[C@H](C(=O)O)c4ccccc4)n3[C@H]3CCC[C@H](C#N)C3)c2CC[C@@H]1C,4.3,1,0.0,4.3,4.3,2022,2022,1,1,c1ccc(CCc2nc3c4c(ccc3n2C2CCCCC2)NCCC4)cc1,0.0
COC(=O)N1c2ccc3c(nc(C[C@H](C(=O)O)c4ccccc4)n3[C@H]3CCC[C@H](C#N)C3)c2CC[C@H]1C,4.3,1,0.0,4.3,4.3,2022,2022,1,1,c1ccc(CCc2nc3c4c(ccc3n2C2CCCCC2)NCCC4)cc1,0.0
COC(=O)N1c2ccc3c(nc(C[C@H](C(=O)O)c4ccccc4)n3[C@H]3CC[C@H](C#N)CC3)c2CC[C@@H]1C,4.3,1,0.0,4.3,4.3,2022,2022,1,1,c1ccc(CCc2nc3c4c(ccc3n2C2CCCCC2)NCCC4)cc1,0.0
COC(=O)N1c2ccc3c(nc(C[C@H](C(=O)O)c4ccccc4)n3[C@H]3CC[C@H](O)CC3)c2CC[C@@H]1C,4.3,1,0.0,4.3,4.3,2022,2022,1,1,c1ccc(CCc2nc3c4c(ccc3n2C2CCCCC2)NCCC4)cc1,0.0
COC(=O)N1c2ccc3c(nc(C[C@H](C(=O)O)c4ccccc4)n3[C@H]3CC[C@H](OC)CC3)c2CC[C@@H]1C,4.3,1,0.0,4.3,4.3,2022,2022,1,1,c1ccc(CCc2nc3c4c(ccc3n2C2CCCCC2)NCCC4)cc1,0.0
COC(=O)N1c2ccc3c(nc(C[C@H](C(=O)O)c4ccccc4)n3[C@H]3CC[C@H](S(C)(=O)=O)CC3)c2CC[C@@H]1C,4.3,1,0.0,4.3,4.3,2022,2022,1,1,c1ccc(CCc2nc3c4c(ccc3n2C2CCCCC2)NCCC4)cc1,0.0
COC(=O)N1c2ccc3c(nc(C[C@H](C)c4ccccc4)n3C)c2CC[C@@H]1C,4.3,1,0.0,4.3,4.3,2022,2022,1,1,c1ccc(CCc2nc3c4c(ccc3[nH]2)NCCC4)cc1,0.0
COC(=O)N1c2ccc3c(nc(C[C@H]4CC[C@H](OC)CC4)n3[C@@H]3CCC[C@@H](C(=O)O)C3)c2CC[C@@H]1C,4.3,1,0.0,4.3,4.3,2022,2022,1,1,c1cc2c(nc(CC3CCCCC3)n2C2CCCCC2)c2c1NCCC2,0.0
COC(=O)N1c2ccc3c(nc(Cc4cc(C(F)(F)F)cnn4)n3[C@@H]3CCC[C@@H](C(=O)O)C3)c2CC[C@@H]1C,4.3,1,0.0,4.3,4.3,2022,2022,1,1,c1cnnc(Cc2nc3c4c(ccc3n2C2CCCCC2)NCCC4)c1,0.0
COC(=O)N1c2ccc3c(nc(Cc4cc(Cl)cc(OC)c4)n3[C@@H]3CCC[C@@H](C(=O)O)C3)c2CC[C@@H]1C,4.3,1,0.0,4.3,4.3,2022,2022,1,1,c1ccc(Cc2nc3c4c(ccc3n2C2CCCCC2)NCCC4)cc1,0.0
COC(=O)N1c2ccc3c(nc(Cc4cc(Cl)cc(OC)c4)n3[C@H]3CC[C@H](C(=O)O)CC3)c2CC[C@@H]1C,4.3,1,0.0,4.3,4.3,2022,2022,1,1,c1ccc(Cc2nc3c4c(ccc3n2C2CCCCC2)NCCC4)cc1,0.0
COC(=O)N1c2ccc3c(nc(Cc4cc(F)c(OC)c(F)n4)n3[C@H]3CC[C@H](C(=O)O)CC3)c2CC[C@@H]1C,4.3,1,0.0,4.3,4.3,2022,2022,1,1,c1ccc(Cc2nc3c4c(ccc3n2C2CCCCC2)NCCC4)nc1,0.0
COC(=O)N1c2ccc3c(nc(Cc4cc(F)cc(OC)c4)n3[C@@H]3CCC[C@@H](C(=O)O)C3)c2CC[C@@H]1C,4.3,1,0.0,4.3,4.3,2022,2022,1,1,c1ccc(Cc2nc3c4c(ccc3n2C2CCCCC2)NCCC4)cc1,0.0
COC(=O)N1c2ccc3c(nc(Cc4cc(F)cc(OC)c4)n3[C@H]3CC[C@H](C(=O)O)CC3)c2CC[C@@H]1C,6.26,1,0.0,6.26,6.26,2022,2022,1,1,c1ccc(Cc2nc3c4c(ccc3n2C2CCCCC2)NCCC4)cc1,0.0
COC(=O)N1c2ccc3c(nc(Cc4cc(F)ccc4OC)n3[C@H]3CC[C@H](C(=O)O)CC3)c2CC[C@@H]1C,4.3,1,0.0,4.3,4.3,2022,2022,1,1,c1ccc(Cc2nc3c4c(ccc3n2C2CCCCC2)NCCC4)cc1,0.0
COC(=O)N1c2ccc3c(nc(Cc4cc5ccccc5[nH]4)n3[C@@H]3CCC[C@@H](C(=O)O)C3)c2CC[C@@H]1C,6.26,1,0.0,6.26,6.26,2022,2022,1,1,c1ccc2[nH]c(Cc3nc4c5c(ccc4n3C3CCCCC3)NCCC5)cc2c1,0.0
COC(=O)N1c2ccc3c(nc(Cc4cc5ccccc5[nH]4)n3[C@H]3CC[C@H](C(=O)O)CC3)c2CC[C@@H]1C,6.26,1,0.0,6.26,6.26,2022,2022,1,1,c1ccc2[nH]c(Cc3nc4c5c(ccc4n3C3CCCCC3)NCCC5)cc2c1,0.0
COC(=O)N1c2ccc3c(nc(Cc4ccc(C#N)cc4)n3[C@H]3CC[C@H](C(=O)O)CC3)c2CC[C@@H]1C,4.3,1,0.0,4.3,4.3,2022,2022,1,1,c1ccc(Cc2nc3c4c(ccc3n2C2CCCCC2)NCCC4)cc1,0.0
COC(=O)N1c2ccc3c(nc(Cc4ccc(C(F)(F)F)nn4)n3[C@@H]3CCC[C@@H](C(=O)O)C3)c2CC[C@@H]1C,4.3,1,0.0,4.3,4.3,2022,2022,1,1,c1cnnc(Cc2nc3c4c(ccc3n2C2CCCCC2)NCCC4)c1,0.0
COC(=O)N1c2ccc3c(nc(Cc4ccc(C)c(F)c4)n3[C@@H]3CCC[C@@H](C(=O)O)C3)c2CC[C@@H]1C,4.3,1,0.0,4.3,4.3,2022,2022,1,1,c1ccc(Cc2nc3c4c(ccc3n2C2CCCCC2)NCCC4)cc1,0.0
COC(=O)N1c2ccc3c(nc(Cc4ccc(C)cc4)n3[C@@H]3CCC[C@@H](C(=O)O)C3)c2CC[C@@H]1C,4.3,1,0.0,4.3,4.3,2022,2022,1,1,c1ccc(Cc2nc3c4c(ccc3n2C2CCCCC2)NCCC4)cc1,0.0
COC(=O)N1c2ccc3c(nc(Cc4ccc(Cl)c(OC)n4)n3[C@@H]3CCC[C@@H](C(=O)O)C3)c2CC[C@@H]1C,6.26,1,0.0,6.26,6.26,2022,2022,1,1,c1ccc(Cc2nc3c4c(ccc3n2C2CCCCC2)NCCC4)nc1,0.0
COC(=O)N1c2ccc3c(nc(Cc4ccc(Cl)c(OC)n4)n3[C@H]3CC[C@H](C(=O)O)CC3)c2CC[C@@H]1C,6.26,1,0.0,6.26,6.26,2022,2022,1,1,c1ccc(Cc2nc3c4c(ccc3n2C2CCCCC2)NCCC4)nc1,0.0
COC(=O)N1c2ccc3c(nc(Cc4ccc(Cl)cn4)n3[C@@H]3CCC[C@@H](C(=O)O)C3)c2CC[C@@H]1C,4.3,1,0.0,4.3,4.3,2022,2022,1,1,c1ccc(Cc2nc3c4c(ccc3n2C2CCCCC2)NCCC4)nc1,0.0
COC(=O)N1c2ccc3c(nc(Cc4ccc(F)c(F)c4)n3[C@@H]3CCC[C@@H](C(=O)O)C3)c2CC[C@@H]1C,4.3,1,0.0,4.3,4.3,2022,2022,1,1,c1ccc(Cc2nc3c4c(ccc3n2C2CCCCC2)NCCC4)cc1,0.0
COC(=O)N1c2ccc3c(nc(Cc4ccc(F)cc4)n3[C@@H]3CCC[C@@H](C(=O)O)C3)c2CC[C@@H]1C,4.3,2,0.0,4.3,4.3,2022,2022,1,1,c1ccc(Cc2nc3c4c(ccc3n2C2CCCCC2)NCCC4)cc1,0.0
COC(=O)N1c2ccc3c(nc(Cc4ccc(N(C)C)c(F)c4)n3[C@H]3CC[C@H](C(=O)O)CC3)c2CC[C@@H]1C,4.3,1,0.0,4.3,4.3,2022,2022,1,1,c1ccc(Cc2nc3c4c(ccc3n2C2CCCCC2)NCCC4)cc1,0.0
COC(=O)N1c2ccc3c(nc(Cc4ccc(N(C)C)cc4)n3[C@H]3CC[C@H](C(=O)O)CC3)c2CC[C@@H]1C,6.26,1,0.0,6.26,6.26,2022,2022,1,1,c1ccc(Cc2nc3c4c(ccc3n2C2CCCCC2)NCCC4)cc1,0.0
COC(=O)N1c2ccc3c(nc(Cc4ccc(N5CCCC5=O)cc4)n3[C@@H]3CCC[C@@H](C(=O)O)C3)c2CC[C@@H]1C,4.3,1,0.0,4.3,4.3,2022,2022,1,1,O=C1CCCN1c1ccc(Cc2nc3c4c(ccc3n2C2CCCCC2)NCCC4)cc1,0.0
COC(=O)N1c2ccc3c(nc(Cc4ccc(N5CCCC5=O)cc4)n3[C@H]3CC[C@H](C(=O)O)CC3)c2CC[C@@H]1C,4.3,1,0.0,4.3,4.3,2022,2022,1,1,O=C1CCCN1c1ccc(Cc2nc3c4c(ccc3n2C2CCCCC2)NCCC4)cc1,0.0
COC(=O)N1c2ccc3c(nc(Cc4ccc(NC(C)=O)c(F)c4)n3[C@H]3CC[C@H](C(=O)O)CC3)c2CC[C@@H]1C,4.3,1,0.0,4.3,4.3,2022,2022,1,1,c1ccc(Cc2nc3c4c(ccc3n2C2CCCCC2)NCCC4)cc1,0.0
COC(=O)N1c2ccc3c(nc(Cc4ccc(OC(C)C)c(F)c4)n3[C@H]3CC[C@H](C(=O)O)CC3)c2CC[C@@H]1C,6.26,1,0.0,6.26,6.26,2022,2022,1,1,c1ccc(Cc2nc3c4c(ccc3n2C2CCCCC2)NCCC4)cc1,0.0
COC(=O)N1c2ccc3c(nc(Cc4ccc(OC(F)F)c(F)c4)n3C3CCC(C(=O)O)CC3)c2CC[C@@H]1C,4.3,1,0.0,4.3,4.3,2022,2022,1,1,c1ccc(Cc2nc3c4c(ccc3n2C2CCCCC2)NCCC4)cc1,0.0
COC(=O)N1c2ccc3c(nc(Cc4ccc(OC(F)F)cc4)n3[C@@H]3CCC[C@@H](C(=O)O)C3)c2CC[C@@H]1C,4.3,1,0.0,4.3,4.3,2022,2022,1,1,c1ccc(Cc2nc3c4c(ccc3n2C2CCCCC2)NCCC4)cc1,0.0
COC(=O)N1c2ccc3c(nc(Cc4ccc(OC(F)F)cc4)n3[C@H]3CC[C@H](C(=O)O)CC3)c2CC[C@@H]1C,4.3,1,0.0,4.3,4.3,2022,2022,1,1,c1ccc(Cc2nc3c4c(ccc3n2C2CCCCC2)NCCC4)cc1,0.0
COC(=O)N1c2ccc3c(nc(Cc4ccc(OC(F)F)nc4)n3[C@@H]3CCC[C@@H](C(=O)O)C3)c2CC[C@@H]1C,4.3,1,0.0,4.3,4.3,2022,2022,1,1,c1cncc(Cc2nc3c4c(ccc3n2C2CCCCC2)NCCC4)c1,0.0
COC(=O)N1c2ccc3c(nc(Cc4ccc(OC)c(Cl)c4)n3[C@H]3CC[C@H](C(=O)O)CC3)c2CC[C@@H]1C,4.3,1,0.0,4.3,4.3,2022,2022,1,1,c1ccc(Cc2nc3c4c(ccc3n2C2CCCCC2)NCCC4)cc1,0.0
COC(=O)N1c2ccc3c(nc(Cc4ccc(OC)c(F)c4)n3C3CCNCC3)c2CC[C@@H]1C,4.3,1,0.0,4.3,4.3,2022,2022,1,1,c1ccc(Cc2nc3c4c(ccc3n2C2CCNCC2)NCCC4)cc1,0.0
COC(=O)N1c2ccc3c(nc(Cc4ccc(OC)c(F)c4)n3[C@@H]3CCC[C@@H](C(=O)O)C3)c2CC[C@@H]1C,4.3,1,0.0,4.3,4.3,2022,2022,1,1,c1ccc(Cc2nc3c4c(ccc3n2C2CCCCC2)NCCC4)cc1,0.0
COC(=O)N1c2ccc3c(nc(Cc4ccc(OC)c(F)c4)n3[C@H]3CC[C@H](C(=O)O)CC3)c2CC[C@@H]1C,4.3,1,0.0,4.3,4.3,2022,2022,1,1,c1ccc(Cc2nc3c4c(ccc3n2C2CCCCC2)NCCC4)cc1,0.0
COC(=O)N1c2ccc3c(nc(Cc4ccc(OC)c(F)c4F)n3[C@H]3CC[C@H](C(=O)O)CC3)c2CC[C@@H]1C,4.3,1,0.0,4.3,4.3,2022,2022,1,1,c1ccc(Cc2nc3c4c(ccc3n2C2CCCCC2)NCCC4)cc1,0.0
COC(=O)N1c2ccc3c(nc(Cc4ccc(OC)c(OC)c4)n3[C@@H]3CCC[C@@H](C(=O)O)C3)c2CC[C@@H]1C,4.3,1,0.0,4.3,4.3,2022,2022,1,1,c1ccc(Cc2nc3c4c(ccc3n2C2CCCCC2)NCCC4)cc1,0.0
COC(=O)N1c2ccc3c(nc(Cc4ccc(OC)c(OC)c4)n3[C@H]3CC[C@H](C(=O)O)CC3)c2CC[C@@H]1C,4.3,1,0.0,4.3,4.3,2022,2022,1,1,c1ccc(Cc2nc3c4c(ccc3n2C2CCCCC2)NCCC4)cc1,0.0
COC(=O)N1c2ccc3c(nc(Cc4ccc(OC)cc4)n3C3CCC4(CC3)CNC4)c2CC[C@@H]1C,4.3,1,0.0,4.3,4.3,2022,2022,1,1,c1ccc(Cc2nc3c4c(ccc3n2C2CCC3(CC2)CNC3)NCCC4)cc1,0.0
COC(=O)N1c2ccc3c(nc(Cc4ccc(OC)cc4)n3C3CCNCC3)c2CC[C@@H]1C,4.3,1,0.0,4.3,4.3,2022,2022,1,1,c1ccc(Cc2nc3c4c(ccc3n2C2CCNCC2)NCCC4)cc1,0.0
COC(=O)N1c2ccc3c(nc(Cc4ccc(OC)cc4)n3[C@@H]3CCC[C@@H](C(=O)O)C3)c2CC[C@@H]1C,4.3,1,0.0,4.3,4.3,2022,2022,1,1,c1ccc(Cc2nc3c4c(ccc3n2C2CCCCC2)NCCC4)cc1,0.0
COC(=O)N1c2ccc3c(nc(Cc4ccc(OC)cc4)n3[C@H]3CC[C@H](C(=O)O)CC3)c2CC[C@@H]1C,4.3,1,0.0,4.3,4.3,2022,2022,1,1,c1ccc(Cc2nc3c4c(ccc3n2C2CCCCC2)NCCC4)cc1,0.0
COC(=O)N1c2ccc3c(nc(Cc4ccc(OC5CC5)nc4)n3[C@@H]3CCC[C@@H](C(=O)O)C3)c2CC[C@@H]1C,4.3,1,0.0,4.3,4.3,2022,2022,1,1,c1cc(OC2CC2)ncc1Cc1nc2c3c(ccc2n1C1CCCCC1)NCCC3,0.0
COC(=O)N1c2ccc3c(nc(Cc4ccc5[nH]ccc5c4)n3[C@@H]3CCC[C@@H](C(=O)O)C3)c2CC[C@@H]1C,4.3,1,0.0,4.3,4.3,2022,2022,1,1,c1cc2cc(Cc3nc4c5c(ccc4n3C3CCCCC3)NCCC5)ccc2[nH]1,0.0
COC(=O)N1c2ccc3c(nc(Cc4ccc5[nH]ccc5c4)n3[C@H]3CC[C@H](C(=O)O)CC3)c2CC[C@@H]1C,6.26,1,0.0,6.26,6.26,2022,2022,1,1,c1cc2cc(Cc3nc4c5c(ccc4n3C3CCCCC3)NCCC5)ccc2[nH]1,0.0
COC(=O)N1c2ccc3c(nc(Cc4ccc5c(ccn5C)c4)n3[C@H]3CC[C@H](C(=O)O)CC3)c2CC[C@@H]1C,6.26,1,0.0,6.26,6.26,2022,2022,1,1,c1cc2cc(Cc3nc4c5c(ccc4n3C3CCCCC3)NCCC5)ccc2[nH]1,0.0
COC(=O)N1c2ccc3c(nc(Cc4cccc(C#N)c4)n3[C@H]3CC[C@H](C(=O)O)CC3)c2CC[C@@H]1C,4.3,1,0.0,4.3,4.3,2022,2022,1,1,c1ccc(Cc2nc3c4c(ccc3n2C2CCCCC2)NCCC4)cc1,0.0
COC(=O)N1c2ccc3c(nc(Cc4cccc(C)c4)n3[C@@H]3CCC[C@@H](C(=O)O)C3)c2CC[C@@H]1C,4.3,1,0.0,4.3,4.3,2022,2022,1,1,c1ccc(Cc2nc3c4c(ccc3n2C2CCCCC2)NCCC4)cc1,0.0
COC(=O)N1c2ccc3c(nc(Cc4cccc(Cl)c4)n3[C@@H]3CCC[C@@H](C(=O)O)C3)c2CC[C@@H]1C,4.3,1,0.0,4.3,4.3,2022,2022,1,1,c1ccc(Cc2nc3c4c(ccc3n2C2CCCCC2)NCCC4)cc1,0.0
COC(=O)N1c2ccc3c(nc(Cc4cccc(F)c4)n3C3CCNCC3)c2CC[C@@H]1C,4.3,1,0.0,4.3,4.3,2022,2022,1,1,c1ccc(Cc2nc3c4c(ccc3n2C2CCNCC2)NCCC4)cc1,0.0
COC(=O)N1c2ccc3c(nc(Cc4cccc(F)c4)n3[C@@H]3CCC[C@@H](C(=O)O)C3)c2CC[C@@H]1C,4.3,1,0.0,4.3,4.3,2022,2022,1,1,c1ccc(Cc2nc3c4c(ccc3n2C2CCCCC2)NCCC4)cc1,0.0
COC(=O)N1c2ccc3c(nc(Cc4cccc(F)c4OC)n3[C@H]3CC[C@H](C(=O)O)CC3)c2CC[C@@H]1C,4.3,1,0.0,4.3,4.3,2022,2022,1,1,c1ccc(Cc2nc3c4c(ccc3n2C2CCCCC2)NCCC4)cc1,0.0
COC(=O)N1c2ccc3c(nc(Cc4cccc(OC(C)C)c4)n3C3CC4(CNC4)C3)c2CC[C@@H]1C,4.3,1,0.0,4.3,4.3,2022,2022,1,1,c1ccc(Cc2nc3c4c(ccc3n2C2CC3(CNC3)C2)NCCC4)cc1,0.0
COC(=O)N1c2ccc3c(nc(Cc4cccc(OC(C)C)n4)n3[C@@H]3CCC[C@@H](C(=O)O)C3)c2CC[C@@H]1C,6.26,1,0.0,6.26,6.26,2022,2022,1,1,c1ccc(Cc2nc3c4c(ccc3n2C2CCCCC2)NCCC4)nc1,0.0
COC(=O)N1c2ccc3c(nc(Cc4cccc(OC(C)C)n4)n3[C@H]3CC[C@H](C(=O)O)CC3)c2CC[C@@H]1C,4.3,1,0.0,4.3,4.3,2022,2022,1,1,c1ccc(Cc2nc3c4c(ccc3n2C2CCCCC2)NCCC4)nc1,0.0
COC(=O)N1c2ccc3c(nc(Cc4cccc(OC(F)F)c4)n3[C@@H]3CCC[C@@H](C(=O)O)C3)c2CC[C@@H]1C,4.3,1,0.0,4.3,4.3,2022,2022,1,1,c1ccc(Cc2nc3c4c(ccc3n2C2CCCCC2)NCCC4)cc1,0.0
COC(=O)N1c2ccc3c(nc(Cc4cccc(OC(F)F)n4)n3[C@@H]3CCC[C@@H](C(=O)O)C3)c2CC[C@@H]1C,4.3,1,0.0,4.3,4.3,2022,2022,1,1,c1ccc(Cc2nc3c4c(ccc3n2C2CCCCC2)NCCC4)nc1,0.0
COC(=O)N1c2ccc3c(nc(Cc4cccc(OC)c4)n3C3CC4(CNC4)C3)c2CC[C@@H]1C,4.3,1,0.0,4.3,4.3,2022,2022,1,1,c1ccc(Cc2nc3c4c(ccc3n2C2CC3(CNC3)C2)NCCC4)cc1,0.0
COC(=O)N1c2ccc3c(nc(Cc4cccc(OC)n4)n3[C@@H]3CCC[C@@H](C(=O)O)C3)c2CC[C@@H]1C,4.3,1,0.0,4.3,4.3,2022,2022,1,1,c1ccc(Cc2nc3c4c(ccc3n2C2CCCCC2)NCCC4)nc1,0.0
COC(=O)N1c2ccc3c(nc(Cc4cccc(OC5CC5)n4)n3[C@@H]3CCC[C@@H](C(=O)O)C3)c2CC[C@@H]1C,4.3,1,0.0,4.3,4.3,2022,2022,1,1,c1cc(Cc2nc3c4c(ccc3n2C2CCCCC2)NCCC4)nc(OC2CC2)c1,0.0
COC(=O)N1c2ccc3c(nc(Cc4ccccc4)n3-c3ccc(C(=O)O)cc3)c2CC[C@@H]1C,4.3,1,0.0,4.3,4.3,2022,2022,1,1,c1ccc(Cc2nc3c4c(ccc3n2-c2ccccc2)NCCC4)cc1,0.0
COC(=O)N1c2ccc3c(nc(Cc4ccccc4)n3-c3cccc(C(=O)O)c3)c2CC[C@@H]1C,4.3,1,0.0,4.3,4.3,2022,2022,1,1,c1ccc(Cc2nc3c4c(ccc3n2-c2ccccc2)NCCC4)cc1,0.0
COC(=O)N1c2ccc3c(nc(Cc4ccccc4)n3C34CCC(C(=O)O)(CC3)C4)c2CC[C@@H]1C,4.3,1,0.0,4.3,4.3,2022,2022,1,1,c1ccc(Cc2nc3c4c(ccc3n2C23CCC(CC2)C3)NCCC4)cc1,0.0
COC(=O)N1c2ccc3c(nc(Cc4ccccc4)n3C3C4CCC3NC4)c2CC[C@@H]1C,4.3,1,0.0,4.3,4.3,2022,2022,1,1,c1ccc(Cc2nc3c4c(ccc3n2C2C3CCC2NC3)NCCC4)cc1,0.0
COC(=O)N1c2ccc3c(nc(Cc4ccccc4)n3C3CC4(C3)CN(C)C4)c2CC[C@@H]1C,4.3,1,0.0,4.3,4.3,2022,2022,1,1,c1ccc(Cc2nc3c4c(ccc3n2C2CC3(CNC3)C2)NCCC4)cc1,0.0
COC(=O)N1c2ccc3c(nc(Cc4ccccc4)n3C3CC4(CCNCC4)C3)c2CC[C@@H]1C,4.3,1,0.0,4.3,4.3,2022,2022,1,1,c1ccc(Cc2nc3c4c(ccc3n2C2CC3(CCNCC3)C2)NCCC4)cc1,0.0
COC(=O)N1c2ccc3c(nc(Cc4ccccc4)n3C3CC4(CNC4)C3)c2CC[C@@H]1C,4.3,1,0.0,4.3,4.3,2022,2022,1,1,c1ccc(Cc2nc3c4c(ccc3n2C2CC3(CNC3)C2)NCCC4)cc1,0.0
COC(=O)N1c2ccc3c(nc(Cc4ccccc4)n3C3CC4CCC(C3)N4)c2CC[C@@H]1C,4.3,1,0.0,4.3,4.3,2022,2022,1,1,c1ccc(Cc2nc3c4c(ccc3n2C2CC3CCC(C2)N3)NCCC4)cc1,0.0
COC(=O)N1c2ccc3c(nc(Cc4ccccc4)n3C3CC4CCC3N4)c2CC[C@@H]1C,4.3,1,0.0,4.3,4.3,2022,2022,1,1,c1ccc(Cc2nc3c4c(ccc3n2C2CC3CCC2N3)NCCC4)cc1,0.0
COC(=O)N1c2ccc3c(nc(Cc4ccccc4)n3C3CC4CNCC4C3)c2CC[C@@H]1C,4.3,1,0.0,4.3,4.3,2022,2022,1,1,c1ccc(Cc2nc3c4c(ccc3n2C2CC3CNCC3C2)NCCC4)cc1,0.0
COC(=O)N1c2ccc3c(nc(Cc4ccccc4)n3C3CCC4(CC3)CN(C)C4)c2CC[C@@H]1C,4.3,1,0.0,4.3,4.3,2022,2022,1,1,c1ccc(Cc2nc3c4c(ccc3n2C2CCC3(CC2)CNC3)NCCC4)cc1,0.0
COC(=O)N1c2ccc3c(nc(Cc4ccccc4)n3C3CCC4(CC3)CNC4)c2CC[C@@H]1C,4.3,1,0.0,4.3,4.3,2022,2022,1,1,c1ccc(Cc2nc3c4c(ccc3n2C2CCC3(CC2)CNC3)NCCC4)cc1,0.0
COC(=O)N1c2ccc3c(nc(Cc4ccccc4)n3C3CCC4(CCNCC4)CC3)c2CC[C@@H]1C,4.3,1,0.0,4.3,4.3,2022,2022,1,1,c1ccc(Cc2nc3c4c(ccc3n2C2CCC3(CCNCC3)CC2)NCCC4)cc1,0.0
COC(=O)N1c2ccc3c(nc(Cc4ccccc4)n3C3CCCCC3)c2CC[C@@H]1C,4.3,1,0.0,4.3,4.3,2022,2022,1,1,c1ccc(Cc2nc3c4c(ccc3n2C2CCCCC2)NCCC4)cc1,0.0
COC(=O)N1c2ccc3c(nc(Cc4ccccc4)n3C3CCN(C)CC3)c2CC[C@@H]1C,4.3,1,0.0,4.3,4.3,2022,2022,1,1,c1ccc(Cc2nc3c4c(ccc3n2C2CCNCC2)NCCC4)cc1,0.0
COC(=O)N1c2ccc3c(nc(Cc4ccccc4)n3C3CCN(c4nnn[nH]4)CC3)c2CC[C@@H]1C,4.3,1,0.0,4.3,4.3,2022,2022,1,1,c1ccc(Cc2nc3c4c(ccc3n2C2CCN(c3nnn[nH]3)CC2)NCCC4)cc1,0.0
COC(=O)N1c2ccc3c(nc(Cc4ccccc4)n3C3CCNC3)c2CC[C@@H]1C,4.3,2,0.0,4.3,4.3,2022,2022,1,1,c1ccc(Cc2nc3c4c(ccc3n2C2CCNC2)NCCC4)cc1,0.0
COC(=O)N1c2ccc3c(nc(Cc4ccccc4)n3C3CCNCC3)c2CC[C@@H]1C,4.3,1,0.0,4.3,4.3,2022,2022,1,1,c1ccc(Cc2nc3c4c(ccc3n2C2CCNCC2)NCCC4)cc1,0.0
COC(=O)N1c2ccc3c(nc(Cc4ccccc4)n3C3CCNC[C@@H]3C)c2CC[C@@H]1C,4.3,1,0.0,4.3,4.3,2022,2022,1,1,c1ccc(Cc2nc3c4c(ccc3n2C2CCNCC2)NCCC4)cc1,0.0
COC(=O)N1c2ccc3c(nc(Cc4ccccc4)n3C3CCNC[C@@H]3C)c2CC[C@H]1C,4.3,1,0.0,4.3,4.3,2022,2022,1,1,c1ccc(Cc2nc3c4c(ccc3n2C2CCNCC2)NCCC4)cc1,0.0
COC(=O)N1c2ccc3c(nc(Cc4ccccc4)n3C3CCNC[C@H]3C)c2CC[C@@H]1C,4.3,1,0.0,4.3,4.3,2022,2022,1,1,c1ccc(Cc2nc3c4c(ccc3n2C2CCNCC2)NCCC4)cc1,0.0
COC(=O)N1c2ccc3c(nc(Cc4ccccc4)n3C3CCNC[C@H]3C)c2CC[C@H]1C,4.3,1,0.0,4.3,4.3,2022,2022,1,1,c1ccc(Cc2nc3c4c(ccc3n2C2CCNCC2)NCCC4)cc1,0.0
COC(=O)N1c2ccc3c(nc(Cc4ccccc4)n3C3CCN[C@@H](C)C3)c2CC[C@@H]1C,4.3,1,0.0,4.3,4.3,2022,2022,1,1,c1ccc(Cc2nc3c4c(ccc3n2C2CCNCC2)NCCC4)cc1,0.0
COC(=O)N1c2ccc3c(nc(Cc4ccccc4)n3C3CCN[C@@H](C)C3)c2CC[C@H]1C,4.3,1,0.0,4.3,4.3,2022,2022,1,1,c1ccc(Cc2nc3c4c(ccc3n2C2CCNCC2)NCCC4)cc1,0.0
COC(=O)N1c2ccc3c(nc(Cc4ccccc4)n3C3CCN[C@H](C)C3)c2CC[C@@H]1C,4.3,1,0.0,4.3,4.3,2022,2022,1,1,c1ccc(Cc2nc3c4c(ccc3n2C2CCNCC2)NCCC4)cc1,0.0
COC(=O)N1c2ccc3c(nc(Cc4ccccc4)n3C3CCN[C@H](C)C3)c2CC[C@H]1C,4.3,1,0.0,4.3,4.3,2022,2022,1,1,c1ccc(Cc2nc3c4c(ccc3n2C2CCNCC2)NCCC4)cc1,0.0
COC(=O)N1c2ccc3c(nc(Cc4ccccc4)n3C3CCS(=O)(=O)CC3)c2CC[C@@H]1C,4.3,1,0.0,4.3,4.3,2022,2022,1,1,O=S1(=O)CCC(n2c(Cc3ccccc3)nc3c4c(ccc32)NCCC4)CC1,0.0
COC(=O)N1c2ccc3c(nc(Cc4ccccc4)n3C3CNC3)c2CC[C@@H]1C,4.3,1,0.0,4.3,4.3,2022,2022,1,1,c1ccc(Cc2nc3c4c(ccc3n2C2CNC2)NCCC4)cc1,0.0
COC(=O)N1c2ccc3c(nc(Cc4ccccc4)n3CC(=O)O)c2CC[C@@H]1C,4.3,1,0.0,4.3,4.3,2022,2022,1,1,c1ccc(Cc2nc3c4c(ccc3[nH]2)NCCC4)cc1,0.0
COC(=O)N1c2ccc3c(nc(Cc4ccccc4)n3CC(N)=O)c2CC[C@@H]1C,4.3,1,0.0,4.3,4.3,2022,2022,1,1,c1ccc(Cc2nc3c4c(ccc3[nH]2)NCCC4)cc1,0.0
COC(=O)N1c2ccc3c(nc(Cc4ccccc4)n3CC3CCNCC3)c2CC[C@@H]1C,4.3,1,0.0,4.3,4.3,2022,2022,1,1,c1ccc(Cc2nc3c4c(ccc3n2CC2CCNCC2)NCCC4)cc1,0.0
COC(=O)N1c2ccc3c(nc(Cc4ccccc4)n3CC3CCS(=O)(=O)CC3)c2CC[C@@H]1C,4.3,1,0.0,4.3,4.3,2022,2022,1,1,O=S1(=O)CCC(Cn2c(Cc3ccccc3)nc3c4c(ccc32)NCCC4)CC1,0.0
COC(=O)N1c2ccc3c(nc(Cc4ccccc4)n3CC3CNC3)c2CC[C@@H]1C,4.3,1,0.0,4.3,4.3,2022,2022,1,1,c1ccc(Cc2nc3c4c(ccc3n2CC2CNC2)NCCC4)cc1,0.0
COC(=O)N1c2ccc3c(nc(Cc4ccccc4)n3CCC(=O)O)c2CC[C@@H]1C,4.3,1,0.0,4.3,4.3,2022,2022,1,1,c1ccc(Cc2nc3c4c(ccc3[nH]2)NCCC4)cc1,0.0
COC(=O)N1c2ccc3c(nc(Cc4ccccc4)n3CCCS(C)(=O)=O)c2CC[C@@H]1C,4.3,1,0.0,4.3,4.3,2022,2022,1,1,c1ccc(Cc2nc3c4c(ccc3[nH]2)NCCC4)cc1,0.0
COC(=O)N1c2ccc3c(nc(Cc4ccccc4)n3CCN(C)C)c2CC[C@@H]1C,4.3,1,0.0,4.3,4.3,2022,2022,1,1,c1ccc(Cc2nc3c4c(ccc3[nH]2)NCCC4)cc1,0.0
COC(=O)N1c2ccc3c(nc(Cc4ccccc4)n3CCN3CC4(C3)CS(=O)(=O)C4)c2CC[C@@H]1C,4.3,1,0.0,4.3,4.3,2022,2022,1,1,O=S1(=O)CC2(CN(CCn3c(Cc4ccccc4)nc4c5c(ccc43)NCCC5)C2)C1,0.0
COC(=O)N1c2ccc3c(nc(Cc4ccccc4)n3CCN3CC4(CCO4)C3)c2CC[C@@H]1C,4.3,1,0.0,4.3,4.3,2022,2022,1,1,c1ccc(Cc2nc3c4c(ccc3n2CCN2CC3(CCO3)C2)NCCC4)cc1,0.0
COC(=O)N1c2ccc3c(nc(Cc4ccccc4)n3CCN3CC4(CCS4(=O)=O)C3)c2CC[C@@H]1C,4.3,1,0.0,4.3,4.3,2022,2022,1,1,O=S1(=O)CCC12CN(CCn1c(Cc3ccccc3)nc3c4c(ccc31)NCCC4)C2,0.0
COC(=O)N1c2ccc3c(nc(Cc4ccccc4)n3CCN3CC4(COC4)C3)c2CC[C@@H]1C,4.3,1,0.0,4.3,4.3,2022,2022,1,1,c1ccc(Cc2nc3c4c(ccc3n2CCN2CC3(COC3)C2)NCCC4)cc1,0.0
COC(=O)N1c2ccc3c(nc(Cc4ccccc4)n3CCN3CCC4(CC3)COC4)c2CC[C@@H]1C,4.3,1,0.0,4.3,4.3,2022,2022,1,1,c1ccc(Cc2nc3c4c(ccc3n2CCN2CCC3(CC2)COC3)NCCC4)cc1,0.0
COC(=O)N1c2ccc3c(nc(Cc4ccccc4)n3CCN3CCC4(CCO4)CC3)c2CC[C@@H]1C,4.3,1,0.0,4.3,4.3,2022,2022,1,1,c1ccc(Cc2nc3c4c(ccc3n2CCN2CCC3(CCO3)CC2)NCCC4)cc1,0.0
COC(=O)N1c2ccc3c(nc(Cc4ccccc4)n3CCN3CCC4(COC4)C3)c2CC[C@@H]1C,4.3,1,0.0,4.3,4.3,2022,2022,1,1,c1ccc(Cc2nc3c4c(ccc3n2CCN2CCC3(COC3)C2)NCCC4)cc1,0.0
COC(=O)N1c2ccc3c(nc(Cc4ccccc4)n3CCN3CCN(C)CC3)c2CC[C@@H]1C,4.3,1,0.0,4.3,4.3,2022,2022,1,1,c1ccc(Cc2nc3c4c(ccc3n2CCN2CCNCC2)NCCC4)cc1,0.0
COC(=O)N1c2ccc3c(nc(Cc4ccccc4)n3CCN3CCNCC3)c2CC[C@@H]1C,4.3,1,0.0,4.3,4.3,2022,2022,1,1,c1ccc(Cc2nc3c4c(ccc3n2CCN2CCNCC2)NCCC4)cc1,0.0
COC(=O)N1c2ccc3c(nc(Cc4ccccc4)n3CCN3CCS(=O)(=O)CC3)c2CC[C@@H]1C,4.3,1,0.0,4.3,4.3,2022,2022,1,1,O=S1(=O)CCN(CCn2c(Cc3ccccc3)nc3c4c(ccc32)NCCC4)CC1,0.0
COC(=O)N1c2ccc3c(nc(Cc4ccccc4)n3CCN3CC[C@@]4(CCO4)C3)c2CC[C@@H]1C,4.3,1,0.0,4.3,4.3,2022,2022,1,1,c1ccc(Cc2nc3c4c(ccc3n2CCN2CCC3(CCO3)C2)NCCC4)cc1,0.0
COC(=O)N1c2ccc3c(nc(Cc4ccccc4)n3CCN3CC[C@]4(CCO4)C3)c2CC[C@@H]1C,4.3,1,0.0,4.3,4.3,2022,2022,1,1,c1ccc(Cc2nc3c4c(ccc3n2CCN2CCC3(CCO3)C2)NCCC4)cc1,0.0
COC(=O)N1c2ccc3c(nc(Cc4ccccc4)n3CCN3C[C@@H](C)O[C@@H](C)C3)c2CC[C@@H]1C,4.3,1,0.0,4.3,4.3,2022,2022,1,1,c1ccc(Cc2nc3c4c(ccc3n2CCN2CCOCC2)NCCC4)cc1,0.0
COC(=O)N1c2ccc3c(nc(Cc4ccccc4)n3CCN3C[C@@H](C)O[C@H](C)C3)c2CC[C@@H]1C,4.3,1,0.0,4.3,4.3,2022,2022,1,1,c1ccc(Cc2nc3c4c(ccc3n2CCN2CCOCC2)NCCC4)cc1,0.0
COC(=O)N1c2ccc3c(nc(Cc4ccccc4)n3CCN3C[C@H](C)O[C@@H](C)C3)c2CC[C@@H]1C,4.3,1,0.0,4.3,4.3,2022,2022,1,1,c1ccc(Cc2nc3c4c(ccc3n2CCN2CCOCC2)NCCC4)cc1,0.0
COC(=O)N1c2ccc3c(nc(Cc4ccccc4)n3CCO)c2CC[C@@H]1C,4.3,1,0.0,4.3,4.3,2022,2022,1,1,c1ccc(Cc2nc3c4c(ccc3[nH]2)NCCC4)cc1,0.0
COC(=O)N1c2ccc3c(nc(Cc4ccccc4)n3C[C@@H]3CCCCN3)c2CC[C@@H]1C,4.3,1,0.0,4.3,4.3,2022,2022,1,1,c1ccc(Cc2nc3c4c(ccc3n2CC2CCCCN2)NCCC4)cc1,0.0
COC(=O)N1c2ccc3c(nc(Cc4ccccc4)n3C[C@@H]3CCCNC3)c2CC[C@@H]1C,4.3,1,0.0,4.3,4.3,2022,2022,1,1,c1ccc(Cc2nc3c4c(ccc3n2CC2CCCNC2)NCCC4)cc1,0.0
COC(=O)N1c2ccc3c(nc(Cc4ccccc4)n3C[C@H]3CCCCN3)c2CC[C@@H]1C,4.3,1,0.0,4.3,4.3,2022,2022,1,1,c1ccc(Cc2nc3c4c(ccc3n2CC2CCCCN2)NCCC4)cc1,0.0
COC(=O)N1c2ccc3c(nc(Cc4ccccc4)n3C[C@H]3CCCNC3)c2CC[C@@H]1C,4.3,1,0.0,4.3,4.3,2022,2022,1,1,c1ccc(Cc2nc3c4c(ccc3n2CC2CCCNC2)NCCC4)cc1,0.0
COC(=O)N1c2ccc3c(nc(Cc4ccccc4)n3[C@@H](C)C3CCCNC3)c2CC[C@@H]1C,4.3,1,0.0,4.3,4.3,2022,2022,1,1,c1ccc(Cc2nc3c4c(ccc3n2CC2CCCNC2)NCCC4)cc1,0.0
COC(=O)N1c2ccc3c(nc(Cc4ccccc4)n3[C@@H](C)C3CCCNC3)c2CC[C@H]1C,4.3,1,0.0,4.3,4.3,2022,2022,1,1,c1ccc(Cc2nc3c4c(ccc3n2CC2CCCNC2)NCCC4)cc1,0.0
COC(=O)N1c2ccc3c(nc(Cc4ccccc4)n3[C@@H](C)C3CCNCC3)c2CC[C@@H]1C,4.3,1,0.0,4.3,4.3,2022,2022,1,1,c1ccc(Cc2nc3c4c(ccc3n2CC2CCNCC2)NCCC4)cc1,0.0
COC(=O)N1c2ccc3c(nc(Cc4ccccc4)n3[C@@H]3CCC34CCNCC4)c2CC[C@@H]1C,4.3,1,0.0,4.3,4.3,2022,2022,1,1,c1ccc(Cc2nc3c4c(ccc3n2C2CCC23CCNCC3)NCCC4)cc1,0.0
COC(=O)N1c2ccc3c(nc(Cc4ccccc4)n3[C@@H]3CCC4CNCC43)c2CC[C@@H]1C,4.3,1,0.0,4.3,4.3,2022,2022,1,1,c1ccc(Cc2nc3c4c(ccc3n2C2CCC3CNCC32)NCCC4)cc1,0.0
COC(=O)N1c2ccc3c(nc(Cc4ccccc4)n3[C@@H]3CCC4CNCC43)c2CC[C@H]1C,4.3,1,0.0,4.3,4.3,2022,2022,1,1,c1ccc(Cc2nc3c4c(ccc3n2C2CCC3CNCC32)NCCC4)cc1,0.0
COC(=O)N1c2ccc3c(nc(Cc4ccccc4)n3[C@@H]3CCCN(c4nnn[nH]4)C3)c2CC[C@@H]1C,4.3,1,0.0,4.3,4.3,2022,2022,1,1,c1ccc(Cc2nc3c4c(ccc3n2C2CCCN(c3nnn[nH]3)C2)NCCC4)cc1,0.0
COC(=O)N1c2ccc3c(nc(Cc4ccccc4)n3[C@@H]3CCCNC3)c2CC[C@@H]1C,4.3,1,0.0,4.3,4.3,2022,2022,1,1,c1ccc(Cc2nc3c4c(ccc3n2C2CCCNC2)NCCC4)cc1,0.0
COC(=O)N1c2ccc3c(nc(Cc4ccccc4)n3[C@@H]3CCCS(=O)(=O)C3)c2CC[C@@H]1C,4.3,1,0.0,4.3,4.3,2022,2022,1,1,O=S1(=O)CCCC(n2c(Cc3ccccc3)nc3c4c(ccc32)NCCC4)C1,0.0
COC(=O)N1c2ccc3c(nc(Cc4ccccc4)n3[C@@H]3CCC[C@@H](C(=O)O)C3)c2CC[C@@H]1C,4.3,1,0.0,4.3,4.3,2022,2022,1,1,c1ccc(Cc2nc3c4c(ccc3n2C2CCCCC2)NCCC4)cc1,0.0
COC(=O)N1c2ccc3c(nc(Cc4ccccc4)n3[C@@H]3CCC[C@@H](c4nnn[nH]4)C3)c2CC[C@@H]1C,4.3,1,0.0,4.3,4.3,2022,2022,1,1,c1ccc(Cc2nc3c4c(ccc3n2C2CCCC(c3nnn[nH]3)C2)NCCC4)cc1,0.0
COC(=O)N1c2ccc3c(nc(Cc4ccccc4)n3[C@@H]3CCC[C@H](C(=O)O)C3)c2CC[C@@H]1C,4.3,1,0.0,4.3,4.3,2022,2022,1,1,c1ccc(Cc2nc3c4c(ccc3n2C2CCCCC2)NCCC4)cc1,0.0
COC(=O)N1c2ccc3c(nc(Cc4ccccc4)n3[C@@H]3CCC[C@H](c4nnn[nH]4)C3)c2CC[C@@H]1C,4.3,1,0.0,4.3,4.3,2022,2022,1,1,c1ccc(Cc2nc3c4c(ccc3n2C2CCCC(c3nnn[nH]3)C2)NCCC4)cc1,0.0
COC(=O)N1c2ccc3c(nc(Cc4ccccc4)n3[C@@H]3CCNC[C@@H]3OC)c2CC[C@@H]1C,4.3,1,0.0,4.3,4.3,2022,2022,1,1,c1ccc(Cc2nc3c4c(ccc3n2C2CCNCC2)NCCC4)cc1,0.0
COC(=O)N1c2ccc3c(nc(Cc4ccccc4)n3[C@@H]3CC[C@@H](C(=O)O)C(C)(C)C3)c2CC[C@@H]1C,4.3,1,0.0,4.3,4.3,2022,2022,1,1,c1ccc(Cc2nc3c4c(ccc3n2C2CCCCC2)NCCC4)cc1,0.0
COC(=O)N1c2ccc3c(nc(Cc4ccccc4)n3[C@@H]3CC[C@@H](C(=O)O)C3)c2CC[C@@H]1C,4.3,1,0.0,4.3,4.3,2022,2022,1,1,c1ccc(Cc2nc3c4c(ccc3n2C2CCCC2)NCCC4)cc1,0.0
COC(=O)N1c2ccc3c(nc(Cc4ccccc4)n3[C@@H]3CC[C@@H](C(=O)O)OC3)c2CC[C@@H]1C,4.3,2,0.0,4.3,4.3,2022,2022,1,1,c1ccc(Cc2nc3c4c(ccc3n2C2CCCOC2)NCCC4)cc1,0.0
COC(=O)N1c2ccc3c(nc(Cc4ccccc4)n3[C@@H]3CC[C@@H](CO)OC3)c2CC[C@@H]1C,4.3,1,0.0,4.3,4.3,2022,2022,1,1,c1ccc(Cc2nc3c4c(ccc3n2C2CCCOC2)NCCC4)cc1,0.0
COC(=O)N1c2ccc3c(nc(Cc4ccccc4)n3[C@@H]3CC[C@H](C(=O)O)C3)c2CC[C@@H]1C,4.3,1,0.0,4.3,4.3,2022,2022,1,1,c1ccc(Cc2nc3c4c(ccc3n2C2CCCC2)NCCC4)cc1,0.0
COC(=O)N1c2ccc3c(nc(Cc4ccccc4)n3[C@H](C)C3CCCNC3)c2CC[C@@H]1C,4.3,1,0.0,4.3,4.3,2022,2022,1,1,c1ccc(Cc2nc3c4c(ccc3n2CC2CCCNC2)NCCC4)cc1,0.0
COC(=O)N1c2ccc3c(nc(Cc4ccccc4)n3[C@H](C)C3CCCNC3)c2CC[C@H]1C,4.3,1,0.0,4.3,4.3,2022,2022,1,1,c1ccc(Cc2nc3c4c(ccc3n2CC2CCCNC2)NCCC4)cc1,0.0
COC(=O)N1c2ccc3c(nc(Cc4ccccc4)n3[C@H](C)C3CCNCC3)c2CC[C@@H]1C,4.3,1,0.0,4.3,4.3,2022,2022,1,1,c1ccc(Cc2nc3c4c(ccc3n2CC2CCNCC2)NCCC4)cc1,0.0
COC(=O)N1c2ccc3c(nc(Cc4ccccc4)n3[C@H]3CC4(C[C@H](C(=O)O)C4)C3)c2CC[C@@H]1C,4.3,2,0.0,4.3,4.3,2022,2022,1,1,c1ccc(Cc2nc3c4c(ccc3n2C2CC3(CCC3)C2)NCCC4)cc1,0.0
COC(=O)N1c2ccc3c(nc(Cc4ccccc4)n3[C@H]3CCC34CCNCC4)c2CC[C@@H]1C,4.3,1,0.0,4.3,4.3,2022,2022,1,1,c1ccc(Cc2nc3c4c(ccc3n2C2CCC23CCNCC3)NCCC4)cc1,0.0
COC(=O)N1c2ccc3c(nc(Cc4ccccc4)n3[C@H]3CCC4CNCC43)c2CC[C@@H]1C,4.3,1,0.0,4.3,4.3,2022,2022,1,1,c1ccc(Cc2nc3c4c(ccc3n2C2CCC3CNCC32)NCCC4)cc1,0.0
COC(=O)N1c2ccc3c(nc(Cc4ccccc4)n3[C@H]3CCC4CNCC43)c2CC[C@H]1C,4.3,1,0.0,4.3,4.3,2022,2022,1,1,c1ccc(Cc2nc3c4c(ccc3n2C2CCC3CNCC32)NCCC4)cc1,0.0
COC(=O)N1c2ccc3c(nc(Cc4ccccc4)n3[C@H]3CCCN(c4nnn[nH]4)C3)c2CC[C@@H]1C,4.3,1,0.0,4.3,4.3,2022,2022,1,1,c1ccc(Cc2nc3c4c(ccc3n2C2CCCN(c3nnn[nH]3)C2)NCCC4)cc1,0.0
COC(=O)N1c2ccc3c(nc(Cc4ccccc4)n3[C@H]3CCCNC3)c2CC[C@@H]1C,6.26,1,0.0,6.26,6.26,2022,2022,1,1,c1ccc(Cc2nc3c4c(ccc3n2C2CCCNC2)NCCC4)cc1,0.0
COC(=O)N1c2ccc3c(nc(Cc4ccccc4)n3[C@H]3CCCS(=O)(=O)C3)c2CC[C@@H]1C,4.3,1,0.0,4.3,4.3,2022,2022,1,1,O=S1(=O)CCCC(n2c(Cc3ccccc3)nc3c4c(ccc32)NCCC4)C1,0.0
COC(=O)N1c2ccc3c(nc(Cc4ccccc4)n3[C@H]3CCC[C@@H](C(=O)O)C3)c2CC[C@@H]1C,4.3,1,0.0,4.3,4.3,2022,2022,1,1,c1ccc(Cc2nc3c4c(ccc3n2C2CCCCC2)NCCC4)cc1,0.0
COC(=O)N1c2ccc3c(nc(Cc4ccccc4)n3[C@H]3CCC[C@@H](c4nnn[nH]4)C3)c2CC[C@@H]1C,4.3,1,0.0,4.3,4.3,2022,2022,1,1,c1ccc(Cc2nc3c4c(ccc3n2C2CCCC(c3nnn[nH]3)C2)NCCC4)cc1,0.0
COC(=O)N1c2ccc3c(nc(Cc4ccccc4)n3[C@H]3CCC[C@H](C(=O)O)C3)c2CC[C@@H]1C,4.3,1,0.0,4.3,4.3,2022,2022,1,1,c1ccc(Cc2nc3c4c(ccc3n2C2CCCCC2)NCCC4)cc1,0.0
COC(=O)N1c2ccc3c(nc(Cc4ccccc4)n3[C@H]3CCC[C@H](c4nnn[nH]4)C3)c2CC[C@@H]1C,4.3,1,0.0,4.3,4.3,2022,2022,1,1,c1ccc(Cc2nc3c4c(ccc3n2C2CCCC(c3nnn[nH]3)C2)NCCC4)cc1,0.0
COC(=O)N1c2ccc3c(nc(Cc4ccccc4)n3[C@H]3CC[C@@H](C#N)CC3)c2CC[C@@H]1C,4.3,1,0.0,4.3,4.3,2022,2022,1,1,c1ccc(Cc2nc3c4c(ccc3n2C2CCCCC2)NCCC4)cc1,0.0
COC(=O)N1c2ccc3c(nc(Cc4ccccc4)n3[C@H]3CC[C@@H](C(=O)O)CC3)c2CC[C@@H]1C,4.3,1,0.0,4.3,4.3,2022,2022,1,1,c1ccc(Cc2nc3c4c(ccc3n2C2CCCCC2)NCCC4)cc1,0.0
COC(=O)N1c2ccc3c(nc(Cc4ccccc4)n3[C@H]3CC[C@@H](C(N)=O)CC3)c2CC[C@@H]1C,6.26,1,0.0,6.26,6.26,2022,2022,1,1,c1ccc(Cc2nc3c4c(ccc3n2C2CCCCC2)NCCC4)cc1,0.0
COC(=O)N1c2ccc3c(nc(Cc4ccccc4)n3[C@H]3CC[C@@H](c4nnn[nH]4)CC3)c2CC[C@@H]1C,4.3,1,0.0,4.3,4.3,2022,2022,1,1,c1ccc(Cc2nc3c4c(ccc3n2C2CCC(c3nnn[nH]3)CC2)NCCC4)cc1,0.0
COC(=O)N1c2ccc3c(nc(Cc4ccccc4)n3[C@H]3CC[C@@](C)(C(=O)O)CC3)c2CC[C@@H]1C,4.3,1,0.0,4.3,4.3,2022,2022,1,1,c1ccc(Cc2nc3c4c(ccc3n2C2CCCCC2)NCCC4)cc1,0.0
COC(=O)N1c2ccc3c(nc(Cc4ccccc4)n3[C@H]3CC[C@H](C#N)CC3)c2CC[C@@H]1C,4.3,1,0.0,4.3,4.3,2022,2022,1,1,c1ccc(Cc2nc3c4c(ccc3n2C2CCCCC2)NCCC4)cc1,0.0
COC(=O)N1c2ccc3c(nc(Cc4ccccc4)n3[C@H]3CC[C@H](C(=O)O)C(C)(C)C3)c2CC[C@@H]1C,4.3,1,0.0,4.3,4.3,2022,2022,1,1,c1ccc(Cc2nc3c4c(ccc3n2C2CCCCC2)NCCC4)cc1,0.0
COC(=O)N1c2ccc3c(nc(Cc4ccccc4)n3[C@H]3CC[C@H](C(=O)O)CC3)c2CC[C@@H]1C,4.3,3,0.0,4.3,4.3,2022,2022,1,1,c1ccc(Cc2nc3c4c(ccc3n2C2CCCCC2)NCCC4)cc1,0.0
COC(=O)N1c2ccc3c(nc(Cc4ccccc4)n3[C@H]3CC[C@H](c4nnn[nH]4)CC3)c2CC[C@@H]1C,4.3,1,0.0,4.3,4.3,2022,2022,1,1,c1ccc(Cc2nc3c4c(ccc3n2C2CCC(c3nnn[nH]3)CC2)NCCC4)cc1,0.0
COC(=O)N1c2ccc3c(nc(Cc4ccccc4)n3[C@H]3CC[C@](C)(C(=O)O)CC3)c2CC[C@@H]1C,4.3,1,0.0,4.3,4.3,2022,2022,1,1,c1ccc(Cc2nc3c4c(ccc3n2C2CCCCC2)NCCC4)cc1,0.0
COC(=O)N1c2ccc3c(nc(Cc4ccccc4)n3[C@H]3C[C@@H](C(=O)O)C3)c2CC[C@@H]1C,4.3,1,0.0,4.3,4.3,2022,2022,1,1,c1ccc(Cc2nc3c4c(ccc3n2C2CCC2)NCCC4)cc1,0.0
COC(=O)N1c2ccc3c(nc(Cc4ccccc4)n3[C@H]3C[C@H](C(=O)O)C3)c2CC[C@@H]1C,4.3,1,0.0,4.3,4.3,2022,2022,1,1,c1ccc(Cc2nc3c4c(ccc3n2C2CCC2)NCCC4)cc1,0.0
COC(=O)N1c2ccc3c(nc(Cc4ccccc4C#N)n3[C@@H]3CCC[C@@H](C(=O)O)C3)c2CC[C@@H]1C,4.3,1,0.0,4.3,4.3,2022,2022,1,1,c1ccc(Cc2nc3c4c(ccc3n2C2CCCCC2)NCCC4)cc1,0.0
COC(=O)N1c2ccc3c(nc(Cc4ccccc4C#N)n3[C@H]3CC[C@H](C(=O)O)CC3)c2CC[C@@H]1C,4.3,1,0.0,4.3,4.3,2022,2022,1,1,c1ccc(Cc2nc3c4c(ccc3n2C2CCCCC2)NCCC4)cc1,0.0
COC(=O)N1c2ccc3c(nc(Cc4ccccc4C(=O)O)n3C3CCCCC3)c2CC[C@@H]1C,4.3,1,0.0,4.3,4.3,2022,2022,1,1,c1ccc(Cc2nc3c4c(ccc3n2C2CCCCC2)NCCC4)cc1,0.0
COC(=O)N1c2ccc3c(nc(Cc4ccccc4C(=O)O)n3C3CCOCC3)c2CC[C@@H]1C,4.3,1,0.0,4.3,4.3,2022,2022,1,1,c1ccc(Cc2nc3c4c(ccc3n2C2CCOCC2)NCCC4)cc1,0.0
COC(=O)N1c2ccc3c(nc(Cc4cnc(C)cn4)n3[C@@H]3CCC[C@@H](C(=O)O)C3)c2CC[C@@H]1C,4.3,1,0.0,4.3,4.3,2022,2022,1,1,c1cnc(Cc2nc3c4c(ccc3n2C2CCCCC2)NCCC4)cn1,0.0
COC(=O)N1c2ccc3c(nc(Cc4cnc(Cl)c(C)n4)n3[C@@H]3CCC[C@@H](C(=O)O)C3)c2CC[C@@H]1C,4.3,1,0.0,4.3,4.3,2022,2022,1,1,c1cnc(Cc2nc3c4c(ccc3n2C2CCCCC2)NCCC4)cn1,0.0
COC(=O)N1c2ccc3c(nc(Cc4cnc(Cl)cn4)n3[C@@H]3CCC[C@@H](C(=O)O)C3)c2CC[C@@H]1C,4.3,1,0.0,4.3,4.3,2022,2022,1,1,c1cnc(Cc2nc3c4c(ccc3n2C2CCCCC2)NCCC4)cn1,0.0
COC(=O)N1c2ccc3c(nc(Cc4cnc5[nH]ccc5n4)n3[C@@H]3CCC[C@@H](C(=O)O)C3)c2CC[C@@H]1C,6.26,1,0.0,6.26,6.26,2022,2022,1,1,c1cc2nc(Cc3nc4c5c(ccc4n3C3CCCCC3)NCCC5)cnc2[nH]1,0.0
COC(=O)N1c2ccc3c(nc(Cc4cnc5c(n4)CCCC5)n3[C@@H]3CCC[C@@H](C(=O)O)C3)c2CC[C@@H]1C,6.26,1,0.0,6.26,6.26,2022,2022,1,1,c1nc2c(nc1Cc1nc3c4c(ccc3n1C1CCCCC1)NCCC4)CCCC2,0.0
COC(=O)N1c2ccc3c(nc(Cc4cnc5cc[nH]c5n4)n3[C@@H]3CCC[C@@H](C(=O)O)C3)c2CC[C@@H]1C,4.3,1,0.0,4.3,4.3,2022,2022,1,1,c1cc2ncc(Cc3nc4c5c(ccc4n3C3CCCCC3)NCCC5)nc2[nH]1,0.0
COC(=O)N1c2ccc3c(nc(Cc4cncc(C(C)C)n4)n3[C@@H]3CCC[C@@H](C(=O)O)C3)c2CC[C@@H]1C,4.3,1,0.0,4.3,4.3,2022,2022,1,1,c1cnc(Cc2nc3c4c(ccc3n2C2CCCCC2)NCCC4)cn1,0.0
COC(=O)N1c2ccc3c(nc(Cc4cncc(C5CC5)n4)n3[C@@H]3CCC[C@@H](C(=O)O)C3)c2CC[C@@H]1C,4.3,1,0.0,4.3,4.3,2022,2022,1,1,c1ncc(C2CC2)nc1Cc1nc2c3c(ccc2n1C1CCCCC1)NCCC3,0.0
COC(=O)N1c2ccc3c(nc(Cc4cncc(Cl)n4)n3[C@@H]3CCC[C@@H](C(=O)O)C3)c2CC[C@@H]1C,4.3,1,0.0,4.3,4.3,2022,2022,1,1,c1cnc(Cc2nc3c4c(ccc3n2C2CCCCC2)NCCC4)cn1,0.0
COC(=O)N1c2ccc3c(nc(Cc4cncc(OC(C)(C)C)n4)n3[C@@H]3CCC[C@@H](C(=O)O)C3)c2CC[C@@H]1C,6.26,1,0.0,6.26,6.26,2022,2022,1,1,c1cnc(Cc2nc3c4c(ccc3n2C2CCCCC2)NCCC4)cn1,0.0
COC(=O)N1c2ccc3c(nc(Cc4cncc(OC(C)C)c4)n3[C@@H]3CCC[C@@H](C(=O)O)C3)c2CC[C@@H]1C,4.3,1,0.0,4.3,4.3,2022,2022,1,1,c1cncc(Cc2nc3c4c(ccc3n2C2CCCCC2)NCCC4)c1,0.0
COC(=O)N1c2ccc3c(nc(Cc4cncc(OC(C)C)n4)n3[C@@H]3CCC[C@@H](C(=O)O)C3)c2CC[C@@H]1C,6.26,1,0.0,6.26,6.26,2022,2022,1,1,c1cnc(Cc2nc3c4c(ccc3n2C2CCCCC2)NCCC4)cn1,0.0
COC(=O)N1c2ccc3c(nc(Cc4cncc(OC5CC5)n4)n3[C@@H]3CCC[C@@H](C(=O)O)C3)c2CC[C@@H]1C,6.26,1,0.0,6.26,6.26,2022,2022,1,1,c1ncc(OC2CC2)nc1Cc1nc2c3c(ccc2n1C1CCCCC1)NCCC3,0.0
COC(=O)N1c2ccc3c(nc(Cc4cnn(C5CC5)c4)n3[C@@H]3CCC[C@@H](C(=O)O)C3)c2CC[C@@H]1C,6.26,1,0.0,6.26,6.26,2022,2022,1,1,c1nn(C2CC2)cc1Cc1nc2c3c(ccc2n1C1CCCCC1)NCCC3,0.0
COC(=O)N1c2ccc3c(nc(Cc4ncc(Cl)cn4)n3[C@@H]3CCC[C@@H](C(=O)O)C3)c2CC[C@@H]1C,4.3,1,0.0,4.3,4.3,2022,2022,1,1,c1cnc(Cc2nc3c4c(ccc3n2C2CCCCC2)NCCC4)nc1,0.0
COC(=O)N1c2ccc3c(nc(Cc4nccc(C)n4)n3[C@@H]3CCC[C@@H](C(=O)O)C3)c2CC[C@@H]1C,4.3,1,0.0,4.3,4.3,2022,2022,1,1,c1cnc(Cc2nc3c4c(ccc3n2C2CCCCC2)NCCC4)nc1,0.0
COC(=O)N1c2ccc3c(nc(Cn4cc(C(C)C)cn4)n3[C@H]3CC[C@H](C(=O)O)CC3)c2CC[C@@H]1C,4.3,1,0.0,4.3,4.3,2022,2022,1,1,c1cnn(Cc2nc3c4c(ccc3n2C2CCCCC2)NCCC4)c1,0.0
COC(=O)N1c2ccc3c(nc(Cn4cc(C5CC5)cn4)n3[C@H]3CC[C@H](C(=O)O)CC3)c2CC[C@@H]1C,4.3,1,0.0,4.3,4.3,2022,2022,1,1,c1nn(Cc2nc3c4c(ccc3n2C2CCCCC2)NCCC4)cc1C1CC1,0.0
COC(=O)N1c2ccc3c(nc(Cn4cc(Cl)cn4)n3[C@@H]3CCC[C@@H](C(=O)O)C3)c2CC[C@@H]1C,4.3,1,0.0,4.3,4.3,2022,2022,1,1,c1cnn(Cc2nc3c4c(ccc3n2C2CCCCC2)NCCC4)c1,0.0
COC(=O)N1c2ccc3c(nc(Cn4cc(Cl)cn4)n3[C@H]3CC[C@H](C(=O)O)CC3)c2CC[C@@H]1C,4.3,1,0.0,4.3,4.3,2022,2022,1,1,c1cnn(Cc2nc3c4c(ccc3n2C2CCCCC2)NCCC4)c1,0.0
COC(=O)N1c2ccc3c(nc(Cn4ccc5ccc(C#N)nc54)n3[C@@H]3CCC[C@@H](C(=O)O)C3)c2CC[C@@H]1C,6.26,1,0.0,6.26,6.26,2022,2022,1,1,c1cnc2c(c1)ccn2Cc1nc2c3c(ccc2n1C1CCCCC1)NCCC3,0.0
COC(=O)N1c2ccc3c(nc(Cn4ccc5nccnc54)n3[C@@H]3CCC[C@@H](C(=O)O)C3)c2CC[C@@H]1C,6.26,1,0.0,6.26,6.26,2022,2022,1,1,c1cnc2c(ccn2Cc2nc3c4c(ccc3n2C2CCCCC2)NCCC4)n1,0.0
COC(=O)N1c2ccc3c(nc(Cn4ccccc4=O)n3C3CCOCC3)c2CC[C@@H]1C,4.3,1,0.0,4.3,4.3,2022,2022,1,1,O=c1ccccn1Cc1nc2c3c(ccc2n1C1CCOCC1)NCCC3,0.0
COC(=O)N1c2ccc3c(nc(Cn4ccccc4=O)n3[C@@H]3CCC[C@@H](O)C3)c2CC[C@@H]1C,4.3,1,0.0,4.3,4.3,2022,2022,1,1,O=c1ccccn1Cc1nc2c3c(ccc2n1C1CCCCC1)NCCC3,0.0
COC(=O)N1c2ccc3c(nc(Cn4ccccc4=O)n3[C@@H]3CCC[C@H](O)C3)c2CC[C@@H]1C,6.26,1,0.0,6.26,6.26,2022,2022,1,1,O=c1ccccn1Cc1nc2c3c(ccc2n1C1CCCCC1)NCCC3,0.0
COC(=O)N1c2ccc3c(nc(Cn4ccccc4=O)n3[C@H]3CCCOC3)c2CC[C@@H]1C,4.3,1,0.0,4.3,4.3,2022,2022,1,1,O=c1ccccn1Cc1nc2c3c(ccc2n1C1CCCOC1)NCCC3,0.0
COC(=O)N1c2ccc3c(nc(Cn4ccccc4=O)n3[C@H]3CCC[C@@H](O)C3)c2CC[C@@H]1C,4.3,1,0.0,4.3,4.3,2022,2022,1,1,O=c1ccccn1Cc1nc2c3c(ccc2n1C1CCCCC1)NCCC3,0.0
COC(=O)N1c2ccc3c(nc(Cn4ccccc4=O)n3[C@H]3CCC[C@H](O)C3)c2CC[C@@H]1C,4.3,1,0.0,4.3,4.3,2022,2022,1,1,O=c1ccccn1Cc1nc2c3c(ccc2n1C1CCCCC1)NCCC3,0.0
COC(=O)N1c2ccc3c(nc(Cn4ccccc4=O)n3[C@H]3CC[C@H](O)CC3)c2CC[C@@H]1C,4.3,1,0.0,4.3,4.3,2022,2022,1,1,O=c1ccccn1Cc1nc2c3c(ccc2n1C1CCCCC1)NCCC3,0.0
COC(=O)N1c2ccc3c(nc(N(C)Cc4ccccc4)n3[C@@H]3CCC[C@@H](C(=O)O)C3)c2CC[C@@H]1C,6.26,1,0.0,6.26,6.26,2022,2022,1,1,c1ccc(CNc2nc3c4c(ccc3n2C2CCCCC2)NCCC4)cc1,0.0
COC(=O)N1c2ccc3c(nc(N(C)S(=O)(=O)c4ccccc4)n3[C@@H]3CCC[C@@H](C(=O)O)C3)c2CC[C@@H]1C,6.26,1,0.0,6.26,6.26,2022,2022,1,1,O=S(=O)(Nc1nc2c3c(ccc2n1C1CCCCC1)NCCC3)c1ccccc1,0.0
COC(=O)N1c2ccc3c(nc(N(C)c4ccc(C#N)cc4)n3[C@@H]3CCC[C@@H](C(=O)O)C3)c2CC[C@@H]1C,4.3,1,0.0,4.3,4.3,2022,2022,1,1,c1ccc(Nc2nc3c4c(ccc3n2C2CCCCC2)NCCC4)cc1,0.0
COC(=O)N1c2ccc3c(nc(N(C)c4ccc(C#N)cc4)n3[C@H]3CC[C@H](C(=O)O)CC3)c2CC[C@@H]1C,4.3,1,0.0,4.3,4.3,2022,2022,1,1,c1ccc(Nc2nc3c4c(ccc3n2C2CCCCC2)NCCC4)cc1,0.0
COC(=O)N1c2ccc3c(nc(N(C)c4ccc(C)cc4)n3[C@@H]3CCC[C@@H](C(=O)O)C3)c2CC[C@@H]1C,4.3,1,0.0,4.3,4.3,2022,2022,1,1,c1ccc(Nc2nc3c4c(ccc3n2C2CCCCC2)NCCC4)cc1,0.0
COC(=O)N1c2ccc3c(nc(N(C)c4ccc(Cl)cc4)n3[C@@H]3CCC[C@@H](C(=O)O)C3)c2CC[C@@H]1C,6.26,1,0.0,6.26,6.26,2022,2022,1,1,c1ccc(Nc2nc3c4c(ccc3n2C2CCCCC2)NCCC4)cc1,0.0
COC(=O)N1c2ccc3c(nc(N(C)c4ccc(Cl)cc4)n3[C@H]3CC[C@H](C(=O)O)CC3)c2CC[C@@H]1C,4.3,1,0.0,4.3,4.3,2022,2022,1,1,c1ccc(Nc2nc3c4c(ccc3n2C2CCCCC2)NCCC4)cc1,0.0
COC(=O)N1c2ccc3c(nc(N(C)c4ccc(F)cc4)n3[C@H]3CC[C@H](C(=O)O)CC3)c2CC[C@@H]1C,4.3,1,0.0,4.3,4.3,2022,2022,1,1,c1ccc(Nc2nc3c4c(ccc3n2C2CCCCC2)NCCC4)cc1,0.0
COC(=O)N1c2ccc3c(nc(N(C)c4ccc(OC)cc4)n3[C@@H]3CCC[C@@H](C(=O)O)C3)c2CC[C@@H]1C,4.3,1,0.0,4.3,4.3,2022,2022,1,1,c1ccc(Nc2nc3c4c(ccc3n2C2CCCCC2)NCCC4)cc1,0.0
COC(=O)N1c2ccc3c(nc(N(C)c4ccc(OC)cc4)n3[C@H]3CC[C@H](C(=O)O)CC3)c2CC[C@@H]1C,6.26,1,0.0,6.26,6.26,2022,2022,1,1,c1ccc(Nc2nc3c4c(ccc3n2C2CCCCC2)NCCC4)cc1,0.0
COC(=O)N1c2ccc3c(nc(N(C)c4cccc(Cl)c4)n3[C@@H]3CCC[C@@H](C(=O)O)C3)c2CC[C@@H]1C,6.26,1,0.0,6.26,6.26,2022,2022,1,1,c1ccc(Nc2nc3c4c(ccc3n2C2CCCCC2)NCCC4)cc1,0.0
COC(=O)N1c2ccc3c(nc(N(C)c4cccc(Cl)c4)n3[C@H]3CC[C@H](C(=O)O)CC3)c2CC[C@@H]1C,6.26,1,0.0,6.26,6.26,2022,2022,1,1,c1ccc(Nc2nc3c4c(ccc3n2C2CCCCC2)NCCC4)cc1,0.0
COC(=O)N1c2ccc3c(nc(N(C)c4cccc(F)c4)n3[C@@H]3CCC[C@@H](C(=O)O)C3)c2CC[C@@H]1C,6.26,1,0.0,6.26,6.26,2022,2022,1,1,c1ccc(Nc2nc3c4c(ccc3n2C2CCCCC2)NCCC4)cc1,0.0
COC(=O)N1c2ccc3c(nc(N(C)c4cccc(F)c4)n3[C@H]3CC[C@H](C(=O)O)CC3)c2CC[C@@H]1C,4.3,1,0.0,4.3,4.3,2022,2022,1,1,c1ccc(Nc2nc3c4c(ccc3n2C2CCCCC2)NCCC4)cc1,0.0
COC(=O)N1c2ccc3c(nc(N(C)c4cccc(OC)c4)n3[C@@H]3CCC[C@@H](C(=O)O)C3)c2CC[C@@H]1C,6.26,1,0.0,6.26,6.26,2022,2022,1,1,c1ccc(Nc2nc3c4c(ccc3n2C2CCCCC2)NCCC4)cc1,0.0
COC(=O)N1c2ccc3c(nc(N(C)c4ccccc4)n3[C@@H]3CCC[C@@H](C(=O)O)C3)c2CC[C@@H]1C,4.3,1,0.0,4.3,4.3,2022,2022,1,1,c1ccc(Nc2nc3c4c(ccc3n2C2CCCCC2)NCCC4)cc1,0.0
COC(=O)N1c2ccc3c(nc(N(C)c4ccccc4C)n3[C@H]3CC[C@H](C(=O)O)CC3)c2CC[C@@H]1C,6.26,1,0.0,6.26,6.26,2022,2022,1,1,c1ccc(Nc2nc3c4c(ccc3n2C2CCCCC2)NCCC4)cc1,0.0
COC(=O)N1c2ccc3c(nc(N(C)c4ccccc4Cl)n3[C@@H]3CCC[C@@H](C(=O)O)C3)c2CC[C@@H]1C,4.3,1,0.0,4.3,4.3,2022,2022,1,1,c1ccc(Nc2nc3c4c(ccc3n2C2CCCCC2)NCCC4)cc1,0.0
COC(=O)N1c2ccc3c(nc(N(C)c4ccccc4OC)n3[C@@H]3CCC[C@@H](C(=O)O)C3)c2CC[C@@H]1C,6.26,1,0.0,6.26,6.26,2022,2022,1,1,c1ccc(Nc2nc3c4c(ccc3n2C2CCCCC2)NCCC4)cc1,0.0
COC(=O)N1c2ccc3c(nc(N(C)c4ccccc4OC)n3[C@H]3CC[C@H](C(=O)O)CC3)c2CC[C@@H]1C,6.26,1,0.0,6.26,6.26,2022,2022,1,1,c1ccc(Nc2nc3c4c(ccc3n2C2CCCCC2)NCCC4)cc1,0.0
COC(=O)N1c2ccc3c(nc(NCc4ccccc4)n3[C@@H]3CCC[C@@H](C(=O)O)C3)c2CC[C@@H]1C,6.26,1,0.0,6.26,6.26,2022,2022,1,1,c1ccc(CNc2nc3c4c(ccc3n2C2CCCCC2)NCCC4)cc1,0.0
COC(=O)N1c2ccc3c(nc(NS(=O)(=O)c4ccccc4)n3[C@@H]3CCC[C@@H](C(=O)O)C3)c2CC[C@@H]1C,6.26,1,0.0,6.26,6.26,2022,2022,1,1,O=S(=O)(Nc1nc2c3c(ccc2n1C1CCCCC1)NCCC3)c1ccccc1,0.0
COC(=O)N1c2ccc3c(nc(Nc4c(C)n[nH]c4C)n3[C@H]3CC[C@H](C(=O)O)CC3)c2CC[C@@H]1C,4.3,1,0.0,4.3,4.3,2022,2022,1,1,c1n[nH]cc1Nc1nc2c3c(ccc2n1C1CCCCC1)NCCC3,0.0
COC(=O)N1c2ccc3c(nc(Nc4cc(C(C)(C)C)[nH]n4)n3[C@H]3CC[C@H](C(=O)O)CC3)c2CC[C@@H]1C,6.26,1,0.0,6.26,6.26,2022,2022,1,1,c1cc(Nc2nc3c4c(ccc3n2C2CCCCC2)NCCC4)n[nH]1,0.0
COC(=O)N1c2ccc3c(nc(Nc4cc(C)nn4C)n3[C@@H]3CCC[C@@H](C(=O)O)C3)c2CC[C@@H]1C,4.3,1,0.0,4.3,4.3,2022,2022,1,1,c1cc(Nc2nc3c4c(ccc3n2C2CCCCC2)NCCC4)[nH]n1,0.0
COC(=O)N1c2ccc3c(nc(Nc4cc(C)nn4C)n3[C@H]3CC[C@H](C(=O)O)CC3)c2CC[C@@H]1C,4.3,1,0.0,4.3,4.3,2022,2022,1,1,c1cc(Nc2nc3c4c(ccc3n2C2CCCCC2)NCCC4)[nH]n1,0.0
COC(=O)N1c2ccc3c(nc(Nc4cc(C5CC5)nn4C)n3[C@H]3CC[C@H](C(=O)O)CC3)c2CC[C@@H]1C,6.26,1,0.0,6.26,6.26,2022,2022,1,1,c1c(C2CC2)n[nH]c1Nc1nc2c3c(ccc2n1C1CCCCC1)NCCC3,0.0
COC(=O)N1c2ccc3c(nc(Nc4ccc(C#N)cc4)n3[C@H]3CC[C@H](C(=O)O)CC3)c2CC[C@@H]1C,6.26,1,0.0,6.26,6.26,2022,2022,1,1,c1ccc(Nc2nc3c4c(ccc3n2C2CCCCC2)NCCC4)cc1,0.0
COC(=O)N1c2ccc3c(nc(Nc4ccc(C)cc4)n3[C@@H]3CCC[C@@H](C(=O)O)C3)c2CC[C@@H]1C,6.26,1,0.0,6.26,6.26,2022,2022,1,1,c1ccc(Nc2nc3c4c(ccc3n2C2CCCCC2)NCCC4)cc1,0.0
COC(=O)N1c2ccc3c(nc(Nc4ccc(C)cc4)n3[C@H]3CC[C@H](C(=O)O)CC3)c2CC[C@@H]1C,6.26,1,0.0,6.26,6.26,2022,2022,1,1,c1ccc(Nc2nc3c4c(ccc3n2C2CCCCC2)NCCC4)cc1,0.0
COC(=O)N1c2ccc3c(nc(Nc4ccc(Cl)cc4)n3[C@@H]3CCC[C@@H](C(=O)O)C3)c2CC[C@@H]1C,4.3,1,0.0,4.3,4.3,2022,2022,1,1,c1ccc(Nc2nc3c4c(ccc3n2C2CCCCC2)NCCC4)cc1,0.0
COC(=O)N1c2ccc3c(nc(Nc4ccc(Cl)cc4)n3[C@H]3CC[C@H](C(=O)O)CC3)c2CC[C@@H]1C,6.26,1,0.0,6.26,6.26,2022,2022,1,1,c1ccc(Nc2nc3c4c(ccc3n2C2CCCCC2)NCCC4)cc1,0.0
COC(=O)N1c2ccc3c(nc(Nc4ccc(F)c(F)c4)n3[C@@H]3CCC[C@@H](C(=O)O)C3)c2CC[C@@H]1C,6.26,1,0.0,6.26,6.26,2022,2022,1,1,c1ccc(Nc2nc3c4c(ccc3n2C2CCCCC2)NCCC4)cc1,0.0
COC(=O)N1c2ccc3c(nc(Nc4ccc(F)c(F)c4)n3[C@H]3CC[C@H](C(=O)O)CC3)c2CC[C@@H]1C,6.26,1,0.0,6.26,6.26,2022,2022,1,1,c1ccc(Nc2nc3c4c(ccc3n2C2CCCCC2)NCCC4)cc1,0.0
COC(=O)N1c2ccc3c(nc(Nc4ccc(F)c(OC)c4)n3[C@@H]3CCC[C@@H](C(=O)O)C3)c2CC[C@@H]1C,6.26,1,0.0,6.26,6.26,2022,2022,1,1,c1ccc(Nc2nc3c4c(ccc3n2C2CCCCC2)NCCC4)cc1,0.0
COC(=O)N1c2ccc3c(nc(Nc4ccc(F)c(OC)c4)n3[C@H]3CC[C@H](C(=O)O)CC3)c2CC[C@@H]1C,6.26,1,0.0,6.26,6.26,2022,2022,1,1,c1ccc(Nc2nc3c4c(ccc3n2C2CCCCC2)NCCC4)cc1,0.0
COC(=O)N1c2ccc3c(nc(Nc4ccc(F)cc4)n3[C@@H]3CCC[C@@H](C(=O)O)C3)c2CC[C@@H]1C,4.3,1,0.0,4.3,4.3,2022,2022,1,1,c1ccc(Nc2nc3c4c(ccc3n2C2CCCCC2)NCCC4)cc1,0.0
COC(=O)N1c2ccc3c(nc(Nc4ccc(F)cc4)n3[C@H]3CC[C@H](C(=O)O)CC3)c2CC[C@@H]1C,4.3,1,0.0,4.3,4.3,2022,2022,1,1,c1ccc(Nc2nc3c4c(ccc3n2C2CCCCC2)NCCC4)cc1,0.0
COC(=O)N1c2ccc3c(nc(Nc4ccc(OC)cc4)n3[C@@H]3CCC[C@@H](C(=O)O)C3)c2CC[C@@H]1C,4.3,1,0.0,4.3,4.3,2022,2022,1,1,c1ccc(Nc2nc3c4c(ccc3n2C2CCCCC2)NCCC4)cc1,0.0
COC(=O)N1c2ccc3c(nc(Nc4ccc(OC)cc4)n3[C@H]3CC[C@H](C(=O)O)CC3)c2CC[C@@H]1C,6.26,1,0.0,6.26,6.26,2022,2022,1,1,c1ccc(Nc2nc3c4c(ccc3n2C2CCCCC2)NCCC4)cc1,0.0
COC(=O)N1c2ccc3c(nc(Nc4ccc(OC)cc4F)n3[C@@H]3CCC[C@@H](C(=O)O)C3)c2CC[C@@H]1C,4.3,1,0.0,4.3,4.3,2022,2022,1,1,c1ccc(Nc2nc3c4c(ccc3n2C2CCCCC2)NCCC4)cc1,0.0
COC(=O)N1c2ccc3c(nc(Nc4ccc(OC)cc4F)n3[C@H]3CC[C@H](C(=O)O)CC3)c2CC[C@@H]1C,4.3,1,0.0,4.3,4.3,2022,2022,1,1,c1ccc(Nc2nc3c4c(ccc3n2C2CCCCC2)NCCC4)cc1,0.0
COC(=O)N1c2ccc3c(nc(Nc4ccc(OC)nc4)n3[C@@H]3CCC[C@@H](C(=O)O)C3)c2CC[C@@H]1C,6.26,1,0.0,6.26,6.26,2022,2022,1,1,c1cncc(Nc2nc3c4c(ccc3n2C2CCCCC2)NCCC4)c1,0.0
COC(=O)N1c2ccc3c(nc(Nc4ccc5c(C)n[nH]c5c4)n3[C@@H]3CCC[C@@H](C(=O)O)C3)c2CC[C@@H]1C,4.3,1,0.0,4.3,4.3,2022,2022,1,1,c1cc2cn[nH]c2cc1Nc1nc2c3c(ccc2n1C1CCCCC1)NCCC3,0.0
COC(=O)N1c2ccc3c(nc(Nc4ccc5c(C)n[nH]c5c4)n3[C@H]3CC[C@H](C(=O)O)CC3)c2CC[C@@H]1C,6.26,1,0.0,6.26,6.26,2022,2022,1,1,c1cc2cn[nH]c2cc1Nc1nc2c3c(ccc2n1C1CCCCC1)NCCC3,0.0
COC(=O)N1c2ccc3c(nc(Nc4ccc5cn[nH]c5c4)n3[C@@H]3CCC[C@@H](C(=O)O)C3)c2CC[C@@H]1C,6.26,1,0.0,6.26,6.26,2022,2022,1,1,c1cc2cn[nH]c2cc1Nc1nc2c3c(ccc2n1C1CCCCC1)NCCC3,0.0
COC(=O)N1c2ccc3c(nc(Nc4ccc5cn[nH]c5c4)n3[C@H]3CC[C@H](C(=O)O)CC3)c2CC[C@@H]1C,6.26,1,0.0,6.26,6.26,2022,2022,1,1,c1cc2cn[nH]c2cc1Nc1nc2c3c(ccc2n1C1CCCCC1)NCCC3,0.0
COC(=O)N1c2ccc3c(nc(Nc4cccc(C#N)c4)n3[C@@H]3CCC[C@@H](C(=O)O)C3)c2CC[C@@H]1C,6.26,1,0.0,6.26,6.26,2022,2022,1,1,c1ccc(Nc2nc3c4c(ccc3n2C2CCCCC2)NCCC4)cc1,0.0
COC(=O)N1c2ccc3c(nc(Nc4cccc(C#N)c4)n3[C@H]3CC[C@H](C(=O)O)CC3)c2CC[C@@H]1C,6.26,1,0.0,6.26,6.26,2022,2022,1,1,c1ccc(Nc2nc3c4c(ccc3n2C2CCCCC2)NCCC4)cc1,0.0
COC(=O)N1c2ccc3c(nc(Nc4cccc(C)c4)n3[C@@H]3CCC[C@@H](C(=O)O)C3)c2CC[C@@H]1C,6.26,1,0.0,6.26,6.26,2022,2022,1,1,c1ccc(Nc2nc3c4c(ccc3n2C2CCCCC2)NCCC4)cc1,0.0
COC(=O)N1c2ccc3c(nc(Nc4cccc(C)c4)n3[C@H]3CC[C@H](C(=O)O)CC3)c2CC[C@@H]1C,6.26,1,0.0,6.26,6.26,2022,2022,1,1,c1ccc(Nc2nc3c4c(ccc3n2C2CCCCC2)NCCC4)cc1,0.0
COC(=O)N1c2ccc3c(nc(Nc4cccc(Cl)c4)n3[C@@H]3CCC[C@@H](C(=O)O)C3)c2CC[C@@H]1C,6.26,1,0.0,6.26,6.26,2022,2022,1,1,c1ccc(Nc2nc3c4c(ccc3n2C2CCCCC2)NCCC4)cc1,0.0
COC(=O)N1c2ccc3c(nc(Nc4cccc(Cl)c4)n3[C@H]3CC[C@H](C(=O)O)CC3)c2CC[C@@H]1C,6.26,1,0.0,6.26,6.26,2022,2022,1,1,c1ccc(Nc2nc3c4c(ccc3n2C2CCCCC2)NCCC4)cc1,0.0
COC(=O)N1c2ccc3c(nc(Nc4cccc(F)c4)n3[C@@H]3CCC[C@@H](C(=O)O)C3)c2CC[C@@H]1C,4.3,1,0.0,4.3,4.3,2022,2022,1,1,c1ccc(Nc2nc3c4c(ccc3n2C2CCCCC2)NCCC4)cc1,0.0
COC(=O)N1c2ccc3c(nc(Nc4cccc(F)c4)n3[C@H]3CC[C@H](C(=O)O)CC3)c2CC[C@@H]1C,6.26,1,0.0,6.26,6.26,2022,2022,1,1,c1ccc(Nc2nc3c4c(ccc3n2C2CCCCC2)NCCC4)cc1,0.0
COC(=O)N1c2ccc3c(nc(Nc4cccc(OC)c4)n3[C@@H]3CCC[C@@H](C(=O)O)C3)c2CC[C@@H]1C,6.26,1,0.0,6.26,6.26,2022,2022,1,1,c1ccc(Nc2nc3c4c(ccc3n2C2CCCCC2)NCCC4)cc1,0.0
COC(=O)N1c2ccc3c(nc(Nc4cccc(OC)c4)n3[C@H]3CC[C@H](C(=O)O)CC3)c2CC[C@@H]1C,6.26,1,0.0,6.26,6.26,2022,2022,1,1,c1ccc(Nc2nc3c4c(ccc3n2C2CCCCC2)NCCC4)cc1,0.0
COC(=O)N1c2ccc3c(nc(Nc4ccccc4)n3[C@H]3CC[C@H](C(=O)O)CC3)c2CC[C@@H]1C,4.3,1,0.0,4.3,4.3,2022,2022,1,1,c1ccc(Nc2nc3c4c(ccc3n2C2CCCCC2)NCCC4)cc1,0.0
COC(=O)N1c2ccc3c(nc(Nc4ccccc4Cl)n3[C@H]3CC[C@H](C(=O)O)CC3)c2CC[C@@H]1C,6.26,1,0.0,6.26,6.26,2022,2022,1,1,c1ccc(Nc2nc3c4c(ccc3n2C2CCCCC2)NCCC4)cc1,0.0
COC(=O)N1c2ccc3c(nc(Nc4ccccc4OC)n3[C@@H]3CCC[C@@H](C(=O)O)C3)c2CC[C@@H]1C,6.26,1,0.0,6.26,6.26,2022,2022,1,1,c1ccc(Nc2nc3c4c(ccc3n2C2CCCCC2)NCCC4)cc1,0.0
COC(=O)N1c2ccc3c(nc(Nc4ccccc4OC)n3[C@H]3CC[C@H](C(=O)O)CC3)c2CC[C@@H]1C,6.26,1,0.0,6.26,6.26,2022,2022,1,1,c1ccc(Nc2nc3c4c(ccc3n2C2CCCCC2)NCCC4)cc1,0.0
COC(=O)N1c2ccc3c(nc(Nc4ccn(CC(C)(C)O)n4)n3[C@H]3CC[C@H](C(=O)O)CC3)c2CC[C@@H]1C,4.3,1,0.0,4.3,4.3,2022,2022,1,1,c1cc(Nc2nc3c4c(ccc3n2C2CCCCC2)NCCC4)n[nH]1,0.0
COC(=O)N1c2ccc3c(nc(Nc4ccnc(C)c4)n3[C@H]3CC[C@H](C(=O)O)CC3)c2CC[C@@H]1C,4.3,1,0.0,4.3,4.3,2022,2022,1,1,c1cc(Nc2nc3c4c(ccc3n2C2CCCCC2)NCCC4)ccn1,0.0
COC(=O)N1c2ccc3c(nc(Nc4ccncc4F)n3[C@@H]3CCC[C@@H](C(=O)O)C3)c2CC[C@@H]1C,4.3,1,0.0,4.3,4.3,2022,2022,1,1,c1cc(Nc2nc3c4c(ccc3n2C2CCCCC2)NCCC4)ccn1,0.0
COC(=O)N1c2ccc3c(nc(Nc4ccncc4F)n3[C@H]3CC[C@H](C(=O)O)CC3)c2CC[C@@H]1C,4.3,1,0.0,4.3,4.3,2022,2022,1,1,c1cc(Nc2nc3c4c(ccc3n2C2CCCCC2)NCCC4)ccn1,0.0
COC(=O)N1c2ccc3c(nc(OCCC4CCCC4)n3[C@H]3CC[C@H](C(=O)O)CC3)c2CC[C@@H]1C,6.26,1,0.0,6.26,6.26,2022,2022,1,1,c1cc2c(nc(OCCC3CCCC3)n2C2CCCCC2)c2c1NCCC2,0.0
COC(=O)N1c2ccc3c(nc(OCCCc4ccccc4)n3[C@H]3CC[C@H](C(=O)O)CC3)c2CC[C@@H]1C,6.26,1,0.0,6.26,6.26,2022,2022,1,1,c1ccc(CCCOc2nc3c4c(ccc3n2C2CCCCC2)NCCC4)cc1,0.0
COC(=O)N1c2ccc3c(nc(OCCc4ccccc4)n3[C@@H]3CCC[C@@H](C(=O)O)C3)c2CC[C@@H]1C,6.26,1,0.0,6.26,6.26,2022,2022,1,1,c1ccc(CCOc2nc3c4c(ccc3n2C2CCCCC2)NCCC4)cc1,0.0
COC(=O)N1c2ccc3c(nc(OCCc4ccccc4)n3[C@H]3CC[C@H](C(=O)O)CC3)c2CC[C@@H]1C,4.3,1,0.0,4.3,4.3,2022,2022,1,1,c1ccc(CCOc2nc3c4c(ccc3n2C2CCCCC2)NCCC4)cc1,0.0
COC(=O)N1c2ccc3c(nc(OCCn4cc(Cl)cn4)n3[C@@H]3CCC[C@@H](C(=O)O)C3)c2CC[C@@H]1C,4.3,1,0.0,4.3,4.3,2022,2022,1,1,c1cnn(CCOc2nc3c4c(ccc3n2C2CCCCC2)NCCC4)c1,0.0
COC(=O)N1c2ccc3c(nc(OCCn4cc(Cl)cn4)n3[C@H]3CC[C@H](C(=O)O)CC3)c2CC[C@@H]1C,6.26,1,0.0,6.26,6.26,2022,2022,1,1,c1cnn(CCOc2nc3c4c(ccc3n2C2CCCCC2)NCCC4)c1,0.0
COC(=O)N1c2ccc3c(nc(OCc4ccccc4)n3[C@H]3CC[C@H](C(=O)O)CC3)c2CC[C@@H]1C,4.3,1,0.0,4.3,4.3,2022,2022,1,1,c1ccc(COc2nc3c4c(ccc3n2C2CCCCC2)NCCC4)cc1,0.0
COC(=O)N1c2ccc3c(nc(Oc4ccccc4)n3[C@H]3CC[C@H](C(=O)O)CC3)c2CC[C@@H]1C,4.3,1,0.0,4.3,4.3,2022,2022,1,1,c1ccc(Oc2nc3c4c(ccc3n2C2CCCCC2)NCCC4)cc1,0.0
COC(=O)N1c2ccc3c(nc(S(=O)(=O)Cc4ccccc4)n3[C@@H]3CCC[C@@H](C(=O)O)C3)c2CC[C@@H]1C,4.3,1,0.0,4.3,4.3,2022,2022,1,1,O=S(=O)(Cc1ccccc1)c1nc2c3c(ccc2n1C1CCCCC1)NCCC3,0.0
COC(=O)N1c2ccc3c(nc(S(=O)(=O)Cc4ccccc4)n3[C@H]3CC[C@H](C(=O)O)CC3)c2CC[C@@H]1C,4.3,1,0.0,4.3,4.3,2022,2022,1,1,O=S(=O)(Cc1ccccc1)c1nc2c3c(ccc2n1C1CCCCC1)NCCC3,0.0
COC(=O)N1c2ccc3c(nc(S(=O)(=O)c4ccccc4)n3[C@@H]3CCC[C@@H](C(=O)O)C3)c2CC[C@@H]1C,4.3,1,0.0,4.3,4.3,2022,2022,1,1,O=S(=O)(c1ccccc1)c1nc2c3c(ccc2n1C1CCCCC1)NCCC3,0.0
COC(=O)N1c2ccc3c(nc(S(=O)(=O)c4ccccc4)n3[C@H]3CC[C@H](C(=O)O)CC3)c2CC[C@@H]1C,4.3,1,0.0,4.3,4.3,2022,2022,1,1,O=S(=O)(c1ccccc1)c1nc2c3c(ccc2n1C1CCCCC1)NCCC3,0.0
COC(=O)N1c2ccc3c(nc([C@@H](C)Cc4ccccc4)n3[C@H]3CC[C@H](C(=O)O)CC3)c2CC[C@@H]1C,4.3,1,0.0,4.3,4.3,2022,2022,1,1,c1ccc(CCc2nc3c4c(ccc3n2C2CCCCC2)NCCC4)cc1,0.0
COC(=O)N1c2ccc3c(nc([C@@H](C)OC4CCOCC4)n3[C@@H]3CCC[C@@H](C(=O)O)C3)c2CC[C@@H]1C,6.26,1,0.0,6.26,6.26,2022,2022,1,1,c1cc2c(nc(COC3CCOCC3)n2C2CCCCC2)c2c1NCCC2,0.0
COC(=O)N1c2ccc3c(nc([C@@H](C)Oc4ccccc4)n3[C@H]3CC[C@H](C(=O)O)CC3)c2CC[C@@H]1C,4.3,1,0.0,4.3,4.3,2022,2022,1,1,c1ccc(OCc2nc3c4c(ccc3n2C2CCCCC2)NCCC4)cc1,0.0
COC(=O)N1c2ccc3c(nc([C@@H](C)c4ccccc4)n3C)c2CC[C@@H]1C,4.3,1,0.0,4.3,4.3,2022,2022,1,1,c1ccc(Cc2nc3c4c(ccc3[nH]2)NCCC4)cc1,0.0
COC(=O)N1c2ccc3c(nc([C@@H](C)c4ccccc4)n3C3CCNCC3)c2CC[C@@H]1C,4.3,1,0.0,4.3,4.3,2022,2022,1,1,c1ccc(Cc2nc3c4c(ccc3n2C2CCNCC2)NCCC4)cc1,0.0
COC(=O)N1c2ccc3c(nc([C@@H](C)c4ccccc4)n3[C@H]3CC[C@H](C(=O)O)CC3)c2CC[C@@H]1C,4.3,1,0.0,4.3,4.3,2022,2022,1,1,c1ccc(Cc2nc3c4c(ccc3n2C2CCCCC2)NCCC4)cc1,0.0
COC(=O)N1c2ccc3c(nc([C@@H](CO)c4ccccc4)n3C3CCOCC3)c2CC[C@@H]1C,4.3,1,0.0,4.3,4.3,2022,2022,1,1,c1ccc(Cc2nc3c4c(ccc3n2C2CCOCC2)NCCC4)cc1,0.0
COC(=O)N1c2ccc3c(nc([C@@H](O)c4cc(F)cc5cn[nH]c45)n3C3CCC[C@@H](C(=O)O)C3)c2CC[C@@H]1C,6.26,1,0.0,6.26,6.26,2022,2022,1,1,c1cc(Cc2nc3c4c(ccc3n2C2CCCCC2)NCCC4)c2[nH]ncc2c1,0.0
COC(=O)N1c2ccc3c(nc([C@@H](O)c4ccc5c(ccn5C)c4)n3[C@@H]3CCC[C@@H](C(=O)O)C3)c2CC[C@@H]1C,6.26,1,0.0,6.26,6.26,2022,2022,1,1,c1cc2cc(Cc3nc4c5c(ccc4n3C3CCCCC3)NCCC5)ccc2[nH]1,0.0
COC(=O)N1c2ccc3c(nc([C@@H](O)c4ccccc4)n3[C@@H]3CCC[C@@H](C(=O)O)C3)c2CC[C@@H]1C,6.26,1,0.0,6.26,6.26,2022,2022,1,1,c1ccc(Cc2nc3c4c(ccc3n2C2CCCCC2)NCCC4)cc1,0.0
COC(=O)N1c2ccc3c(nc([C@@H](c4ccccc4)S(C)(=O)=O)n3[C@H]3CC[C@H](C(=O)O)CC3)c2CC[C@@H]1C,4.3,1,0.0,4.3,4.3,2022,2022,1,1,c1ccc(Cc2nc3c4c(ccc3n2C2CCCCC2)NCCC4)cc1,0.0
COC(=O)N1c2ccc3c(nc([C@H](C)Cc4ccccc4)n3C)c2CC[C@@H]1C,4.3,1,0.0,4.3,4.3,2022,2022,1,1,c1ccc(CCc2nc3c4c(ccc3[nH]2)NCCC4)cc1,0.0
COC(=O)N1c2ccc3c(nc([C@H](C)Cc4ccccc4)n3[C@H]3CC[C@@H](C(=O)O)CC3)c2CC[C@@H]1C,4.3,1,0.0,4.3,4.3,2022,2022,1,1,c1ccc(CCc2nc3c4c(ccc3n2C2CCCCC2)NCCC4)cc1,0.0
COC(=O)N1c2ccc3c(nc([C@H](C)Cn4cc(Cl)cn4)n3C3CCC4(CC3)CNC4)c2CC[C@@H]1C,4.3,1,0.0,4.3,4.3,2022,2022,1,1,c1cnn(CCc2nc3c4c(ccc3n2C2CCC3(CC2)CNC3)NCCC4)c1,0.0
COC(=O)N1c2ccc3c(nc([C@H](C)Cn4cc(Cl)cn4)n3[C@H]3CC[C@H](C(=O)O)CC3)c2CC[C@@H]1C,4.3,1,0.0,4.3,4.3,2022,2022,1,1,c1cnn(CCc2nc3c4c(ccc3n2C2CCCCC2)NCCC4)c1,0.0
COC(=O)N1c2ccc3c(nc([C@H](C)Oc4ccccc4)n3[C@H]3CC[C@H](C(=O)O)CC3)c2CC[C@@H]1C,6.26,1,0.0,6.26,6.26,2022,2022,1,1,c1ccc(OCc2nc3c4c(ccc3n2C2CCCCC2)NCCC4)cc1,0.0
COC(=O)N1c2ccc3c(nc([C@H](C)c4ccccc4)n3C)c2CC[C@@H]1C,4.3,1,0.0,4.3,4.3,2022,2022,1,1,c1ccc(Cc2nc3c4c(ccc3[nH]2)NCCC4)cc1,0.0
COC(=O)N1c2ccc3c(nc([C@H](C)c4ccccc4)n3C3CCNCC3)c2CC[C@@H]1C,4.3,1,0.0,4.3,4.3,2022,2022,1,1,c1ccc(Cc2nc3c4c(ccc3n2C2CCNCC2)NCCC4)cc1,0.0
COC(=O)N1c2ccc3c(nc([C@H](C)c4ccccc4)n3[C@H]3CC[C@H](C(=O)O)CC3)c2CC[C@@H]1C,4.3,1,0.0,4.3,4.3,2022,2022,1,1,c1ccc(Cc2nc3c4c(ccc3n2C2CCCCC2)NCCC4)cc1,0.0
COC(=O)N1c2ccc3c(nc([C@H](CO)c4ccccc4)n3C3CCOCC3)c2CC[C@@H]1C,4.3,1,0.0,4.3,4.3,2022,2022,1,1,c1ccc(Cc2nc3c4c(ccc3n2C2CCOCC2)NCCC4)cc1,0.0
COC(=O)NC[C@@H]1N=C(c2ccc(Cl)cc2)c2c(sc(C)c2C)-c2c(C)noc21,7.07,1,0.0,7.07,7.07,2013,2013,1,1,c1ccc(C2=NCc3oncc3-c3sccc32)cc1,0.0
COC(=O)NS(=O)(=O)Nc1ccc(NC(C)C)nc1Nc1ccc2[nH]nnc2c1,5.97,1,0.0,5.97,5.97,2022,2022,1,1,c1ccc(Nc2ccc3[nH]nnc3c2)nc1,0.0
COC(=O)[C@@H](Cc1cnc[nH]1)N[C@@]1(c2ccccc2)C(=O)Nc2ccc(-c3c(C)noc3C)cc21,6.58,2,0.0,6.58,6.58,2016,2016,1,2,O=C1Nc2ccc(-c3cnoc3)cc2C1(NCCc1cnc[nH]1)c1ccccc1,0.0
COC(=O)[C@@H]1CCCN1C1(c2ccccc2)C(=O)Nc2ccc(-c3c(C)noc3C)cc21,6.72,2,0.0,6.72,6.72,2016,2016,1,2,O=C1Nc2ccc(-c3cnoc3)cc2C1(c1ccccc1)N1CCCC1,0.0
COC(=O)[C@@H]1CCC[C@@H](n2c(Cc3ccccc3)nc3c4c(ccc32)N(C(=O)OC)[C@@H](C)CC4)C1,4.3,1,0.0,4.3,4.3,2022,2022,1,1,c1ccc(Cc2nc3c4c(ccc3n2C2CCCCC2)NCCC4)cc1,0.0
COC(=O)[C@@H]1CC[C@H](n2c(Cc3ccccc3)nc3c4c(ccc32)N(C(=O)OC)[C@@H](C)CC4)CC1(C)C,4.3,1,0.0,4.3,4.3,2022,2022,1,1,c1ccc(Cc2nc3c4c(ccc3n2C2CCCCC2)NCCC4)cc1,0.0
COC(=O)[C@@H]1C[C@@H](O)CN1C1(c2ccccc2)C(=O)Nc2ccc(-c3c(C)noc3C)cc21,6.07,2,0.0,6.07,6.07,2016,2016,1,2,O=C1Nc2ccc(-c3cnoc3)cc2C1(c1ccccc1)N1CCCC1,0.0
COC(=O)[C@@H]1C[C@H](O)CN1C1(c2ccccc2)C(=O)Nc2ccc(-c3c(C)noc3C)cc21,6.34,2,0.0,6.34,6.34,2016,2016,1,2,O=C1Nc2ccc(-c3cnoc3)cc2C1(c1ccccc1)N1CCCC1,0.0
COC(=O)[C@H](Cc1cnc[nH]1)NC1(c2ccccc2)C(=O)Nc2ccc(-c3c(C)noc3C)cc21,7.05,2,0.0,7.05,7.05,2016,2016,1,2,O=C1Nc2ccc(-c3cnoc3)cc2C1(NCCc1cnc[nH]1)c1ccccc1,0.0
COC(=O)[C@H]1CCCN1[C@@]1(c2ccccc2)C(=O)Nc2ccc(-c3c(C)noc3C)cc21,6.66,2,0.0,6.66,6.66,2016,2016,1,2,O=C1Nc2ccc(-c3cnoc3)cc2C1(c1ccccc1)N1CCCC1,0.0
COC(=O)[C@H]1CC[C@@H](n2c(Cc3ccccc3)nc3c4c(ccc32)N(C(=O)OC)[C@@H](C)CC4)CC1(C)C,4.3,1,0.0,4.3,4.3,2022,2022,1,1,c1ccc(Cc2nc3c4c(ccc3n2C2CCCCC2)NCCC4)cc1,0.0
COC(=O)c1ccc(-c2ccc3c(c2)[C@H](Nc2ccc(C(C)(C)C)cc2)C[C@H](C)N3C(C)=O)cc1,6.2,1,0.0,6.2,6.2,2014,2014,1,1,c1ccc(NC2CCNc3ccc(-c4ccccc4)cc32)cc1,0.0
COC(=O)c1ccc(-c2ccc3c(c2)[C@H](Nc2ccc(F)cc2)C[C@H](C)N3C(C)=O)cc1,6.1,1,0.0,6.1,6.1,2014,2014,1,1,c1ccc(NC2CCNc3ccc(-c4ccccc4)cc32)cc1,0.0
COC(=O)c1ccc(-c2ccc3c(c2)[C@H](Nc2ccc(S(C)(=O)=O)cc2)C[C@H](C)N3C(C)=O)cc1,6.2,1,0.0,6.2,6.2,2014,2014,1,1,c1ccc(NC2CCNc3ccc(-c4ccccc4)cc32)cc1,0.0
COC(=O)c1ccc(-c2ccc3c(c2)[C@H](Nc2ccccc2)C[C@H](C)N3C(C)=O)cc1,5.9,1,0.0,5.9,5.9,2014,2014,1,1,c1ccc(NC2CCNc3ccc(-c4ccccc4)cc32)cc1,0.0
COC(=O)c1ccc(-c2csc3c(=O)cc(N4CCOCC4)oc23)cc1,5.96,2,0.1838477631085022,5.83,6.09,2016,2016,1,2,O=c1cc(N2CCOCC2)oc2c(-c3ccccc3)csc12,0.2599999999999998
COC(=O)c1ccc(-c2nc(=O)n(Cc3c(C)noc3C)c3sc4c(c23)CCC(C(C)(C)C)C4)cc1,5.82,1,0.0,5.82,5.82,2019,2019,1,1,O=c1nc(-c2ccccc2)c2c3c(sc2n1Cc1cnoc1)CCCC3,0.0
COC(=O)c1ccc(/C=C(/C(=O)N2CC(=O)Nc3ccccc32)c2ccccc2)cc1,4.6,1,0.0,4.6,4.6,2015,2015,1,1,O=C1CN(C(=O)C(=Cc2ccccc2)c2ccccc2)c2ccccc2N1,0.0
COC(=O)c1ccc(Cn2c(C)nc3ncc(-c4cn(C)c(=O)c5[nH]ccc45)cc32)cc1,6.7,2,0.0,6.7,6.7,2022,2022,1,2,O=c1[nH]cc(-c2cnc3ncn(Cc4ccccc4)c3c2)c2cc[nH]c12,0.0
COC(=O)c1ccc(Cn2cnc3ccc(-c4c(C)noc4C)cc32)cc1,5.9,1,0.0,5.9,5.9,2013,2013,1,1,c1ccc(Cn2cnc3ccc(-c4cnoc4)cc32)cc1,0.0
COC(=O)c1ccc(Nc2ncc3c(n2)N(C2CCCC2)[C@H](C)C(=O)N3C)c(OC2CCCC2)c1,6.6,1,0.0,6.6,6.6,2018,2018,1,1,O=C1CN(C2CCCC2)c2nc(Nc3ccccc3OC3CCCC3)ncc2N1,0.0
COC(=O)c1ccc(Oc2ccc(F)cc2F)c(-c2ccc3[nH]c(=O)c(C)nc3c2)c1,5.38,1,0.0,5.38,5.38,2023,2023,1,1,O=c1cnc2cc(-c3ccccc3Oc3ccccc3)ccc2[nH]1,0.0
COC(=O)c1ccc2[nH]c(-c3[nH]c(C)c(C(C)=O)c3C)nc2c1,6.15,1,0.0,6.15,6.15,2022,2022,1,1,c1c[nH]c(-c2nc3ccccc3[nH]2)c1,0.0
COC(=O)c1ccc2c(-c3cccc4c3N[C@H](C)CC(=O)N4)cn(C)c2c1,5.19,1,0.0,5.19,5.19,2019,2019,1,1,O=C1CCNc2c(cccc2-c2c[nH]c3ccccc23)N1,0.0
COC(=O)c1ccc2c(c1)nc(NCCCCNC(=O)CC(C)C)c1nnc(C)n12,7.24,1,0.0,7.24,7.24,2021,2021,1,1,c1ccc2c(c1)ncc1nncn12,0.0
COC(=O)c1ccc2c(c1)nc(NCCCCNC(=O)NOC(C)(C)C)c1nnc(C)n12,7.55,1,0.0,7.55,7.55,2021,2021,1,1,c1ccc2c(c1)ncc1nncn12,0.0
COC(=O)c1ccc2nc(-c3ccc(-c4c(C)noc4C)cc3)c(NC(C)(C)C)n2c1,5.79,1,0.0,5.79,5.79,2014,2014,1,1,c1ccn2cc(-c3ccc(-c4cnoc4)cc3)nc2c1,0.0
COC(=O)c1ccc2nc(NCCCCNC(=O)OC(C)(C)C)c3nnc(C)n3c2c1,7.47,1,0.0,7.47,7.47,2021,2021,1,1,c1ccc2c(c1)ncc1nncn12,0.0
COC(=O)c1cccc(-c2ccc3c(c2)[C@H](Nc2ccc(Cl)cc2)C[C@H](C)N3C(C)=O)c1,6.0,1,0.0,6.0,6.0,2014,2014,1,1,c1ccc(NC2CCNc3ccc(-c4ccccc4)cc32)cc1,0.0
COC(=O)c1cccc(Nc2n[nH]c3c2CN(C(C)=O)CC3)c1,4.75,1,0.0,4.75,4.75,2016,2016,1,1,c1ccc(Nc2n[nH]c3c2CNCC3)cc1,0.0
COC(=O)c1cn(C)c(=O)c2ccccc12,4.52,1,0.0,4.52,4.52,2018,2018,1,1,O=c1[nH]ccc2ccccc12,0.0
COC1CN(Cc2cccc(Cn3c(C)cc4c3ccc3nnc(C)n34)c2)C1,5.76,2,0.7071067811865476,5.26,6.26,2017,2019,2,2,c1cc(CN2CCC2)cc(Cn2ccc3c2ccc2nncn23)c1,1.0
COCC(=O)N1CC(n2cc(C)c3c2C(c2ccc(Cl)cc2)N(c2cc(C)c4nnc(C)n4c2)C3=O)C1,7.27,1,0.0,7.27,7.27,2017,2017,1,1,O=C1c2ccn(C3CNC3)c2C(c2ccccc2)N1c1ccc2nncn2c1,0.0
COCC(=O)NCCCCNc1nc2cc(OC)c(OC)cc2n2c(C)nnc12,7.55,1,0.0,7.55,7.55,2021,2021,1,1,c1ccc2c(c1)ncc1nncn12,0.0
COCC(=O)Nc1ccc(-c2csc(=O)[nH]2)cc1S(=O)(=O)NC1CCCC1,6.4,1,0.0,6.4,6.4,2015,2015,1,1,O=c1[nH]c(-c2cccc(S(=O)(=O)NC3CCCC3)c2)cs1,0.0
COCC(C)Nc1ccc(NS(=O)(=O)N(C)C)c(Nc2ccc3[nH]nnc3c2)n1,5.1,1,0.0,5.1,5.1,2022,2022,1,1,c1ccc(Nc2ccc3[nH]nnc3c2)nc1,0.0
COCC(COC)n1c(-c2cc(C)c(=O)n(C)c2)nc2cc(N3CCOCC3)ccc21,6.6,1,0.0,6.6,6.6,2022,2022,1,1,O=c1ccc(-c2nc3cc(N4CCOCC4)ccc3[nH]2)c[nH]1,0.0
COCCC(=O)NCc1cccc(-c2ccc(Nc3nn(CC4CC4)c4c3CN(C(C)=O)CC4)cc2)c1,5.71,1,0.0,5.71,5.71,2017,2017,1,1,c1ccc(-c2ccc(Nc3nn(CC4CC4)c4c3CNCC4)cc2)cc1,0.0
COCCN1CC(c2nc(-c3cccc4nc(-c5cnn(C)c5)c(C(F)F)cc34)c3n2C(C)C(=O)N(C)C3)C1,7.03,1,0.0,7.03,7.03,2021,2021,1,1,O=C1Cn2c(C3CNC3)nc(-c3cccc4nc(-c5cn[nH]c5)ccc34)c2CN1,0.0
COCCN1CCC(Nc2cc(-c3cn(C)nc3Cc3ccccc3)nn3c(C)nnc23)CC1,8.4,2,0.0,8.4,8.4,2016,2016,1,2,c1ccc(Cc2n[nH]cc2-c2cc(NC3CCNCC3)c3nncn3n2)cc1,0.0
COCCN1CCC(Nc2cc(-c3cnn(C)c3Oc3ccccc3)nn3c(C)nnc23)CC1,8.1,2,0.0,8.1,8.1,2016,2016,1,2,c1ccc(Oc2[nH]ncc2-c2cc(NC3CCNCC3)c3nncn3n2)cc1,0.0
COCCN1CCC(Nc2cc(N(C)Cc3ccccc3)nn3c(C)nnc23)CC1,8.52,2,0.0,8.52,8.52,2016,2016,1,2,c1ccc(CNc2cc(NC3CCNCC3)c3nncn3n2)cc1,0.0
COCCN1CCC(Nc2nc(-c3nc4cc(C5=NNC(=O)CC5C)ccc4n3Cc3ccccc3)cn3c(C)nnc23)CC1,8.52,1,0.0,8.52,8.52,2019,2019,1,1,O=C1CCC(c2ccc3c(c2)nc(-c2cn4cnnc4c(NC4CCNCC4)n2)n3Cc2ccccc2)=NN1,0.0
COCCN1CCC(Nc2nc(-c3nc4ccc(N5CCOCC5)cc4n3Cc3ccccc3)cn3c(C)nnc23)CC1,8.15,1,0.0,8.15,8.15,2019,2019,1,1,c1ccc(Cn2c(-c3cn4cnnc4c(NC4CCNCC4)n3)nc3ccc(N4CCOCC4)cc32)cc1,0.0
COCCN1CCC(Nc2nc(-c3nc4ccccc4n3Cc3ccc(F)c(F)c3)cn3c(C)nnc23)CC1,8.05,1,0.0,8.05,8.05,2019,2019,1,1,c1ccc(Cn2c(-c3cn4cnnc4c(NC4CCNCC4)n3)nc3ccccc32)cc1,0.0
COCCN1CCC(Nc2nc(-c3nc4ccccc4n3Cc3ccc(F)cc3)cn3c(C)nnc23)CC1,8.05,1,0.0,8.05,8.05,2019,2019,1,1,c1ccc(Cn2c(-c3cn4cnnc4c(NC4CCNCC4)n3)nc3ccccc32)cc1,0.0
COCCN1CCC(Nc2nc(-c3nc4ccccc4n3Cc3ccccc3)cn3c(C)nnc23)CC1,8.1,1,0.0,8.1,8.1,2019,2019,1,1,c1ccc(Cn2c(-c3cn4cnnc4c(NC4CCNCC4)n3)nc3ccccc32)cc1,0.0
COCCN1CCC(Nc2nc(-c3nc4ccccc4n3[C@@H](C)c3ccccc3)cn3c(C)nnc23)CC1,7.39,1,0.0,7.39,7.39,2019,2019,1,1,c1ccc(Cn2c(-c3cn4cnnc4c(NC4CCNCC4)n3)nc3ccccc32)cc1,0.0
COCCN1CCC(Nc2nc(-c3nc4ccccc4n3[C@H](C)c3ccccc3)cn3c(C)nnc23)CC1,7.31,1,0.0,7.31,7.31,2019,2019,1,1,c1ccc(Cn2c(-c3cn4cnnc4c(NC4CCNCC4)n3)nc3ccccc32)cc1,0.0
COCCNC(=O)C[C@@H]1N=C(c2ccc(Cl)cc2)c2ccccc2-c2c(C)noc21,7.25,1,0.0,7.25,7.25,2016,2016,1,1,c1ccc(C2=NCc3oncc3-c3ccccc32)cc1,0.0
COCCNC1=C(C(=N)C2CC2)C(=O)N(c2cc(C)c(=O)n(C)c2)C1c1ccc(Cl)cc1,7.85,1,0.0,7.85,7.85,2017,2017,1,1,N=C(C1=CC(c2ccccc2)N(c2ccc(=O)[nH]c2)C1=O)C1CC1,0.0
COCCOc1cc(-c2c(C)noc2C)cc(C(O)c2ccccc2)c1,5.86,1,0.0,5.86,5.86,2013,2013,1,1,c1ccc(Cc2cccc(-c3cnoc3)c2)cc1,0.0
COCCOc1cc2c(cc1OC)nc(NCCCCNC(=O)CC(C)C)c1nnc(C)n12,7.23,1,0.0,7.23,7.23,2021,2021,1,1,c1ccc2c(c1)ncc1nncn12,0.0
COCCOc1cc2nc(NCCCCNC(=O)C(C)(C)C)c3nnc(C)n3c2cc1OCCOC,7.43,1,0.0,7.43,7.43,2021,2021,1,1,c1ccc2c(c1)ncc1nncn12,0.0
COCCOc1cc2nc(NCCCCNC(=O)CC(C)(C)C)c3nnc(C)n3c2cc1OCCOC,7.4,1,0.0,7.4,7.4,2021,2021,1,1,c1ccc2c(c1)ncc1nncn12,0.0
COCCOc1cc2nc(NCCCCNC(=O)CC(C)C)c3nnc(C)n3c2cc1OCCOC,7.7,1,0.0,7.7,7.7,2021,2021,1,1,c1ccc2c(c1)ncc1nncn12,0.0
COCCOc1cc2nc(NCCCCNC(=O)NC(C)(C)C)c3nnc(C)n3c2cc1OCCOC,7.39,1,0.0,7.39,7.39,2021,2021,1,1,c1ccc2c(c1)ncc1nncn12,0.0
COCCOc1cc2nc(NCCCCNC(=O)OC(C)(C)C)c3nnc(C)n3c2cc1OCCOC,7.62,1,0.0,7.62,7.62,2021,2021,1,1,c1ccc2c(c1)ncc1nncn12,0.0
COCCOc1cc2nc(NCCCCNC(=O)OC(C)C)c3nnc(C)n3c2cc1OCCOC,7.58,1,0.0,7.58,7.58,2021,2021,1,1,c1ccc2c(c1)ncc1nncn12,0.0
COCCOc1cc2nc(NCCCCNC(=O)OCC(C)C)c3nnc(C)n3c2cc1OCCOC,7.8,1,0.0,7.8,7.8,2021,2021,1,1,c1ccc2c(c1)ncc1nncn12,0.0
COCCOc1cc2nc(NCCCCNC(=O)c3ccc(C)nc3Cl)c3nnc(C)n3c2cc1OCCOC,7.4,1,0.0,7.4,7.4,2021,2021,1,1,O=C(NCCCCNc1nc2ccccc2n2cnnc12)c1cccnc1,0.0
COCCOc1cc2nc(NCCCCNC(=O)c3ccccc3)c3nnc(C)n3c2cc1OCCOC,7.42,1,0.0,7.42,7.42,2021,2021,1,1,O=C(NCCCCNc1nc2ccccc2n2cnnc12)c1ccccc1,0.0
COCCOc1cc2nc(NCCCCNC(=O)c3ccccc3Cl)c3nnc(C)n3c2cc1OCCOC,7.58,1,0.0,7.58,7.58,2021,2021,1,1,O=C(NCCCCNc1nc2ccccc2n2cnnc12)c1ccccc1,0.0
COCCOc1ccc2c(c1)C=CN(C)C(=O)[C@@H]2C,6.3,2,0.2828427124746193,6.1,6.5,2022,2022,1,2,O=C1Cc2ccccc2C=CN1,0.40000000000000036
COCCOc1ccc2c(c1)nc(NCCCCN)c1nnc(C)n12,7.01,1,0.0,7.01,7.01,2021,2021,1,1,c1ccc2c(c1)ncc1nncn12,0.0
COCCOc1ccc2c(c1)nc(NCCCCNC(=O)C(C)(C)C(F)(F)F)c1nnc(C)n12,8.05,1,0.0,8.05,8.05,2021,2021,1,1,c1ccc2c(c1)ncc1nncn12,0.0
COCCOc1ccc2c(c1)nc(NCCCCNC(=O)C(C)(C)C)c1nnc(C)n12,7.68,1,0.0,7.68,7.68,2021,2021,1,1,c1ccc2c(c1)ncc1nncn12,0.0
COCCOc1ccc2c(c1)nc(NCCCCNC(=O)C(C)(C)O)c1nnc(C)n12,7.31,1,0.0,7.31,7.31,2021,2021,1,1,c1ccc2c(c1)ncc1nncn12,0.0
COCCOc1ccc2c(c1)nc(NCCCCNC(=O)C(C)(C)OC(C)=O)c1nnc(C)n12,7.39,1,0.0,7.39,7.39,2021,2021,1,1,c1ccc2c(c1)ncc1nncn12,0.0
COCCOc1ccc2c(c1)nc(NCCCCNC(=O)C(C)C)c1nnc(C)n12,7.36,1,0.0,7.36,7.36,2021,2021,1,1,c1ccc2c(c1)ncc1nncn12,0.0
COCCOc1ccc2c(c1)nc(NCCCCNC(=O)C(NC(=O)OC(C)(C)C)C(C)C)c1nnc(C)n12,8.15,1,0.0,8.15,8.15,2021,2021,1,1,c1ccc2c(c1)ncc1nncn12,0.0
COCCOc1ccc2c(c1)nc(NCCCCNC(=O)C1CC1)c1nnc(C)n12,7.41,1,0.0,7.41,7.41,2021,2021,1,1,O=C(NCCCCNc1nc2ccccc2n2cnnc12)C1CC1,0.0
COCCOc1ccc2c(c1)nc(NCCCCNC(=O)C=C(C)C)c1nnc(C)n12,7.85,1,0.0,7.85,7.85,2021,2021,1,1,c1ccc2c(c1)ncc1nncn12,0.0
COCCOc1ccc2c(c1)nc(NCCCCNC(=O)CC(C)(C)C)c1nnc(C)n12,8.3,1,0.0,8.3,8.3,2021,2021,1,1,c1ccc2c(c1)ncc1nncn12,0.0
COCCOc1ccc2c(c1)nc(NCCCCNC(=O)CC(C)C)c1nnc(C)n12,7.89,1,0.0,7.89,7.89,2021,2021,1,1,c1ccc2c(c1)ncc1nncn12,0.0
COCCOc1ccc2c(c1)nc(NCCCCNC(=O)CCC(C)C)c1nnc(C)n12,8.52,1,0.0,8.52,8.52,2021,2021,1,1,c1ccc2c(c1)ncc1nncn12,0.0
COCCOc1ccc2c(c1)nc(NCCCCNC(=O)CCC1CCCC1)c1nnc(C)n12,8.52,1,0.0,8.52,8.52,2021,2021,1,1,O=C(CCC1CCCC1)NCCCCNc1nc2ccccc2n2cnnc12,0.0
COCCOc1ccc2c(c1)nc(NCCCCNC(=O)COC(C)=O)c1nnc(C)n12,7.11,1,0.0,7.11,7.11,2021,2021,1,1,c1ccc2c(c1)ncc1nncn12,0.0
COCCOc1ccc2c(c1)nc(NCCCCNC(=O)Cc1ccccc1)c1nnc(C)n12,8.7,1,0.0,8.7,8.7,2021,2021,1,1,O=C(Cc1ccccc1)NCCCCNc1nc2ccccc2n2cnnc12,0.0
COCCOc1ccc2c(c1)nc(NCCCCNC(=O)Cc1ccco1)c1nnc(C)n12,8.0,2,0.21213203435596475,7.85,8.15,2021,2021,1,1,O=C(Cc1ccco1)NCCCCNc1nc2ccccc2n2cnnc12,0.3000000000000007
COCCOc1ccc2c(c1)nc(NCCCCNC(=O)NC(C)(C)C)c1nnc(C)n12,7.6,1,0.0,7.6,7.6,2021,2021,1,1,c1ccc2c(c1)ncc1nncn12,0.0
COCCOc1ccc2c(c1)nc(NCCCCNC(=O)NC(C)C)c1nnc(C)n12,8.52,1,0.0,8.52,8.52,2021,2021,1,1,c1ccc2c(c1)ncc1nncn12,0.0
COCCOc1ccc2c(c1)nc(NCCCCNC(=O)NC1CCCCC1)c1nnc(C)n12,7.77,1,0.0,7.77,7.77,2021,2021,1,1,O=C(NCCCCNc1nc2ccccc2n2cnnc12)NC1CCCCC1,0.0
COCCOc1ccc2c(c1)nc(NCCCCNC(=O)Nc1ccccc1)c1nnc(C)n12,7.77,1,0.0,7.77,7.77,2021,2021,1,1,O=C(NCCCCNc1nc2ccccc2n2cnnc12)Nc1ccccc1,0.0
COCCOc1ccc2c(c1)nc(NCCCCNC(=O)OC(C)(C)C)c1nnc(C)n12,7.8,1,0.0,7.8,7.8,2021,2021,1,1,c1ccc2c(c1)ncc1nncn12,0.0
COCCOc1ccc2c(c1)nc(NCCCCNC(=O)OC(C)C)c1nnc(C)n12,8.1,2,0.4242640687119292,7.8,8.4,2021,2021,1,1,c1ccc2c(c1)ncc1nncn12,0.6000000000000005
COCCOc1ccc2c(c1)nc(NCCCCNC(=O)OC1CCCC1)c1nnc(C)n12,8.15,1,0.0,8.15,8.15,2021,2021,1,1,O=C(NCCCCNc1nc2ccccc2n2cnnc12)OC1CCCC1,0.0
COCCOc1ccc2c(c1)nc(NCCCCNC(=O)OCC(C)C)c1nnc(C)n12,7.85,1,0.0,7.85,7.85,2021,2021,1,1,c1ccc2c(c1)ncc1nncn12,0.0
COCCOc1ccc2c(c1)nc(NCCCCNC(=O)OCc1ccccc1)c1nnc(C)n12,7.7,1,0.0,7.7,7.7,2021,2021,1,1,O=C(NCCCCNc1nc2ccccc2n2cnnc12)OCc1ccccc1,0.0
COCCOc1ccc2c(c1)nc(NCCCCNC(=O)Oc1ccccc1)c1nnc(C)n12,8.7,1,0.0,8.7,8.7,2021,2021,1,1,O=C(NCCCCNc1nc2ccccc2n2cnnc12)Oc1ccccc1,0.0
COCCOc1ccc2c(c1)nc(NCCCCNC(=O)[C@@H](N)C(C)C)c1nnc(C)n12,7.54,1,0.0,7.54,7.54,2021,2021,1,1,c1ccc2c(c1)ncc1nncn12,0.0
COCCOc1ccc2c(c1)nc(NCCCCNC(=O)[C@@H](NC(=O)C(C)(C)C)C(C)C)c1nnc(C)n12,7.75,1,0.0,7.75,7.75,2021,2021,1,1,c1ccc2c(c1)ncc1nncn12,0.0
COCCOc1ccc2c(c1)nc(NCCCCNC(=O)[C@@H](NC(=O)CC(C)C)C(C)C)c1nnc(C)n12,7.92,1,0.0,7.92,7.92,2021,2021,1,1,c1ccc2c(c1)ncc1nncn12,0.0
COCCOc1ccc2c(c1)nc(NCCCCNC(=O)[C@@H](NC(=O)OC(C)C)C(C)C)c1nnc(C)n12,9.0,1,0.0,9.0,9.0,2021,2021,1,1,c1ccc2c(c1)ncc1nncn12,0.0
COCCOc1ccc2c(c1)nc(NCCCCNC(=O)[C@@H](NC(=O)OCC(C)C)C(C)C)c1nnc(C)n12,9.0,1,0.0,9.0,9.0,2021,2021,1,1,c1ccc2c(c1)ncc1nncn12,0.0
COCCOc1ccc2c(c1)nc(NCCCCNC(=O)[C@@H](NC(=O)[C@@H](O)C(C)C)C(C)C)c1nnc(C)n12,7.82,1,0.0,7.82,7.82,2021,2021,1,1,c1ccc2c(c1)ncc1nncn12,0.0
COCCOc1ccc2c(c1)nc(NCCCCNC(=O)[C@@H](NC(=O)[C@H](O)C(C)C)C(C)C)c1nnc(C)n12,8.0,1,0.0,8.0,8.0,2021,2021,1,1,c1ccc2c(c1)ncc1nncn12,0.0
COCCOc1ccc2c(c1)nc(NCCCCNC(=O)[C@@H](NS(C)(=O)=O)C(C)C)c1nnc(C)n12,7.85,1,0.0,7.85,7.85,2021,2021,1,1,c1ccc2c(c1)ncc1nncn12,0.0
COCCOc1ccc2c(c1)nc(NCCCCNC(=O)[C@@H](O)C(C)C)c1nnc(C)n12,8.7,1,0.0,8.7,8.7,2021,2021,1,1,c1ccc2c(c1)ncc1nncn12,0.0
COCCOc1ccc2c(c1)nc(NCCCCNC(=O)c1ccc(Cl)cc1)c1nnc(C)n12,7.34,1,0.0,7.34,7.34,2021,2021,1,1,O=C(NCCCCNc1nc2ccccc2n2cnnc12)c1ccccc1,0.0
COCCOc1ccc2c(c1)nc(NCCCCNC(=O)c1cccc(Cl)c1Cl)c1nnc(C)n12,9.0,1,0.0,9.0,9.0,2021,2021,1,1,O=C(NCCCCNc1nc2ccccc2n2cnnc12)c1ccccc1,0.0
COCCOc1ccc2c(c1)nc(NCCCCNC(=O)c1cccc(F)c1)c1nnc(C)n12,7.92,1,0.0,7.92,7.92,2021,2021,1,1,O=C(NCCCCNc1nc2ccccc2n2cnnc12)c1ccccc1,0.0
COCCOc1ccc2c(c1)nc(NCCCCNC(=O)c1ccccc1)c1nnc(C)n12,7.89,1,0.0,7.89,7.89,2021,2021,1,1,O=C(NCCCCNc1nc2ccccc2n2cnnc12)c1ccccc1,0.0
COCCOc1ccc2c(c1)nc(NCCCCNC(=O)c1ccccc1Cl)c1nnc(C)n12,7.72,1,0.0,7.72,7.72,2021,2021,1,1,O=C(NCCCCNc1nc2ccccc2n2cnnc12)c1ccccc1,0.0
COCCOc1ccc2c(c1)nc(NCCCCNC(=O)c1ccccc1F)c1nnc(C)n12,8.05,1,0.0,8.05,8.05,2021,2021,1,1,O=C(NCCCCNc1nc2ccccc2n2cnnc12)c1ccccc1,0.0
COCCOc1ccc2c(c1)nc(NCCCCNC(=O)c1ccccc1OC)c1nnc(C)n12,7.8,1,0.0,7.8,7.8,2021,2021,1,1,O=C(NCCCCNc1nc2ccccc2n2cnnc12)c1ccccc1,0.0
COCCOc1ccc2c(c1)nc(NCCCCNC(=O)c1ccccn1)c1nnc(C)n12,7.28,1,0.0,7.28,7.28,2021,2021,1,1,O=C(NCCCCNc1nc2ccccc2n2cnnc12)c1ccccn1,0.0
COCCOc1ccc2c(c1)nc(NCCCCNC(=O)c1cccnc1)c1nnc(C)n12,7.22,1,0.0,7.22,7.22,2021,2021,1,1,O=C(NCCCCNc1nc2ccccc2n2cnnc12)c1cccnc1,0.0
COCCOc1ccc2c(c1)nc(NCCCCNC(=O)c1ccncc1)c1nnc(C)n12,7.31,1,0.0,7.31,7.31,2021,2021,1,1,O=C(NCCCCNc1nc2ccccc2n2cnnc12)c1ccncc1,0.0
COCCOc1ccc2c(c1)nc(NCCCCNC(C)=O)c1nnc(C)n12,7.04,1,0.0,7.04,7.04,2021,2021,1,1,c1ccc2c(c1)ncc1nncn12,0.0
COCCn1c(-c2[nH]c(C)c(C(C)=O)c2C)nc2ccccc21,5.56,1,0.0,5.56,5.56,2022,2022,1,1,c1c[nH]c(-c2nc3ccccc3[nH]2)c1,0.0
COCCn1c(-c2ccc3c(c2)nc(NCCCCNC(=O)CC(C)C)c2nnc(C)n23)nc2ccccc21,8.15,1,0.0,8.15,8.15,2021,2021,1,1,c1ccc2[nH]c(-c3ccc4c(c3)ncc3nncn34)nc2c1,0.0
COCCn1c(-c2cccc3c2N[C@H](C)CC(=O)N3)cc2ccccc21,5.07,1,0.0,5.07,5.07,2019,2019,1,1,O=C1CCNc2c(cccc2-c2cc3ccccc3[nH]2)N1,0.0
COCCn1c(-c2cn3c(C)nnc3c(NC(C)C)n2)nc2cnc(N3CCOCC3)cc21,7.5,2,0.0,7.5,7.5,2016,2016,1,2,c1nc(N2CCOCC2)cc2[nH]c(-c3cn4cnnc4cn3)nc12,0.0
COCCn1c(-c2cn3c(C)nnc3c(NC(C)C)n2)nc2nc(N3CCOCC3)ccc21,7.31,2,0.0,7.31,7.31,2016,2016,1,2,c1cc2[nH]c(-c3cn4cnnc4cn3)nc2nc1N1CCOCC1,0.0
COCCn1c(=O)n(Cc2ccccc2)c2cc(-c3cc(C)c(=O)n(C)c3)ccc21,7.35,1,0.0,7.35,7.35,2023,2023,1,1,O=c1ccc(-c2ccc3[nH]c(=O)n(Cc4ccccc4)c3c2)c[nH]1,0.0
COCCn1c(C)nc2ccc(-c3cc(C)c(=O)n(C)c3)cc21,6.68,1,0.0,6.68,6.68,2020,2020,1,1,O=c1ccc(-c2ccc3nc[nH]c3c2)c[nH]1,0.0
COCCn1c(C2CC2)nc2ccc(-c3cc(C)c(=O)n(C)c3)cc21,6.55,1,0.0,6.55,6.55,2020,2020,1,1,O=c1ccc(-c2ccc3nc(C4CC4)[nH]c3c2)c[nH]1,0.0
COCCn1c(C2CCOCC2)nc2ccc(-c3cc(C)c(=O)n(C)c3)cc21,6.66,1,0.0,6.66,6.66,2020,2020,1,1,O=c1ccc(-c2ccc3nc(C4CCOCC4)[nH]c3c2)c[nH]1,0.0
COCCn1cc(-c2cc(S(C)(=O)=O)ccc2OCC2CC2)cc(C)c1=O,5.56,1,0.0,5.56,5.56,2018,2018,1,1,O=c1ccc(-c2ccccc2OCC2CC2)c[nH]1,0.0
COCCn1cc(C)c2c1C(c1ccc(Cl)cc1)N(c1cc(C)c3nnc(C)n3c1)C2=O,7.21,1,0.0,7.21,7.21,2017,2017,1,1,O=C1c2cc[nH]c2C(c2ccccc2)N1c1ccc2nncn2c1,0.0
COCCn1nc(C2CC2)c2c1C(c1ccc(Cl)cc1)N(c1cc(C)c3nnc(CF)n3c1)C2=O,7.6,1,0.0,7.6,7.6,2017,2017,1,1,O=C1c2c(C3CC3)n[nH]c2C(c2ccccc2)N1c1ccc2nncn2c1,0.0
COCCn1nc(C2CC2)c2c1[C@@H](c1ccc(Cl)cc1)N(c1cc(C)c3nnc(C)n3c1)C2=O,7.75,1,0.0,7.75,7.75,2017,2017,1,1,O=C1c2c(C3CC3)n[nH]c2C(c2ccccc2)N1c1ccc2nncn2c1,0.0
COCCn1nc(Nc2cccc(C)c2)c2c1CCN(C(C)=O)C2,4.71,1,0.0,4.71,4.71,2017,2017,1,1,c1ccc(Nc2n[nH]c3c2CNCC3)cc1,0.0
COC[C@@H](C)n1c(-c2cn3c(C)nnc3c(NC(C)C)n2)nc2cnc(N3CCOCC3)cc21,6.48,2,0.0,6.48,6.48,2016,2016,1,2,c1nc(N2CCOCC2)cc2[nH]c(-c3cn4cnnc4cn3)nc12,0.0
COC[C@@H](C)n1c(C)nc2ccc(-c3cc(C)c(=O)n(C)c3)cc21,7.01,1,0.0,7.01,7.01,2020,2020,1,1,O=c1ccc(-c2ccc3nc[nH]c3c2)c[nH]1,0.0
COC[C@@H](C)n1c(C2CC2)nc2ccc(-c3cc(C)c(=O)n(C)c3)cc21,7.0,1,0.0,7.0,7.0,2020,2020,1,1,O=c1ccc(-c2ccc3nc(C4CC4)[nH]c3c2)c[nH]1,0.0
COC[C@@H](C)n1c(C2CCOCC2)nc2ccc(-c3cc(C)c(=O)n(C)c3)cc21,7.0,1,0.0,7.0,7.0,2020,2020,1,1,O=c1ccc(-c2ccc3nc(C4CCOCC4)[nH]c3c2)c[nH]1,0.0
COC[C@@H](C)n1c(C2CCOCC2)nc2cnc3cc(-c4c(C)noc4C)c(OC)cc3c21,6.9,1,0.0,6.9,6.9,2022,2022,1,1,c1cc2c(cc1-c1cnoc1)ncc1nc(C3CCOCC3)[nH]c12,0.0
COC[C@@H](C)n1cnc2ccc(-c3cc(C)c(=O)n(C)c3)cc21,6.48,1,0.0,6.48,6.48,2020,2020,1,1,O=c1ccc(-c2ccc3nc[nH]c3c2)c[nH]1,0.0
COC[C@H](C)n1c(-c2cc(C)c(=O)n(C)c2)nc2ccc(C(C)C)cc21,6.76,2,0.0,6.76,6.76,2016,2016,1,2,O=c1ccc(-c2nc3ccccc3[nH]2)c[nH]1,0.0
COC[C@H](C)n1c(-c2cc(C)c(=O)n(C)c2)nc2ccc(C3CCOCC3)cc21,7.02,2,0.0,7.02,7.02,2016,2016,1,2,O=c1ccc(-c2nc3ccc(C4CCOCC4)cc3[nH]2)c[nH]1,0.0
COC[C@H](C)n1c(-c2cc(C)c(=O)n(C)c2)nc2ccc(N)cc21,6.57,2,0.0,6.57,6.57,2016,2016,1,2,O=c1ccc(-c2nc3ccccc3[nH]2)c[nH]1,0.0
COC[C@H](C)n1c(-c2cc(C)c(=O)n(C)c2)nc2ccc(N3CCOC[C@@H]3C)cc21,7.12,2,0.0,7.12,7.12,2016,2016,1,2,O=c1ccc(-c2nc3ccc(N4CCOCC4)cc3[nH]2)c[nH]1,0.0
COC[C@H](C)n1c(-c2cc(C)c(=O)n(C)c2)nc2cnc(N3CCOC[C@@H]3C)cc21,6.99,2,0.0,6.99,6.99,2016,2016,1,2,O=c1ccc(-c2nc3cnc(N4CCOCC4)cc3[nH]2)c[nH]1,0.0
COC[C@H](C)n1c(-c2cc(C)c(=O)n(C)n2)nc2ccc(N3CCOC[C@@H]3C)cc21,7.19,2,0.0,7.19,7.19,2016,2016,1,2,O=c1ccc(-c2nc3ccc(N4CCOCC4)cc3[nH]2)n[nH]1,0.0
COC[C@H](C)n1c(-c2cc(C)c(=O)n(C)n2)nc2cnc(N3CCOC[C@@H]3C)cc21,7.21,2,0.0,7.21,7.21,2016,2016,1,2,O=c1ccc(-c2nc3cnc(N4CCOCC4)cc3[nH]2)n[nH]1,0.0
COC[C@H](C)n1c(-c2cn3c(C)nnc3c(N)n2)nc2cnc(N3CCOCC3)cc21,6.91,2,0.0,6.91,6.91,2016,2016,1,2,c1nc(N2CCOCC2)cc2[nH]c(-c3cn4cnnc4cn3)nc12,0.0
COC[C@H](C)n1c(-c2cn3c(C)nnc3c(NC(C)C)n2)nc2cc3c(cc21)N(C(C)C)C(=O)C3(C)C,7.75,2,0.0,7.75,7.75,2016,2016,1,2,O=C1Cc2cc3nc(-c4cn5cnnc5cn4)[nH]c3cc2N1,0.0
COC[C@H](C)n1c(-c2cn3c(C)nnc3c(NC(C)C)n2)nc2cc3c(cc21)N(C(C)C)S(=O)(=O)C3(C)C,7.77,2,0.0,7.77,7.77,2016,2016,1,2,O=S1(=O)Cc2cc3nc(-c4cn5cnnc5cn4)[nH]c3cc2N1,0.0
COC[C@H](C)n1c(-c2cn3c(C)nnc3c(NC(C)C)n2)nc2cc3c(cc21)N(C)C(=O)C3(C)C,7.66,2,0.0,7.66,7.66,2016,2016,1,2,O=C1Cc2cc3nc(-c4cn5cnnc5cn4)[nH]c3cc2N1,0.0
COC[C@H](C)n1c(-c2cn3c(C)nnc3c(NC(C)C)n2)nc2ccc(C(C)C)cc21,6.91,2,0.0,6.91,6.91,2016,2016,1,2,c1ccc2[nH]c(-c3cn4cnnc4cn3)nc2c1,0.0
COC[C@H](C)n1c(-c2cn3c(C)nnc3c(NC(C)C)n2)nc2ccc(C3CCOCC3)cc21,7.31,2,0.0,7.31,7.31,2016,2016,1,2,c1cc2nc(-c3cn4cnnc4cn3)[nH]c2cc1C1CCOCC1,0.0
COC[C@H](C)n1c(-c2cn3c(C)nnc3c(NC(C)C)n2)nc2ccc(C3CN(C)CCO3)cc21,7.2,2,0.0,7.2,7.2,2016,2016,1,2,c1cc2nc(-c3cn4cnnc4cn3)[nH]c2cc1C1CNCCO1,0.0
COC[C@H](C)n1c(-c2cn3c(C)nnc3c(NC(C)C)n2)nc2ccc(N)cc21,6.8,2,0.0,6.8,6.8,2016,2016,1,2,c1ccc2[nH]c(-c3cn4cnnc4cn3)nc2c1,0.0
COC[C@H](C)n1c(-c2cn3c(C)nnc3c(NC(C)C)n2)nc2ccc(N3CCOCC3)nc21,7.16,2,0.0,7.16,7.16,2016,2016,1,2,c1cc2nc(-c3cn4cnnc4cn3)[nH]c2nc1N1CCOCC1,0.0
COC[C@H](C)n1c(-c2cn3c(C)nnc3c(NC(C)C)n2)nc2ccc(N3CCOC[C@@H]3C)cc21,7.24,2,0.0,7.24,7.24,2016,2016,1,2,c1cc2nc(-c3cn4cnnc4cn3)[nH]c2cc1N1CCOCC1,0.0
COC[C@H](C)n1c(-c2cn3c(C)nnc3c(NC(C)C)n2)nc2cnc(N)cc21,7.16,2,0.0,7.16,7.16,2016,2016,1,2,c1cc2[nH]c(-c3cn4cnnc4cn3)nc2cn1,0.0
COC[C@H](C)n1c(-c2cn3c(C)nnc3c(NC(C)C)n2)nc2cnc(N3CCOCC3)cc21,7.48,2,0.0,7.48,7.48,2016,2016,1,2,c1nc(N2CCOCC2)cc2[nH]c(-c3cn4cnnc4cn3)nc12,0.0
COC[C@H](C)n1c(-c2cn3c(C)nnc3c(NC(C)C)n2)nc2cnc(N3CCOC[C@@H]3C)cc21,7.29,2,0.0,7.29,7.29,2016,2016,1,2,c1nc(N2CCOCC2)cc2[nH]c(-c3cn4cnnc4cn3)nc12,0.0
COCc1ccc(-c2cccc3c2N[C@H](C)CC(=O)N3)cc1,5.07,1,0.0,5.07,5.07,2019,2019,1,1,O=C1CCNc2c(cccc2-c2ccccc2)N1,0.0
COCc1cccc(-c2cccc3c2N[C@H](C)CC(=O)N3)c1,4.98,1,0.0,4.98,4.98,2019,2019,1,1,O=C1CCNc2c(cccc2-c2ccccc2)N1,0.0
COCc1nn(C2CC2)c2c1C(c1ccc(Cl)cc1)N(c1cc(C)c(=O)n(C)c1)C2=O,7.17,1,0.0,7.17,7.17,2015,2015,1,1,O=C1c2c(cnn2C2CC2)C(c2ccccc2)N1c1ccc(=O)[nH]c1,0.0
COCc1nn(C2CC2)c2c1C(c1ccc(Cl)cc1)N(c1cc(C)c3nnc(C)n3c1)C2=O,7.38,1,0.0,7.38,7.38,2015,2015,1,1,O=C1c2c(cnn2C2CC2)C(c2ccccc2)N1c1ccc2nncn2c1,0.0
COCc1nn(C2CC2)c2c1[C@@H](c1ccc(Cl)cc1)N(c1cc(C)c(=O)n(C)c1)C2=O,7.39,1,0.0,7.39,7.39,2015,2015,1,1,O=C1c2c(cnn2C2CC2)C(c2ccccc2)N1c1ccc(=O)[nH]c1,0.0
COCn1cc(C)c2c1C(c1ccc(Cl)cc1)N(c1cc(C)c3nnn(C)c3n1)C2=O,7.92,1,0.0,7.92,7.92,2017,2017,1,1,O=C1c2cc[nH]c2C(c2ccccc2)N1c1ccc2nn[nH]c2n1,0.0
COc1c(-c2cn(C)c(=O)c3[nH]ccc23)ccc2c1[nH]c(=O)n2C,6.26,1,0.0,6.26,6.26,2018,2018,1,1,O=c1[nH]c2ccc(-c3c[nH]c(=O)c4[nH]ccc34)cc2[nH]1,0.0
COc1c(-c2cn(C)c(=O)c3[nH]ccc23)ccc2c1n(CCC#N)c(=O)n2C,6.26,1,0.0,6.26,6.26,2018,2018,1,1,O=c1[nH]c2ccc(-c3c[nH]c(=O)c4[nH]ccc34)cc2[nH]1,0.0
COc1c(-c2cn(C)c(=O)c3[nH]ccc23)ccc2c1n(CCCC#N)c(=O)n2C,6.26,1,0.0,6.26,6.26,2018,2018,1,1,O=c1[nH]c2ccc(-c3c[nH]c(=O)c4[nH]ccc34)cc2[nH]1,0.0
COc1c(-c2cn(C)c(=O)c3[nH]ccc23)ccc2c1n(CCN1CCOCC1)c(=O)n2C,6.26,1,0.0,6.26,6.26,2018,2018,1,1,O=c1[nH]cc(-c2ccc3[nH]c(=O)n(CCN4CCOCC4)c3c2)c2cc[nH]c12,0.0
COc1c(-c2cn(C)c(=O)c3[nH]ccc23)ccc2c1n(CCc1ccccc1)c(=O)n2C,6.26,1,0.0,6.26,6.26,2018,2018,1,1,O=c1[nH]cc(-c2ccc3[nH]c(=O)n(CCc4ccccc4)c3c2)c2cc[nH]c12,0.0
COc1c(C)ccc2c1nc(NCCCCNC(=O)CC(C)C)c1nnc(C)n12,7.21,1,0.0,7.21,7.21,2021,2021,1,1,c1ccc2c(c1)ncc1nncn12,0.0
COc1c(C)ccc2c1nc(NCCCCNC(=O)OC(C)(C)C)c1nnc(C)n12,7.44,1,0.0,7.44,7.44,2021,2021,1,1,c1ccc2c(c1)ncc1nncn12,0.0
COc1c(C)ccc2c1nc(NCCCCNC(=O)OC(C)C)c1nnc(C)n12,7.47,1,0.0,7.47,7.47,2021,2021,1,1,c1ccc2c(c1)ncc1nncn12,0.0
COc1c(C)ccc2c1nc(NCCCCNC(=O)OCC(C)C)c1nnc(C)n12,7.72,1,0.0,7.72,7.72,2021,2021,1,1,c1ccc2c(c1)ncc1nncn12,0.0
COc1c(C)ccc2c1nc(NCCCCNC(=O)[C@@H](O)C(C)C)c1nnc(C)n12,8.22,1,0.0,8.22,8.22,2021,2021,1,1,c1ccc2c(c1)ncc1nncn12,0.0
COc1c(C)ccc2c1nc(NCCCCNC(=O)[C@H](O)C(C)C)c1nnc(C)n12,7.24,1,0.0,7.24,7.24,2021,2021,1,1,c1ccc2c(c1)ncc1nncn12,0.0
COc1c(C)ccc2c1nc(NCCCCNC(=O)c1ccccc1)c1nnc(C)n12,7.29,1,0.0,7.29,7.29,2021,2021,1,1,O=C(NCCCCNc1nc2ccccc2n2cnnc12)c1ccccc1,0.0
COc1c(C)ccc2c1nc(NCCCCNC(=O)c1ccccc1Cl)c1nnc(C)n12,7.28,1,0.0,7.28,7.28,2021,2021,1,1,O=C(NCCCCNc1nc2ccccc2n2cnnc12)c1ccccc1,0.0
COc1c(C)ccc2c1nc(NCCCCNC(=O)c1ccccc1F)c1nnc(C)n12,7.4,1,0.0,7.4,7.4,2021,2021,1,1,O=C(NCCCCNc1nc2ccccc2n2cnnc12)c1ccccc1,0.0
COc1c2c(nn1C)C(=O)N(c1cc(C)c(=O)n(C)c1)C2c1ccc(Cl)cc1,6.89,1,0.0,6.89,6.89,2015,2015,1,1,O=C1c2n[nH]cc2C(c2ccccc2)N1c1ccc(=O)[nH]c1,0.0
COc1cc(-c2c(C)noc2C)cc(C(O)c2ccccc2)c1,5.87,1,0.0,5.87,5.87,2013,2013,1,1,c1ccc(Cc2cccc(-c3cnoc3)c2)cc1,0.0
COc1cc(-c2c(C)noc2C)cc2c1NC(=O)C2(O)c1ccccc1,6.35,2,0.0,6.35,6.35,2016,2016,1,2,O=C1Nc2ccc(-c3cnoc3)cc2C1c1ccccc1,0.0
COc1cc(-c2c(C)noc2C)ccc1-c1nc2cnccn2c1NC(C)(C)C,6.25,1,0.0,6.25,6.25,2014,2014,1,1,c1cn2cc(-c3ccc(-c4cnoc4)cc3)nc2cn1,0.0
COc1cc(-c2c(C)noc2C)ccc1-c1nc2cnccn2c1NC(C)C,6.32,1,0.0,6.32,6.32,2014,2014,1,1,c1cn2cc(-c3ccc(-c4cnoc4)cc3)nc2cn1,0.0
COc1cc(-c2cc(C)c(=O)n(C)c2)cc2c1N(Cc1ccccc1)C(=O)CC2,5.59,1,0.0,5.59,5.59,2020,2020,1,1,O=C1CCc2cc(-c3ccc(=O)[nH]c3)ccc2N1Cc1ccccc1,0.0
COc1cc(-c2ccc3c(c2)nc(CCc2ccccc2)n3CCN2CCOCC2)cccc1=O,6.46,1,0.0,6.46,6.46,2017,2017,1,1,O=c1cccc(-c2ccc3c(c2)nc(CCc2ccccc2)n3CCN2CCOCC2)cc1,0.0
COc1cc(-c2cn(C)c(=O)c3[nH]ccc23)c2c(c1)N(C)CC(C(C)C)O2,6.26,1,0.0,6.26,6.26,2018,2018,1,1,O=c1[nH]cc(-c2cccc3c2OCCN3)c2cc[nH]c12,0.0
COc1cc(-c2cn(C)c(=O)c3[nH]ccc23)c2c(c1)N(CC(=O)N1CCN(C)CC1)C(=O)C(C(C)C)O2,6.26,1,0.0,6.26,6.26,2018,2018,1,1,O=C(CN1C(=O)COc2c(-c3c[nH]c(=O)c4[nH]ccc34)cccc21)N1CCNCC1,0.0
COc1cc(-c2cn(C)c(=O)c3[nH]ccc23)c2c(c1)N(CC(=O)O)C(=O)C(C(C)C)O2,6.26,1,0.0,6.26,6.26,2018,2018,1,1,O=C1COc2c(cccc2-c2c[nH]c(=O)c3[nH]ccc23)N1,0.0
COc1cc(-c2cn(C)c(=O)c3[nH]ccc23)c2c(c1)N(CC(C)C)C(=O)C(C(C)C)O2,6.26,1,0.0,6.26,6.26,2018,2018,1,1,O=C1COc2c(cccc2-c2c[nH]c(=O)c3[nH]ccc23)N1,0.0
COc1cc(-c2cn(C)c(=O)c3[nH]ccc23)c2c(c1)N(CC(N)=O)C(=O)C(C(C)C)O2,6.26,1,0.0,6.26,6.26,2018,2018,1,1,O=C1COc2c(cccc2-c2c[nH]c(=O)c3[nH]ccc23)N1,0.0
COc1cc(-c2nn(C3CCOCC3)c3c2CN(C(C)=O)CC3)c2cnccc2c1,5.05,1,0.0,5.05,5.05,2018,2018,1,1,c1cc(-c2nn(C3CCOCC3)c3c2CNCC3)c2cnccc2c1,0.0
COc1cc(C(=O)N2CC(=O)Nc3ccccc32)cc(-c2ccccc2)c1,4.89,1,0.0,4.89,4.89,2015,2015,1,1,O=C1CN(C(=O)c2cccc(-c3ccccc3)c2)c2ccccc2N1,0.0
COc1cc(C(=O)N2CCC(O)CC2)ccc1Nc1cc2c(cc1C)N(C)C(=O)[C@@H](C)N2C1CCCC1,5.68,1,0.0,5.68,5.68,2019,2019,1,1,O=C1CN(C2CCCC2)c2cc(Nc3ccc(C(=O)N4CCCCC4)cc3)ccc2N1,0.0
COc1cc(C(=O)N2CCC(O)CC2)ccc1Nc1cc2c(cc1F)N(C)C(=O)[C@@H](C)N2C1CCCC1,6.17,1,0.0,6.17,6.17,2019,2019,1,1,O=C1CN(C2CCCC2)c2cc(Nc3ccc(C(=O)N4CCCCC4)cc3)ccc2N1,0.0
COc1cc(C(=O)N2CCC(O)CC2)ccc1Nc1cc2c(cc1OC)N(C)C(=O)[C@@H](C)N2C1CCCC1,5.14,1,0.0,5.14,5.14,2019,2019,1,1,O=C1CN(C2CCCC2)c2cc(Nc3ccc(C(=O)N4CCCCC4)cc3)ccc2N1,0.0
COc1cc(C(=O)N2CCC(O)CC2)ccc1Nc1ccc2c(c1)N(C1CCCC1)[C@H](C)C(=O)N2C,6.96,1,0.0,6.96,6.96,2019,2019,1,1,O=C1CN(C2CCCC2)c2cc(Nc3ccc(C(=O)N4CCCCC4)cc3)ccc2N1,0.0
COc1cc(C(=O)N2CCC(O)CC2)ccc1Nc1ccc2c(n1)N(C1CCC(C)(C)C1)[C@H](C)C(=O)N2C,6.85,1,0.0,6.85,6.85,2019,2019,1,1,O=C1CN(C2CCCC2)c2nc(Nc3ccc(C(=O)N4CCCCC4)cc3)ccc2N1,0.0
COc1cc(C(=O)N2CCC(O)CC2)ccc1Nc1ccc2c(n1)N(C1CCCC1)[C@H](C)C(=O)N2C,7.33,1,0.0,7.33,7.33,2019,2019,1,1,O=C1CN(C2CCCC2)c2nc(Nc3ccc(C(=O)N4CCCCC4)cc3)ccc2N1,0.0
COc1cc(C(=O)N2CCC(O)CC2)ccc1Nc1ccc2c(n1)N(C1CCCCC1)[C@H](C)C(=O)N2C,6.82,1,0.0,6.82,6.82,2019,2019,1,1,O=C1CN(C2CCCCC2)c2nc(Nc3ccc(C(=O)N4CCCCC4)cc3)ccc2N1,0.0
COc1cc(C(=O)N2CCC(O)CC2)ccc1Nc1ccc2c(n1)N(C1CCCCCC1)[C@H](C)C(=O)N2C,6.66,1,0.0,6.66,6.66,2019,2019,1,1,O=C1CN(C2CCCCCC2)c2nc(Nc3ccc(C(=O)N4CCCCC4)cc3)ccc2N1,0.0
COc1cc(C(=O)N2CCC(O)CC2)ccc1Nc1ccc2c(n1)N(C1CCOCC1)[C@H](C)C(=O)N2C,6.85,1,0.0,6.85,6.85,2019,2019,1,1,O=C1CN(C2CCOCC2)c2nc(Nc3ccc(C(=O)N4CCCCC4)cc3)ccc2N1,0.0
COc1cc(C(=O)N2CCC(O)CC2)ccc1Nc1ccc2c(n1)N(Cc1ccccc1)[C@H](C)C(=O)N2C,6.62,1,0.0,6.62,6.62,2019,2019,1,1,O=C1CN(Cc2ccccc2)c2nc(Nc3ccc(C(=O)N4CCCCC4)cc3)ccc2N1,0.0
COc1cc(C(=O)N2CCC(O)CC2)ccc1Nc1ccc2c(n1)N1CCCC[C@@H]1C(=O)N2C,5.14,1,0.0,5.14,5.14,2019,2019,1,1,O=C1Nc2ccc(Nc3ccc(C(=O)N4CCCCC4)cc3)nc2N2CCCCC12,0.0
COc1cc(C(=O)N2CCCCC2)ccc1Nc1ncc2c(n1)N(C1CCCC1)[C@H](C)C(=O)N2C,7.03,1,0.0,7.03,7.03,2018,2018,1,1,O=C1CN(C2CCCC2)c2nc(Nc3ccc(C(=O)N4CCCCC4)cc3)ncc2N1,0.0
COc1cc(C(=O)NC2=CCN(C)C=C2)ccc1Nc1ncc2c(n1)N(C1CCCC1)[C@H](C)C(=O)N2C,7.02,1,0.0,7.02,7.02,2018,2018,1,1,O=C1CN(C2CCCC2)c2nc(Nc3ccc(C(=O)NC4=CCNC=C4)cc3)ncc2N1,0.0
COc1cc(C(=O)NC2CCCCC2)ccc1Nc1ncc2c(n1)N(C1CCCC1)[C@H](C)C(=O)N2C,6.97,1,0.0,6.97,6.97,2018,2018,1,1,O=C1CN(C2CCCC2)c2nc(Nc3ccc(C(=O)NC4CCCCC4)cc3)ncc2N1,0.0
COc1cc(C(=O)NC2CCN(C)CC2)ccc1Nc1ccc2c(n1)N(C1CCCC1)[C@H](C)C(=O)N2C,7.43,1,0.0,7.43,7.43,2019,2019,1,1,O=C1CN(C2CCCC2)c2nc(Nc3ccc(C(=O)NC4CCNCC4)cc3)ccc2N1,0.0
COc1cc(C(=O)NC2CCN(C)CC2)ccc1Nc1ccc2c(n1)N(C1CCOCC1)[C@H](C)C(=O)N2C,7.31,1,0.0,7.31,7.31,2019,2019,1,1,O=C1CN(C2CCOCC2)c2nc(Nc3ccc(C(=O)NC4CCNCC4)cc3)ccc2N1,0.0
COc1cc(C(=O)NC2CCN(C)CC2)ccc1Nc1ccc2c(n1)N1CCCC[C@@H]1C(=O)N2C,5.57,1,0.0,5.57,5.57,2019,2019,1,1,O=C(NC1CCNCC1)c1ccc(Nc2ccc3c(n2)N2CCCCC2C(=O)N3)cc1,0.0
COc1cc(C(=O)NC2CCN(C)CC2)ccc1Nc1ncc(C)c(Nc2cc(OC)c(Cl)c(OC)c2)n1,5.66,1,0.0,5.66,5.66,2023,2023,1,1,O=C(NC1CCNCC1)c1ccc(Nc2nccc(Nc3ccccc3)n2)cc1,0.0
COc1cc(C(=O)NC2CCN(C)CC2)ccc1Nc1ncc2c(n1)N(C(C)C)[C@H](C)C(=O)N2C,6.38,1,0.0,6.38,6.38,2018,2018,1,1,O=C1CNc2nc(Nc3ccc(C(=O)NC4CCNCC4)cc3)ncc2N1,0.0
COc1cc(C(=O)NC2CCN(C)CC2)ccc1Nc1ncc2c(n1)N(C(C)C)[C@H](CC(C)C)C(=O)N2C,4.38,1,0.0,4.38,4.38,2018,2018,1,1,O=C1CNc2nc(Nc3ccc(C(=O)NC4CCNCC4)cc3)ncc2N1,0.0
COc1cc(C(=O)NC2CCN(C)CC2)ccc1Nc1ncc2c(n1)N(C)c1ccccc1C(=O)N2C,5.38,1,0.0,5.38,5.38,2020,2020,1,1,O=C(NC1CCNCC1)c1ccc(Nc2ncc3c(n2)Nc2ccccc2C(=O)N3)cc1,0.0
COc1cc(C(=O)NC2CCN(C)CC2)ccc1Nc1ncc2c(n1)N(C)c1ccccc1C(=O)N2C(C)C,5.62,1,0.0,5.62,5.62,2020,2020,1,1,O=C(NC1CCNCC1)c1ccc(Nc2ncc3c(n2)Nc2ccccc2C(=O)N3)cc1,0.0
COc1cc(C(=O)NC2CCN(C)CC2)ccc1Nc1ncc2c(n1)N(C)c1ccccc1C(=O)N2CC(F)(F)F,5.8,1,0.0,5.8,5.8,2020,2020,1,1,O=C(NC1CCNCC1)c1ccc(Nc2ncc3c(n2)Nc2ccccc2C(=O)N3)cc1,0.0
COc1cc(C(=O)NC2CCN(C)CC2)ccc1Nc1ncc2c(n1)N(C1CCCC1)CC(=O)N2C,5.18,1,0.0,5.18,5.18,2018,2018,1,1,O=C1CN(C2CCCC2)c2nc(Nc3ccc(C(=O)NC4CCNCC4)cc3)ncc2N1,0.0
COc1cc(C(=O)NC2CCN(C)CC2)ccc1Nc1ncc2c(n1)N(C1CCCC1)[C@@H](C)C(=O)N2C,6.97,1,0.0,6.97,6.97,2018,2018,1,1,O=C1CN(C2CCCC2)c2nc(Nc3ccc(C(=O)NC4CCNCC4)cc3)ncc2N1,0.0
COc1cc(C(=O)NC2CCN(C)CC2)ccc1Nc1ncc2c(n1)N(C1CCCC1)[C@H](C)C(=O)N2C,7.08,1,0.0,7.08,7.08,2018,2018,1,1,O=C1CN(C2CCCC2)c2nc(Nc3ccc(C(=O)NC4CCNCC4)cc3)ncc2N1,0.0
COc1cc(C(=O)NC2CCN(C)CC2)ccc1Nc1ncc2c(n1)N(C1CCCC1)[C@H](CC(C)C)C(=O)N2C,4.73,1,0.0,4.73,4.73,2018,2018,1,1,O=C1CN(C2CCCC2)c2nc(Nc3ccc(C(=O)NC4CCNCC4)cc3)ncc2N1,0.0
COc1cc(C(=O)NC2CCN(C)CC2)ccc1Nc1ncc2c(n1)N(C1CCCCC1)[C@H](C)C(=O)N2C,6.51,1,0.0,6.51,6.51,2018,2018,1,1,O=C1CN(C2CCCCC2)c2nc(Nc3ccc(C(=O)NC4CCNCC4)cc3)ncc2N1,0.0
COc1cc(C(=O)NC2CCNCC2)ccc1Nc1ncc2c(n1)N(C1CCCC1)[C@H](C)C(=O)N2C,6.96,1,0.0,6.96,6.96,2018,2018,1,1,O=C1CN(C2CCCC2)c2nc(Nc3ccc(C(=O)NC4CCNCC4)cc3)ncc2N1,0.0
COc1cc(C(=O)NCCN(C)C)ccc1Nc1ncc2c(n1)N(C1CCCC1)[C@H](C)C(=O)N2C,6.98,1,0.0,6.98,6.98,2018,2018,1,1,O=C1CN(C2CCCC2)c2nc(Nc3ccccc3)ncc2N1,0.0
COc1cc(C(=O)NCCc2ccccc2)ccc1Nc1ncc2c(n1)N(C1CCCC1)[C@H](C)C(=O)N2C,6.74,1,0.0,6.74,6.74,2018,2018,1,1,O=C1CN(C2CCCC2)c2nc(Nc3ccc(C(=O)NCCc4ccccc4)cc3)ncc2N1,0.0
COc1cc(C(F)(F)F)cc2c1nc(NCCCCNC(=O)CC(C)C)c1nnc(C)n12,7.33,1,0.0,7.33,7.33,2021,2021,1,1,c1ccc2c(c1)ncc1nncn12,0.0
COc1cc(C(F)(F)F)cc2c1nc(NCCCCNC(=O)OC(C)C)c1nnc(C)n12,7.42,1,0.0,7.42,7.42,2021,2021,1,1,c1ccc2c(c1)ncc1nncn12,0.0
COc1cc(C(F)(F)F)ccc1-c1nc2c([nH]1)C(c1ccc(Cl)cc1)N(c1cc(C)c3nnc(C)n3c1)C2=O,7.52,1,0.0,7.52,7.52,2018,2018,1,1,O=C1c2nc(-c3ccccc3)[nH]c2C(c2ccccc2)N1c1ccc2nncn2c1,0.0
COc1cc(C(F)(F)F)ccc1-c1nc2c(n1C(C)C)C(c1ccc(Cl)cc1)N(c1cc(C)c3nnc(C(F)F)n3c1)C2=O,7.64,1,0.0,7.64,7.64,2018,2018,1,1,O=C1c2nc(-c3ccccc3)[nH]c2C(c2ccccc2)N1c1ccc2nncn2c1,0.0
COc1cc(C)c2c(c1)nc(NCCCCN)c1nnc(C)n12,7.12,1,0.0,7.12,7.12,2021,2021,1,1,c1ccc2c(c1)ncc1nncn12,0.0
COc1cc(C)c2c(c1)nc(NCCCCNC(=O)CC(C)C)c1nnc(C)n12,8.1,1,0.0,8.1,8.1,2021,2021,1,1,c1ccc2c(c1)ncc1nncn12,0.0
COc1cc(C)c2c(c1)nc(NCCCCNC(=O)OC(C)(C)C)c1nnc(C)n12,7.51,1,0.0,7.51,7.51,2021,2021,1,1,c1ccc2c(c1)ncc1nncn12,0.0
COc1cc(C)c2c(c1)nc(NCCCCNC(=O)OC(C)C)c1nnc(C)n12,7.6,1,0.0,7.6,7.6,2021,2021,1,1,c1ccc2c(c1)ncc1nncn12,0.0
COc1cc(C)c2nc(NCCCCN)c3nnc(C)n3c2c1,7.62,1,0.0,7.62,7.62,2021,2021,1,1,c1ccc2c(c1)ncc1nncn12,0.0
COc1cc(C)c2nc(NCCCCNC(=O)CC(C)C)c3nnc(C)n3c2c1,7.55,1,0.0,7.55,7.55,2021,2021,1,1,c1ccc2c(c1)ncc1nncn12,0.0
COc1cc(C)c2nc(NCCCCNC(=O)OC(C)(C)C)c3nnc(C)n3c2c1,7.75,1,0.0,7.75,7.75,2021,2021,1,1,c1ccc2c(c1)ncc1nncn12,0.0
COc1cc(C)c2nc(NCCCCNC(=O)OC(C)C)c3nnc(C)n3c2c1,8.4,1,0.0,8.4,8.4,2021,2021,1,1,c1ccc2c(c1)ncc1nncn12,0.0
COc1cc(Cl)ccc1Oc1ccc(NS(C)(=O)=O)cc1-c1ccc2[nH]c(=O)c(C)nc2c1,5.63,1,0.0,5.63,5.63,2023,2023,1,1,O=c1cnc2cc(-c3ccccc3Oc3ccccc3)ccc2[nH]1,0.0
COc1cc(Cn2ccc3ccc(C4=CNC(=O)C5NC=CC45)cc32)cc(OC)c1,6.25,1,0.0,6.25,6.25,2022,2022,1,1,O=C1NC=C(c2ccc3ccn(Cc4ccccc4)c3c2)C2C=CNC12,0.0
COc1cc(F)c(CS(C)(=O)=O)cc1-c1ccc(=O)n(C)c1,5.56,1,0.0,5.56,5.56,2018,2018,1,1,O=c1ccc(-c2ccccc2)c[nH]1,0.0
COc1cc(F)c(C[S+](C)[O-])cc1-c1ccc(=O)n(C)c1,5.56,1,0.0,5.56,5.56,2021,2021,1,1,O=c1ccc(-c2ccccc2)c[nH]1,0.0
COc1cc(F)ccc1-c1nc2c([nH]1)C(c1ccc(Cl)cc1)N(c1cc(C)c3nnc(C)n3c1)C2=O,7.07,1,0.0,7.07,7.07,2018,2018,1,1,O=C1c2nc(-c3ccccc3)[nH]c2C(c2ccccc2)N1c1ccc2nncn2c1,0.0
COc1cc(N)c(NC(=O)c2ccc3c(c2)nc(NCCCCNC(=O)CC(C)C)c2nnc(C)n23)cc1OC,7.8,1,0.0,7.8,7.8,2021,2021,1,1,O=C(Nc1ccccc1)c1ccc2c(c1)ncc1nncn12,0.0
COc1cc(N2C(=O)c3c(C4CC4)nn(C)c3C2c2ccc(Cl)cc2)cc2c1nnn2C,7.66,1,0.0,7.66,7.66,2017,2017,1,1,O=C1c2c(C3CC3)n[nH]c2C(c2ccccc2)N1c1ccc2nn[nH]c2c1,0.0
COc1cc(N2C(=O)c3c(C4CC4)nn(C)c3C2c2ccc(Cl)cc2)cn2c(C(F)F)nnc12,6.89,1,0.0,6.89,6.89,2017,2017,1,1,O=C1c2c(C3CC3)n[nH]c2C(c2ccccc2)N1c1ccc2nncn2c1,0.0
COc1cc(N2C(=O)c3c(C4CC4)nn(C)c3C2c2ccc(Cl)cc2)cn2c(C)nnc12,7.55,1,0.0,7.55,7.55,2017,2017,1,1,O=C1c2c(C3CC3)n[nH]c2C(c2ccccc2)N1c1ccc2nncn2c1,0.0
COc1cc(N2C(=O)c3c(C4CC4)nn(C)c3[C@H]2c2ccc(Cl)cc2)cn2c(C)nnc12,7.52,1,0.0,7.52,7.52,2017,2017,1,1,O=C1c2c(C3CC3)n[nH]c2C(c2ccccc2)N1c1ccc2nncn2c1,0.0
COc1cc(N2C(=O)c3nc(C)n(C(C)C)c3C2c2ccc(Cl)cc2)cc2c1nnn2C,7.14,1,0.0,7.14,7.14,2018,2018,1,1,O=C1c2nc[nH]c2C(c2ccccc2)N1c1ccc2nn[nH]c2c1,0.0
COc1cc(N2C(=O)c3nc(C4=CCCN(C)C4)n(C(C)C)c3C2c2ccc(Cl)cc2)cc2c1nnn2C,6.92,1,0.0,6.92,6.92,2018,2018,1,1,O=C1c2nc(C3=CCCNC3)[nH]c2C(c2ccccc2)N1c1ccc2nn[nH]c2c1,0.0
COc1cc(N2C(=O)c3nc(C4=CCN(C)CC4)n(C(C)C)c3C2c2ccc(Cl)cc2)cc2c1nnn2C,7.24,1,0.0,7.24,7.24,2018,2018,1,1,O=C1c2nc(C3=CCNCC3)[nH]c2C(c2ccccc2)N1c1ccc2nn[nH]c2c1,0.0
COc1cc(N2C(=O)c3nc(C4=CCOCC4)n(C(C)C)c3C2c2ccc(Cl)cc2)cc2c1nnn2C,7.5,1,0.0,7.5,7.5,2018,2018,1,1,O=C1c2nc(C3=CCOCC3)[nH]c2C(c2ccccc2)N1c1ccc2nn[nH]c2c1,0.0
COc1cc(N2C(=O)c3nc(C4=CCOCC4)n(C(C)C)c3C2c2ccc(Cl)cc2)cn2c(C)nnc12,7.04,1,0.0,7.04,7.04,2018,2018,1,1,O=C1c2nc(C3=CCOCC3)[nH]c2C(c2ccccc2)N1c1ccc2nncn2c1,0.0
COc1cc(N2C(=O)c3nc(C4=CCOCC4)n(C(C)C)c3[C@H]2c2ccc(Cl)cc2)cc2c1nnn2C,7.61,1,0.0,7.61,7.61,2018,2018,1,1,O=C1c2nc(C3=CCOCC3)[nH]c2C(c2ccccc2)N1c1ccc2nn[nH]c2c1,0.0
COc1cc(N2C(=O)c3nc(C4CC4)n(C(C)C)c3C2c2ccc(Cl)cc2)cn2c(C)nnc12,7.39,1,0.0,7.39,7.39,2018,2018,1,1,O=C1c2nc(C3CC3)[nH]c2C(c2ccccc2)N1c1ccc2nncn2c1,0.0
COc1cc(N2C(=O)c3nc(C4CC4)n(C)c3C2c2ccc(Cl)cc2)cn2c(C)nnc12,6.89,1,0.0,6.89,6.89,2018,2018,1,1,O=C1c2nc(C3CC3)[nH]c2C(c2ccccc2)N1c1ccc2nncn2c1,0.0
COc1cc(N2C(=O)c3nc(C4CCN(C)CC4)n(C(C)C)c3C2c2ccc(Cl)cc2)cc2c1nnn2C,7.63,1,0.0,7.63,7.63,2018,2018,1,1,O=C1c2nc(C3CCNCC3)[nH]c2C(c2ccccc2)N1c1ccc2nn[nH]c2c1,0.0
COc1cc(N2C(=O)c3nc(C4CCOCC4)n(C(C)C)c3C2c2ccc(Cl)cc2)cc2c1nnn2C,7.37,1,0.0,7.37,7.37,2018,2018,1,1,O=C1c2nc(C3CCOCC3)[nH]c2C(c2ccccc2)N1c1ccc2nn[nH]c2c1,0.0
COc1cc(N2C(=O)c3nc(C4CCOCC4)n(C(C)C)c3[C@H]2c2ccc(Cl)cc2)cc2c1nnn2C,7.21,1,0.0,7.21,7.21,2018,2018,1,1,O=C1c2nc(C3CCOCC3)[nH]c2C(c2ccccc2)N1c1ccc2nn[nH]c2c1,0.0
COc1cc(N2CCN(C)CC2)ccc1Nc1ncc2c(n1)N(C)c1ccccc1C(=O)N2C,6.05,1,0.0,6.05,6.05,2020,2020,1,1,O=C1Nc2cnc(Nc3ccc(N4CCNCC4)cc3)nc2Nc2ccccc21,0.0
COc1cc(N2CCN(C)CC2)ccc1Nc1ncc2c(n1)N(C)c1ccccc1C(=O)N2C(C)C,5.92,1,0.0,5.92,5.92,2020,2020,1,1,O=C1Nc2cnc(Nc3ccc(N4CCNCC4)cc3)nc2Nc2ccccc21,0.0
COc1cc(N2CCN(C)CC2)ccc1Nc1ncc2ccn(-c3cccc(NS(=O)(=O)C(C)(C)C)c3)c2n1,5.8,1,0.0,5.8,5.8,2022,2022,1,1,c1ccc(-n2ccc3cnc(Nc4ccc(N5CCNCC5)cc4)nc32)cc1,0.0
COc1cc(NS(C)(=O)=O)ccc1Nc1ncc2c(n1)N(C)c1ccccc1C(=O)N2C,6.9,1,0.0,6.9,6.9,2020,2020,1,1,O=C1Nc2cnc(Nc3ccccc3)nc2Nc2ccccc21,0.0
COc1cc(NS(C)(=O)=O)ccc1Nc1ncc2c(n1)N(C)c1ccccc1C(=O)N2C(C)C,5.13,1,0.0,5.13,5.13,2020,2020,1,1,O=C1Nc2cnc(Nc3ccccc3)nc2Nc2ccccc21,0.0
COc1cc(Nc2cc(C)nc(Nc3ccc(N4CCN(C)CC4)cc3)n2)ccc1Cl,5.54,1,0.0,5.54,5.54,2023,2023,1,1,c1ccc(Nc2ccnc(Nc3ccc(N4CCNCC4)cc3)n2)cc1,0.0
COc1cc(Nc2ccnc(Nc3ccc(N4CCN(C)CC4)cc3)n2)ccc1Cl,5.5,1,0.0,5.5,5.5,2023,2023,1,1,c1ccc(Nc2ccnc(Nc3ccc(N4CCNCC4)cc3)n2)cc1,0.0
COc1cc(Nc2nc(Nc3ccc(C(=O)NC4CCN(C)CC4)cc3)ncc2C)cc(OC)c1Cl,5.64,1,0.0,5.64,5.64,2023,2023,1,1,O=C(NC1CCNCC1)c1ccc(Nc2nccc(Nc3ccccc3)n2)cc1,0.0
COc1cc(Nc2nc(Nc3ccc(N4CCN(C)CC4)cc3)nc(C)c2C)cc(OC)c1OC,6.64,1,0.0,6.64,6.64,2023,2023,1,1,c1ccc(Nc2ccnc(Nc3ccc(N4CCNCC4)cc3)n2)cc1,0.0
COc1cc(Nc2nc(Nc3ccc(N4CCN(C)CC4)cc3)nc(C)c2C)ccc1Cl,6.03,1,0.0,6.03,6.03,2023,2023,1,1,c1ccc(Nc2ccnc(Nc3ccc(N4CCNCC4)cc3)n2)cc1,0.0
COc1cc(Nc2nc(Nc3ccc(N4CCN(C)CC4)cc3)nc3ccccc23)ccc1Cl,5.28,3,0.6132971003790356,5.2,6.3,2022,2023,2,3,c1ccc(Nc2nc(Nc3ccc(N4CCNCC4)cc3)nc3ccccc23)cc1,1.0999999999999996
COc1cc(Nc2nc(Nc3ccc(N4CCN(C)CC4)cc3)ncc2C(=O)O)ccc1Cl,4.66,1,0.0,4.66,4.66,2023,2023,1,1,c1ccc(Nc2ccnc(Nc3ccc(N4CCNCC4)cc3)n2)cc1,0.0
COc1cc(Nc2nc(Nc3ccc(N4CCN(C)CC4)cc3)ncc2C(C)C)ccc1Cl,5.13,1,0.0,5.13,5.13,2023,2023,1,1,c1ccc(Nc2ccnc(Nc3ccc(N4CCNCC4)cc3)n2)cc1,0.0
COc1cc(Nc2nc(Nc3ccc(N4CCN(C)CC4)cc3)ncc2C)c(OC)cc1Cl,4.85,1,0.0,4.85,4.85,2023,2023,1,1,c1ccc(Nc2ccnc(Nc3ccc(N4CCNCC4)cc3)n2)cc1,0.0
COc1cc(Nc2nc(Nc3ccc(N4CCN(C)CC4)cc3)ncc2C)cc(OC)c1Cl,7.2,1,0.0,7.2,7.2,2023,2023,1,1,c1ccc(Nc2ccnc(Nc3ccc(N4CCNCC4)cc3)n2)cc1,0.0
COc1cc(Nc2nc(Nc3ccc(N4CCN(C)CC4)cc3)ncc2C)cc(OC)c1OC,6.96,1,0.0,6.96,6.96,2023,2023,1,1,c1ccc(Nc2ccnc(Nc3ccc(N4CCNCC4)cc3)n2)cc1,0.0
COc1cc(Nc2nc(Nc3ccc(N4CCN(C)CC4)cc3)ncc2C)ccc1Cl,6.54,1,0.0,6.54,6.54,2023,2023,1,1,c1ccc(Nc2ccnc(Nc3ccc(N4CCNCC4)cc3)n2)cc1,0.0
COc1cc(Nc2nc(Nc3ccc(N4CCN(C)CC4)cc3)ncc2Cl)c(OC)cc1Cl,4.69,1,0.0,4.69,4.69,2023,2023,1,1,c1ccc(Nc2ccnc(Nc3ccc(N4CCNCC4)cc3)n2)cc1,0.0
COc1cc(Nc2nc(Nc3ccc(N4CCN(C)CC4)cc3)ncc2Cl)cc(OC)c1,5.82,1,0.0,5.82,5.82,2023,2023,1,1,c1ccc(Nc2ccnc(Nc3ccc(N4CCNCC4)cc3)n2)cc1,0.0
COc1cc(Nc2nc(Nc3ccc(N4CCN(C)CC4)cc3)ncc2Cl)cc(OC)c1Cl,5.33,1,0.0,5.33,5.33,2023,2023,1,1,c1ccc(Nc2ccnc(Nc3ccc(N4CCNCC4)cc3)n2)cc1,0.0
COc1cc(Nc2nc(Nc3ccc(N4CCN(C)CC4)cc3)ncc2Cl)cc(OC)c1OC,6.4,1,0.0,6.4,6.4,2023,2023,1,1,c1ccc(Nc2ccnc(Nc3ccc(N4CCNCC4)cc3)n2)cc1,0.0
COc1cc(Nc2nc(Nc3ccc(N4CCN(C)CC4)cc3)ncc2Cl)ccc1Cl,6.27,1,0.0,6.27,6.27,2023,2023,1,1,c1ccc(Nc2ccnc(Nc3ccc(N4CCNCC4)cc3)n2)cc1,0.0
COc1cc(Nc2nc(Nc3ccc(N4CCNCC4)cc3)ncc2Br)ccc1Cl,6.17,1,0.0,6.17,6.17,2023,2023,1,1,c1ccc(Nc2ccnc(Nc3ccc(N4CCNCC4)cc3)n2)cc1,0.0
COc1cc(Nc2nc(Nc3ccc(N4CCNCC4)cc3)ncc2C)ccc1Cl,7.04,1,0.0,7.04,7.04,2023,2023,1,1,c1ccc(Nc2ccnc(Nc3ccc(N4CCNCC4)cc3)n2)cc1,0.0
COc1cc(Nc2ncc(C(F)(F)F)c(Nc3ccc(N4CCN(C)CC4)cc3)n2)ccc1Cl,5.525,2,0.9545941546018393,4.85,6.2,2023,2023,1,1,c1ccc(Nc2nccc(Nc3ccc(N4CCNCC4)cc3)n2)cc1,1.3500000000000005
COc1cc(Nc2ncc3ccn(-c4ccc(F)c(NS(=O)(=O)C(C)(C)C)c4)c3n2)ccc1N1CCN(C)CC1,6.57,1,0.0,6.57,6.57,2022,2022,1,1,c1ccc(-n2ccc3cnc(Nc4ccc(N5CCNCC5)cc4)nc32)cc1,0.0
COc1cc(Nc2ncc3ccn(-c4ccc(F)c(NS(=O)(=O)C5CC5)c4)c3n2)ccc1N1CCN(C)CC1,6.0,1,0.0,6.0,6.0,2022,2022,1,1,O=S(=O)(Nc1cccc(-n2ccc3cnc(Nc4ccc(N5CCNCC5)cc4)nc32)c1)C1CC1,0.0
COc1cc(Nc2ncc3ccn(-c4cccc(NS(=O)(=O)C(C)(C)C)c4)c3n2)ccc1N1CCC(N(C)C)CC1,6.38,1,0.0,6.38,6.38,2022,2022,1,1,c1ccc(-n2ccc3cnc(Nc4ccc(N5CCCCC5)cc4)nc32)cc1,0.0
COc1cc(Nc2ncc3ccn(-c4cccc(NS(=O)(=O)C(C)(C)C)c4)c3n2)ccc1N1CCN(C)CC1,6.63,2,0.3676955262170044,6.37,6.89,2022,2022,1,2,c1ccc(-n2ccc3cnc(Nc4ccc(N5CCNCC5)cc4)nc32)cc1,0.5199999999999996
COc1cc(Nc2ncc3ccn(-c4cccc(NS(=O)(=O)C(C)(C)C)c4)c3n2)ccc1N1CCNCC1,6.645,2,0.3464823227814081,6.4,6.89,2022,2022,1,2,c1ccc(-n2ccc3cnc(Nc4ccc(N5CCNCC5)cc4)nc32)cc1,0.4899999999999993
COc1cc(Nc2ncc3ccn(-c4cccc(NS(=O)(=O)C5CC5)c4)c3n2)ccc1N1CCN(C)CC1,5.74,1,0.0,5.74,5.74,2022,2022,1,1,O=S(=O)(Nc1cccc(-n2ccc3cnc(Nc4ccc(N5CCNCC5)cc4)nc32)c1)C1CC1,0.0
COc1cc(Nc2ncc3scc(-c4cccc(NS(=O)(=O)C(C)(C)C)c4)c3n2)ccc1N1CCC(N(C)C)CC1,6.25,1,0.0,6.25,6.25,2022,2022,1,1,c1ccc(-c2csc3cnc(Nc4ccc(N5CCCCC5)cc4)nc23)cc1,0.0
COc1cc(Nc2ncc3scc(-c4cccc(NS(=O)(=O)C(C)(C)C)c4)c3n2)ccc1N1CCNCC1,6.45,1,0.0,6.45,6.45,2022,2022,1,1,c1ccc(-c2csc3cnc(Nc4ccc(N5CCNCC5)cc4)nc23)cc1,0.0
COc1cc(OC)c(C(=O)Nc2ncnc3[nH]cnc23)cc1OC,6.37,1,0.0,6.37,6.37,2015,2015,1,1,O=C(Nc1ncnc2[nH]cnc12)c1ccccc1,0.0
COc1cc(OC)c2c(=O)cc(-c3cc(C)c(OC[C@H](O)CN4CCN(C)CC4)c(C)c3)oc2c1,5.609999999999999,2,0.7495331880577404,5.08,6.14,2021,2021,1,2,O=c1cc(-c2ccc(OCCCN3CCNCC3)cc2)oc2ccccc12,1.0599999999999996
COc1cc(OC)cc(-c2cccc3c2N[C@H](C)CC(=O)N3)c1,5.8,1,0.0,5.8,5.8,2019,2019,1,1,O=C1CCNc2c(cccc2-c2ccccc2)N1,0.0
COc1cc(OC)cc(C(=O)Nc2ncnc3[nH]cnc23)c1,4.75,1,0.0,4.75,4.75,2015,2015,1,1,O=C(Nc1ncnc2[nH]cnc12)c1ccccc1,0.0
COc1cc2c(NC3CCCCC3)c(C(N)=O)cnc2cc1-c1c(C)noc1C,5.9,1,0.0,5.9,5.9,2012,2012,1,1,c1cc(NC2CCCCC2)c2ccc(-c3cnoc3)cc2n1,0.0
COc1cc2c(Nc3cccc4cccnc34)c(C(N)=O)cnc2cc1-c1c(C)noc1C,6.1,1,0.0,6.1,6.1,2012,2012,1,1,c1cnc2c(Nc3ccnc4cc(-c5cnoc5)ccc34)cccc2c1,0.0
COc1cc2c(Nc3ccccc3F)c(C(N)=O)cnc2cc1-c1c(C)noc1C,6.2,1,0.0,6.2,6.2,2012,2012,1,1,c1ccc(Nc2ccnc3cc(-c4cnoc4)ccc23)cc1,0.0
COc1cc2c(Nc3ccccc3F)ccnc2cc1-c1c(C)noc1C,5.2,1,0.0,5.2,5.2,2012,2012,1,1,c1ccc(Nc2ccnc3cc(-c4cnoc4)ccc23)cc1,0.0
COc1cc2c(cc(C)n2Cc2ccccc2)n2c(C)nnc12,5.76,4,0.5773502691896258,5.26,6.26,2017,2019,2,4,c1ccc(Cn2ccc3c2ccc2nncn23)cc1,1.0
COc1cc2c(cc1-c1c(C)noc1C)ncc1[nH]c(=O)n(-c3ccccc3C(C)(C)C)c12,6.3,1,0.0,6.3,6.3,2012,2012,1,1,O=c1[nH]c2cnc3cc(-c4cnoc4)ccc3c2n1-c1ccccc1,0.0
COc1cc2c(cc1-c1c(C)noc1C)ncc1[nH]c(=O)n(-c3ccccc3F)c12,5.9,1,0.0,5.9,5.9,2012,2012,1,1,O=c1[nH]c2cnc3cc(-c4cnoc4)ccc3c2n1-c1ccccc1,0.0
COc1cc2c(cc1-c1c(C)noc1C)ncc1[nH]c(=O)n(Cc3ccccc3)c12,6.4,1,0.0,6.4,6.4,2012,2012,1,1,O=c1[nH]c2cnc3cc(-c4cnoc4)ccc3c2n1Cc1ccccc1,0.0
COc1cc2c(cc1-c1c(C)noc1C)ncc1[nH]c(=O)n(Cc3ccccn3)c12,6.0,1,0.0,6.0,6.0,2012,2012,1,1,O=c1[nH]c2cnc3cc(-c4cnoc4)ccc3c2n1Cc1ccccn1,0.0
COc1cc2c(cc1-c1c(C)noc1C)ncc1[nH]c(=O)n([C@@H](C)c3ccccc3)c12,5.9,1,0.0,5.9,5.9,2012,2012,1,1,O=c1[nH]c2cnc3cc(-c4cnoc4)ccc3c2n1Cc1ccccc1,0.0
COc1cc2c(cc1-c1c(C)noc1C)ncc1[nH]c(=O)n([C@@H](C)c3ccccn3)c12,5.4,1,0.0,5.4,5.4,2012,2012,1,1,O=c1[nH]c2cnc3cc(-c4cnoc4)ccc3c2n1Cc1ccccn1,0.0
COc1cc2c(cc1-c1c(C)noc1C)ncc1[nH]c(=O)n([C@H](C)c3ccccc3)c12,6.6,1,0.0,6.6,6.6,2012,2012,1,1,O=c1[nH]c2cnc3cc(-c4cnoc4)ccc3c2n1Cc1ccccc1,0.0
COc1cc2c(cc1-c1c(C)noc1C)ncc1[nH]c(=O)n([C@H](C)c3ccccn3)c12,7.359999999999999,2,0.5515432893255069,6.97,7.75,2013,2015,2,2,O=c1[nH]c2cnc3cc(-c4cnoc4)ccc3c2n1Cc1ccccn1,0.7800000000000002
COc1cc2c(cc1-c1cnn(C)c1)CCCN2c1nn([C@H]2CCOC2)c2c1CN(C(C)=O)CC2,5.66,1,0.0,5.66,5.66,2017,2017,1,1,c1cc2c(cc1-c1cn[nH]c1)CCCN2c1nn(C2CCOC2)c2c1CNCC2,0.0
COc1cc2c(cc1C)nc(NCCCCNC(=O)CC(C)C)c1nnc(C)n12,7.28,1,0.0,7.28,7.28,2021,2021,1,1,c1ccc2c(c1)ncc1nncn12,0.0
COc1cc2c(cc1C)nc(NCCCCNC(=O)OCC(C)C)c1nnc(C)n12,7.32,1,0.0,7.32,7.32,2021,2021,1,1,c1ccc2c(c1)ncc1nncn12,0.0
COc1cc2c(cc1C)nc(NCCCCNC(=O)[C@@H](O)C(C)C)c1nnc(C)n12,7.8,1,0.0,7.8,7.8,2021,2021,1,1,c1ccc2c(c1)ncc1nncn12,0.0
COc1cc2c(cc1C)nc(NCCCCNC(=O)[C@H](O)C(C)C)c1nnc(C)n12,7.02,1,0.0,7.02,7.02,2021,2021,1,1,c1ccc2c(c1)ncc1nncn12,0.0
COc1cc2c(cc1C)nc(NCCCCNC(=O)c1ccccc1)c1nnc(C)n12,7.11,1,0.0,7.11,7.11,2021,2021,1,1,O=C(NCCCCNc1nc2ccccc2n2cnnc12)c1ccccc1,0.0
COc1cc2c(cc1C)nc(NCCCCNC(=O)c1ccccc1F)c1nnc(C)n12,7.11,1,0.0,7.11,7.11,2021,2021,1,1,O=C(NCCCCNc1nc2ccccc2n2cnnc12)c1ccccc1,0.0
COc1cc2c(cc1F)nc(NCCCCNC(=O)CC(C)C)c1nnc(C)n12,7.29,1,0.0,7.29,7.29,2021,2021,1,1,c1ccc2c(c1)ncc1nncn12,0.0
COc1cc2c(cc1OC)CC(=O)N(C)C=C2,5.35,2,0.49497474683058373,5.0,5.7,2022,2022,1,2,O=C1Cc2ccccc2C=CN1,0.7000000000000002
COc1cc2c(cc1OC)[C@@H](C)C(=O)N(C)C=C2,6.5,2,0.4242640687119283,6.2,6.8,2022,2022,1,2,O=C1Cc2ccccc2C=CN1,0.5999999999999996
COc1cc2c(cc1OC)[C@@H](C)C(=O)N(C)CC2,5.1,2,0.4242640687119292,4.8,5.4,2022,2022,1,2,O=C1Cc2ccccc2CCN1,0.6000000000000005
COc1cc2c(cc1OC)[C@H](C)C(=O)N(C)C=C2,4.550000000000001,2,0.49497474683058307,4.2,4.9,2022,2022,1,2,O=C1Cc2ccccc2C=CN1,0.7000000000000002
COc1cc2c(cc1OC)[C@H](C)C(=O)N(C)CC2,4.2,1,0.0,4.2,4.2,2022,2022,1,1,O=C1Cc2ccccc2CCN1,0.0
COc1cc2c(cc1OCCN1CCOCC1)nc(NCCCCNC(=O)CC(C)C)c1nnc(C)n12,7.28,1,0.0,7.28,7.28,2021,2021,1,1,c1cc2c(cc1OCCN1CCOCC1)ncc1nncn12,0.0
COc1cc2c(nc(NCCCCNC(=O)CC(C)C)c3nnc(C)n32)c(OC)c1OC,7.16,1,0.0,7.16,7.16,2021,2021,1,1,c1ccc2c(c1)ncc1nncn12,0.0
COc1cc2nc(NCCCCC(=O)NC(C)C)c3nnc(C)n3c2cc1OC,7.54,1,0.0,7.54,7.54,2021,2021,1,1,c1ccc2c(c1)ncc1nncn12,0.0
COc1cc2nc(NCCCCC(=O)NCC(C)C)c3nnc(C)n3c2cc1OC,7.57,1,0.0,7.57,7.57,2021,2021,1,1,c1ccc2c(c1)ncc1nncn12,0.0
COc1cc2nc(NCCCCC(=O)NCc3ccc[nH]3)c3nnc(C)n3c2cc1OC,7.57,1,0.0,7.57,7.57,2021,2021,1,1,O=C(CCCCNc1nc2ccccc2n2cnnc12)NCc1ccc[nH]1,0.0
COc1cc2nc(NCCCCC(=O)NCc3ccccc3)c3nnc(C)n3c2cc1OC,7.64,1,0.0,7.64,7.64,2021,2021,1,1,O=C(CCCCNc1nc2ccccc2n2cnnc12)NCc1ccccc1,0.0
COc1cc2nc(NCCCCC(=O)NCc3ccco3)c3nnc(C)n3c2cc1OC,7.75,1,0.0,7.75,7.75,2021,2021,1,1,O=C(CCCCNc1nc2ccccc2n2cnnc12)NCc1ccco1,0.0
COc1cc2nc(NCCCCCNC(=O)OC(C)(C)C)c3nnc(C)n3c2cc1OC,7.25,1,0.0,7.25,7.25,2021,2021,1,1,c1ccc2c(c1)ncc1nncn12,0.0
COc1cc2nc(NCCCCN)c3nnc(C)n3c2cc1C,7.14,1,0.0,7.14,7.14,2021,2021,1,1,c1ccc2c(c1)ncc1nncn12,0.0
COc1cc2nc(NCCCCNC(=O)C(C)(C)C)c3nnc(C)n3c2cc1C(F)(F)F,7.7,1,0.0,7.7,7.7,2021,2021,1,1,c1ccc2c(c1)ncc1nncn12,0.0
COc1cc2nc(NCCCCNC(=O)C(C)(C)C)c3nnc(C)n3c2cc1OC,7.47,1,0.0,7.47,7.47,2021,2021,1,1,c1ccc2c(c1)ncc1nncn12,0.0
COc1cc2nc(NCCCCNC(=O)C(C)C)c3nnc(C)n3c2cc1OC,7.36,1,0.0,7.36,7.36,2021,2021,1,1,c1ccc2c(c1)ncc1nncn12,0.0
COc1cc2nc(NCCCCNC(=O)C3CC3)c3nnc(C)n3c2cc1OC,7.42,1,0.0,7.42,7.42,2021,2021,1,1,O=C(NCCCCNc1nc2ccccc2n2cnnc12)C1CC1,0.0
COc1cc2nc(NCCCCNC(=O)C=C(C)C)c3nnc(C)n3c2cc1OC,7.75,1,0.0,7.75,7.75,2021,2021,1,1,c1ccc2c(c1)ncc1nncn12,0.0
COc1cc2nc(NCCCCNC(=O)CC(C)(C)C)c3nnc(C)n3c2cc1OC,7.55,1,0.0,7.55,7.55,2021,2021,1,1,c1ccc2c(c1)ncc1nncn12,0.0
COc1cc2nc(NCCCCNC(=O)CC(C)C)c3nnc(C(C)C)n3c2cc1OC,7.47,1,0.0,7.47,7.47,2021,2021,1,1,c1ccc2c(c1)ncc1nncn12,0.0
COc1cc2nc(NCCCCNC(=O)CC(C)C)c3nnc(C(F)(F)F)n3c2cc1OC,7.04,1,0.0,7.04,7.04,2021,2021,1,1,c1ccc2c(c1)ncc1nncn12,0.0
COc1cc2nc(NCCCCNC(=O)CC(C)C)c3nnc(C)n3c2c(OC)c1OC,7.46,1,0.0,7.46,7.46,2021,2021,1,1,c1ccc2c(c1)ncc1nncn12,0.0
COc1cc2nc(NCCCCNC(=O)CC(C)C)c3nnc(C)n3c2cc1C,7.26,1,0.0,7.26,7.26,2021,2021,1,1,c1ccc2c(c1)ncc1nncn12,0.0
COc1cc2nc(NCCCCNC(=O)CC(C)C)c3nnc(C)n3c2cc1C(F)(F)F,7.47,1,0.0,7.47,7.47,2021,2021,1,1,c1ccc2c(c1)ncc1nncn12,0.0
COc1cc2nc(NCCCCNC(=O)CC(C)C)c3nnc(C)n3c2cc1F,7.4,1,0.0,7.4,7.4,2021,2021,1,1,c1ccc2c(c1)ncc1nncn12,0.0
COc1cc2nc(NCCCCNC(=O)CC(C)C)c3nnc(C)n3c2cc1N,7.51,1,0.0,7.51,7.51,2021,2021,1,1,c1ccc2c(c1)ncc1nncn12,0.0
COc1cc2nc(NCCCCNC(=O)CC(C)C)c3nnc(C)n3c2cc1NC(=O)CC(C)(C)C,7.43,1,0.0,7.43,7.43,2021,2021,1,1,c1ccc2c(c1)ncc1nncn12,0.0
COc1cc2nc(NCCCCNC(=O)CC(C)C)c3nnc(C)n3c2cc1NC(=O)CC(C)C,7.5,1,0.0,7.5,7.5,2021,2021,1,1,c1ccc2c(c1)ncc1nncn12,0.0
COc1cc2nc(NCCCCNC(=O)CC(C)C)c3nnc(C)n3c2cc1NC(=O)Cc1ccccc1,8.05,1,0.0,8.05,8.05,2021,2021,1,1,O=C(Cc1ccccc1)Nc1ccc2ncc3nncn3c2c1,0.0
COc1cc2nc(NCCCCNC(=O)CC(C)C)c3nnc(C)n3c2cc1NC(=O)NC(C)C,7.96,1,0.0,7.96,7.96,2021,2021,1,1,c1ccc2c(c1)ncc1nncn12,0.0
COc1cc2nc(NCCCCNC(=O)CC(C)C)c3nnc(C)n3c2cc1NC(=O)Nc1ccccc1,7.55,1,0.0,7.55,7.55,2021,2021,1,1,O=C(Nc1ccccc1)Nc1ccc2ncc3nncn3c2c1,0.0
COc1cc2nc(NCCCCNC(=O)CC(C)C)c3nnc(C)n3c2cc1NN,7.24,1,0.0,7.24,7.24,2021,2021,1,1,c1ccc2c(c1)ncc1nncn12,0.0
COc1cc2nc(NCCCCNC(=O)CC(C)C)c3nnc(C)n3c2cc1NS(=O)(=O)CC(C)C,7.89,1,0.0,7.89,7.89,2021,2021,1,1,c1ccc2c(c1)ncc1nncn12,0.0
COc1cc2nc(NCCCCNC(=O)CC(C)C)c3nnc(C)n3c2cc1OC,7.55,1,0.0,7.55,7.55,2021,2021,1,1,c1ccc2c(c1)ncc1nncn12,0.0
COc1cc2nc(NCCCCNC(=O)CC(C)C)c3nnc(C)n3c2cc1[N+](=O)[O-],7.19,1,0.0,7.19,7.19,2021,2021,1,1,c1ccc2c(c1)ncc1nncn12,0.0
COc1cc2nc(NCCCCNC(=O)CCC(C)C)c3nnc(C)n3c2cc1OC,8.3,1,0.0,8.3,8.3,2021,2021,1,1,c1ccc2c(c1)ncc1nncn12,0.0
COc1cc2nc(NCCCCNC(=O)CCC3CCCC3)c3nnc(C)n3c2cc1OC,8.0,1,0.0,8.0,8.0,2021,2021,1,1,O=C(CCC1CCCC1)NCCCCNc1nc2ccccc2n2cnnc12,0.0
COc1cc2nc(NCCCCNC(=O)COC(C)=O)c3nnc(C)n3c2cc1OC,7.57,1,0.0,7.57,7.57,2021,2021,1,1,c1ccc2c(c1)ncc1nncn12,0.0
COc1cc2nc(NCCCCNC(=O)Cc3ccccc3)c3nnc(C)n3c2cc1OC,7.77,1,0.0,7.77,7.77,2021,2021,1,1,O=C(Cc1ccccc1)NCCCCNc1nc2ccccc2n2cnnc12,0.0
COc1cc2nc(NCCCCNC(=O)Cc3ccco3)c3nnc(C)n3c2cc1OC,7.57,1,0.0,7.57,7.57,2021,2021,1,1,O=C(Cc1ccco1)NCCCCNc1nc2ccccc2n2cnnc12,0.0
COc1cc2nc(NCCCCNC(=O)Cc3cccs3)c3nnc(C)n3c2cc1C(F)(F)F,8.05,1,0.0,8.05,8.05,2021,2021,1,1,O=C(Cc1cccs1)NCCCCNc1nc2ccccc2n2cnnc12,0.0
COc1cc2nc(NCCCCNC(=O)Cc3cccs3)c3nnc(C)n3c2cc1OC,7.85,1,0.0,7.85,7.85,2021,2021,1,1,O=C(Cc1cccs1)NCCCCNc1nc2ccccc2n2cnnc12,0.0
COc1cc2nc(NCCCCNC(=O)N3CCOCC3)c3nnc(C)n3c2cc1OC,7.39,1,0.0,7.39,7.39,2021,2021,1,1,O=C(NCCCCNc1nc2ccccc2n2cnnc12)N1CCOCC1,0.0
COc1cc2nc(NCCCCNC(=O)NC(C)(C)C)c3nnc(C)n3c2cc1OC,7.75,1,0.0,7.75,7.75,2021,2021,1,1,c1ccc2c(c1)ncc1nncn12,0.0
COc1cc2nc(NCCCCNC(=O)NC(C)C)c3nnc(C)n3c2cc1OC,7.2,1,0.0,7.2,7.2,2021,2021,1,1,c1ccc2c(c1)ncc1nncn12,0.0
COc1cc2nc(NCCCCNC(=O)NC3CCCCC3)c3nnc(C)n3c2cc1C(F)(F)F,7.7,1,0.0,7.7,7.7,2021,2021,1,1,O=C(NCCCCNc1nc2ccccc2n2cnnc12)NC1CCCCC1,0.0
COc1cc2nc(NCCCCNC(=O)NC3CCCCC3)c3nnc(C)n3c2cc1OC,7.41,1,0.0,7.41,7.41,2021,2021,1,1,O=C(NCCCCNc1nc2ccccc2n2cnnc12)NC1CCCCC1,0.0
COc1cc2nc(NCCCCNC(=O)Nc3ccccc3)c3nnc(C)n3c2cc1OC,7.24,1,0.0,7.24,7.24,2021,2021,1,1,O=C(NCCCCNc1nc2ccccc2n2cnnc12)Nc1ccccc1,0.0
COc1cc2nc(NCCCCNC(=O)OC(C)(C)C)c3nnc(C)n3c2cc1C,7.21,1,0.0,7.21,7.21,2021,2021,1,1,c1ccc2c(c1)ncc1nncn12,0.0
COc1cc2nc(NCCCCNC(=O)OC(C)(C)C)c3nnc(C)n3c2cc1OC,7.475,2,0.3181980515339462,7.25,7.7,2021,2021,1,1,c1ccc2c(c1)ncc1nncn12,0.4500000000000002
COc1cc2nc(NCCCCNC(=O)OC(C)C)c3nnc(C(C)C)n3c2cc1OC,7.25,1,0.0,7.25,7.25,2021,2021,1,1,c1ccc2c(c1)ncc1nncn12,0.0
COc1cc2nc(NCCCCNC(=O)OC(C)C)c3nnc(C)n3c2cc1C,7.64,1,0.0,7.64,7.64,2021,2021,1,1,c1ccc2c(c1)ncc1nncn12,0.0
COc1cc2nc(NCCCCNC(=O)OC(C)C)c3nnc(C)n3c2cc1OC,7.92,1,0.0,7.92,7.92,2021,2021,1,1,c1ccc2c(c1)ncc1nncn12,0.0
COc1cc2nc(NCCCCNC(=O)OC3CCCC3)c3nnc(C)n3c2cc1OC,7.89,1,0.0,7.89,7.89,2021,2021,1,1,O=C(NCCCCNc1nc2ccccc2n2cnnc12)OC1CCCC1,0.0
COc1cc2nc(NCCCCNC(=O)OCC(C)C)c3nnc(C(C)C)n3c2cc1OC,7.24,1,0.0,7.24,7.24,2021,2021,1,1,c1ccc2c(c1)ncc1nncn12,0.0
COc1cc2nc(NCCCCNC(=O)OCC(C)C)c3nnc(C)n3c2cc1C,7.66,1,0.0,7.66,7.66,2021,2021,1,1,c1ccc2c(c1)ncc1nncn12,0.0
COc1cc2nc(NCCCCNC(=O)OCC(C)C)c3nnc(C)n3c2cc1C(F)(F)F,7.36,1,0.0,7.36,7.36,2021,2021,1,1,c1ccc2c(c1)ncc1nncn12,0.0
COc1cc2nc(NCCCCNC(=O)OCC(C)C)c3nnc(C)n3c2cc1OC,8.15,1,0.0,8.15,8.15,2021,2021,1,1,c1ccc2c(c1)ncc1nncn12,0.0
COc1cc2nc(NCCCCNC(=O)OCc3ccccc3)c3nnc(C)n3c2cc1OC,7.42,1,0.0,7.42,7.42,2021,2021,1,1,O=C(NCCCCNc1nc2ccccc2n2cnnc12)OCc1ccccc1,0.0
COc1cc2nc(NCCCCNC(=O)Oc3ccccc3)c3nnc(C)n3c2cc1OC,7.72,1,0.0,7.72,7.72,2021,2021,1,1,O=C(NCCCCNc1nc2ccccc2n2cnnc12)Oc1ccccc1,0.0
COc1cc2nc(NCCCCNC(=O)SC(C)C)c3nnc(C)n3c2cc1OC,7.46,1,0.0,7.46,7.46,2021,2021,1,1,c1ccc2c(c1)ncc1nncn12,0.0
COc1cc2nc(NCCCCNC(=O)[C@@H](O)C(C)C)c3nnc(C)n3c2cc1C(F)(F)F,8.3,1,0.0,8.3,8.3,2021,2021,1,1,c1ccc2c(c1)ncc1nncn12,0.0
COc1cc2nc(NCCCCNC(=O)[C@@H](O)C(C)C)c3nnc(C)n3c2cc1OC,8.7,1,0.0,8.7,8.7,2021,2021,1,1,c1ccc2c(c1)ncc1nncn12,0.0
COc1cc2nc(NCCCCNC(=O)[C@H](O)C(C)C)c3nnc(C)n3c2cc1C(F)(F)F,7.36,1,0.0,7.36,7.36,2021,2021,1,1,c1ccc2c(c1)ncc1nncn12,0.0
COc1cc2nc(NCCCCNC(=O)[C@H](O)C(C)C)c3nnc(C)n3c2cc1OC,7.92,1,0.0,7.92,7.92,2021,2021,1,1,c1ccc2c(c1)ncc1nncn12,0.0
COc1cc2nc(NCCCCNC(=O)c3ccc(C(C)(C)C)cc3)c3nnc(C)n3c2cc1OC,7.82,1,0.0,7.82,7.82,2021,2021,1,1,O=C(NCCCCNc1nc2ccccc2n2cnnc12)c1ccccc1,0.0
COc1cc2nc(NCCCCNC(=O)c3ccc(Cl)cc3)c3nnc(C)n3c2cc1OC,7.16,1,0.0,7.16,7.16,2021,2021,1,1,O=C(NCCCCNc1nc2ccccc2n2cnnc12)c1ccccc1,0.0
COc1cc2nc(NCCCCNC(=O)c3ccc(F)cc3)c3nnc(C)n3c2cc1OC,7.33,1,0.0,7.33,7.33,2021,2021,1,1,O=C(NCCCCNc1nc2ccccc2n2cnnc12)c1ccccc1,0.0
COc1cc2nc(NCCCCNC(=O)c3ccc([N+](=O)[O-])cc3)c3nnc(C)n3c2cc1OC,7.29,1,0.0,7.29,7.29,2021,2021,1,1,O=C(NCCCCNc1nc2ccccc2n2cnnc12)c1ccccc1,0.0
COc1cc2nc(NCCCCNC(=O)c3cccc(Cl)c3Cl)c3nnc(C)n3c2cc1OC,7.72,1,0.0,7.72,7.72,2021,2021,1,1,O=C(NCCCCNc1nc2ccccc2n2cnnc12)c1ccccc1,0.0
COc1cc2nc(NCCCCNC(=O)c3ccccc3)c3nnc(C)n3c2cc1OC,7.44,1,0.0,7.44,7.44,2021,2021,1,1,O=C(NCCCCNc1nc2ccccc2n2cnnc12)c1ccccc1,0.0
COc1cc2nc(NCCCCNC(=O)c3ccccc3Cl)c3nnc(C)n3c2cc1C,7.2,1,0.0,7.2,7.2,2021,2021,1,1,O=C(NCCCCNc1nc2ccccc2n2cnnc12)c1ccccc1,0.0
COc1cc2nc(NCCCCNC(=O)c3ccccc3Cl)c3nnc(C)n3c2cc1C(F)(F)F,7.29,1,0.0,7.29,7.29,2021,2021,1,1,O=C(NCCCCNc1nc2ccccc2n2cnnc12)c1ccccc1,0.0
COc1cc2nc(NCCCCNC(=O)c3ccccc3Cl)c3nnc(C)n3c2cc1OC,7.68,1,0.0,7.68,7.68,2021,2021,1,1,O=C(NCCCCNc1nc2ccccc2n2cnnc12)c1ccccc1,0.0
COc1cc2nc(NCCCCNC(=O)c3ccccc3F)c3nnc(C)n3c2cc1OC,7.55,1,0.0,7.55,7.55,2021,2021,1,1,O=C(NCCCCNc1nc2ccccc2n2cnnc12)c1ccccc1,0.0
COc1cc2nc(NCCCCNC(=O)c3ccccc3OC)c3nnc(C)n3c2cc1OC,7.62,1,0.0,7.62,7.62,2021,2021,1,1,O=C(NCCCCNc1nc2ccccc2n2cnnc12)c1ccccc1,0.0
COc1cc2nc(NCCCCNC(=O)c3ccccn3)c3nnc(C)n3c2cc1OC,7.22,1,0.0,7.22,7.22,2021,2021,1,1,O=C(NCCCCNc1nc2ccccc2n2cnnc12)c1ccccn1,0.0
COc1cc2nc(NCCCCNC(=O)c3cccnc3Cl)c3nnc(C)n3c2cc1OC,7.77,1,0.0,7.77,7.77,2021,2021,1,1,O=C(NCCCCNc1nc2ccccc2n2cnnc12)c1cccnc1,0.0
COc1ccc(-c2c(-c3nc4cc(N5CCN(C)CC5)ccc4[nH]3)[nH]c(C)c2C(C)=O)cc1,7.35,1,0.0,7.35,7.35,2022,2022,1,1,c1ccc(-c2cc[nH]c2-c2nc3cc(N4CCNCC4)ccc3[nH]2)cc1,0.0
COc1ccc(-c2c(-c3nc4cc(N5CCN(C)CC5)ccc4[nH]3)[nH]c(C)c2C(C)=O)cc1F,7.04,1,0.0,7.04,7.04,2022,2022,1,1,c1ccc(-c2cc[nH]c2-c2nc3cc(N4CCNCC4)ccc3[nH]2)cc1,0.0
COc1ccc(-c2c(-c3nc4cc(N5CCN(C)CC5)ccc4[nH]3)[nH]c(C)c2C(C)=O)cc1OC,6.58,1,0.0,6.58,6.58,2022,2022,1,1,c1ccc(-c2cc[nH]c2-c2nc3cc(N4CCNCC4)ccc3[nH]2)cc1,0.0
COc1ccc(-c2cc(-c3ccc(-c4c(C)noc4C)cc3)nc(-c3ccccc3)n2)cc1,4.16,1,0.0,4.16,4.16,2014,2014,1,1,c1ccc(-c2cc(-c3ccc(-c4cnoc4)cc3)nc(-c3ccccc3)n2)cc1,0.0
COc1ccc(-c2cc(N)c(=O)n(C)c2)cc1NS(C)(=O)=O,5.56,1,0.0,5.56,5.56,2018,2018,1,1,O=c1ccc(-c2ccccc2)c[nH]1,0.0
COc1ccc(-c2cc(N)c(=O)n(C)c2)cc1N[S+](C)[O-],5.56,1,0.0,5.56,5.56,2021,2021,1,1,O=c1ccc(-c2ccccc2)c[nH]1,0.0
COc1ccc(-c2cc(NCC3CC3)c(=O)n(C)c2)cc1NS(C)(=O)=O,5.56,1,0.0,5.56,5.56,2018,2018,1,1,O=c1[nH]cc(-c2ccccc2)cc1NCC1CC1,0.0
COc1ccc(-c2cc(NCC3CC3)c(=O)n(C)c2)cc1N[S+](C)[O-],5.56,1,0.0,5.56,5.56,2021,2021,1,1,O=c1[nH]cc(-c2ccccc2)cc1NCC1CC1,0.0
COc1ccc(-c2cc3c(n2C)C(c2ccc(Cl)cc2)N(c2cc(C)c(=O)n(C)c2)C3=O)cn1,7.38,1,0.0,7.38,7.38,2017,2017,1,1,O=C1c2cc(-c3cccnc3)[nH]c2C(c2ccccc2)N1c1ccc(=O)[nH]c1,0.0
COc1ccc(-c2ccc(Nc3nn(C)c4c3CN(C(C)=O)CC4)cc2)cc1,5.45,1,0.0,5.45,5.45,2017,2017,1,1,c1ccc(-c2ccc(Nc3n[nH]c4c3CNCC4)cc2)cc1,0.0
COc1ccc(-c2ccc3c(c2)[C@H](Nc2ccccc2)CCN3C(C)=O)cc1,5.6,1,0.0,5.6,5.6,2014,2014,1,1,c1ccc(NC2CCNc3ccc(-c4ccccc4)cc32)cc1,0.0
COc1ccc(-c2ccc3c(c2)[C@H](Nc2ccccc2)C[C@H](C)N3C(C)=O)cc1,6.2,1,0.0,6.2,6.2,2014,2014,1,1,c1ccc(NC2CCNc3ccc(-c4ccccc4)cc32)cc1,0.0
COc1ccc(-c2cccc3c2N[C@H](C)CC(=O)N3)cc1OC,4.92,1,0.0,4.92,4.92,2016,2016,1,1,O=C1CCNc2c(cccc2-c2ccccc2)N1,0.0
COc1ccc(-c2cccc3c2N[C@H](C)CC(=O)N3)cn1,4.96,1,0.0,4.96,4.96,2019,2019,1,1,O=C1CCNc2c(cccc2-c2cccnc2)N1,0.0
COc1ccc(-c2cn(C)c(=O)c3[nH]c(C(=O)NCc4ccc(C(=O)Nc5ccccc5N)cc4)cc23)cc1,7.3,2,0.12727922061357835,7.21,7.39,2021,2021,1,2,O=C(Nc1ccccc1)c1ccc(CNC(=O)c2cc3c(-c4ccccc4)c[nH]c(=O)c3[nH]2)cc1,0.17999999999999972
COc1ccc(-c2cn(C)c(=O)c3cc(C(=N)NC4CCS(=O)(=O)CC4)sc23)cc1OC,6.4,1,0.0,6.4,6.4,2016,2016,1,1,N=C(NC1CCS(=O)(=O)CC1)c1cc2c(=O)[nH]cc(-c3ccccc3)c2s1,0.0
COc1ccc(-c2cn(C)c(=O)c3cc(C(=O)N(C)C)sc23)cc1OC,4.9,1,0.0,4.9,4.9,2016,2016,1,1,O=c1[nH]cc(-c2ccccc2)c2sccc12,0.0
COc1ccc(-c2cn(C)c(=O)c3cc(C(=O)N4CCCCC4)sc23)cc1OC,4.8,1,0.0,4.8,4.8,2016,2016,1,1,O=C(c1cc2c(=O)[nH]cc(-c3ccccc3)c2s1)N1CCCCC1,0.0
COc1ccc(-c2cn(C)c(=O)c3cc(C(=O)N4CCN(S(C)(=O)=O)CC4)sc23)cc1OC,4.7,1,0.0,4.7,4.7,2016,2016,1,1,O=C(c1cc2c(=O)[nH]cc(-c3ccccc3)c2s1)N1CCNCC1,0.0
COc1ccc(-c2cn(C)c(=O)c3cc(C(=O)NC4CCS(=O)(=O)CC4)sc23)cc1OC,7.3,1,0.0,7.3,7.3,2016,2016,1,1,O=C(NC1CCS(=O)(=O)CC1)c1cc2c(=O)[nH]cc(-c3ccccc3)c2s1,0.0
COc1ccc(-c2cn(C)c(=O)c3cc(F)ccc23)cc1S(=O)(=O)NCc1ccccc1,5.56,1,0.0,5.56,5.56,2018,2018,1,1,O=c1[nH]cc(-c2cccc(S(=O)(=O)NCc3ccccc3)c2)c2ccccc12,0.0
COc1ccc(-c2cn(C)c(=O)c3cc(F)ccc23)cc1S(N)(=O)=O,5.56,1,0.0,5.56,5.56,2018,2018,1,1,O=c1[nH]cc(-c2ccccc2)c2ccccc12,0.0
COc1ccc(-c2cn(C)c(=O)c3cc(F)ccc23)cc1S(N)(O)O,5.56,1,0.0,5.56,5.56,2021,2021,1,1,O=c1[nH]cc(-c2ccccc2)c2ccccc12,0.0
COc1ccc(-c2cn(C)c(=O)c3cc(F)ccc23)cc1S(O)(O)NCc1ccccc1,5.56,1,0.0,5.56,5.56,2021,2021,1,1,O=c1[nH]cc(-c2cccc(SNCc3ccccc3)c2)c2ccccc12,0.0
COc1ccc(-c2cn(C)c(=O)c3ccccc23)cc1C(=O)NCc1ccccc1,5.56,1,0.0,5.56,5.56,2018,2018,1,1,O=C(NCc1ccccc1)c1cccc(-c2c[nH]c(=O)c3ccccc23)c1,0.0
COc1ccc(-c2cn(C)c(=O)c3ccccc23)cc1S(=O)(=O)NCc1ccccc1,5.56,1,0.0,5.56,5.56,2018,2018,1,1,O=c1[nH]cc(-c2cccc(S(=O)(=O)NCc3ccccc3)c2)c2ccccc12,0.0
COc1ccc(-c2cn(C)c(=O)c3ccccc23)cc1S(N)(=O)=O,5.56,1,0.0,5.56,5.56,2018,2018,1,1,O=c1[nH]cc(-c2ccccc2)c2ccccc12,0.0
COc1ccc(-c2cn(C)c(=O)c3ccccc23)cc1S(N)(O)O,5.56,1,0.0,5.56,5.56,2021,2021,1,1,O=c1[nH]cc(-c2ccccc2)c2ccccc12,0.0
COc1ccc(-c2cn(C)c(=O)c3ccccc23)cc1S(O)(O)NCc1ccccc1,5.56,1,0.0,5.56,5.56,2021,2021,1,1,O=c1[nH]cc(-c2cccc(SNCc3ccccc3)c2)c2ccccc12,0.0
COc1ccc(-c2cn(C)c(=O)c3cncn23)cc1NS(C)(=O)=O,5.56,1,0.0,5.56,5.56,2018,2018,1,1,O=c1[nH]cc(-c2ccccc2)n2cncc12,0.0
COc1ccc(-c2cn(C)c(=O)c3cncn23)cc1N[S+](C)[O-],5.56,1,0.0,5.56,5.56,2021,2021,1,1,O=c1[nH]cc(-c2ccccc2)n2cncc12,0.0
COc1ccc(-c2csc(=O)[nH]2)cc1S(=O)(=O)NC1CCCC1,6.12,1,0.0,6.12,6.12,2015,2015,1,1,O=c1[nH]c(-c2cccc(S(=O)(=O)NC3CCCC3)c2)cs1,0.0
COc1ccc(-c2nc(=O)n(Cc3c(C)noc3C)c3sc4c(c23)CCC(C(C)(C)C)C4)cc1,4.94,1,0.0,4.94,4.94,2019,2019,1,1,O=c1nc(-c2ccccc2)c2c3c(sc2n1Cc1cnoc1)CCCC3,0.0
COc1ccc(-c2nc(=O)n(Cc3cnc(Cl)s3)c3sc4c(c23)CCC(C(C)(C)C)C4)cc1,4.73,1,0.0,4.73,4.73,2019,2019,1,1,O=c1nc(-c2ccccc2)c2c3c(sc2n1Cc1cncs1)CCCC3,0.0
COc1ccc(-c2nc3c([nH]2)C(c2ccc(Cl)cc2)N(c2cc(C)c(=O)n(C)c2)C3=O)cn1,7.19,1,0.0,7.19,7.19,2018,2018,1,1,O=C1c2nc(-c3cccnc3)[nH]c2C(c2ccccc2)N1c1ccc(=O)[nH]c1,0.0
COc1ccc(-c2nc3c([nH]2)C(c2ccc(Cl)cc2)N(c2cc(C)c4nnc(C(F)F)n4c2)C3=O)cn1,7.63,1,0.0,7.63,7.63,2018,2018,1,1,O=C1c2nc(-c3cccnc3)[nH]c2C(c2ccccc2)N1c1ccc2nncn2c1,0.0
COc1ccc(-c2nc3c([nH]2)C(c2ccc(Cl)cc2)N(c2cc(C)c4nnc(C)n4c2)C3=O)cn1,7.61,1,0.0,7.61,7.61,2018,2018,1,1,O=C1c2nc(-c3cccnc3)[nH]c2C(c2ccccc2)N1c1ccc2nncn2c1,0.0
COc1ccc(-c2nc3c([nH]2)[C@@H](c2ccc(Cl)cc2)N(c2cc(C)c(=O)n(C)c2)C3=O)cn1,7.52,1,0.0,7.52,7.52,2018,2018,1,1,O=C1c2nc(-c3cccnc3)[nH]c2C(c2ccccc2)N1c1ccc(=O)[nH]c1,0.0
COc1ccc(-c2nc3c([nH]2)[C@@H](c2ccc(Cl)cc2)N(c2cc(C)c4nnc(C)n4c2)C3=O)cn1,5.74,1,0.0,5.74,5.74,2018,2018,1,1,O=C1c2nc(-c3cccnc3)[nH]c2C(c2ccccc2)N1c1ccc2nncn2c1,0.0
COc1ccc(-c2nc3c([nH]2)[C@@H](c2ccc(Cl)cc2)N(c2cc(OC)c4nnc(C)n4c2)C3=O)cn1,6.98,1,0.0,6.98,6.98,2018,2018,1,1,O=C1c2nc(-c3cccnc3)[nH]c2C(c2ccccc2)N1c1ccc2nncn2c1,0.0
COc1ccc(-c2nc3c(n2C(C)C)C(c2ccc(Cl)cc2)N(c2cc(C)c4nnc(C(F)F)n4n2)C3=O)cn1,7.8,1,0.0,7.8,7.8,2018,2018,1,1,O=C1c2nc(-c3cccnc3)[nH]c2C(c2ccccc2)N1c1ccc2nncn2n1,0.0
COc1ccc(-c2nc3c(n2C(C)C)C(c2ccc(Cl)cc2)N(c2cc(C)c4nnc(C)n4c2)C3=O)cn1,7.47,1,0.0,7.47,7.47,2018,2018,1,1,O=C1c2nc(-c3cccnc3)[nH]c2C(c2ccccc2)N1c1ccc2nncn2c1,0.0
COc1ccc(-c2nc3c(n2C(C)C)C(c2ccc(Cl)cc2)N(c2cc(C)c4nnn(C)c4c2)C3=O)cn1,7.62,1,0.0,7.62,7.62,2018,2018,1,1,O=C1c2nc(-c3cccnc3)[nH]c2C(c2ccccc2)N1c1ccc2nn[nH]c2c1,0.0
COc1ccc(-c2nc3c(n2C(C)C)C(c2ccc(Cl)cc2)N(c2cc(C)c4nnn(C)c4n2)C3=O)cn1,7.96,1,0.0,7.96,7.96,2018,2018,1,1,O=C1c2nc(-c3cccnc3)[nH]c2C(c2ccccc2)N1c1ccc2nn[nH]c2n1,0.0
COc1ccc(-c2nc3c(n2C(C)C)C(c2ccc(Cl)cc2)N(c2cc(C)c4onc(C)c4c2)C3=O)cn1,7.68,1,0.0,7.68,7.68,2018,2018,1,1,O=C1c2nc(-c3cccnc3)[nH]c2C(c2ccccc2)N1c1ccc2oncc2c1,0.0
COc1ccc(-c2nc3c(n2C(C)C)C(c2ccc(Cl)cc2)N(c2cc(OC)c4nnc(C)n4c2)C3=O)cn1,7.46,1,0.0,7.46,7.46,2018,2018,1,1,O=C1c2nc(-c3cccnc3)[nH]c2C(c2ccccc2)N1c1ccc2nncn2c1,0.0
COc1ccc(-c2nc3c(n2C(C)C)C(c2ccc(Cl)cc2)N(c2cc(OC)c4nnn(C)c4c2)C3=O)cn1,6.7,1,0.0,6.7,6.7,2018,2018,1,1,O=C1c2nc(-c3cccnc3)[nH]c2C(c2ccccc2)N1c1ccc2nn[nH]c2c1,0.0
COc1ccc(-c2nc3c(n2C(C)C)[C@@H](c2ccc(Cl)cc2)N(c2cc(C)c4nnn(C)c4n2)C3=O)cn1,7.72,1,0.0,7.72,7.72,2018,2018,1,1,O=C1c2nc(-c3cccnc3)[nH]c2C(c2ccccc2)N1c1ccc2nn[nH]c2n1,0.0
COc1ccc(-c2nc3c(n2C(C)C)[C@@H](c2ccc(Cl)cc2)N(c2cc(OC)c4nnn(C)c4c2)C3=O)cn1,7.42,1,0.0,7.42,7.42,2018,2018,1,1,O=C1c2nc(-c3cccnc3)[nH]c2C(c2ccccc2)N1c1ccc2nn[nH]c2c1,0.0
COc1ccc(-c2nc3c(n2C)C(=O)N(c2cc(C)c(=O)n(C)c2)C3c2ccc(Cl)cc2)cn1,7.04,1,0.0,7.04,7.04,2018,2018,1,1,O=C1c2[nH]c(-c3cccnc3)nc2C(c2ccccc2)N1c1ccc(=O)[nH]c1,0.0
COc1ccc(-c2nc3c(n2C)C(=O)N(c2cc(C)c(=O)n(C)c2)[C@@H]3c2ccc(Cl)cc2)cn1,7.25,1,0.0,7.25,7.25,2018,2018,1,1,O=C1c2[nH]c(-c3cccnc3)nc2C(c2ccccc2)N1c1ccc(=O)[nH]c1,0.0
COc1ccc(-c2nc3c(n2C)C(c2ccc(Cl)cc2)N(c2cc(C)c(=O)n(C)c2)C3=O)cn1,7.07,1,0.0,7.07,7.07,2018,2018,1,1,O=C1c2nc(-c3cccnc3)[nH]c2C(c2ccccc2)N1c1ccc(=O)[nH]c1,0.0
COc1ccc(-c2nc3c(n2C)C(c2ccc(Cl)cc2)N(c2cc(C)c4nnc(C)n4c2)C3=O)cn1,7.35,1,0.0,7.35,7.35,2018,2018,1,1,O=C1c2nc(-c3cccnc3)[nH]c2C(c2ccccc2)N1c1ccc2nncn2c1,0.0
COc1ccc(-c2nc3c(n2C)C(c2ccc(Cl)cc2)N(c2cc(OC)c4nnc(C)n4c2)C3=O)cn1,7.25,1,0.0,7.25,7.25,2018,2018,1,1,O=C1c2nc(-c3cccnc3)[nH]c2C(c2ccccc2)N1c1ccc2nncn2c1,0.0
COc1ccc(-c2nc3cc(-c4c(C)noc4C)ccn3c2NCC(=O)OC(C)(C)C)cc1,5.53,1,0.0,5.53,5.53,2021,2021,1,1,c1ccc(-c2cn3ccc(-c4cnoc4)cc3n2)cc1,0.0
COc1ccc(-c2ncn(C3CCNCC3)c2-c2ccnc(Nc3cc(C)cc(C)c3)n2)cc1,5.03,1,0.0,5.03,5.03,2022,2022,1,1,c1ccc(Nc2nccc(-c3c(-c4ccccc4)ncn3C3CCNCC3)n2)cc1,0.0
COc1ccc(-c2nn(C3CCOCC3)c3c2CN(C(C)=O)CC3)c2cnccc12,4.96,1,0.0,4.96,4.96,2018,2018,1,1,c1cc(-c2nn(C3CCOCC3)c3c2CNCC3)c2cnccc2c1,0.0
COc1ccc(-n2cnnc2C)c(/N=C/NCCCCNC(=O)COC(C)=O)c1,7.2,1,0.0,7.2,7.2,2021,2021,1,1,c1ccc(-n2cnnc2)cc1,0.0
COc1ccc(-n2cnnc2C)c(/N=C/NCCCCNC(=O)OC(C)C)c1,7.48,1,0.0,7.48,7.48,2021,2021,1,1,c1ccc(-n2cnnc2)cc1,0.0
COc1ccc(-n2cnnc2C)c(/N=C/NCCCCNC(=O)[C@@H](NC(=O)[C@H](C)O)C(C)C)c1,8.15,1,0.0,8.15,8.15,2021,2021,1,1,c1ccc(-n2cnnc2)cc1,0.0
COc1ccc(-n2nc(C)c3c2C(c2ccc(Cl)cc2)N(c2cc(C)c(=O)n(C)c2)C3=O)cc1,6.99,1,0.0,6.99,6.99,2017,2017,1,1,O=C1c2cnn(-c3ccccc3)c2C(c2ccccc2)N1c1ccc(=O)[nH]c1,0.0
COc1ccc(-n2nc(C)c3c2C(c2ccc(Cl)cc2)N(c2cc(C)c(=O)n(C)c2)C3=O)cn1,7.21,1,0.0,7.21,7.21,2017,2017,1,1,O=C1c2cnn(-c3cccnc3)c2C(c2ccccc2)N1c1ccc(=O)[nH]c1,0.0
COc1ccc(-n2nc(C)c3c2[C@@H](c2ccc(Cl)cc2)N(c2cc(C)c(=O)n(C)c2)C3=O)cn1,7.25,1,0.0,7.25,7.25,2017,2017,1,1,O=C1c2cnn(-c3cccnc3)c2C(c2ccccc2)N1c1ccc(=O)[nH]c1,0.0
COc1ccc(/C(=C\c2ccncc2)C(=O)N2CC(=O)Nc3ccccc32)cc1,4.6,1,0.0,4.6,4.6,2015,2015,1,1,O=C1CN(C(=O)C(=Cc2ccncc2)c2ccccc2)c2ccccc2N1,0.0
COc1ccc(/C=C(/C(=O)N2CC(=O)Nc3cc(OC)ccc32)c2ccc(OC)cc2)cc1,4.89,1,0.0,4.89,4.89,2015,2015,1,1,O=C1CN(C(=O)C(=Cc2ccccc2)c2ccccc2)c2ccccc2N1,0.0
COc1ccc(/C=C(/C(=O)N2CC(=O)Nc3cc(OC)ccc32)c2ccccc2)cc1,4.47,1,0.0,4.47,4.47,2015,2015,1,1,O=C1CN(C(=O)C(=Cc2ccccc2)c2ccccc2)c2ccccc2N1,0.0
COc1ccc(/C=C(/C(=O)N2CC(=O)Nc3ccccc32)c2ccc(C)c(C)c2)cc1,4.85,1,0.0,4.85,4.85,2015,2015,1,1,O=C1CN(C(=O)C(=Cc2ccccc2)c2ccccc2)c2ccccc2N1,0.0
COc1ccc(/C=C(/C(=O)N2CC(=O)Nc3ccccc32)c2ccc(NC(C)=O)cc2)cc1,4.89,1,0.0,4.89,4.89,2015,2015,1,1,O=C1CN(C(=O)C(=Cc2ccccc2)c2ccccc2)c2ccccc2N1,0.0
COc1ccc(/C=C(/C(=O)N2CC(=O)Nc3ccccc32)c2ccc(OC)c(OC)c2)cc1,4.75,1,0.0,4.75,4.75,2015,2015,1,1,O=C1CN(C(=O)C(=Cc2ccccc2)c2ccccc2)c2ccccc2N1,0.0
COc1ccc(/C=C(/C(=O)N2CC(=O)Nc3ccccc32)c2ccc(OC)cc2)cc1,4.8,1,0.0,4.8,4.8,2015,2015,1,1,O=C1CN(C(=O)C(=Cc2ccccc2)c2ccccc2)c2ccccc2N1,0.0
COc1ccc(/C=C(/C(=O)N2CC(=O)Nc3ccccc32)c2ccccc2)cc1,4.58,1,0.0,4.58,4.58,2015,2015,1,1,O=C1CN(C(=O)C(=Cc2ccccc2)c2ccccc2)c2ccccc2N1,0.0
COc1ccc(/C=C(/C(=O)N2CC(=O)Nc3ccccc32)c2cccs2)cc1,4.89,1,0.0,4.89,4.89,2015,2015,1,1,O=C1CN(C(=O)C(=Cc2ccccc2)c2cccs2)c2ccccc2N1,0.0
COc1ccc(/C=C(/C(=O)Nc2c(C)noc2C)c2ccc(OC)cc2)cc1,4.36,1,0.0,4.36,4.36,2015,2015,1,1,O=C(Nc1cnoc1)C(=Cc1ccccc1)c1ccccc1,0.0
COc1ccc(/C=C/c2cccc3c2N[C@H](C)CC(=O)N3)cc1,5.83,1,0.0,5.83,5.83,2019,2019,1,1,O=C1CCNc2c(C=Cc3ccccc3)cccc2N1,0.0
COc1ccc(/C=C/c2cccc3c2O[C@@H](C)CC(=O)N3)cc1,5.23,1,0.0,5.23,5.23,2019,2019,1,1,O=C1CCOc2c(C=Cc3ccccc3)cccc2N1,0.0
COc1ccc(/C=C/c2cccc3c2O[C@H](C)CC(=O)N3)cc1,5.67,1,0.0,5.67,5.67,2019,2019,1,1,O=C1CCOc2c(C=Cc3ccccc3)cccc2N1,0.0
COc1ccc(Br)cc1S(=O)(=O)Nc1ccc2c(c1)C(=C(C)C)C(=O)N2,7.64,1,0.0,7.64,7.64,2020,2020,1,1,C=C1C(=O)Nc2ccc(NS(=O)(=O)c3ccccc3)cc21,0.0
COc1ccc(C(=O)Nc2ncnc3[nH]cnc23)cc1,4.46,1,0.0,4.46,4.46,2015,2015,1,1,O=C(Nc1ncnc2[nH]cnc12)c1ccccc1,0.0
COc1ccc(C(=O)Nc2ncnc3[nH]cnc23)cc1OC,5.11,1,0.0,5.11,5.11,2015,2015,1,1,O=C(Nc1ncnc2[nH]cnc12)c1ccccc1,0.0
COc1ccc(C(=O)c2ccc3c(c2)nc(NCCCCNC(=O)OC(C)(C)C)c2nnc(C)n23)cc1,7.14,1,0.0,7.14,7.14,2021,2021,1,1,O=C(c1ccccc1)c1ccc2c(c1)ncc1nncn12,0.0
COc1ccc(C(C)(C)O)cc1-c1cn(C)c(=O)c2[nH]c(C(=O)NCc3ccc(C(=O)Nc4ccccc4N)cc3)cc12,8.280000000000001,2,0.18384776310850284,8.15,8.41,2021,2021,1,2,O=C(Nc1ccccc1)c1ccc(CNC(=O)c2cc3c(-c4ccccc4)c[nH]c(=O)c3[nH]2)cc1,0.2599999999999998
COc1ccc(C)cc1S(=O)(=O)Nc1ccc2c(c1)C(=C(C)C)C(=O)N2,7.52,1,0.0,7.52,7.52,2020,2020,1,1,C=C1C(=O)Nc2ccc(NS(=O)(=O)c3ccccc3)cc21,0.0
COc1ccc(C2(O)C(=O)Nc3ccc(-c4c(C)noc4C)cc32)cc1,6.39,2,0.0,6.39,6.39,2016,2016,1,2,O=C1Nc2ccc(-c3cnoc3)cc2C1c1ccccc1,0.0
COc1ccc(C2(O)C(=O)Nc3ccc(-c4c(C)noc4C)cc32)cc1OC,5.89,2,0.0,5.89,5.89,2016,2016,1,2,O=C1Nc2ccc(-c3cnoc3)cc2C1c1ccccc1,0.0
COc1ccc(C2=NC(NC(=O)OCc3ccccc3)c3nnc(C)n3-c3ccccc32)cc1,5.9,1,0.0,5.9,5.9,2013,2013,1,1,O=C(NC1N=C(c2ccccc2)c2ccccc2-n2cnnc21)OCc1ccccc1,0.0
COc1ccc(C2=N[C@@H](CC(N)=O)c3onc(C)c3-c3ccccc32)cc1,7.32,1,0.0,7.32,7.32,2016,2016,1,1,c1ccc(C2=NCc3oncc3-c3ccccc32)cc1,0.0
COc1ccc(C2c3c(ccn3C)C(=O)N2c2cc(C)c(=O)n(C)c2)cc1,6.64,1,0.0,6.64,6.64,2017,2017,1,1,O=C1c2cc[nH]c2C(c2ccccc2)N1c1ccc(=O)[nH]c1,0.0
COc1ccc(C2c3c(ccn3C)C(=O)N2c2cc(Cl)c(=O)n(C)c2)cc1,6.05,1,0.0,6.05,6.05,2017,2017,1,1,O=C1c2cc[nH]c2C(c2ccccc2)N1c1ccc(=O)[nH]c1,0.0
COc1ccc(CCCc2nc3cc(-c4c(C)noc4C)ccn3c2NC2CCCCC2)cc1,4.91,1,0.0,4.91,4.91,2021,2021,1,1,c1ccc(CCCc2nc3cc(-c4cnoc4)ccn3c2NC2CCCCC2)cc1,0.0
COc1ccc(CCCc2nc3cc(-c4c(C)noc4C)ccn3c2NC2CCCCC2)cc1Cl,4.61,1,0.0,4.61,4.61,2021,2021,1,1,c1ccc(CCCc2nc3cc(-c4cnoc4)ccn3c2NC2CCCCC2)cc1,0.0
COc1ccc(CCc2cc3nc(-c4c(C)noc4C)ccc3n2CCN2CCOCC2)cc1,4.74,1,0.0,4.74,4.74,2017,2017,1,1,c1ccc(CCc2cc3nc(-c4cnoc4)ccc3n2CCN2CCOCC2)cc1,0.0
COc1ccc(CCc2nc3cc(-c4c(C)noc4C)ccc3n2CCN2CCOCC2)c(OC)c1,5.08,1,0.0,5.08,5.08,2017,2017,1,1,c1ccc(CCc2nc3cc(-c4cnoc4)ccc3n2CCN2CCOCC2)cc1,0.0
COc1ccc(CCc2nc3cc(-c4c(C)noc4C)ccc3n2CCN2CCOCC2)cc1,5.62,1,0.0,5.62,5.62,2017,2017,1,1,c1ccc(CCc2nc3cc(-c4cnoc4)ccc3n2CCN2CCOCC2)cc1,0.0
COc1ccc(CCc2nc3cc(-c4c(C)noc4C)ccc3n2CCN2CCOCC2)cc1OC,5.03,1,0.0,5.03,5.03,2017,2017,1,1,c1ccc(CCc2nc3cc(-c4cnoc4)ccc3n2CCN2CCOCC2)cc1,0.0
COc1ccc(CCc2nc3cc(-c4c(C)noc4C)ccc3n2C[C@H](C)N2CCOCC2)cc1Cl,5.1,1,0.0,5.1,5.1,2021,2021,1,1,c1ccc(CCc2nc3cc(-c4cnoc4)ccc3n2CCN2CCOCC2)cc1,0.0
COc1ccc(CCc2nc3cc(-c4c(C)noc4C)ccn3c2NC(C)C)cc1,5.0,1,0.0,5.0,5.0,2021,2021,1,1,c1ccc(CCc2cn3ccc(-c4cnoc4)cc3n2)cc1,0.0
COc1ccc(CCc2nc3cc(-c4c(C)noc4C)ccn3c2NC(C)C)cc1OC,4.64,1,0.0,4.64,4.64,2021,2021,1,1,c1ccc(CCc2cn3ccc(-c4cnoc4)cc3n2)cc1,0.0
COc1ccc(CCc2nc3cc(-c4c(C)noc4C)ccn3c2NC23CC4CC(CC(C4)C2)C3)cc1,5.15,1,0.0,5.15,5.15,2021,2021,1,1,c1ccc(CCc2nc3cc(-c4cnoc4)ccn3c2NC23CC4CC(CC(C4)C2)C3)cc1,0.0
COc1ccc(CCc2nc3cc(-c4c(C)noc4C)ccn3c2NC2CCCCC2)cc1,5.18,1,0.0,5.18,5.18,2021,2021,1,1,c1ccc(CCc2nc3cc(-c4cnoc4)ccn3c2NC2CCCCC2)cc1,0.0
COc1ccc(CCc2nc3cc(-c4c(C)noc4C)ccn3c2NC2CCCCC2)cc1Cl,5.29,1,0.0,5.29,5.29,2021,2021,1,1,c1ccc(CCc2nc3cc(-c4cnoc4)ccn3c2NC2CCCCC2)cc1,0.0
COc1ccc(CCc2nc3cc(-c4c(C)noc4C)ccn3c2NC2CCCCC2)cc1OC,5.21,1,0.0,5.21,5.21,2021,2021,1,1,c1ccc(CCc2nc3cc(-c4cnoc4)ccn3c2NC2CCCCC2)cc1,0.0
COc1ccc(CCc2nc3cc(-c4c(C)noc4C)ccn3c2NCCN2CCOCC2)cc1,5.47,1,0.0,5.47,5.47,2021,2021,1,1,c1ccc(CCc2nc3cc(-c4cnoc4)ccn3c2NCCN2CCOCC2)cc1,0.0
COc1ccc(CCc2nc3cc(-c4c(C)noc4C)ccn3c2NCc2ccc(Cl)cc2)cc1,5.1,1,0.0,5.1,5.1,2021,2021,1,1,c1ccc(CCc2nc3cc(-c4cnoc4)ccn3c2NCc2ccccc2)cc1,0.0
COc1ccc(CCc2nc3cc(-c4c(C)noc4C)ccn3c2NCc2ccccc2)cc1,5.07,1,0.0,5.07,5.07,2021,2021,1,1,c1ccc(CCc2nc3cc(-c4cnoc4)ccn3c2NCc2ccccc2)cc1,0.0
COc1ccc(CNCc2cc(-c3c(C)noc3C)c3c4c2[nH]c(=O)n4C(c2ccccn2)CO3)cc1,6.26,1,0.0,6.26,6.26,2017,2017,1,1,O=c1[nH]c2c(CNCc3ccccc3)cc(-c3cnoc3)c3c2n1C(c1ccccn1)CO3,0.0
COc1ccc(COc2cc(-c3cn(C)c(=O)c4ccccc34)cc(S(C)(=O)=O)c2)cc1,5.56,1,0.0,5.56,5.56,2018,2018,1,1,O=c1[nH]cc(-c2cccc(OCc3ccccc3)c2)c2ccccc12,0.0
COc1ccc(Cc2nc3cc(-c4c(C)noc4C)ccn3c2NC2CCCCC2)cc1,4.95,1,0.0,4.95,4.95,2021,2021,1,1,c1ccc(Cc2nc3cc(-c4cnoc4)ccn3c2NC2CCCCC2)cc1,0.0
COc1ccc(Cn2c(C)nc3ccc(-c4c(C)noc4C)cc32)cc1,5.8,1,0.0,5.8,5.8,2013,2013,1,1,c1ccc(Cn2cnc3ccc(-c4cnoc4)cc32)cc1,0.0
COc1ccc(Cn2c(C)nc3ncc(-c4c[nH]c(=O)c5[nH]c(C)cc45)cc32)cc1,6.7,2,0.0,6.7,6.7,2022,2022,1,2,O=c1[nH]cc(-c2cnc3ncn(Cc4ccccc4)c3c2)c2cc[nH]c12,0.0
COc1ccc(Cn2c(C)nc3ncc(-c4cn(C)c(=O)c5[nH]ccc45)cc32)cc1,8.25,2,0.3818376618407351,7.98,8.52,2022,2022,1,2,O=c1[nH]cc(-c2cnc3ncn(Cc4ccccc4)c3c2)c2cc[nH]c12,0.5399999999999991
COc1ccc(Cn2c(C)nc3ncc(-c4cn(C)c(=O)c5[nH]ccc45)nc32)cc1,8.245,2,0.502045814642449,7.89,8.6,2022,2022,1,2,O=c1[nH]cc(-c2cnc3ncn(Cc4ccccc4)c3n2)c2cc[nH]c12,0.71
COc1ccc(Cn2c(C)nc3ncc(-c4cn(CC(C)C)c(=O)c5[nH]ccc45)cc32)cc1,6.7,1,0.0,6.7,6.7,2022,2022,1,1,O=c1[nH]cc(-c2cnc3ncn(Cc4ccccc4)c3c2)c2cc[nH]c12,0.0
COc1ccc(Cn2c(C)nc3ncc(-c4cn(Cc5ccn[nH]5)c(=O)c5[nH]ccc45)cc32)cc1,6.7,1,0.0,6.7,6.7,2022,2022,1,1,O=c1c2[nH]ccc2c(-c2cnc3ncn(Cc4ccccc4)c3c2)cn1Cc1ccn[nH]1,0.0
COc1ccc(Cn2c(C)nc3ncc(-c4cn(Cc5nccs5)c(=O)c5[nH]ccc45)cc32)cc1,6.7,1,0.0,6.7,6.7,2022,2022,1,1,O=c1c2[nH]ccc2c(-c2cnc3ncn(Cc4ccccc4)c3c2)cn1Cc1nccs1,0.0
COc1ccc(Cn2cnc3ccc(-c4c(C)noc4C)cc32)cc1,6.1,1,0.0,6.1,6.1,2013,2013,1,1,c1ccc(Cn2cnc3ccc(-c4cnoc4)cc32)cc1,0.0
COc1ccc(Cn2nc3c(c2C)C(c2ccc(Cl)cc2)N(c2ccc(=O)n(C)c2)C3=O)cc1,6.85,1,0.0,6.85,6.85,2015,2015,1,1,O=C1c2nn(Cc3ccccc3)cc2C(c2ccccc2)N1c1ccc(=O)[nH]c1,0.0
COc1ccc(F)cc1S(=O)(=O)Nc1ccc2c(c1)C(=C(C)C)C(=O)N2,7.47,1,0.0,7.47,7.47,2020,2020,1,1,C=C1C(=O)Nc2ccc(NS(=O)(=O)c3ccccc3)cc21,0.0
COc1ccc(Nc2c(-c3ccc(-c4c(C)noc4C)cc3)nc3cc(OC)ncn23)cc1,5.54,1,0.0,5.54,5.54,2014,2014,1,1,c1ccc(Nc2c(-c3ccc(-c4cnoc4)cc3)nc3ccncn23)cc1,0.0
COc1ccc(Nc2c(-c3ccc(-c4c(C)noc4C)cc3)nc3ccc(Cl)cn23)cc1,4.5,1,0.0,4.5,4.5,2014,2014,1,1,c1ccc(Nc2c(-c3ccc(-c4cnoc4)cc3)nc3ccccn23)cc1,0.0
COc1ccc(Nc2c(-c3ccc(-c4c(C)noc4C)cc3)nc3ccccn23)cc1,5.56,1,0.0,5.56,5.56,2014,2014,1,1,c1ccc(Nc2c(-c3ccc(-c4cnoc4)cc3)nc3ccccn23)cc1,0.0
COc1ccc(Nc2c(-c3ccc(-c4c(C)noc4C)cc3)nn3ccncc23)cc1,5.11,1,0.0,5.11,5.11,2014,2014,1,1,c1ccc(Nc2c(-c3ccc(-c4cnoc4)cc3)nn3ccncc23)cc1,0.0
COc1ccc(Nc2c(-c3ccc4[nH]nc(C)c4c3)nc3cnc(N4CCN(C)CC4)cn23)cc1,4.69,1,0.0,4.69,4.69,2021,2021,1,1,c1ccc(Nc2c(-c3ccc4[nH]ncc4c3)nc3cnc(N4CCNCC4)cn23)cc1,0.0
COc1ccc(Nc2c(-c3ccc4[nH]nc(C)c4c3)nc3cnc(N4CCN(C)CC4)cn23)cc1OC,4.9,1,0.0,4.9,4.9,2021,2021,1,1,c1ccc(Nc2c(-c3ccc4[nH]ncc4c3)nc3cnc(N4CCNCC4)cn23)cc1,0.0
COc1ccc(Nc2c(-c3ccc4[nH]nc(C)c4c3)nc3cnc(N4CCOCC4)cn23)cc1,5.29,1,0.0,5.29,5.29,2021,2021,1,1,c1ccc(Nc2c(-c3ccc4[nH]ncc4c3)nc3cnc(N4CCOCC4)cn23)cc1,0.0
COc1ccc(Nc2nc(C)c(C)c(Nc3cccc(S(=O)(=O)NC(C)(C)C)c3)n2)cc1,4.74,1,0.0,4.74,4.74,2023,2023,1,1,c1ccc(Nc2ccnc(Nc3ccccc3)n2)cc1,0.0
COc1ccc(Nc2nc(C)c(C)c(Nc3cccc(S(N)(=O)=O)c3)n2)cc1,4.7,1,0.0,4.7,4.7,2023,2023,1,1,c1ccc(Nc2ccnc(Nc3ccccc3)n2)cc1,0.0
COc1ccc(Nc2nc(Nc3ccc(N4CCN(C)CC4)cc3)ncc2C)cc1OC,6.54,1,0.0,6.54,6.54,2023,2023,1,1,c1ccc(Nc2ccnc(Nc3ccc(N4CCNCC4)cc3)n2)cc1,0.0
COc1ccc(Nc2nc(Nc3ccc(N4CCN(C)CC4)cc3)ncc2Cl)cc1OC,6.37,1,0.0,6.37,6.37,2023,2023,1,1,c1ccc(Nc2ccnc(Nc3ccc(N4CCNCC4)cc3)n2)cc1,0.0
COc1ccc(Nc2ncc(-n3ccc4c3CCNC4=O)cn2)cc1,5.01,1,0.0,5.01,5.01,2022,2022,1,1,O=C1NCCc2c1ccn2-c1cnc(Nc2ccccc2)nc1,0.0
COc1ccc(OC)c(C(=O)Nc2ncnc3[nH]cnc23)c1,5.14,1,0.0,5.14,5.14,2015,2015,1,1,O=C(Nc1ncnc2[nH]cnc12)c1ccccc1,0.0
COc1ccc(OCc2nc3cc(-c4c(C)noc4C)ccc3n2CCN2CCOCC2)cc1,5.04,1,0.0,5.04,5.04,2017,2017,1,1,c1ccc(OCc2nc3cc(-c4cnoc4)ccc3n2CCN2CCOCC2)cc1,0.0
COc1ccc(S(=O)(=O)Nc2ccc3c(c2)C(=C(C)C)C(=O)N3)cc1,7.03,1,0.0,7.03,7.03,2020,2020,1,1,C=C1C(=O)Nc2ccc(NS(=O)(=O)c3ccccc3)cc21,0.0
COc1ccc(S(=O)(=O)Nc2ccc3c(c2)CN(C)C(=O)N3)cc1,6.06,1,0.0,6.06,6.06,2012,2012,1,1,O=C1NCc2cc(NS(=O)(=O)c3ccccc3)ccc2N1,0.0
COc1ccc2c(c1)C(c1ccc(Cl)cc1)=NC(CC(N)=O)c1cc(=O)n(C)cc1-2,7.44,1,0.0,7.44,7.44,2020,2020,1,1,O=c1cc2c(c[nH]1)-c1ccccc1C(c1ccccc1)=NC2,0.0
COc1ccc2c(c1)C(c1ccc(Cl)cc1)=N[C@@H](CC(=O)NCC1CC1)c1nnc(C)n1-2,6.3,1,0.0,6.3,6.3,2013,2013,1,1,O=C(CC1N=C(c2ccccc2)c2ccccc2-n2cnnc21)NCC1CC1,0.0
COc1ccc2c(c1)C(c1ccc(Cl)cc1)=N[C@@H](CC(=O)Nc1ccc(F)cc1)c1nnc(C)n1-2,6.3,1,0.0,6.3,6.3,2013,2013,1,1,O=C(CC1N=C(c2ccccc2)c2ccccc2-n2cnnc21)Nc1ccccc1,0.0
COc1ccc2c(c1)C(c1ccc(Cl)cc1)=N[C@@H](CC(=O)Nc1ccccn1)c1nnc(C)n1-2,6.4,1,0.0,6.4,6.4,2013,2013,1,1,O=C(CC1N=C(c2ccccc2)c2ccccc2-n2cnnc21)Nc1ccccn1,0.0
COc1ccc2c(c1)C(c1ccc(Cl)cc1)=N[C@@H](CC(=O)Nc1cccnc1)c1nnc(C)n1-2,6.3,1,0.0,6.3,6.3,2013,2013,1,1,O=C(CC1N=C(c2ccccc2)c2ccccc2-n2cnnc21)Nc1cccnc1,0.0
COc1ccc2c(c1)C(c1ccc(Cl)cc1)=N[C@@H](CC(=O)Nc1cccs1)c1nnc(C)n1-2,6.4,1,0.0,6.4,6.4,2013,2013,1,1,O=C(CC1N=C(c2ccccc2)c2ccccc2-n2cnnc21)Nc1cccs1,0.0
COc1ccc2c(c1)C(c1ccc(Cl)cc1)=N[C@@H](CC(=O)O)c1nnc(C)n1-2,5.1,1,0.0,5.1,5.1,2013,2013,1,1,c1ccc(C2=NCc3nncn3-c3ccccc32)cc1,0.0
COc1ccc2c(c1)C(c1ccc(Cl)cc1)=N[C@@H](CC(N)=O)c1onc(C)c1-2,7.77,1,0.0,7.77,7.77,2016,2016,1,1,c1ccc(C2=NCc3oncc3-c3ccccc32)cc1,0.0
COc1ccc2c(c1)C(c1ccccc1)=NC(NC(=O)OCc1ccccc1)c1nnc(C)n1-2,6.3,1,0.0,6.3,6.3,2013,2013,1,1,O=C(NC1N=C(c2ccccc2)c2ccccc2-n2cnnc21)OCc1ccccc1,0.0
COc1ccc2c(c1)C=CN(C)C(=O)[C@@H]2C,6.0,2,0.2828427124746193,5.8,6.2,2022,2022,1,2,O=C1Cc2ccccc2C=CN1,0.40000000000000036
COc1ccc2c(c1)cc(-c1cccc3c1O[C@H](C)CC(=O)N3)n2C,5.22,1,0.0,5.22,5.22,2019,2019,1,1,O=C1CCOc2c(cccc2-c2cc3ccccc3[nH]2)N1,0.0
COc1ccc2c(c1)nc(NCCCCC(=O)NC(C)(C)C)c1nnc(C)n12,7.8,1,0.0,7.8,7.8,2021,2021,1,1,c1ccc2c(c1)ncc1nncn12,0.0
COc1ccc2c(c1)nc(NCCCCC(=O)NC(C)C)c1nnc(C)n12,7.96,1,0.0,7.96,7.96,2021,2021,1,1,c1ccc2c(c1)ncc1nncn12,0.0
COc1ccc2c(c1)nc(NCCCCC(=O)NCC(C)C)c1nnc(C)n12,7.96,1,0.0,7.96,7.96,2021,2021,1,1,c1ccc2c(c1)ncc1nncn12,0.0
COc1ccc2c(c1)nc(NCCCCC(=O)NCc1ccccc1)c1nnc(C)n12,7.58,1,0.0,7.58,7.58,2021,2021,1,1,O=C(CCCCNc1nc2ccccc2n2cnnc12)NCc1ccccc1,0.0
COc1ccc2c(c1)nc(NCCCCC(=O)NCc1ccco1)c1nnc(C)n12,7.8,1,0.0,7.8,7.8,2021,2021,1,1,O=C(CCCCNc1nc2ccccc2n2cnnc12)NCc1ccco1,0.0
COc1ccc2c(c1)nc(NCCCCNC(=O)C(C(C)C)N(C)C)c1nnc(C)n12,7.75,1,0.0,7.75,7.75,2021,2021,1,1,c1ccc2c(c1)ncc1nncn12,0.0
COc1ccc2c(c1)nc(NCCCCNC(=O)C(C)(C)C(F)(F)F)c1nnc(C)n12,7.4,1,0.0,7.4,7.4,2021,2021,1,1,c1ccc2c(c1)ncc1nncn12,0.0
COc1ccc2c(c1)nc(NCCCCNC(=O)C(C)(C)O)c1nnc(C)n12,7.57,1,0.0,7.57,7.57,2021,2021,1,1,c1ccc2c(c1)ncc1nncn12,0.0
COc1ccc2c(c1)nc(NCCCCNC(=O)C(C)(C)OC(C)=O)c1nnc(C)n12,7.295,2,0.38890872965260165,7.02,7.57,2021,2021,1,1,c1ccc2c(c1)ncc1nncn12,0.5500000000000007
COc1ccc2c(c1)nc(NCCCCNC(=O)C(C)C)c1nnc(C)n12,9.4,1,0.0,9.4,9.4,2021,2021,1,1,c1ccc2c(c1)ncc1nncn12,0.0
COc1ccc2c(c1)nc(NCCCCNC(=O)C(F)(F)C(F)(F)C(F)(F)F)c1nnc(C)n12,7.62,1,0.0,7.62,7.62,2021,2021,1,1,c1ccc2c(c1)ncc1nncn12,0.0
COc1ccc2c(c1)nc(NCCCCNC(=O)C(N)C(C)C)c1nnc(C)n12,7.37,1,0.0,7.37,7.37,2021,2021,1,1,c1ccc2c(c1)ncc1nncn12,0.0
COc1ccc2c(c1)nc(NCCCCNC(=O)C(NC(=O)OC(C)(C)C)C(C)C)c1nnc(C)n12,7.38,1,0.0,7.38,7.38,2021,2021,1,1,c1ccc2c(c1)ncc1nncn12,0.0
COc1ccc2c(c1)nc(NCCCCNC(=O)C(OC)C(C)C)c1nnc(C)n12,7.82,1,0.0,7.82,7.82,2021,2021,1,1,c1ccc2c(c1)ncc1nncn12,0.0
COc1ccc2c(c1)nc(NCCCCNC(=O)C=C(C)C)c1nnc(C)n12,7.695,2,0.5020458146424494,7.34,8.05,2021,2021,1,1,c1ccc2c(c1)ncc1nncn12,0.7100000000000009
COc1ccc2c(c1)nc(NCCCCNC(=O)CC(C)(C)C)c1nnc(C)n12,7.17,1,0.0,7.17,7.17,2021,2021,1,1,c1ccc2c(c1)ncc1nncn12,0.0
COc1ccc2c(c1)nc(NCCCCNC(=O)CC(C)C)c1nnc(C(F)(F)F)n12,7.54,1,0.0,7.54,7.54,2021,2021,1,1,c1ccc2c(c1)ncc1nncn12,0.0
COc1ccc2c(c1)nc(NCCCCNC(=O)CC(C)C)c1nnc(C)n12,7.77,1,0.0,7.77,7.77,2021,2021,1,1,c1ccc2c(c1)ncc1nncn12,0.0
COc1ccc2c(c1)nc(NCCCCNC(=O)CCC(C)C)c1nnc(C)n12,7.82,1,0.0,7.82,7.82,2021,2021,1,1,c1ccc2c(c1)ncc1nncn12,0.0
COc1ccc2c(c1)nc(NCCCCNC(=O)CCC1CCCC1)c1nnc(C)n12,8.1,1,0.0,8.1,8.1,2021,2021,1,1,O=C(CCC1CCCC1)NCCCCNc1nc2ccccc2n2cnnc12,0.0
COc1ccc2c(c1)nc(NCCCCNC(=O)Cc1ccccc1)c1nnc(C)n12,7.46,1,0.0,7.46,7.46,2021,2021,1,1,O=C(Cc1ccccc1)NCCCCNc1nc2ccccc2n2cnnc12,0.0
COc1ccc2c(c1)nc(NCCCCNC(=O)Cc1ccco1)c1nnc(C)n12,7.24,1,0.0,7.24,7.24,2021,2021,1,1,O=C(Cc1ccco1)NCCCCNc1nc2ccccc2n2cnnc12,0.0
COc1ccc2c(c1)nc(NCCCCNC(=O)Cc1cccs1)c1nnc(C)n12,7.66,1,0.0,7.66,7.66,2021,2021,1,1,O=C(Cc1cccs1)NCCCCNc1nc2ccccc2n2cnnc12,0.0
COc1ccc2c(c1)nc(NCCCCNC(=O)N(C)C)c1nnc(C)n12,7.22,1,0.0,7.22,7.22,2021,2021,1,1,c1ccc2c(c1)ncc1nncn12,0.0
COc1ccc2c(c1)nc(NCCCCNC(=O)NC(C)C)c1nnc(C)n12,7.54,1,0.0,7.54,7.54,2021,2021,1,1,c1ccc2c(c1)ncc1nncn12,0.0
COc1ccc2c(c1)nc(NCCCCNC(=O)NC1CCCCC1)c1nnc(C)n12,7.8,1,0.0,7.8,7.8,2021,2021,1,1,O=C(NCCCCNc1nc2ccccc2n2cnnc12)NC1CCCCC1,0.0
COc1ccc2c(c1)nc(NCCCCNC(=O)OC(C)(C)C)c1nnc(C)n12,7.42,1,0.0,7.42,7.42,2021,2021,1,1,c1ccc2c(c1)ncc1nncn12,0.0
COc1ccc2c(c1)nc(NCCCCNC(=O)OC(C)C)c1nnc(C(C)C)n12,7.48,2,0.2262741699796951,7.32,7.64,2021,2021,1,1,c1ccc2c(c1)ncc1nncn12,0.3199999999999994
COc1ccc2c(c1)nc(NCCCCNC(=O)OC(C)C)c1nnc(C(F)(F)F)n12,7.34,1,0.0,7.34,7.34,2021,2021,1,1,c1ccc2c(c1)ncc1nncn12,0.0
COc1ccc2c(c1)nc(NCCCCNC(=O)OC(C)C)c1nnc(C)n12,7.29,1,0.0,7.29,7.29,2021,2021,1,1,c1ccc2c(c1)ncc1nncn12,0.0
COc1ccc2c(c1)nc(NCCCCNC(=O)OC1CCCC1)c1nnc(C)n12,7.77,1,0.0,7.77,7.77,2021,2021,1,1,O=C(NCCCCNc1nc2ccccc2n2cnnc12)OC1CCCC1,0.0
COc1ccc2c(c1)nc(NCCCCNC(=O)OCC(C)C)c1nnc(C(C)C)n12,7.8,1,0.0,7.8,7.8,2021,2021,1,1,c1ccc2c(c1)ncc1nncn12,0.0
COc1ccc2c(c1)nc(NCCCCNC(=O)OCC(C)C)c1nnc(C)n12,7.75,1,0.0,7.75,7.75,2021,2021,1,1,c1ccc2c(c1)ncc1nncn12,0.0
COc1ccc2c(c1)nc(NCCCCNC(=O)Oc1ccccc1)c1nnc(C)n12,7.75,1,0.0,7.75,7.75,2021,2021,1,1,O=C(NCCCCNc1nc2ccccc2n2cnnc12)Oc1ccccc1,0.0
COc1ccc2c(c1)nc(NCCCCNC(=O)[C@@H](Br)C(C)C)c1nnc(C)n12,8.1,1,0.0,8.1,8.1,2021,2021,1,1,c1ccc2c(c1)ncc1nncn12,0.0
COc1ccc2c(c1)nc(NCCCCNC(=O)[C@@H](C)O)c1nnc(C)n12,7.48,1,0.0,7.48,7.48,2021,2021,1,1,c1ccc2c(c1)ncc1nncn12,0.0
COc1ccc2c(c1)nc(NCCCCNC(=O)[C@@H](F)C(C)C)c1nnc(C)n12,7.52,1,0.0,7.52,7.52,2021,2021,1,1,c1ccc2c(c1)ncc1nncn12,0.0
COc1ccc2c(c1)nc(NCCCCNC(=O)[C@@H](N)Cc1ccc(O)cc1)c1nnc(C)n12,7.19,1,0.0,7.19,7.19,2021,2021,1,1,O=C(CCc1ccccc1)NCCCCNc1nc2ccccc2n2cnnc12,0.0
COc1ccc2c(c1)nc(NCCCCNC(=O)[C@@H](NC(=O)C(C)(C)C)C(C)C)c1nnc(C)n12,7.46,1,0.0,7.46,7.46,2021,2021,1,1,c1ccc2c(c1)ncc1nncn12,0.0
COc1ccc2c(c1)nc(NCCCCNC(=O)[C@@H](NC(=O)CC(C)C)C(C)C)c1nnc(C)n12,7.85,1,0.0,7.85,7.85,2021,2021,1,1,c1ccc2c(c1)ncc1nncn12,0.0
COc1ccc2c(c1)nc(NCCCCNC(=O)[C@@H](NC(=O)OC(C)C)C(C)C)c1nnc(C)n12,8.4,1,0.0,8.4,8.4,2021,2021,1,1,c1ccc2c(c1)ncc1nncn12,0.0
COc1ccc2c(c1)nc(NCCCCNC(=O)[C@@H](NC(=O)OCC(C)C)C(C)C)c1nnc(C)n12,8.0,1,0.0,8.0,8.0,2021,2021,1,1,c1ccc2c(c1)ncc1nncn12,0.0
COc1ccc2c(c1)nc(NCCCCNC(=O)[C@@H](NC(=O)[C@@H](F)C(C)C)C(C)C)c1nnc(C)n12,7.92,1,0.0,7.92,7.92,2021,2021,1,1,c1ccc2c(c1)ncc1nncn12,0.0
COc1ccc2c(c1)nc(NCCCCNC(=O)[C@@H](NS(C)(=O)=O)C(C)C)c1nnc(C)n12,7.75,1,0.0,7.75,7.75,2021,2021,1,1,c1ccc2c(c1)ncc1nncn12,0.0
COc1ccc2c(c1)nc(NCCCCNC(=O)[C@@H](O)C(C)C)c1nnc(C)n12,8.15,1,0.0,8.15,8.15,2021,2021,1,1,c1ccc2c(c1)ncc1nncn12,0.0
COc1ccc2c(c1)nc(NCCCCNC(=O)[C@@H](OC)C(C)C)c1nnc(C)n12,7.8,1,0.0,7.8,7.8,2021,2021,1,1,c1ccc2c(c1)ncc1nncn12,0.0
COc1ccc2c(c1)nc(NCCCCNC(=O)[C@H](C(C)C)N(C)C)c1nnc(C)n12,7.48,1,0.0,7.48,7.48,2021,2021,1,1,c1ccc2c(c1)ncc1nncn12,0.0
COc1ccc2c(c1)nc(NCCCCNC(=O)[C@H](C(C)C)N1CCC(CCO)CC1)c1nnc(C)n12,7.51,1,0.0,7.51,7.51,2021,2021,1,1,O=C(CN1CCCCC1)NCCCCNc1nc2ccccc2n2cnnc12,0.0
COc1ccc2c(c1)nc(NCCCCNC(=O)[C@H](C(C)C)N1CCC(O)C1)c1nnc(C)n12,7.44,1,0.0,7.44,7.44,2021,2021,1,1,O=C(CN1CCCC1)NCCCCNc1nc2ccccc2n2cnnc12,0.0
COc1ccc2c(c1)nc(NCCCCNC(=O)[C@H](C(C)C)N1CCC(O)CC1)c1nnc(C)n12,7.39,1,0.0,7.39,7.39,2021,2021,1,1,O=C(CN1CCCCC1)NCCCCNc1nc2ccccc2n2cnnc12,0.0
COc1ccc2c(c1)nc(NCCCCNC(=O)[C@H](C(C)C)N1CCOCC1)c1nnc(C)n12,7.25,1,0.0,7.25,7.25,2021,2021,1,1,O=C(CN1CCOCC1)NCCCCNc1nc2ccccc2n2cnnc12,0.0
COc1ccc2c(c1)nc(NCCCCNC(=O)[C@H](Cc1ccc(O)cc1)NC(=O)OC(C)(C)C)c1nnc(C)n12,7.15,1,0.0,7.15,7.15,2021,2021,1,1,O=C(CCc1ccccc1)NCCCCNc1nc2ccccc2n2cnnc12,0.0
COc1ccc2c(c1)nc(NCCCCNC(=O)[C@H](O)C(C)C)c1nnc(C)n12,8.4,1,0.0,8.4,8.4,2021,2021,1,1,c1ccc2c(c1)ncc1nncn12,0.0
COc1ccc2c(c1)nc(NCCCCNC(=O)c1ccccc1F)c1nnc(C)n12,7.37,1,0.0,7.37,7.37,2021,2021,1,1,O=C(NCCCCNc1nc2ccccc2n2cnnc12)c1ccccc1,0.0
COc1ccc2c(nc(NCCCCN)c3nnc(C)n32)c1Cl,7.92,1,0.0,7.92,7.92,2021,2021,1,1,c1ccc2c(c1)ncc1nncn12,0.0
COc1ccc2c(nc(NCCCCNC(=O)CC(C)C)c3nnc(C)n32)c1Cl,7.82,1,0.0,7.82,7.82,2021,2021,1,1,c1ccc2c(c1)ncc1nncn12,0.0
COc1ccc2c(nc(NCCCCNC(=O)Cc3cccs3)c3nnc(C)n32)c1Cl,7.8,1,0.0,7.8,7.8,2021,2021,1,1,O=C(Cc1cccs1)NCCCCNc1nc2ccccc2n2cnnc12,0.0
COc1ccc2c(nc(NCCCCNC(=O)OC(C)(C)C)c3nnc(C)n32)c1Cl,7.52,1,0.0,7.52,7.52,2021,2021,1,1,c1ccc2c(c1)ncc1nncn12,0.0
COc1ccc2c(nc(NCCCCNC(=O)OCC(C)C)c3nnc(C)n32)c1Cl,7.8,1,0.0,7.8,7.8,2021,2021,1,1,c1ccc2c(c1)ncc1nncn12,0.0
COc1ccc2nc(-c3cc(C)c(=O)n(C)c3)n(Cc3ccccc3)c2c1,7.36,2,0.0,7.36,7.36,2016,2016,1,2,O=c1ccc(-c2nc3ccccc3n2Cc2ccccc2)c[nH]1,0.0
COc1ccc2nc(-c3cn4c(C)nnc4c(NC(C)C)n3)n(Cc3ccccn3)c2c1,7.35,1,0.0,7.35,7.35,2019,2019,1,1,c1ccc(Cn2c(-c3cn4cnnc4cn3)nc3ccccc32)nc1,0.0
COc1ccc2nc(NCCCCNC(=O)C(C)(C)C)c3nnc(C)n3c2c1,7.38,1,0.0,7.38,7.38,2021,2021,1,1,c1ccc2c(c1)ncc1nncn12,0.0
COc1ccc2nc(NCCCCNC(=O)OC(C)(C)C)c3nnc(C)n3c2c1,7.26,1,0.0,7.26,7.26,2021,2021,1,1,c1ccc2c(c1)ncc1nncn12,0.0
COc1ccc2nc(NCCCCNC(=O)[C@@H](O)C(C)C)c3nnc(C)n3c2c1,8.4,1,0.0,8.4,8.4,2021,2021,1,1,c1ccc2c(c1)ncc1nncn12,0.0
COc1ccc2nc(NCCCCNC(=O)[C@H](O)C(C)C)c3nnc(C)n3c2c1,7.51,1,0.0,7.51,7.51,2021,2021,1,1,c1ccc2c(c1)ncc1nncn12,0.0
COc1ccc2nc(NCCCCNC(=O)c3ccc(C)nc3Cl)c3nnc(C)n3c2c1,7.77,1,0.0,7.77,7.77,2021,2021,1,1,O=C(NCCCCNc1nc2ccccc2n2cnnc12)c1cccnc1,0.0
COc1ccc2nc(NCCCCNC(=O)c3ccccc3)c3nnc(C)n3c2c1,7.34,1,0.0,7.34,7.34,2021,2021,1,1,O=C(NCCCCNc1nc2ccccc2n2cnnc12)c1ccccc1,0.0
COc1ccc2nc(NCCCCNC(=O)c3ccccc3Cl)c3nnc(C)n3c2c1,7.48,1,0.0,7.48,7.48,2021,2021,1,1,O=C(NCCCCNc1nc2ccccc2n2cnnc12)c1ccccc1,0.0
COc1cccc(-c2c(-c3nc4cc(N5CCN(C)CC5)ccc4[nH]3)[nH]c(C)c2C(C)=O)c1,6.95,1,0.0,6.95,6.95,2022,2022,1,1,c1ccc(-c2cc[nH]c2-c2nc3cc(N4CCNCC4)ccc3[nH]2)cc1,0.0
COc1cccc(-c2cc3c(n2C)C(c2ccc(Cl)cc2)N(c2cc(C)c(=O)n(C)c2)C3=O)n1,7.14,1,0.0,7.14,7.14,2017,2017,1,1,O=C1c2cc(-c3ccccn3)[nH]c2C(c2ccccc2)N1c1ccc(=O)[nH]c1,0.0
COc1cccc(-c2ccc(Nc3nn(C)c4c3CN(C(C)=O)CC4)cc2)c1,5.37,1,0.0,5.37,5.37,2017,2017,1,1,c1ccc(-c2ccc(Nc3n[nH]c4c3CNCC4)cc2)cc1,0.0
COc1cccc(-c2cn(C)c(=O)c3[nH]c(C(=O)NCc4ccc(C(=O)Nc5ccccc5N)cc4)cc23)c1,7.225,2,0.41719300090006295,6.93,7.52,2021,2021,1,2,O=C(Nc1ccccc1)c1ccc(CNC(=O)c2cc3c(-c4ccccc4)c[nH]c(=O)c3[nH]2)cc1,0.5899999999999999
COc1cccc(-c2cn(C)c(=O)c3cc(C(=N)NC4CCS(=O)(=O)CC4)sc23)c1,6.1,1,0.0,6.1,6.1,2016,2016,1,1,N=C(NC1CCS(=O)(=O)CC1)c1cc2c(=O)[nH]cc(-c3ccccc3)c2s1,0.0
COc1cccc(-c2cn(C)c(=O)c3ccccc23)c1,5.56,1,0.0,5.56,5.56,2018,2018,1,1,O=c1[nH]cc(-c2ccccc2)c2ccccc12,0.0
COc1cccc(-c2cncc(C(=O)N3CC(=O)Nc4ccccc43)c2)c1,4.6,1,0.0,4.6,4.6,2015,2015,1,1,O=C1CN(C(=O)c2cncc(-c3ccccc3)c2)c2ccccc2N1,0.0
COc1cccc(C(=O)Nc2ncnc3[nH]cnc23)c1,4.2,1,0.0,4.2,4.2,2015,2015,1,1,O=C(Nc1ncnc2[nH]cnc12)c1ccccc1,0.0
COc1cccc(C(=O)Nc2ncnc3[nH]cnc23)c1OC,4.11,1,0.0,4.11,4.11,2015,2015,1,1,O=C(Nc1ncnc2[nH]cnc12)c1ccccc1,0.0
COc1cccc(C2=NC(NC(=O)OCc3ccccc3)c3nnc(C)n3-c3ccccc32)c1,6.0,1,0.0,6.0,6.0,2013,2013,1,1,O=C(NC1N=C(c2ccccc2)c2ccccc2-n2cnnc21)OCc1ccccc1,0.0
COc1cccc(C2c3c(ccn3C)C(=O)N2c2cc(C)c(=O)n(C)c2)c1,6.16,1,0.0,6.16,6.16,2017,2017,1,1,O=C1c2cc[nH]c2C(c2ccccc2)N1c1ccc(=O)[nH]c1,0.0
COc1cccc(C2c3c(ccn3C)C(=O)N2c2cc(Cl)c(=O)n(C)c2)c1,5.96,1,0.0,5.96,5.96,2017,2017,1,1,O=C1c2cc[nH]c2C(c2ccccc2)N1c1ccc(=O)[nH]c1,0.0
COc1cccc(CCc2nc3cc(-c4c(C)noc4C)ccc3n2CCN2CCOCC2)c1,5.34,1,0.0,5.34,5.34,2017,2017,1,1,c1ccc(CCc2nc3cc(-c4cnoc4)ccc3n2CCN2CCOCC2)cc1,0.0
COc1cccc(CNc2cccc(Oc3ccc(S(C)(=O)=O)cc3-c3cn(C)c(=O)c4cncn34)c2)c1,6.545,2,0.24748737341529137,6.37,6.72,2017,2017,1,2,O=c1[nH]cc(-c2ccccc2Oc2cccc(NCc3ccccc3)c2)n2cncc12,0.34999999999999964
COc1cccc(Cn2c(C)cc3c2ccc2nnc(C)n23)c1,5.76,2,0.7071067811865476,5.26,6.26,2017,2019,2,2,c1ccc(Cn2ccc3c2ccc2nncn23)cc1,1.0
COc1cccc(Cn2c(C)nc3ncc(-c4c[nH]c(=O)c5[nH]c(C)cc45)cc32)c1,6.7,1,0.0,6.7,6.7,2022,2022,1,1,O=c1[nH]cc(-c2cnc3ncn(Cc4ccccc4)c3c2)c2cc[nH]c12,0.0
COc1cccc(NC(=O)c2cccc3c2N[C@H](C)CC(=O)N3)c1,5.25,1,0.0,5.25,5.25,2019,2019,1,1,O=C1CCNc2c(cccc2C(=O)Nc2ccccc2)N1,0.0
COc1cccc(N[C@@H]2C[C@H](C)N(C(C)=O)c3ccc(-c4ccc(C#N)cc4)cc32)c1,6.0,1,0.0,6.0,6.0,2014,2014,1,1,c1ccc(NC2CCNc3ccc(-c4ccccc4)cc32)cc1,0.0
COc1cccc(N[C@@H]2C[C@H](C)N(C(C)=O)c3ccc(-c4ccc(C(=O)O)cc4)cc32)c1,6.3,1,0.0,6.3,6.3,2014,2014,1,1,c1ccc(NC2CCNc3ccc(-c4ccccc4)cc32)cc1,0.0
COc1cccc(Nc2nc(Nc3ccc(N4CCN(C)CC4)cc3)ncc2C)c1,5.73,1,0.0,5.73,5.73,2023,2023,1,1,c1ccc(Nc2ccnc(Nc3ccc(N4CCNCC4)cc3)n2)cc1,0.0
COc1cccc(Nc2nc(Nc3ccc(N4CCN(C)CC4)cc3)ncc2Cl)c1,5.22,1,0.0,5.22,5.22,2023,2023,1,1,c1ccc(Nc2ccnc(Nc3ccc(N4CCNCC4)cc3)n2)cc1,0.0
COc1cccc(S(=O)(=O)Nc2ccc3c(c2)CN(C)C(=O)N3)c1,6.14,1,0.0,6.14,6.14,2012,2012,1,1,O=C1NCc2cc(NS(=O)(=O)c3ccccc3)ccc2N1,0.0
COc1cccc2c1N(CCCNC(=O)c1cccc3c1N[C@H](C)C(=O)N3)CCC2,4.89,1,0.0,4.89,4.89,2017,2017,1,1,O=C1CNc2c(cccc2C(=O)NCCCN2CCCc3ccccc32)N1,0.0
COc1cccc2c1Oc1cc(N[C@H]3CC[C@H](O)CC3)ncc1N(C)C2=O,5.55,1,0.0,5.55,5.55,2021,2021,1,1,O=C1Nc2cnc(NC3CCCCC3)cc2Oc2ccccc21,0.0
COc1cccc2c1nc(NCCCCN)c1nnc(C)n12,7.27,1,0.0,7.27,7.27,2021,2021,1,1,c1ccc2c(c1)ncc1nncn12,0.0
COc1cccc2c1nc(NCCCCNC(=O)C(C)(C)C)c1nnc(C)n12,7.1,1,0.0,7.1,7.1,2021,2021,1,1,c1ccc2c(c1)ncc1nncn12,0.0
COc1cccc2c1nc(NCCCCNC(=O)OC(C)(C)C)c1nnc(C)n12,7.19,1,0.0,7.19,7.19,2021,2021,1,1,c1ccc2c(c1)ncc1nncn12,0.0
COc1cccc2c1nc(NCCCCNC(=O)OCC(C)C)c1nnc(C)n12,7.47,1,0.0,7.47,7.47,2021,2021,1,1,c1ccc2c(c1)ncc1nncn12,0.0
COc1ccccc1-c1c(-c2nc3cc(N4CCN(C)CC4)ccc3[nH]2)[nH]c(C)c1C(C)=O,5.78,1,0.0,5.78,5.78,2022,2022,1,1,c1ccc(-c2cc[nH]c2-c2nc3cc(N4CCNCC4)ccc3[nH]2)cc1,0.0
COc1ccccc1-c1ccc(Nc2nn(C)c3c2CN(C(C)=O)CC3)cc1,5.18,1,0.0,5.18,5.18,2017,2017,1,1,c1ccc(-c2ccc(Nc3n[nH]c4c3CNCC4)cc2)cc1,0.0
COc1ccccc1-c1cn(C)c(=O)c2[nH]c(C(=O)NCc3ccc(C(=O)Nc4ccccc4N)cc3)cc12,7.485,2,0.23334523779156074,7.32,7.65,2021,2021,1,2,O=C(Nc1ccccc1)c1ccc(CNC(=O)c2cc3c(-c4ccccc4)c[nH]c(=O)c3[nH]2)cc1,0.33000000000000007
COc1ccccc1-n1nc(C)c2c1C(=O)N(c1cc(C)c3nnc(C)n3c1)C2c1ccc(Cl)cc1F,7.57,1,0.0,7.57,7.57,2015,2015,1,1,O=C1c2c(cnn2-c2ccccc2)C(c2ccccc2)N1c1ccc2nncn2c1,0.0
COc1ccccc1-n1nc(C)c2c1C(=O)N(c1cc(C)c3nnc(C)n3c1)C2c1ccc(F)cc1F,7.8,1,0.0,7.8,7.8,2015,2015,1,1,O=C1c2c(cnn2-c2ccccc2)C(c2ccccc2)N1c1ccc2nncn2c1,0.0
COc1ccccc1C(=O)NCCCCNc1nc2cc(-c3nc4ccccc4n3C)ccc2n2c(C)nnc12,9.22,1,0.0,9.22,9.22,2021,2021,1,1,O=C(NCCCCNc1nc2cc(-c3nc4ccccc4[nH]3)ccc2n2cnnc12)c1ccccc1,0.0
COc1ccccc1C(=O)Nc1ncnc2[nH]cnc12,4.8,1,0.0,4.8,4.8,2015,2015,1,1,O=C(Nc1ncnc2[nH]cnc12)c1ccccc1,0.0
COc1ccccc1C1=NC(NC(=O)OCc2ccccc2)c2nnc(C)n2-c2ccccc21,5.3,1,0.0,5.3,5.3,2013,2013,1,1,O=C(NC1N=C(c2ccccc2)c2ccccc2-n2cnnc21)OCc1ccccc1,0.0
COc1ccccc1CCc1nc2cc(-c3c(C)noc3C)ccc2n1CCN1CCOCC1,4.86,1,0.0,4.86,4.86,2017,2017,1,1,c1ccc(CCc2nc3cc(-c4cnoc4)ccc3n2CCN2CCOCC2)cc1,0.0
COc1ccccc1NC(=O)c1cccc2c1NC(C)CC(=O)N2,4.65,1,0.0,4.65,4.65,2019,2019,1,1,O=C1CCNc2c(cccc2C(=O)Nc2ccccc2)N1,0.0
COc1ccccc1N[C@@H]1C[C@H](C)N(C(C)=O)c2ccc(-c3ccc(C(=O)O)cc3)cc21,6.2,1,0.0,6.2,6.2,2014,2014,1,1,c1ccc(NC2CCNc3ccc(-c4ccccc4)cc32)cc1,0.0
COc1ccccc1Oc1ccc(NS(C)(=O)=O)cc1-c1ccc2[nH]c(=O)c(C)nc2c1,5.55,1,0.0,5.55,5.55,2023,2023,1,1,O=c1cnc2cc(-c3ccccc3Oc3ccccc3)ccc2[nH]1,0.0
COc1ccccc1Oc1nccc(-c2c(-c3ccc(I)cc3)ncn2C2CCNCC2)n1,5.62,1,0.0,5.62,5.62,2022,2022,1,1,c1ccc(Oc2nccc(-c3c(-c4ccccc4)ncn3C3CCNCC3)n2)cc1,0.0
COc1ccccc1S(=O)(=O)Nc1ccc2c(c1)C(=C(C)C)C(=O)N2,7.72,1,0.0,7.72,7.72,2020,2020,1,1,C=C1C(=O)Nc2ccc(NS(=O)(=O)c3ccccc3)cc21,0.0
COc1ccccc1S(=O)(=O)Nc1ccc2c(c1)C(=C1CCC1)C(=O)N2,7.58,1,0.0,7.58,7.58,2020,2020,1,1,O=C1Nc2ccc(NS(=O)(=O)c3ccccc3)cc2C1=C1CCC1,0.0
COc1ccccc1S(=O)(=O)Nc1ccc2c(c1)CN(C)C(=O)N2,6.859999999999999,2,0.28284271247461895,6.66,7.06,2012,2020,2,2,O=C1NCc2cc(NS(=O)(=O)c3ccccc3)ccc2N1,0.39999999999999947
COc1cccnc1C(C1CCOCC1)n1c2cc(-c3c(C)nnn3C)cnc2c2c1c(C(C)(C)O)nn2C,9.17,1,0.0,9.17,9.17,2022,2022,1,1,c1ccc(C(C2CCOCC2)n2c3cc(-c4cnn[nH]4)cnc3c3[nH]ncc32)nc1,0.0
COc1cncc2c(-c3nn(C4CCOCC4)c4c3CN(C(C)=O)CC4)cccc12,4.89,1,0.0,4.89,4.89,2018,2018,1,1,c1cc(-c2nn(C3CCOCC3)c3c2CNCC3)c2cnccc2c1,0.0
COc1nc(NC2CCNCC2)nc2c1ccn2-c1cccc(NS(=O)(=O)C(C)(C)C)c1,6.91,1,0.0,6.91,6.91,2022,2022,1,1,c1ccc(-n2ccc3cnc(NC4CCNCC4)nc32)cc1,0.0
COc1nc(Nc2ccc(N3CCN(C)CC3)cc2)nc2c1ccn2-c1cccc(NS(=O)(=O)C(C)(C)C)c1,5.29,1,0.0,5.29,5.29,2022,2022,1,1,c1ccc(-n2ccc3cnc(Nc4ccc(N5CCNCC5)cc4)nc32)cc1,0.0
COc1nc2c(-c3c(C)ccc4ncccc34)cc(-c3c(C)noc3C)cc2[nH]1,6.96,6,0.300044441152751,6.92,7.52,2016,2016,1,6,c1cc(-c2cc(-c3cnoc3)cc3[nH]cnc23)c2cccnc2c1,0.5999999999999996
COc1ncc(-c2cc3c(n2C)C(c2ccc(Cl)cc2)N(c2cc(C)c(=O)n(C)c2)C3=O)c(OC)n1,7.4,1,0.0,7.4,7.4,2017,2017,1,1,O=C1c2cc(-c3cncnc3)[nH]c2C(c2ccccc2)N1c1ccc(=O)[nH]c1,0.0
COc1ncc(-c2cc3c(n2C)C(c2ccc(Cl)cc2)N(c2cc(C)c(=O)n(C)c2)C3=O)cn1,7.28,1,0.0,7.28,7.28,2017,2017,1,1,O=C1c2cc(-c3cncnc3)[nH]c2C(c2ccccc2)N1c1ccc(=O)[nH]c1,0.0
COc1ncc(-c2cc3c(n2C)C(c2ccc(Cl)cc2)N(c2cc(Cl)c(=O)n(C)c2)C3=O)c(OC)n1,7.33,1,0.0,7.33,7.33,2017,2017,1,1,O=C1c2cc(-c3cncnc3)[nH]c2C(c2ccccc2)N1c1ccc(=O)[nH]c1,0.0
COc1ncc(-c2cc3c(n2C)C(c2ccc(Cl)cc2)N(c2cc(Cl)c(=O)n(C)c2)C3=O)cn1,7.11,1,0.0,7.11,7.11,2017,2017,1,1,O=C1c2cc(-c3cncnc3)[nH]c2C(c2ccccc2)N1c1ccc(=O)[nH]c1,0.0
COc1ncc(-c2cc3c(n2C)[C@@H](c2ccc(Cl)cc2)N(c2cc(C)c(=O)n(C)c2)C3=O)c(OC)n1,7.35,1,0.0,7.35,7.35,2017,2017,1,1,O=C1c2cc(-c3cncnc3)[nH]c2C(c2ccccc2)N1c1ccc(=O)[nH]c1,0.0
COc1ncc(-c2cc3c(n2C)[C@@H](c2ccc(Cl)cc2)N(c2cc(C)c(=O)n(C)c2)C3=O)cn1,7.55,1,0.0,7.55,7.55,2017,2017,1,1,O=C1c2cc(-c3cncnc3)[nH]c2C(c2ccccc2)N1c1ccc(=O)[nH]c1,0.0
COc1ncc(-c2nc3c([nH]2)C(c2ccc(Cl)cc2)N(c2cc(C)c4nnc(C)n4c2)C3=O)c(OC)n1,7.42,1,0.0,7.42,7.42,2018,2018,1,1,O=C1c2nc(-c3cncnc3)[nH]c2C(c2ccccc2)N1c1ccc2nncn2c1,0.0
COc1ncc(-c2nc3c([nH]2)C(c2ccc(Cl)cc2)N(c2cc(OC)c4nnc(C)n4c2)C3=O)c(OC)n1,6.92,1,0.0,6.92,6.92,2018,2018,1,1,O=C1c2nc(-c3cncnc3)[nH]c2C(c2ccccc2)N1c1ccc2nncn2c1,0.0
COc1ncc(-c2nc3c([nH]2)[C@@H](c2ccc(Cl)cc2)N(c2cc(OC)c4nnc(C)n4c2)C3=O)c(OC)n1,7.07,1,0.0,7.07,7.07,2018,2018,1,1,O=C1c2nc(-c3cncnc3)[nH]c2C(c2ccccc2)N1c1ccc2nncn2c1,0.0
COc1ncc(-c2nc3c(n2C(C)C)C(c2ccc(Cl)cc2)N(c2cc(C)c4nnc(C(F)F)n4c2)C3=O)c(OC)n1,7.72,1,0.0,7.72,7.72,2018,2018,1,1,O=C1c2nc(-c3cncnc3)[nH]c2C(c2ccccc2)N1c1ccc2nncn2c1,0.0
COc1ncc(-c2nc3c(n2C(C)C)C(c2ccc(Cl)cc2)N(c2cc(C)c4nnc(C)n4c2)C3=O)c(OC)n1,7.35,1,0.0,7.35,7.35,2018,2018,1,1,O=C1c2nc(-c3cncnc3)[nH]c2C(c2ccccc2)N1c1ccc2nncn2c1,0.0
COc1ncc(-c2nc3c(n2C(C)C)C(c2ccc(Cl)cc2)N(c2cc(C)c4onc(C)c4c2)C3=O)c(OC)n1,7.19,1,0.0,7.19,7.19,2018,2018,1,1,O=C1c2nc(-c3cncnc3)[nH]c2C(c2ccccc2)N1c1ccc2oncc2c1,0.0
COc1ncc(-c2nc3c(n2C)C(c2ccc(Cl)cc2)N(c2cc(OC)c4nnc(C)n4c2)C3=O)c(OC)n1,7.23,1,0.0,7.23,7.23,2018,2018,1,1,O=C1c2nc(-c3cncnc3)[nH]c2C(c2ccccc2)N1c1ccc2nncn2c1,0.0
COc1ncc(-n2nc(C)c3c2C(=O)N(c2cc(C)c(=O)n(C)c2)C3c2ccc(Cl)cc2)c(OC)n1,7.06,1,0.0,7.06,7.06,2015,2015,1,1,O=C1c2c(cnn2-c2cncnc2)C(c2ccccc2)N1c1ccc(=O)[nH]c1,0.0
COc1ncc(-n2nc(C)c3c2C(=O)N(c2cc(C)c(=O)n(C)c2)[C@@H]3c2ccc(Cl)cc2)c(OC)n1,7.6,1,0.0,7.6,7.6,2015,2015,1,1,O=C1c2c(cnn2-c2cncnc2)C(c2ccccc2)N1c1ccc(=O)[nH]c1,0.0
COc1ncc(-n2nc(C)c3c2C(=O)N(c2cc(C)c(=O)n(C)c2)[C@H]3c2ccc(Cl)cc2)c(OC)n1,5.11,1,0.0,5.11,5.11,2015,2015,1,1,O=C1c2c(cnn2-c2cncnc2)C(c2ccccc2)N1c1ccc(=O)[nH]c1,0.0
COc1ncc(-n2nc(C)c3c2C(=O)N(c2cc(Cl)c(=O)n(C)c2)C3c2ccc(Cl)cc2)c(OC)n1,6.89,1,0.0,6.89,6.89,2015,2015,1,1,O=C1c2c(cnn2-c2cncnc2)C(c2ccccc2)N1c1ccc(=O)[nH]c1,0.0
COc1ncc(-n2nc(C)c3c2C(c2ccc(Cl)cc2)N(c2cc(Cl)c(=O)n(C)c2)C3=O)cn1,6.77,1,0.0,6.77,6.77,2017,2017,1,1,O=C1c2cnn(-c3cncnc3)c2C(c2ccccc2)N1c1ccc(=O)[nH]c1,0.0
COc1ncc(-n2nc(C)c3c2[C@@H](c2ccc(Cl)cc2)N(c2cc(C)c(=O)n(C)c2)C3=O)cn1,6.96,1,0.0,6.96,6.96,2017,2017,1,1,O=C1c2cnn(-c3cncnc3)c2C(c2ccccc2)N1c1ccc(=O)[nH]c1,0.0
COc1ncc(-n2nc(C)c3c2[C@@H](c2ccc(Cl)cc2)N(c2cc(Cl)c(=O)n(C)c2)C3=O)cn1,6.68,1,0.0,6.68,6.68,2017,2017,1,1,O=C1c2cnn(-c3cncnc3)c2C(c2ccccc2)N1c1ccc(=O)[nH]c1,0.0
COc1ncc(-n2nc3c(c2C(C)C)C(c2ccc(Cl)cc2)N(c2cc(C)c4nnc(C)n4c2)C3=O)c(OC)n1,7.62,1,0.0,7.62,7.62,2015,2015,1,1,O=C1c2nn(-c3cncnc3)cc2C(c2ccccc2)N1c1ccc2nncn2c1,0.0
COc1ncc(-n2nc3c(c2C(C)C)C(c2ccc(Cl)cc2)N(c2cc(C)c4onc(C)c4c2)C3=O)c(OC)n1,7.06,1,0.0,7.06,7.06,2015,2015,1,1,O=C1c2nn(-c3cncnc3)cc2C(c2ccccc2)N1c1ccc2oncc2c1,0.0
COc1ncc(-n2nc3c(c2C(C)C)C(c2ccc(Cl)cc2)N(c2ccc4onc(C)c4c2)C3=O)c(OC)n1,6.58,1,0.0,6.58,6.58,2015,2015,1,1,O=C1c2nn(-c3cncnc3)cc2C(c2ccccc2)N1c1ccc2oncc2c1,0.0
COc1ncc(-n2nc3c(c2C(C)C)[C@@H](c2ccc(Cl)cc2)N(c2cc(C)c4onc(C)c4c2)C3=O)c(OC)n1,7.17,1,0.0,7.17,7.17,2015,2015,1,1,O=C1c2nn(-c3cncnc3)cc2C(c2ccccc2)N1c1ccc2oncc2c1,0.0
COc1ncc(-n2nc3c(c2C(F)(F)F)C(c2ccc(Cl)cc2)N(c2cc(Cl)c(=O)n(C)c2)C3=O)c(OC)n1,6.57,1,0.0,6.57,6.57,2015,2015,1,1,O=C1c2nn(-c3cncnc3)cc2C(c2ccccc2)N1c1ccc(=O)[nH]c1,0.0
COc1ncc(-n2nc3c(c2C)C(=O)N(c2cc(C)c(=O)n(C)c2)C3c2ccc(Cl)cc2)c(OC)n1,7.0,1,0.0,7.0,7.0,2017,2017,1,1,O=C1c2cn(-c3cncnc3)nc2C(c2ccccc2)N1c1ccc(=O)[nH]c1,0.0
COc1ncc(-n2nc3c(c2C)C(c2ccc(Cl)cc2)N(c2cc(Cl)c(=O)n(C)c2)C3=O)c(OC)n1,6.92,2,0.141421356237309,6.82,7.02,2015,2015,1,1,O=C1c2nn(-c3cncnc3)cc2C(c2ccccc2)N1c1ccc(=O)[nH]c1,0.1999999999999993
COc1ncc(NC2=C(C(C)=N)C(=O)N(c3cc(C)c(=O)n(C)c3)C2c2ccc(Cl)cc2)cn1,7.15,1,0.0,7.15,7.15,2017,2017,1,1,O=C1C=C(Nc2cncnc2)C(c2ccccc2)N1c1ccc(=O)[nH]c1,0.0
COc1nccc(-c2cc3c(n2C)C(c2ccc(Cl)cc2)N(c2cc(Cl)c(=O)n(C)c2)C3=O)n1,6.52,1,0.0,6.52,6.52,2017,2017,1,1,O=C1c2cc(-c3ccncn3)[nH]c2C(c2ccccc2)N1c1ccc(=O)[nH]c1,0.0
COc1nccc(-n2nc(C)c3c2C(=O)N(c2cc(C)c(=O)n(C)c2)C3c2ccc(Cl)cc2)n1,6.41,1,0.0,6.41,6.41,2015,2015,1,1,O=C1c2c(cnn2-c2ccncn2)C(c2ccccc2)N1c1ccc(=O)[nH]c1,0.0
COc1nccc2c1C(c1ccc(Cl)cc1)=NCc1onc(C)c1-2,6.36,1,0.0,6.36,6.36,2016,2016,1,1,c1ccc(C2=NCc3oncc3-c3ccncc32)cc1,0.0
COc1ncccc1-c1cc2c([nH]1)C(c1ccc(Cl)cc1)N(c1cc(C)c3nnc(C)n3c1)C2=O,7.77,1,0.0,7.77,7.77,2017,2017,1,1,O=C1c2cc(-c3cccnc3)[nH]c2C(c2ccccc2)N1c1ccc2nncn2c1,0.0
COc1ncccc1-c1cc2c(n1C)C(c1ccc(Cl)cc1)N(c1cc(C)c3nnc(C)n3c1)C2=O,7.4,1,0.0,7.4,7.4,2017,2017,1,1,O=C1c2cc(-c3cccnc3)[nH]c2C(c2ccccc2)N1c1ccc2nncn2c1,0.0
COc1ncccc1-c1cc2c(n1C)[C@H](c1ccc(Cl)cc1)N(c1cc(C)c3nnc(C)n3c1)C2=O,7.85,1,0.0,7.85,7.85,2017,2017,1,1,O=C1c2cc(-c3cccnc3)[nH]c2C(c2ccccc2)N1c1ccc2nncn2c1,0.0
COc1ncccc1-c1n[nH]c2c1C(=O)N(c1cc(C)c3nnc(C)n3c1)[C@@H]2c1ccc(Cl)cc1,7.38,1,0.0,7.38,7.38,2017,2017,1,1,O=C1c2c(-c3cccnc3)n[nH]c2C(c2ccccc2)N1c1ccc2nncn2c1,0.0
COc1ncccc1-c1nc2c([nH]1)C(c1ccc(Cl)cc1)N(c1cc(C)c3nnc(C(F)F)n3c1)C2=O,7.54,1,0.0,7.54,7.54,2018,2018,1,1,O=C1c2nc(-c3cccnc3)[nH]c2C(c2ccccc2)N1c1ccc2nncn2c1,0.0
COc1ncccc1-c1nc2c([nH]1)C(c1ccc(Cl)cc1)N(c1cc(C)c3nnc(C)n3c1)C2=O,7.19,1,0.0,7.19,7.19,2018,2018,1,1,O=C1c2nc(-c3cccnc3)[nH]c2C(c2ccccc2)N1c1ccc2nncn2c1,0.0
COc1ncccc1-c1nc2c([nH]1)C(c1ccc(Cl)cc1)N(c1cc(C)c3nnn(C)c3c1)C2=O,7.64,1,0.0,7.64,7.64,2018,2018,1,1,O=C1c2nc(-c3cccnc3)[nH]c2C(c2ccccc2)N1c1ccc2nn[nH]c2c1,0.0
COc1ncccc1-c1nc2c([nH]1)C(c1ccc(Cl)cc1)N(c1cc(C)c3nnn(C)c3n1)C2=O,7.89,1,0.0,7.89,7.89,2018,2018,1,1,O=C1c2nc(-c3cccnc3)[nH]c2C(c2ccccc2)N1c1ccc2nn[nH]c2n1,0.0
COc1ncccc1-c1nc2c([nH]1)[C@@H](c1ccc(Cl)cc1)N(c1cc(C)c(=O)n(C)c1)C2=O,7.6,1,0.0,7.6,7.6,2018,2018,1,1,O=C1c2nc(-c3cccnc3)[nH]c2C(c2ccccc2)N1c1ccc(=O)[nH]c1,0.0
COc1ncccc1-c1nc2c([nH]1)[C@@H](c1ccc(Cl)cc1)N(c1cc(C)c3nnc(C(F)F)n3c1)C2=O,7.89,1,0.0,7.89,7.89,2018,2018,1,1,O=C1c2nc(-c3cccnc3)[nH]c2C(c2ccccc2)N1c1ccc2nncn2c1,0.0
COc1ncccc1-c1nc2c([nH]1)[C@@H](c1ccc(Cl)cc1)N(c1cc(C)c3nnc(C)n3c1)C2=O,7.4,1,0.0,7.4,7.4,2018,2018,1,1,O=C1c2nc(-c3cccnc3)[nH]c2C(c2ccccc2)N1c1ccc2nncn2c1,0.0
COc1ncccc1-c1nc2c([nH]1)[C@@H](c1ccc(Cl)cc1)N(c1cc(C)c3nnn(C)c3n1)C2=O,7.89,1,0.0,7.89,7.89,2018,2018,1,1,O=C1c2nc(-c3cccnc3)[nH]c2C(c2ccccc2)N1c1ccc2nn[nH]c2n1,0.0
COc1ncccc1-c1nc2c(n1C(C)C)C(=O)N(c1cc(C)c(=O)n(C)c1)C2c1ccc(Cl)cc1,7.41,1,0.0,7.41,7.41,2018,2018,1,1,O=C1c2[nH]c(-c3cccnc3)nc2C(c2ccccc2)N1c1ccc(=O)[nH]c1,0.0
COc1ncccc1-c1nc2c(n1C(C)C)C(=O)N(c1cc(C)c(=O)n(C)c1)[C@@H]2c1ccc(Cl)cc1,7.8,1,0.0,7.8,7.8,2018,2018,1,1,O=C1c2[nH]c(-c3cccnc3)nc2C(c2ccccc2)N1c1ccc(=O)[nH]c1,0.0
COc1ncccc1-c1nc2c(n1C(C)C)C(c1ccc(Cl)cc1)N(c1cc(C)c3nnc(C(F)F)n3n1)C2=O,7.64,1,0.0,7.64,7.64,2018,2018,1,1,O=C1c2nc(-c3cccnc3)[nH]c2C(c2ccccc2)N1c1ccc2nncn2n1,0.0
COc1ncccc1-c1nc2c(n1C(C)C)C(c1ccc(Cl)cc1)N(c1cc(C)c3nnc(CF)n3c1)C2=O,7.82,1,0.0,7.82,7.82,2018,2018,1,1,O=C1c2nc(-c3cccnc3)[nH]c2C(c2ccccc2)N1c1ccc2nncn2c1,0.0
COc1ncccc1-c1nc2c(n1C(C)C)C(c1ccc(Cl)cc1)N(c1cc(OC)c3nnn(C)c3c1)C2=O,7.5,1,0.0,7.5,7.5,2018,2018,1,1,O=C1c2nc(-c3cccnc3)[nH]c2C(c2ccccc2)N1c1ccc2nn[nH]c2c1,0.0
COc1ncccc1-c1nc2c(n1C(C)C)[C@@H](c1ccc(Cl)cc1)N(c1cc(C)c3nnc(C(F)F)n3c1)C2=O,7.96,1,0.0,7.96,7.96,2018,2018,1,1,O=C1c2nc(-c3cccnc3)[nH]c2C(c2ccccc2)N1c1ccc2nncn2c1,0.0
COc1ncccc1-c1nc2c(n1C(C)C)[C@@H](c1ccc(Cl)cc1)N(c1cc(OC)c3nnn(C)c3c1)C2=O,7.85,1,0.0,7.85,7.85,2018,2018,1,1,O=C1c2nc(-c3cccnc3)[nH]c2C(c2ccccc2)N1c1ccc2nn[nH]c2c1,0.0
COc1ncccc1-c1nn(C)c2c1C(=O)N(c1cc(C)c(=O)n(C)c1)C2c1ccc(Cl)cc1,7.2,1,0.0,7.2,7.2,2017,2017,1,1,O=C1c2c(-c3cccnc3)n[nH]c2C(c2ccccc2)N1c1ccc(=O)[nH]c1,0.0
COc1ncccc1-c1nn(C)c2c1C(=O)N(c1cc(C)c(=O)n(C)c1)[C@@H]2c1ccc(Cl)cc1,7.25,1,0.0,7.25,7.25,2017,2017,1,1,O=C1c2c(-c3cccnc3)n[nH]c2C(c2ccccc2)N1c1ccc(=O)[nH]c1,0.0
COc1ncccc1-c1nn(C)c2c1C(=O)N(c1cc(C)c3nnc(C)n3c1)C2c1ccc(Cl)cc1,7.5,1,0.0,7.5,7.5,2017,2017,1,1,O=C1c2c(-c3cccnc3)n[nH]c2C(c2ccccc2)N1c1ccc2nncn2c1,0.0
COc1ncccc1-c1nn(C)c2c1C(=O)N(c1cc(C)c3nnc(C)n3c1)[C@@H]2c1ccc(Cl)cc1,7.62,1,0.0,7.62,7.62,2017,2017,1,1,O=C1c2c(-c3cccnc3)n[nH]c2C(c2ccccc2)N1c1ccc2nncn2c1,0.0
COc1ncccc1-n1nc(C)c2c1C(=O)N(c1cc(C)c(=O)n(C)c1)C2c1ccc(Cl)cc1,7.28,1,0.0,7.28,7.28,2015,2015,1,1,O=C1c2c(cnn2-c2cccnc2)C(c2ccccc2)N1c1ccc(=O)[nH]c1,0.0
COc1ncccc1-n1nc(C)c2c1C(=O)N(c1cc(C)c(=O)n(C)c1)[C@@H]2c1ccc(Cl)cc1,7.44,1,0.0,7.44,7.44,2015,2015,1,1,O=C1c2c(cnn2-c2cccnc2)C(c2ccccc2)N1c1ccc(=O)[nH]c1,0.0
COc1ncccc1-n1nc(C)c2c1C(=O)N(c1cc(C)c(=O)n(C)c1)[C@H]2c1ccc(Cl)cc1,5.24,1,0.0,5.24,5.24,2015,2015,1,1,O=C1c2c(cnn2-c2cccnc2)C(c2ccccc2)N1c1ccc(=O)[nH]c1,0.0
COc1ncccc1-n1nc(C)c2c1C(=O)N(c1cc(C)c3nnc(C)n3c1)C2c1ccc(Cl)cc1,7.47,1,0.0,7.47,7.47,2015,2015,1,1,O=C1c2c(cnn2-c2cccnc2)C(c2ccccc2)N1c1ccc2nncn2c1,0.0
COc1ncccc1-n1nc(C)c2c1C(=O)N(c1cc(C)c3nnc(C)n3c1)C2c1ccc(Cl)cc1F,7.54,1,0.0,7.54,7.54,2015,2015,1,1,O=C1c2c(cnn2-c2cccnc2)C(c2ccccc2)N1c1ccc2nncn2c1,0.0
COc1ncccc1-n1nc(C)c2c1C(=O)N(c1cc(C)c3nnc(C)n3c1)C2c1ccc(F)cc1F,7.24,1,0.0,7.24,7.24,2015,2015,1,1,O=C1c2c(cnn2-c2cccnc2)C(c2ccccc2)N1c1ccc2nncn2c1,0.0
COc1ncccc1-n1nc(C)c2c1C(=O)N(c1cc(C)c3nnc(C)n3n1)C2c1ccc(Cl)cc1,7.77,1,0.0,7.77,7.77,2015,2015,1,1,O=C1c2c(cnn2-c2cccnc2)C(c2ccccc2)N1c1ccc2nncn2n1,0.0
COc1ncccc1-n1nc(C)c2c1C(=O)N(c1cc(C)c3nnn(C)c3n1)C2c1ccc(Cl)cc1,7.77,1,0.0,7.77,7.77,2015,2015,1,1,O=C1c2c(cnn2-c2cccnc2)C(c2ccccc2)N1c1ccc2nn[nH]c2n1,0.0
COc1ncccc1-n1nc(C)c2c1C(=O)N(c1cc(Cl)c(=O)n(C)c1)C2c1ccc(Cl)cc1,7.1,1,0.0,7.1,7.1,2015,2015,1,1,O=C1c2c(cnn2-c2cccnc2)C(c2ccccc2)N1c1ccc(=O)[nH]c1,0.0
COc1ncccc1-n1nc(C)c2c1C(c1ccc(Cl)cc1)N(c1cc(C)c(=O)n(C)c1)C2=O,7.07,1,0.0,7.07,7.07,2017,2017,1,1,O=C1c2cnn(-c3cccnc3)c2C(c2ccccc2)N1c1ccc(=O)[nH]c1,0.0
COc1ncccc1-n1nc(C)c2c1C(c1ccc(Cl)cc1)N(c1cc(Cl)c(=O)n(C)c1)C2=O,6.96,1,0.0,6.96,6.96,2017,2017,1,1,O=C1c2cnn(-c3cccnc3)c2C(c2ccccc2)N1c1ccc(=O)[nH]c1,0.0
COc1ncccc1-n1nc(C)c2c1[C@@H](c1ccc(Cl)cc1)N(c1cc(C)c(=O)n(C)c1)C2=O,7.035,2,0.30405591591021525,6.82,7.25,2017,2017,1,1,O=C1c2cnn(-c3cccnc3)c2C(c2ccccc2)N1c1ccc(=O)[nH]c1,0.4299999999999997
COc1ncccc1-n1nc(C)c2c1[C@@H](c1ccc(Cl)cc1)N(c1cc(Cl)c(=O)n(C)c1)C2=O,7.39,1,0.0,7.39,7.39,2017,2017,1,1,O=C1c2cnn(-c3cccnc3)c2C(c2ccccc2)N1c1ccc(=O)[nH]c1,0.0
COc1ncccc1-n1nc2c(c1C)C(=O)N(c1cc(C)c(=O)n(C)c1)[C@@H]2c1ccc(Cl)cc1,7.04,1,0.0,7.04,7.04,2017,2017,1,1,O=C1c2cn(-c3cccnc3)nc2C(c2ccccc2)N1c1ccc(=O)[nH]c1,0.0
COc1ncccc1-n1nc2c(c1C)C(c1ccc(Cl)cc1F)N(c1cc(C)c3nnc(C)n3c1)C2=O,7.35,1,0.0,7.35,7.35,2015,2015,1,1,O=C1c2nn(-c3cccnc3)cc2C(c2ccccc2)N1c1ccc2nncn2c1,0.0
COc1ncccc1-n1nc2c(c1C)C(c1ccc(F)cc1F)N(c1cc(C)c3nnc(C)n3c1)C2=O,7.26,1,0.0,7.26,7.26,2015,2015,1,1,O=C1c2nn(-c3cccnc3)cc2C(c2ccccc2)N1c1ccc2nncn2c1,0.0
COc1nnc2ccc(N3CCC(c4ccc(OCCN5CCN(C)C(=O)[C@H]5C)cc4)CC3)nn12,5.95,2,0.636396103067893,5.5,6.4,2023,2023,1,2,O=C1CN(CCOc2ccc(C3CCN(c4ccc5nncn5n4)CC3)cc2)CCN1,0.9000000000000004
COn1c(=O)n2c3c(c(-c4c(C)noc4C)ccc31)CCC2c1ccccn1,6.26,1,0.0,6.26,6.26,2017,2017,1,1,O=c1[nH]c2ccc(-c3cnoc3)c3c2n1C(c1ccccn1)CC3,0.0
CSc1cc(-c2cn(C)nc2Cc2ccccc2)nn2c(C)nnc12,5.7,2,0.0,5.7,5.7,2016,2016,1,2,c1ccc(Cc2n[nH]cc2-c2ccc3nncn3n2)cc1,0.0
CSc1ccc(-c2c(-c3nc4cc(N5CCN(C)CC5)ccc4[nH]3)[nH]c(C)c2C(C)=O)cc1,7.39,1,0.0,7.39,7.39,2022,2022,1,1,c1ccc(-c2cc[nH]c2-c2nc3cc(N4CCNCC4)ccc3[nH]2)cc1,0.0
CSc1ccc(Cn2c(C)nc3ncc(-c4cn(C)c(=O)c5[nH]ccc45)cc32)cc1,8.195,2,0.41719300090006295,7.9,8.49,2022,2022,1,2,O=c1[nH]cc(-c2cnc3ncn(Cc4ccccc4)c3c2)c2cc[nH]c12,0.5899999999999999
CSc1ccc2c(c1)nc(NCCCCNC(=O)OC(C)(C)C)c1nnc(C)n12,7.25,1,0.0,7.25,7.25,2021,2021,1,1,c1ccc2c(c1)ncc1nncn12,0.0
CSc1ccc2c(c1)nc(NCCCCNC(=O)[C@@H](F)C(C)C)c1nnc(C)n12,7.21,1,0.0,7.21,7.21,2021,2021,1,1,c1ccc2c(c1)ncc1nncn12,0.0
CSc1ccc2c(c1)nc(NCCCCNC(=O)[C@@H](O)C(C)C)c1nnc(C)n12,8.15,1,0.0,8.15,8.15,2021,2021,1,1,c1ccc2c(c1)ncc1nncn12,0.0
CSc1ccccc1C(=O)Nc1ncnc2[nH]cnc12,4.53,1,0.0,4.53,4.53,2015,2015,1,1,O=C(Nc1ncnc2[nH]cnc12)c1ccccc1,0.0
CSc1nc2c(S(=O)(=O)NC3CCCC3)cc(-c3c(C)noc3C)cc2[nH]1,6.555,4,0.09814954576223633,6.47,6.64,2016,2016,1,4,O=S(=O)(NC1CCCC1)c1cc(-c2cnoc2)cc2[nH]cnc12,0.16999999999999993
C[C@@H]1C(=O)N(C)CCN1CCOc1ccc(C2CCN(c3ccc4nncn4n3)CC2)cc1,4.5,2,0.141421356237309,4.4,4.6,2023,2023,1,2,O=C1CN(CCOc2ccc(C3CCN(c4ccc5nncn5n4)CC3)cc2)CCN1,0.1999999999999993
C[C@@H]1C(=O)N(C)Cc2c(-c3c(F)ccc4cc(C5CCOCC5)ncc34)nc(C3CCOCC3)n21,8.1,1,0.0,8.1,8.1,2021,2021,1,1,O=C1Cn2c(C3CCOCC3)nc(-c3cccc4cc(C5CCOCC5)ncc34)c2CN1,0.0
C[C@@H]1C(=O)N(C)Cc2c(-c3c(F)ccc4nc(-c5cnn(C)c5)c(C(F)F)cc34)nc(C3CCOCC3)n21,8.7,1,0.0,8.7,8.7,2021,2021,1,1,O=C1Cn2c(C3CCOCC3)nc(-c3cccc4nc(-c5cn[nH]c5)ccc34)c2CN1,0.0
C[C@@H]1C(=O)N(C)Cc2c(-c3cccc4cc(-c5cnn(C)c5)ncc34)nc(C3CC3)n21,9.0,1,0.0,9.0,9.0,2021,2021,1,1,O=C1Cn2c(C3CC3)nc(-c3cccc4cc(-c5cn[nH]c5)ncc34)c2CN1,0.0
C[C@@H]1C(=O)N(C)Cc2c(-c3cccc4cc(-c5noc(=O)[nH]5)ncc34)nc(C3CC3)n21,7.17,1,0.0,7.17,7.17,2021,2021,1,1,O=C1Cn2c(C3CC3)nc(-c3cccc4cc(-c5noc(=O)[nH]5)ncc34)c2CN1,0.0
C[C@@H]1C(=O)N(C)Cc2c(-c3cccc4cc(C5CCOCC5)ncc34)nc(C3CCOCC3)n21,6.77,1,0.0,6.77,6.77,2021,2021,1,1,O=C1Cn2c(C3CCOCC3)nc(-c3cccc4cc(C5CCOCC5)ncc34)c2CN1,0.0
C[C@@H]1C(=O)N(C)Cc2c(-c3cccc4cc(N5CCOCC5)ncc34)nc(C3CCOCC3)n21,5.95,1,0.0,5.95,5.95,2021,2021,1,1,O=C1Cn2c(C3CCOCC3)nc(-c3cccc4cc(N5CCOCC5)ncc34)c2CN1,0.0
C[C@@H]1C(=O)N(C)Cc2c(-c3cccc4nc(-c5ccn(C)n5)c(C(F)F)cc34)nc(C3CCOCC3)n21,9.0,1,0.0,9.0,9.0,2021,2021,1,1,O=C1Cn2c(C3CCOCC3)nc(-c3cccc4nc(-c5cc[nH]n5)ccc34)c2CN1,0.0
C[C@@H]1C(=O)N(C)Cc2c(-c3cccc4nc(-c5cnn(C)c5)c(C#N)cc34)nc(C3CCOCC3)n21,8.7,1,0.0,8.7,8.7,2021,2021,1,1,O=C1Cn2c(C3CCOCC3)nc(-c3cccc4nc(-c5cn[nH]c5)ccc34)c2CN1,0.0
C[C@@H]1C(=O)N(C)Cc2c(-c3cccc4nc(-c5cnn(C)c5)c(C(F)(F)F)cc34)nc(C3CCOCC3)n21,6.57,1,0.0,6.57,6.57,2021,2021,1,1,O=C1Cn2c(C3CCOCC3)nc(-c3cccc4nc(-c5cn[nH]c5)ccc34)c2CN1,0.0
C[C@@H]1C(=O)N(C)Cc2c(-c3cccc4nc(-c5cnn(C)c5)c(C(F)F)cc34)nc(C3(C)CCOCC3)n21,8.7,1,0.0,8.7,8.7,2021,2021,1,1,O=C1Cn2c(C3CCOCC3)nc(-c3cccc4nc(-c5cn[nH]c5)ccc34)c2CN1,0.0
C[C@@H]1C(=O)N(C)Cc2c(-c3cccc4nc(-c5cnn(C)c5)c(C(F)F)cc34)nc(C3CC3)n21,9.0,1,0.0,9.0,9.0,2021,2021,1,1,O=C1Cn2c(C3CC3)nc(-c3cccc4nc(-c5cn[nH]c5)ccc34)c2CN1,0.0
C[C@@H]1C(=O)N(C)Cc2c(-c3cccc4nc(-c5cnn(C)c5)c(C(F)F)cc34)nc(C3CCOCC3)n21,8.4,1,0.0,8.4,8.4,2021,2021,1,1,O=C1Cn2c(C3CCOCC3)nc(-c3cccc4nc(-c5cn[nH]c5)ccc34)c2CN1,0.0
C[C@@H]1C(=O)N(C)Cc2c(-c3cccc4nc(-c5cnn(C)c5)c(C(F)F)cc34)nc(C3CCS(=O)(=O)CC3)n21,7.5,1,0.0,7.5,7.5,2021,2021,1,1,O=C1Cn2c(C3CCS(=O)(=O)CC3)nc(-c3cccc4nc(-c5cn[nH]c5)ccc34)c2CN1,0.0
C[C@@H]1C(=O)N(C)Cc2c(-c3cccc4nc(-c5noc(=O)[nH]5)c(C(F)F)cc34)nc(C3CC3)n21,7.54,1,0.0,7.54,7.54,2021,2021,1,1,O=C1Cn2c(C3CC3)nc(-c3cccc4nc(-c5noc(=O)[nH]5)ccc34)c2CN1,0.0
C[C@@H]1C(=O)N(C)c2ccc(Nc3ccc(C(=O)NC4CCN(C)CC4)cc3)nc2N1C1CCCC1,6.72,1,0.0,6.72,6.72,2019,2019,1,1,O=C1CN(C2CCCC2)c2nc(Nc3ccc(C(=O)NC4CCNCC4)cc3)ccc2N1,0.0
C[C@@H]1C(=O)N(C)c2ccc(Nc3ccc(C(=O)NC4CCN(C)CC4)cc3OC3CCCC3)nc2N1C1CCCC1,7.32,1,0.0,7.32,7.32,2019,2019,1,1,O=C1CN(C2CCCC2)c2nc(Nc3ccc(C(=O)NC4CCNCC4)cc3OC3CCCC3)ccc2N1,0.0
C[C@@H]1C(=O)N(C)c2cnc(Nc3ccc(C(=O)NC4CCN(C)CC4)cc3)nc2N1C1CCCC1,7.17,1,0.0,7.17,7.17,2019,2019,1,1,O=C1CN(C2CCCC2)c2nc(Nc3ccc(C(=O)NC4CCNCC4)cc3)ncc2N1,0.0
C[C@@H]1C(=O)N(C)c2cnc(Nc3ccc(C(=O)NC4CCN(C)CC4)cc3OC3CCCC3)nc2N1C1CCCC1,7.55,1,0.0,7.55,7.55,2018,2018,1,1,O=C1CN(C2CCCC2)c2nc(Nc3ccc(C(=O)NC4CCNCC4)cc3OC3CCCC3)ncc2N1,0.0
C[C@@H]1CC(=O)Nc2c(Cl)ccc(/C(C=N)=C/NC(C)(C)C)c2N1,5.21,1,0.0,5.21,5.21,2019,2019,1,1,O=C1CCNc2ccccc2N1,0.0
C[C@@H]1CC(=O)Nc2cc(Cl)cc(/C(C=N)=C/NC(C)(C)C)c2N1,4.88,1,0.0,4.88,4.88,2019,2019,1,1,O=C1CCNc2ccccc2N1,0.0
C[C@@H]1CC(=O)Nc2ccc(O)cc2O1,4.74,1,0.0,4.74,4.74,2019,2019,1,1,O=C1CCOc2ccccc2N1,0.0
C[C@@H]1CC(=O)Nc2ccc(OCC3CC3)cc2O1,5.03,1,0.0,5.03,5.03,2019,2019,1,1,O=C1CCOc2cc(OCC3CC3)ccc2N1,0.0
C[C@@H]1CC(=O)Nc2ccc(OCC3CCCCC3)cc2O1,5.51,1,0.0,5.51,5.51,2019,2019,1,1,O=C1CCOc2cc(OCC3CCCCC3)ccc2N1,0.0
C[C@@H]1CC(=O)Nc2ccc(OCCc3ccccc3)cc2O1,5.37,1,0.0,5.37,5.37,2019,2019,1,1,O=C1CCOc2cc(OCCc3ccccc3)ccc2N1,0.0
C[C@@H]1CC(=O)Nc2ccc(OCc3ccccn3)cc2O1,4.99,1,0.0,4.99,4.99,2019,2019,1,1,O=C1CCOc2cc(OCc3ccccn3)ccc2N1,0.0
C[C@@H]1CC(=O)Nc2ccc(OCc3cccnc3)cc2O1,5.5600000000000005,2,0.1414213562373093,5.46,5.66,2016,2019,2,2,O=C1CCOc2cc(OCc3cccnc3)ccc2N1,0.20000000000000018
C[C@@H]1CC(=O)Nc2ccc(OCc3ccncc3)cc2O1,5.12,1,0.0,5.12,5.12,2019,2019,1,1,O=C1CCOc2cc(OCc3ccncc3)ccc2N1,0.0
C[C@@H]1CC(=O)Nc2ccc(O[C@@H](C)c3ccccc3)cc2O1,5.65,1,0.0,5.65,5.65,2019,2019,1,1,O=C1CCOc2cc(OCc3ccccc3)ccc2N1,0.0
C[C@@H]1CC(=O)Nc2ccc(O[C@H](C)c3ccccc3)cc2N1,4.98,2,0.1272792206135793,4.89,5.07,2016,2019,2,2,O=C1CCNc2cc(OCc3ccccc3)ccc2N1,0.1800000000000006
C[C@@H]1CC(=O)Nc2ccc(O[C@H](C)c3ccccc3)cc2O1,5.74,1,0.0,5.74,5.74,2019,2019,1,1,O=C1CCOc2cc(OCc3ccccc3)ccc2N1,0.0
C[C@@H]1CC(=O)Nc2cccc(-c3cc4c(Cl)cccc4n3C)c2O1,5.09,1,0.0,5.09,5.09,2019,2019,1,1,O=C1CCOc2c(cccc2-c2cc3ccccc3[nH]2)N1,0.0
C[C@@H]1CC(=O)Nc2cccc(-c3cc4c(n3C)CCCC4)c2N1,4.75,1,0.0,4.75,4.75,2019,2019,1,1,O=C1CCNc2c(cccc2-c2cc3c([nH]2)CCCC3)N1,0.0
C[C@@H]1CC(=O)Nc2cccc(-c3cc4c(s3)CCN(C(=O)OC(C)(C)C)C4)c2O1,6.4,1,0.0,6.4,6.4,2019,2019,1,1,O=C1CCOc2c(cccc2-c2cc3c(s2)CCNC3)N1,0.0
C[C@@H]1CC(=O)Nc2cccc(-c3cc4ccc(-c5cnn(C)c5)cc4n3C)c2N1,6.2,1,0.0,6.2,6.2,2019,2019,1,1,O=C1CCNc2c(cccc2-c2cc3ccc(-c4cn[nH]c4)cc3[nH]2)N1,0.0
C[C@@H]1CC(=O)Nc2cccc(-c3cc4ccc(C#N)cc4n3C)c2N1,4.77,1,0.0,4.77,4.77,2019,2019,1,1,O=C1CCNc2c(cccc2-c2cc3ccccc3[nH]2)N1,0.0
C[C@@H]1CC(=O)Nc2cccc(-c3cc4ccc(Cl)cc4n3C)c2O1,4.83,1,0.0,4.83,4.83,2019,2019,1,1,O=C1CCOc2c(cccc2-c2cc3ccccc3[nH]2)N1,0.0
C[C@@H]1CC(=O)Nc2cccc(-c3cc4ccccc4[nH]3)c2N1,5.64,1,0.0,5.64,5.64,2019,2019,1,1,O=C1CCNc2c(cccc2-c2cc3ccccc3[nH]2)N1,0.0
C[C@@H]1CC(=O)Nc2cccc(-c3cc4ccccc4[nH]3)c2O1,5.76,1,0.0,5.76,5.76,2019,2019,1,1,O=C1CCOc2c(cccc2-c2cc3ccccc3[nH]2)N1,0.0
C[C@@H]1CC(=O)Nc2cccc(-c3cc4ccccc4n3C(=O)OC(C)(C)C)c2O1,5.36,1,0.0,5.36,5.36,2019,2019,1,1,O=C1CCOc2c(cccc2-c2cc3ccccc3[nH]2)N1,0.0
C[C@@H]1CC(=O)Nc2cccc(-c3cc4ccccc4n3C)c2N1,5.08,1,0.0,5.08,5.08,2019,2019,1,1,O=C1CCNc2c(cccc2-c2cc3ccccc3[nH]2)N1,0.0
C[C@@H]1CC(=O)Nc2cccc(-c3cc4ccccc4n3CCc3ccccc3)c2N1,5.56,1,0.0,5.56,5.56,2019,2019,1,1,O=C1CCNc2c(cccc2-c2cc3ccccc3n2CCc2ccccc2)N1,0.0
C[C@@H]1CC(=O)Nc2cccc(-c3cc4ccccc4n3S(=O)(=O)Cc3ccccc3)c2N1,4.98,1,0.0,4.98,4.98,2019,2019,1,1,O=C1CCNc2c(cccc2-c2cc3ccccc3n2S(=O)(=O)Cc2ccccc2)N1,0.0
C[C@@H]1CC(=O)Nc2cccc(-c3cc4ccccc4o3)c2N1,5.51,1,0.0,5.51,5.51,2019,2019,1,1,O=C1CCNc2c(cccc2-c2cc3ccccc3o2)N1,0.0
C[C@@H]1CC(=O)Nc2cccc(-c3cc4ccccc4o3)c2O1,6.18,1,0.0,6.18,6.18,2019,2019,1,1,O=C1CCOc2c(cccc2-c2cc3ccccc3o2)N1,0.0
C[C@@H]1CC(=O)Nc2cccc(-c3cc4ccccc4s3)c2O1,6.02,1,0.0,6.02,6.02,2019,2019,1,1,O=C1CCOc2c(cccc2-c2cc3ccccc3s2)N1,0.0
C[C@@H]1CC(=O)Nc2cccc(-c3ccc(-c4ccccc4)cc3)c2N1,5.54,1,0.0,5.54,5.54,2019,2019,1,1,O=C1CCNc2c(cccc2-c2ccc(-c3ccccc3)cc2)N1,0.0
C[C@@H]1CC(=O)Nc2cccc(-c3ccc(C(=O)N4CCCC4)cc3)c2N1,4.76,1,0.0,4.76,4.76,2019,2019,1,1,O=C1CCNc2c(cccc2-c2ccc(C(=O)N3CCCC3)cc2)N1,0.0
C[C@@H]1CC(=O)Nc2cccc(-c3ccc(C(=O)NC4CC4)cc3)c2N1,4.81,1,0.0,4.81,4.81,2019,2019,1,1,O=C1CCNc2c(cccc2-c2ccc(C(=O)NC3CC3)cc2)N1,0.0
C[C@@H]1CC(=O)Nc2cccc(-c3ccc(C(C)(C)C)cc3)c2N1,4.94,1,0.0,4.94,4.94,2019,2019,1,1,O=C1CCNc2c(cccc2-c2ccccc2)N1,0.0
C[C@@H]1CC(=O)Nc2cccc(-c3ccc(CNS(C)(=O)=O)cc3)c2N1,4.86,1,0.0,4.86,4.86,2019,2019,1,1,O=C1CCNc2c(cccc2-c2ccccc2)N1,0.0
C[C@@H]1CC(=O)Nc2cccc(-c3ccc(F)c(Cl)c3)c2N1,5.07,1,0.0,5.07,5.07,2019,2019,1,1,O=C1CCNc2c(cccc2-c2ccccc2)N1,0.0
C[C@@H]1CC(=O)Nc2cccc(-c3ccc(N(C)C(=O)OC(C)(C)C)cc3)c2N1,4.87,1,0.0,4.87,4.87,2019,2019,1,1,O=C1CCNc2c(cccc2-c2ccccc2)N1,0.0
C[C@@H]1CC(=O)Nc2cccc(-c3ccc(N(C)C)cc3)c2N1,4.89,1,0.0,4.89,4.89,2019,2019,1,1,O=C1CCNc2c(cccc2-c2ccccc2)N1,0.0
C[C@@H]1CC(=O)Nc2cccc(-c3ccc(N)nc3)c2N1,4.94,1,0.0,4.94,4.94,2019,2019,1,1,O=C1CCNc2c(cccc2-c2cccnc2)N1,0.0
C[C@@H]1CC(=O)Nc2cccc(-c3ccc(N4CCCCC4)cc3)c2N1,5.38,1,0.0,5.38,5.38,2019,2019,1,1,O=C1CCNc2c(cccc2-c2ccc(N3CCCCC3)cc2)N1,0.0
C[C@@H]1CC(=O)Nc2cccc(-c3ccc(N4CCN(C)CC4)nc3)c2N1,5.47,1,0.0,5.47,5.47,2019,2019,1,1,O=C1CCNc2c(cccc2-c2ccc(N3CCNCC3)nc2)N1,0.0
C[C@@H]1CC(=O)Nc2cccc(-c3ccc(N4CCOCC4)nc3)c2N1,5.59,1,0.0,5.59,5.59,2019,2019,1,1,O=C1CCNc2c(cccc2-c2ccc(N3CCOCC3)nc2)N1,0.0
C[C@@H]1CC(=O)Nc2cccc(-c3ccc(NC(=O)OC(C)(C)C)cc3)c2N1,5.41,1,0.0,5.41,5.41,2019,2019,1,1,O=C1CCNc2c(cccc2-c2ccccc2)N1,0.0
C[C@@H]1CC(=O)Nc2cccc(-c3ccc(NS(C)(=O)=O)cc3)c2N1,4.83,1,0.0,4.83,4.83,2019,2019,1,1,O=C1CCNc2c(cccc2-c2ccccc2)N1,0.0
C[C@@H]1CC(=O)Nc2cccc(-c3ccc(N[C@@H](C)CC#N)c(C(=N)C4CC4)c3)c2N1,5.32,1,0.0,5.32,5.32,2019,2019,1,1,N=C(c1cccc(-c2cccc3c2NCCC(=O)N3)c1)C1CC1,0.0
C[C@@H]1CC(=O)Nc2cccc(-c3ccc(OCc4ccccc4)cc3)c2N1,5.65,1,0.0,5.65,5.65,2019,2019,1,1,O=C1CCNc2c(cccc2-c2ccc(OCc3ccccc3)cc2)N1,0.0
C[C@@H]1CC(=O)Nc2cccc(-c3ccc(OCc4ccccc4)nc3)c2N1,5.6,1,0.0,5.6,5.6,2019,2019,1,1,O=C1CCNc2c(cccc2-c2ccc(OCc3ccccc3)nc2)N1,0.0
C[C@@H]1CC(=O)Nc2cccc(-c3ccc([SH](=O)=O)cc3)c2N1,4.81,1,0.0,4.81,4.81,2019,2019,1,1,O=C1CCNc2c(cccc2-c2ccccc2)N1,0.0
C[C@@H]1CC(=O)Nc2cccc(-c3ccc4[nH]ncc4c3)c2O1,5.24,1,0.0,5.24,5.24,2019,2019,1,1,O=C1CCOc2c(cccc2-c2ccc3[nH]ncc3c2)N1,0.0
C[C@@H]1CC(=O)Nc2cccc(-c3ccc4c(c3)CC(=O)N4)c2N1,4.85,1,0.0,4.85,4.85,2019,2019,1,1,O=C1Cc2cc(-c3cccc4c3NCCC(=O)N4)ccc2N1,0.0
C[C@@H]1CC(=O)Nc2cccc(-c3ccc4c(c3)CCN4C)c2N1,5.24,1,0.0,5.24,5.24,2019,2019,1,1,O=C1CCNc2c(cccc2-c2ccc3c(c2)CCN3)N1,0.0
C[C@@H]1CC(=O)Nc2cccc(-c3ccc4c(c3)CCO4)c2N1,5.19,1,0.0,5.19,5.19,2019,2019,1,1,O=C1CCNc2c(cccc2-c2ccc3c(c2)CCO3)N1,0.0
C[C@@H]1CC(=O)Nc2cccc(-c3ccc4c(c3)N(C)C(=O)C4(C)C)c2N1,4.84,1,0.0,4.84,4.84,2019,2019,1,1,O=C1Cc2ccc(-c3cccc4c3NCCC(=O)N4)cc2N1,0.0
C[C@@H]1CC(=O)Nc2cccc(-c3ccc4c(c3)NC(=O)C4)c2N1,4.82,1,0.0,4.82,4.82,2019,2019,1,1,O=C1Cc2ccc(-c3cccc4c3NCCC(=O)N4)cc2N1,0.0
C[C@@H]1CC(=O)Nc2cccc(-c3ccc4c(c3)OCCO4)c2N1,5.21,1,0.0,5.21,5.21,2019,2019,1,1,O=C1CCNc2c(cccc2-c2ccc3c(c2)OCCO3)N1,0.0
C[C@@H]1CC(=O)Nc2cccc(-c3ccc4c(c3)c(-c3cnn(C)c3)nn4C)c2N1,4.96,1,0.0,4.96,4.96,2016,2016,1,1,O=C1CCNc2c(cccc2-c2ccc3[nH]nc(-c4cn[nH]c4)c3c2)N1,0.0
C[C@@H]1CC(=O)Nc2cccc(-c3ccc4c(c3)c(C(N)=O)nn4C)c2N1,4.89,1,0.0,4.89,4.89,2016,2016,1,1,O=C1CCNc2c(cccc2-c2ccc3[nH]ncc3c2)N1,0.0
C[C@@H]1CC(=O)Nc2cccc(-c3ccc4c(c3)c(C3CC3)nn4C)c2N1,5.22,2,0.24041630560342606,5.05,5.39,2016,2019,2,2,O=C1CCNc2c(cccc2-c2ccc3[nH]nc(C4CC4)c3c2)N1,0.33999999999999986
C[C@@H]1CC(=O)Nc2cccc(-c3ccc4c(c3)c(C3CC3)nn4C)c2O1,5.29,1,0.0,5.29,5.29,2019,2019,1,1,O=C1CCOc2c(cccc2-c2ccc3[nH]nc(C4CC4)c3c2)N1,0.0
C[C@@H]1CC(=O)Nc2cccc(-c3ccc4c(ccn4C)c3)c2N1,5.23,1,0.0,5.23,5.23,2019,2019,1,1,O=C1CCNc2c(cccc2-c2ccc3[nH]ccc3c2)N1,0.0
C[C@@H]1CC(=O)Nc2cccc(-c3ccc4c(ccn4C)c3)c2O1,5.77,1,0.0,5.77,5.77,2019,2019,1,1,O=C1CCOc2c(cccc2-c2ccc3[nH]ccc3c2)N1,0.0
C[C@@H]1CC(=O)Nc2cccc(-c3ccc4c(cnn4C)c3)c2O1,4.94,1,0.0,4.94,4.94,2019,2019,1,1,O=C1CCOc2c(cccc2-c2ccc3[nH]ncc3c2)N1,0.0
C[C@@H]1CC(=O)Nc2cccc(-c3ccc4c(cnn4S(C)(=O)=O)c3)c2O1,5.26,1,0.0,5.26,5.26,2019,2019,1,1,O=C1CCOc2c(cccc2-c2ccc3[nH]ncc3c2)N1,0.0
C[C@@H]1CC(=O)Nc2cccc(-c3ccc4cn(C)nc4c3)c2N1,5.52,1,0.0,5.52,5.52,2019,2019,1,1,O=C1CCNc2c(cccc2-c2ccc3c[nH]nc3c2)N1,0.0
C[C@@H]1CC(=O)Nc2cccc(-c3cccc(-c4ccccc4)c3)c2N1,5.9,1,0.0,5.9,5.9,2019,2019,1,1,O=C1CCNc2c(cccc2-c2cccc(-c3ccccc3)c2)N1,0.0
C[C@@H]1CC(=O)Nc2cccc(-c3cccc(C(=O)NC4CC4)c3)c2N1,4.95,1,0.0,4.95,4.95,2019,2019,1,1,O=C1CCNc2c(cccc2-c2cccc(C(=O)NC3CC3)c2)N1,0.0
C[C@@H]1CC(=O)Nc2cccc(-c3cccc(C(F)F)c3)c2N1,5.44,1,0.0,5.44,5.44,2019,2019,1,1,O=C1CCNc2c(cccc2-c2ccccc2)N1,0.0
C[C@@H]1CC(=O)Nc2cccc(-c3cccc(C(N)=O)c3)c2N1,5.01,1,0.0,5.01,5.01,2019,2019,1,1,O=C1CCNc2c(cccc2-c2ccccc2)N1,0.0
C[C@@H]1CC(=O)Nc2cccc(-c3cccc(CC#N)c3)c2N1,5.68,1,0.0,5.68,5.68,2019,2019,1,1,O=C1CCNc2c(cccc2-c2ccccc2)N1,0.0
C[C@@H]1CC(=O)Nc2cccc(-c3cccc(CNC(=O)OC(C)(C)C)c3)c2N1,5.37,1,0.0,5.37,5.37,2019,2019,1,1,O=C1CCNc2c(cccc2-c2ccccc2)N1,0.0
C[C@@H]1CC(=O)Nc2cccc(-c3cccc(CNS(C)(=O)=O)c3)c2N1,5.65,1,0.0,5.65,5.65,2019,2019,1,1,O=C1CCNc2c(cccc2-c2ccccc2)N1,0.0
C[C@@H]1CC(=O)Nc2cccc(-c3cccc(N(C)C)c3)c2N1,5.53,1,0.0,5.53,5.53,2019,2019,1,1,O=C1CCNc2c(cccc2-c2ccccc2)N1,0.0
C[C@@H]1CC(=O)Nc2cccc(-c3cccc(N4CCOCC4)c3)c2N1,5.58,1,0.0,5.58,5.58,2019,2019,1,1,O=C1CCNc2c(cccc2-c2cccc(N3CCOCC3)c2)N1,0.0
C[C@@H]1CC(=O)Nc2cccc(-c3cccc(NC(=O)OC(C)(C)C)c3)c2N1,5.58,1,0.0,5.58,5.58,2019,2019,1,1,O=C1CCNc2c(cccc2-c2ccccc2)N1,0.0
C[C@@H]1CC(=O)Nc2cccc(-c3cccc(NS(C)(=O)=O)c3)c2N1,5.21,1,0.0,5.21,5.21,2019,2019,1,1,O=C1CCNc2c(cccc2-c2ccccc2)N1,0.0
C[C@@H]1CC(=O)Nc2cccc(-c3cccc(OCc4ccccc4)c3)c2N1,5.46,2,0.4242640687119283,5.16,5.76,2016,2019,2,2,O=C1CCNc2c(cccc2-c2cccc(OCc3ccccc3)c2)N1,0.5999999999999996
C[C@@H]1CC(=O)Nc2cccc(-c3cccc(S(C)(=O)=O)c3)c2N1,4.97,1,0.0,4.97,4.97,2019,2019,1,1,O=C1CCNc2c(cccc2-c2ccccc2)N1,0.0
C[C@@H]1CC(=O)Nc2cccc(-c3cccc4[nH]ncc34)c2N1,5.18,1,0.0,5.18,5.18,2019,2019,1,1,O=C1CCNc2c(cccc2-c2cccc3[nH]ncc23)N1,0.0
C[C@@H]1CC(=O)Nc2cccc(-c3cccc4nn(C)cc34)c2N1,5.21,1,0.0,5.21,5.21,2019,2019,1,1,O=C1CCNc2c(cccc2-c2cccc3n[nH]cc23)N1,0.0
C[C@@H]1CC(=O)Nc2cccc(-c3ccccc3OCc3ccccc3)c2N1,5.25,1,0.0,5.25,5.25,2019,2019,1,1,O=C1CCNc2c(cccc2-c2ccccc2OCc2ccccc2)N1,0.0
C[C@@H]1CC(=O)Nc2cccc(-c3cn(C(=O)OC(C)(C)C)c4ccccc34)c2O1,4.88,1,0.0,4.88,4.88,2019,2019,1,1,O=C1CCOc2c(cccc2-c2c[nH]c3ccccc23)N1,0.0
C[C@@H]1CC(=O)Nc2cccc(-c3cn(C)c4cc(C#N)ccc34)c2N1,5.16,1,0.0,5.16,5.16,2019,2019,1,1,O=C1CCNc2c(cccc2-c2c[nH]c3ccccc23)N1,0.0
C[C@@H]1CC(=O)Nc2cccc(-c3cn(C)c4ccccc34)c2O1,5.09,1,0.0,5.09,5.09,2019,2019,1,1,O=C1CCOc2c(cccc2-c2c[nH]c3ccccc23)N1,0.0
C[C@@H]1CC(=O)Nc2cccc(-c3cnc(N)c(OCC4CC4)c3)c2N1,5.82,1,0.0,5.82,5.82,2019,2019,1,1,O=C1CCNc2c(cccc2-c2cncc(OCC3CC3)c2)N1,0.0
C[C@@H]1CC(=O)Nc2cccc(-c3cnc4c(c3)ncn4COCC[Si](C)(C)C)c2N1,5.47,1,0.0,5.47,5.47,2019,2019,1,1,O=C1CCNc2c(cccc2-c2cnc3[nH]cnc3c2)N1,0.0
C[C@@H]1CC(=O)Nc2cccc(-c3cnc4ccccc4c3)c2N1,5.24,1,0.0,5.24,5.24,2019,2019,1,1,O=C1CCNc2c(cccc2-c2cnc3ccccc3c2)N1,0.0
C[C@@H]1CC(=O)Nc2cccc(-c3cnc4ccccc4c3)c2O1,5.61,1,0.0,5.61,5.61,2019,2019,1,1,O=C1CCOc2c(cccc2-c2cnc3ccccc3c2)N1,0.0
C[C@@H]1CC(=O)Nc2cccc(-c3cnn(-c4ccccc4)c3)c2O1,5.91,1,0.0,5.91,5.91,2019,2019,1,1,O=C1CCOc2c(cccc2-c2cnn(-c3ccccc3)c2)N1,0.0
C[C@@H]1CC(=O)Nc2cccc(-c3cnn(C(C)(C)C)c3)c2N1,4.7,1,0.0,4.7,4.7,2019,2019,1,1,O=C1CCNc2c(cccc2-c2cn[nH]c2)N1,0.0
C[C@@H]1CC(=O)Nc2cccc(-c3cnn(C(C)(C)C)c3)c2O1,4.86,1,0.0,4.86,4.86,2019,2019,1,1,O=C1CCOc2c(cccc2-c2cn[nH]c2)N1,0.0
C[C@@H]1CC(=O)Nc2cccc(-c3cnn(C4COC4)c3)c2N1,4.73,1,0.0,4.73,4.73,2019,2019,1,1,O=C1CCNc2c(cccc2-c2cnn(C3COC3)c2)N1,0.0
C[C@@H]1CC(=O)Nc2cccc(-c3cnn(Cc4ccccc4)c3)c2N1,5.53,1,0.0,5.53,5.53,2019,2019,1,1,O=C1CCNc2c(cccc2-c2cnn(Cc3ccccc3)c2)N1,0.0
C[C@@H]1CC(=O)Nc2cccc(-c3cnn([C@@H](C)c4ccccc4)c3)c2N1,5.12,1,0.0,5.12,5.12,2019,2019,1,1,O=C1CCNc2c(cccc2-c2cnn(Cc3ccccc3)c2)N1,0.0
C[C@@H]1CC(=O)Nc2cccc(-c3cnn([C@H](C)c4ccccc4)c3)c2N1,5.16,1,0.0,5.16,5.16,2019,2019,1,1,O=C1CCNc2c(cccc2-c2cnn(Cc3ccccc3)c2)N1,0.0
C[C@@H]1CC(=O)Nc2cccc(/C(C=N)=C/NC(C)(C)CO)c2N1,4.71,1,0.0,4.71,4.71,2019,2019,1,1,O=C1CCNc2ccccc2N1,0.0
C[C@@H]1CC(=O)Nc2cccc(/C(C=N)=C/Nc3ccccc3)c2N1,5.6,1,0.0,5.6,5.6,2019,2019,1,1,O=C1CCNc2c(C=CNc3ccccc3)cccc2N1,0.0
C[C@@H]1CC(=O)Nc2cccc(/C(C=N)=C/Nc3ccccn3)c2N1,5.57,1,0.0,5.57,5.57,2019,2019,1,1,O=C1CCNc2c(C=CNc3ccccn3)cccc2N1,0.0
C[C@@H]1CC(=O)Nc2cccc(/C(C=N)=C/Nc3cccnc3)c2N1,5.22,1,0.0,5.22,5.22,2019,2019,1,1,O=C1CCNc2c(C=CNc3cccnc3)cccc2N1,0.0
C[C@@H]1CC(=O)Nc2cccc(/C(C=N)=C/Nc3ccncc3)c2N1,5.25,1,0.0,5.25,5.25,2019,2019,1,1,O=C1CCNc2c(C=CNc3ccncc3)cccc2N1,0.0
C[C@@H]1CC(=O)Nc2cccc(/C(F)=C/c3ccc(C#N)cc3)c2N1,5.09,1,0.0,5.09,5.09,2019,2019,1,1,O=C1CCNc2c(C=Cc3ccccc3)cccc2N1,0.0
C[C@@H]1CC(=O)Nc2cccc(/C=C/C3CCCCC3)c2N1,5.16,1,0.0,5.16,5.16,2019,2019,1,1,O=C1CCNc2c(C=CC3CCCCC3)cccc2N1,0.0
C[C@@H]1CC(=O)Nc2cccc(/C=C/c3ccc(C#N)cc3)c2N1,4.69,1,0.0,4.69,4.69,2019,2019,1,1,O=C1CCNc2c(C=Cc3ccccc3)cccc2N1,0.0
C[C@@H]1CC(=O)Nc2cccc(/C=C/c3cccc(-c4cnco4)c3)c2N1,5.32,1,0.0,5.32,5.32,2019,2019,1,1,O=C1CCNc2c(C=Cc3cccc(-c4cnco4)c3)cccc2N1,0.0
C[C@@H]1CC(=O)Nc2cccc(/C=C/c3cccc(S(N)(=O)=O)c3)c2N1,5.65,1,0.0,5.65,5.65,2019,2019,1,1,O=C1CCNc2c(C=Cc3ccccc3)cccc2N1,0.0
C[C@@H]1CC(=O)Nc2cccc(/C=C/c3ccccc3)c2N1,5.25,1,0.0,5.25,5.25,2019,2019,1,1,O=C1CCNc2c(C=Cc3ccccc3)cccc2N1,0.0
C[C@@H]1CC(=O)Nc2cccc(/C=C/c3ccccc3)c2O1,5.96,1,0.0,5.96,5.96,2019,2019,1,1,O=C1CCOc2c(C=Cc3ccccc3)cccc2N1,0.0
C[C@@H]1CC(=O)Nc2cccc(/C=C/c3ccccc3S(=O)(=O)NC(C)(C)C)c2N1,5.66,1,0.0,5.66,5.66,2019,2019,1,1,O=C1CCNc2c(C=Cc3ccccc3)cccc2N1,0.0
C[C@@H]1CC(=O)Nc2cccc(/C=C/c3ccccc3S(C)(=O)=O)c2N1,5.16,1,0.0,5.16,5.16,2019,2019,1,1,O=C1CCNc2c(C=Cc3ccccc3)cccc2N1,0.0
C[C@@H]1CC(=O)Nc2cccc(/C=C/c3ccccc3S(N)(=O)=O)c2N1,5.15,1,0.0,5.15,5.15,2019,2019,1,1,O=C1CCNc2c(C=Cc3ccccc3)cccc2N1,0.0
C[C@@H]1CC(=O)Nc2cccc(/C=C/c3ccccn3)c2N1,5.6,1,0.0,5.6,5.6,2019,2019,1,1,O=C1CCNc2c(C=Cc3ccccn3)cccc2N1,0.0
C[C@@H]1CC(=O)Nc2cccc(/C=C/c3ccncc3)c2N1,4.9,1,0.0,4.9,4.9,2019,2019,1,1,O=C1CCNc2c(C=Cc3ccncc3)cccc2N1,0.0
C[C@@H]1CC(=O)Nc2cccc(C#CC3CCCCC3)c2N1,4.78,1,0.0,4.78,4.78,2019,2019,1,1,O=C1CCNc2c(C#CC3CCCCC3)cccc2N1,0.0
C[C@@H]1CC(=O)Nc2cccc(C#CCc3ccccc3)c2N1,5.42,1,0.0,5.42,5.42,2019,2019,1,1,O=C1CCNc2c(C#CCc3ccccc3)cccc2N1,0.0
C[C@@H]1CC(=O)Nc2cccc(C(=O)NC3CCOc4ccccc43)c2N1,5.1,1,0.0,5.1,5.1,2016,2016,1,1,O=C1CCNc2c(cccc2C(=O)NC2CCOc3ccccc32)N1,0.0
C[C@@H]1CC(=O)Nc2cccc(C(=O)NCc3ccccc3OC(F)(F)F)c2N1,4.98,1,0.0,4.98,4.98,2019,2019,1,1,O=C1CCNc2c(cccc2C(=O)NCc2ccccc2)N1,0.0
C[C@@H]1CC(=O)Nc2cccc(C(=O)N[C@@H]3CCOc4ccccc43)c2N1,5.29,1,0.0,5.29,5.29,2019,2019,1,1,O=C1CCNc2c(cccc2C(=O)NC2CCOc3ccccc32)N1,0.0
C[C@@H]1CC(=O)Nc2cccc(C(=O)N[C@H](C)c3ccccc3)c2N1,4.36,1,0.0,4.36,4.36,2016,2016,1,1,O=C1CCNc2c(cccc2C(=O)NCc2ccccc2)N1,0.0
C[C@@H]1CC(=O)Nc2cccc(C(=O)Nc3ccc(C#N)cc3)c2N1,4.75,1,0.0,4.75,4.75,2019,2019,1,1,O=C1CCNc2c(cccc2C(=O)Nc2ccccc2)N1,0.0
C[C@@H]1CC(=O)Nc2cccc(C(=O)Nc3cccc(-c4cnco4)c3)c2N1,5.175,2,0.10606601717798238,5.1,5.25,2016,2019,2,2,O=C1CCNc2c(cccc2C(=O)Nc2cccc(-c3cnco3)c2)N1,0.15000000000000036
C[C@@H]1CC(=O)Nc2cccc(C(=O)Nc3cccc(-c4cnco4)c3)c2O1,5.83,1,0.0,5.83,5.83,2019,2019,1,1,O=C1CCOc2c(cccc2C(=O)Nc2cccc(-c3cnco3)c2)N1,0.0
C[C@@H]1CC(=O)Nc2cccc(C(=O)Nc3cccc(OC4COC4)c3)c2N1,5.16,1,0.0,5.16,5.16,2019,2019,1,1,O=C1CCNc2c(cccc2C(=O)Nc2cccc(OC3COC3)c2)N1,0.0
C[C@@H]1CC(=O)Nc2cccc(C(=O)Nc3ccccc3)c2N1,4.8,1,0.0,4.8,4.8,2019,2019,1,1,O=C1CCNc2c(cccc2C(=O)Nc2ccccc2)N1,0.0
C[C@@H]1CC(=O)Nc2cccc(C(=O)Nc3nn(C)cc3-c3cnn(C)c3)c2N1,5.17,1,0.0,5.17,5.17,2019,2019,1,1,O=C1CCNc2c(cccc2C(=O)Nc2n[nH]cc2-c2cn[nH]c2)N1,0.0
C[C@@H]1CC(=O)Nc2cccc(C(=O)OCc3ccccc3)c2N1,5.29,1,0.0,5.29,5.29,2019,2019,1,1,O=C1CCNc2c(cccc2C(=O)OCc2ccccc2)N1,0.0
C[C@@H]1CC(=O)Nc2cccc(N3CCCc4cc(-c5cnn(C)c5)c(C(F)F)cc43)c2N1,5.35,1,0.0,5.35,5.35,2017,2017,1,1,O=C1CCNc2c(cccc2N2CCCc3cc(-c4cn[nH]c4)ccc32)N1,0.0
C[C@@H]1CC(=O)Nc2cccc(N3CCc4ccc(-c5cnn(C)c5)cc43)c2N1,4.86,1,0.0,4.86,4.86,2019,2019,1,1,O=C1CCNc2c(cccc2N2CCc3ccc(-c4cn[nH]c4)cc32)N1,0.0
C[C@@H]1CC(=O)Nc2cccc(OCc3ccccc3)c2N1,5.56,1,0.0,5.56,5.56,2019,2019,1,1,O=C1CCNc2c(cccc2OCc2ccccc2)N1,0.0
C[C@@H]1CC(=O)Nc2ccccc2N1,3.58,1,0.0,3.58,3.58,2016,2016,1,1,O=C1CCNc2ccccc2N1,0.0
C[C@@H]1CN(CCn2c(NCC3CC3)nc3c(Oc4ccccc4)c(-c4cn(C)c(=O)c5[nH]ccc45)ccc32)C[C@H](C)O1,6.26,1,0.0,6.26,6.26,2018,2018,1,1,O=c1[nH]cc(-c2ccc3c(nc(NCC4CC4)n3CCN3CCOCC3)c2Oc2ccccc2)c2cc[nH]c12,0.0
C[C@@H]1CN(CCn2c(NCc3ccccc3)nc3c(Oc4ccccc4)c(-c4cn(C)c(=O)c5[nH]ccc45)ccc32)C[C@H](C)O1,5.26,1,0.0,5.26,5.26,2018,2018,1,1,O=c1[nH]cc(-c2ccc3c(nc(NCc4ccccc4)n3CCN3CCOCC3)c2Oc2ccccc2)c2cc[nH]c12,0.0
C[C@H](CC#N)Nc1ccc(-c2cccc3c2N[C@H](C)CC(=O)N3)cc1C(=N)C1CC1,5.56,1,0.0,5.56,5.56,2019,2019,1,1,N=C(c1cccc(-c2cccc3c2NCCC(=O)N3)c1)C1CC1,0.0
C[C@H](Nc1ccc(NS(=O)(=O)N(C)C)c(Nc2ccc3[nH]nnc3c2)n1)[C@@H](c1ccccc1)N(C)C,5.16,1,0.0,5.16,5.16,2022,2022,1,1,c1ccc(CCNc2cccc(Nc3ccc4[nH]nnc4c3)n2)cc1,0.0
C[C@H]1C(=O)N(C)C=C(c2cn[nH]c2)c2cc([C@@H](O)CO)ccc21,7.5,2,0.141421356237309,7.4,7.6,2022,2022,1,2,O=C1Cc2ccccc2C(c2cn[nH]c2)=CN1,0.1999999999999993
C[C@H]1C(=O)N(C)C=C(c2cn[nH]c2)c2cc([C@H](O)CO)ccc21,7.699999999999999,2,0.14142135623730995,7.6,7.8,2022,2022,1,2,O=C1Cc2ccccc2C(c2cn[nH]c2)=CN1,0.20000000000000018
C[C@H]1C(=O)N(C)C=C(c2cnn(C)c2)c2cc(C(CO)CO)ccc21,7.25,2,0.3535533905932738,7.0,7.5,2022,2022,1,2,O=C1Cc2ccccc2C(c2cn[nH]c2)=CN1,0.5
C[C@H]1C(=O)N(C)C=C(c2cnn(C)c2)c2cc([C@@H](O)CO)ccc21,7.35,2,0.21213203435596445,7.2,7.5,2022,2022,1,2,O=C1Cc2ccccc2C(c2cn[nH]c2)=CN1,0.2999999999999998
C[C@H]1C(=O)N(C)C=C(c2cnn(C)c2)c2cc([C@H](O)CO)ccc21,7.5,2,0.0,7.5,7.5,2022,2022,1,2,O=C1Cc2ccccc2C(c2cn[nH]c2)=CN1,0.0
C[C@H]1C(=O)N(C)C=Cc2cc(C(CO)CO)ccc21,6.050000000000001,2,0.49497474683058307,5.7,6.4,2022,2022,1,2,O=C1Cc2ccccc2C=CN1,0.7000000000000002
C[C@H]1C(=O)N(C)C=Cc2cc(C(O)CO)ccc21,6.050000000000001,2,0.49497474683058307,5.7,6.4,2022,2022,1,2,O=C1Cc2ccccc2C=CN1,0.7000000000000002
C[C@H]1C(=O)N(C)C=Cc2cc(CC3CCOCC3)ccc21,6.85,2,0.49497474683058373,6.5,7.2,2022,2022,1,2,O=C1Cc2ccc(CC3CCOCC3)cc2C=CN1,0.7000000000000002
C[C@H]1C(=O)N(C)C=Cc2cc(CCO)ccc21,6.1,2,0.4242640687119292,5.8,6.4,2022,2022,1,2,O=C1Cc2ccccc2C=CN1,0.6000000000000005
C[C@H]1C(=O)N(C)C=Cc2cc(CN3CCCC3)ccc21,5.699999999999999,2,0.8485281374238575,5.1,6.3,2022,2022,1,2,O=C1Cc2ccc(CN3CCCC3)cc2C=CN1,1.2000000000000002
C[C@H]1C(=O)N(C)C=Cc2cc(CN3CCN(Cc4ccc5c(c4)C=CN(C)C(=O)[C@@H]5C)CC3)ccc21,7.699999999999999,2,0.1414213562373093,7.6,7.8,2023,2023,1,2,O=C1Cc2ccc(CN3CCN(Cc4ccc5c(c4)C=CNC(=O)C5)CC3)cc2C=CN1,0.20000000000000018
C[C@H]1C(=O)N(C)C=Cc2cc(CN3CCOCC3)ccc21,6.5,2,0.4242640687119283,6.2,6.8,2022,2022,1,2,O=C1Cc2ccc(CN3CCOCC3)cc2C=CN1,0.5999999999999996
C[C@H]1C(=O)N(C)C=Cc2cc(OC(CO)CO)ccc21,6.15,2,0.3535533905932738,5.9,6.4,2022,2022,1,2,O=C1Cc2ccccc2C=CN1,0.5
C[C@H]1C(=O)N(C)C=Cc2cc(OCCCCCCCOc3ccc4c(c3)C=CN(C)C(=O)[C@@H]4C)ccc21,7.25,2,0.21213203435596475,7.1,7.4,2023,2023,1,2,O=C1Cc2ccc(OCCCCCCCOc3ccc4c(c3)C=CNC(=O)C4)cc2C=CN1,0.3000000000000007
C[C@H]1C(=O)N(C)C=Cc2cc(OCCCCCOc3ccc4c(c3)C=CN(C)C(=O)[C@@H]4C)ccc21,7.550000000000001,2,0.2121320343559638,7.4,7.7,2023,2023,1,2,O=C1Cc2ccc(OCCCCCOc3ccc4c(c3)C=CNC(=O)C4)cc2C=CN1,0.2999999999999998
C[C@H]1C(=O)N(C)C=Cc2cc(OCCCCOc3ccc4c(c3)C=CN(C)C(=O)[C@@H]4C)ccc21,8.35,2,0.21213203435596475,8.2,8.5,2023,2023,1,2,O=C1Cc2ccc(OCCCCOc3ccc4c(c3)C=CNC(=O)C4)cc2C=CN1,0.3000000000000007
C[C@H]1C(=O)N(C)C=Cc2cc(OCCCOc3ccc4c(c3)C=CN(C)C(=O)[C@@H]4C)ccc21,7.2,2,0.2828427124746193,7.0,7.4,2023,2023,1,2,O=C1Cc2ccc(OCCCOc3ccc4c(c3)C=CNC(=O)C4)cc2C=CN1,0.40000000000000036
C[C@H]1C(=O)N(C)C=Cc2cc(OCCOc3ccc4c(c3)C=CN(C)C(=O)[C@@H]4C)ccc21,7.35,2,0.21213203435596445,7.2,7.5,2023,2023,1,2,O=C1Cc2ccc(OCCOc3ccc4c(c3)C=CNC(=O)C4)cc2C=CN1,0.2999999999999998
C[C@H]1C(=O)N(C)C=Cc2ccccc21,5.55,2,0.3535533905932738,5.3,5.8,2022,2022,1,2,O=C1Cc2ccccc2C=CN1,0.5
C[C@H]1C(=O)N(C)Cc2c(-c3c(F)ccc4cc(C5CCOCC5)ncc34)nc(C3CCOCC3)n21,5.61,1,0.0,5.61,5.61,2021,2021,1,1,O=C1Cn2c(C3CCOCC3)nc(-c3cccc4cc(C5CCOCC5)ncc34)c2CN1,0.0
C[C@H]1C(=O)N(C)Cc2c(-c3c(F)ccc4nc(-c5cnn(C)c5)c(C(F)F)cc34)nc(C3CCOCC3)n21,6.84,1,0.0,6.84,6.84,2021,2021,1,1,O=C1Cn2c(C3CCOCC3)nc(-c3cccc4nc(-c5cn[nH]c5)ccc34)c2CN1,0.0
C[C@H]1C(=O)N(C)Cc2c(-c3cccc4cc(-c5cnn(C)c5)ncc34)nc(C3CC3)n21,6.29,1,0.0,6.29,6.29,2021,2021,1,1,O=C1Cn2c(C3CC3)nc(-c3cccc4cc(-c5cn[nH]c5)ncc34)c2CN1,0.0
C[C@H]1C(=O)N(C)Cc2c(-c3cccc4cc(-c5noc(=O)[nH]5)ncc34)nc(C3CC3)n21,9.0,1,0.0,9.0,9.0,2021,2021,1,1,O=C1Cn2c(C3CC3)nc(-c3cccc4cc(-c5noc(=O)[nH]5)ncc34)c2CN1,0.0
C[C@H]1C(=O)N(C)Cc2c(-c3cccc4cc(C5CCOCC5)ncc34)nc(C3CCOCC3)n21,8.7,1,0.0,8.7,8.7,2021,2021,1,1,O=C1Cn2c(C3CCOCC3)nc(-c3cccc4cc(C5CCOCC5)ncc34)c2CN1,0.0
C[C@H]1C(=O)N(C)Cc2c(-c3cccc4cc(N5CCOCC5)ncc34)nc(C3CCOCC3)n21,8.52,1,0.0,8.52,8.52,2021,2021,1,1,O=C1Cn2c(C3CCOCC3)nc(-c3cccc4cc(N5CCOCC5)ncc34)c2CN1,0.0
C[C@H]1C(=O)N(C)Cc2c(-c3cccc4nc(-c5ccn(C)n5)c(C(F)F)cc34)nc(C3CCOCC3)n21,6.32,1,0.0,6.32,6.32,2021,2021,1,1,O=C1Cn2c(C3CCOCC3)nc(-c3cccc4nc(-c5cc[nH]n5)ccc34)c2CN1,0.0
C[C@H]1C(=O)N(C)Cc2c(-c3cccc4nc(-c5cnn(C)c5)c(C#N)cc34)nc(C3CCOCC3)n21,6.29,1,0.0,6.29,6.29,2021,2021,1,1,O=C1Cn2c(C3CCOCC3)nc(-c3cccc4nc(-c5cn[nH]c5)ccc34)c2CN1,0.0
C[C@H]1C(=O)N(C)Cc2c(-c3cccc4nc(-c5cnn(C)c5)c(C(F)(F)F)cc34)nc(C3CCOCC3)n21,8.7,1,0.0,8.7,8.7,2021,2021,1,1,O=C1Cn2c(C3CCOCC3)nc(-c3cccc4nc(-c5cn[nH]c5)ccc34)c2CN1,0.0
C[C@H]1C(=O)N(C)Cc2c(-c3cccc4nc(-c5cnn(C)c5)c(C(F)F)cc34)nc(C3(C)CCOCC3)n21,6.31,1,0.0,6.31,6.31,2021,2021,1,1,O=C1Cn2c(C3CCOCC3)nc(-c3cccc4nc(-c5cn[nH]c5)ccc34)c2CN1,0.0
C[C@H]1C(=O)N(C)Cc2c(-c3cccc4nc(-c5cnn(C)c5)c(C(F)F)cc34)nc(C3CC3)n21,6.34,1,0.0,6.34,6.34,2021,2021,1,1,O=C1Cn2c(C3CC3)nc(-c3cccc4nc(-c5cn[nH]c5)ccc34)c2CN1,0.0
C[C@H]1C(=O)N(C)Cc2c(-c3cccc4nc(-c5cnn(C)c5)c(C(F)F)cc34)nc(C3CCOCC3)n21,5.57,1,0.0,5.57,5.57,2021,2021,1,1,O=C1Cn2c(C3CCOCC3)nc(-c3cccc4nc(-c5cn[nH]c5)ccc34)c2CN1,0.0
C[C@H]1C(=O)N(C)Cc2c(-c3cccc4nc(-c5cnn(C)c5)c(C(F)F)cc34)nc(C3CCS(=O)(=O)CC3)n21,5.19,1,0.0,5.19,5.19,2021,2021,1,1,O=C1Cn2c(C3CCS(=O)(=O)CC3)nc(-c3cccc4nc(-c5cn[nH]c5)ccc34)c2CN1,0.0
C[C@H]1C(=O)N(C)Cc2c(-c3cccc4nc(-c5noc(=O)[nH]5)c(C(F)F)cc34)nc(C3CC3)n21,9.0,1,0.0,9.0,9.0,2021,2021,1,1,O=C1Cn2c(C3CC3)nc(-c3cccc4nc(-c5noc(=O)[nH]5)ccc34)c2CN1,0.0
C[C@H]1C(=O)N(C)c2cnc(Nc3ccc(C(=O)NC4CCN(C)CC4)cc3OC3CCCC3)nc2N1C1CCCC1,7.23,1,0.0,7.23,7.23,2018,2018,1,1,O=C1CN(C2CCCC2)c2nc(Nc3ccc(C(=O)NC4CCNCC4)cc3OC3CCCC3)ncc2N1,0.0
C[C@H]1CC(=O)Nc2cccc(C(=O)Nc3ccc(C#N)cc3)c2O1,5.1,1,0.0,5.1,5.1,2019,2019,1,1,O=C1CCOc2c(cccc2C(=O)Nc2ccccc2)N1,0.0
C[C@H]1CC(=O)Nc2cccc(C(=O)Nc3ccccc3)c2O1,4.66,1,0.0,4.66,4.66,2019,2019,1,1,O=C1CCOc2c(cccc2C(=O)Nc2ccccc2)N1,0.0
C[C@H]1CC(=O)Nc2ccccc2N1,2.43,1,0.0,2.43,2.43,2016,2016,1,1,O=C1CCNc2ccccc2N1,0.0
C[C@H]1CN(C(=O)c2ccco2)c2cc(-c3ccc(S(C)(=O)=O)cc3)ccc2N1C(=O)C1CC1,6.12,1,0.0,6.12,6.12,2017,2017,1,1,O=C(c1ccco1)N1CCN(C(=O)C2CC2)c2ccc(-c3ccccc3)cc21,0.0
Cc1[nH][n+](C2CC2)c2c1C(c1ccc(Cl)cc1)N(c1cc(C)c(=O)n(C)c1)C2=O,7.18,1,0.0,7.18,7.18,2015,2015,1,1,O=C1c2c(c[nH][n+]2C2CC2)C(c2ccccc2)N1c1ccc(=O)[nH]c1,0.0
Cc1[nH]c2ncc(-c3cn(C)c(=O)c4[nH]ccc34)cc2c1C(C)c1c(Cl)ccc(F)c1Cl,7.8149999999999995,2,0.657609306503489,7.35,8.28,2022,2022,1,2,O=c1[nH]cc(-c2cnc3[nH]cc(Cc4ccccc4)c3c2)c2cc[nH]c12,0.9299999999999997
Cc1[nH]nc2c1C(=O)N(c1cc(C)c(=O)n(C)c1)C2c1ccc(Cl)cc1,7.05,1,0.0,7.05,7.05,2017,2017,1,1,O=C1c2c[nH]nc2C(c2ccccc2)N1c1ccc(=O)[nH]c1,0.0
Cc1[nH]nc2c1C(=O)N(c1cc(C)c(=O)n(C)c1)[C@@H]2c1ccc(Cl)cc1,7.43,1,0.0,7.43,7.43,2017,2017,1,1,O=C1c2c[nH]nc2C(c2ccccc2)N1c1ccc(=O)[nH]c1,0.0
Cc1[nH]nc2c1C(=O)N(c1cc(Cl)c(=O)n(C)c1)C2c1ccc(Cl)cc1,6.92,1,0.0,6.92,6.92,2017,2017,1,1,O=C1c2c[nH]nc2C(c2ccccc2)N1c1ccc(=O)[nH]c1,0.0
Cc1[nH]nc2c1C(=O)N(c1cc(Cl)c(=O)n(C)c1)[C@@H]2c1ccc(Cl)cc1,6.8,1,0.0,6.8,6.8,2017,2017,1,1,O=C1c2c[nH]nc2C(c2ccccc2)N1c1ccc(=O)[nH]c1,0.0
Cc1[nH]nc2c1C(c1ccc(Cl)cc1)N(c1cc(C)c(=O)n(C)c1)C2=O,6.92,2,0.141421356237309,6.82,7.02,2015,2015,1,1,O=C1c2n[nH]cc2C(c2ccccc2)N1c1ccc(=O)[nH]c1,0.1999999999999993
Cc1[nH]nc2c1C(c1ccc(Cl)cc1)N(c1cc(Cl)c(=O)n(C)c1)C2=O,6.44,1,0.0,6.44,6.44,2015,2015,1,1,O=C1c2n[nH]cc2C(c2ccccc2)N1c1ccc(=O)[nH]c1,0.0
Cc1[nH]nc2c1C(c1ccc(Cl)cc1)N(c1ccc(=O)n(C)c1)C2=O,6.77,1,0.0,6.77,6.77,2015,2015,1,1,O=C1c2n[nH]cc2C(c2ccccc2)N1c1ccc(=O)[nH]c1,0.0
Cc1[nH]nc2c1C(c1ccc(Cl)cc1F)N(c1cc(C)c(=O)n(C)c1)C2=O,6.72,1,0.0,6.72,6.72,2015,2015,1,1,O=C1c2n[nH]cc2C(c2ccccc2)N1c1ccc(=O)[nH]c1,0.0
Cc1[nH]nc2cc(-c3ccn4c(NC5CCCCC5)c(CCc5ccccc5)nc4c3)ccc12,6.29,1,0.0,6.29,6.29,2021,2021,1,1,c1ccc(CCc2nc3cc(-c4ccc5c[nH]nc5c4)ccn3c2NC2CCCCC2)cc1,0.0
Cc1c(-c2cccc(NS(C)(=O)=O)c2)cn(C)c(=O)c1C,5.56,1,0.0,5.56,5.56,2018,2018,1,1,O=c1ccc(-c2ccccc2)c[nH]1,0.0
Cc1c(-c2cccc(N[S+](C)[O-])c2)cn(C)c(=O)c1C,5.56,1,0.0,5.56,5.56,2021,2021,1,1,O=c1ccc(-c2ccccc2)c[nH]1,0.0
Cc1c(-c2cccc3c2N[C@H](C)CC(=O)N3)n(C(C)(C)C)c2ccccc12,6.05,1,0.0,6.05,6.05,2019,2019,1,1,O=C1CCNc2c(cccc2-c2cc3ccccc3[nH]2)N1,0.0
Cc1c(-c2cccc3c2N[C@H](C)CC(=O)N3)oc2ccccc12,5.56,1,0.0,5.56,5.56,2019,2019,1,1,O=C1CCNc2c(cccc2-c2cc3ccccc3o2)N1,0.0
Cc1c(-c2cccc3c2O[C@H](C)CC(=O)N3)[nH]c2ccccc12,5.18,1,0.0,5.18,5.18,2019,2019,1,1,O=C1CCOc2c(cccc2-c2cc3ccccc3[nH]2)N1,0.0
Cc1c(-c2cccc3c2O[C@H](C)CC(=O)N3)ccc2c1cnn2C,4.91,1,0.0,4.91,4.91,2019,2019,1,1,O=C1CCOc2c(cccc2-c2ccc3[nH]ncc3c2)N1,0.0
Cc1c(-c2cccc3c2O[C@H](C)CC(=O)N3)ccc2nn(C)cc12,4.82,1,0.0,4.82,4.82,2019,2019,1,1,O=C1CCOc2c(cccc2-c2ccc3n[nH]cc3c2)N1,0.0
Cc1c(-c2cccc3c2O[C@H](C)CC(=O)N3)cnn1-c1ccccc1,4.99,1,0.0,4.99,4.99,2019,2019,1,1,O=C1CCOc2c(cccc2-c2cnn(-c3ccccc3)c2)N1,0.0
Cc1c(-c2nc3cccc(-c4nc(C5CC5)n5c4CN(C)C(=O)C5C)c3cc2C#N)cnn1C,8.4,1,0.0,8.4,8.4,2021,2021,1,1,O=C1Cn2c(C3CC3)nc(-c3cccc4nc(-c5cn[nH]c5)ccc34)c2CN1,0.0
Cc1c(-c2nc3cccc(-c4nc(C5CC5)n5c4CN(C)C(=O)C5C)c3cc2C(F)F)cnn1C,8.4,1,0.0,8.4,8.4,2021,2021,1,1,O=C1Cn2c(C3CC3)nc(-c3cccc4nc(-c5cn[nH]c5)ccc34)c2CN1,0.0
Cc1c(-c2nc3cnc(N4CCN(C)CC4)cc3n2Cc2ccccc2)cn(C)c(=O)c1C,5.92,2,0.0,5.92,5.92,2016,2016,1,2,O=c1ccc(-c2nc3cnc(N4CCNCC4)cc3n2Cc2ccccc2)c[nH]1,0.0
Cc1c(Br)cc(-c2csc(=O)[nH]2)cc1S(=O)(=O)NC1CCCC1,7.22,1,0.0,7.22,7.22,2015,2015,1,1,O=c1[nH]c(-c2cccc(S(=O)(=O)NC3CCCC3)c2)cs1,0.0
Cc1c(CC#N)sc2c1C(c1ccc(Cl)cc1)=N[C@@H](CC(=O)N1CCOCC1)c1nnc(C)n1-2,6.33,1,0.0,6.33,6.33,2022,2022,1,1,O=C(CC1N=C(c2ccccc2)c2ccsc2-n2cnnc21)N1CCOCC1,0.0
Cc1c(CC#N)sc2c1C(c1ccc(Cl)cc1)=N[C@@H](CC(=O)NCC(F)F)c1nnc(C)n1-2,6.41,1,0.0,6.41,6.41,2022,2022,1,1,c1ccc(C2=NCc3nncn3-c3sccc32)cc1,0.0
Cc1c(CC#N)sc2c1C(c1ccc(Cl)cc1)=N[C@@H](CC(=O)NCCCN1CCN(C)CC1)c1nnc(C)n1-2,6.87,1,0.0,6.87,6.87,2022,2022,1,1,O=C(CC1N=C(c2ccccc2)c2ccsc2-n2cnnc21)NCCCN1CCNCC1,0.0
Cc1c(CC#N)sc2c1C(c1ccc(Cl)cc1)=N[C@@H](CC(=O)NCCN1CCOCC1)c1nnc(C)n1-2,6.52,1,0.0,6.52,6.52,2022,2022,1,1,O=C(CC1N=C(c2ccccc2)c2ccsc2-n2cnnc21)NCCN1CCOCC1,0.0
Cc1c(CC#N)sc2c1C(c1ccc(Cl)cc1)=N[C@@H](CC(=O)NCCO)c1nnc(C)n1-2,6.71,1,0.0,6.71,6.71,2022,2022,1,1,c1ccc(C2=NCc3nncn3-c3sccc32)cc1,0.0
Cc1c(CC#N)sc2c1C(c1ccc(Cl)cc1)=N[C@@H](CC(=O)NC[C@@H](C)O)c1nnc(C)n1-2,6.38,1,0.0,6.38,6.38,2022,2022,1,1,c1ccc(C2=NCc3nncn3-c3sccc32)cc1,0.0
Cc1c(CC#N)sc2c1C(c1ccc(Cl)cc1)=N[C@@H](CC(=O)NC[C@H](C)O)c1nnc(C)n1-2,6.21,1,0.0,6.21,6.21,2022,2022,1,1,c1ccc(C2=NCc3nncn3-c3sccc32)cc1,0.0
Cc1c(CC#N)sc2c1C(c1ccc(Cl)cc1)=N[C@@H](CC(=O)Nc1ccc(O)cc1)c1nnc(C)n1-2,6.76,1,0.0,6.76,6.76,2022,2022,1,1,O=C(CC1N=C(c2ccccc2)c2ccsc2-n2cnnc21)Nc1ccccc1,0.0
Cc1c(CC#N)sc2c1C(c1ccc(Cl)cc1)=N[C@@H](CC(N)=O)c1nnc(C)n1-2,6.69,1,0.0,6.69,6.69,2022,2022,1,1,c1ccc(C2=NCc3nncn3-c3sccc32)cc1,0.0
Cc1c(Cl)cccc1-c1cccc2c1N[C@H](C)CC(=O)N2,5.11,1,0.0,5.11,5.11,2019,2019,1,1,O=C1CCNc2c(cccc2-c2ccccc2)N1,0.0
Cc1c(N)cc(-c2csc(=O)[nH]2)cc1S(=O)(=O)NC1CCCC1,6.85,1,0.0,6.85,6.85,2015,2015,1,1,O=c1[nH]c(-c2cccc(S(=O)(=O)NC3CCCC3)c2)cs1,0.0
Cc1c(NC(=O)C2CC2)cc(-c2csc(=O)[nH]2)cc1S(=O)(=O)NC1CCCC1,6.66,1,0.0,6.66,6.66,2015,2015,1,1,O=C(Nc1cc(-c2csc(=O)[nH]2)cc(S(=O)(=O)NC2CCCC2)c1)C1CC1,0.0
Cc1c(NC(=O)c2cccs2)cc(-c2csc(=O)[nH]2)cc1S(=O)(=O)NC1CCCC1,6.1,1,0.0,6.1,6.1,2015,2015,1,1,O=C(Nc1cc(-c2csc(=O)[nH]2)cc(S(=O)(=O)NC2CCCC2)c1)c1cccs1,0.0
Cc1c2c(nn1C(C)C)C(=O)N(c1cc(Cl)c(=O)n(C)c1)C2c1ccc(Cl)cc1,6.7,1,0.0,6.7,6.7,2015,2015,1,1,O=C1c2n[nH]cc2C(c2ccccc2)N1c1ccc(=O)[nH]c1,0.0
Cc1c2c(nn1C)C(=O)N(c1cc(Cl)c(=O)n(C)c1)C2c1ccc(Cl)cc1,6.72,1,0.0,6.72,6.72,2015,2015,1,1,O=C1c2n[nH]cc2C(c2ccccc2)N1c1ccc(=O)[nH]c1,0.0
Cc1c2c(nn1C)C(=O)N(c1cc(Cl)c(=O)n(C)c1)[C@@H]2c1ccc(Cl)cc1,7.14,1,0.0,7.14,7.14,2015,2015,1,1,O=C1c2n[nH]cc2C(c2ccccc2)N1c1ccc(=O)[nH]c1,0.0
Cc1c2c(nn1C)C(=O)N(c1cc(Cl)c(=O)n(C)c1)[C@H]2c1ccc(Cl)cc1,4.51,1,0.0,4.51,4.51,2015,2015,1,1,O=C1c2n[nH]cc2C(c2ccccc2)N1c1ccc(=O)[nH]c1,0.0
Cc1c2c(nn1C)C(=O)N(c1cc(F)c(=O)n(C)c1)C2c1ccc(Cl)cc1,6.28,1,0.0,6.28,6.28,2015,2015,1,1,O=C1c2n[nH]cc2C(c2ccccc2)N1c1ccc(=O)[nH]c1,0.0
Cc1c2c(nn1C)C(=O)N(c1ccc(=O)n(C)c1)C2c1ccc(Cl)cc1,6.4,1,0.0,6.4,6.4,2015,2015,1,1,O=C1c2n[nH]cc2C(c2ccccc2)N1c1ccc(=O)[nH]c1,0.0
Cc1c2c(nn1C)C(=O)N(c1ccc(=O)n(C)n1)C2c1ccc(Cl)cc1,6.18,1,0.0,6.18,6.18,2015,2015,1,1,O=C1c2n[nH]cc2C(c2ccccc2)N1c1ccc(=O)[nH]n1,0.0
Cc1c2c(nn1C)C(=O)N(c1ccc3nnc(C)n3c1)C2c1ccc(Cl)cc1,6.58,1,0.0,6.58,6.58,2015,2015,1,1,O=C1c2n[nH]cc2C(c2ccccc2)N1c1ccc2nncn2c1,0.0
Cc1c2c(nn1C1CC1)C(=O)N(c1cc(Cl)c(=O)n(C)c1)C2c1ccc(Cl)cc1,6.85,1,0.0,6.85,6.85,2015,2015,1,1,O=C1c2nn(C3CC3)cc2C(c2ccccc2)N1c1ccc(=O)[nH]c1,0.0
Cc1c2c(nn1C1CC1)C(=O)N(c1cc(Cl)c(=O)n(C)c1)[C@@H]2c1ccc(Cl)cc1,7.14,1,0.0,7.14,7.14,2015,2015,1,1,O=C1c2nn(C3CC3)cc2C(c2ccccc2)N1c1ccc(=O)[nH]c1,0.0
Cc1c2c(nn1C1CC1)C(=O)N(c1cc(Cl)c(=O)n(C)c1)[C@H]2c1ccc(Cl)cc1,4.64,1,0.0,4.64,4.64,2015,2015,1,1,O=C1c2nn(C3CC3)cc2C(c2ccccc2)N1c1ccc(=O)[nH]c1,0.0
Cc1c[nH]c2c1C(=O)N(c1cc(C)c3nnc(C)n3c1)C2c1ccc(Cl)cc1,7.85,1,0.0,7.85,7.85,2017,2017,1,1,O=C1c2cc[nH]c2C(c2ccccc2)N1c1ccc2nncn2c1,0.0
Cc1cc(-c2cc(CS(C)(=O)=O)ccc2NC2CCOCC2)n2cc[nH]c(=O)c12,7.24,1,0.0,7.24,7.24,2022,2022,1,1,O=c1[nH]ccn2c(-c3ccccc3NC3CCOCC3)ccc12,0.0
Cc1cc(-c2cc(CS(C)(=O)=O)ccc2NCC2CC2)n2cc[nH]c(=O)c12,7.67,1,0.0,7.67,7.67,2022,2022,1,1,O=c1[nH]ccn2c(-c3ccccc3NCC3CC3)ccc12,0.0
Cc1cc(-c2cc(CS(C)(=O)=O)ccc2NCC2CCCCC2)n2cc[nH]c(=O)c12,6.61,1,0.0,6.61,6.61,2022,2022,1,1,O=c1[nH]ccn2c(-c3ccccc3NCC3CCCCC3)ccc12,0.0
Cc1cc(-c2cc(CS(C)(=O)=O)ccc2NCC2CCOCC2)n2cc[nH]c(=O)c12,7.32,1,0.0,7.32,7.32,2022,2022,1,1,O=c1[nH]ccn2c(-c3ccccc3NCC3CCOCC3)ccc12,0.0
Cc1cc(-c2cc(CS(C)(=O)=O)ccc2Nc2ccc(Cl)cc2)n2cc[nH]c(=O)c12,6.96,1,0.0,6.96,6.96,2022,2022,1,1,O=c1[nH]ccn2c(-c3ccccc3Nc3ccccc3)ccc12,0.0
Cc1cc(-c2cc(CS(C)(=O)=O)ccc2Nc2ccc(F)cc2)n2cc[nH]c(=O)c12,7.08,1,0.0,7.08,7.08,2022,2022,1,1,O=c1[nH]ccn2c(-c3ccccc3Nc3ccccc3)ccc12,0.0
Cc1cc(-c2cc(CS(C)(=O)=O)ccc2Nc2ccc(F)cc2F)n2cc[nH]c(=O)c12,6.79,1,0.0,6.79,6.79,2022,2022,1,1,O=c1[nH]ccn2c(-c3ccccc3Nc3ccccc3)ccc12,0.0
Cc1cc(-c2cc(CS(C)(=O)=O)ccc2Nc2ccccc2)n2cc[nH]c(=O)c12,6.86,1,0.0,6.86,6.86,2022,2022,1,1,O=c1[nH]ccn2c(-c3ccccc3Nc3ccccc3)ccc12,0.0
Cc1cc(-c2cc(CS(C)(=O)=O)ccc2OC2CCC(F)(F)CC2)n2cc[nH]c(=O)c12,7.57,1,0.0,7.57,7.57,2022,2022,1,1,O=c1[nH]ccn2c(-c3ccccc3OC3CCCCC3)ccc12,0.0
Cc1cc(-c2cc(CS(C)(=O)=O)ccc2OC2CCCCC2)n2cc[nH]c(=O)c12,7.07,1,0.0,7.07,7.07,2022,2022,1,1,O=c1[nH]ccn2c(-c3ccccc3OC3CCCCC3)ccc12,0.0
Cc1cc(-c2cc(CS(C)(=O)=O)ccc2OC2CCOCC2)n2cc[nH]c(=O)c12,7.29,1,0.0,7.29,7.29,2022,2022,1,1,O=c1[nH]ccn2c(-c3ccccc3OC3CCOCC3)ccc12,0.0
Cc1cc(-c2cc(CS(C)(=O)=O)ccc2OCC2CC2)n2cc[nH]c(=O)c12,7.1,1,0.0,7.1,7.1,2022,2022,1,1,O=c1[nH]ccn2c(-c3ccccc3OCC3CC3)ccc12,0.0
Cc1cc(-c2cc(CS(C)(=O)=O)ccc2Oc2ccc(F)cc2)n2cc[nH]c(=O)c12,8.06,1,0.0,8.06,8.06,2022,2022,1,1,O=c1[nH]ccn2c(-c3ccccc3Oc3ccccc3)ccc12,0.0
Cc1cc(-c2cc(CS(C)(=O)=O)ccc2Oc2ccc(F)cc2F)n2cc[nH]c(=O)c12,7.8,1,0.0,7.8,7.8,2022,2022,1,1,O=c1[nH]ccn2c(-c3ccccc3Oc3ccccc3)ccc12,0.0
Cc1cc(-c2cc(CS(C)(=O)=O)ccc2Oc2ccc(F)cc2F)n2cn[nH]c(=O)c12,8.35,1,0.0,8.35,8.35,2022,2022,1,1,O=c1[nH]ncn2c(-c3ccccc3Oc3ccccc3)ccc12,0.0
Cc1cc(-c2cc(CS(C)(=O)=O)ccc2Oc2ccccc2)n2cc[nH]c(=O)c12,7.84,1,0.0,7.84,7.84,2022,2022,1,1,O=c1[nH]ccn2c(-c3ccccc3Oc3ccccc3)ccc12,0.0
Cc1cc(-c2cc(CS(C)(=O)=O)ccc2Oc2cccnc2)n2cc[nH]c(=O)c12,7.31,1,0.0,7.31,7.31,2022,2022,1,1,O=c1[nH]ccn2c(-c3ccccc3Oc3cccnc3)ccc12,0.0
Cc1cc(-c2cc(CS(C)(=O)=O)ccc2Oc2cccnc2)n2cn[nH]c(=O)c12,7.44,1,0.0,7.44,7.44,2022,2022,1,1,O=c1[nH]ncn2c(-c3ccccc3Oc3cccnc3)ccc12,0.0
Cc1cc(-c2cc(CS(C)(=O)=O)cnc2OC2CCC(F)(F)CC2)n2cc[nH]c(=O)c12,7.59,1,0.0,7.59,7.59,2022,2022,1,1,O=c1[nH]ccn2c(-c3cccnc3OC3CCCCC3)ccc12,0.0
Cc1cc(-c2cc(CS(C)(=O)=O)cnc2OC2CCCCC2)n2cc[nH]c(=O)c12,8.66,1,0.0,8.66,8.66,2022,2022,1,1,O=c1[nH]ccn2c(-c3cccnc3OC3CCCCC3)ccc12,0.0
Cc1cc(-c2cc(CS(C)(=O)=O)cnc2OC2CCOCC2)n2cc[nH]c(=O)c12,7.38,1,0.0,7.38,7.38,2022,2022,1,1,O=c1[nH]ccn2c(-c3cccnc3OC3CCOCC3)ccc12,0.0
Cc1cc(-c2cc(CS(C)(=O)=O)cnc2OCC2CC2)n2cc[nH]c(=O)c12,6.93,1,0.0,6.93,6.93,2022,2022,1,1,O=c1[nH]ccn2c(-c3cccnc3OCC3CC3)ccc12,0.0
Cc1cc(-c2cc(NS(C)(=O)=O)ccc2NC2CCC(F)(F)CC2)n2cc[nH]c(=O)c12,7.15,1,0.0,7.15,7.15,2022,2022,1,1,O=c1[nH]ccn2c(-c3ccccc3NC3CCCCC3)ccc12,0.0
Cc1cc(-c2cc(NS(C)(=O)=O)ccc2Nc2cccnc2)n2cc[nH]c(=O)c12,7.85,1,0.0,7.85,7.85,2022,2022,1,1,O=c1[nH]ccn2c(-c3ccccc3Nc3cccnc3)ccc12,0.0
Cc1cc(-c2cc(NS(C)(=O)=O)ccc2OC2CCCCC2)n2cc[nH]c(=O)c12,7.44,1,0.0,7.44,7.44,2022,2022,1,1,O=c1[nH]ccn2c(-c3ccccc3OC3CCCCC3)ccc12,0.0
Cc1cc(-c2cc(NS(C)(=O)=O)ccc2OC2CCOCC2)n2cc[nH]c(=O)c12,7.81,1,0.0,7.81,7.81,2022,2022,1,1,O=c1[nH]ccn2c(-c3ccccc3OC3CCOCC3)ccc12,0.0
Cc1cc(-c2cc(NS(C)(=O)=O)ccc2OC2CCOCC2)n2cn[nH]c(=O)c12,6.91,1,0.0,6.91,6.91,2022,2022,1,1,O=c1[nH]ncn2c(-c3ccccc3OC3CCOCC3)ccc12,0.0
Cc1cc(-c2cc(NS(C)(=O)=O)ccc2OCC2CC2)n2cn[nH]c(=O)c12,6.33,1,0.0,6.33,6.33,2022,2022,1,1,O=c1[nH]ncn2c(-c3ccccc3OCC3CC3)ccc12,0.0
Cc1cc(-c2cc(NS(C)(=O)=O)ccc2Oc2ccc(F)cc2)n2cc[nH]c(=O)c12,6.97,1,0.0,6.97,6.97,2022,2022,1,1,O=c1[nH]ccn2c(-c3ccccc3Oc3ccccc3)ccc12,0.0
Cc1cc(-c2cc(NS(C)(=O)=O)ccc2Oc2ccc(F)cc2F)n2cc[nH]c(=O)c12,6.75,1,0.0,6.75,6.75,2022,2022,1,1,O=c1[nH]ccn2c(-c3ccccc3Oc3ccccc3)ccc12,0.0
Cc1cc(-c2cc(NS(C)(=O)=O)ccc2Oc2ccc(F)cc2F)n2cn[nH]c(=O)c12,7.03,1,0.0,7.03,7.03,2022,2022,1,1,O=c1[nH]ncn2c(-c3ccccc3Oc3ccccc3)ccc12,0.0
Cc1cc(-c2cc(NS(C)(=O)=O)ccc2Oc2ccccc2)n2cc[nH]c(=O)c12,7.37,1,0.0,7.37,7.37,2022,2022,1,1,O=c1[nH]ccn2c(-c3ccccc3Oc3ccccc3)ccc12,0.0
Cc1cc(-c2cc(NS(C)(=O)=O)ccc2Oc2ccccc2)n2cn[nH]c(=O)c12,6.94,1,0.0,6.94,6.94,2022,2022,1,1,O=c1[nH]ncn2c(-c3ccccc3Oc3ccccc3)ccc12,0.0
Cc1cc(-c2cc(NS(C)(=O)=O)ccc2Oc2ccccc2)n2nc[nH]c(=O)c12,6.36,1,0.0,6.36,6.36,2022,2022,1,1,O=c1[nH]cnn2c(-c3ccccc3Oc3ccccc3)ccc12,0.0
Cc1cc(-c2cc(NS(C)(=O)=O)ccc2Sc2ccccc2)n2cc[nH]c(=O)c12,6.11,1,0.0,6.11,6.11,2022,2022,1,1,O=c1[nH]ccn2c(-c3ccccc3Sc3ccccc3)ccc12,0.0
Cc1cc(-c2cc(NS(C)(=O)=O)cnc2Nc2ccccc2)n2cc[nH]c(=O)c12,7.46,1,0.0,7.46,7.46,2022,2022,1,1,O=c1[nH]ccn2c(-c3cccnc3Nc3ccccc3)ccc12,0.0
Cc1cc(-c2cc(NS(C)(=O)=O)cnc2OC2CCC(F)(F)CC2)n2cc[nH]c(=O)c12,7.3,1,0.0,7.3,7.3,2022,2022,1,1,O=c1[nH]ccn2c(-c3cccnc3OC3CCCCC3)ccc12,0.0
Cc1cc(-c2cc(NS(C)(=O)=O)cnc2OC2CCCCC2)n2cc[nH]c(=O)c12,8.21,1,0.0,8.21,8.21,2022,2022,1,1,O=c1[nH]ccn2c(-c3cccnc3OC3CCCCC3)ccc12,0.0
Cc1cc(-c2cc(NS(C)(=O)=O)cnc2OC2CCOCC2)n2cc[nH]c(=O)c12,7.12,1,0.0,7.12,7.12,2022,2022,1,1,O=c1[nH]ccn2c(-c3cccnc3OC3CCOCC3)ccc12,0.0
Cc1cc(-c2cc(NS(C)(=O)=O)cnc2OCC2CC2)n2cc[nH]c(=O)c12,7.32,1,0.0,7.32,7.32,2022,2022,1,1,O=c1[nH]ccn2c(-c3cccnc3OCC3CC3)ccc12,0.0
Cc1cc(-c2cc(NS(C)(=O)=O)cnc2Oc2ccccc2)n2cc[nH]c(=O)c12,7.28,1,0.0,7.28,7.28,2022,2022,1,1,O=c1[nH]ccn2c(-c3cccnc3Oc3ccccc3)ccc12,0.0
Cc1cc(-c2cc(OCc3cccc(Cl)c3Cl)cc(S(C)(=O)=O)c2)cn(C)c1=O,5.56,1,0.0,5.56,5.56,2018,2018,1,1,O=c1ccc(-c2cccc(OCc3ccccc3)c2)c[nH]1,0.0
Cc1cc(-c2cc(S(=O)(=O)N(C)C)cnc2OC2CCOCC2)n2cc[nH]c(=O)c12,6.72,1,0.0,6.72,6.72,2022,2022,1,1,O=c1[nH]ccn2c(-c3cccnc3OC3CCOCC3)ccc12,0.0
Cc1cc(-c2cc(S(C)(=O)=O)cc3c2OC(C)C3)cn(C)c1=O,5.56,1,0.0,5.56,5.56,2018,2018,1,1,O=c1ccc(-c2cccc3c2OCC3)c[nH]1,0.0
Cc1cc(-c2cc(S(C)(=O)=O)cc3c2OCCO3)cn(C)c1=O,5.56,1,0.0,5.56,5.56,2018,2018,1,1,O=c1ccc(-c2cccc3c2OCCO3)c[nH]1,0.0
Cc1cc(-c2cc(S(C)(=O)=O)ccc2NC2CCC(F)(F)CC2)n2cc[nH]c(=O)c12,7.38,1,0.0,7.38,7.38,2022,2022,1,1,O=c1[nH]ccn2c(-c3ccccc3NC3CCCCC3)ccc12,0.0
Cc1cc(-c2cc(S(C)(=O)=O)ccc2NC2CCCCC2)n2cc[nH]c(=O)c12,7.82,1,0.0,7.82,7.82,2022,2022,1,1,O=c1[nH]ccn2c(-c3ccccc3NC3CCCCC3)ccc12,0.0
Cc1cc(-c2cc(S(C)(=O)=O)ccc2OC2CCCCC2)n2cc[nH]c(=O)c12,7.94,1,0.0,7.94,7.94,2022,2022,1,1,O=c1[nH]ccn2c(-c3ccccc3OC3CCCCC3)ccc12,0.0
Cc1cc(-c2cc(S(C)(=O)=O)ccc2OCC2CC2)cn(CC(C)C)c1=O,5.56,1,0.0,5.56,5.56,2018,2018,1,1,O=c1ccc(-c2ccccc2OCC2CC2)c[nH]1,0.0
Cc1cc(-c2cc(S(C)(=O)=O)ccc2OCC2CC2)cn(CC2COC2)c1=O,5.56,1,0.0,5.56,5.56,2018,2018,1,1,O=c1ccc(-c2ccccc2OCC2CC2)cn1CC1COC1,0.0
Cc1cc(-c2cc(S(C)(=O)=O)ccc2OCC2CC2)cn(Cc2ccccc2)c1=O,5.56,1,0.0,5.56,5.56,2018,2018,1,1,O=c1ccc(-c2ccccc2OCC2CC2)cn1Cc1ccccc1,0.0
Cc1cc(-c2cc(S(C)(=O)=O)ccc2OCC2CC2)cn(Cc2cocn2)c1=O,5.56,1,0.0,5.56,5.56,2018,2018,1,1,O=c1ccc(-c2ccccc2OCC2CC2)cn1Cc1cocn1,0.0
Cc1cc(-c2cc(S(C)(=O)=O)ccc2OCC2CC2)nn(C)c1=O,5.56,1,0.0,5.56,5.56,2018,2018,1,1,O=c1ccc(-c2ccccc2OCC2CC2)n[nH]1,0.0
Cc1cc(-c2cc(S(C)(=O)=O)ccc2Oc2ccccc2)n2cc[nH]c(=O)c12,6.68,2,0.26870057685088766,6.49,6.87,2022,2022,1,1,O=c1[nH]ccn2c(-c3ccccc3Oc3ccccc3)ccc12,0.3799999999999999
Cc1cc(-c2cc(S(C)(=O)=O)cnc2OC2CCOCC2)n2cc[nH]c(=O)c12,6.62,1,0.0,6.62,6.62,2022,2022,1,1,O=c1[nH]ccn2c(-c3cccnc3OC3CCOCC3)ccc12,0.0
Cc1cc(-c2cc(S(N)(=O)=O)ccc2NCC2CC2)cn(C)c1=O,5.56,1,0.0,5.56,5.56,2018,2018,1,1,O=c1ccc(-c2ccccc2NCC2CC2)c[nH]1,0.0
Cc1cc(-c2cc(S(N)(O)O)ccc2NCC2CC2)cn(C)c1=O,5.56,1,0.0,5.56,5.56,2021,2021,1,1,O=c1ccc(-c2ccccc2NCC2CC2)c[nH]1,0.0
Cc1cc(-c2cc3c(=O)n(C)cc(-c4cc(C(C)(C)O)ccc4Oc4ccc(F)cc4F)c3o2)cc(C)c1OCCO,9.075,2,0.38890872965260104,8.8,9.35,2022,2022,1,2,O=c1[nH]cc(-c2ccccc2Oc2ccccc2)c2oc(-c3ccccc3)cc12,0.5499999999999989
Cc1cc(-c2cc3c(=O)n(C)cc(-c4cc(CO)ccc4Oc4ccc(F)cc4F)c3o2)cc(C)c1OCCO,8.7,2,0.4384062043356595,8.39,9.01,2022,2022,1,2,O=c1[nH]cc(-c2ccccc2Oc2ccccc2)c2oc(-c3ccccc3)cc12,0.6199999999999992
Cc1cc(-c2cc3c(=O)n(C)cc(-c4cc(CS(=O)(=O)C(C)(C)C)ccc4Oc4ccc(F)cc4F)c3o2)cc(C)c1OCCO,8.665,2,0.26162950903902266,8.48,8.85,2022,2022,1,2,O=c1[nH]cc(-c2ccccc2Oc2ccccc2)c2oc(-c3ccccc3)cc12,0.3699999999999992
Cc1cc(-c2cc3c(=O)n(C)cc(-c4cc(CS(=O)(=O)C(C)C)ccc4Oc4ccc(F)cc4F)c3o2)cc(C)c1OCCO,9.225000000000001,2,0.0212132034355966,9.21,9.24,2022,2022,1,2,O=c1[nH]cc(-c2ccccc2Oc2ccccc2)c2oc(-c3ccccc3)cc12,0.02999999999999936
Cc1cc(-c2cc3c(=O)n(C)cc(-c4cc(NC(=O)C(C)C)ccc4Oc4ccc(F)cc4F)c3o2)cc(C)c1OCCO,8.415,2,0.43133513652379546,8.11,8.72,2022,2022,1,2,O=c1[nH]cc(-c2ccccc2Oc2ccccc2)c2oc(-c3ccccc3)cc12,0.6100000000000012
Cc1cc(-c2cc3c(=O)n(C)cc(-c4cc(NC(=O)C5CC5)ccc4Oc4ccc(F)cc4F)c3o2)cc(C)c1OCCO,8.33,2,0.2262741699796954,8.17,8.49,2022,2022,1,2,O=C(Nc1ccc(Oc2ccccc2)c(-c2c[nH]c(=O)c3cc(-c4ccccc4)oc23)c1)C1CC1,0.3200000000000003
Cc1cc(-c2cc3c(=O)n(C)cc(-c4cc(NS(=O)(=O)C(C)C)ccc4Oc4ccc(F)cc4F)c3o2)cc(C)c1OCCO,8.94,2,0.12727922061357835,8.85,9.03,2022,2022,1,2,O=c1[nH]cc(-c2ccccc2Oc2ccccc2)c2oc(-c3ccccc3)cc12,0.17999999999999972
Cc1cc(-c2cc3c(=O)n(C)cc(-c4cc(NS(=O)(=O)C5CC5)ccc4Oc4ccc(F)cc4F)c3o2)cc(C)c1OCCO,9.0,2,0.0,9.0,9.0,2022,2022,1,2,O=c1[nH]cc(-c2cc(NS(=O)(=O)C3CC3)ccc2Oc2ccccc2)c2oc(-c3ccccc3)cc12,0.0
Cc1cc(-c2cc3c(=O)n(C)cc(-c4cc(NS(C)(=O)=O)ccc4Oc4ccc(F)cc4F)c3o2)cc(C)c1OCCO,9.265,2,0.20506096654410005,9.12,9.41,2022,2022,1,2,O=c1[nH]cc(-c2ccccc2Oc2ccccc2)c2oc(-c3ccccc3)cc12,0.2900000000000009
Cc1cc(-c2cc3c(c(CN4CCCCC4)c2)NC(=O)CC3)cn(C)c1=O,5.89,1,0.0,5.89,5.89,2019,2019,1,1,O=C1CCc2cc(-c3ccc(=O)[nH]c3)cc(CN3CCCCC3)c2N1,0.0
Cc1cc(-c2cc3c(c(CNC4CCCC4)c2)NC(=O)CC3)cn(C)c1=O,6.16,1,0.0,6.16,6.16,2019,2019,1,1,O=C1CCc2cc(-c3ccc(=O)[nH]c3)cc(CNC3CCCC3)c2N1,0.0
Cc1cc(-c2cc3c(c(Cc4ccccc4)c2)N(C)C(=O)CC3)cn(C)c1=O,6.25,1,0.0,6.25,6.25,2019,2019,1,1,O=C1CCc2cc(-c3ccc(=O)[nH]c3)cc(Cc3ccccc3)c2N1,0.0
Cc1cc(-c2cc3c(c(Cc4ccccc4)c2)NC(=O)CC3)cn(C)c1=O,6.39,1,0.0,6.39,6.39,2019,2019,1,1,O=C1CCc2cc(-c3ccc(=O)[nH]c3)cc(Cc3ccccc3)c2N1,0.0
Cc1cc(-c2cc3c(c(N(C)c4ccccc4)c2)NC(=O)CC3)cn(C)c1=O,6.46,1,0.0,6.46,6.46,2019,2019,1,1,O=C1CCc2cc(-c3ccc(=O)[nH]c3)cc(Nc3ccccc3)c2N1,0.0
Cc1cc(-c2cc3c(c(NC4CCCCC4)c2)NC(=O)CC3)cn(C)c1=O,6.09,1,0.0,6.09,6.09,2019,2019,1,1,O=C1CCc2cc(-c3ccc(=O)[nH]c3)cc(NC3CCCCC3)c2N1,0.0
Cc1cc(-c2cc3c(c(NC4CCOCC4)c2)NC(=O)CC3)cn(C)c1=O,6.38,1,0.0,6.38,6.38,2019,2019,1,1,O=C1CCc2cc(-c3ccc(=O)[nH]c3)cc(NC3CCOCC3)c2N1,0.0
Cc1cc(-c2cc3c(c(NCc4ccccc4)c2)NC(=O)CC3)cn(C)c1=O,6.55,1,0.0,6.55,6.55,2019,2019,1,1,O=C1CCc2cc(-c3ccc(=O)[nH]c3)cc(NCc3ccccc3)c2N1,0.0
Cc1cc(-c2cc3c(c(NCc4ccccn4)c2)NC(=O)CC3)cn(C)c1=O,6.96,1,0.0,6.96,6.96,2019,2019,1,1,O=C1CCc2cc(-c3ccc(=O)[nH]c3)cc(NCc3ccccn3)c2N1,0.0
Cc1cc(-c2cc3c(c(Nc4ccccc4)c2)NC(=O)CC3)cn(C)c1=O,6.29,1,0.0,6.29,6.29,2019,2019,1,1,O=C1CCc2cc(-c3ccc(=O)[nH]c3)cc(Nc3ccccc3)c2N1,0.0
Cc1cc(-c2cc3c(c(Nc4cccnc4)c2)NC(=O)CC3)cn(C)c1=O,6.46,1,0.0,6.46,6.46,2019,2019,1,1,O=C1CCc2cc(-c3ccc(=O)[nH]c3)cc(Nc3cccnc3)c2N1,0.0
Cc1cc(-c2cc3c(c(OCc4ccccc4)c2)NC(=O)CC3)cn(C)c1=O,6.75,1,0.0,6.75,6.75,2019,2019,1,1,O=C1CCc2cc(-c3ccc(=O)[nH]c3)cc(OCc3ccccc3)c2N1,0.0
Cc1cc(-c2cc3c(cc2Cc2ccccc2)N(C)C(=O)CC3)cn(C)c1=O,6.32,1,0.0,6.32,6.32,2019,2019,1,1,O=C1CCc2cc(-c3ccc(=O)[nH]c3)c(Cc3ccccc3)cc2N1,0.0
Cc1cc(-c2cc3c(cc2Cc2ccccc2)NC(=O)CC3)cn(C)c1=O,6.55,1,0.0,6.55,6.55,2019,2019,1,1,O=C1CCc2cc(-c3ccc(=O)[nH]c3)c(Cc3ccccc3)cc2N1,0.0
Cc1cc(-c2cc3c4c(c2)n(Cc2ccccc2)c(=O)n4CCO3)cn(C)c1=O,7.82,1,0.0,7.82,7.82,2023,2023,1,1,O=c1ccc(-c2cc3c4c(c2)n(Cc2ccccc2)c(=O)n4CCO3)c[nH]1,0.0
Cc1cc(-c2ccc(C)c(S(=O)(=O)NC3CCCC3)c2)cnn1,5.095000000000001,2,0.4313351365237939,4.79,5.4,2019,2019,1,2,O=S(=O)(NC1CCCC1)c1cccc(-c2ccnnc2)c1,0.6100000000000003
Cc1cc(-c2ccc3[nH]c(=O)n(Cc4ccccc4)c3c2)cn(C)c1=O,7.5,1,0.0,7.5,7.5,2023,2023,1,1,O=c1ccc(-c2ccc3[nH]c(=O)n(Cc4ccccc4)c3c2)c[nH]1,0.0
Cc1cc(-c2ccc3c(c2)N(CC2CC(F)(F)C2)C(=O)CC3)cn(C)c1=O,6.07,1,0.0,6.07,6.07,2020,2020,1,1,O=C1CCc2ccc(-c3ccc(=O)[nH]c3)cc2N1CC1CCC1,0.0
Cc1cc(-c2ccc3c(c2)N(CC2CC(F)(F)C2)C(=O)CO3)cn(C)c1=O,6.09,1,0.0,6.09,6.09,2020,2020,1,1,O=C1COc2ccc(-c3ccc(=O)[nH]c3)cc2N1CC1CCC1,0.0
Cc1cc(-c2ccc3c(c2)N(CCOC(F)(F)F)C(=O)CC3)cn(C)c1=O,6.03,1,0.0,6.03,6.03,2020,2020,1,1,O=C1CCc2ccc(-c3ccc(=O)[nH]c3)cc2N1,0.0
Cc1cc(-c2ccc3c(c2)N(CCOC(F)(F)F)C(=O)CO3)cn(C)c1=O,6.06,1,0.0,6.06,6.06,2020,2020,1,1,O=C1COc2ccc(-c3ccc(=O)[nH]c3)cc2N1,0.0
Cc1cc(-c2ccc3c(c2)N(C[C@@H]2CCCCO2)C(=O)CC3)cn(C)c1=O,5.43,1,0.0,5.43,5.43,2020,2020,1,1,O=C1CCc2ccc(-c3ccc(=O)[nH]c3)cc2N1CC1CCCCO1,0.0
Cc1cc(-c2ccc3c(c2)N(C[C@H]2CCCCO2)C(=O)CC3)cn(C)c1=O,5.82,1,0.0,5.82,5.82,2020,2020,1,1,O=C1CCc2ccc(-c3ccc(=O)[nH]c3)cc2N1CC1CCCCO1,0.0
Cc1cc(-c2ccc3c(c2)N(Cc2ccc(F)cc2)C(=O)CC3)cn(C)c1=O,6.16,1,0.0,6.16,6.16,2020,2020,1,1,O=C1CCc2ccc(-c3ccc(=O)[nH]c3)cc2N1Cc1ccccc1,0.0
Cc1cc(-c2ccc3c(c2)N(Cc2ccccc2)C(=O)CC3)cn(C)c1=O,6.13,1,0.0,6.13,6.13,2020,2020,1,1,O=C1CCc2ccc(-c3ccc(=O)[nH]c3)cc2N1Cc1ccccc1,0.0
Cc1cc(-c2ccc3c(c2)N(Cc2ccccc2)C(=O)CN3)cn(C)c1=O,6.91,1,0.0,6.91,6.91,2023,2023,1,1,O=C1CNc2ccc(-c3ccc(=O)[nH]c3)cc2N1Cc1ccccc1,0.0
Cc1cc(-c2ccc3c(c2)N(Cc2ccccc2)C(=O)CO3)cn(C)c1=O,6.34,1,0.0,6.34,6.34,2020,2020,1,1,O=C1COc2ccc(-c3ccc(=O)[nH]c3)cc2N1Cc1ccccc1,0.0
Cc1cc(-c2ccc3c(c2)N(Cc2ccccn2)C(=O)CC3)cn(C)c1=O,6.38,1,0.0,6.38,6.38,2020,2020,1,1,O=C1CCc2ccc(-c3ccc(=O)[nH]c3)cc2N1Cc1ccccn1,0.0
Cc1cc(-c2ccc3c(c2)N(Cc2ccccn2)C(=O)CO3)cn(C)c1=O,6.24,1,0.0,6.24,6.24,2020,2020,1,1,O=C1COc2ccc(-c3ccc(=O)[nH]c3)cc2N1Cc1ccccn1,0.0
Cc1cc(-c2ccc3c(c2)N([C@@H](C)c2ccccc2)C(=O)CC3)cn(C)c1=O,6.04,1,0.0,6.04,6.04,2020,2020,1,1,O=C1CCc2ccc(-c3ccc(=O)[nH]c3)cc2N1Cc1ccccc1,0.0
Cc1cc(-c2ccc3c(c2)N([C@H](C)c2ccccc2)C(=O)CC3)cn(C)c1=O,6.5,1,0.0,6.5,6.5,2020,2020,1,1,O=C1CCc2ccc(-c3ccc(=O)[nH]c3)cc2N1Cc1ccccc1,0.0
Cc1cc(-c2ccc3c(c2)OCC(=O)N3Cc2ccccc2)cn(C)c1=O,5.8,1,0.0,5.8,5.8,2020,2020,1,1,O=C1COc2cc(-c3ccc(=O)[nH]c3)ccc2N1Cc1ccccc1,0.0
Cc1cc(-c2ccc3c(c2)n(Cc2ccccc2)c(=O)n3C(C)C)cn(C)c1=O,7.6,1,0.0,7.6,7.6,2023,2023,1,1,O=c1ccc(-c2ccc3[nH]c(=O)n(Cc4ccccc4)c3c2)c[nH]1,0.0
Cc1cc(-c2ccc3c(c2)n(Cc2ccccc2)c(=O)n3C)cn(C)c1=O,7.3,1,0.0,7.3,7.3,2023,2023,1,1,O=c1ccc(-c2ccc3[nH]c(=O)n(Cc4ccccc4)c3c2)c[nH]1,0.0
Cc1cc(-c2ccc3c(c2)n(Cc2ccccc2)c(=O)n3CC(C)C)cn(C)c1=O,7.38,1,0.0,7.38,7.38,2023,2023,1,1,O=c1ccc(-c2ccc3[nH]c(=O)n(Cc4ccccc4)c3c2)c[nH]1,0.0
Cc1cc(-c2ccc3c(c2Cc2ccccc2)CCC(=O)N3)cn(C)c1=O,6.85,1,0.0,6.85,6.85,2019,2019,1,1,O=C1CCc2c(ccc(-c3ccc(=O)[nH]c3)c2Cc2ccccc2)N1,0.0
Cc1cc(-c2ccc3c(c2Cc2ccccc2)CCC(=O)N3C)cn(C)c1=O,6.57,1,0.0,6.57,6.57,2019,2019,1,1,O=C1CCc2c(ccc(-c3ccc(=O)[nH]c3)c2Cc2ccccc2)N1,0.0
Cc1cc(-c2ccc3ccn(Cc4ccccc4)c3c2)cn(C)c1=O,7.03,1,0.0,7.03,7.03,2023,2023,1,1,O=c1ccc(-c2ccc3ccn(Cc4ccccc4)c3c2)c[nH]1,0.0
Cc1cc(-c2ccc3cnn(Cc4ccccc4)c3c2)cn(C)c1=O,7.21,1,0.0,7.21,7.21,2023,2023,1,1,O=c1ccc(-c2ccc3cnn(Cc4ccccc4)c3c2)c[nH]1,0.0
Cc1cc(-c2ccc3nc(C)n(CCOC(F)(F)F)c3c2)cn(C)c1=O,6.72,1,0.0,6.72,6.72,2020,2020,1,1,O=c1ccc(-c2ccc3nc[nH]c3c2)c[nH]1,0.0
Cc1cc(-c2ccc3nc(C4CC4)n(CCOC(F)(F)F)c3c2)cn(C)c1=O,6.72,1,0.0,6.72,6.72,2020,2020,1,1,O=c1ccc(-c2ccc3nc(C4CC4)[nH]c3c2)c[nH]1,0.0
Cc1cc(-c2ccc3nc(C4CCC4)n(CCOC(F)(F)F)c3c2)cn(C)c1=O,7.04,1,0.0,7.04,7.04,2020,2020,1,1,O=c1ccc(-c2ccc3nc(C4CCC4)[nH]c3c2)c[nH]1,0.0
Cc1cc(-c2ccc3nc(C4CCOCC4)n(CCOC(F)(F)F)c3c2)cn(C)c1=O,6.85,1,0.0,6.85,6.85,2020,2020,1,1,O=c1ccc(-c2ccc3nc(C4CCOCC4)[nH]c3c2)c[nH]1,0.0
Cc1cc(-c2ccc3ncn(CCOC(F)(F)F)c3c2)cn(C)c1=O,6.51,1,0.0,6.51,6.51,2020,2020,1,1,O=c1ccc(-c2ccc3nc[nH]c3c2)c[nH]1,0.0
Cc1cc(-c2ccc3ncn(Cc4ccccc4)c3c2)cn(C)c1=O,7.8,1,0.0,7.8,7.8,2023,2023,1,1,O=c1ccc(-c2ccc3ncn(Cc4ccccc4)c3c2)c[nH]1,0.0
Cc1cc(-c2ccc3nnn(Cc4ccccc4)c3c2)cn(C)c1=O,7.42,1,0.0,7.42,7.42,2023,2023,1,1,O=c1ccc(-c2ccc3nnn(Cc4ccccc4)c3c2)c[nH]1,0.0
Cc1cc(-c2cccc(NS(C)(=O)=O)c2)cn(C)c1=O,5.56,1,0.0,5.56,5.56,2018,2018,1,1,O=c1ccc(-c2ccccc2)c[nH]1,0.0
Cc1cc(-c2cccc(N[S+](C)[O-])c2)cn(C)c1=O,5.56,1,0.0,5.56,5.56,2021,2021,1,1,O=c1ccc(-c2ccccc2)c[nH]1,0.0
Cc1cc(-c2cccc3c2N[C@H](C)CC(=O)N3)ccc1Cl,5.45,1,0.0,5.45,5.45,2019,2019,1,1,O=C1CCNc2c(cccc2-c2ccccc2)N1,0.0
Cc1cc(-c2cccc3c2N[C@H](C)CC(=O)N3)ccn1,5.07,1,0.0,5.07,5.07,2019,2019,1,1,O=C1CCNc2c(cccc2-c2ccncc2)N1,0.0
Cc1cc(-c2ccccc2)cn(C)c1=O,5.25,2,0.3535533905932738,5.0,5.5,2022,2022,1,2,O=c1ccc(-c2ccccc2)c[nH]1,0.5
Cc1cc(-c2ccccc2Oc2ccccc2)n2cc[nH]c(=O)c12,6.04,1,0.0,6.04,6.04,2022,2022,1,1,O=c1[nH]ccn2c(-c3ccccc3Oc3ccccc3)ccc12,0.0
Cc1cc(-c2ccccc2Oc2ccccc2)n2nc[nH]c(=O)c12,6.04,1,0.0,6.04,6.04,2022,2022,1,1,O=c1[nH]cnn2c(-c3ccccc3Oc3ccccc3)ccc12,0.0
Cc1cc(-c2ccnn2C)c2c3c1[nH]c(=O)n3C(c1ccccc1)CO2,6.26,1,0.0,6.26,6.26,2017,2017,1,1,O=c1[nH]c2ccc(-c3ccn[nH]3)c3c2n1C(c1ccccc1)CO3,0.0
Cc1cc(-c2cn(C)nc2Cc2ccccc2)nn2c(C)nnc12,7.19,2,0.0,7.19,7.19,2016,2016,1,2,c1ccc(Cc2n[nH]cc2-c2ccc3nncn3n2)cc1,0.0
Cc1cc(-c2nc(NS(C)(=O)=O)ncc2Oc2ccc(F)cc2F)cn(CC2CCC2)c1=O,5.56,1,0.0,5.56,5.56,2018,2018,1,1,O=c1ccc(-c2ncncc2Oc2ccccc2)cn1CC1CCC1,0.0
Cc1cc(-c2nc(N[S+](C)[O-])ncc2Oc2ccc(F)cc2F)cn(CC2CCC2)c1=O,5.56,1,0.0,5.56,5.56,2021,2021,1,1,O=c1ccc(-c2ncncc2Oc2ccccc2)cn1CC1CCC1,0.0
Cc1cc(-c2nc(S(C)(=O)=O)ncc2Oc2ccc(F)cc2F)cn(C)c1=O,5.56,1,0.0,5.56,5.56,2018,2018,1,1,O=c1ccc(-c2ncncc2Oc2ccccc2)c[nH]1,0.0
Cc1cc(-c2nc3cc(C4CCOCC4)cnc3n2Cc2ccccc2)cn(C)c1=O,7.8,2,0.0,7.8,7.8,2016,2016,1,2,O=c1ccc(-c2nc3cc(C4CCOCC4)cnc3n2Cc2ccccc2)c[nH]1,0.0
Cc1cc(-c2nc3cc(Cl)c(Cl)cc3n2Cc2ccc(Cl)c(Cl)c2)cn(C)c1=O,5.32,2,0.0,5.32,5.32,2016,2016,1,2,O=c1ccc(-c2nc3ccccc3n2Cc2ccccc2)c[nH]1,0.0
Cc1cc(-c2nc3cc(Cl)cnc3n2Cc2ccccc2)cn(C)c1=O,6.73,2,0.0,6.73,6.73,2016,2016,1,2,O=c1ccc(-c2nc3cccnc3n2Cc2ccccc2)c[nH]1,0.0
Cc1cc(-c2nc3cc(N)cnc3n2Cc2ccccc2)cn(C)c1=O,7.42,2,0.0,7.42,7.42,2016,2016,1,2,O=c1ccc(-c2nc3cccnc3n2Cc2ccccc2)c[nH]1,0.0
Cc1cc(-c2nc3cc(N4CCN(C)CC4)cnc3n2Cc2ccccc2)cn(C)c1=O,7.64,2,0.0,7.64,7.64,2016,2016,1,2,O=c1ccc(-c2nc3cc(N4CCNCC4)cnc3n2Cc2ccccc2)c[nH]1,0.0
Cc1cc(-c2nc3cc(N4CCOCC4)cnc3n2Cc2ccccc2)cn(C)c1=O,7.5,2,0.0,7.5,7.5,2016,2016,1,2,O=c1ccc(-c2nc3cc(N4CCOCC4)cnc3n2Cc2ccccc2)c[nH]1,0.0
Cc1cc(-c2nc3cc(S(=O)(=O)N(C)C)cnc3n2Cc2ccccc2)cn(C)c1=O,6.92,2,0.0,6.92,6.92,2016,2016,1,2,O=c1ccc(-c2nc3cccnc3n2Cc2ccccc2)c[nH]1,0.0
Cc1cc(-c2nc3ccc(C#N)cc3n2Cc2ccccc2)cn(C)c1=O,6.72,2,0.0,6.72,6.72,2016,2016,1,2,O=c1ccc(-c2nc3ccccc3n2Cc2ccccc2)c[nH]1,0.0
Cc1cc(-c2nc3ccc(C(=O)N(C)C)cc3n2Cc2ccccc2)cn(C)c1=O,6.89,2,0.0,6.89,6.89,2016,2016,1,2,O=c1ccc(-c2nc3ccccc3n2Cc2ccccc2)c[nH]1,0.0
Cc1cc(-c2nc3ccc(C(C)C)cc3n2[C@@H](C)c2ccccn2)cn(C)c1=O,6.75,2,0.0,6.75,6.75,2016,2016,1,2,O=c1ccc(-c2nc3ccccc3n2Cc2ccccn2)c[nH]1,0.0
Cc1cc(-c2nc3ccc(C4(C(F)(F)F)CC4)cc3n2Cc2ccccn2)cn(C)c1=O,7.2,2,0.0,7.2,7.2,2016,2016,1,2,O=c1ccc(-c2nc3ccc(C4CC4)cc3n2Cc2ccccn2)c[nH]1,0.0
Cc1cc(-c2nc3ccc(C4(C(F)(F)F)CC4)cc3n2[C@@H](C)c2ccccc2)cn(C)c1=O,6.99,2,0.0,6.99,6.99,2016,2016,1,2,O=c1ccc(-c2nc3ccc(C4CC4)cc3n2Cc2ccccc2)c[nH]1,0.0
Cc1cc(-c2nc3ccc(C4CCN(C)C(=O)C4)cc3n2[C@@H](C)c2ccccc2)cn(C)c1=O,7.64,2,0.0,7.64,7.64,2016,2016,1,2,O=C1CC(c2ccc3nc(-c4ccc(=O)[nH]c4)n(Cc4ccccc4)c3c2)CCN1,0.0
Cc1cc(-c2nc3ccc(C4CCN(C)C(=O)C4)cc3n2[C@@H](C)c2ccccc2)nn(C)c1=O,7.5,2,0.0,7.5,7.5,2016,2016,1,2,O=C1CC(c2ccc3nc(-c4ccc(=O)[nH]n4)n(Cc4ccccc4)c3c2)CCN1,0.0
Cc1cc(-c2nc3ccc(C4CCOCC4)cc3n2Cc2ccccn2)cn(C)c1=O,7.14,2,0.0,7.14,7.14,2016,2016,1,2,O=c1ccc(-c2nc3ccc(C4CCOCC4)cc3n2Cc2ccccn2)c[nH]1,0.0
Cc1cc(-c2nc3ccc(C4CCOCC4)cc3n2[C@@H](C)c2ccccn2)cn(C)c1=O,6.99,2,0.0,6.99,6.99,2016,2016,1,2,O=c1ccc(-c2nc3ccc(C4CCOCC4)cc3n2Cc2ccccn2)c[nH]1,0.0
Cc1cc(-c2nc3ccc(C4CN(C)CCO4)cc3n2[C@@H](C)c2ccccc2)cn(C)c1=O,7.08,4,0.26558112382722765,6.85,7.31,2016,2016,1,2,O=c1ccc(-c2nc3ccc(C4CNCCO4)cc3n2Cc2ccccc2)c[nH]1,0.45999999999999996
Cc1cc(-c2nc3ccc(C4CN(C)CCO4)cc3n2[C@@H](C)c2ccccc2)nn(C)c1=O,7.33,2,0.0,7.33,7.33,2016,2016,1,2,O=c1ccc(-c2nc3ccc(C4CNCCO4)cc3n2Cc2ccccc2)n[nH]1,0.0
Cc1cc(-c2nc3ccc(F)cc3n2Cc2ccccc2)cn(C)c1=O,7.75,2,0.0,7.75,7.75,2016,2016,1,2,O=c1ccc(-c2nc3ccccc3n2Cc2ccccc2)c[nH]1,0.0
Cc1cc(-c2nc3ccc(N)cc3n2Cc2ccccc2)cn(C)c1=O,7.24,2,0.0,7.24,7.24,2016,2016,1,2,O=c1ccc(-c2nc3ccccc3n2Cc2ccccc2)c[nH]1,0.0
Cc1cc(-c2nc3ccc(N4CCN(C)CC4)cc3n2Cc2ccccc2)c[nH]c1=O,7.02,2,0.0,7.02,7.02,2016,2016,1,2,O=c1ccc(-c2nc3ccc(N4CCNCC4)cc3n2Cc2ccccc2)c[nH]1,0.0
Cc1cc(-c2nc3ccc(N4CCN(C)CC4)cc3n2Cc2ccccc2)cn(C)c1=O,7.92,2,0.0,7.92,7.92,2016,2016,1,2,O=c1ccc(-c2nc3ccc(N4CCNCC4)cc3n2Cc2ccccc2)c[nH]1,0.0
Cc1cc(-c2nc3ccc(N4CCN(C)CC4)cc3n2Cc2ccccc2)nn(C)c1=O,7.92,2,0.0,7.92,7.92,2016,2016,1,2,O=c1ccc(-c2nc3ccc(N4CCNCC4)cc3n2Cc2ccccc2)n[nH]1,0.0
Cc1cc(-c2nc3ccc(N4CCOCC4)cc3n2Cc2ccccc2)c[nH]c1=O,6.96,2,0.0,6.96,6.96,2016,2016,1,2,O=c1ccc(-c2nc3ccc(N4CCOCC4)cc3n2Cc2ccccc2)c[nH]1,0.0
Cc1cc(-c2nc3ccc(N4CCOCC4)cc3n2Cc2ccccc2)cn(C)c1=O,7.72,2,0.0,7.72,7.72,2016,2016,1,2,O=c1ccc(-c2nc3ccc(N4CCOCC4)cc3n2Cc2ccccc2)c[nH]1,0.0
Cc1cc(-c2nc3ccc(OC(C)C)nc3n2C(C)c2ccccn2)cn(C)c1=O,6.66,2,0.0,6.66,6.66,2016,2016,1,2,O=c1ccc(-c2nc3cccnc3n2Cc2ccccn2)c[nH]1,0.0
Cc1cc(-c2nc3ccc(OC(C)C)nc3n2[C@@H](C)c2ccccc2)nn(C)c1=O,6.93,2,0.0,6.93,6.93,2016,2016,1,2,O=c1ccc(-c2nc3cccnc3n2Cc2ccccc2)n[nH]1,0.0
Cc1cc(-c2nc3ccc(OC(C)C)nc3n2[C@@H](C)c2ccccn2)nn(C)c1=O,6.93,2,0.0,6.93,6.93,2016,2016,1,2,O=c1ccc(-c2nc3cccnc3n2Cc2ccccn2)n[nH]1,0.0
Cc1cc(-c2nc3ccc(OC4CCCC4)nc3n2C(C)c2ccccn2)cn(C)c1=O,6.7,2,0.0,6.7,6.7,2016,2016,1,2,O=c1ccc(-c2nc3ccc(OC4CCCC4)nc3n2Cc2ccccn2)c[nH]1,0.0
Cc1cc(-c2nc3ccc(OC4CCN(C)CC4)nc3n2C(C)c2ccccn2)cn(C)c1=O,6.66,2,0.0,6.66,6.66,2016,2016,1,2,O=c1ccc(-c2nc3ccc(OC4CCNCC4)nc3n2Cc2ccccn2)c[nH]1,0.0
Cc1cc(-c2nc3cccc(C)c3n2Cc2ccccn2)cn(C)c1=O,6.96,2,0.0,6.96,6.96,2016,2016,1,2,O=c1ccc(-c2nc3ccccc3n2Cc2ccccn2)c[nH]1,0.0
Cc1cc(-c2nc3ccccc3n2CC2CCOCC2)cn(C)c1=O,6.800000000000001,2,0.5656854249492382,6.4,7.2,2023,2023,1,2,O=c1ccc(-c2nc3ccccc3n2CC2CCOCC2)c[nH]1,0.7999999999999998
Cc1cc(-c2nc3ccccc3n2C[C@@H]2CCCNC2)cn(C)c1=O,5.6,2,0.8485281374238568,5.0,6.2,2023,2023,1,2,O=c1ccc(-c2nc3ccccc3n2CC2CCCNC2)c[nH]1,1.2000000000000002
Cc1cc(-c2nc3ccccc3n2Cc2ccccc2)c[nH]c1=O,6.21,2,0.0,6.21,6.21,2016,2016,1,2,O=c1ccc(-c2nc3ccccc3n2Cc2ccccc2)c[nH]1,0.0
Cc1cc(-c2nc3ccccc3n2Cc2ccccc2)cn(C)c1=O,7.17,2,0.0,7.17,7.17,2016,2016,1,2,O=c1ccc(-c2nc3ccccc3n2Cc2ccccc2)c[nH]1,0.0
Cc1cc(-c2nc3cccnc3n2Cc2ccccc2)cn(C)c1=O,7.35,2,0.0,7.35,7.35,2016,2016,1,2,O=c1ccc(-c2nc3cccnc3n2Cc2ccccc2)c[nH]1,0.0
Cc1cc(-c2nc3ccncc3n2Cc2ccccc2)cn(C)c1=O,7.22,2,0.0,7.22,7.22,2016,2016,1,2,O=c1ccc(-c2nc3ccncc3n2Cc2ccccc2)c[nH]1,0.0
Cc1cc(-c2nc3cnc(-n4ccnc4)cc3n2Cc2ccccc2)cn(C)c1=O,6.99,2,0.0,6.99,6.99,2016,2016,1,2,O=c1ccc(-c2nc3cnc(-n4ccnc4)cc3n2Cc2ccccc2)c[nH]1,0.0
Cc1cc(-c2nc3cnc(C(C)C)cc3n2[C@@H](C)c2ccccc2)cn(C)c1=O,7.42,2,0.0,7.42,7.42,2016,2016,1,2,O=c1ccc(-c2nc3cnccc3n2Cc2ccccc2)c[nH]1,0.0
Cc1cc(-c2nc3cnc(C(C)C)cc3n2[C@@H](C)c2ccccn2)cn(C)c1=O,6.77,2,0.0,6.77,6.77,2016,2016,1,2,O=c1ccc(-c2nc3cnccc3n2Cc2ccccn2)c[nH]1,0.0
Cc1cc(-c2nc3cnc(C4=CCCCO4)cc3n2C(C)c2ccccn2)cn(C)c1=O,6.53,2,0.0,6.53,6.53,2016,2016,1,2,O=c1ccc(-c2nc3cnc(C4=CCCCO4)cc3n2Cc2ccccn2)c[nH]1,0.0
Cc1cc(-c2nc3cnc(C4=CCOCC4)cc3n2C(C)c2ccccn2)cn(C)c1=O,6.68,2,0.0,6.68,6.68,2016,2016,1,2,O=c1ccc(-c2nc3cnc(C4=CCOCC4)cc3n2Cc2ccccn2)c[nH]1,0.0
Cc1cc(-c2nc3cnc(C4CCOCC4)cc3n2[C@@H](C)c2ccccc2)cn(C)c1=O,7.8,2,0.0,7.8,7.8,2016,2016,1,2,O=c1ccc(-c2nc3cnc(C4CCOCC4)cc3n2Cc2ccccc2)c[nH]1,0.0
Cc1cc(-c2nc3cnc(C4CCOCC4)cc3n2[C@@H](C)c2ccccn2)cn(C)c1=O,6.92,2,0.0,6.92,6.92,2016,2016,1,2,O=c1ccc(-c2nc3cnc(C4CCOCC4)cc3n2Cc2ccccn2)c[nH]1,0.0
Cc1cc(-c2nc3cnc(C4CCOCC4)cc3n2[C@H](C)c2ccccc2)cn(C)c1=O,7.02,2,0.0,7.02,7.02,2016,2016,1,2,O=c1ccc(-c2nc3cnc(C4CCOCC4)cc3n2Cc2ccccc2)c[nH]1,0.0
Cc1cc(-c2nc3cnc(Cl)cc3n2C(C)c2ccccn2)cn(C)c1=O,6.19,2,0.0,6.19,6.19,2016,2016,1,2,O=c1ccc(-c2nc3cnccc3n2Cc2ccccn2)c[nH]1,0.0
Cc1cc(-c2nc3cnc(Cl)cc3n2Cc2ccccc2)cn(C)c1=O,6.76,2,0.0,6.76,6.76,2016,2016,1,2,O=c1ccc(-c2nc3cnccc3n2Cc2ccccc2)c[nH]1,0.0
Cc1cc(-c2nc3cnc(N(C)C)cc3n2Cc2ccccc2)cn(C)c1=O,7.52,2,0.0,7.52,7.52,2016,2016,1,2,O=c1ccc(-c2nc3cnccc3n2Cc2ccccc2)c[nH]1,0.0
Cc1cc(-c2nc3cnc(N)cc3n2Cc2ccccc2)cn(C)c1=O,7.17,2,0.0,7.17,7.17,2016,2016,1,2,O=c1ccc(-c2nc3cnccc3n2Cc2ccccc2)c[nH]1,0.0
Cc1cc(-c2nc3cnc(N)cc3n2[C@@H](C)c2ccccc2)cn(C)c1=O,7.46,2,0.0,7.46,7.46,2016,2016,1,2,O=c1ccc(-c2nc3cnccc3n2Cc2ccccc2)c[nH]1,0.0
Cc1cc(-c2nc3cnc(N4CCN(C)CC4)cc3n2C(C)c2ccccn2)cn(C)c1=O,7.47,2,0.0,7.47,7.47,2016,2016,1,2,O=c1ccc(-c2nc3cnc(N4CCNCC4)cc3n2Cc2ccccn2)c[nH]1,0.0
Cc1cc(-c2nc3cnc(N4CCN(C)CC4)cc3n2Cc2ccccc2)cn(C)c1=O,7.72,2,0.0,7.72,7.72,2016,2016,1,2,O=c1ccc(-c2nc3cnc(N4CCNCC4)cc3n2Cc2ccccc2)c[nH]1,0.0
Cc1cc(-c2nc3cnc(N4CCN(C)CC4)cc3n2Cc2ccccc2)nn(C)c1=O,7.92,2,0.0,7.92,7.92,2016,2016,1,2,O=c1ccc(-c2nc3cnc(N4CCNCC4)cc3n2Cc2ccccc2)n[nH]1,0.0
Cc1cc(-c2nc3cnc(N4CCOCC4)cc3n2C(C)c2ccccn2)cn(C)c1=O,6.76,2,0.0,6.76,6.76,2016,2016,1,2,O=c1ccc(-c2nc3cnc(N4CCOCC4)cc3n2Cc2ccccn2)c[nH]1,0.0
Cc1cc(-c2nc3cnc(N4CCOCC4)cc3n2Cc2ccccc2)cn(C)c1=O,7.75,2,0.0,7.75,7.75,2016,2016,1,2,O=c1ccc(-c2nc3cnc(N4CCOCC4)cc3n2Cc2ccccc2)c[nH]1,0.0
Cc1cc(-c2nc3cnc(N4CCOCC4)cc3n2Cc2ccccn2)cn(C)c1=O,7.27,2,0.0,7.27,7.27,2016,2016,1,2,O=c1ccc(-c2nc3cnc(N4CCOCC4)cc3n2Cc2ccccn2)c[nH]1,0.0
Cc1cc(-c2nc3cnc(N4CCOCC4)cc3n2Cc2cccnc2)cn(C)c1=O,7.48,2,0.0,7.48,7.48,2016,2016,1,2,O=c1ccc(-c2nc3cnc(N4CCOCC4)cc3n2Cc2cccnc2)c[nH]1,0.0
Cc1cc(-c2nc3cnc(N4CCOCC4)cc3n2Cc2ccncc2)cn(C)c1=O,7.2,2,0.0,7.2,7.2,2016,2016,1,2,O=c1ccc(-c2nc3cnc(N4CCOCC4)cc3n2Cc2ccncc2)c[nH]1,0.0
Cc1cc(-c2nc3cnc(N4CCOCC4)cc3n2[C@@H](C)c2ccccc2)cn(C)c1=O,7.57,2,0.0,7.57,7.57,2016,2016,1,2,O=c1ccc(-c2nc3cnc(N4CCOCC4)cc3n2Cc2ccccc2)c[nH]1,0.0
Cc1cc(-c2nc3cnc(N4CCOCC4)cc3n2[C@H](C)c2ccccc2)cn(C)c1=O,6.63,2,0.0,6.63,6.63,2016,2016,1,2,O=c1ccc(-c2nc3cnc(N4CCOCC4)cc3n2Cc2ccccc2)c[nH]1,0.0
Cc1cc(-c2nc3cnc(N4CCOCC4)nc3n2Cc2ccccc2)cn(C)c1=O,7.3,2,0.0,7.3,7.3,2016,2016,1,2,O=c1ccc(-c2nc3cnc(N4CCOCC4)nc3n2Cc2ccccc2)c[nH]1,0.0
Cc1cc(-c2nc3cnc(N4CCOCC4)nc3n2[C@@H](C)c2ccccc2)cn(C)c1=O,7.77,2,0.0,7.77,7.77,2016,2016,1,2,O=c1ccc(-c2nc3cnc(N4CCOCC4)nc3n2Cc2ccccc2)c[nH]1,0.0
Cc1cc(-c2nc3cnc(N4CCOC[C@@H]4C)cc3n2C(C)CC2CC2)cn(C)c1=O,7.3,2,0.0,7.3,7.3,2016,2016,1,2,O=c1ccc(-c2nc3cnc(N4CCOCC4)cc3n2CCC2CC2)c[nH]1,0.0
Cc1cc(-c2nc3cnc(N4CCOC[C@@H]4C)cc3n2Cc2ccccc2)cn(C)c1=O,7.38,2,0.0,7.38,7.38,2016,2016,1,2,O=c1ccc(-c2nc3cnc(N4CCOCC4)cc3n2Cc2ccccc2)c[nH]1,0.0
Cc1cc(-c2nc3cnc(N4CCOC[C@@H]4C)cc3n2Cc2ccccn2)cn(C)c1=O,6.8,2,0.0,6.8,6.8,2016,2016,1,2,O=c1ccc(-c2nc3cnc(N4CCOCC4)cc3n2Cc2ccccn2)c[nH]1,0.0
Cc1cc(-c2nc3cnc(N4CCOC[C@@H]4C)cc3n2[C@@H](C)c2ccccc2)cn(C)c1=O,7.4,2,0.0,7.4,7.4,2016,2016,1,2,O=c1ccc(-c2nc3cnc(N4CCOCC4)cc3n2Cc2ccccc2)c[nH]1,0.0
Cc1cc(-c2nc3cnc(N4CCOC[C@@H]4C)cc3n2[C@@H](C)c2ccccn2)cn(C)c1=O,6.89,2,0.0,6.89,6.89,2016,2016,1,2,O=c1ccc(-c2nc3cnc(N4CCOCC4)cc3n2Cc2ccccn2)c[nH]1,0.0
Cc1cc(-c2nc3cnc(N4CCOC[C@@H]4C)nc3n2[C@@H](C)c2ccccc2)cn(C)c1=O,7.92,2,0.0,7.92,7.92,2016,2016,1,2,O=c1ccc(-c2nc3cnc(N4CCOCC4)nc3n2Cc2ccccc2)c[nH]1,0.0
Cc1cc(-c2nc3cnc(OC(C)C)cc3n2[C@@H](C)c2ccccn2)cn(C)c1=O,6.69,2,0.0,6.69,6.69,2016,2016,1,2,O=c1ccc(-c2nc3cnccc3n2Cc2ccccn2)c[nH]1,0.0
Cc1cc(-c2nc3cnc(OC4CCOC4)cc3n2[C@@H](C)c2ccccn2)cn(C)c1=O,6.68,2,0.0,6.68,6.68,2016,2016,1,2,O=c1ccc(-c2nc3cnc(OC4CCOC4)cc3n2Cc2ccccn2)c[nH]1,0.0
Cc1cc(-c2nc3cnc(OCC4CC4)cc3n2C(C)c2cccnc2)cn(C)c1=O,7.38,2,0.0,7.38,7.38,2016,2016,1,2,O=c1ccc(-c2nc3cnc(OCC4CC4)cc3n2Cc2cccnc2)c[nH]1,0.0
Cc1cc(-c2nc3cnccc3n2Cc2ccc(Cl)cc2)cn(C)c1=O,7.48,2,0.0,7.48,7.48,2016,2016,1,2,O=c1ccc(-c2nc3cnccc3n2Cc2ccccc2)c[nH]1,0.0
Cc1cc(-c2nc3cnccc3n2Cc2ccc(F)c(F)c2)cn(C)c1=O,6.78,2,0.0,6.78,6.78,2016,2016,1,2,O=c1ccc(-c2nc3cnccc3n2Cc2ccccc2)c[nH]1,0.0
Cc1cc(-c2nc3cnccc3n2Cc2ccccc2)cn(C)c1=O,6.83,2,0.0,6.83,6.83,2016,2016,1,2,O=c1ccc(-c2nc3cnccc3n2Cc2ccccc2)c[nH]1,0.0
Cc1cc(-c2nc3cnccc3n2Cc2ccccc2F)cn(C)c1=O,6.89,2,0.0,6.89,6.89,2016,2016,1,2,O=c1ccc(-c2nc3cnccc3n2Cc2ccccc2)c[nH]1,0.0
Cc1cc(-c2nc3ncccc3n2Cc2ccccc2)cn(C)c1=O,6.5,2,0.0,6.5,6.5,2016,2016,1,2,O=c1ccc(-c2nc3ncccc3n2Cc2ccccc2)c[nH]1,0.0
Cc1cc(-c2nc3sc4c(c3c(=O)[nH]2)CCC4)cc(C)c1O,5.58,1,0.0,5.58,5.58,2020,2020,1,1,O=c1[nH]c(-c2ccccc2)nc2sc3c(c12)CCC3,0.0
Cc1cc(-c2nc3sc4c(c3c(=O)[nH]2)CCCC4)cc(C)c1O,5.74,1,0.0,5.74,5.74,2020,2020,1,1,O=c1[nH]c(-c2ccccc2)nc2sc3c(c12)CCCC3,0.0
Cc1cc(-c2nc3sc4c(c3c(=O)[nH]2)CCN(C)C4)cc(C)c1O,6.07,1,0.0,6.07,6.07,2020,2020,1,1,O=c1[nH]c(-c2ccccc2)nc2sc3c(c12)CCNC3,0.0
Cc1cc(-c2nc3sc4c(c3c(=O)[nH]2)CCN(C)C4)cc(C)c1OCCCC(=O)NO,5.93,1,0.0,5.93,5.93,2020,2020,1,1,O=c1[nH]c(-c2ccccc2)nc2sc3c(c12)CCNC3,0.0
Cc1cc(-c2nc3sc4c(c3c(=O)[nH]2)CCN(C)C4)cc(C)c1OCCCCCC(=O)NO,6.15,1,0.0,6.15,6.15,2020,2020,1,1,O=c1[nH]c(-c2ccccc2)nc2sc3c(c12)CCNC3,0.0
Cc1cc(-c2nc3sc4c(c3c(=O)[nH]2)CCN(C)C4)cc(C)c1OCCCCCC(=O)Nc1ccccc1N,5.66,1,0.0,5.66,5.66,2020,2020,1,1,O=C(CCCCCOc1ccc(-c2nc3sc4c(c3c(=O)[nH]2)CCNC4)cc1)Nc1ccccc1,0.0
Cc1cc(-c2nc3sc4c(c3c(=O)[nH]2)CCN(C)C4)cc(C)c1OCCOCc1ccc(/C=C/C(=O)NO)cc1,6.01,1,0.0,6.01,6.01,2020,2020,1,1,O=c1[nH]c(-c2ccc(OCCOCc3ccccc3)cc2)nc2sc3c(c12)CCNC3,0.0
Cc1cc(-c2nc3sc4c(c3c(=O)[nH]2)CCN(C)C4)cc(C)c1OCc1ccc(/C=C/C(=O)NO)cc1,5.92,1,0.0,5.92,5.92,2020,2020,1,1,O=c1[nH]c(-c2ccc(OCc3ccccc3)cc2)nc2sc3c(c12)CCNC3,0.0
Cc1cc(-c2nc3sc4c(c3c(=O)[nH]2)CCN(C)C4)cc(C)c1OCc1ccc(C(=O)NO)cc1,5.75,1,0.0,5.75,5.75,2020,2020,1,1,O=c1[nH]c(-c2ccc(OCc3ccccc3)cc2)nc2sc3c(c12)CCNC3,0.0
Cc1cc(-c2nc3sc4c(c3c(=O)[nH]2)CCN(C)C4)cc(C)c1OCc1ccc(C(=O)Nc2ccccc2N)cc1,5.59,1,0.0,5.59,5.59,2020,2020,1,1,O=C(Nc1ccccc1)c1ccc(COc2ccc(-c3nc4sc5c(c4c(=O)[nH]3)CCNC5)cc2)cc1,0.0
Cc1cc(-c2nc3sc4c(c3c(=O)[nH]2)CCN(C)C4)cc(C)c1OCc1cccc(C(=O)NO)c1,5.71,1,0.0,5.71,5.71,2020,2020,1,1,O=c1[nH]c(-c2ccc(OCc3ccccc3)cc2)nc2sc3c(c12)CCNC3,0.0
Cc1cc(-c2nc3sc4c(c3c(=O)[nH]2)CCN(C)C4)cc(C)c1OCc1cccc(C(=O)Nc2ccccc2N)c1,5.46,1,0.0,5.46,5.46,2020,2020,1,1,O=C(Nc1ccccc1)c1cccc(COc2ccc(-c3nc4sc5c(c4c(=O)[nH]3)CCNC5)cc2)c1,0.0
Cc1cc(=O)n(C)cc1-c1cc(S(C)(=O)=O)ccc1NCC1CC1,5.56,1,0.0,5.56,5.56,2018,2018,1,1,O=c1ccc(-c2ccccc2NCC2CC2)c[nH]1,0.0
Cc1cc(=O)n(C)cc1-c1cccc(NS(C)(=O)=O)c1,5.56,1,0.0,5.56,5.56,2018,2018,1,1,O=c1ccc(-c2ccccc2)c[nH]1,0.0
Cc1cc(=O)n(C)cc1-c1cccc(N[S+](C)[O-])c1,5.56,1,0.0,5.56,5.56,2021,2021,1,1,O=c1ccc(-c2ccccc2)c[nH]1,0.0
Cc1cc(=O)n(C)nc1-c1cc(S(C)(=O)=O)ccc1OCC1CC1,5.56,1,0.0,5.56,5.56,2018,2018,1,1,O=c1ccc(-c2ccccc2OCC2CC2)n[nH]1,0.0
Cc1cc(Br)cc(Oc2cccc(-c3c(C)nnn3C3CCNCC3)n2)c1,5.715,2,0.1767766952966369,5.59,5.84,2021,2021,1,2,c1ccc(Oc2cccc(-c3cnnn3C3CCNCC3)n2)cc1,0.25
Cc1cc(C)c(CNC(=O)c2cc(-c3ccc(CNC(=O)C[C@@H]4N=C(c5ccc(Cl)cc5)c5c(sc(C)c5C)-n5c(C)nnc54)cc3)cc3c2cnn3C(C)C)c(=O)[nH]1,6.59,1,0.0,6.59,6.59,2023,2023,1,1,O=C(CC1N=C(c2ccccc2)c2ccsc2-n2cnnc21)NCc1ccc(-c2cc(C(=O)NCc3ccc[nH]c3=O)c3cn[nH]c3c2)cc1,0.0
Cc1cc(C)c(CNC(=O)c2cc(-c3ccc(NC(=O)CCCCNC(=O)C[C@@H]4N=C(c5ccc(Cl)cc5)c5c(sc(C)c5C)-n5c(C)nnc54)cc3)cc3c2cnn3C(C)C)c(=O)[nH]1,7.26,1,0.0,7.26,7.26,2023,2023,1,1,O=C(CC1N=C(c2ccccc2)c2ccsc2-n2cnnc21)NCCCCC(=O)Nc1ccc(-c2cc(C(=O)NCc3ccc[nH]c3=O)c3cn[nH]c3c2)cc1,0.0
Cc1cc(C)c(CNC(=O)c2cc(-c3ccc(NC(=O)CCCNC(=O)C[C@@H]4N=C(c5ccc(Cl)cc5)c5c(sc(C)c5C)-n5c(C)nnc54)cc3)cc3c2cnn3C(C)C)c(=O)[nH]1,6.86,1,0.0,6.86,6.86,2023,2023,1,1,O=C(CC1N=C(c2ccccc2)c2ccsc2-n2cnnc21)NCCCC(=O)Nc1ccc(-c2cc(C(=O)NCc3ccc[nH]c3=O)c3cn[nH]c3c2)cc1,0.0
Cc1cc(C)c(CNC(=O)c2cc(-c3ccc(NC(=O)CCNC(=O)C[C@@H]4N=C(c5ccc(Cl)cc5)c5c(sc(C)c5C)-n5c(C)nnc54)cc3)cc3c2cnn3C(C)C)c(=O)[nH]1,6.91,1,0.0,6.91,6.91,2023,2023,1,1,O=C(CC1N=C(c2ccccc2)c2ccsc2-n2cnnc21)NCCC(=O)Nc1ccc(-c2cc(C(=O)NCc3ccc[nH]c3=O)c3cn[nH]c3c2)cc1,0.0
Cc1cc(C)c(CNC(=O)c2cc(-c3ccc(NC(=O)CNC(=O)C[C@@H]4N=C(c5ccc(Cl)cc5)c5c(sc(C)c5C)-n5c(C)nnc54)cc3)cc3c2cnn3C(C)C)c(=O)[nH]1,6.86,1,0.0,6.86,6.86,2023,2023,1,1,O=C(CC1N=C(c2ccccc2)c2ccsc2-n2cnnc21)NCC(=O)Nc1ccc(-c2cc(C(=O)NCc3ccc[nH]c3=O)c3cn[nH]c3c2)cc1,0.0
Cc1cc(C)c(CNC(=O)c2cc(N3CCC(CNC(=O)C[C@@H]4N=C(c5ccc(Cl)cc5)c5c(sc(C)c5C)-n5c(C)nnc54)CC3)cc3c2cnn3C(C)C)c(=O)[nH]1,6.45,1,0.0,6.45,6.45,2023,2023,1,1,O=C(CC1N=C(c2ccccc2)c2ccsc2-n2cnnc21)NCC1CCN(c2cc(C(=O)NCc3ccc[nH]c3=O)c3cn[nH]c3c2)CC1,0.0
Cc1cc(C)c(CNC(=O)c2cc(NCCCCCCNC(=O)C[C@@H]3N=C(c4ccc(Cl)cc4)c4c(sc(C)c4C)-n4c(C)nnc43)cc3c2cnn3C(C)C)c(=O)[nH]1,6.86,1,0.0,6.86,6.86,2023,2023,1,1,O=C(CC1N=C(c2ccccc2)c2ccsc2-n2cnnc21)NCCCCCCNc1cc(C(=O)NCc2ccc[nH]c2=O)c2cn[nH]c2c1,0.0
Cc1cc(C)c(CNC(=O)c2cc(NCCCCCNC(=O)C[C@@H]3N=C(c4ccc(Cl)cc4)c4c(sc(C)c4C)-n4c(C)nnc43)cc3c2cnn3C(C)C)c(=O)[nH]1,6.87,1,0.0,6.87,6.87,2023,2023,1,1,O=C(CC1N=C(c2ccccc2)c2ccsc2-n2cnnc21)NCCCCCNc1cc(C(=O)NCc2ccc[nH]c2=O)c2cn[nH]c2c1,0.0
Cc1cc(C)c(CNC(=O)c2cc(NCCCCNC(=O)C[C@@H]3N=C(c4ccc(Cl)cc4)c4c(sc(C)c4C)-n4c(C)nnc43)cc3c2cnn3C(C)C)c(=O)[nH]1,6.67,1,0.0,6.67,6.67,2023,2023,1,1,O=C(CC1N=C(c2ccccc2)c2ccsc2-n2cnnc21)NCCCCNc1cc(C(=O)NCc2ccc[nH]c2=O)c2cn[nH]c2c1,0.0
Cc1cc(C)c(CNC(=O)c2cc(NCCCNC(=O)C[C@@H]3N=C(c4ccc(Cl)cc4)c4c(sc(C)c4C)-n4c(C)nnc43)cc3c2cnn3C(C)C)c(=O)[nH]1,6.69,1,0.0,6.69,6.69,2023,2023,1,1,O=C(CC1N=C(c2ccccc2)c2ccsc2-n2cnnc21)NCCCNc1cc(C(=O)NCc2ccc[nH]c2=O)c2cn[nH]c2c1,0.0
Cc1cc(C)c2ccc(NN)nc2c1O,4.75,1,0.0,4.75,4.75,2019,2019,1,1,c1ccc2ncccc2c1,0.0
Cc1cc(C)cc(-c2cccc3c2N[C@H](C)CC(=O)N3)c1,5.52,1,0.0,5.52,5.52,2019,2019,1,1,O=C1CCNc2c(cccc2-c2ccccc2)N1,0.0
Cc1cc(C)cc(Nc2nccc(-c3c(-c4ccc(Br)cc4)ncn3C3CCNCC3)n2)c1,6.7,1,0.0,6.7,6.7,2022,2022,1,1,c1ccc(Nc2nccc(-c3c(-c4ccccc4)ncn3C3CCNCC3)n2)cc1,0.0
Cc1cc(C)cc(Nc2nccc(-c3c(-c4ccc(C(F)(F)F)cc4)ncn3C3CCN(CCN)CC3)n2)c1,5.305,2,1.0253048327204937,4.58,6.03,2021,2021,1,2,c1ccc(Nc2nccc(-c3c(-c4ccccc4)ncn3C3CCNCC3)n2)cc1,1.4500000000000002
Cc1cc(C)cc(Nc2nccc(-c3c(-c4ccc(C(F)(F)F)cc4)ncn3C3CCNCC3)n2)c1,6.51,1,0.0,6.51,6.51,2022,2022,1,1,c1ccc(Nc2nccc(-c3c(-c4ccccc4)ncn3C3CCNCC3)n2)cc1,0.0
Cc1cc(C)cc(Nc2nccc(-c3c(-c4ccc(Cl)cc4)ncn3C3CCNCC3)n2)c1,6.21,1,0.0,6.21,6.21,2022,2022,1,1,c1ccc(Nc2nccc(-c3c(-c4ccccc4)ncn3C3CCNCC3)n2)cc1,0.0
Cc1cc(C)cc(Nc2nccc(-c3c(-c4ccc(F)cc4)ncn3C3CCNCC3)n2)c1,4.96,1,0.0,4.96,4.96,2022,2022,1,1,c1ccc(Nc2nccc(-c3c(-c4ccccc4)ncn3C3CCNCC3)n2)cc1,0.0
Cc1cc(C)cc(Oc2cccc(-c3c(C)nnn3C3CCN(CCN(C)C)CC3)n2)c1,6.425000000000001,2,0.6151828996322967,5.99,6.86,2021,2021,1,2,c1ccc(Oc2cccc(-c3cnnn3C3CCNCC3)n2)cc1,0.8700000000000001
Cc1cc(C)cc(Oc2cccc(-c3c(C)nnn3C3CCNCC3)n2)c1,5.31,1,0.0,5.31,5.31,2021,2021,1,1,c1ccc(Oc2cccc(-c3cnnn3C3CCNCC3)n2)cc1,0.0
Cc1cc(C)cc(Oc2nccc(-c3c(-c4ccc(I)cc4)ncn3C3CCNCC3)n2)c1,6.72,1,0.0,6.72,6.72,2022,2022,1,1,c1ccc(Oc2nccc(-c3c(-c4ccccc4)ncn3C3CCNCC3)n2)cc1,0.0
Cc1cc(C)cc(Oc2nccc(-c3c(-c4ccc(I)cc4)ncn3[C@@H]3CCN(CCN)C3)n2)c1,6.58,1,0.0,6.58,6.58,2022,2022,1,1,c1ccc(Oc2nccc(-c3c(-c4ccccc4)ncn3C3CCNC3)n2)cc1,0.0
Cc1cc(C)cc(Oc2nccc(-c3c(-c4ccc(I)cc4)ncn3[C@@H]3CCNC3)n2)c1,5.72,1,0.0,5.72,5.72,2022,2022,1,1,c1ccc(Oc2nccc(-c3c(-c4ccccc4)ncn3C3CCNC3)n2)cc1,0.0
Cc1cc(C)cc(Oc2nccc(-c3c(-c4ccc(I)cc4)ncn3[C@H]3CCN(CCN)C3)n2)c1,7.0,1,0.0,7.0,7.0,2022,2022,1,1,c1ccc(Oc2nccc(-c3c(-c4ccccc4)ncn3C3CCNC3)n2)cc1,0.0
Cc1cc(C)cc(Oc2nccc(-c3c(-c4ccc(I)cc4)ncn3[C@H]3CCNC3)n2)c1,5.96,1,0.0,5.96,5.96,2022,2022,1,1,c1ccc(Oc2nccc(-c3c(-c4ccccc4)ncn3C3CCNC3)n2)cc1,0.0
Cc1cc(C2(O)C(=O)Nc3ccc(-c4c(C)noc4C)cc32)ccc1F,6.42,2,0.0,6.42,6.42,2016,2016,1,2,O=C1Nc2ccc(-c3cnoc3)cc2C1c1ccccc1,0.0
Cc1cc(CC(C)C)cc(Oc2cccc(-c3c(C)nnn3C3CCNCC3)n2)c1,5.18,2,0.43840620433565924,4.87,5.49,2021,2021,1,2,c1ccc(Oc2cccc(-c3cnnn3C3CCNCC3)n2)cc1,0.6200000000000001
Cc1cc(Cl)ccc1C1=N[C@@H](CC(N)=O)c2onc(C)c2-c2sc(C)c(C)c21,7.38,1,0.0,7.38,7.38,2013,2013,1,1,c1ccc(C2=NCc3oncc3-c3sccc32)cc1,0.0
Cc1cc(F)cc(C)c1C(C)n1c2cc(-c3c(C)nnn3C)cnc2c2c1c(C(C)(C)O)nn2C,7.77,1,0.0,7.77,7.77,2022,2022,1,1,c1ccc(Cn2c3cc(-c4cnn[nH]4)cnc3c3[nH]ncc32)cc1,0.0
Cc1cc(F)cc(C)c1Oc1ccc(C(C)(C)O)cc1-c1cn(C)c(=O)c2[nH]c(C(=O)NCc3ccc(C(=O)Nc4ccccc4N)cc3)cc12,7.04,2,0.5656854249492386,6.64,7.44,2021,2021,1,2,O=C(Nc1ccccc1)c1ccc(CNC(=O)c2cc3c(-c4ccccc4Oc4ccccc4)c[nH]c(=O)c3[nH]2)cc1,0.8000000000000007
Cc1cc(F)cc(C)c1Oc1ccc(C(C)(C)O)cc1-c1cn(C)c(=O)c2sc(-c3nc4ccccc4[nH]3)cc12,6.55,1,0.0,6.55,6.55,2023,2023,1,1,O=c1[nH]cc(-c2ccccc2Oc2ccccc2)c2cc(-c3nc4ccccc4[nH]3)sc12,0.0
Cc1cc(F)cc(C)c1Oc1ccc(C(C)(C)O)cc1-c1cn(C)c(=O)c2sc(-c3nc4ccccc4o3)cc12,6.28,1,0.0,6.28,6.28,2023,2023,1,1,O=c1[nH]cc(-c2ccccc2Oc2ccccc2)c2cc(-c3nc4ccccc4o3)sc12,0.0
Cc1cc(F)cc(C)c1Oc1ccc(C(C)(C)O)cc1-c1cn(C)c(=O)c2sc(C(=O)NCc3ccccc3)cc12,6.99,1,0.0,6.99,6.99,2023,2023,1,1,O=C(NCc1ccccc1)c1cc2c(-c3ccccc3Oc3ccccc3)c[nH]c(=O)c2s1,0.0
Cc1cc(N2C(=O)C(C(=N)C3CC3)=C(NCCO)C2c2ccc(Cl)cc2)cn(C)c1=O,7.37,1,0.0,7.37,7.37,2017,2017,1,1,N=C(C1=CC(c2ccccc2)N(c2ccc(=O)[nH]c2)C1=O)C1CC1,0.0
Cc1cc(N2C(=O)C(C(=N)C3CC3)=C(Nc3ccnn3C)C2c2ccc(Cl)cc2)cn(C)c1=O,7.02,1,0.0,7.02,7.02,2017,2017,1,1,N=C(C1=C(Nc2ccn[nH]2)C(c2ccccc2)N(c2ccc(=O)[nH]c2)C1=O)C1CC1,0.0
Cc1cc(N2C(=O)c3[nH]c(C4CC4)nc3C2c2ccc(Cl)cc2)cn(C)c1=O,7.11,1,0.0,7.11,7.11,2018,2018,1,1,O=C1c2[nH]c(C3CC3)nc2C(c2ccccc2)N1c1ccc(=O)[nH]c1,0.0
Cc1cc(N2C(=O)c3[nH]c(C4CC4)nc3[C@H]2c2ccc(Cl)cc2)cn(C)c1=O,7.4,1,0.0,7.4,7.4,2018,2018,1,1,O=C1c2[nH]c(C3CC3)nc2C(c2ccccc2)N1c1ccc(=O)[nH]c1,0.0
Cc1cc(N2C(=O)c3c(C(=O)N(C)C)cn(C)c3C2c2ccc(Cl)cc2)cn2c(C)nnc12,7.52,1,0.0,7.52,7.52,2017,2017,1,1,O=C1c2cc[nH]c2C(c2ccccc2)N1c1ccc2nncn2c1,0.0
Cc1cc(N2C(=O)c3c(C(=O)N(C)C)cn(C)c3C2c2ccc(Cl)cc2)nc2c1nnn2C,7.92,1,0.0,7.92,7.92,2017,2017,1,1,O=C1c2cc[nH]c2C(c2ccccc2)N1c1ccc2nn[nH]c2n1,0.0
Cc1cc(N2C(=O)c3c(C(=O)NCCN(C)C)cn(C)c3C2c2ccc(Cl)cc2)cc2c1nnn2C,6.92,1,0.0,6.92,6.92,2017,2017,1,1,O=C1c2cc[nH]c2C(c2ccccc2)N1c1ccc2nn[nH]c2c1,0.0
Cc1cc(N2C(=O)c3c(C(N)=O)cn(C)c3C2c2ccc(Cl)cc2)cn2c(C)nnc12,7.39,1,0.0,7.39,7.39,2017,2017,1,1,O=C1c2cc[nH]c2C(c2ccccc2)N1c1ccc2nncn2c1,0.0
Cc1cc(N2C(=O)c3c(C4CC4)c(C)n(C)c3C2c2ccc(Cl)cc2)cn2c(C)nnc12,7.92,1,0.0,7.92,7.92,2017,2017,1,1,O=C1c2c(C3CC3)c[nH]c2C(c2ccccc2)N1c1ccc2nncn2c1,0.0
Cc1cc(N2C(=O)c3c(C4CC4)cn(C)c3C2c2ccc(Cl)cc2)cn(C)c1=O,7.43,1,0.0,7.43,7.43,2017,2017,1,1,O=C1c2c(C3CC3)c[nH]c2C(c2ccccc2)N1c1ccc(=O)[nH]c1,0.0
Cc1cc(N2C(=O)c3c(C4CC4)cn(C)c3C2c2ccc(Cl)cc2)cn2c(C)nnc12,7.75,1,0.0,7.75,7.75,2017,2017,1,1,O=C1c2c(C3CC3)c[nH]c2C(c2ccccc2)N1c1ccc2nncn2c1,0.0
Cc1cc(N2C(=O)c3c(C4CC4)cn(C)c3[C@H]2c2ccc(Cl)cc2)cn2c(C)nnc12,7.89,1,0.0,7.89,7.89,2017,2017,1,1,O=C1c2c(C3CC3)c[nH]c2C(c2ccccc2)N1c1ccc2nncn2c1,0.0
Cc1cc(N2C(=O)c3c(C4CC4)cn(C4CN(C)C4)c3C2c2ccc(Cl)cc2)cn2c(C)nnc12,7.85,1,0.0,7.85,7.85,2017,2017,1,1,O=C1c2c(C3CC3)cn(C3CNC3)c2C(c2ccccc2)N1c1ccc2nncn2c1,0.0
Cc1cc(N2C(=O)c3c(C4CC4)cn(C4CN(C)C4)c3C2c2ccc(Cl)cc2)nc2c1nnn2C,7.92,1,0.0,7.92,7.92,2017,2017,1,1,O=C1c2c(C3CC3)cn(C3CNC3)c2C(c2ccccc2)N1c1ccc2nn[nH]c2n1,0.0
Cc1cc(N2C(=O)c3c(C4CC4)cn(C4COC4)c3C2c2ccc(Cl)cc2)nc2c1nnn2C,7.68,1,0.0,7.68,7.68,2017,2017,1,1,O=C1c2c(C3CC3)cn(C3COC3)c2C(c2ccccc2)N1c1ccc2nn[nH]c2n1,0.0
Cc1cc(N2C(=O)c3c(C4CC4)n[nH]c3[C@H]2c2ccc(Cl)cc2)cn(C)c1=O,7.14,1,0.0,7.14,7.14,2017,2017,1,1,O=C1c2c(C3CC3)n[nH]c2C(c2ccccc2)N1c1ccc(=O)[nH]c1,0.0
Cc1cc(N2C(=O)c3c(C4CC4)nn(-c4ccnn4C)c3C2c2ccc(Cl)cc2)cc2c1nnn2C,7.77,1,0.0,7.77,7.77,2017,2017,1,1,O=C1c2c(C3CC3)nn(-c3ccn[nH]3)c2C(c2ccccc2)N1c1ccc2nn[nH]c2c1,0.0
Cc1cc(N2C(=O)c3c(C4CC4)nn(-c4ccnn4C)c3C2c2ccc(Cl)cc2)nn2c(C)nnc12,7.6,1,0.0,7.6,7.6,2017,2017,1,1,O=C1c2c(C3CC3)nn(-c3ccn[nH]3)c2C(c2ccccc2)N1c1ccc2nncn2n1,0.0
Cc1cc(N2C(=O)c3c(C4CC4)nn(-c4ccnn4C)c3[C@H]2c2ccc(Cl)cc2)cn(C)c1=O,6.85,1,0.0,6.85,6.85,2017,2017,1,1,O=C1c2c(C3CC3)nn(-c3ccn[nH]3)c2C(c2ccccc2)N1c1ccc(=O)[nH]c1,0.0
Cc1cc(N2C(=O)c3c(C4CC4)nn(C)c3C2c2ccc(Cl)cc2)cc2c1nnn2C,7.75,1,0.0,7.75,7.75,2017,2017,1,1,O=C1c2c(C3CC3)n[nH]c2C(c2ccccc2)N1c1ccc2nn[nH]c2c1,0.0
Cc1cc(N2C(=O)c3c(C4CC4)nn(C)c3C2c2ccc(Cl)cc2)cn2c(CF)nnc12,7.82,1,0.0,7.82,7.82,2017,2017,1,1,O=C1c2c(C3CC3)n[nH]c2C(c2ccccc2)N1c1ccc2nncn2c1,0.0
Cc1cc(N2C(=O)c3c(C4CC4)nn(C)c3[C@H]2c2ccc(Cl)cc2)cc2c1nnn2C,7.85,1,0.0,7.85,7.85,2017,2017,1,1,O=C1c2c(C3CC3)n[nH]c2C(c2ccccc2)N1c1ccc2nn[nH]c2c1,0.0
Cc1cc(N2C(=O)c3c(C4CC4)nn(C[C@@H](O)C(F)(F)F)c3[C@H]2c2ccc(Cl)cc2)cn2c(C)nnc12,7.64,1,0.0,7.64,7.64,2017,2017,1,1,O=C1c2c(C3CC3)n[nH]c2C(c2ccccc2)N1c1ccc2nncn2c1,0.0
Cc1cc(N2C(=O)c3c(C4CC4)nn(C[C@H](O)C(F)(F)F)c3[C@H]2c2ccc(Cl)cc2)cn2c(C)nnc12,7.82,1,0.0,7.82,7.82,2017,2017,1,1,O=C1c2c(C3CC3)n[nH]c2C(c2ccccc2)N1c1ccc2nncn2c1,0.0
Cc1cc(N2C(=O)c3c(C4CN(C)C4)cn(C)c3C2c2ccc(Cl)cc2)cn2c(C)nnc12,7.68,1,0.0,7.68,7.68,2017,2017,1,1,O=C1c2c(C3CNC3)c[nH]c2C(c2ccccc2)N1c1ccc2nncn2c1,0.0
Cc1cc(N2C(=O)c3c(C4CNC4)cn(C)c3C2c2ccc(Cl)cc2)nc2c1nnn2C,7.92,1,0.0,7.92,7.92,2017,2017,1,1,O=C1c2c(C3CNC3)c[nH]c2C(c2ccccc2)N1c1ccc2nn[nH]c2n1,0.0
Cc1cc(N2C(=O)c3c(NC(=O)CCN(C)C)cn(C)c3C2c2ccc(Cl)cc2)cc2c1nnn2C,7.58,1,0.0,7.58,7.58,2017,2017,1,1,O=C1c2cc[nH]c2C(c2ccccc2)N1c1ccc2nn[nH]c2c1,0.0
Cc1cc(N2C(=O)c3c(NC(=O)CCN(C)C)cn(C)c3C2c2ccc(Cl)cc2)nn2c(C(F)F)nnc12,7.52,1,0.0,7.52,7.52,2017,2017,1,1,O=C1c2cc[nH]c2C(c2ccccc2)N1c1ccc2nncn2n1,0.0
Cc1cc(N2C(=O)c3c(NC(=O)CN(C)C)cn(C)c3C2c2ccc(Cl)cc2)cn2c(C(F)F)nnc12,7.66,1,0.0,7.66,7.66,2017,2017,1,1,O=C1c2cc[nH]c2C(c2ccccc2)N1c1ccc2nncn2c1,0.0
Cc1cc(N2C(=O)c3c(NC(=O)CN(C)C)cn(C)c3C2c2ccc(Cl)cc2)cn2c(C)nnc12,7.58,1,0.0,7.58,7.58,2017,2017,1,1,O=C1c2cc[nH]c2C(c2ccccc2)N1c1ccc2nncn2c1,0.0
Cc1cc(N2C(=O)c3c(NC(=O)OC(C)(C)C)cn(C)c3C2c2ccc(Cl)cc2)cn2c(C)nnc12,7.5,1,0.0,7.5,7.5,2017,2017,1,1,O=C1c2cc[nH]c2C(c2ccccc2)N1c1ccc2nncn2c1,0.0
Cc1cc(N2C(=O)c3c(NC(=O)OC(C)(C)C)cn(C)c3C2c2ccc(Cl)cc2)nc2c1nnn2C,7.8,1,0.0,7.8,7.8,2017,2017,1,1,O=C1c2cc[nH]c2C(c2ccccc2)N1c1ccc2nn[nH]c2n1,0.0
Cc1cc(N2C(=O)c3c(c(C(F)(F)F)nn3C3CC3)C2c2ccc(Cl)cc2)cn(C)c1=O,7.07,1,0.0,7.07,7.07,2015,2015,1,1,O=C1c2c(cnn2C2CC2)C(c2ccccc2)N1c1ccc(=O)[nH]c1,0.0
Cc1cc(N2C(=O)c3c(c(C4CC4)nn3-c3ccnn3C)C2c2ccc(Cl)cc2)cn2c(C)nnc12,7.41,1,0.0,7.41,7.41,2015,2015,1,1,O=C1c2c(c(C3CC3)nn2-c2ccn[nH]2)C(c2ccccc2)N1c1ccc2nncn2c1,0.0
Cc1cc(N2C(=O)c3c(c(C4CC4)nn3C)C2c2ccc(Cl)cc2)cn2c(C)nnc12,7.42,1,0.0,7.42,7.42,2015,2015,1,1,O=C1c2[nH]nc(C3CC3)c2C(c2ccccc2)N1c1ccc2nncn2c1,0.0
Cc1cc(N2C(=O)c3c(c(C4CC4)nn3C)[C@H]2c2ccc(Cl)cc2)cn2c(C)nnc12,7.89,1,0.0,7.89,7.89,2015,2015,1,1,O=C1c2[nH]nc(C3CC3)c2C(c2ccccc2)N1c1ccc2nncn2c1,0.0
Cc1cc(N2C(=O)c3c(c(CF)nn3C3CC3)C2c2ccc(Cl)cc2)cn2c(C)nnc12,7.34,1,0.0,7.34,7.34,2015,2015,1,1,O=C1c2c(cnn2C2CC2)C(c2ccccc2)N1c1ccc2nncn2c1,0.0
Cc1cc(N2C(=O)c3c(c(CO)nn3C3CC3)C2c2ccc(Cl)cc2)cn(C)c1=O,7.1,1,0.0,7.1,7.1,2015,2015,1,1,O=C1c2c(cnn2C2CC2)C(c2ccccc2)N1c1ccc(=O)[nH]c1,0.0
Cc1cc(N2C(=O)c3c(c(CO)nn3C3CC3)C2c2ccc(Cl)cc2)cn2c(C)nnc12,7.44,1,0.0,7.44,7.44,2015,2015,1,1,O=C1c2c(cnn2C2CC2)C(c2ccccc2)N1c1ccc2nncn2c1,0.0
Cc1cc(N2C(=O)c3c(cnn3C(C)C)C2c2ccc(Cl)cc2)cn(C)c1=O,7.18,1,0.0,7.18,7.18,2015,2015,1,1,O=C1c2[nH]ncc2C(c2ccccc2)N1c1ccc(=O)[nH]c1,0.0
Cc1cc(N2C(=O)c3c(cnn3C3CC3)C2c2ccc(Cl)cc2)cn(C)c1=O,6.96,1,0.0,6.96,6.96,2015,2015,1,1,O=C1c2c(cnn2C2CC2)C(c2ccccc2)N1c1ccc(=O)[nH]c1,0.0
Cc1cc(N2C(=O)c3c(nc(C)n3C(C)C)C2c2ccc(Cl)cc2)cc2c1nnn2C,7.82,1,0.0,7.82,7.82,2018,2018,1,1,O=C1c2[nH]cnc2C(c2ccccc2)N1c1ccc2nn[nH]c2c1,0.0
Cc1cc(N2C(=O)c3c(nc(C)n3C3CC3)C2c2ccc(Cl)cc2)cn2c(C)nnc12,7.32,1,0.0,7.32,7.32,2018,2018,1,1,O=C1c2c(ncn2C2CC2)C(c2ccccc2)N1c1ccc2nncn2c1,0.0
Cc1cc(N2C(=O)c3cc(-c4ccc(=O)n(C)c4)n(C)c3C2c2ccc(Cl)cc2)cn(C)c1=O,7.85,1,0.0,7.85,7.85,2017,2017,1,1,O=C1c2cc(-c3ccc(=O)[nH]c3)[nH]c2C(c2ccccc2)N1c1ccc(=O)[nH]c1,0.0
Cc1cc(N2C(=O)c3cc(-c4ccc(=O)n(C)c4)n(C4CC4)c3C2c2ccc(Cl)cc2)cn(C)c1=O,7.06,1,0.0,7.06,7.06,2017,2017,1,1,O=C1c2cc(-c3ccc(=O)[nH]c3)n(C3CC3)c2C(c2ccccc2)N1c1ccc(=O)[nH]c1,0.0
Cc1cc(N2C(=O)c3cc(-c4ccc(N(C)C)nc4)n(C)c3C2c2ccc(Cl)cc2)cn(C)c1=O,7.34,1,0.0,7.34,7.34,2017,2017,1,1,O=C1c2cc(-c3cccnc3)[nH]c2C(c2ccccc2)N1c1ccc(=O)[nH]c1,0.0
Cc1cc(N2C(=O)c3cc(-c4cccc(=O)n4C)n(C)c3C2c2ccc(Cl)cc2)cn(C)c1=O,6.96,1,0.0,6.96,6.96,2017,2017,1,1,O=C1c2cc(-c3cccc(=O)[nH]3)[nH]c2C(c2ccccc2)N1c1ccc(=O)[nH]c1,0.0
Cc1cc(N2C(=O)c3cc(-c4cccc(=O)n4C)n(C4CC4)c3C2c2ccc(Cl)cc2)cn(C)c1=O,6.92,1,0.0,6.92,6.92,2017,2017,1,1,O=C1c2cc(-c3cccc(=O)[nH]3)n(C3CC3)c2C(c2ccccc2)N1c1ccc(=O)[nH]c1,0.0
Cc1cc(N2C(=O)c3cc(-c4cccc(N(C)C)n4)n(C)c3C2c2ccc(Cl)cc2)cn(C)c1=O,7.48,1,0.0,7.48,7.48,2017,2017,1,1,O=C1c2cc(-c3ccccn3)[nH]c2C(c2ccccc2)N1c1ccc(=O)[nH]c1,0.0
Cc1cc(N2C(=O)c3cc(-c4ccccn4)n(C)c3C2c2ccc(Cl)cc2)cn(C)c1=O,7.26,1,0.0,7.26,7.26,2017,2017,1,1,O=C1c2cc(-c3ccccn3)[nH]c2C(c2ccccc2)N1c1ccc(=O)[nH]c1,0.0
Cc1cc(N2C(=O)c3cc(-c4cccn(C)c4=O)[nH]c3C2c2ccc(Cl)cc2)cn2c(C)nnc12,7.77,1,0.0,7.77,7.77,2017,2017,1,1,O=C1c2cc(-c3ccc[nH]c3=O)[nH]c2C(c2ccccc2)N1c1ccc2nncn2c1,0.0
Cc1cc(N2C(=O)c3cc(-c4cccn(C)c4=O)n(C)c3C2c2ccc(Cl)cc2)cn(C)c1=O,6.85,1,0.0,6.85,6.85,2017,2017,1,1,O=C1c2cc(-c3ccc[nH]c3=O)[nH]c2C(c2ccccc2)N1c1ccc(=O)[nH]c1,0.0
Cc1cc(N2C(=O)c3cc(-c4cccn(C)c4=O)n(C4CC4)c3C2c2ccc(Cl)cc2)cn(C)c1=O,6.66,1,0.0,6.66,6.66,2017,2017,1,1,O=C1c2cc(-c3ccc[nH]c3=O)n(C3CC3)c2C(c2ccccc2)N1c1ccc(=O)[nH]c1,0.0
Cc1cc(N2C(=O)c3cc(-c4cccnc4O)[nH]c3C2c2ccc(Cl)cc2)cn2c(C)nnc12,7.22,1,0.0,7.22,7.22,2017,2017,1,1,O=C1c2cc(-c3cccnc3)[nH]c2C(c2ccccc2)N1c1ccc2nncn2c1,0.0
Cc1cc(N2C(=O)c3cc(-c4ccn(C)c(=O)c4)n(C)c3C2c2ccc(Cl)cc2)cn(C)c1=O,7.61,1,0.0,7.61,7.61,2017,2017,1,1,O=C1c2cc(-c3cc[nH]c(=O)c3)[nH]c2C(c2ccccc2)N1c1ccc(=O)[nH]c1,0.0
Cc1cc(N2C(=O)c3cc(-c4ccnc(C(F)(F)F)n4)n(C)c3C2c2ccc(Cl)cc2)cn(C)c1=O,7.08,1,0.0,7.08,7.08,2017,2017,1,1,O=C1c2cc(-c3ccncn3)[nH]c2C(c2ccccc2)N1c1ccc(=O)[nH]c1,0.0
Cc1cc(N2C(=O)c3cc(-c4cnc(N(C)C)nc4)n(C)c3C2c2ccc(Cl)cc2)cn(C)c1=O,7.23,1,0.0,7.23,7.23,2017,2017,1,1,O=C1c2cc(-c3cncnc3)[nH]c2C(c2ccccc2)N1c1ccc(=O)[nH]c1,0.0
Cc1cc(N2C(=O)c3cc(C)n(C)c3C2c2ccc(Cl)cc2)cn(C)c1=O,6.92,1,0.0,6.92,6.92,2017,2017,1,1,O=C1c2cc[nH]c2C(c2ccccc2)N1c1ccc(=O)[nH]c1,0.0
Cc1cc(N2C(=O)c3cc(C4=CCOCC4)n(C)c3C2c2ccc(Cl)cc2)cn2c(C)nnc12,7.44,1,0.0,7.44,7.44,2017,2017,1,1,O=C1c2cc(C3=CCOCC3)[nH]c2C(c2ccccc2)N1c1ccc2nncn2c1,0.0
Cc1cc(N2C(=O)c3cc(C4CC4)n(C)c3C2c2ccc(Cl)cc2)cn(C)c1=O,7.2,1,0.0,7.2,7.2,2017,2017,1,1,O=C1c2cc(C3CC3)[nH]c2C(c2ccccc2)N1c1ccc(=O)[nH]c1,0.0
Cc1cc(N2C(=O)c3cc(C4CCOCC4)n(C)c3C2c2ccc(Cl)cc2)cn2c(C)nnc12,7.25,1,0.0,7.25,7.25,2017,2017,1,1,O=C1c2cc(C3CCOCC3)[nH]c2C(c2ccccc2)N1c1ccc2nncn2c1,0.0
Cc1cc(N2C(=O)c3cc[nH]c3C2c2ccc(Cl)cc2)cn2c(C)nnc12,7.33,1,0.0,7.33,7.33,2017,2017,1,1,O=C1c2cc[nH]c2C(c2ccccc2)N1c1ccc2nncn2c1,0.0
Cc1cc(N2C(=O)c3ccn(C(=O)N(C)C)c3C2c2ccc(Cl)cc2)cn2c(C)nnc12,7.1,1,0.0,7.1,7.1,2017,2017,1,1,O=C1c2cc[nH]c2C(c2ccccc2)N1c1ccc2nncn2c1,0.0
Cc1cc(N2C(=O)c3ccn(C)c3C2c2ccc(C#N)cc2)cn(C)c1=O,6.49,1,0.0,6.49,6.49,2017,2017,1,1,O=C1c2cc[nH]c2C(c2ccccc2)N1c1ccc(=O)[nH]c1,0.0
Cc1cc(N2C(=O)c3ccn(C)c3C2c2ccc(Cl)c(F)c2)cn(C)c1=O,6.81,1,0.0,6.81,6.81,2017,2017,1,1,O=C1c2cc[nH]c2C(c2ccccc2)N1c1ccc(=O)[nH]c1,0.0
Cc1cc(N2C(=O)c3ccn(C)c3C2c2ccc(Cl)cc2)cn(C)c1=O,7.05,1,0.0,7.05,7.05,2017,2017,1,1,O=C1c2cc[nH]c2C(c2ccccc2)N1c1ccc(=O)[nH]c1,0.0
Cc1cc(N2C(=O)c3ccn(C)c3C2c2ccc(Cl)cc2)nn2c(C)nnc12,7.48,1,0.0,7.48,7.48,2017,2017,1,1,O=C1c2cc[nH]c2C(c2ccccc2)N1c1ccc2nncn2n1,0.0
Cc1cc(N2C(=O)c3ccn(C)c3C2c2ccc(F)cc2)cn(C)c1=O,6.71,1,0.0,6.71,6.71,2017,2017,1,1,O=C1c2cc[nH]c2C(c2ccccc2)N1c1ccc(=O)[nH]c1,0.0
Cc1cc(N2C(=O)c3ccn(C)c3C2c2ccccc2)cn(C)c1=O,6.36,1,0.0,6.36,6.36,2017,2017,1,1,O=C1c2cc[nH]c2C(c2ccccc2)N1c1ccc(=O)[nH]c1,0.0
Cc1cc(N2C(=O)c3ccn(C4CC4)c3C2c2ccc(Cl)cc2)cn(C)c1=O,7.17,1,0.0,7.17,7.17,2017,2017,1,1,O=C1c2ccn(C3CC3)c2C(c2ccccc2)N1c1ccc(=O)[nH]c1,0.0
Cc1cc(N2C(=O)c3nc(-c4ccc[nH]4)n(C(C)C)c3C2c2ccc(Cl)cc2)cn(C)c1=O,6.92,1,0.0,6.92,6.92,2018,2018,1,1,O=C1c2nc(-c3ccc[nH]3)[nH]c2C(c2ccccc2)N1c1ccc(=O)[nH]c1,0.0
Cc1cc(N2C(=O)c3nc(-c4cccnc4F)n(C)c3C2c2ccc(Cl)cc2)cn(C)c1=O,6.77,1,0.0,6.77,6.77,2018,2018,1,1,O=C1c2nc(-c3cccnc3)[nH]c2C(c2ccccc2)N1c1ccc(=O)[nH]c1,0.0
Cc1cc(N2C(=O)c3nc(-c4cncs4)n(C(C)C)c3C2c2ccc(Cl)cc2)cn(C)c1=O,6.85,1,0.0,6.85,6.85,2018,2018,1,1,O=C1c2nc(-c3cncs3)[nH]c2C(c2ccccc2)N1c1ccc(=O)[nH]c1,0.0
Cc1cc(N2C(=O)c3nc(-c4ncco4)n(C(C)C)c3C2c2ccc(Cl)cc2)cn2c(C)nnc12,7.43,1,0.0,7.43,7.43,2018,2018,1,1,O=C1c2nc(-c3ncco3)[nH]c2C(c2ccccc2)N1c1ccc2nncn2c1,0.0
Cc1cc(N2C(=O)c3nc(-c4nccs4)n(C(C)C)c3C2c2ccc(Cl)cc2)cn(C)c1=O,7.28,1,0.0,7.28,7.28,2018,2018,1,1,O=C1c2nc(-c3nccs3)[nH]c2C(c2ccccc2)N1c1ccc(=O)[nH]c1,0.0
Cc1cc(N2C(=O)c3nc(-c4nccs4)n(C(C)C)c3[C@H]2c2ccc(Cl)cc2)cn(C)c1=O,7.37,1,0.0,7.37,7.37,2018,2018,1,1,O=C1c2nc(-c3nccs3)[nH]c2C(c2ccccc2)N1c1ccc(=O)[nH]c1,0.0
Cc1cc(N2C(=O)c3nc(-c4nccs4)n(C4CC4)c3C2c2ccc(Cl)cc2)cn(C)c1=O,7.19,1,0.0,7.19,7.19,2018,2018,1,1,O=C1c2nc(-c3nccs3)n(C3CC3)c2C(c2ccccc2)N1c1ccc(=O)[nH]c1,0.0
Cc1cc(N2C(=O)c3nc(C)n(C(C)C)c3C2c2ccc(Cl)cc2)cc2c1nnn2C,7.7,1,0.0,7.7,7.7,2018,2018,1,1,O=C1c2nc[nH]c2C(c2ccccc2)N1c1ccc2nn[nH]c2c1,0.0
Cc1cc(N2C(=O)c3nc(C)n(C(C)C)c3C2c2ccc(Cl)cc2)cn2c(C(F)F)nnc12,7.55,1,0.0,7.55,7.55,2018,2018,1,1,O=C1c2nc[nH]c2C(c2ccccc2)N1c1ccc2nncn2c1,0.0
Cc1cc(N2C(=O)c3nc(C)n(C(C)C)c3C2c2ccc(Cl)cc2)cn2c(C)nnc12,7.26,1,0.0,7.26,7.26,2018,2018,1,1,O=C1c2nc[nH]c2C(c2ccccc2)N1c1ccc2nncn2c1,0.0
Cc1cc(N2C(=O)c3nc(C)n(C(C)C)c3C2c2ccc(Cl)cc2)nn2c(C(F)F)nnc12,7.42,1,0.0,7.42,7.42,2018,2018,1,1,O=C1c2nc[nH]c2C(c2ccccc2)N1c1ccc2nncn2n1,0.0
Cc1cc(N2C(=O)c3nc(C)n(C(C)C)c3C2c2ccc(Cl)cc2)nn2c(C)nnc12,7.89,1,0.0,7.89,7.89,2018,2018,1,1,O=C1c2nc[nH]c2C(c2ccccc2)N1c1ccc2nncn2n1,0.0
Cc1cc(N2C(=O)c3nc(C)n(C(C)C)c3[C@H]2c2ccc(Cl)cc2)cc2c1nnn2C,7.66,1,0.0,7.66,7.66,2018,2018,1,1,O=C1c2nc[nH]c2C(c2ccccc2)N1c1ccc2nn[nH]c2c1,0.0
Cc1cc(N2C(=O)c3nc(C)n(C(C)C)c3[C@H]2c2ccc(Cl)cc2)cn2c(C)nnc12,7.52,1,0.0,7.52,7.52,2018,2018,1,1,O=C1c2nc[nH]c2C(c2ccccc2)N1c1ccc2nncn2c1,0.0
Cc1cc(N2C(=O)c3nc(C)n(C4COC4)c3C2c2ccc(Cl)cc2)cc2c1nnn2C,7.15,1,0.0,7.15,7.15,2018,2018,1,1,O=C1c2ncn(C3COC3)c2C(c2ccccc2)N1c1ccc2nn[nH]c2c1,0.0
Cc1cc(N2C(=O)c3nc(C4=CC(C)(C)NC(C)(C)C4)n(C(C)C)c3C2c2ccc(Cl)cc2)cn2c(C)nnc12,7.71,1,0.0,7.71,7.71,2018,2018,1,1,O=C1c2nc(C3=CCNCC3)[nH]c2C(c2ccccc2)N1c1ccc2nncn2c1,0.0
Cc1cc(N2C(=O)c3nc(C4=CC(C)(C)NC(C)(C)C4)n(C(C)C)c3C2c2ccc(Cl)cc2)cn2c(CF)nnc12,7.52,1,0.0,7.52,7.52,2018,2018,1,1,O=C1c2nc(C3=CCNCC3)[nH]c2C(c2ccccc2)N1c1ccc2nncn2c1,0.0
Cc1cc(N2C(=O)c3nc(C4=CCCN(C)C4)n(C(C)C)c3C2c2ccc(Cl)cc2)cn2c(C)nnc12,7.7,1,0.0,7.7,7.7,2018,2018,1,1,O=C1c2nc(C3=CCCNC3)[nH]c2C(c2ccccc2)N1c1ccc2nncn2c1,0.0
Cc1cc(N2C(=O)c3nc(C4=CCCN(C)C4)n(C(C)C)c3C2c2ccc(Cl)cc2)cn2c(CF)nnc12,7.46,1,0.0,7.46,7.46,2018,2018,1,1,O=C1c2nc(C3=CCCNC3)[nH]c2C(c2ccccc2)N1c1ccc2nncn2c1,0.0
Cc1cc(N2C(=O)c3nc(C4=CCCN(C)C4)n(C(C)C)c3[C@H]2c2ccc(Cl)cc2)cn2c(C)nnc12,7.82,1,0.0,7.82,7.82,2018,2018,1,1,O=C1c2nc(C3=CCCNC3)[nH]c2C(c2ccccc2)N1c1ccc2nncn2c1,0.0
Cc1cc(N2C(=O)c3nc(C4=CCN(C(=O)NC(C)(C)C)CC4)n(C(C)C)c3C2c2ccc(Cl)cc2)cn2c(C)nnc12,7.92,1,0.0,7.92,7.92,2018,2018,1,1,O=C1c2nc(C3=CCNCC3)[nH]c2C(c2ccccc2)N1c1ccc2nncn2c1,0.0
Cc1cc(N2C(=O)c3nc(C4=CCN(C(=O)OC(C)C)CC4)n(C(C)C)c3C2c2ccc(Cl)cc2)cn2c(C)nnc12,7.73,1,0.0,7.73,7.73,2018,2018,1,1,O=C1c2nc(C3=CCNCC3)[nH]c2C(c2ccccc2)N1c1ccc2nncn2c1,0.0
Cc1cc(N2C(=O)c3nc(C4=CCN(C(=O)OCC(C)C)CC4)n(C(C)C)c3C2c2ccc(Cl)cc2)cn2c(C)nnc12,7.92,1,0.0,7.92,7.92,2018,2018,1,1,O=C1c2nc(C3=CCNCC3)[nH]c2C(c2ccccc2)N1c1ccc2nncn2c1,0.0
Cc1cc(N2C(=O)c3nc(C4=CCN(C)CC4)[nH]c3C2c2ccc(Cl)cc2)cn(C)c1=O,7.51,1,0.0,7.51,7.51,2018,2018,1,1,O=C1c2nc(C3=CCNCC3)[nH]c2C(c2ccccc2)N1c1ccc(=O)[nH]c1,0.0
Cc1cc(N2C(=O)c3nc(C4=CCN(C)CC4)n(C(C)C)c3C2c2ccc(Cl)cc2)cc2c1nnn2C,7.55,1,0.0,7.55,7.55,2018,2018,1,1,O=C1c2nc(C3=CCNCC3)[nH]c2C(c2ccccc2)N1c1ccc2nn[nH]c2c1,0.0
Cc1cc(N2C(=O)c3nc(C4=CCN(C)CC4)n(C(C)C)c3C2c2ccc(Cl)cc2)cn2c(C)nnc12,7.57,1,0.0,7.57,7.57,2018,2018,1,1,O=C1c2nc(C3=CCNCC3)[nH]c2C(c2ccccc2)N1c1ccc2nncn2c1,0.0
Cc1cc(N2C(=O)c3nc(C4=CCN(C)CC4)n(C4COC4)c3C2c2ccc(Cl)cc2)cc2c1nnn2C,7.41,1,0.0,7.41,7.41,2018,2018,1,1,O=C1c2nc(C3=CCNCC3)n(C3COC3)c2C(c2ccccc2)N1c1ccc2nn[nH]c2c1,0.0
Cc1cc(N2C(=O)c3nc(C4=CCN(S(C)(=O)=O)CC4)n(C(C)C)c3C2c2ccc(Cl)cc2)cn2c(C)nnc12,7.77,1,0.0,7.77,7.77,2018,2018,1,1,O=C1c2nc(C3=CCNCC3)[nH]c2C(c2ccccc2)N1c1ccc2nncn2c1,0.0
Cc1cc(N2C(=O)c3nc(C4=CCNCC4)n(C(C)C)c3C2c2ccc(Cl)cc2)cn2c(C)nnc12,7.46,1,0.0,7.46,7.46,2018,2018,1,1,O=C1c2nc(C3=CCNCC3)[nH]c2C(c2ccccc2)N1c1ccc2nncn2c1,0.0
Cc1cc(N2C(=O)c3nc(C4=CCOC4)n(C(C)C)c3C2c2ccc(Cl)cc2)cn2c(C)nnc12,7.75,1,0.0,7.75,7.75,2018,2018,1,1,O=C1c2nc(C3=CCOC3)[nH]c2C(c2ccccc2)N1c1ccc2nncn2c1,0.0
Cc1cc(N2C(=O)c3nc(C4=CCOC4)n(C(C)C)c3[C@H]2c2ccc(Cl)cc2)cn2c(C)nnc12,7.57,1,0.0,7.57,7.57,2018,2018,1,1,O=C1c2nc(C3=CCOC3)[nH]c2C(c2ccccc2)N1c1ccc2nncn2c1,0.0
Cc1cc(N2C(=O)c3nc(C4=CCOCC4)[nH]c3C2c2ccc(Cl)cc2)cn(C)c1=O,7.42,1,0.0,7.42,7.42,2018,2018,1,1,O=C1c2nc(C3=CCOCC3)[nH]c2C(c2ccccc2)N1c1ccc(=O)[nH]c1,0.0
Cc1cc(N2C(=O)c3nc(C4=CCOCC4)[nH]c3C2c2ccc(Cl)cc2)cn2c(C)nnc12,7.39,1,0.0,7.39,7.39,2018,2018,1,1,O=C1c2nc(C3=CCOCC3)[nH]c2C(c2ccccc2)N1c1ccc2nncn2c1,0.0
Cc1cc(N2C(=O)c3nc(C4=CCOCC4)[nH]c3C2c2ccc(Cl)cc2)nc2c1nnn2C,7.94,1,0.0,7.94,7.94,2018,2018,1,1,O=C1c2nc(C3=CCOCC3)[nH]c2C(c2ccccc2)N1c1ccc2nn[nH]c2n1,0.0
Cc1cc(N2C(=O)c3nc(C4=CCOCC4)[nH]c3[C@H]2c2ccc(Cl)cc2)cn(C)c1=O,7.6,1,0.0,7.6,7.6,2018,2018,1,1,O=C1c2nc(C3=CCOCC3)[nH]c2C(c2ccccc2)N1c1ccc(=O)[nH]c1,0.0
Cc1cc(N2C(=O)c3nc(C4=CCOCC4)[nH]c3[C@H]2c2ccc(Cl)cc2)cn2c(C)nnc12,7.46,1,0.0,7.46,7.46,2018,2018,1,1,O=C1c2nc(C3=CCOCC3)[nH]c2C(c2ccccc2)N1c1ccc2nncn2c1,0.0
Cc1cc(N2C(=O)c3nc(C4=CCOCC4)[nH]c3[C@H]2c2ccc(Cl)cc2)nc2c1nnn2C,7.72,1,0.0,7.72,7.72,2018,2018,1,1,O=C1c2nc(C3=CCOCC3)[nH]c2C(c2ccccc2)N1c1ccc2nn[nH]c2n1,0.0
Cc1cc(N2C(=O)c3nc(C4=CCOCC4)n(C(C)C)c3C2c2ccc(Cl)cc2)cc2c1nnn2C,7.58,1,0.0,7.58,7.58,2018,2018,1,1,O=C1c2nc(C3=CCOCC3)[nH]c2C(c2ccccc2)N1c1ccc2nn[nH]c2c1,0.0
Cc1cc(N2C(=O)c3nc(C4=CCOCC4)n(C(C)C)c3C2c2ccc(Cl)cc2)cn2c(C(F)F)nnc12,7.89,1,0.0,7.89,7.89,2018,2018,1,1,O=C1c2nc(C3=CCOCC3)[nH]c2C(c2ccccc2)N1c1ccc2nncn2c1,0.0
Cc1cc(N2C(=O)c3nc(C4=CCOCC4)n(C(C)C)c3C2c2ccc(Cl)cc2)cn2c(C)nnc12,7.8,1,0.0,7.8,7.8,2018,2018,1,1,O=C1c2nc(C3=CCOCC3)[nH]c2C(c2ccccc2)N1c1ccc2nncn2c1,0.0
Cc1cc(N2C(=O)c3nc(C4=CCOCC4)n(C(C)C)c3C2c2ccc(Cl)cc2)cn2c(CF)nnc12,7.41,1,0.0,7.41,7.41,2018,2018,1,1,O=C1c2nc(C3=CCOCC3)[nH]c2C(c2ccccc2)N1c1ccc2nncn2c1,0.0
Cc1cc(N2C(=O)c3nc(C4=CCOCC4)n(C(C)C)c3C2c2ccc(Cl)cc2)nn2c(C(F)F)nnc12,7.82,1,0.0,7.82,7.82,2018,2018,1,1,O=C1c2nc(C3=CCOCC3)[nH]c2C(c2ccccc2)N1c1ccc2nncn2n1,0.0
Cc1cc(N2C(=O)c3nc(C4=CCOCC4)n(C(C)C)c3C2c2ccc(Cl)cc2)nn2c(C)nnc12,7.58,1,0.0,7.58,7.58,2018,2018,1,1,O=C1c2nc(C3=CCOCC3)[nH]c2C(c2ccccc2)N1c1ccc2nncn2n1,0.0
Cc1cc(N2C(=O)c3nc(C4=CCOCC4)n(C(C)C)c3[C@H]2c2ccc(Cl)cc2)cn2c(C)nnc12,7.75,1,0.0,7.75,7.75,2018,2018,1,1,O=C1c2nc(C3=CCOCC3)[nH]c2C(c2ccccc2)N1c1ccc2nncn2c1,0.0
Cc1cc(N2C(=O)c3nc(C4CC4)n(C(C)(C)C)c3C2c2ccc(Cl)cc2)cn(C)c1=O,7.0,1,0.0,7.0,7.0,2018,2018,1,1,O=C1c2nc(C3CC3)[nH]c2C(c2ccccc2)N1c1ccc(=O)[nH]c1,0.0
Cc1cc(N2C(=O)c3nc(C4CC4)n(C(C)C)c3C2c2ccc(Cl)cc2)cn(C)c1=O,6.93,1,0.0,6.93,6.93,2018,2018,1,1,O=C1c2nc(C3CC3)[nH]c2C(c2ccccc2)N1c1ccc(=O)[nH]c1,0.0
Cc1cc(N2C(=O)c3nc(C4CC4)n(C(C)C)c3C2c2ccc(Cl)cc2)cn2c(C(F)F)nnc12,7.55,1,0.0,7.55,7.55,2018,2018,1,1,O=C1c2nc(C3CC3)[nH]c2C(c2ccccc2)N1c1ccc2nncn2c1,0.0
Cc1cc(N2C(=O)c3nc(C4CC4)n(C(C)C)c3C2c2ccc(Cl)cc2)cn2c(C)nnc12,7.43,1,0.0,7.43,7.43,2018,2018,1,1,O=C1c2nc(C3CC3)[nH]c2C(c2ccccc2)N1c1ccc2nncn2c1,0.0
Cc1cc(N2C(=O)c3nc(C4CC4)n(C(C)C)c3[C@H]2c2ccc(Cl)cc2)cn2c(C)nnc12,7.64,1,0.0,7.64,7.64,2018,2018,1,1,O=C1c2nc(C3CC3)[nH]c2C(c2ccccc2)N1c1ccc2nncn2c1,0.0
Cc1cc(N2C(=O)c3nc(C4CC4)n(C4COC4)c3C2c2ccc(Cl)cc2)cc2c1nnn2C,7.58,1,0.0,7.58,7.58,2018,2018,1,1,O=C1c2nc(C3CC3)n(C3COC3)c2C(c2ccccc2)N1c1ccc2nn[nH]c2c1,0.0
Cc1cc(N2C(=O)c3nc(C4CCCC4)n(C(C)C)c3C2c2ccc(Cl)cc2)cn(C)c1=O,7.33,1,0.0,7.33,7.33,2018,2018,1,1,O=C1c2nc(C3CCCC3)[nH]c2C(c2ccccc2)N1c1ccc(=O)[nH]c1,0.0
Cc1cc(N2C(=O)c3nc(C4CCN(C)CC4)n(C(C)C)c3C2c2ccc(Cl)cc2)cn2c(C)nnc12,7.82,1,0.0,7.82,7.82,2018,2018,1,1,O=C1c2nc(C3CCNCC3)[nH]c2C(c2ccccc2)N1c1ccc2nncn2c1,0.0
Cc1cc(N2C(=O)c3nc(C4CCN(C)CC4)n(C(C)C)c3C2c2ccc(Cl)cc2)nn2c(C)nnc12,7.72,1,0.0,7.72,7.72,2018,2018,1,1,O=C1c2nc(C3CCNCC3)[nH]c2C(c2ccccc2)N1c1ccc2nncn2n1,0.0
Cc1cc(N2C(=O)c3nc(C4CCN(CC(C)(C)C)CC4)n(C(C)C)c3C2c2ccc(Cl)cc2)cn2c(C)nnc12,7.61,1,0.0,7.61,7.61,2018,2018,1,1,O=C1c2nc(C3CCNCC3)[nH]c2C(c2ccccc2)N1c1ccc2nncn2c1,0.0
Cc1cc(N2C(=O)c3nc(C4CCNCC4)n(C(C)C)c3C2c2ccc(Cl)cc2)cn2c(C)nnc12,7.77,1,0.0,7.77,7.77,2018,2018,1,1,O=C1c2nc(C3CCNCC3)[nH]c2C(c2ccccc2)N1c1ccc2nncn2c1,0.0
Cc1cc(N2C(=O)c3nc(C4CCOC4)n(C(C)C)c3C2c2ccc(Cl)cc2)cc2c1nnn2C,7.8,1,0.0,7.8,7.8,2018,2018,1,1,O=C1c2nc(C3CCOC3)[nH]c2C(c2ccccc2)N1c1ccc2nn[nH]c2c1,0.0
Cc1cc(N2C(=O)c3nc(C4CCOC4)n(C(C)C)c3C2c2ccc(Cl)cc2)nn2c(C)nnc12,7.51,1,0.0,7.51,7.51,2018,2018,1,1,O=C1c2nc(C3CCOC3)[nH]c2C(c2ccccc2)N1c1ccc2nncn2n1,0.0
Cc1cc(N2C(=O)c3nc(C4CCOC4)n(C(C)C)c3[C@H]2c2ccc(Cl)cc2)cc2c1nnn2C,7.89,1,0.0,7.89,7.89,2018,2018,1,1,O=C1c2nc(C3CCOC3)[nH]c2C(c2ccccc2)N1c1ccc2nn[nH]c2c1,0.0
Cc1cc(N2C(=O)c3nc(C4CCOC4)n(C(C)C)c3[C@H]2c2ccc(Cl)cc2)nn2c(C)nnc12,7.92,1,0.0,7.92,7.92,2018,2018,1,1,O=C1c2nc(C3CCOC3)[nH]c2C(c2ccccc2)N1c1ccc2nncn2n1,0.0
Cc1cc(N2C(=O)c3nc(C4CCOCC4)n(C(C)C)c3C2c2ccc(Cl)cc2)cc2c1nnn2C,7.89,1,0.0,7.89,7.89,2018,2018,1,1,O=C1c2nc(C3CCOCC3)[nH]c2C(c2ccccc2)N1c1ccc2nn[nH]c2c1,0.0
Cc1cc(N2C(=O)c3nc(C4CCOCC4)n(C(C)C)c3C2c2ccc(Cl)cc2)nn2c(C)nnc12,7.64,1,0.0,7.64,7.64,2018,2018,1,1,O=C1c2nc(C3CCOCC3)[nH]c2C(c2ccccc2)N1c1ccc2nncn2n1,0.0
Cc1cc(N2C(=O)c3nc(C4CCOCC4)n(C(C)C)c3[C@H]2c2ccc(Cl)cc2)cn2c(C)nnc12,7.85,1,0.0,7.85,7.85,2018,2018,1,1,O=C1c2nc(C3CCOCC3)[nH]c2C(c2ccccc2)N1c1ccc2nncn2c1,0.0
Cc1cc(N2C(=O)c3nc(C4CCOCC4)n(C(C)C)c3[C@H]2c2ccc(Cl)cc2)nn2c(C)nnc12,7.82,1,0.0,7.82,7.82,2018,2018,1,1,O=C1c2nc(C3CCOCC3)[nH]c2C(c2ccccc2)N1c1ccc2nncn2n1,0.0
Cc1cc(N2C(=O)c3nc(C4CCOCC4)n(C4COC4)c3C2c2ccc(Cl)cc2)cc2c1nnn2C,7.89,1,0.0,7.89,7.89,2018,2018,1,1,O=C1c2nc(C3CCOCC3)n(C3COC3)c2C(c2ccccc2)N1c1ccc2nn[nH]c2c1,0.0
Cc1cc(N2C(=O)c3nc(N4CCOCC4)n(C)c3C2c2ccc(Cl)cc2)cn(C)c1=O,6.75,1,0.0,6.75,6.75,2018,2018,1,1,O=C1c2nc(N3CCOCC3)[nH]c2C(c2ccccc2)N1c1ccc(=O)[nH]c1,0.0
Cc1cc(N2C(=O)c3ncn(C(C)C)c3C2c2ccc(Cl)cc2)cc2c1nnn2C,7.39,1,0.0,7.39,7.39,2018,2018,1,1,O=C1c2nc[nH]c2C(c2ccccc2)N1c1ccc2nn[nH]c2c1,0.0
Cc1cc(N2C(=O)c3nn(C(=O)N(C)C)c(C)c3C2c2ccc(Cl)cc2)cn(C)c1=O,6.77,1,0.0,6.77,6.77,2015,2015,1,1,O=C1c2n[nH]cc2C(c2ccccc2)N1c1ccc(=O)[nH]c1,0.0
Cc1cc(N2C(=O)c3nn(C(=O)N(C)C)c(C)c3[C@H]2c2ccc(Cl)cc2)cn2c(C)nnc12,6.96,1,0.0,6.96,6.96,2015,2015,1,1,O=C1c2n[nH]cc2C(c2ccccc2)N1c1ccc2nncn2c1,0.0
Cc1cc(N2C(=O)c3nn(C(C)C)c(C)c3C2c2ccc(Cl)cc2)cn(C)c1=O,6.89,1,0.0,6.89,6.89,2015,2015,1,1,O=C1c2n[nH]cc2C(c2ccccc2)N1c1ccc(=O)[nH]c1,0.0
Cc1cc(N2C(=O)c3nn(C(C)C)c(C)c3C2c2ccc(Cl)cc2F)cn2c(C)nnc12,7.15,1,0.0,7.15,7.15,2015,2015,1,1,O=C1c2n[nH]cc2C(c2ccccc2)N1c1ccc2nncn2c1,0.0
Cc1cc(N2C(=O)c3nn(C(C)C)c(C)c3C2c2ccc(F)cc2F)cn2c(C)nnc12,7.47,1,0.0,7.47,7.47,2015,2015,1,1,O=C1c2n[nH]cc2C(c2ccccc2)N1c1ccc2nncn2c1,0.0
Cc1cc(N2C(=O)c3nn(C(C)C)cc3C2c2ccc(Cl)cc2)cn(C)c1=O,7.02,1,0.0,7.02,7.02,2015,2015,1,1,O=C1c2n[nH]cc2C(c2ccccc2)N1c1ccc(=O)[nH]c1,0.0
Cc1cc(N2C(=O)c3nn(C)c(C)c3C2c2ccc(Cl)cc2)cn(C)c1=O,6.85,1,0.0,6.85,6.85,2015,2015,1,1,O=C1c2n[nH]cc2C(c2ccccc2)N1c1ccc(=O)[nH]c1,0.0
Cc1cc(N2C(=O)c3nn(C)c(C)c3[C@@H]2c2ccc(Cl)cc2)cn(C)c1=O,4.51,1,0.0,4.51,4.51,2015,2015,1,1,O=C1c2n[nH]cc2C(c2ccccc2)N1c1ccc(=O)[nH]c1,0.0
Cc1cc(N2C(=O)c3nn(C)c(C)c3[C@H]2c2ccc(Cl)cc2)cn(C)c1=O,7.51,1,0.0,7.51,7.51,2015,2015,1,1,O=C1c2n[nH]cc2C(c2ccccc2)N1c1ccc(=O)[nH]c1,0.0
Cc1cc(N2C(=O)c3nn(C)c(O)c3C2c2ccc(Cl)cc2)cn(C)c1=O,6.68,1,0.0,6.68,6.68,2015,2015,1,1,O=C1c2n[nH]cc2C(c2ccccc2)N1c1ccc(=O)[nH]c1,0.0
Cc1cc(N2C(=O)c3nn(C)cc3C2c2ccc(Cl)cc2)cn(C)c1=O,6.89,1,0.0,6.89,6.89,2015,2015,1,1,O=C1c2n[nH]cc2C(c2ccccc2)N1c1ccc(=O)[nH]c1,0.0
Cc1cc(N2C(=O)c3nn(C)cc3[C@H]2c2ccc(Cl)cc2)cn(C)c1=O,7.09,1,0.0,7.09,7.09,2015,2015,1,1,O=C1c2n[nH]cc2C(c2ccccc2)N1c1ccc(=O)[nH]c1,0.0
Cc1cc(N2C(=O)c3nn(C4CC4)c(C(F)(F)F)c3C2c2ccc(Cl)cc2)cn(C)c1=O,6.92,1,0.0,6.92,6.92,2015,2015,1,1,O=C1c2nn(C3CC3)cc2C(c2ccccc2)N1c1ccc(=O)[nH]c1,0.0
Cc1cc(N2C(=O)c3nn(C4CC4)c(C)c3C2c2ccc(Cl)cc2)cn(C)c1=O,7.06,1,0.0,7.06,7.06,2015,2015,1,1,O=C1c2nn(C3CC3)cc2C(c2ccccc2)N1c1ccc(=O)[nH]c1,0.0
Cc1cc(N2C(=O)c3nn(C4CC4)c(C)c3C2c2ccc(Cl)cc2)cn2c(C)nnc12,7.57,1,0.0,7.57,7.57,2015,2015,1,1,O=C1c2nn(C3CC3)cc2C(c2ccccc2)N1c1ccc2nncn2c1,0.0
Cc1cc(N2C(=O)c3nn(C4CC4)c(C)c3[C@H]2c2ccc(Cl)cc2)cn(C)c1=O,7.33,1,0.0,7.33,7.33,2015,2015,1,1,O=C1c2nn(C3CC3)cc2C(c2ccccc2)N1c1ccc(=O)[nH]c1,0.0
Cc1cc(N2C(=O)c3nn(C4CN(C)C4)c(C)c3C2c2ccc(Cl)cc2)cn(C)c1=O,6.72,1,0.0,6.72,6.72,2015,2015,1,1,O=C1c2nn(C3CNC3)cc2C(c2ccccc2)N1c1ccc(=O)[nH]c1,0.0
Cc1cc(N2C(=O)c3nn(C4CN(C)C4)c(C)c3C2c2ccc(Cl)cc2)cn2c(C)nnc12,7.09,1,0.0,7.09,7.09,2015,2015,1,1,O=C1c2nn(C3CNC3)cc2C(c2ccccc2)N1c1ccc2nncn2c1,0.0
Cc1cc(N2C(=O)c3nn(C4CNC4)c(C)c3C2c2ccc(Cl)cc2)cn2c(C)nnc12,7.11,1,0.0,7.11,7.11,2015,2015,1,1,O=C1c2nn(C3CNC3)cc2C(c2ccccc2)N1c1ccc2nncn2c1,0.0
Cc1cc(N2C(=O)c3nn(C4COC4)c(C)c3C2c2ccc(Cl)cc2)cn(C)c1=O,6.8,1,0.0,6.8,6.8,2015,2015,1,1,O=C1c2nn(C3COC3)cc2C(c2ccccc2)N1c1ccc(=O)[nH]c1,0.0
Cc1cc(N2C(=O)c3nn(C4COC4)c(C)c3C2c2ccc(Cl)cc2)cn2c(C)nnc12,6.96,1,0.0,6.96,6.96,2015,2015,1,1,O=C1c2nn(C3COC3)cc2C(c2ccccc2)N1c1ccc2nncn2c1,0.0
Cc1cc(NC(=O)c2cccc3c2NC(C)CC(=O)N3)n[nH]1,4.73,1,0.0,4.73,4.73,2019,2019,1,1,O=C1CCNc2c(cccc2C(=O)Nc2cc[nH]n2)N1,0.0
Cc1cc(Nc2ncc(C)c(Nc3ccc(Cl)c(NS(=O)(=O)C(C)(C)C)c3)n2)ccc1N1CCN(C)CC1,7.53,1,0.0,7.53,7.53,2023,2023,1,1,c1ccc(Nc2ccnc(Nc3ccc(N4CCNCC4)cc3)n2)cc1,0.0
Cc1cc(Nc2ncc3ccn(-c4cccc(NS(=O)(=O)C(C)(C)C)c4)c3n2)ccc1N1CCN(C)CC1,6.14,1,0.0,6.14,6.14,2022,2022,1,1,c1ccc(-n2ccc3cnc(Nc4ccc(N5CCNCC5)cc4)nc32)cc1,0.0
Cc1cc(Oc2cccc(-c3c(C)nnn3C3CCNCC3)n2)cc(-c2ccccc2)c1,5.225,2,0.4737615433949868,4.89,5.56,2021,2021,1,2,c1ccc(-c2cccc(Oc3cccc(-c4cnnn4C4CCNCC4)n3)c2)cc1,0.6699999999999999
Cc1cc(Oc2cccc(-c3c(C)nnn3C3CCNCC3)n2)cc(C(C)C)c1,5.195,2,0.41719300090006295,4.9,5.49,2021,2021,1,2,c1ccc(Oc2cccc(-c3cnnn3C3CCNCC3)n2)cc1,0.5899999999999999
Cc1cc(Oc2cccc(-c3c(C)nnn3C3CCNCC3)n2)cc(C2CCCC2)c1,5.165,2,0.40305086527633227,4.88,5.45,2021,2021,1,2,c1cc(Oc2cccc(-c3cnnn3C3CCNCC3)n2)cc(C2CCCC2)c1,0.5700000000000003
Cc1cc(Oc2cccc(-c3c(C)nnn3C3CCNCC3)n2)cc(C2CCCCC2)c1,4.975,2,0.48790367901871773,4.63,5.32,2021,2021,1,2,c1cc(Oc2cccc(-c3cnnn3C3CCNCC3)n2)cc(C2CCCCC2)c1,0.6900000000000004
Cc1cc([C@H](C2CCOCC2)n2c3cc(C(C)(C)O)ccc3c3ncc(-c4c(C)nnn4C)cc32)n(C)n1,8.64,1,0.0,8.64,8.64,2021,2021,1,1,c1ccc2c(c1)c1ncc(-c3cnn[nH]3)cc1n2C(c1ccn[nH]1)C1CCOCC1,0.0
Cc1cc([C@H](C2CCOCC2)n2c3cc(C(C)(C)O)ccc3c3ncc(-c4c(C)nnn4C)cc32)no1,8.8,1,0.0,8.8,8.8,2021,2021,1,1,c1ccc2c(c1)c1ncc(-c3cnn[nH]3)cc1n2C(c1ccon1)C1CCOCC1,0.0
Cc1cc2c(-c3cncc(CO)c3)cnc(NC3CCN(CCCN)CC3)c2[nH]c1=O,5.6,1,0.0,5.6,5.6,2021,2021,1,1,O=c1ccc2c(-c3cccnc3)cnc(NC3CCNCC3)c2[nH]1,0.0
Cc1cc2c(C3=CCOCC3)cnc(NC3CCN(CCC(N)=O)CC3)c2[nH]c1=O,5.2,1,0.0,5.2,5.2,2021,2021,1,1,O=c1ccc2c(C3=CCOCC3)cnc(NC3CCNCC3)c2[nH]1,0.0
Cc1cc2c(C3=CCOCC3)cnc(NC3CCN(CCCN)CC3)c2[nH]c1=O,5.2,1,0.0,5.2,5.2,2021,2021,1,1,O=c1ccc2c(C3=CCOCC3)cnc(NC3CCNCC3)c2[nH]1,0.0
Cc1cc2c(C3CCCCC3)cnc(NC3CCN(CCCN)CC3)c2[nH]c1=O,4.9,1,0.0,4.9,4.9,2021,2021,1,1,O=c1ccc2c(C3CCCCC3)cnc(NC3CCNCC3)c2[nH]1,0.0
Cc1cc2c(C3CCOCC3)cnc(NC3CCN(CCCN)CC3)c2[nH]c1=O,4.8,1,0.0,4.8,4.8,2021,2021,1,1,O=c1ccc2c(C3CCOCC3)cnc(NC3CCNCC3)c2[nH]1,0.0
Cc1cc2c(cc(NC(=O)N(C)C)c3nnc(C)n32)n1Cc1ccccc1,5.76,2,0.7071067811865476,5.26,6.26,2017,2019,2,2,c1ccc(Cn2ccc3c2ccc2nncn23)cc1,1.0
Cc1cc2c(cc(NC(=O)OC(C)(C)C)c3nnc(C)n32)n1Cc1ccccc1,5.76,2,0.7071067811865476,5.26,6.26,2017,2019,2,2,c1ccc(Cn2ccc3c2ccc2nncn23)cc1,1.0
Cc1cc2c(cc(NC3CCCCC3)c3nnc(C)n32)n1Cc1ccccc1,5.76,4,0.5773502691896258,5.26,6.26,2017,2019,2,4,c1ccc(Cn2ccc3c2cc(NC2CCCCC2)c2nncn23)cc1,1.0
Cc1cc2c(cc(NC3CCN(C(=O)OC(C)(C)C)CC3)c3nnc(C)n32)n1Cc1ccccc1,5.76,2,0.7071067811865476,5.26,6.26,2017,2019,2,2,c1ccc(Cn2ccc3c2cc(NC2CCNCC2)c2nncn23)cc1,1.0
Cc1cc2c(cc(NCC3CCC3)c3nnc(C)n32)n1Cc1ccccc1,5.76,2,0.7071067811865476,5.26,6.26,2017,2019,2,2,c1ccc(Cn2ccc3c2cc(NCC2CCC2)c2nncn23)cc1,1.0
Cc1cc2c(cc(NCC3CCN(C(=O)OC(C)(C)C)CC3)c3nnc(C)n32)n1Cc1ccccc1,5.76,2,0.7071067811865476,5.26,6.26,2017,2019,2,2,c1ccc(Cn2ccc3c2cc(NCC2CCNCC2)c2nncn23)cc1,1.0
Cc1cc2c(cc(NCC3CN(C(=O)OC(C)(C)C)C3)c3nnc(C)n32)n1Cc1ccccc1,5.76,2,0.7071067811865476,5.26,6.26,2017,2019,2,2,c1ccc(Cn2ccc3c2cc(NCC2CNC2)c2nncn23)cc1,1.0
Cc1cc2c(cc(NS(C)(=O)=O)c3nnc(C)n32)n1Cc1ccccc1,5.76,2,0.7071067811865476,5.26,6.26,2017,2019,2,2,c1ccc(Cn2ccc3c2ccc2nncn23)cc1,1.0
Cc1cc2c(cc(N[C@@H]3CCN(C(=O)OC(C)(C)C)C3)c3nnc(C)n32)n1Cc1ccccc1,5.76,2,0.7071067811865476,5.26,6.26,2017,2019,2,2,c1ccc(Cn2ccc3c2cc(NC2CCNC2)c2nncn23)cc1,1.0
Cc1cc2c(cc(N[C@H]3CC[C@@H](C#N)CC3)c3nnc(C)n32)n1Cc1ccccc1,5.76,2,0.7071067811865476,5.26,6.26,2017,2019,2,2,c1ccc(Cn2ccc3c2cc(NC2CCCCC2)c2nncn23)cc1,1.0
Cc1cc2c(cc(N[C@H]3C[C@H]4CC[C@@H](C3)N4C)c3nnc(C)n32)n1Cc1ccccc1,5.76,2,0.7071067811865476,5.26,6.26,2017,2019,2,2,c1ccc(Cn2ccc3c2cc(NC2CC4CCC(C2)N4)c2nncn23)cc1,1.0
Cc1cc2c(cc(Nc3ccncc3)c3nnc(C)n32)n1Cc1ccccc1,5.76,2,0.7071067811865476,5.26,6.26,2017,2019,2,2,c1ccc(Cn2ccc3c2cc(Nc2ccncc2)c2nncn23)cc1,1.0
Cc1cc2c(cc1NC(=O)C[C@@H]1N=C(c3ccc(Cl)cc3)c3c(sc(C)c3C)-n3c(C)nnc31)COC2,7.234999999999999,2,0.40305086527633194,6.95,7.52,2022,2022,1,2,O=C(CC1N=C(c2ccccc2)c2ccsc2-n2cnnc21)Nc1ccc2c(c1)COC2,0.5699999999999994
Cc1cc2c(ccc3nnc(C)n32)n1C(CO)c1ccccc1,5.76,4,0.5773502691896258,5.26,6.26,2017,2019,2,4,c1ccc(Cn2ccc3c2ccc2nncn23)cc1,1.0
Cc1cc2c(ccc3nnc(C)n32)n1CC1CCCC1,5.76,2,0.7071067811865476,5.26,6.26,2017,2019,2,2,c1cc2nncn2c2ccn(CC3CCCC3)c12,1.0
Cc1cc2c(ccc3nnc(C)n32)n1CCc1ccccc1,5.76,4,0.5773502691896258,5.26,6.26,2017,2019,2,4,c1ccc(CCn2ccc3c2ccc2nncn23)cc1,1.0
Cc1cc2c(ccc3nnc(C)n32)n1Cc1ccc(CN(C)C)cc1,5.76,4,0.5773502691896258,5.26,6.26,2017,2019,2,4,c1ccc(Cn2ccc3c2ccc2nncn23)cc1,1.0
Cc1cc2c(ccc3nnc(C)n32)n1Cc1ccc(CN2CC(O)C2)cc1,5.76,4,0.5773502691896258,5.26,6.26,2017,2019,2,4,c1cc(Cn2ccc3c2ccc2nncn23)ccc1CN1CCC1,1.0
Cc1cc2c(ccc3nnc(C)n32)n1Cc1ccc(CN2CCCC2)cc1,5.76,4,0.5773502691896258,5.26,6.26,2017,2019,2,4,c1cc(Cn2ccc3c2ccc2nncn23)ccc1CN1CCCC1,1.0
Cc1cc2c(ccc3nnc(C)n32)n1Cc1ccc(CO)cc1,5.76,2,0.7071067811865476,5.26,6.26,2017,2019,2,2,c1ccc(Cn2ccc3c2ccc2nncn23)cc1,1.0
Cc1cc2c(ccc3nnc(C)n32)n1Cc1ccc2ccccc2n1,5.76,2,0.7071067811865476,5.26,6.26,2017,2019,2,2,c1ccc2nc(Cn3ccc4c3ccc3nncn34)ccc2c1,1.0
Cc1cc2c(ccc3nnc(C)n32)n1Cc1cccc(C#N)c1,5.76,2,0.7071067811865476,5.26,6.26,2017,2019,2,2,c1ccc(Cn2ccc3c2ccc2nncn23)cc1,1.0
Cc1cc2c(ccc3nnc(C)n32)n1Cc1cccc(C(=O)NO)c1,5.76,2,0.7071067811865476,5.26,6.26,2017,2019,2,2,c1ccc(Cn2ccc3c2ccc2nncn23)cc1,1.0
Cc1cc2c(ccc3nnc(C)n32)n1Cc1cccc(C(N)=O)c1,5.76,2,0.7071067811865476,5.26,6.26,2017,2019,2,2,c1ccc(Cn2ccc3c2ccc2nncn23)cc1,1.0
Cc1cc2c(ccc3nnc(C)n32)n1Cc1cccc(CN(C)CCO)c1,5.76,2,0.7071067811865476,5.26,6.26,2017,2019,2,2,c1ccc(Cn2ccc3c2ccc2nncn23)cc1,1.0
Cc1cc2c(ccc3nnc(C)n32)n1Cc1cccc(CN2CCN(C)CC2)c1,5.76,2,0.7071067811865476,5.26,6.26,2017,2019,2,2,c1cc(CN2CCNCC2)cc(Cn2ccc3c2ccc2nncn23)c1,1.0
Cc1cc2c(ccc3nnc(C)n32)n1Cc1cccc(CN2CCNCC2)c1,5.76,2,0.7071067811865476,5.26,6.26,2017,2019,2,2,c1cc(CN2CCNCC2)cc(Cn2ccc3c2ccc2nncn23)c1,1.0
Cc1cc2c(ccc3nnc(C)n32)n1Cc1cccc(CN2CCOCC2)c1,5.76,2,0.7071067811865476,5.26,6.26,2017,2019,2,2,c1cc(CN2CCOCC2)cc(Cn2ccc3c2ccc2nncn23)c1,1.0
Cc1cc2c(ccc3nnc(C)n32)n1Cc1cccc(CN[C@H]2C[C@H](O)C2)c1,5.76,2,0.7071067811865476,5.26,6.26,2017,2019,2,2,c1cc(CNC2CCC2)cc(Cn2ccc3c2ccc2nncn23)c1,1.0
Cc1cc2c(ccc3nnc(C)n32)n1Cc1cccc(NC(N)=O)c1,5.76,2,0.7071067811865476,5.26,6.26,2017,2019,2,2,c1ccc(Cn2ccc3c2ccc2nncn23)cc1,1.0
Cc1cc2c(ccc3nnc(C)n32)n1Cc1ccccc1,6.26,1,0.0,6.26,6.26,2017,2017,1,1,c1ccc(Cn2ccc3c2ccc2nncn23)cc1,0.0
Cc1cc2c(ccc3nnc(C)n32)n1Cc1ccccc1Cl,5.76,2,0.7071067811865476,5.26,6.26,2017,2019,2,2,c1ccc(Cn2ccc3c2ccc2nncn23)cc1,1.0
Cc1cc2c(ccc3nnc(C)n32)n1Cc1ccccn1,5.76,4,0.5773502691896258,5.26,6.26,2017,2019,2,4,c1ccc(Cn2ccc3c2ccc2nncn23)nc1,1.0
Cc1cc2c(ccc3nnc(C)n32)n1Cc1cccnc1,5.76,4,0.5773502691896258,5.26,6.26,2017,2019,2,4,c1cncc(Cn2ccc3c2ccc2nncn23)c1,1.0
Cc1cc2c(ccc3nnc(C)n32)n1Cc1ccncc1,5.76,4,0.5773502691896258,5.26,6.26,2017,2019,2,4,c1cc(Cn2ccc3c2ccc2nncn23)ccn1,1.0
Cc1cc2c(ccc3nnc(C)n32)n1S(=O)(=O)c1ccccc1,5.26,1,0.0,5.26,5.26,2019,2019,1,1,O=S(=O)(c1ccccc1)n1ccc2c1ccc1nncn12,0.0
Cc1cc2c(ccc3nnc(C)n32)n1[C@@H](C)c1ccccc1,5.26,1,0.0,5.26,5.26,2019,2019,1,1,c1ccc(Cn2ccc3c2ccc2nncn23)cc1,0.0
Cc1cc2c(cn1)nc(-c1cn3c(C)nnc3c(NC(C)C)n1)n2Cc1ccccn1,7.55,1,0.0,7.55,7.55,2019,2019,1,1,c1ccc(Cn2c(-c3cn4cnnc4cn3)nc3cnccc32)nc1,0.0
Cc1cc2c(cn1)nc(-c1cn3c(C)nnc3c(N[C@@H]3CCOC3)n1)n2Cc1cccnc1,7.51,1,0.0,7.51,7.51,2019,2019,1,1,c1cncc(Cn2c(-c3cn4cnnc4c(NC4CCOC4)n3)nc3cnccc32)c1,0.0
Cc1cc2c(cnn2C)cc1-c1cccc2c1O[C@H](C)CC(=O)N2,5.24,1,0.0,5.24,5.24,2019,2019,1,1,O=C1CCOc2c(cccc2-c2ccc3[nH]ncc3c2)N1,0.0
Cc1cc2c(n1C)C(c1ccc(Cl)cc1)N(c1cc(Cl)c(=O)n(C)c1)C2=O,7.64,1,0.0,7.64,7.64,2017,2017,1,1,O=C1c2cc[nH]c2C(c2ccccc2)N1c1ccc(=O)[nH]c1,0.0
Cc1cc2c(n1C)[C@@H](c1ccc(Cl)cc1)N(c1cc(Cl)c(=O)n(C)c1)C2=O,7.07,1,0.0,7.07,7.07,2017,2017,1,1,O=C1c2cc[nH]c2C(c2ccccc2)N1c1ccc(=O)[nH]c1,0.0
Cc1cc2nc(NCCCCNC(=O)OC(C)(C)C)c3nnc(C)n3c2cc1C,7.09,1,0.0,7.09,7.09,2021,2021,1,1,c1ccc2c(c1)ncc1nncn12,0.0
Cc1cc2nn(C)cc2cc1-c1cccc2c1O[C@H](C)CC(=O)N2,5.04,1,0.0,5.04,5.04,2019,2019,1,1,O=C1CCOc2c(cccc2-c2ccc3n[nH]cc3c2)N1,0.0
Cc1ccc(-c2c(C)n[nH]c2C)cc1S(=O)(=O)NC1CCCC1,5.0,1,0.0,5.0,5.0,2019,2019,1,1,O=S(=O)(NC1CCCC1)c1cccc(-c2cn[nH]c2)c1,0.0
Cc1ccc(-c2c(C)noc2C)cc1S(=O)(=O)NC1CCCC1,5.8,1,0.0,5.8,5.8,2019,2019,1,1,O=S(=O)(NC1CCCC1)c1cccc(-c2cnoc2)c1,0.0
Cc1ccc(-c2c(C)noc2CO)cc1S(=O)(=O)NC1CCCC1,5.6899999999999995,2,0.1272792206135787,5.6,5.78,2019,2019,1,2,O=S(=O)(NC1CCCC1)c1cccc(-c2cnoc2)c1,0.1800000000000006
Cc1ccc(-c2ccc3c(c2)N(c2ccc(Cl)cc2)C[C@@H](C)c2nnc(C)n2-3)cn1,7.34,1,0.0,7.34,7.34,2016,2016,1,1,c1ccc(N2CCc3nncn3-c3ccc(-c4cccnc4)cc32)cc1,0.0
Cc1ccc(-c2cccc3c2N[C@H](C)CC(=O)N3)cc1C,4.85,1,0.0,4.85,4.85,2019,2019,1,1,O=C1CCNc2c(cccc2-c2ccccc2)N1,0.0
Cc1ccc(-c2cccc3c2N[C@H](C)CC(=O)N3)cc1F,5.13,1,0.0,5.13,5.13,2019,2019,1,1,O=C1CCNc2c(cccc2-c2ccccc2)N1,0.0
Cc1ccc(-c2cccc3c2O[C@H](C)CC(=O)N3)o1,5.86,1,0.0,5.86,5.86,2019,2019,1,1,O=C1CCOc2c(cccc2-c2ccco2)N1,0.0
Cc1ccc(-c2cn(C)c(=O)c3[nH]c(C(=O)NCc4ccc(C(=O)Nc5ccccc5N)cc4)cc23)cc1,7.0600000000000005,2,0.21213203435596445,6.91,7.21,2021,2021,1,2,O=C(Nc1ccccc1)c1ccc(CNC(=O)c2cc3c(-c4ccccc4)c[nH]c(=O)c3[nH]2)cc1,0.2999999999999998
Cc1ccc(-c2cnoc2C)cc1S(=O)(=O)NC1CCCC1,4.72,1,0.0,4.72,4.72,2019,2019,1,1,O=S(=O)(NC1CCCC1)c1cccc(-c2cnoc2)c1,0.0
Cc1ccc(-c2csc(=O)[nH]2)cc1S(=O)(=O)NC1CCCC1,6.66,1,0.0,6.66,6.66,2015,2015,1,1,O=c1[nH]c(-c2cccc(S(=O)(=O)NC3CCCC3)c2)cs1,0.0
Cc1ccc(-n2ccc3cnc(Nc4ccc(N5CCN(C)CC5)cc4)nc32)cc1NS(=O)(=O)C(C)(C)C,6.17,1,0.0,6.17,6.17,2022,2022,1,1,c1ccc(-n2ccc3cnc(Nc4ccc(N5CCNCC5)cc4)nc32)cc1,0.0
Cc1ccc(-n2ccc3cnc(Nc4ccc(N5CCN(C)CC5)cc4)nc32)cc1NS(=O)(=O)C1CC1,5.51,1,0.0,5.51,5.51,2022,2022,1,1,O=S(=O)(Nc1cccc(-n2ccc3cnc(Nc4ccc(N5CCNCC5)cc4)nc32)c1)C1CC1,0.0
Cc1ccc(-n2ccc3cnc(Nc4ccc(N5CCNCC5)cc4)nc32)cc1NS(=O)(=O)C(C)(C)C,6.19,1,0.0,6.19,6.19,2022,2022,1,1,c1ccc(-n2ccc3cnc(Nc4ccc(N5CCNCC5)cc4)nc32)cc1,0.0
Cc1ccc(-n2ccc3cnc(Nc4ccc(N5CCNCC5)cc4)nc32)cc1NS(=O)(=O)C1CC1,5.66,1,0.0,5.66,5.66,2022,2022,1,1,O=S(=O)(Nc1cccc(-n2ccc3cnc(Nc4ccc(N5CCNCC5)cc4)nc32)c1)C1CC1,0.0
Cc1ccc(/C=C/c2cccc3c2N[C@H](C)CC(=O)N3)cc1,5.44,1,0.0,5.44,5.44,2019,2019,1,1,O=C1CCNc2c(C=Cc3ccccc3)cccc2N1,0.0
Cc1ccc(C(=O)NCCCCNc2nc3ccccc3n3c(C)nnc23)c(Cl)n1,7.24,1,0.0,7.24,7.24,2021,2021,1,1,O=C(NCCCCNc1nc2ccccc2n2cnnc12)c1cccnc1,0.0
Cc1ccc(C(C)C)cc1Oc1cccc(-c2c(C)nnn2C2CCNCC2)n1,5.0649999999999995,2,0.21920310216782915,4.91,5.22,2021,2021,1,2,c1ccc(Oc2cccc(-c3cnnn3C3CCNCC3)n2)cc1,0.3099999999999996
Cc1ccc(C(C)C)cc1Oc1nccc(-c2c(-c3ccc(C(F)(F)F)cc3)ncn2C2CCNCC2)n1,6.52,1,0.0,6.52,6.52,2022,2022,1,1,c1ccc(Oc2nccc(-c3c(-c4ccccc4)ncn3C3CCNCC3)n2)cc1,0.0
Cc1ccc(C(C)C)cc1Oc1nccc(-c2c(-c3ccc(C(F)(F)F)cc3)ncn2[C@@H]2CCN(CCN(C)C)C2)n1,6.36,1,0.0,6.36,6.36,2022,2022,1,1,c1ccc(Oc2nccc(-c3c(-c4ccccc4)ncn3C3CCNC3)n2)cc1,0.0
Cc1ccc(C(C)C)cc1Oc1nccc(-c2c(-c3ccc(C(F)(F)F)cc3)ncn2[C@@H]2CCNC2)n1,5.42,1,0.0,5.42,5.42,2022,2022,1,1,c1ccc(Oc2nccc(-c3c(-c4ccccc4)ncn3C3CCNC3)n2)cc1,0.0
Cc1ccc(C(C)C)cc1Oc1nccc(-c2c(-c3ccc(C(F)(F)F)cc3)ncn2[C@H]2CCNC2)n1,6.06,1,0.0,6.06,6.06,2022,2022,1,1,c1ccc(Oc2nccc(-c3c(-c4ccccc4)ncn3C3CCNC3)n2)cc1,0.0
Cc1ccc(C)c(NC(=O)Nc2cccc(-c3csc4c(=O)cc(N5CCOCC5)oc34)c2)c1,6.015000000000001,2,0.1626345596729059,5.9,6.13,2016,2016,1,2,O=C(Nc1ccccc1)Nc1cccc(-c2csc3c(=O)cc(N4CCOCC4)oc23)c1,0.22999999999999954
Cc1ccc(C)c(Oc2nccc(-c3c(-c4ccc(I)cc4)ncn3C3CCNCC3)n2)c1,6.57,1,0.0,6.57,6.57,2022,2022,1,1,c1ccc(Oc2nccc(-c3c(-c4ccccc4)ncn3C3CCNCC3)n2)cc1,0.0
Cc1ccc(C2(O)C(=O)Nc3ccc(-c4c(C)noc4C)cc32)cc1,6.75,2,0.0,6.75,6.75,2016,2016,1,2,O=C1Nc2ccc(-c3cnoc3)cc2C1c1ccccc1,0.0
Cc1ccc(C2=NC(NC(=O)OCc3ccccc3)c3nnc(C)n3-c3ccccc32)cc1,5.9,1,0.0,5.9,5.9,2013,2013,1,1,O=C(NC1N=C(c2ccccc2)c2ccccc2-n2cnnc21)OCc1ccccc1,0.0
Cc1ccc(C2=N[C@@H](CC(N)=O)c3onc(C)c3-c3ccccc32)cc1,7.28,1,0.0,7.28,7.28,2016,2016,1,1,c1ccc(C2=NCc3oncc3-c3ccccc32)cc1,0.0
Cc1ccc(C2c3c(ccn3C)C(=O)N2c2cc(C)c(=O)n(C)c2)cc1,6.88,1,0.0,6.88,6.88,2017,2017,1,1,O=C1c2cc[nH]c2C(c2ccccc2)N1c1ccc(=O)[nH]c1,0.0
Cc1ccc(C2c3c(ccn3C)C(=O)N2c2cc(Cl)c(=O)n(C)c2)cc1,6.92,1,0.0,6.92,6.92,2017,2017,1,1,O=C1c2cc[nH]c2C(c2ccccc2)N1c1ccc(=O)[nH]c1,0.0
Cc1ccc(NC(=O)c2ccc3c(c2)nc(NCCCCNC(=O)OC(C)C)c2nnc(C)n23)c(N)c1,7.51,1,0.0,7.51,7.51,2021,2021,1,1,O=C(Nc1ccccc1)c1ccc2c(c1)ncc1nncn12,0.0
Cc1ccc(Nc2nc(NC3CCN(C)CC3)nc3sccc23)cc1NS(=O)(=O)C(C)(C)C,6.69,1,0.0,6.69,6.69,2022,2022,1,1,c1ccc(Nc2nc(NC3CCNCC3)nc3sccc23)cc1,0.0
Cc1ccc(Nc2nc(NC3CCNCC3)nc3sccc23)cc1NS(=O)(=O)C(C)(C)C,6.5,1,0.0,6.5,6.5,2022,2022,1,1,c1ccc(Nc2nc(NC3CCNCC3)nc3sccc23)cc1,0.0
Cc1ccc(Nc2nc(Nc3ccc(C(=O)NC4CCN(C)CC4)c(F)c3)ncc2C)cc1S(=O)(=O)NC1CCC1,7.27,1,0.0,7.27,7.27,2023,2023,1,1,O=C(NC1CCNCC1)c1ccc(Nc2nccc(Nc3cccc(S(=O)(=O)NC4CCC4)c3)n2)cc1,0.0
Cc1ccc(Nc2nc(Nc3ccc(C4CCN(C)CC4)cc3)ncc2C)cc1S(=O)(=O)NC1CCC1,7.24,1,0.0,7.24,7.24,2023,2023,1,1,O=S(=O)(NC1CCC1)c1cccc(Nc2ccnc(Nc3ccc(C4CCNCC4)cc3)n2)c1,0.0
Cc1ccc(Nc2nc(Nc3ccc(N4CCN(C)CC4)c(F)c3)ncc2C)cc1S(=O)(=O)NC1CCC1,6.92,1,0.0,6.92,6.92,2023,2023,1,1,O=S(=O)(NC1CCC1)c1cccc(Nc2ccnc(Nc3ccc(N4CCNCC4)cc3)n2)c1,0.0
Cc1ccc(Nc2nc(Nc3ccc(N4CCN(C)CC4)cc3)nc3ccccc23)cc1NS(=O)(=O)C(C)(C)C,6.140000000000001,2,0.2687005768508883,5.95,6.33,2022,2022,1,2,c1ccc(Nc2nc(Nc3ccc(N4CCNCC4)cc3)nc3ccccc23)cc1,0.3799999999999999
Cc1ccc(Nc2nc(Nc3ccc(N4CCN(C)CC4)cc3)nc3ccccc23)cc1S(=O)(=O)NC(C)(C)C,6.7,1,0.0,6.7,6.7,2023,2023,1,1,c1ccc(Nc2nc(Nc3ccc(N4CCNCC4)cc3)nc3ccccc23)cc1,0.0
Cc1ccc(Nc2nc(Nc3ccc(N4CCN(C)CC4)cc3)ncc2C)cc1NS(=O)(=O)C(C)(C)C,7.75,1,0.0,7.75,7.75,2023,2023,1,1,c1ccc(Nc2ccnc(Nc3ccc(N4CCNCC4)cc3)n2)cc1,0.0
Cc1ccc(Nc2nc(Nc3ccc(N4CCN(C)CC4)cc3)ncc2C)cc1S(=O)(=O)NC(C)(C)C,7.52,1,0.0,7.52,7.52,2023,2023,1,1,c1ccc(Nc2ccnc(Nc3ccc(N4CCNCC4)cc3)n2)cc1,0.0
Cc1ccc(Nc2nc(Nc3ccc(N4CCN(C)CC4)cc3)ncc2C)cc1S(=O)(=O)NC1CCC1,6.89,1,0.0,6.89,6.89,2023,2023,1,1,O=S(=O)(NC1CCC1)c1cccc(Nc2ccnc(Nc3ccc(N4CCNCC4)cc3)n2)c1,0.0
Cc1ccc(S(=O)(=O)Nc2ccc3c(c2)CCC(=O)N3C)s1,5.28,1,0.0,5.28,5.28,2017,2017,1,1,O=C1CCc2cc(NS(=O)(=O)c3cccs3)ccc2N1,0.0
Cc1ccc(S(=O)(=O)Nc2ccc3c(c2)CN(C)C(=O)N3)cc1,6.41,1,0.0,6.41,6.41,2012,2012,1,1,O=C1NCc2cc(NS(=O)(=O)c3ccccc3)ccc2N1,0.0
Cc1ccc(S(=O)(=O)n2ccc3c(-c4ccc5ccn(S(=O)(=O)c6ccc(Cl)cc6)c5n4)cn(C)c(=O)c32)cc1,8.29,2,0.4384062043356595,7.98,8.6,2022,2022,1,2,O=c1[nH]cc(-c2ccc3ccn(S(=O)(=O)c4ccccc4)c3n2)c2ccn(S(=O)(=O)c3ccccc3)c12,0.6199999999999992
Cc1ccc(S(=O)(=O)n2ccc3c(-c4cnc5[nH]c(=O)n(Cc6ccc(Cl)cc6)c5c4)cn(C)c(=O)c32)cc1,7.24,2,0.38183766184073537,6.97,7.51,2022,2022,1,2,O=c1[nH]cc(-c2cnc3[nH]c(=O)n(Cc4ccccc4)c3c2)c2ccn(S(=O)(=O)c3ccccc3)c12,0.54
Cc1ccc(S(=O)(=O)n2ccc3c(-c4cnc5cc(C)n(Cc6c(Cl)cccc6Cl)c5c4)cn(C)c(=O)c32)cc1,8.4,2,0.3676955262170044,8.14,8.66,2022,2022,1,2,O=c1[nH]cc(-c2cnc3ccn(Cc4ccccc4)c3c2)c2ccn(S(=O)(=O)c3ccccc3)c12,0.5199999999999996
Cc1ccc(S(=O)(=O)n2ccc3c(-c4cnc5ccn(Cc6c(Cl)cccc6Cl)c5c4)cn(C)c(=O)c32)cc1,8.18,2,0.5091168824543134,7.82,8.54,2022,2022,1,2,O=c1[nH]cc(-c2cnc3ccn(Cc4ccccc4)c3c2)c2ccn(S(=O)(=O)c3ccccc3)c12,0.7199999999999989
Cc1ccc(S(=O)(=O)n2ccc3c(-c4cnc5cnn(Cc6ccc(Cl)cc6)c5c4)cn(C)c(=O)c32)cc1,7.885,2,0.30405591591021525,7.67,8.1,2022,2022,1,2,O=c1[nH]cc(-c2cnc3cnn(Cc4ccccc4)c3c2)c2ccn(S(=O)(=O)c3ccccc3)c12,0.4299999999999997
Cc1ccc2[nH]c(-c3ccc4c(c3)nc(NCCCCNC(=O)OC(C)(C)C)c3nnc(C)n34)nc2c1,7.17,1,0.0,7.17,7.17,2021,2021,1,1,c1ccc2[nH]c(-c3ccc4c(c3)ncc3nncn34)nc2c1,0.0
Cc1ccc2c(=O)n(C)cc(-c3cccc(NS(C)(=O)=O)c3)c2c1,6.82,1,0.0,6.82,6.82,2018,2018,1,1,O=c1[nH]cc(-c2ccccc2)c2ccccc12,0.0
Cc1ccc2c(Cn3cnc(F)c3)ccc(OC(=O)OC(C)(C)C)c2n1,7.34,1,0.0,7.34,7.34,2019,2019,1,1,c1cc(Cn2ccnc2)c2cccnc2c1,0.0
Cc1ccc2c(c1)-n1c(C)nnc1C(NC(=O)OCc1ccccc1)N=C2c1ccccc1,5.8,1,0.0,5.8,5.8,2013,2013,1,1,O=C(NC1N=C(c2ccccc2)c2ccccc2-n2cnnc21)OCc1ccccc1,0.0
Cc1ccc2c(c1)NC(=O)C[C@@H](C)O2,4.74,1,0.0,4.74,4.74,2019,2019,1,1,O=C1CCOc2ccccc2N1,0.0
Cc1ccc2cc(-c3ccn(C)n3)ncc2c1-c1nc(C2CCOCC2)n2c1CN(C)C(=O)C2C,7.57,1,0.0,7.57,7.57,2021,2021,1,1,O=C1Cn2c(C3CCOCC3)nc(-c3cccc4cc(-c5cc[nH]n5)ncc34)c2CN1,0.0
Cc1ccc2cc(-c3cnc(C)s3)nc(-c3nc(C4CCOCC4)n4c3CN(C)C(=O)[C@@H]4C)c2c1,8.1,1,0.0,8.1,8.1,2021,2021,1,1,O=C1Cn2c(C3CCOCC3)nc(-c3nc(-c4cncs4)cc4ccccc34)c2CN1,0.0
Cc1ccc2cc(-c3cnc(C)s3)nc(-c3nc(C4CCOCC4)n4c3CN(C)C(=O)[C@H]4C)c2c1,6.52,1,0.0,6.52,6.52,2021,2021,1,1,O=C1Cn2c(C3CCOCC3)nc(-c3nc(-c4cncs4)cc4ccccc34)c2CN1,0.0
Cc1ccc2cc(-c3cnn(C)c3)ncc2c1-c1nc(C2CCOCC2)n2c1CN(C)C(=O)C2C,5.5,1,0.0,5.5,5.5,2021,2021,1,1,O=C1Cn2c(C3CCOCC3)nc(-c3cccc4cc(-c5cn[nH]c5)ncc34)c2CN1,0.0
Cc1ccc2nc(-c3ccc(-c4c(C)noc4C)cc3)c(NC(C)(C)C)n2c1,5.5,1,0.0,5.5,5.5,2014,2014,1,1,c1ccn2cc(-c3ccc(-c4cnoc4)cc3)nc2c1,0.0
Cc1ccc2nc(-c3cn4c(C)nnc4c(NC(C)C)n3)n(Cc3ccccn3)c2c1,7.82,1,0.0,7.82,7.82,2019,2019,1,1,c1ccc(Cn2c(-c3cn4cnnc4cn3)nc3ccccc32)nc1,0.0
Cc1ccc2nc(NCCCCNC(=O)C(C)(C)C)c3nnc(C)n3c2c1,7.25,1,0.0,7.25,7.25,2021,2021,1,1,c1ccc2c(c1)ncc1nncn12,0.0
Cc1ccc2nc(NCCCCNC(=O)NC(C)(C)C)c3nnc(C)n3c2c1,7.14,1,0.0,7.14,7.14,2021,2021,1,1,c1ccc2c(c1)ncc1nncn12,0.0
Cc1ccc2nc(NCCCCNC(=O)Nc3ccccc3)c3nnc(C)n3c2c1,7.14,1,0.0,7.14,7.14,2021,2021,1,1,O=C(NCCCCNc1nc2ccccc2n2cnnc12)Nc1ccccc1,0.0
Cc1ccc2nc(NCCCCNC(=O)OC(C)(C)C)c3nnc(C)n3c2c1,7.16,1,0.0,7.16,7.16,2021,2021,1,1,c1ccc2c(c1)ncc1nncn12,0.0
Cc1ccc2nc(NCCCCNC(=O)c3ccccc3)c3nnc(C)n3c2c1,7.4,1,0.0,7.4,7.4,2021,2021,1,1,O=C(NCCCCNc1nc2ccccc2n2cnnc12)c1ccccc1,0.0
Cc1ccc2ncccc2c1-c1cc(-c2c(C)noc2C)cc2[nH]c(-c3cnn(C)c3)nc12,6.98,6,0.45148643390471876,6.88,7.8,2016,2016,1,6,c1cc(-c2cc(-c3cnoc3)cc3[nH]c(-c4cn[nH]c4)nc23)c2cccnc2c1,0.9199999999999999
Cc1ccc2ncccc2c1-c1cc(-c2c(C)noc2C)cc2[nH]c(C(F)(F)F)nc12,6.99,6,0.2552384506038748,6.88,7.42,2016,2016,1,6,c1cc(-c2cc(-c3cnoc3)cc3[nH]cnc23)c2cccnc2c1,0.54
Cc1ccc2ncccc2c1-c1cc(-c2c(C)noc2C)cc2[nH]c(C(O)CCO)nc12,6.82,6,0.22366641828103462,6.42,6.88,2016,2016,1,6,c1cc(-c2cc(-c3cnoc3)cc3[nH]cnc23)c2cccnc2c1,0.45999999999999996
Cc1ccc2ncccc2c1-c1cc(-c2c(C)noc2C)cc2nc(C3CC3)[nH]c12,7.11,7,0.3694590640382232,7.06,7.84,2016,2019,2,7,c1cc(-c2cc(-c3cnoc3)cc3nc(C4CC4)[nH]c23)c2cccnc2c1,0.7800000000000002
Cc1ccc2ncccc2c1-c1cc(-c2c(C)noc2C)cc2nc(C3CC3)n(C)c12,7.01,6,0.3830752754572744,6.95,7.72,2016,2016,1,6,c1cc(-c2cc(-c3cnoc3)cc3nc(C4CC4)[nH]c23)c2cccnc2c1,0.7699999999999996
Cc1cccc(-c2cn(C)c(=O)c3[nH]c(C(=O)NCc4ccc(C(=O)Nc5ccccc5N)cc4)cc23)c1,7.130000000000001,2,0.21213203435596445,6.98,7.28,2021,2021,1,2,O=C(Nc1ccccc1)c1ccc(CNC(=O)c2cc3c(-c4ccccc4)c[nH]c(=O)c3[nH]2)cc1,0.2999999999999998
Cc1cccc(-c2cnc(NC3CCN(CCCN)CC3)c3[nH]c(=O)c(C)cc23)c1,5.7,1,0.0,5.7,5.7,2021,2021,1,1,O=c1ccc2c(-c3ccccc3)cnc(NC3CCNCC3)c2[nH]1,0.0
Cc1cccc(/C=C/c2cccc3c2N[C@H](C)CC(=O)N3)c1,5.46,1,0.0,5.46,5.46,2019,2019,1,1,O=C1CCNc2c(C=Cc3ccccc3)cccc2N1,0.0
Cc1cccc(C(O)(c2cc(-c3c(C)noc3C)cc3[nH]c(C4CC4)nc23)C2CCCO2)n1,8.495000000000001,4,0.08660254037844373,8.42,8.57,2016,2016,1,4,c1ccc(C(c2cc(-c3cnoc3)cc3[nH]c(C4CC4)nc23)C2CCCO2)nc1,0.15000000000000036
Cc1cccc(C)c1C(=O)NCCCCNc1nc2ccccc2n2c(C)nnc12,7.24,1,0.0,7.24,7.24,2021,2021,1,1,O=C(NCCCCNc1nc2ccccc2n2cnnc12)c1ccccc1,0.0
Cc1cccc(C)c1Oc1ccc(NC(=O)/C=C/CN(C)C)cc1-c1cn(C)c(=O)c2ccccc12,6.12,1,0.0,6.12,6.12,2021,2021,1,1,O=c1[nH]cc(-c2ccccc2Oc2ccccc2)c2ccccc12,0.0
Cc1cccc(C)c1Oc1cccc(-c2c(C)nnn2C2CCNCC2)n1,4.675000000000001,2,0.03535533905932694,4.65,4.7,2021,2021,1,2,c1ccc(Oc2cccc(-c3cnnn3C3CCNCC3)n2)cc1,0.04999999999999982
Cc1cccc(Cn2c(-c3cn4c(C)nnc4c(NC(C)C)n3)nc3cnc(N4CCOCC4)cc32)n1,7.77,1,0.0,7.77,7.77,2019,2019,1,1,c1ccc(Cn2c(-c3cn4cnnc4cn3)nc3cnc(N4CCOCC4)cc32)nc1,0.0
Cc1cccc(NC(=O)Nc2cccc(-c3csc4c(=O)cc(N5CCOCC5)oc34)c2)c1,6.045,2,0.2050609665440985,5.9,6.19,2016,2016,1,2,O=C(Nc1ccccc1)Nc1cccc(-c2csc3c(=O)cc(N4CCOCC4)oc23)c1,0.29000000000000004
Cc1cccc(Oc2nccc(-c3c(-c4ccc(I)cc4)ncn3C3CCNCC3)n2)c1,6.3,1,0.0,6.3,6.3,2022,2022,1,1,c1ccc(Oc2nccc(-c3c(-c4ccccc4)ncn3C3CCNCC3)n2)cc1,0.0
Cc1cccc2c1C(c1ccc(Cl)cc1)=N[C@@H](CC(N)=O)c1onc(C)c1-2,7.89,1,0.0,7.89,7.89,2016,2016,1,1,c1ccc(C2=NCc3oncc3-c3ccccc32)cc1,0.0
Cc1cccc2c1O[C@H](C)CC(=O)N2,5.13,1,0.0,5.13,5.13,2019,2019,1,1,O=C1CCOc2ccccc2N1,0.0
Cc1ccccc1-c1cn(C)c(=O)c2[nH]c(C(=O)NCc3ccc(C(=O)Nc4ccccc4N)cc3)cc12,6.88,2,0.0707106781186545,6.83,6.93,2021,2021,1,2,O=C(Nc1ccccc1)c1ccc(CNC(=O)c2cc3c(-c4ccccc4)c[nH]c(=O)c3[nH]2)cc1,0.09999999999999964
Cc1ccccc1-c1cn(C)c(=O)c2ccccc12,5.56,1,0.0,5.56,5.56,2018,2018,1,1,O=c1[nH]cc(-c2ccccc2)c2ccccc12,0.0
Cc1ccccc1C(C1CCOCC1)n1c2cc(-c3c(C)noc3C)cnc2c2c1c(C(C)(C)O)nn2C,9.0,1,0.0,9.0,9.0,2022,2022,1,1,c1ccc(C(C2CCOCC2)n2c3cc(-c4cnoc4)cnc3c3[nH]ncc32)cc1,0.0
Cc1ccccc1C1(O)C(=O)Nc2ccc(-c3c(C)noc3C)cc21,6.24,2,0.0,6.24,6.24,2016,2016,1,2,O=C1Nc2ccc(-c3cnoc3)cc2C1c1ccccc1,0.0
Cc1ccccc1Oc1ccc(NS(C)(=O)=O)cc1-c1cc(C)c2c(=O)[nH]ccn12,6.92,1,0.0,6.92,6.92,2022,2022,1,1,O=c1[nH]ccn2c(-c3ccccc3Oc3ccccc3)ccc12,0.0
Cc1ccccc1Oc1ccc(NS(C)(=O)=O)cc1-c1ccc2[nH]c(=O)c(C)nc2c1,5.67,1,0.0,5.67,5.67,2023,2023,1,1,O=c1cnc2cc(-c3ccccc3Oc3ccccc3)ccc2[nH]1,0.0
Cc1ccccc1S(=O)(=O)Nc1ccc2c(c1)CN(C)C(=O)N2,6.66,1,0.0,6.66,6.66,2012,2012,1,1,O=C1NCc2cc(NS(=O)(=O)c3ccccc3)ccc2N1,0.0
Cc1cccnc1C(C1CCOCC1)n1c2cc(-c3c(C)nnn3C)cnc2c2c1c(C(C)(C)O)nn2C,9.23,1,0.0,9.23,9.23,2022,2022,1,1,c1ccc(C(C2CCOCC2)n2c3cc(-c4cnn[nH]4)cnc3c3[nH]ncc32)nc1,0.0
Cc1cccnc1C(C1CCOCC1)n1c2cc(-c3c(C)noc3C)cnc2c2c1c(C(C)(C)O)nn2C,7.92,1,0.0,7.92,7.92,2022,2022,1,1,c1ccc(C(C2CCOCC2)n2c3cc(-c4cnoc4)cnc3c3[nH]ncc32)nc1,0.0
Cc1cccnc1C(CCC(F)(F)F)n1c2cc(-c3c(C)nnn3C)cnc2c2c1c(C(C)(C)O)nn2C,8.89,1,0.0,8.89,8.89,2022,2022,1,1,c1ccc(Cn2c3cc(-c4cnn[nH]4)cnc3c3[nH]ncc32)nc1,0.0
Cc1ccn(-c2cc3cccc(-c4nc(C5CC5)n5c4CN(C)C(=O)C5C)c3cn2)n1,8.52,1,0.0,8.52,8.52,2021,2021,1,1,O=C1Cn2c(C3CC3)nc(-c3cccc4cc(-n5cccn5)ncc34)c2CN1,0.0
Cc1ccnc(C)c1-c1cc(-c2c(C)noc2C)cc2[nH]cnc12,6.56,6,0.14541893503483866,6.32,6.63,2016,2016,1,6,c1cncc(-c2cc(-c3cnoc3)cc3[nH]cnc23)c1,0.3099999999999996
Cc1ccnc(C)c1-c1cc(-c2c(C)noc2C)cc2nc(C3CC3)[nH]c12,7.26,6,0.3094511269974633,6.96,7.65,2016,2016,1,6,c1cncc(-c2cc(-c3cnoc3)cc3nc(C4CC4)[nH]c23)c1,0.6900000000000004
Cc1ccsc1C1(O)C(=O)Nc2ccc(-c3c(C)noc3C)cc21,6.25,2,0.0,6.25,6.25,2016,2016,1,2,O=C1Nc2ccc(-c3cnoc3)cc2C1c1cccs1,0.0
Cc1cn(-c2cc3ccc(F)c(-c4nc(C5CCOCC5)n5c4CN(C)C(=O)[C@@H]5C)c3cn2)cn1,8.22,1,0.0,8.22,8.22,2021,2021,1,1,O=C1Cn2c(C3CCOCC3)nc(-c3cccc4cc(-n5ccnc5)ncc34)c2CN1,0.0
Cc1cn(-c2cc3ccc(F)c(-c4nc(C5CCOCC5)n5c4CN(C)C(=O)[C@H]5C)c3cn2)cn1,5.79,1,0.0,5.79,5.79,2021,2021,1,1,O=C1Cn2c(C3CCOCC3)nc(-c3cccc4cc(-n5ccnc5)ncc34)c2CN1,0.0
Cc1cn(-c2cc3cccc(-c4nc(C5CC5)n5c4CN(C)C(=O)C5C)c3cn2)cn1,8.7,1,0.0,8.7,8.7,2021,2021,1,1,O=C1Cn2c(C3CC3)nc(-c3cccc4cc(-n5ccnc5)ncc34)c2CN1,0.0
Cc1cn(-c2cc3cccc(-c4nc(C5CC5)n5c4CN(C)C(=O)C5C)c3cn2)nc1C,8.7,1,0.0,8.7,8.7,2021,2021,1,1,O=C1Cn2c(C3CC3)nc(-c3cccc4cc(-n5cccn5)ncc34)c2CN1,0.0
Cc1cn(-c2cc3cccc(-c4nc(C5CCOCC5)n5c4CN(C)C(=O)[C@@H]5C)c3cn2)cn1,6.43,1,0.0,6.43,6.43,2021,2021,1,1,O=C1Cn2c(C3CCOCC3)nc(-c3cccc4cc(-n5ccnc5)ncc34)c2CN1,0.0
Cc1cn(-c2cc3cccc(-c4nc(C5CCOCC5)n5c4CN(C)C(=O)[C@H]5C)c3cn2)cn1,9.0,1,0.0,9.0,9.0,2021,2021,1,1,O=C1Cn2c(C3CCOCC3)nc(-c3cccc4cc(-n5ccnc5)ncc34)c2CN1,0.0
Cc1cn(-c2nc3cccc(-c4nc(C5CC5)n5c4CN(C)C(=O)C5C)c3cc2C(F)F)cn1,8.4,1,0.0,8.4,8.4,2021,2021,1,1,O=C1Cn2c(C3CC3)nc(-c3cccc4nc(-n5ccnc5)ccc34)c2CN1,0.0
Cc1cn(-c2nc3cccc(-c4nc(C5CC5)n5c4CN(C)C(=O)C5C)c3cc2C(F)F)nn1,8.52,1,0.0,8.52,8.52,2021,2021,1,1,O=C1Cn2c(C3CC3)nc(-c3cccc4nc(-n5ccnn5)ccc34)c2CN1,0.0
Cc1cn(C(=O)N(C)C)c2c1C(=O)N(c1cc(C)c3nnc(C)n3c1)C2c1ccc(Cl)cc1,7.48,1,0.0,7.48,7.48,2017,2017,1,1,O=C1c2cc[nH]c2C(c2ccccc2)N1c1ccc2nncn2c1,0.0
Cc1cn(C)c2c1C(=O)N(c1cc(C)c(=O)n(C)c1)C2c1ccc(Cl)cc1,7.37,1,0.0,7.37,7.37,2017,2017,1,1,O=C1c2cc[nH]c2C(c2ccccc2)N1c1ccc(=O)[nH]c1,0.0
Cc1cn(C)c2c1C(=O)N(c1cc(C)c3nnc(C(F)F)n3c1)C2c1ccc(Cl)cc1,7.77,1,0.0,7.77,7.77,2017,2017,1,1,O=C1c2cc[nH]c2C(c2ccccc2)N1c1ccc2nncn2c1,0.0
Cc1cn(C)c2c1C(=O)N(c1cc(C)c3nnc(C)n3c1)C2c1ccc(Cl)cc1,7.51,1,0.0,7.51,7.51,2017,2017,1,1,O=C1c2cc[nH]c2C(c2ccccc2)N1c1ccc2nncn2c1,0.0
Cc1cn(C)c2c1C(=O)N(c1cc(C)c3nnn(C)c3c1)C2c1ccc(Cl)cc1,7.8,1,0.0,7.8,7.8,2017,2017,1,1,O=C1c2cc[nH]c2C(c2ccccc2)N1c1ccc2nn[nH]c2c1,0.0
Cc1cn(C)c2c1C(=O)N(c1cc(C)c3nnn(C)c3n1)C2c1ccc(Cl)cc1,6.96,1,0.0,6.96,6.96,2017,2017,1,1,O=C1c2cc[nH]c2C(c2ccccc2)N1c1ccc2nn[nH]c2n1,0.0
Cc1cn(C2CCN(C)C2=O)c2c1C(=O)N(c1cc(C)c3nnc(C)n3c1)C2c1ccc(Cl)cc1,7.37,1,0.0,7.37,7.37,2017,2017,1,1,O=C1NCCC1n1ccc2c1C(c1ccccc1)N(c1ccc3nncn3c1)C2=O,0.0
Cc1cn(C2CN(C)C2)c2c1C(=O)N(c1cc(C)c3nnc(C)n3c1)C2c1ccc(Cl)cc1,7.62,1,0.0,7.62,7.62,2017,2017,1,1,O=C1c2ccn(C3CNC3)c2C(c2ccccc2)N1c1ccc2nncn2c1,0.0
Cc1cn(C2CN(C)C2)c2c1C(=O)N(c1cc(C)c3nnn(C)c3n1)C2c1ccc(Cl)cc1,7.8,1,0.0,7.8,7.8,2017,2017,1,1,O=C1c2ccn(C3CNC3)c2C(c2ccccc2)N1c1ccc2nn[nH]c2n1,0.0
Cc1cn(C2COC2)c2c1C(=O)N(c1cc(C)c3nnc(C)n3c1)C2c1ccc(Cl)cc1,7.77,1,0.0,7.77,7.77,2017,2017,1,1,O=C1c2ccn(C3COC3)c2C(c2ccccc2)N1c1ccc2nncn2c1,0.0
Cc1cn(CC(=O)N(C)C)c2c1C(=O)N(c1cc(C)c3nnc(C)n3c1)C2c1ccc(Cl)cc1,7.27,1,0.0,7.27,7.27,2017,2017,1,1,O=C1c2cc[nH]c2C(c2ccccc2)N1c1ccc2nncn2c1,0.0
Cc1cn(CCN(C)C)c2c1C(=O)N(c1cc(C)c3nnc(C)n3c1)C2c1ccc(Cl)cc1,7.35,1,0.0,7.35,7.35,2017,2017,1,1,O=C1c2cc[nH]c2C(c2ccccc2)N1c1ccc2nncn2c1,0.0
Cc1cn(CCO)c2c1C(=O)N(c1cc(C)c3nnc(C)n3c1)C2c1ccc(Cl)cc1,7.66,1,0.0,7.66,7.66,2017,2017,1,1,O=C1c2cc[nH]c2C(c2ccccc2)N1c1ccc2nncn2c1,0.0
Cc1cn(Cc2cc(F)cc(F)c2)c2cc(C3=CN(C)C(=O)C4NC=CC34)ccc12,6.38,1,0.0,6.38,6.38,2022,2022,1,1,O=C1NC=C(c2ccc3ccn(Cc4ccccc4)c3c2)C2C=CNC12,0.0
Cc1cn(Cc2ccccc2)c2cc(C3=CN(C)C(=O)C4NC=CC34)ccc12,6.29,1,0.0,6.29,6.29,2022,2022,1,1,O=C1NC=C(c2ccc3ccn(Cc4ccccc4)c3c2)C2C=CNC12,0.0
Cc1cnc(NC2CCN(C)CC2)nc1Nc1cccc(NS(=O)(=O)C(C)(C)C)c1,5.87,1,0.0,5.87,5.87,2022,2022,1,1,c1ccc(Nc2ccnc(NC3CCNCC3)n2)cc1,0.0
Cc1cnc(Nc2cc(F)c(N3CCN(C)CC3)c(F)c2)nc1Nc1ccc(Cl)c(NS(=O)(=O)C(C)(C)C)c1,8.48,1,0.0,8.48,8.48,2023,2023,1,1,c1ccc(Nc2ccnc(Nc3ccc(N4CCNCC4)cc3)n2)cc1,0.0
Cc1cnc(Nc2cc(F)c(N3CCN(C)CC3)c(F)c2)nc1Nc1ccc(Cl)c(NS(=O)(=O)C2(C)CC2)c1,8.07,1,0.0,8.07,8.07,2023,2023,1,1,O=S(=O)(Nc1cccc(Nc2ccnc(Nc3ccc(N4CCNCC4)cc3)n2)c1)C1CC1,0.0
Cc1cnc(Nc2cc(F)c(N3CCN(C)CC3)c(F)c2)nc1Nc1cccc(NS(=O)(=O)C(C)(C)C)c1,4.89,1,0.0,4.89,4.89,2023,2023,1,1,c1ccc(Nc2ccnc(Nc3ccc(N4CCNCC4)cc3)n2)cc1,0.0
Cc1cnc(Nc2ccc(/C=C/C(=O)NO)cc2)nc1Nc1ccc(Cl)c(NS(=O)(=O)C(C)(C)C)c1,5.89,1,0.0,5.89,5.89,2023,2023,1,1,c1ccc(Nc2ccnc(Nc3ccccc3)n2)cc1,0.0
Cc1cnc(Nc2ccc(C(=O)NC3CCN(C)CC3)c(F)c2)nc1Nc1ccc(Cl)c(NS(=O)(=O)C(C)(C)C)c1,8.89,3,0.5022947341949747,8.02,8.89,2023,2023,1,1,O=C(NC1CCNCC1)c1ccc(Nc2nccc(Nc3ccccc3)n2)cc1,0.870000000000001
Cc1cnc(Nc2ccc(C(=O)NC3CCN(C)CC3)c(F)c2)nc1Nc1ccc(Cl)c(NS(=O)(=O)C2(C)CC2)c1,7.68,1,0.0,7.68,7.68,2023,2023,1,1,O=C(NC1CCNCC1)c1ccc(Nc2nccc(Nc3cccc(NS(=O)(=O)C4CC4)c3)n2)cc1,0.0
Cc1cnc(Nc2ccc(C(=O)NC3CCN(C)CC3)c(F)c2)nc1Nc1ccc2c(c1)N(S(=O)(=O)C(C)(C)C)CC2,7.52,3,0.5056678751908219,7.06,8.07,2022,2023,2,3,O=C(NC1CCNCC1)c1ccc(Nc2nccc(Nc3ccc4c(c3)NCC4)n2)cc1,1.0100000000000007
Cc1cnc(Nc2ccc(C(=O)NC3CCN(C)CC3)c(F)c2)nc1Nc1ccc2c(c1)N(S(=O)(=O)C(C)(C)C)CCC2,7.81,1,0.0,7.81,7.81,2023,2023,1,1,O=C(NC1CCNCC1)c1ccc(Nc2nccc(Nc3ccc4c(c3)NCCC4)n2)cc1,0.0
Cc1cnc(Nc2ccc(C(=O)NC3CCN(C)CC3)cc2)nc1Nc1ccc(Cl)c(NS(=O)(=O)C(C)(C)C)c1,8.21,1,0.0,8.21,8.21,2023,2023,1,1,O=C(NC1CCNCC1)c1ccc(Nc2nccc(Nc3ccccc3)n2)cc1,0.0
Cc1cnc(Nc2ccc(C(=O)NC3CCN(C)CC3)cc2)nc1Nc1cccc(NS(=O)(=O)C(C)(C)C)c1,7.21,1,0.0,7.21,7.21,2023,2023,1,1,O=C(NC1CCNCC1)c1ccc(Nc2nccc(Nc3ccccc3)n2)cc1,0.0
Cc1cnc(Nc2ccc(C(=O)NO)cc2)nc1Nc1ccc(Cl)c(NS(=O)(=O)C(C)(C)C)c1,6.39,1,0.0,6.39,6.39,2023,2023,1,1,c1ccc(Nc2ccnc(Nc3ccccc3)n2)cc1,0.0
Cc1cnc(Nc2ccc(C(=O)Nc3ccccc3N)cc2)nc1Nc1ccc(Cl)c(NS(=O)(=O)C(C)(C)C)c1,5.53,1,0.0,5.53,5.53,2023,2023,1,1,O=C(Nc1ccccc1)c1ccc(Nc2nccc(Nc3ccccc3)n2)cc1,0.0
Cc1cnc(Nc2ccc(C3CCN(C)CC3)cc2)nc1Nc1ccc(Cl)c(NS(=O)(=O)C(C)(C)C)c1,8.13,1,0.0,8.13,8.13,2023,2023,1,1,c1ccc(Nc2ccnc(Nc3ccc(C4CCNCC4)cc3)n2)cc1,0.0
Cc1cnc(Nc2ccc(C3CCN(C)CC3)cc2)nc1Nc1cccc(NS(=O)(=O)C(C)(C)C)c1,7.21,1,0.0,7.21,7.21,2023,2023,1,1,c1ccc(Nc2ccnc(Nc3ccc(C4CCNCC4)cc3)n2)cc1,0.0
Cc1cnc(Nc2ccc(CC(=O)N3CCN(C)CC3)cc2)nc1Nc1ccc(C(=O)NC2CC2)cc1,6.96,1,0.0,6.96,6.96,2023,2023,1,1,O=C(NC1CC1)c1ccc(Nc2ccnc(Nc3ccc(CC(=O)N4CCNCC4)cc3)n2)cc1,0.0
Cc1cnc(Nc2ccc(CC(=O)N3CCN(C)CC3)cc2)nc1Nc1ccc(Cl)c(Cl)c1,6.24,1,0.0,6.24,6.24,2023,2023,1,1,O=C(Cc1ccc(Nc2nccc(Nc3ccccc3)n2)cc1)N1CCNCC1,0.0
Cc1cnc(Nc2ccc(CC(=O)N3CCN(C)CC3)cc2)nc1Nc1ccc(Cl)c(NS(=O)(=O)C(C)(C)C)c1,7.92,1,0.0,7.92,7.92,2023,2023,1,1,O=C(Cc1ccc(Nc2nccc(Nc3ccccc3)n2)cc1)N1CCNCC1,0.0
Cc1cnc(Nc2ccc(CC(=O)N3CCN(C)CC3)cc2)nc1Nc1ccc(Cl)cc1,6.03,1,0.0,6.03,6.03,2023,2023,1,1,O=C(Cc1ccc(Nc2nccc(Nc3ccccc3)n2)cc1)N1CCNCC1,0.0
Cc1cnc(Nc2ccc(N3CCN(C)CC3)c(C(F)(F)F)c2)nc1Nc1ccc(Cl)c(NS(=O)(=O)C(C)(C)C)c1,5.3,1,0.0,5.3,5.3,2023,2023,1,1,c1ccc(Nc2ccnc(Nc3ccc(N4CCNCC4)cc3)n2)cc1,0.0
Cc1cnc(Nc2ccc(N3CCN(C)CC3)c(C(F)(F)F)c2)nc1Nc1cccc(NS(=O)(=O)C(C)(C)C)c1,6.89,1,0.0,6.89,6.89,2023,2023,1,1,c1ccc(Nc2ccnc(Nc3ccc(N4CCNCC4)cc3)n2)cc1,0.0
Cc1cnc(Nc2ccc(N3CCN(C)CC3)c(Cl)c2)nc1Nc1ccc(Cl)c(NS(=O)(=O)C(C)(C)C)c1,7.29,1,0.0,7.29,7.29,2023,2023,1,1,c1ccc(Nc2ccnc(Nc3ccc(N4CCNCC4)cc3)n2)cc1,0.0
Cc1cnc(Nc2ccc(N3CCN(C)CC3)c(F)c2)nc1Nc1ccc(C(=O)Nc2ccccc2N)cc1,5.74,1,0.0,5.74,5.74,2023,2023,1,1,O=C(Nc1ccccc1)c1ccc(Nc2ccnc(Nc3ccc(N4CCNCC4)cc3)n2)cc1,0.0
Cc1cnc(Nc2ccc(N3CCN(C)CC3)c(F)c2)nc1Nc1ccc(Cl)c(NS(=O)(=O)C(C)(C)C)c1,8.32,3,0.21361959960016172,7.95,8.32,2023,2023,1,1,c1ccc(Nc2ccnc(Nc3ccc(N4CCNCC4)cc3)n2)cc1,0.3700000000000001
Cc1cnc(Nc2ccc(N3CCN(C)CC3)c(F)c2)nc1Nc1ccc(Cl)c(NS(=O)(=O)CC(C)C)c1,7.13,1,0.0,7.13,7.13,2023,2023,1,1,c1ccc(Nc2ccnc(Nc3ccc(N4CCNCC4)cc3)n2)cc1,0.0
Cc1cnc(Nc2ccc(N3CCN(C)CC3)c(F)c2)nc1Nc1ccc2c(c1)N(S(=O)(=O)C(C)(C)C)CC2,6.99,4,0.5476008278542563,6.81,8.01,2022,2023,2,3,c1cc(Nc2ccc3c(c2)NCC3)nc(Nc2ccc(N3CCNCC3)cc2)n1,1.2000000000000002
Cc1cnc(Nc2ccc(N3CCN(C)CC3)c(F)c2)nc1Nc1ccc2c(c1)N(S(=O)(=O)C(C)(C)C)CCC2,7.56,1,0.0,7.56,7.56,2023,2023,1,1,c1cc(Nc2ccc3c(c2)NCCC3)nc(Nc2ccc(N3CCNCC3)cc2)n1,0.0
Cc1cnc(Nc2ccc(N3CCN(C)CC3)c(F)c2)nc1Nc1cccc(NS(=O)(=O)C(C)(C)C)c1,7.85,3,0.13856406460550966,7.61,7.85,2023,2023,1,1,c1ccc(Nc2ccnc(Nc3ccc(N4CCNCC4)cc3)n2)cc1,0.23999999999999932
Cc1cnc(Nc2ccc(N3CCN(C)CC3)c(F)c2)nc1Nc1cccc(NS(=O)(=O)C2(C)CC2)c1,5.04,1,0.0,5.04,5.04,2023,2023,1,1,O=S(=O)(Nc1cccc(Nc2ccnc(Nc3ccc(N4CCNCC4)cc3)n2)c1)C1CC1,0.0
Cc1cnc(Nc2ccc(N3CCN(C)CC3)cc2)cc1Nc1cccc(NS(=O)(=O)C(C)(C)C)c1,5.2,1,0.0,5.2,5.2,2022,2022,1,1,c1ccc(Nc2ccnc(Nc3ccc(N4CCNCC4)cc3)c2)cc1,0.0
Cc1cnc(Nc2ccc(N3CCN(C)CC3)cc2)nc1-n1ccc2c1CCNC2=O,5.24,1,0.0,5.24,5.24,2022,2022,1,1,O=C1NCCc2c1ccn2-c1ccnc(Nc2ccc(N3CCNCC3)cc2)n1,0.0
Cc1cnc(Nc2ccc(N3CCN(C)CC3)cc2)nc1Nc1cc(NS(=O)(=O)C2CC2)cc(NS(=O)(=O)C2CC2)c1,6.43,1,0.0,6.43,6.43,2023,2023,1,1,O=S(=O)(Nc1cc(Nc2ccnc(Nc3ccc(N4CCNCC4)cc3)n2)cc(NS(=O)(=O)C2CC2)c1)C1CC1,0.0
Cc1cnc(Nc2ccc(N3CCN(C)CC3)cc2)nc1Nc1ccc(C(=O)NC2CC2)cc1,6.82,1,0.0,6.82,6.82,2023,2023,1,1,O=C(NC1CC1)c1ccc(Nc2ccnc(Nc3ccc(N4CCNCC4)cc3)n2)cc1,0.0
Cc1cnc(Nc2ccc(N3CCN(C)CC3)cc2)nc1Nc1ccc(Cl)c(NS(=O)(=O)C(C)(C)C)c1,8.0,3,0.23094010767585038,7.6,8.0,2023,2023,1,1,c1ccc(Nc2ccnc(Nc3ccc(N4CCNCC4)cc3)n2)cc1,0.40000000000000036
Cc1cnc(Nc2ccc(N3CCN(C)CC3)cc2)nc1Nc1ccc(Cl)c(NS(=O)(=O)C2CC2)c1,7.0,1,0.0,7.0,7.0,2023,2023,1,1,O=S(=O)(Nc1cccc(Nc2ccnc(Nc3ccc(N4CCNCC4)cc3)n2)c1)C1CC1,0.0
Cc1cnc(Nc2ccc(N3CCN(C)CC3)cc2)nc1Nc1ccc(Cl)c(NS(=O)(=O)CC(C)C)c1,6.66,1,0.0,6.66,6.66,2023,2023,1,1,c1ccc(Nc2ccnc(Nc3ccc(N4CCNCC4)cc3)n2)cc1,0.0
Cc1cnc(Nc2ccc(N3CCN(C)CC3)cc2)nc1Nc1ccc(Cl)c(NS(=O)(=O)c2ccccc2)c1,6.02,1,0.0,6.02,6.02,2023,2023,1,1,O=S(=O)(Nc1cccc(Nc2ccnc(Nc3ccc(N4CCNCC4)cc3)n2)c1)c1ccccc1,0.0
Cc1cnc(Nc2ccc(N3CCN(C)CC3)cc2)nc1Nc1ccc(Cl)c(OC(C)C)c1,6.77,1,0.0,6.77,6.77,2023,2023,1,1,c1ccc(Nc2ccnc(Nc3ccc(N4CCNCC4)cc3)n2)cc1,0.0
Cc1cnc(Nc2ccc(N3CCN(C)CC3)cc2)nc1Nc1ccc(Cl)c(S(=O)(=O)NC(C)(C)C)c1,7.47,1,0.0,7.47,7.47,2023,2023,1,1,c1ccc(Nc2ccnc(Nc3ccc(N4CCNCC4)cc3)n2)cc1,0.0
Cc1cnc(Nc2ccc(N3CCN(C)CC3)cc2)nc1Nc1ccc(Cl)c([N+](=O)[O-])c1,5.33,1,0.0,5.33,5.33,2023,2023,1,1,c1ccc(Nc2ccnc(Nc3ccc(N4CCNCC4)cc3)n2)cc1,0.0
Cc1cnc(Nc2ccc(N3CCN(C)CC3)cc2)nc1Nc1ccc(F)c(NS(=O)(=O)C(C)(C)C)c1,7.85,1,0.0,7.85,7.85,2023,2023,1,1,c1ccc(Nc2ccnc(Nc3ccc(N4CCNCC4)cc3)n2)cc1,0.0
Cc1cnc(Nc2ccc(N3CCN(C)CC3)cc2)nc1Nc1ccc2c(c1)N(S(=O)(=O)C(C)(C)C)CC2,7.41,1,0.0,7.41,7.41,2023,2023,1,1,c1cc(Nc2ccc3c(c2)NCC3)nc(Nc2ccc(N3CCNCC3)cc2)n1,0.0
Cc1cnc(Nc2ccc(N3CCN(C)CC3)cc2)nc1Nc1ccc2c(c1)N(S(=O)(=O)C(C)(C)C)CCC2,5.06,1,0.0,5.06,5.06,2023,2023,1,1,c1cc(Nc2ccc3c(c2)NCCC3)nc(Nc2ccc(N3CCNCC3)cc2)n1,0.0
Cc1cnc(Nc2ccc(N3CCN(C)CC3)cc2)nc1Nc1ccc2c(c1)OCCO2,6.13,1,0.0,6.13,6.13,2023,2023,1,1,c1cc(Nc2ccc3c(c2)OCCO3)nc(Nc2ccc(N3CCNCC3)cc2)n1,0.0
Cc1cnc(Nc2ccc(N3CCN(C)CC3)cc2)nc1Nc1ccc2c(c1)OCO2,4.92,1,0.0,4.92,4.92,2023,2023,1,1,c1cc(Nc2ccc3c(c2)OCO3)nc(Nc2ccc(N3CCNCC3)cc2)n1,0.0
Cc1cnc(Nc2ccc(N3CCN(C)CC3)cc2)nc1Nc1cccc(C(C)(C)C)c1,5.63,1,0.0,5.63,5.63,2023,2023,1,1,c1ccc(Nc2ccnc(Nc3ccc(N4CCNCC4)cc3)n2)cc1,0.0
Cc1cnc(Nc2ccc(N3CCN(C)CC3)cc2)nc1Nc1cccc(NC(=O)C(C)(C)C)c1,5.82,1,0.0,5.82,5.82,2023,2023,1,1,c1ccc(Nc2ccnc(Nc3ccc(N4CCNCC4)cc3)n2)cc1,0.0
Cc1cnc(Nc2ccc(N3CCN(C)CC3)cc2)nc1Nc1cccc(NC(=O)C(C)C)c1,6.05,1,0.0,6.05,6.05,2023,2023,1,1,c1ccc(Nc2ccnc(Nc3ccc(N4CCNCC4)cc3)n2)cc1,0.0
Cc1cnc(Nc2ccc(N3CCN(C)CC3)cc2)nc1Nc1cccc(NC(=O)C2CC2)c1,6.2,1,0.0,6.2,6.2,2023,2023,1,1,O=C(Nc1cccc(Nc2ccnc(Nc3ccc(N4CCNCC4)cc3)n2)c1)C1CC1,0.0
Cc1cnc(Nc2ccc(N3CCN(C)CC3)cc2)nc1Nc1cccc(NC(=O)NC(C)C)c1,5.37,1,0.0,5.37,5.37,2023,2023,1,1,c1ccc(Nc2ccnc(Nc3ccc(N4CCNCC4)cc3)n2)cc1,0.0
Cc1cnc(Nc2ccc(N3CCN(C)CC3)cc2)nc1Nc1cccc(NS(=O)(=O)C(C)(C)C)c1,6.78,25,0.4191447641726345,6.5,7.99,2022,2023,2,3,c1ccc(Nc2ccnc(Nc3ccc(N4CCNCC4)cc3)n2)cc1,1.4900000000000002
Cc1cnc(Nc2ccc(N3CCN(C)CC3)cc2)nc1Nc1cccc(NS(=O)(=O)C(C)C)c1,7.18,1,0.0,7.18,7.18,2023,2023,1,1,c1ccc(Nc2ccnc(Nc3ccc(N4CCNCC4)cc3)n2)cc1,0.0
Cc1cnc(Nc2ccc(N3CCN(C)CC3)cc2)nc1Nc1cccc(NS(=O)(=O)C2(C)CC2)c1,7.17,1,0.0,7.17,7.17,2023,2023,1,1,O=S(=O)(Nc1cccc(Nc2ccnc(Nc3ccc(N4CCNCC4)cc3)n2)c1)C1CC1,0.0
Cc1cnc(Nc2ccc(N3CCN(C)CC3)cc2)nc1Nc1cccc(NS(=O)(=O)C2CC2)c1,6.89,1,0.0,6.89,6.89,2023,2023,1,1,O=S(=O)(Nc1cccc(Nc2ccnc(Nc3ccc(N4CCNCC4)cc3)n2)c1)C1CC1,0.0
Cc1cnc(Nc2ccc(N3CCN(C)CC3)cc2)nc1Nc1cccc(NS(=O)(=O)CC(C)C)c1,6.46,1,0.0,6.46,6.46,2023,2023,1,1,c1ccc(Nc2ccnc(Nc3ccc(N4CCNCC4)cc3)n2)cc1,0.0
Cc1cnc(Nc2ccc(N3CCN(C)CC3)cc2)nc1Nc1cccc(NS(=O)(=O)N(C)C)c1,5.75,1,0.0,5.75,5.75,2023,2023,1,1,c1ccc(Nc2ccnc(Nc3ccc(N4CCNCC4)cc3)n2)cc1,0.0
Cc1cnc(Nc2ccc(N3CCN(C)CC3)cc2)nc1Nc1cccc(NS(=O)(=O)c2ccccc2)c1,6.05,1,0.0,6.05,6.05,2023,2023,1,1,O=S(=O)(Nc1cccc(Nc2ccnc(Nc3ccc(N4CCNCC4)cc3)n2)c1)c1ccccc1,0.0
Cc1cnc(Nc2ccc(N3CCN(C)CC3)cc2)nc1Nc1cccc(NS(C)(=O)=O)c1,6.2,1,0.0,6.2,6.2,2023,2023,1,1,c1ccc(Nc2ccnc(Nc3ccc(N4CCNCC4)cc3)n2)cc1,0.0
Cc1cnc(Nc2ccc(N3CCN(C)CC3)cc2)nc1Nc1cccc(OC(C)C)c1,6.85,1,0.0,6.85,6.85,2023,2023,1,1,c1ccc(Nc2ccnc(Nc3ccc(N4CCNCC4)cc3)n2)cc1,0.0
Cc1cnc(Nc2ccc(N3CCN(C)CC3)cc2)nc1Nc1cccc(S(=O)(=O)NC(C)(C)C)c1,6.1850000000000005,4,0.38638279809881115,6.1,6.92,2022,2023,2,3,c1ccc(Nc2ccnc(Nc3ccc(N4CCNCC4)cc3)n2)cc1,0.8200000000000003
Cc1cnc(Nc2ccc(N3CCN(C)CC3)cc2)nc1Nc1cccc(S(=O)(=O)NC(C)(C)CO)c1,6.82,1,0.0,6.82,6.82,2023,2023,1,1,c1ccc(Nc2ccnc(Nc3ccc(N4CCNCC4)cc3)n2)cc1,0.0
Cc1cnc(Nc2ccc(N3CCN(C)CC3)cc2)nc1Nc1cccc(S(=O)(=O)NC(C)C)c1,6.68,1,0.0,6.68,6.68,2023,2023,1,1,c1ccc(Nc2ccnc(Nc3ccc(N4CCNCC4)cc3)n2)cc1,0.0
Cc1cnc(Nc2ccc(N3CCN(C)CC3)cc2)nc1Nc1cccc(S(=O)(=O)NC2CC2)c1,7.1,1,0.0,7.1,7.1,2023,2023,1,1,O=S(=O)(NC1CC1)c1cccc(Nc2ccnc(Nc3ccc(N4CCNCC4)cc3)n2)c1,0.0
Cc1cnc(Nc2ccc(N3CCN(C)CC3)cc2)nc1Nc1cccc([N+](=O)[O-])c1,5.5,1,0.0,5.5,5.5,2023,2023,1,1,c1ccc(Nc2ccnc(Nc3ccc(N4CCNCC4)cc3)n2)cc1,0.0
Cc1cnc(Nc2ccc(OCCN3CCCC3)cc2)nc1Nc1ccc(C(=O)NO)cc1,6.03,1,0.0,6.03,6.03,2023,2023,1,1,c1ccc(Nc2ccnc(Nc3ccc(OCCN4CCCC4)cc3)n2)cc1,0.0
Cc1cnc(Nc2ccc(OCCN3CCCC3)cc2)nc1Nc1ccc(C(=O)Nc2ccccc2N)cc1,5.71,1,0.0,5.71,5.71,2023,2023,1,1,O=C(Nc1ccccc1)c1ccc(Nc2ccnc(Nc3ccc(OCCN4CCCC4)cc3)n2)cc1,0.0
Cc1cnc(Nc2ccc(OCCN3CCCC3)cc2)nc1Nc1cccc(NS(=O)(=O)C(C)(C)C)c1,6.38,3,0.01732050807568898,6.35,6.38,2022,2022,1,2,c1ccc(Nc2ccnc(Nc3ccc(OCCN4CCCC4)cc3)n2)cc1,0.03000000000000025
Cc1cnc(Nc2ccc(OCCN3CCCC3)cc2)nc1Nc1cccc(S(=O)(=O)NC(C)(C)C)c1,6.04,1,0.0,6.04,6.04,2023,2023,1,1,c1ccc(Nc2ccnc(Nc3ccc(OCCN4CCCC4)cc3)n2)cc1,0.0
Cc1cnc2c(c1)nc(-c1cc(C)c(=O)n(C)c1)n2Cc1ccccc1,7.16,2,0.0,7.16,7.16,2016,2016,1,2,O=c1ccc(-c2nc3cccnc3n2Cc2ccccc2)c[nH]1,0.0
Cc1cncc(-c2cnc(NC3CCN(C)CC3)c3[nH]c(=O)c(C)cc23)c1,5.7,1,0.0,5.7,5.7,2021,2021,1,1,O=c1ccc2c(-c3cccnc3)cnc(NC3CCNCC3)c2[nH]1,0.0
Cc1cncc(-c2cnc(NC3CCN(CCCN)CC3)c3[nH]c(=O)c(C)cc23)c1,5.6,1,0.0,5.6,5.6,2021,2021,1,1,O=c1ccc2c(-c3cccnc3)cnc(NC3CCNCC3)c2[nH]1,0.0
Cc1cncc(-c2cnc(NC3CCN(CCN)CC3)c3[nH]c(=O)c(C)cc23)c1,5.2,1,0.0,5.2,5.2,2021,2021,1,1,O=c1ccc2c(-c3cccnc3)cnc(NC3CCNCC3)c2[nH]1,0.0
Cc1cncc(-c2cnc(NC3CCN(CCO)CC3)c3[nH]c(=O)c(C)cc23)c1,5.6,1,0.0,5.6,5.6,2021,2021,1,1,O=c1ccc2c(-c3cccnc3)cnc(NC3CCNCC3)c2[nH]1,0.0
Cc1cncc(NC(=O)c2cccc3c2NC(C)CC(=O)N3)c1,4.74,1,0.0,4.74,4.74,2019,2019,1,1,O=C1CCNc2c(cccc2C(=O)Nc2cccnc2)N1,0.0
Cc1cnn(-c2cc3cccc(-c4nc(C5CC5)n5c4CN(C)C(=O)C5C)c3cn2)c1,8.52,1,0.0,8.52,8.52,2021,2021,1,1,O=C1Cn2c(C3CC3)nc(-c3cccc4cc(-n5cccn5)ncc34)c2CN1,0.0
Cc1cnn(C)c1-c1cc(-c2c(C)noc2C)cc2nc(C3CC3)[nH]c12,7.16,6,0.21285362732795213,6.86,7.33,2016,2016,1,6,c1cc(-c2cc(-c3cnoc3)cc3nc(C4CC4)[nH]c23)[nH]n1,0.46999999999999975
Cc1cnn(C)c1-c1ccc2[nH]c(=O)n3c2c1OCC3c1ccccn1,5.76,2,0.7071067811865476,5.26,6.26,2017,2017,1,2,O=c1[nH]c2ccc(-c3ccn[nH]3)c3c2n1C(c1ccccn1)CO3,1.0
Cc1n[nH]c(C)c1-c1cc(-c2c(C)noc2C)c2c3c1[nH]c(=O)n3C(c1ccccn1)CO2,5.76,2,0.7071067811865476,5.26,6.26,2017,2017,1,2,O=c1[nH]c2c(-c3cn[nH]c3)cc(-c3cnoc3)c3c2n1C(c1ccccn1)CO3,1.0
Cc1n[nH]c(C)c1-c1cc(-c2c(C)noc2C)cc2[nH]c(C3CC3)nc12,7.04,8,0.245905760113794,6.84,7.47,2016,2019,2,8,c1nocc1-c1cc(-c2cn[nH]c2)c2nc(C3CC3)[nH]c2c1,0.6299999999999999
Cc1n[nH]c(C)c1-c1cc(-c2c(C)noc2C)cc2[nH]c(NC3CC3)nc12,6.92,6,0.23938810886647388,6.77,7.29,2016,2016,1,6,c1nocc1-c1cc(-c2cn[nH]c2)c2nc(NC3CC3)[nH]c2c1,0.5200000000000005
Cc1n[nH]c(C)c1-c1cc(-c2c(C)noc2C)cc2[nH]c(NCC3CC3)nc12,7.06,6,0.3062460884103936,6.79,7.47,2016,2016,1,6,c1nocc1-c1cc(-c2cn[nH]c2)c2nc(NCC3CC3)[nH]c2c1,0.6799999999999997
Cc1n[nH]c(C)c1-c1cc(-c2c(C)noc2C)cc2nc(C3CC3(F)F)[nH]c12,7.03,6,0.3721290098877,6.79,7.6,2016,2016,1,6,c1nocc1-c1cc(-c2cn[nH]c2)c2[nH]c(C3CC3)nc2c1,0.8099999999999996
Cc1n[nH]c(C)c1-c1cc(-c2c(C)noc2C)cc2nc(C3CC3)n(C)c12,7.16,6,0.43454190438514284,7.0,7.91,2016,2016,1,6,c1nocc1-c1cc(-c2cn[nH]c2)c2[nH]c(C3CC3)nc2c1,0.9100000000000001
Cc1n[nH]c(C)c1-c1cc(-c2c(C)noc2C)cc2nc(N)[nH]c12,7.01,6,0.321289070257092,6.56,7.27,2016,2016,1,6,c1nc2cc(-c3cnoc3)cc(-c3cn[nH]c3)c2[nH]1,0.71
Cc1n[nH]c(C)c1-c1cc(C(N)=O)c2c(c1)c1ccc(C(=O)N3C[C@@H](C)O[C@@H](C)C3)cc1n2CC1CC1,6.28,1,0.0,6.28,6.28,2021,2021,1,1,O=C(c1ccc2c3cc(-c4cn[nH]c4)ccc3n(CC3CC3)c2c1)N1CCOCC1,0.0
Cc1n[nH]c(C)c1-c1ccc2[nH]c(=O)n3c2c1OCC3c1ccccc1,5.76,2,0.7071067811865476,5.26,6.26,2017,2017,1,2,O=c1[nH]c2ccc(-c3cn[nH]c3)c3c2n1C(c1ccccc1)CO3,1.0
Cc1n[nH]c2c1C(c1ccc(Cl)cc1F)N(c1cc(C)c3nnc(C)n3c1)C2=O,7.09,1,0.0,7.09,7.09,2015,2015,1,1,O=C1c2[nH]ncc2C(c2ccccc2)N1c1ccc2nncn2c1,0.0
Cc1n[nH]c2c1C(c1ccc(F)cc1F)N(c1cc(C)c3nnc(C)n3c1)C2=O,7.01,1,0.0,7.01,7.01,2015,2015,1,1,O=C1c2[nH]ncc2C(c2ccccc2)N1c1ccc2nncn2c1,0.0
Cc1n[nH]c2c1[C@@H](c1ccc(Cl)cc1)N(c1cc(C)c3nnc(C)n3c1)C2=O,7.82,1,0.0,7.82,7.82,2015,2015,1,1,O=C1c2[nH]ncc2C(c2ccccc2)N1c1ccc2nncn2c1,0.0
Cc1n[nH]c2cc(-c3csc4c(=O)cc(N5CCOCC5)oc34)ccc12,6.494999999999999,2,0.2050609665440985,6.35,6.64,2016,2016,1,2,O=c1cc(N2CCOCC2)oc2c(-c3ccc4cn[nH]c4c3)csc12,0.29000000000000004
Cc1n[nH]c2ccc(-c3nc4cnc(N5CCC(C)CC5)cn4c3Nc3ccc(Cl)cc3)cc12,4.69,1,0.0,4.69,4.69,2021,2021,1,1,c1ccc(Nc2c(-c3ccc4[nH]ncc4c3)nc3cnc(N4CCCCC4)cn23)cc1,0.0
Cc1n[nH]c2ccc(-c3nc4cnc(N5CCN(C)CC5)cn4c3Nc3cc(Cl)ccc3Cl)cc12,5.44,1,0.0,5.44,5.44,2021,2021,1,1,c1ccc(Nc2c(-c3ccc4[nH]ncc4c3)nc3cnc(N4CCNCC4)cn23)cc1,0.0
Cc1n[nH]c2ccc(-c3nc4cnc(N5CCN(C)CC5)cn4c3Nc3ccc(Br)cc3)cc12,5.16,1,0.0,5.16,5.16,2021,2021,1,1,c1ccc(Nc2c(-c3ccc4[nH]ncc4c3)nc3cnc(N4CCNCC4)cn23)cc1,0.0
Cc1n[nH]c2ccc(-c3nc4cnc(N5CCN(C)CC5)cn4c3Nc3ccc(Cl)cc3)cc12,5.2,1,0.0,5.2,5.2,2021,2021,1,1,c1ccc(Nc2c(-c3ccc4[nH]ncc4c3)nc3cnc(N4CCNCC4)cn23)cc1,0.0
Cc1n[nH]c2ccc(-c3nc4cnc(N5CCN(C)CC5)cn4c3Nc3ccc(Cl)cc3Cl)cc12,4.79,1,0.0,4.79,4.79,2021,2021,1,1,c1ccc(Nc2c(-c3ccc4[nH]ncc4c3)nc3cnc(N4CCNCC4)cn23)cc1,0.0
Cc1n[nH]c2ccc(-c3nc4cnc(N5CCN(C)CC5)cn4c3Nc3ccc(Cl)cc3F)cc12,5.17,1,0.0,5.17,5.17,2021,2021,1,1,c1ccc(Nc2c(-c3ccc4[nH]ncc4c3)nc3cnc(N4CCNCC4)cn23)cc1,0.0
Cc1n[nH]c2ccc(-c3nc4cnc(N5CCN(C)CC5)cn4c3Nc3ccc(F)c(Cl)c3)cc12,5.24,1,0.0,5.24,5.24,2021,2021,1,1,c1ccc(Nc2c(-c3ccc4[nH]ncc4c3)nc3cnc(N4CCNCC4)cn23)cc1,0.0
Cc1n[nH]c2ccc(-c3nc4cnc(N5CCN(C)CC5)cn4c3Nc3ccc(F)cc3)cc12,5.38,1,0.0,5.38,5.38,2021,2021,1,1,c1ccc(Nc2c(-c3ccc4[nH]ncc4c3)nc3cnc(N4CCNCC4)cn23)cc1,0.0
Cc1n[nH]c2ccc(-c3nc4cnc(N5CCN(C)CC5)cn4c3Nc3ccc(F)cc3Br)cc12,5.13,1,0.0,5.13,5.13,2021,2021,1,1,c1ccc(Nc2c(-c3ccc4[nH]ncc4c3)nc3cnc(N4CCNCC4)cn23)cc1,0.0
Cc1n[nH]c2ccc(-c3nc4cnc(N5CCN(C)CC5)cn4c3Nc3cccc(F)c3)cc12,4.84,1,0.0,4.84,4.84,2021,2021,1,1,c1ccc(Nc2c(-c3ccc4[nH]ncc4c3)nc3cnc(N4CCNCC4)cn23)cc1,0.0
Cc1n[nH]c2ccc(-c3nc4cnc(N5CCN(C)CC5)cn4c3Nc3ccccc3)cc12,5.21,1,0.0,5.21,5.21,2021,2021,1,1,c1ccc(Nc2c(-c3ccc4[nH]ncc4c3)nc3cnc(N4CCNCC4)cn23)cc1,0.0
Cc1n[nH]c2ccc(-c3nc4cnc(N5CCN(C)CC5)cn4c3Nc3ccccc3F)cc12,5.0,1,0.0,5.0,5.0,2021,2021,1,1,c1ccc(Nc2c(-c3ccc4[nH]ncc4c3)nc3cnc(N4CCNCC4)cn23)cc1,0.0
Cc1n[nH]c2ccc(-c3nc4cnc(N5CCOCC5)cn4c3Nc3ccc(Br)cc3)cc12,5.33,1,0.0,5.33,5.33,2021,2021,1,1,c1ccc(Nc2c(-c3ccc4[nH]ncc4c3)nc3cnc(N4CCOCC4)cn23)cc1,0.0
Cc1n[nH]c2ccc(-c3nc4cnc(N5CCOCC5)cn4c3Nc3ccc(Cl)cc3)cc12,5.45,1,0.0,5.45,5.45,2021,2021,1,1,c1ccc(Nc2c(-c3ccc4[nH]ncc4c3)nc3cnc(N4CCOCC4)cn23)cc1,0.0
Cc1n[nH]c2ccc(-c3nc4cnc(N5CCOCC5)cn4c3Nc3ccccc3)cc12,5.42,1,0.0,5.42,5.42,2021,2021,1,1,c1ccc(Nc2c(-c3ccc4[nH]ncc4c3)nc3cnc(N4CCOCC4)cn23)cc1,0.0
Cc1n[nH]cc1-c1cc(-c2c(C)noc2C)c2c3c1[nH]c(=O)n3C(c1ccccn1)CO2,6.26,1,0.0,6.26,6.26,2017,2017,1,1,O=c1[nH]c2c(-c3cn[nH]c3)cc(-c3cnoc3)c3c2n1C(c1ccccn1)CO3,0.0
Cc1n[nH]cc1-c1ccc2[nH]c(=O)n3c2c1OCC3c1ccccc1,6.26,1,0.0,6.26,6.26,2017,2017,1,1,O=c1[nH]c2ccc(-c3cn[nH]c3)c3c2n1C(c1ccccc1)CO3,0.0
Cc1nc(-c2cn3c(C)nnc3c(C)n2)n(Cc2ccccc2)c1C,7.51,1,0.0,7.51,7.51,2019,2019,1,1,c1ccc(Cn2ccnc2-c2cn3cnnc3cn2)cc1,0.0
Cc1nc(-c2cnn(C)c2Oc2ccccc2)cn2c(C)nnc12,7.39,1,0.0,7.39,7.39,2019,2019,1,1,c1ccc(Oc2[nH]ncc2-c2cn3cnnc3cn2)cc1,0.0
Cc1nc(-c2nc3ccc(N4CCN(C)CC4)cc3n2Cc2ccccc2)cn(C)c1=O,7.44,2,0.0,7.44,7.44,2016,2016,1,2,O=c1cnc(-c2nc3ccc(N4CCNCC4)cc3n2Cc2ccccc2)c[nH]1,0.0
Cc1nc(-c2nc3ccccc3n2Cc2ccccc2)cn(C)c1=O,6.7,2,0.0,6.7,6.7,2016,2016,1,2,O=c1cnc(-c2nc3ccccc3n2Cc2ccccc2)c[nH]1,0.0
Cc1nc(-c2nc3cnc(N4CCN(C)CC4)cc3n2Cc2ccccc2)cn(C)c1=O,7.35,2,0.0,7.35,7.35,2016,2016,1,2,O=c1cnc(-c2nc3cnc(N4CCNCC4)cc3n2Cc2ccccc2)c[nH]1,0.0
Cc1nc(-c2nc3cnc(N4CCN(C)CC4)cc3n2Cc2ccccc2)cn2c(C)nnc12,7.85,1,0.0,7.85,7.85,2019,2019,1,1,c1ccc(Cn2c(-c3cn4cnnc4cn3)nc3cnc(N4CCNCC4)cc32)cc1,0.0
Cc1nc(-c2nc3cnc(N4CCOCC4)cc3n2Cc2ccccc2)cn(C)c1=O,7.31,2,0.0,7.31,7.31,2016,2016,1,2,O=c1cnc(-c2nc3cnc(N4CCOCC4)cc3n2Cc2ccccc2)c[nH]1,0.0
Cc1nc(C(C2CCOCC2)n2c3cc(-c4c(C)nnn4C)cnc3c3c2c(C(C)(C)O)nn3C)co1,8.8,1,0.0,8.8,8.8,2022,2022,1,1,c1nc(C(C2CCOCC2)n2c3cc(-c4cnn[nH]4)cnc3c3[nH]ncc32)co1,0.0
Cc1nc(C)c(-c2nc3c(n2C(C)C)C(c2ccc(Cl)cc2)N(c2cc(C)c(=O)n(C)c2)C3=O)s1,7.0,1,0.0,7.0,7.0,2018,2018,1,1,O=C1c2nc(-c3cncs3)[nH]c2C(c2ccccc2)N1c1ccc(=O)[nH]c1,0.0
Cc1nc(C2=CN(C)C(=O)[C@H](C)c3ccc(OCCO)cc32)c[nH]1,7.6,2,0.14142135623730995,7.5,7.7,2022,2022,1,2,O=C1Cc2ccccc2C(c2c[nH]cn2)=CN1,0.20000000000000018
Cc1nc(Nc2ccc(N3CCN(C)CC3)cc2)nc(Nc2cccc(S(=O)(=O)NC(C)(C)CO)c2)c1C,6.5,1,0.0,6.5,6.5,2023,2023,1,1,c1ccc(Nc2ccnc(Nc3ccc(N4CCNCC4)cc3)n2)cc1,0.0
Cc1nc(Nc2ccc(N3CCN(C)CC3)cc2)nc(Nc2cccc(S(=O)(=O)NC(C)C)c2)c1C,6.43,1,0.0,6.43,6.43,2023,2023,1,1,c1ccc(Nc2ccnc(Nc3ccc(N4CCNCC4)cc3)n2)cc1,0.0
Cc1nc(Nc2ccc(N3CCOCC3)cc2)nc(Nc2cccc(S(=O)(=O)NC(C)(C)C)c2)c1C,5.3,1,0.0,5.3,5.3,2023,2023,1,1,c1ccc(Nc2ccnc(Nc3ccc(N4CCOCC4)cc3)n2)cc1,0.0
Cc1nc2c([nH]1)C(c1ccc(Cl)cc1)N(c1cc(C)c3nnc(C(F)F)n3c1)C2=O,7.49,1,0.0,7.49,7.49,2018,2018,1,1,O=C1c2nc[nH]c2C(c2ccccc2)N1c1ccc2nncn2c1,0.0
Cc1nc2c([nH]1)C(c1ccc(Cl)cc1)N(c1cc(C)c3nnn(C)c3c1)C2=O,7.34,1,0.0,7.34,7.34,2018,2018,1,1,O=C1c2nc[nH]c2C(c2ccccc2)N1c1ccc2nn[nH]c2c1,0.0
Cc1nc2c(ccc3nnc(C)n32)n1Cc1ccccc1,5.76,2,0.7071067811865476,5.26,6.26,2017,2019,2,2,c1ccc(Cn2cnc3c2ccc2nncn23)cc1,1.0
Cc1nc2cc(-c3c(C)noc3C)cc(-c3c(C)n[nH]c3C)c2[nH]1,7.19,6,0.3552276265532659,6.61,7.37,2016,2016,1,6,c1nc2cc(-c3cnoc3)cc(-c3cn[nH]c3)c2[nH]1,0.7599999999999998
Cc1nc2cc(-c3cc(C(=O)N4CCN(C)CC4)ccc3Oc3ccc(F)cc3F)ccc2[nH]c1=O,5.88,1,0.0,5.88,5.88,2023,2023,1,1,O=C(c1ccc(Oc2ccccc2)c(-c2ccc3[nH]c(=O)cnc3c2)c1)N1CCNCC1,0.0
Cc1nc2cc(-c3cc(C(=O)N4CCOCC4)ccc3Oc3ccc(F)cc3F)ccc2[nH]c1=O,5.83,1,0.0,5.83,5.83,2023,2023,1,1,O=C(c1ccc(Oc2ccccc2)c(-c2ccc3[nH]c(=O)cnc3c2)c1)N1CCOCC1,0.0
Cc1nc2cc(-c3cc(C(=O)NCCO)ccc3Oc3ccc(F)cc3F)ccc2[nH]c1=O,6.21,1,0.0,6.21,6.21,2023,2023,1,1,O=c1cnc2cc(-c3ccccc3Oc3ccccc3)ccc2[nH]1,0.0
Cc1nc2cc(-c3cc(C(C)(C)O)ccc3Oc3ccc(F)cc3F)ccc2[nH]c1=O,5.95,1,0.0,5.95,5.95,2023,2023,1,1,O=c1cnc2cc(-c3ccccc3Oc3ccccc3)ccc2[nH]1,0.0
Cc1nc2cc(-c3cc(C(C)O)ccc3Oc3ccc(F)cc3F)ccc2[nH]c1=O,6.39,1,0.0,6.39,6.39,2023,2023,1,1,O=c1cnc2cc(-c3ccccc3Oc3ccccc3)ccc2[nH]1,0.0
Cc1nc2cc(-c3cc(C=O)ccc3Oc3ccc(F)cc3F)ccc2[nH]c1=O,5.6,1,0.0,5.6,5.6,2023,2023,1,1,O=c1cnc2cc(-c3ccccc3Oc3ccccc3)ccc2[nH]1,0.0
Cc1nc2cc(-c3cc(CS(C)(=O)=O)ccc3Oc3ccc(F)cc3F)ccc2[nH]c1=O,6.12,1,0.0,6.12,6.12,2023,2023,1,1,O=c1cnc2cc(-c3ccccc3Oc3ccccc3)ccc2[nH]1,0.0
Cc1nc2cc(-c3cc(NS(C)(=O)=O)ccc3Oc3ccc(Cl)cc3)ccc2[nH]c1=O,6.47,1,0.0,6.47,6.47,2023,2023,1,1,O=c1cnc2cc(-c3ccccc3Oc3ccccc3)ccc2[nH]1,0.0
Cc1nc2cc(-c3cc(NS(C)(=O)=O)ccc3Oc3ccc(F)cc3)ccc2[nH]c1=O,6.99,1,0.0,6.99,6.99,2023,2023,1,1,O=c1cnc2cc(-c3ccccc3Oc3ccccc3)ccc2[nH]1,0.0
Cc1nc2cc(-c3cc(NS(C)(=O)=O)ccc3Oc3ccc(F)cc3Cl)ccc2[nH]c1=O,5.81,1,0.0,5.81,5.81,2023,2023,1,1,O=c1cnc2cc(-c3ccccc3Oc3ccccc3)ccc2[nH]1,0.0
Cc1nc2cc(-c3cc(NS(C)(=O)=O)ccc3Oc3ccccc3C(F)(F)F)ccc2[nH]c1=O,5.58,1,0.0,5.58,5.58,2023,2023,1,1,O=c1cnc2cc(-c3ccccc3Oc3ccccc3)ccc2[nH]1,0.0
Cc1nc2cc(-c3cc(S(C)(=O)=O)ccc3Oc3ccc(F)cc3F)ccc2[nH]c1=O,5.4,1,0.0,5.4,5.4,2023,2023,1,1,O=c1cnc2cc(-c3ccccc3Oc3ccccc3)ccc2[nH]1,0.0
Cc1nc2ncc(-c3cn(C)c(=O)c4[nH]ccc34)cc2[nH]1,7.8100000000000005,2,0.5798275605729691,7.4,8.22,2022,2022,1,2,O=c1[nH]cc(-c2cnc3nc[nH]c3c2)c2cc[nH]c12,0.8200000000000003
Cc1nc2ncc(-c3cn(C)c(=O)c4[nH]ccc34)cc2n1C,7.625,2,0.48790367901871745,7.28,7.97,2022,2022,1,2,O=c1[nH]cc(-c2cnc3nc[nH]c3c2)c2cc[nH]c12,0.6899999999999995
Cc1nc2ncc(-c3cn(C)c(=O)c4[nH]ccc34)cc2n1Cc1ccc(C(F)(F)F)cc1,8.120000000000001,2,0.3959797974644663,7.84,8.4,2022,2022,1,2,O=c1[nH]cc(-c2cnc3ncn(Cc4ccccc4)c3c2)c2cc[nH]c12,0.5600000000000005
Cc1nc2ncc(-c3cn(C)c(=O)c4[nH]ccc34)cc2n1Cc1ccc(Cl)cc1,8.375,2,0.31819805153394587,8.15,8.6,2022,2022,1,2,O=c1[nH]cc(-c2cnc3ncn(Cc4ccccc4)c3c2)c2cc[nH]c12,0.4499999999999993
Cc1nc2ncc(-c3cn(C)c(=O)c4[nH]ccc34)cc2n1Cc1cccc(Cl)c1,8.615,2,0.33234018715767655,8.38,8.85,2022,2022,1,2,O=c1[nH]cc(-c2cnc3ncn(Cc4ccccc4)c3c2)c2cc[nH]c12,0.46999999999999886
Cc1nc2ncc(-c3cn(C)c(=O)c4[nH]ccc34)cc2n1Cc1ccccc1,8.335,2,0.30405591591021586,8.12,8.55,2022,2022,1,2,O=c1[nH]cc(-c2cnc3ncn(Cc4ccccc4)c3c2)c2cc[nH]c12,0.4300000000000015
Cc1nc2ncc(-c3cn(C)c(=O)c4[nH]ccc34)nc2n1C(C)c1ccc(Cl)cc1,8.475000000000001,2,0.3747665940288691,8.21,8.74,2022,2022,1,2,O=c1[nH]cc(-c2cnc3ncn(Cc4ccccc4)c3n2)c2cc[nH]c12,0.5299999999999994
Cc1nc2ncc(-c3cn(C)c(=O)c4[nH]ccc34)nc2n1Cc1ccc(C(F)(F)F)cc1,8.42,2,0.5374011537017772,8.04,8.8,2022,2022,1,2,O=c1[nH]cc(-c2cnc3ncn(Cc4ccccc4)c3n2)c2cc[nH]c12,0.7600000000000016
Cc1nc2ncc(-c3cn(C)c(=O)c4[nH]ccc34)nc2n1Cc1ccc(Cl)cc1,8.465,2,0.43133513652379357,8.16,8.77,2022,2022,1,2,O=c1[nH]cc(-c2cnc3ncn(Cc4ccccc4)c3n2)c2cc[nH]c12,0.6099999999999994
Cc1ncc(-c2cc3ccc(F)c(-c4nc(C5CCOCC5)n5c4CN(C)C(=O)[C@@H]5C)c3cn2)s1,9.0,1,0.0,9.0,9.0,2021,2021,1,1,O=C1Cn2c(C3CCOCC3)nc(-c3cccc4cc(-c5cncs5)ncc34)c2CN1,0.0
Cc1ncc(-c2cc3ccc(F)c(-c4nc(C5CCOCC5)n5c4CN(C)C(=O)[C@H]5C)c3cn2)s1,6.19,1,0.0,6.19,6.19,2021,2021,1,1,O=C1Cn2c(C3CCOCC3)nc(-c3cccc4cc(-c5cncs5)ncc34)c2CN1,0.0
Cc1ncc(-c2cc3cccc(-c4nc(C5CC5)n5c4CN(C)C(=O)C5C)c3cn2)s1,8.7,1,0.0,8.7,8.7,2021,2021,1,1,O=C1Cn2c(C3CC3)nc(-c3cccc4cc(-c5cncs5)ncc34)c2CN1,0.0
Cc1ncc(-c2cc3cccc(-c4nc(C5CCOCC5)n5c4CN(C)C(=O)[C@@H]5C)c3cn2)s1,7.42,1,0.0,7.42,7.42,2021,2021,1,1,O=C1Cn2c(C3CCOCC3)nc(-c3cccc4cc(-c5cncs5)ncc34)c2CN1,0.0
Cc1ncc(-c2cc3cccc(-c4nc(C5CCOCC5)n5c4CN(C)C(=O)[C@H]5C)c3cn2)s1,8.7,1,0.0,8.7,8.7,2021,2021,1,1,O=C1Cn2c(C3CCOCC3)nc(-c3cccc4cc(-c5cncs5)ncc34)c2CN1,0.0
Cc1ncc(-c2ccc3c(-c4nc(C5CCOCC5)n5c4CN(C)C(=O)C5)c(F)ccc3n2)s1,7.31,1,0.0,7.31,7.31,2021,2021,1,1,O=C1Cn2c(C3CCOCC3)nc(-c3cccc4nc(-c5cncs5)ccc34)c2CN1,0.0
Cc1ncc(-c2ccc3c(-c4nc(C5CCOCC5)n5c4CN(C)C(=O)C5)cccc3n2)s1,8.0,1,0.0,8.0,8.0,2021,2021,1,1,O=C1Cn2c(C3CCOCC3)nc(-c3cccc4nc(-c5cncs5)ccc34)c2CN1,0.0
Cc1ncc(-c2nc3c(n2C(C)C)C(c2ccc(Cl)cc2)N(c2cc(C)c(=O)n(C)c2)C3=O)s1,6.96,1,0.0,6.96,6.96,2018,2018,1,1,O=C1c2nc(-c3cncs3)[nH]c2C(c2ccccc2)N1c1ccc(=O)[nH]c1,0.0
Cc1ncc(-c2nc3cccc(-c4nc(C5CC5)n5c4CN(C)C(=O)C5C)c3cc2C(F)F)s1,8.3,1,0.0,8.3,8.3,2021,2021,1,1,O=C1Cn2c(C3CC3)nc(-c3cccc4nc(-c5cncs5)ccc34)c2CN1,0.0
Cc1ncc(Oc2ccc(F)cc2F)c(-c2cc(C(C)C)c(=O)n(C)c2)n1,5.56,1,0.0,5.56,5.56,2018,2018,1,1,O=c1ccc(-c2ncncc2Oc2ccccc2)c[nH]1,0.0
Cc1ncc(Oc2ccc(F)cc2F)c(-c2cc(C)c(=O)n(C(C)C)c2)n1,5.56,1,0.0,5.56,5.56,2018,2018,1,1,O=c1ccc(-c2ncncc2Oc2ccccc2)c[nH]1,0.0
Cc1ncccc1-n1nc(C)c2c1C(=O)N(c1cc(C)c(=O)n(C)c1)C2c1ccc(Cl)cc1,7.17,1,0.0,7.17,7.17,2015,2015,1,1,O=C1c2c(cnn2-c2cccnc2)C(c2ccccc2)N1c1ccc(=O)[nH]c1,0.0
Cc1ncccc1-n1nc2c(c1C)C(c1ccc(Cl)cc1)N(c1cc(C)c(=O)n(C)c1)C2=O,6.96,1,0.0,6.96,6.96,2015,2015,1,1,O=C1c2nn(-c3cccnc3)cc2C(c2ccccc2)N1c1ccc(=O)[nH]c1,0.0
Cc1ncn(-c2cc3cccc(-c4nc(C5CC5)n5c4CN(C)C(=O)C5C)c3cn2)n1,8.4,1,0.0,8.4,8.4,2021,2021,1,1,O=C1Cn2c(C3CC3)nc(-c3cccc4cc(-n5cncn5)ncc34)c2CN1,0.0
Cc1ncn(-c2nc3cccc(-c4nc(C5CC5)n5c4CN(C)C(=O)C5C)c3cc2C(F)F)n1,8.52,1,0.0,8.52,8.52,2021,2021,1,1,O=C1Cn2c(C3CC3)nc(-c3cccc4nc(-n5cncn5)ccc34)c2CN1,0.0
Cc1ncnn1-c1ccc2c(c1)N(c1ccc(Cl)cc1)C[C@@H](C)c1nnc(C)n1-2,6.55,1,0.0,6.55,6.55,2016,2016,1,1,c1ccc(N2CCc3nncn3-c3ccc(-n4cncn4)cc32)cc1,0.0
Cc1nn(-c2cccnc2F)c2c1C(=O)N(c1cc(C)c(=O)n(C)c1)C2c1ccc(Cl)cc1,7.0,1,0.0,7.0,7.0,2017,2017,1,1,O=C1c2cnn(-c3cccnc3)c2C(c2ccccc2)N1c1ccc(=O)[nH]c1,0.0
Cc1nn(-c2ccnn2C)c2c1C(c1ccc(Cl)cc1)N(c1cc(C)c(=O)n(C)c1)C2=O,7.17,1,0.0,7.17,7.17,2015,2015,1,1,O=C1c2c(cnn2-c2ccn[nH]2)C(c2ccccc2)N1c1ccc(=O)[nH]c1,0.0
Cc1nn(-c2ccnn2C)c2c1C(c1ccc(Cl)cc1)N(c1cc(C)c3nnc(C)n3c1)C2=O,7.82,1,0.0,7.82,7.82,2015,2015,1,1,O=C1c2c(cnn2-c2ccn[nH]2)C(c2ccccc2)N1c1ccc2nncn2c1,0.0
Cc1nn(-c2ccnn2C)c2c1C(c1ccc(Cl)cc1)N(c1cc(C)c3nnc(C)n3n1)C2=O,7.57,1,0.0,7.57,7.57,2015,2015,1,1,O=C1c2c(cnn2-c2ccn[nH]2)C(c2ccccc2)N1c1ccc2nncn2n1,0.0
Cc1nn(-c2ccnn2C)c2c1[C@@H](c1ccc(Cl)cc1)N(c1cc(C)c(=O)n(C)c1)C2=O,7.26,1,0.0,7.26,7.26,2015,2015,1,1,O=C1c2c(cnn2-c2ccn[nH]2)C(c2ccccc2)N1c1ccc(=O)[nH]c1,0.0
Cc1nn(-c2ccnn2C)c2c1[C@@H](c1ccc(Cl)cc1)N(c1cc(C)c3nnc(C)n3c1)C2=O,7.6,1,0.0,7.6,7.6,2015,2015,1,1,O=C1c2c(cnn2-c2ccn[nH]2)C(c2ccccc2)N1c1ccc2nncn2c1,0.0
Cc1nn(-c2ccnn2C)c2c1[C@H](c1ccc(Cl)cc1)N(c1cc(C)c(=O)n(C)c1)C2=O,5.4,1,0.0,5.4,5.4,2015,2015,1,1,O=C1c2c(cnn2-c2ccn[nH]2)C(c2ccccc2)N1c1ccc(=O)[nH]c1,0.0
Cc1nn(-c2ccnn2C)c2c1[C@H](c1ccc(Cl)cc1)N(c1cc(C)c3nnc(C)n3c1)C2=O,4.6,1,0.0,4.6,4.6,2015,2015,1,1,O=C1c2c(cnn2-c2ccn[nH]2)C(c2ccccc2)N1c1ccc2nncn2c1,0.0
Cc1nn(-c2cncn2C)c2c1C(c1ccc(Cl)cc1)N(c1cc(C)c(=O)n(C)c1)C2=O,7.04,1,0.0,7.04,7.04,2015,2015,1,1,O=C1c2c(cnn2-c2cnc[nH]2)C(c2ccccc2)N1c1ccc(=O)[nH]c1,0.0
Cc1nn(C(=O)N(C)C)c2c1C(c1ccc(Cl)cc1)N(c1cc(C)c(=O)n(C)c1)C2=O,6.72,1,0.0,6.72,6.72,2015,2015,1,1,O=C1c2[nH]ncc2C(c2ccccc2)N1c1ccc(=O)[nH]c1,0.0
Cc1nn(C(=O)N(C)C)c2c1C(c1ccc(Cl)cc1)N(c1cc(C)c3nnc(C)n3c1)C2=O,7.52,1,0.0,7.52,7.52,2015,2015,1,1,O=C1c2[nH]ncc2C(c2ccccc2)N1c1ccc2nncn2c1,0.0
Cc1nn(C(C)C)c2c1C(=O)N(c1cc(C)c(=O)n(C)c1)C2c1ccc(Cl)cc1,7.17,1,0.0,7.17,7.17,2017,2017,1,1,O=C1c2cn[nH]c2C(c2ccccc2)N1c1ccc(=O)[nH]c1,0.0
Cc1nn(C(C)C)c2c1C(c1ccc(Cl)cc1)N(c1cc(C)c(=O)n(C)c1)C2=O,7.05,1,0.0,7.05,7.05,2015,2015,1,1,O=C1c2[nH]ncc2C(c2ccccc2)N1c1ccc(=O)[nH]c1,0.0
Cc1nn(C(C)C)c2c1C(c1ccc(Cl)cc1)N(c1cc(Cl)c(=O)n(C)c1)C2=O,6.92,1,0.0,6.92,6.92,2015,2015,1,1,O=C1c2[nH]ncc2C(c2ccccc2)N1c1ccc(=O)[nH]c1,0.0
Cc1nn(C(C)C)c2c1C(c1ccc(Cl)cc1F)N(c1cc(C)c(=O)n(C)c1)C2=O,7.08,1,0.0,7.08,7.08,2015,2015,1,1,O=C1c2[nH]ncc2C(c2ccccc2)N1c1ccc(=O)[nH]c1,0.0
Cc1nn(C(C)C)c2c1C(c1ccc(Cl)cc1F)N(c1cc(C)c3nnc(C)n3c1)C2=O,7.23,1,0.0,7.23,7.23,2015,2015,1,1,O=C1c2[nH]ncc2C(c2ccccc2)N1c1ccc2nncn2c1,0.0
Cc1nn(C(C)C)c2c1C(c1ccc(F)cc1F)N(c1cc(C)c3nnc(C)n3c1)C2=O,7.28,1,0.0,7.28,7.28,2015,2015,1,1,O=C1c2[nH]ncc2C(c2ccccc2)N1c1ccc2nncn2c1,0.0
Cc1nn(C(C)C)c2c1[C@@H](c1ccc(Cl)cc1)N(c1cc(C)c(=O)n(C)c1)C2=O,7.89,1,0.0,7.89,7.89,2015,2015,1,1,O=C1c2[nH]ncc2C(c2ccccc2)N1c1ccc(=O)[nH]c1,0.0
Cc1nn(C(C)C)c2c1[C@@H](c1ccc(Cl)cc1F)N(c1cc(C)c3nnc(C)n3c1)C2=O,7.54,1,0.0,7.54,7.54,2015,2015,1,1,O=C1c2[nH]ncc2C(c2ccccc2)N1c1ccc2nncn2c1,0.0
Cc1nn(C(C)C)c2c1[C@H](c1ccc(Cl)cc1)N(c1cc(C)c(=O)n(C)c1)C2=O,4.96,1,0.0,4.96,4.96,2015,2015,1,1,O=C1c2[nH]ncc2C(c2ccccc2)N1c1ccc(=O)[nH]c1,0.0
Cc1nn(C)c2c1C(=O)N(c1cc(C)c(=O)n(C)c1)C2c1ccc(Cl)cc1,7.05,1,0.0,7.05,7.05,2017,2017,1,1,O=C1c2cn[nH]c2C(c2ccccc2)N1c1ccc(=O)[nH]c1,0.0
Cc1nn(C)c2c1C(c1ccc(Cl)cc1)N(c1cc(C)c(=O)n(C)c1)C2=O,6.92,1,0.0,6.92,6.92,2015,2015,1,1,O=C1c2[nH]ncc2C(c2ccccc2)N1c1ccc(=O)[nH]c1,0.0
Cc1nn(C)c2c1C(c1ccc(Cl)cc1)N(c1cc(Cl)c(=O)n(C)c1)C2=O,6.39,1,0.0,6.39,6.39,2015,2015,1,1,O=C1c2[nH]ncc2C(c2ccccc2)N1c1ccc(=O)[nH]c1,0.0
Cc1nn(C)c2ccc(-c3cccc4c3O[C@H](C)CC(=O)N4)cc12,5.13,1,0.0,5.13,5.13,2019,2019,1,1,O=C1CCOc2c(cccc2-c2ccc3[nH]ncc3c2)N1,0.0
Cc1nn(C)cc1-c1cc2ccc(F)c(-c3nc(C4CCOCC4)n4c3CN(C)C(=O)C4)c2cn1,6.49,1,0.0,6.49,6.49,2021,2021,1,1,O=C1Cn2c(C3CCOCC3)nc(-c3cccc4cc(-c5cn[nH]c5)ncc34)c2CN1,0.0
Cc1nn(C)cc1-c1cc2cccc(-c3nc(C4CC4)n4c3CN(C)C(=O)C4C)c2cn1,9.0,1,0.0,9.0,9.0,2021,2021,1,1,O=C1Cn2c(C3CC3)nc(-c3cccc4cc(-c5cn[nH]c5)ncc34)c2CN1,0.0
Cc1nn(C)cc1-c1cc2cccc(-c3nc(C4CCOCC4)n4c3CN(C)C(=O)C4)c2cn1,6.74,1,0.0,6.74,6.74,2021,2021,1,1,O=C1Cn2c(C3CCOCC3)nc(-c3cccc4cc(-c5cn[nH]c5)ncc34)c2CN1,0.0
Cc1nn(C)cc1-c1nc2cccc(-c3nc(C4CC4)n4c3CN(C)C(=O)C4C)c2cc1C(F)F,7.77,1,0.0,7.77,7.77,2021,2021,1,1,O=C1Cn2c(C3CC3)nc(-c3cccc4nc(-c5cn[nH]c5)ccc34)c2CN1,0.0
Cc1nn(C2CC2)c2c1C(=O)N(c1cc(C)c(=O)n(C)c1)C2c1ccc(Cl)cc1,7.4,1,0.0,7.4,7.4,2017,2017,1,1,O=C1c2cnn(C3CC3)c2C(c2ccccc2)N1c1ccc(=O)[nH]c1,0.0
Cc1nn(C2CC2)c2c1C(c1ccc(C(F)(F)F)cc1)N(c1cc(C)c(=O)n(C)c1)C2=O,7.05,1,0.0,7.05,7.05,2015,2015,1,1,O=C1c2c(cnn2C2CC2)C(c2ccccc2)N1c1ccc(=O)[nH]c1,0.0
Cc1nn(C2CC2)c2c1C(c1ccc(Cl)cc1)N(c1cc(C)c3nnc(C)n3c1)C2=O,7.72,1,0.0,7.72,7.72,2015,2015,1,1,O=C1c2c(cnn2C2CC2)C(c2ccccc2)N1c1ccc2nncn2c1,0.0
Cc1nn(C2CC2)c2c1C(c1ccc(Cl)cc1)N(c1cc(C)c3nnn(C)c3c1)C2=O,7.85,1,0.0,7.85,7.85,2015,2015,1,1,O=C1c2c(cnn2C2CC2)C(c2ccccc2)N1c1ccc2nn[nH]c2c1,0.0
Cc1nn(C2CC2)c2c1C(c1ccc(Cl)cc1)N(c1cc(C)c3nnn(C)c3n1)C2=O,7.92,1,0.0,7.92,7.92,2015,2015,1,1,O=C1c2c(cnn2C2CC2)C(c2ccccc2)N1c1ccc2nn[nH]c2n1,0.0
Cc1nn(C2CC2)c2c1C(c1ccc(Cl)cc1)N(c1cc(Cl)c(=O)n(C)c1)C2=O,6.82,1,0.0,6.82,6.82,2015,2015,1,1,O=C1c2c(cnn2C2CC2)C(c2ccccc2)N1c1ccc(=O)[nH]c1,0.0
Cc1nn(C2CC2)c2c1C(c1ccc(Cl)cc1)N(c1ccc3nnn(C)c3n1)C2=O,7.23,1,0.0,7.23,7.23,2015,2015,1,1,O=C1c2c(cnn2C2CC2)C(c2ccccc2)N1c1ccc2nn[nH]c2n1,0.0
Cc1nn(C2CC2)c2c1C(c1ccc(Cl)cc1)N(c1cn(C)c(=O)c3[nH]ccc13)C2=O,7.52,1,0.0,7.52,7.52,2015,2015,1,1,O=C1c2c(cnn2C2CC2)C(c2ccccc2)N1c1c[nH]c(=O)c2[nH]ccc12,0.0
Cc1nn(C2CC2)c2c1C(c1ccc(Cl)cc1F)N(c1cc(C)c(=O)n(C)c1)C2=O,7.02,1,0.0,7.02,7.02,2015,2015,1,1,O=C1c2c(cnn2C2CC2)C(c2ccccc2)N1c1ccc(=O)[nH]c1,0.0
Cc1nn(C2CC2)c2c1C(c1ccc(Cl)cc1F)N(c1cc(C)c3nnc(C)n3c1)C2=O,7.18,1,0.0,7.18,7.18,2015,2015,1,1,O=C1c2c(cnn2C2CC2)C(c2ccccc2)N1c1ccc2nncn2c1,0.0
Cc1nn(C2CC2)c2c1C(c1ccc(F)cc1F)N(c1cc(C)c3nnc(C)n3c1)C2=O,7.0,1,0.0,7.0,7.0,2015,2015,1,1,O=C1c2c(cnn2C2CC2)C(c2ccccc2)N1c1ccc2nncn2c1,0.0
Cc1nn(C2CC2)c2c1C(c1ccc(OC(F)(F)F)cc1)N(c1cc(C)c(=O)n(C)c1)C2=O,7.19,1,0.0,7.19,7.19,2015,2015,1,1,O=C1c2c(cnn2C2CC2)C(c2ccccc2)N1c1ccc(=O)[nH]c1,0.0
Cc1nn(C2CC2)c2c1C(c1cccc(C(F)(F)F)c1)N(c1cc(C)c(=O)n(C)c1)C2=O,6.11,1,0.0,6.11,6.11,2015,2015,1,1,O=C1c2c(cnn2C2CC2)C(c2ccccc2)N1c1ccc(=O)[nH]c1,0.0
Cc1nn(C2CC2)c2c1[C@@H](c1ccc(Cl)cc1)N(c1cc(C)c(=O)n(C)c1)C2=O,7.77,1,0.0,7.77,7.77,2015,2015,1,1,O=C1c2c(cnn2C2CC2)C(c2ccccc2)N1c1ccc(=O)[nH]c1,0.0
Cc1nn(C2CC2)c2c1[C@@H](c1ccc(Cl)cc1)N(c1cc(C)c3nnc(C)n3c1)C2=O,7.89,1,0.0,7.89,7.89,2015,2015,1,1,O=C1c2c(cnn2C2CC2)C(c2ccccc2)N1c1ccc2nncn2c1,0.0
Cc1nn(C2CC2)c2c1[C@@H](c1ccc(Cl)cc1)N(c1cc(Cl)c(=O)n(C)c1)C2=O,7.7,1,0.0,7.7,7.7,2015,2015,1,1,O=C1c2c(cnn2C2CC2)C(c2ccccc2)N1c1ccc(=O)[nH]c1,0.0
Cc1nn(C2CC2)c2c1[C@@H](c1ccc(Cl)cc1F)N(c1cc(C)c3nnc(C)n3c1)C2=O,7.66,1,0.0,7.66,7.66,2015,2015,1,1,O=C1c2c(cnn2C2CC2)C(c2ccccc2)N1c1ccc2nncn2c1,0.0
Cc1nn(C2CC2)c2c1[C@@H](c1ccc(F)cc1F)N(c1cc(C)c3nnc(C)n3c1)C2=O,7.51,1,0.0,7.51,7.51,2015,2015,1,1,O=C1c2c(cnn2C2CC2)C(c2ccccc2)N1c1ccc2nncn2c1,0.0
Cc1nn(C2CC2)c2c1[C@H](c1ccc(Cl)cc1)N(c1cc(C)c3nnc(C)n3c1)C2=O,4.52,1,0.0,4.52,4.52,2015,2015,1,1,O=C1c2c(cnn2C2CC2)C(c2ccccc2)N1c1ccc2nncn2c1,0.0
Cc1nn(C2CC2)c2c1[C@H](c1ccc(Cl)cc1)N(c1cc(C)c3nnc(C)n3n1)C2=O,4.85,1,0.0,4.85,4.85,2015,2015,1,1,O=C1c2c(cnn2C2CC2)C(c2ccccc2)N1c1ccc2nncn2n1,0.0
Cc1nn(C2CCC2)c2c1C(c1ccc(Cl)cc1)N(c1cc(C)c(=O)n(C)c1)C2=O,7.62,1,0.0,7.62,7.62,2015,2015,1,1,O=C1c2c(cnn2C2CCC2)C(c2ccccc2)N1c1ccc(=O)[nH]c1,0.0
Cc1nn(C2CN(C)C2)c2c1C(c1ccc(Cl)cc1)N(c1cc(C)c(=O)n(C)c1)C2=O,6.5,1,0.0,6.5,6.5,2015,2015,1,1,O=C1c2c(cnn2C2CNC2)C(c2ccccc2)N1c1ccc(=O)[nH]c1,0.0
Cc1nn(C2CN(C)C2)c2c1C(c1ccc(Cl)cc1)N(c1cc(C)c3nnc(C)n3c1)C2=O,7.11,1,0.0,7.11,7.11,2015,2015,1,1,O=C1c2c(cnn2C2CNC2)C(c2ccccc2)N1c1ccc2nncn2c1,0.0
Cc1nn(C2CNC2)c2c1C(c1ccc(Cl)cc1)N(c1cc(C)c(=O)n(C)c1)C2=O,6.54,1,0.0,6.54,6.54,2015,2015,1,1,O=C1c2c(cnn2C2CNC2)C(c2ccccc2)N1c1ccc(=O)[nH]c1,0.0
Cc1nn(C2CNC2)c2c1C(c1ccc(Cl)cc1)N(c1cc(C)c3nnc(C)n3c1)C2=O,6.89,1,0.0,6.89,6.89,2015,2015,1,1,O=C1c2c(cnn2C2CNC2)C(c2ccccc2)N1c1ccc2nncn2c1,0.0
Cc1nn(C2COC2)c2c1C(c1ccc(Cl)cc1)N(c1cc(C)c(=O)n(C)c1)C2=O,6.85,1,0.0,6.85,6.85,2015,2015,1,1,O=C1c2c(cnn2C2COC2)C(c2ccccc2)N1c1ccc(=O)[nH]c1,0.0
Cc1nn(C2COC2)c2c1C(c1ccc(Cl)cc1)N(c1cc(C)c3nnc(C)n3c1)C2=O,7.1,1,0.0,7.1,7.1,2015,2015,1,1,O=C1c2c(cnn2C2COC2)C(c2ccccc2)N1c1ccc2nncn2c1,0.0
Cc1nn(C[C@H](O)C(F)(F)F)c2c1[C@@H](c1ccc(Cl)cc1)N(c1cc(C)c3nnc(C)n3c1)C2=O,7.4,1,0.0,7.4,7.4,2015,2015,1,1,O=C1c2[nH]ncc2C(c2ccccc2)N1c1ccc2nncn2c1,0.0
Cc1nnc(-c2cc3c(-c4cc(C(C)(C)O)ccc4Oc4ccc(F)cc4F)cn(C)c(=O)c3s2)o1,7.835,2,0.09192388155425173,7.77,7.9,2023,2023,1,2,O=c1[nH]cc(-c2ccccc2Oc2ccccc2)c2cc(-c3nnco3)sc12,0.13000000000000078
Cc1nnc(-c2cccc(-c3csc4c(=O)cc(N5CCOCC5)oc34)c2)o1,5.095,2,0.23334523779156074,4.93,5.26,2016,2016,1,2,O=c1cc(N2CCOCC2)oc2c(-c3cccc(-c4nnco4)c3)csc12,0.33000000000000007
Cc1nnc2c(Cl)cc(-c3cn(C)nc3Cc3ccccc3)nn12,7.29,2,0.0,7.29,7.29,2016,2016,1,2,c1ccc(Cc2n[nH]cc2-c2ccc3nncn3n2)cc1,0.0
Cc1nnc2c(N)cc(N3C(=O)c4c(C5CC5)nn(C)c4C3c3ccc(Cl)cc3)cn12,7.68,1,0.0,7.68,7.68,2017,2017,1,1,O=C1c2c(C3CC3)n[nH]c2C(c2ccccc2)N1c1ccc2nncn2c1,0.0
Cc1nnc2c(NC(=O)OC(C)(C)C)cc(N3C(=O)c4c(C5CC5)nn(C)c4C3c3ccc(Cl)cc3)cn12,7.44,1,0.0,7.44,7.44,2017,2017,1,1,O=C1c2c(C3CC3)n[nH]c2C(c2ccccc2)N1c1ccc2nncn2c1,0.0
Cc1nnc2c(NC(C)C)cc(-c3cn(C(C)C)nc3Cc3ccccc3)nn12,6.15,2,0.0,6.15,6.15,2016,2016,1,2,c1ccc(Cc2n[nH]cc2-c2ccc3nncn3n2)cc1,0.0
Cc1nnc2c(NC(C)C)cc(-c3cn(C)nc3Cc3ccccc3)nn12,6.98,2,0.0,6.98,6.98,2016,2016,1,2,c1ccc(Cc2n[nH]cc2-c2ccc3nncn3n2)cc1,0.0
Cc1nnc2c(NC(C)C)cc(-c3cn(C)nc3Oc3ccccc3)nn12,7.51,2,0.0,7.51,7.51,2016,2016,1,2,c1ccc(Oc2n[nH]cc2-c2ccc3nncn3n2)cc1,0.0
Cc1nnc2c(NC(C)C)cc(-c3cn(C)nc3Oc3ccccn3)nn12,7.37,2,0.0,7.37,7.37,2016,2016,1,2,c1ccc(Oc2n[nH]cc2-c2ccc3nncn3n2)nc1,0.0
Cc1nnc2c(NC(C)C)cc(-c3cnn(C)c3Oc3ccccc3)nn12,6.85,2,0.0,6.85,6.85,2016,2016,1,2,c1ccc(Oc2[nH]ncc2-c2ccc3nncn3n2)cc1,0.0
Cc1nnc2c(NC(C)C)nc(-c3nc4ccc(C(C)C)cc4n3[C@@H](C)c3ccccn3)cn12,6.61,1,0.0,6.61,6.61,2019,2019,1,1,c1ccc(Cn2c(-c3cn4cnnc4cn3)nc3ccccc32)nc1,0.0
Cc1nnc2c(NC(C)C)nc(-c3nc4ccc(C5CCOCC5)cc4n3Cc3ccccn3)cn12,7.5,1,0.0,7.5,7.5,2019,2019,1,1,c1ccc(Cn2c(-c3cn4cnnc4cn3)nc3ccc(C4CCOCC4)cc32)nc1,0.0
Cc1nnc2c(NC(C)C)nc(-c3nc4ccc(C5CCOCC5)cc4n3[C@@H](C)c3ccccn3)cn12,7.16,1,0.0,7.16,7.16,2019,2019,1,1,c1ccc(Cn2c(-c3cn4cnnc4cn3)nc3ccc(C4CCOCC4)cc32)nc1,0.0
Cc1nnc2c(NC(C)C)nc(-c3nc4ccc(N(C)C)cc4n3Cc3ccccn3)cn12,8.15,1,0.0,8.15,8.15,2019,2019,1,1,c1ccc(Cn2c(-c3cn4cnnc4cn3)nc3ccccc32)nc1,0.0
Cc1nnc2c(NC(C)C)nc(-c3nc4ccccc4n3Cc3ccccn3)cn12,7.7,1,0.0,7.7,7.7,2019,2019,1,1,c1ccc(Cn2c(-c3cn4cnnc4cn3)nc3ccccc32)nc1,0.0
Cc1nnc2c(NC(C)C)nc(-c3nc4cnc(C(C)C)cc4n3Cc3ccccn3)cn12,7.75,1,0.0,7.75,7.75,2019,2019,1,1,c1ccc(Cn2c(-c3cn4cnnc4cn3)nc3cnccc32)nc1,0.0
Cc1nnc2c(NC(C)C)nc(-c3nc4cnc(C(C)C)cc4n3[C@@H](C)c3ccccn3)cn12,7.18,1,0.0,7.18,7.18,2019,2019,1,1,c1ccc(Cn2c(-c3cn4cnnc4cn3)nc3cnccc32)nc1,0.0
Cc1nnc2c(NC(C)C)nc(-c3nc4cnc(C5CCOCC5)cc4n3Cc3ccccn3)cn12,7.47,1,0.0,7.47,7.47,2019,2019,1,1,c1ccc(Cn2c(-c3cn4cnnc4cn3)nc3cnc(C4CCOCC4)cc32)nc1,0.0
Cc1nnc2c(NC(C)C)nc(-c3nc4cnc(N(C)C)cc4n3Cc3ccccn3)cn12,7.89,1,0.0,7.89,7.89,2019,2019,1,1,c1ccc(Cn2c(-c3cn4cnnc4cn3)nc3cnccc32)nc1,0.0
Cc1nnc2c(NC(C)C)nc(-c3nc4cnc(N5CCN(C)CC5)cc4n3Cc3ccccc3)cn12,7.58,1,0.0,7.58,7.58,2019,2019,1,1,c1ccc(Cn2c(-c3cn4cnnc4cn3)nc3cnc(N4CCNCC4)cc32)cc1,0.0
Cc1nnc2c(NC(C)C)nc(-c3nc4cnc(N5CCOCC5)cc4n3CCOC(C)C)cn12,7.37,2,0.0,7.37,7.37,2016,2016,1,2,c1nc(N2CCOCC2)cc2[nH]c(-c3cn4cnnc4cn3)nc12,0.0
Cc1nnc2c(NC(C)C)nc(-c3nc4cnc(N5CCOCC5)cc4n3C[C@@H]3CCCO3)cn12,7.26,2,0.0,7.26,7.26,2016,2016,1,2,c1nc(N2CCOCC2)cc2c1nc(-c1cn3cnnc3cn1)n2CC1CCCO1,0.0
Cc1nnc2c(NC(C)C)nc(-c3nc4cnc(N5CCOCC5)cc4n3C[C@H]3CCCO3)cn12,7.27,2,0.0,7.27,7.27,2016,2016,1,2,c1nc(N2CCOCC2)cc2c1nc(-c1cn3cnnc3cn1)n2CC1CCCO1,0.0
Cc1nnc2c(NC(C)C)nc(-c3nc4cnc(N5CCOCC5)cc4n3Cc3ccccn3)cn12,8.0,1,0.0,8.0,8.0,2019,2019,1,1,c1ccc(Cn2c(-c3cn4cnnc4cn3)nc3cnc(N4CCOCC4)cc32)nc1,0.0
Cc1nnc2c(NC(C)C)nc(-c3nc4cnc(N5CCOC[C@@H]5C)cc4n3C(C)CC(F)(F)F)cn12,7.58,2,0.0,7.58,7.58,2016,2016,1,2,c1nc(N2CCOCC2)cc2[nH]c(-c3cn4cnnc4cn3)nc12,0.0
Cc1nnc2c(NC(C)C)nc(-c3nc4cnc(N5CCOC[C@@H]5C)cc4n3Cc3ccccn3)cn12,8.05,1,0.0,8.05,8.05,2019,2019,1,1,c1ccc(Cn2c(-c3cn4cnnc4cn3)nc3cnc(N4CCOCC4)cc32)nc1,0.0
Cc1nnc2c(NC(C)C)nc(-c3nc4cnc(N5CCOC[C@@H]5C)cc4n3[C@@H](C)c3ccccc3)cn12,7.42,1,0.0,7.42,7.42,2019,2019,1,1,c1ccc(Cn2c(-c3cn4cnnc4cn3)nc3cnc(N4CCOCC4)cc32)cc1,0.0
Cc1nnc2c(NC(C)C)nc(-c3nc4cnc(N5CCOC[C@@H]5C)cc4n3[C@@H](C)c3ccccn3)cn12,7.13,1,0.0,7.13,7.13,2019,2019,1,1,c1ccc(Cn2c(-c3cn4cnnc4cn3)nc3cnc(N4CCOCC4)cc32)nc1,0.0
Cc1nnc2c(NC(C)C)nc(-c3nc4cnc(N5CCOC[C@H]5C)cc4n3Cc3ccccn3)cn12,8.05,1,0.0,8.05,8.05,2019,2019,1,1,c1ccc(Cn2c(-c3cn4cnnc4cn3)nc3cnc(N4CCOCC4)cc32)nc1,0.0
Cc1nnc2c(NC(C)C)nc(-c3nc4cnccc4n3Cc3ccccn3)cn12,7.85,1,0.0,7.85,7.85,2019,2019,1,1,c1ccc(Cn2c(-c3cn4cnnc4cn3)nc3cnccc32)nc1,0.0
Cc1nnc2c(NC3CCN(C)CC3)cc(-c3[nH]c4ccccc4c3Cc3ccccc3)nn12,8.52,2,0.0,8.52,8.52,2016,2016,1,2,c1ccc(Cc2c(-c3cc(NC4CCNCC4)c4nncn4n3)[nH]c3ccccc23)cc1,0.0
Cc1nnc2c(NC3CCN(C)CC3)cc(-c3c(Cc4ccccc4)c4ccccc4n3C)nn12,7.43,2,0.0,7.43,7.43,2016,2016,1,2,c1ccc(Cc2c(-c3cc(NC4CCNCC4)c4nncn4n3)[nH]c3ccccc23)cc1,0.0
Cc1nnc2c(NC3CCN(C)CC3)cc(-c3cc4ccccc4n3Cc3ccccc3)nn12,6.98,2,0.0,6.98,6.98,2016,2016,1,2,c1ccc(Cn2c(-c3cc(NC4CCNCC4)c4nncn4n3)cc3ccccc32)cc1,0.0
Cc1nnc2c(NC3CCN(C)CC3)cc(-c3ccnn3Cc3ccccc3)nn12,6.93,2,0.0,6.93,6.93,2016,2016,1,2,c1ccc(Cn2nccc2-c2cc(NC3CCNCC3)c3nncn3n2)cc1,0.0
Cc1nnc2c(NC3CCN(C)CC3)cc(-c3cn(C)nc3Cc3ccccc3)nn12,8.52,2,0.0,8.52,8.52,2016,2016,1,2,c1ccc(Cc2n[nH]cc2-c2cc(NC3CCNCC3)c3nncn3n2)cc1,0.0
Cc1nnc2c(NC3CCN(C)CC3)cc(-c3cnn(C)c3Cc3ccccc3)nn12,8.0,2,0.0,8.0,8.0,2016,2016,1,2,c1ccc(Cc2[nH]ncc2-c2cc(NC3CCNCC3)c3nncn3n2)cc1,0.0
Cc1nnc2c(NC3CCN(C)CC3)cc(-c3cnn(C)c3Oc3ccccc3)nn12,8.1,2,0.0,8.1,8.1,2016,2016,1,2,c1ccc(Oc2[nH]ncc2-c2cc(NC3CCNCC3)c3nncn3n2)cc1,0.0
Cc1nnc2c(NC3CCN(C)CC3)cc(N(C)Cc3ccccc3)nn12,8.52,2,0.0,8.52,8.52,2016,2016,1,2,c1ccc(CNc2cc(NC3CCNCC3)c3nncn3n2)cc1,0.0
Cc1nnc2c(NC3CCN(C)CC3)nc(-c3nc4ccccc4n3Cc3ccccc3)cn12,8.15,1,0.0,8.15,8.15,2019,2019,1,1,c1ccc(Cn2c(-c3cn4cnnc4c(NC4CCNCC4)n3)nc3ccccc32)cc1,0.0
Cc1nnc2c(NC3CCN(C)CC3)nc(-c3nc4cnc(N5CCOCC5)cc4n3CCOC(C)C)cn12,7.46,2,0.0,7.46,7.46,2016,2016,1,2,c1nc(N2CCOCC2)cc2[nH]c(-c3cn4cnnc4c(NC4CCNCC4)n3)nc12,0.0
Cc1nnc2c(NC3CCN(C=O)CC3)cc(N(C)Cc3ccccc3)nn12,7.4,2,0.0,7.4,7.4,2016,2016,1,2,c1ccc(CNc2cc(NC3CCNCC3)c3nncn3n2)cc1,0.0
Cc1nnc2c(NC3CCN(S(=O)(=O)C4CCN(C)CC4)CC3)cc(N(C)Cc3ccccc3)nn12,7.41,2,0.0,7.41,7.41,2016,2016,1,2,O=S(=O)(C1CCNCC1)N1CCC(Nc2cc(NCc3ccccc3)nn3cnnc23)CC1,0.0
Cc1nnc2c(NC3CCN(S(=O)(=O)C4CCNC4)CC3)cc(N(C)Cc3ccccc3)nn12,7.49,4,0.01154700538379227,7.48,7.5,2016,2016,1,2,O=S(=O)(C1CCNC1)N1CCC(Nc2cc(NCc3ccccc3)nn3cnnc23)CC1,0.019999999999999574
Cc1nnc2c(NC3CCN(S(=O)(=O)C4CCNCC4)CC3)cc(N(C)Cc3ccccc3)nn12,7.4,2,0.0,7.4,7.4,2016,2016,1,2,O=S(=O)(C1CCNCC1)N1CCC(Nc2cc(NCc3ccccc3)nn3cnnc23)CC1,0.0
Cc1nnc2c(NC3CCN(S(=O)(=O)CCCN(C)C)CC3)cc(N(C)Cc3ccccc3)nn12,7.335,4,0.10969655114602861,7.24,7.43,2016,2016,1,2,c1ccc(CNc2cc(NC3CCNCC3)c3nncn3n2)cc1,0.1899999999999995
Cc1nnc2c(NC3CCN(S(=O)(=O)CCN)CC3)cc(N(C)Cc3ccccc3)nn12,7.36,2,0.0,7.36,7.36,2016,2016,1,2,c1ccc(CNc2cc(NC3CCNCC3)c3nncn3n2)cc1,0.0
Cc1nnc2c(NC3CCN(S(C)(=O)=O)CC3)nc(-c3nc4cnc(N5CCOCC5)cc4n3CCOC(C)C)cn12,6.91,2,0.0,6.91,6.91,2016,2016,1,2,c1nc(N2CCOCC2)cc2[nH]c(-c3cn4cnnc4c(NC4CCNCC4)n3)nc12,0.0
Cc1nnc2c(NC3CCOCC3)cc(N(C)Cc3ccccc3)nn12,7.08,2,0.0,7.08,7.08,2016,2016,1,2,c1ccc(CNc2cc(NC3CCOCC3)c3nncn3n2)cc1,0.0
Cc1nnc2c(NCCCCC(=O)NC(C)C)nc3ccccc3n12,7.12,1,0.0,7.12,7.12,2021,2021,1,1,c1ccc2c(c1)ncc1nncn12,0.0
Cc1nnc2c(NCCCCC(=O)NCC(C)C)nc3ccccc3n12,7.44,1,0.0,7.44,7.44,2021,2021,1,1,c1ccc2c(c1)ncc1nncn12,0.0
Cc1nnc2c(NCCCCCC(=O)NC(C)C)nc3ccccc3n12,7.11,1,0.0,7.11,7.11,2021,2021,1,1,c1ccc2c(c1)ncc1nncn12,0.0
Cc1nnc2c(NCCCCCC(=O)NCC(C)C)nc3ccccc3n12,7.41,1,0.0,7.41,7.41,2021,2021,1,1,c1ccc2c(c1)ncc1nncn12,0.0
Cc1nnc2c(NCCCCN)nc3cc(-c4nc5ccccc5n4C)ccc3n12,7.21,1,0.0,7.21,7.21,2021,2021,1,1,c1ccc2[nH]c(-c3ccc4c(c3)ncc3nncn34)nc2c1,0.0
Cc1nnc2c(NCCCCN)nc3cc(N4CCOCC4)ccc3n12,7.01,1,0.0,7.01,7.01,2021,2021,1,1,c1cc2c(cc1N1CCOCC1)ncc1nncn12,0.0
Cc1nnc2c(NCCCCN)nc3cc(OC(C)C)ccc3n12,8.3,1,0.0,8.3,8.3,2021,2021,1,1,c1ccc2c(c1)ncc1nncn12,0.0
Cc1nnc2c(NCCCCN)nc3cc(OC(F)(F)F)ccc3n12,7.07,1,0.0,7.07,7.07,2021,2021,1,1,c1ccc2c(c1)ncc1nncn12,0.0
Cc1nnc2c(NCCCCN)nc3cc4c(cc3n12)OCCO4,7.46,1,0.0,7.46,7.46,2021,2021,1,1,c1c2c(cc3c1ncc1nncn13)OCCO2,0.0
Cc1nnc2c(NCCCCNC(=O)C(C)(C)C)nc3cc(-c4nc5ccccc5n4C)ccc3n12,7.89,1,0.0,7.89,7.89,2021,2021,1,1,c1ccc2[nH]c(-c3ccc4c(c3)ncc3nncn34)nc2c1,0.0
Cc1nnc2c(NCCCCNC(=O)C(C)(C)C)nc3cc(Cl)c(Cl)cc3n12,7.02,1,0.0,7.02,7.02,2021,2021,1,1,c1ccc2c(c1)ncc1nncn12,0.0
Cc1nnc2c(NCCCCNC(=O)C(C)(C)C)nc3cc(NC(=O)C(C)C)ccc3n12,7.51,1,0.0,7.51,7.51,2021,2021,1,1,c1ccc2c(c1)ncc1nncn12,0.0
Cc1nnc2c(NCCCCNC(=O)C(C)(C)C)nc3cc(OCCN4CCOCC4)ccc3n12,7.21,1,0.0,7.21,7.21,2021,2021,1,1,c1cc2c(cc1OCCN1CCOCC1)ncc1nncn12,0.0
Cc1nnc2c(NCCCCNC(=O)C(C)(C)C)nc3cc4c(cc3n12)OCCO4,7.77,1,0.0,7.77,7.77,2021,2021,1,1,c1c2c(cc3c1ncc1nncn13)OCCO2,0.0
Cc1nnc2c(NCCCCNC(=O)C(C)(C)C)nc3ccc(F)cc3n12,7.21,1,0.0,7.21,7.21,2021,2021,1,1,c1ccc2c(c1)ncc1nncn12,0.0
Cc1nnc2c(NCCCCNC(=O)C(C)(C)C)nc3ccc(NCC(C)C)cc3n12,7.19,1,0.0,7.19,7.19,2021,2021,1,1,c1ccc2c(c1)ncc1nncn12,0.0
Cc1nnc2c(NCCCCNC(=O)C(C)(C)C)nc3ccccc3n12,7.55,1,0.0,7.55,7.55,2021,2021,1,1,c1ccc2c(c1)ncc1nncn12,0.0
Cc1nnc2c(NCCCCNC(=O)C(C)(C)O)nc3cc(-c4nc5ccccc5n4C)ccc3n12,7.48,1,0.0,7.48,7.48,2021,2021,1,1,c1ccc2[nH]c(-c3ccc4c(c3)ncc3nncn34)nc2c1,0.0
Cc1nnc2c(NCCCCNC(=O)C(C)C)nc3cc(Cl)c(Cl)cc3n12,7.01,1,0.0,7.01,7.01,2021,2021,1,1,c1ccc2c(c1)ncc1nncn12,0.0
Cc1nnc2c(NCCCCNC(=O)C(C)C)nc3ccc(F)cc3n12,7.11,1,0.0,7.11,7.11,2021,2021,1,1,c1ccc2c(c1)ncc1nncn12,0.0
Cc1nnc2c(NCCCCNC(=O)C(O)C(C)C)nc3ccccc3n12,7.4,1,0.0,7.4,7.4,2021,2021,1,1,c1ccc2c(c1)ncc1nncn12,0.0
Cc1nnc2c(NCCCCNC(=O)CC(C)(C)C)nc3cc(OC(F)(F)F)ccc3n12,7.6,1,0.0,7.6,7.6,2021,2021,1,1,c1ccc2c(c1)ncc1nncn12,0.0
Cc1nnc2c(NCCCCNC(=O)CC(C)(C)C)nc3ccc(OC(F)(F)F)cc3n12,7.37,1,0.0,7.37,7.37,2021,2021,1,1,c1ccc2c(c1)ncc1nncn12,0.0
Cc1nnc2c(NCCCCNC(=O)CC(C)C)nc3cc(-c4nc5ccccc5[nH]4)ccc3n12,7.89,1,0.0,7.89,7.89,2021,2021,1,1,c1ccc2[nH]c(-c3ccc4c(c3)ncc3nncn34)nc2c1,0.0
Cc1nnc2c(NCCCCNC(=O)CC(C)C)nc3cc(-c4nc5ccccc5n4C)ccc3n12,9.0,1,0.0,9.0,9.0,2021,2021,1,1,c1ccc2[nH]c(-c3ccc4c(c3)ncc3nncn34)nc2c1,0.0
Cc1nnc2c(NCCCCNC(=O)CC(C)C)nc3cc(-n4ccnc4)ccc3n12,7.89,1,0.0,7.89,7.89,2021,2021,1,1,c1cn(-c2ccc3c(c2)ncc2nncn23)cn1,0.0
Cc1nnc2c(NCCCCNC(=O)CC(C)C)nc3cc(C(=O)O)ccc3n12,7.58,1,0.0,7.58,7.58,2021,2021,1,1,c1ccc2c(c1)ncc1nncn12,0.0
Cc1nnc2c(NCCCCNC(=O)CC(C)C)nc3cc(C(=O)c4ccc(C(=N)NO)cc4)ccc3n12,7.75,1,0.0,7.75,7.75,2021,2021,1,1,O=C(c1ccccc1)c1ccc2c(c1)ncc1nncn12,0.0
Cc1nnc2c(NCCCCNC(=O)CC(C)C)nc3cc(Cl)c(Cl)cc3n12,8.1,1,0.0,8.1,8.1,2021,2021,1,1,c1ccc2c(c1)ncc1nncn12,0.0
Cc1nnc2c(NCCCCNC(=O)CC(C)C)nc3cc(F)c(F)cc3n12,8.1,1,0.0,8.1,8.1,2021,2021,1,1,c1ccc2c(c1)ncc1nncn12,0.0
Cc1nnc2c(NCCCCNC(=O)CC(C)C)nc3cc(N)ccc3n12,7.5,1,0.0,7.5,7.5,2021,2021,1,1,c1ccc2c(c1)ncc1nncn12,0.0
Cc1nnc2c(NCCCCNC(=O)CC(C)C)nc3cc(N4CCSCC4)ccc3n12,7.27,1,0.0,7.27,7.27,2021,2021,1,1,c1cc2c(cc1N1CCSCC1)ncc1nncn12,0.0
Cc1nnc2c(NCCCCNC(=O)CC(C)C)nc3cc(N4CCc5sccc5C4)ccc3n12,7.82,1,0.0,7.82,7.82,2021,2021,1,1,c1cc2c(s1)CCN(c1ccc3c(c1)ncc1nncn13)C2,0.0
Cc1nnc2c(NCCCCNC(=O)CC(C)C)nc3cc(N4C[C@@H](C)O[C@@H](C)C4)ccc3n12,7.24,1,0.0,7.24,7.24,2021,2021,1,1,c1cc2c(cc1N1CCOCC1)ncc1nncn12,0.0
Cc1nnc2c(NCCCCNC(=O)CC(C)C)nc3cc(NCCCO)ccc3n12,8.15,1,0.0,8.15,8.15,2021,2021,1,1,c1ccc2c(c1)ncc1nncn12,0.0
Cc1nnc2c(NCCCCNC(=O)CC(C)C)nc3cc(NS(=O)(=O)CC(F)(F)F)ccc3n12,7.31,1,0.0,7.31,7.31,2021,2021,1,1,c1ccc2c(c1)ncc1nncn12,0.0
Cc1nnc2c(NCCCCNC(=O)CC(C)C)nc3cc(NS(C)(=O)=O)ccc3n12,8.1,1,0.0,8.1,8.1,2021,2021,1,1,c1ccc2c(c1)ncc1nncn12,0.0
Cc1nnc2c(NCCCCNC(=O)CC(C)C)nc3cc(O)ccc3n12,7.64,1,0.0,7.64,7.64,2021,2021,1,1,c1ccc2c(c1)ncc1nncn12,0.0
Cc1nnc2c(NCCCCNC(=O)CC(C)C)nc3cc(OC(C)C)ccc3n12,7.57,1,0.0,7.57,7.57,2021,2021,1,1,c1ccc2c(c1)ncc1nncn12,0.0
Cc1nnc2c(NCCCCNC(=O)CC(C)C)nc3cc(OC4CCN(C(=O)NC(C)(C)C)CC4)ccc3n12,7.89,1,0.0,7.89,7.89,2021,2021,1,1,c1cc2c(cc1OC1CCNCC1)ncc1nncn12,0.0
Cc1nnc2c(NCCCCNC(=O)CC(C)C)nc3cc(OC4CCOCC4)ccc3n12,8.0,1,0.0,8.0,8.0,2021,2021,1,1,c1cc2c(cc1OC1CCOCC1)ncc1nncn12,0.0
Cc1nnc2c(NCCCCNC(=O)CC(C)C)nc3cc(OCC4CCCCO4)ccc3n12,7.44,1,0.0,7.44,7.44,2021,2021,1,1,c1cc2c(cc1OCC1CCCCO1)ncc1nncn12,0.0
Cc1nnc2c(NCCCCNC(=O)CC(C)C)nc3cc(OCCN4CCOCC4)ccc3n12,7.3,1,0.0,7.3,7.3,2021,2021,1,1,c1cc2c(cc1OCCN1CCOCC1)ncc1nncn12,0.0
Cc1nnc2c(NCCCCNC(=O)CC(C)C)nc3cc(OCc4ccc(-c5nn[nH]n5)cc4)ccc3n12,7.0,1,0.0,7.0,7.0,2021,2021,1,1,c1cc(-c2nn[nH]n2)ccc1COc1ccc2c(c1)ncc1nncn12,0.0
Cc1nnc2c(NCCCCNC(=O)CC(C)C)nc3cc(OCc4ccc(-c5nnn(C)n5)cc4)ccc3n12,7.26,1,0.0,7.26,7.26,2021,2021,1,1,c1cc(-c2nn[nH]n2)ccc1COc1ccc2c(c1)ncc1nncn12,0.0
Cc1nnc2c(NCCCCNC(=O)CC(C)C)nc3cc(OCc4ccc(C#N)cc4)ccc3n12,7.15,1,0.0,7.15,7.15,2021,2021,1,1,c1ccc(COc2ccc3c(c2)ncc2nncn23)cc1,0.0
Cc1nnc2c(NCCCCNC(=O)CC(C)C)nc3cc(OCc4ccccc4)ccc3n12,7.66,1,0.0,7.66,7.66,2021,2021,1,1,c1ccc(COc2ccc3c(c2)ncc2nncn23)cc1,0.0
Cc1nnc2c(NCCCCNC(=O)CC(C)C)nc3cc4c(cc3n12)OCCO4,7.77,1,0.0,7.77,7.77,2021,2021,1,1,c1c2c(cc3c1ncc1nncn13)OCCO2,0.0
Cc1nnc2c(NCCCCNC(=O)CC(C)C)nc3ccc(N)cc3n12,7.92,1,0.0,7.92,7.92,2021,2021,1,1,c1ccc2c(c1)ncc1nncn12,0.0
Cc1nnc2c(NCCCCNC(=O)CC(C)C)nc3ccc(NCCCN)cc3n12,7.62,1,0.0,7.62,7.62,2021,2021,1,1,c1ccc2c(c1)ncc1nncn12,0.0
Cc1nnc2c(NCCCCNC(=O)CC(C)C)nc3ccc([N+](=O)[O-])cc3n12,7.365,2,0.44547727214752453,7.05,7.68,2021,2021,1,1,c1ccc2c(c1)ncc1nncn12,0.6299999999999999
Cc1nnc2c(NCCCCNC(=O)CC(C)C)nc3ccccc3n12,7.66,2,0.05656854249492385,7.62,7.7,2021,2021,1,1,c1ccc2c(c1)ncc1nncn12,0.08000000000000007
Cc1nnc2c(NCCCCNC(=O)CCC(C)C)nc3cc(-c4nc5ccccc5n4C)ccc3n12,8.7,1,0.0,8.7,8.7,2021,2021,1,1,c1ccc2[nH]c(-c3ccc4c(c3)ncc3nncn34)nc2c1,0.0
Cc1nnc2c(NCCCCNC(=O)Cc3cccs3)nc3cc(-n4ccnc4)ccc3n12,8.0,1,0.0,8.0,8.0,2021,2021,1,1,O=C(Cc1cccs1)NCCCCNc1nc2cc(-n3ccnc3)ccc2n2cnnc12,0.0
Cc1nnc2c(NCCCCNC(=O)Cc3cccs3)nc3cc(N4CCOCC4)ccc3n12,7.96,1,0.0,7.96,7.96,2021,2021,1,1,O=C(Cc1cccs1)NCCCCNc1nc2cc(N3CCOCC3)ccc2n2cnnc12,0.0
Cc1nnc2c(NCCCCNC(=O)Cc3cccs3)nc3cc(OC(C)C)ccc3n12,7.89,1,0.0,7.89,7.89,2021,2021,1,1,O=C(Cc1cccs1)NCCCCNc1nc2ccccc2n2cnnc12,0.0
Cc1nnc2c(NCCCCNC(=O)Cc3cccs3)nc3cc(OCCN4CCOCC4)ccc3n12,7.43,1,0.0,7.43,7.43,2021,2021,1,1,O=C(Cc1cccs1)NCCCCNc1nc2cc(OCCN3CCOCC3)ccc2n2cnnc12,0.0
Cc1nnc2c(NCCCCNC(=O)Cc3cccs3)nc3cc4c(cc3n12)OCCO4,7.72,1,0.0,7.72,7.72,2021,2021,1,1,O=C(Cc1cccs1)NCCCCNc1nc2cc3c(cc2n2cnnc12)OCCO3,0.0
Cc1nnc2c(NCCCCNC(=O)NC(C)(C)C)nc3ccc(F)cc3n12,7.16,1,0.0,7.16,7.16,2021,2021,1,1,c1ccc2c(c1)ncc1nncn12,0.0
Cc1nnc2c(NCCCCNC(=O)NC(C)(C)C)nc3ccccc3n12,7.09,1,0.0,7.09,7.09,2021,2021,1,1,c1ccc2c(c1)ncc1nncn12,0.0
Cc1nnc2c(NCCCCNC(=O)NC(C)C)nc3cc(-c4nc5ccccc5n4C)ccc3n12,7.82,1,0.0,7.82,7.82,2021,2021,1,1,c1ccc2[nH]c(-c3ccc4c(c3)ncc3nncn34)nc2c1,0.0
Cc1nnc2c(NCCCCNC(=O)NC(C)C)nc3cc4c(cc3n12)OCCO4,7.47,1,0.0,7.47,7.47,2021,2021,1,1,c1c2c(cc3c1ncc1nncn13)OCCO2,0.0
Cc1nnc2c(NCCCCNC(=O)NC3CCCCC3)nc3cc(-c4nc5ccccc5n4C)ccc3n12,7.75,1,0.0,7.75,7.75,2021,2021,1,1,O=C(NCCCCNc1nc2cc(-c3nc4ccccc4[nH]3)ccc2n2cnnc12)NC1CCCCC1,0.0
Cc1nnc2c(NCCCCNC(=O)Nc3cccc(F)c3)nc3ccccc3n12,7.17,1,0.0,7.17,7.17,2021,2021,1,1,O=C(NCCCCNc1nc2ccccc2n2cnnc12)Nc1ccccc1,0.0
Cc1nnc2c(NCCCCNC(=O)Nc3ccccc3)nc3ccc(F)cc3n12,7.22,1,0.0,7.22,7.22,2021,2021,1,1,O=C(NCCCCNc1nc2ccccc2n2cnnc12)Nc1ccccc1,0.0
Cc1nnc2c(NCCCCNC(=O)OC(C)(C)C)nc3cc(-c4nc5ccccc5[nH]4)ccc3n12,7.6,1,0.0,7.6,7.6,2021,2021,1,1,c1ccc2[nH]c(-c3ccc4c(c3)ncc3nncn34)nc2c1,0.0
Cc1nnc2c(NCCCCNC(=O)OC(C)(C)C)nc3cc(-c4nc5ccccc5n4C)ccc3n12,8.05,1,0.0,8.05,8.05,2021,2021,1,1,c1ccc2[nH]c(-c3ccc4c(c3)ncc3nncn34)nc2c1,0.0
Cc1nnc2c(NCCCCNC(=O)OC(C)(C)C)nc3cc(-n4ccnc4)ccc3n12,8.05,1,0.0,8.05,8.05,2021,2021,1,1,c1cn(-c2ccc3c(c2)ncc2nncn23)cn1,0.0
Cc1nnc2c(NCCCCNC(=O)OC(C)(C)C)nc3cc(C(=O)NC(C)(C)C)ccc3n12,7.38,1,0.0,7.38,7.38,2021,2021,1,1,c1ccc2c(c1)ncc1nncn12,0.0
Cc1nnc2c(NCCCCNC(=O)OC(C)(C)C)nc3cc(C(=O)NC(C)C)ccc3n12,7.36,1,0.0,7.36,7.36,2021,2021,1,1,c1ccc2c(c1)ncc1nncn12,0.0
Cc1nnc2c(NCCCCNC(=O)OC(C)(C)C)nc3cc(C(=O)NCc4ccc(Cl)cc4)ccc3n12,7.47,1,0.0,7.47,7.47,2021,2021,1,1,O=C(NCc1ccccc1)c1ccc2c(c1)ncc1nncn12,0.0
Cc1nnc2c(NCCCCNC(=O)OC(C)(C)C)nc3cc(C(=O)NCc4ccccc4)ccc3n12,7.75,1,0.0,7.75,7.75,2021,2021,1,1,O=C(NCc1ccccc1)c1ccc2c(c1)ncc1nncn12,0.0
Cc1nnc2c(NCCCCNC(=O)OC(C)(C)C)nc3cc(C(=O)Nc4ccccc4)ccc3n12,7.46,1,0.0,7.46,7.46,2021,2021,1,1,O=C(Nc1ccccc1)c1ccc2c(c1)ncc1nncn12,0.0
Cc1nnc2c(NCCCCNC(=O)OC(C)(C)C)nc3cc(C(=O)O)ccc3n12,7.15,1,0.0,7.15,7.15,2021,2021,1,1,c1ccc2c(c1)ncc1nncn12,0.0
Cc1nnc2c(NCCCCNC(=O)OC(C)(C)C)nc3cc(C(=O)c4ccccc4)ccc3n12,7.21,1,0.0,7.21,7.21,2021,2021,1,1,O=C(c1ccccc1)c1ccc2c(c1)ncc1nncn12,0.0
Cc1nnc2c(NCCCCNC(=O)OC(C)(C)C)nc3cc(N)ccc3n12,7.19,1,0.0,7.19,7.19,2021,2021,1,1,c1ccc2c(c1)ncc1nncn12,0.0
Cc1nnc2c(NCCCCNC(=O)OC(C)(C)C)nc3cc(N4CCOCC4)ccc3n12,7.42,1,0.0,7.42,7.42,2021,2021,1,1,c1cc2c(cc1N1CCOCC1)ncc1nncn12,0.0
Cc1nnc2c(NCCCCNC(=O)OC(C)(C)C)nc3cc(N4C[C@@H](C)O[C@@H](C)C4)ccc3n12,7.54,1,0.0,7.54,7.54,2021,2021,1,1,c1cc2c(cc1N1CCOCC1)ncc1nncn12,0.0
Cc1nnc2c(NCCCCNC(=O)OC(C)(C)C)nc3cc(NC(=O)C(C)C)ccc3n12,7.64,1,0.0,7.64,7.64,2021,2021,1,1,c1ccc2c(c1)ncc1nncn12,0.0
Cc1nnc2c(NCCCCNC(=O)OC(C)(C)C)nc3cc(OC(C)C)ccc3n12,7.68,1,0.0,7.68,7.68,2021,2021,1,1,c1ccc2c(c1)ncc1nncn12,0.0
Cc1nnc2c(NCCCCNC(=O)OC(C)(C)C)nc3cc(OCCN4CCOCC4)ccc3n12,7.66,1,0.0,7.66,7.66,2021,2021,1,1,c1cc2c(cc1OCCN1CCOCC1)ncc1nncn12,0.0
Cc1nnc2c(NCCCCNC(=O)OC(C)(C)C)nc3cc4c(cc3n12)OCCO4,7.77,1,0.0,7.77,7.77,2021,2021,1,1,c1c2c(cc3c1ncc1nncn13)OCCO2,0.0
Cc1nnc2c(NCCCCNC(=O)OC(C)(C)C)nc3ccc(C(=O)NC(C)C)cc3n12,7.12,1,0.0,7.12,7.12,2021,2021,1,1,c1ccc2c(c1)ncc1nncn12,0.0
Cc1nnc2c(NCCCCNC(=O)OC(C)(C)C)nc3ccc(C(=O)Nc4ccccc4)cc3n12,7.16,1,0.0,7.16,7.16,2021,2021,1,1,O=C(Nc1ccccc1)c1ccc2ncc3nncn3c2c1,0.0
Cc1nnc2c(NCCCCNC(=O)OC(C)(C)C)nc3ccc(C(N)=O)cc3n12,7.17,1,0.0,7.17,7.17,2021,2021,1,1,c1ccc2c(c1)ncc1nncn12,0.0
Cc1nnc2c(NCCCCNC(=O)OC(C)(C)C)nc3ccc(Cl)cc3n12,7.3,1,0.0,7.3,7.3,2021,2021,1,1,c1ccc2c(c1)ncc1nncn12,0.0
Cc1nnc2c(NCCCCNC(=O)OC(C)(C)C)nc3ccc(F)cc3n12,7.38,1,0.0,7.38,7.38,2021,2021,1,1,c1ccc2c(c1)ncc1nncn12,0.0
Cc1nnc2c(NCCCCNC(=O)OC(C)(C)C)nc3ccc(N)cc3n12,7.21,1,0.0,7.21,7.21,2021,2021,1,1,c1ccc2c(c1)ncc1nncn12,0.0
Cc1nnc2c(NCCCCNC(=O)OC(C)(C)C)nc3ccc([N+](=O)[O-])cc3n12,7.43,1,0.0,7.43,7.43,2021,2021,1,1,c1ccc2c(c1)ncc1nncn12,0.0
Cc1nnc2c(NCCCCNC(=O)OC(C)(C)C)nc3ccccc3n12,7.13,1,0.0,7.13,7.13,2021,2021,1,1,c1ccc2c(c1)ncc1nncn12,0.0
Cc1nnc2c(NCCCCNC(=O)OC(C)C)nc3c(C(F)(F)F)cc(F)cc3n12,7.29,2,0.3535533905932738,7.04,7.54,2021,2021,1,1,c1ccc2c(c1)ncc1nncn12,0.5
Cc1nnc2c(NCCCCNC(=O)OC(C)C)nc3cc(-n4ccnc4)ccc3n12,7.85,1,0.0,7.85,7.85,2021,2021,1,1,c1cn(-c2ccc3c(c2)ncc2nncn23)cn1,0.0
Cc1nnc2c(NCCCCNC(=O)OC(C)C)nc3cc(C(=O)Nc4ccccc4N)ccc3n12,7.66,1,0.0,7.66,7.66,2021,2021,1,1,O=C(Nc1ccccc1)c1ccc2c(c1)ncc1nncn12,0.0
Cc1nnc2c(NCCCCNC(=O)OC(C)C)nc3cc(N4CCOCC4)ccc3n12,7.82,1,0.0,7.82,7.82,2021,2021,1,1,c1cc2c(cc1N1CCOCC1)ncc1nncn12,0.0
Cc1nnc2c(NCCCCNC(=O)OC(C)C)nc3cc(OCCN4CCOCC4)ccc3n12,7.75,1,0.0,7.75,7.75,2021,2021,1,1,c1cc2c(cc1OCCN1CCOCC1)ncc1nncn12,0.0
Cc1nnc2c(NCCCCNC(=O)OC(C)C)nc3cc4c(cc3n12)OCCO4,7.6,1,0.0,7.6,7.6,2021,2021,1,1,c1c2c(cc3c1ncc1nncn13)OCCO2,0.0
Cc1nnc2c(NCCCCNC(=O)OC(C)C)nc3ccccc3n12,7.46,1,0.0,7.46,7.46,2021,2021,1,1,c1ccc2c(c1)ncc1nncn12,0.0
Cc1nnc2c(NCCCCNC(=O)OC3CCCC3)nc3cc(-c4nc5ccccc5n4C)ccc3n12,8.52,1,0.0,8.52,8.52,2021,2021,1,1,O=C(NCCCCNc1nc2cc(-c3nc4ccccc4[nH]3)ccc2n2cnnc12)OC1CCCC1,0.0
Cc1nnc2c(NCCCCNC(=O)OC3CCCC3)nc3cc(OC(C)C)ccc3n12,7.62,1,0.0,7.62,7.62,2021,2021,1,1,O=C(NCCCCNc1nc2ccccc2n2cnnc12)OC1CCCC1,0.0
Cc1nnc2c(NCCCCNC(=O)OC3CCCC3)nc3cc(OCCN4CCOCC4)ccc3n12,7.51,1,0.0,7.51,7.51,2021,2021,1,1,O=C(NCCCCNc1nc2cc(OCCN3CCOCC3)ccc2n2cnnc12)OC1CCCC1,0.0
Cc1nnc2c(NCCCCNC(=O)OC3CCCC3)nc3cc4c(cc3n12)OCCO4,7.55,1,0.0,7.55,7.55,2021,2021,1,1,O=C(NCCCCNc1nc2cc3c(cc2n2cnnc12)OCCO3)OC1CCCC1,0.0
Cc1nnc2c(NCCCCNC(=O)OCC(C)C)nc3cc(-n4ccnc4)ccc3n12,8.3,1,0.0,8.3,8.3,2021,2021,1,1,c1cn(-c2ccc3c(c2)ncc2nncn23)cn1,0.0
Cc1nnc2c(NCCCCNC(=O)OCC(C)C)nc3cc4c(cc3n12)OCCO4,7.77,1,0.0,7.77,7.77,2021,2021,1,1,c1c2c(cc3c1ncc1nncn13)OCCO2,0.0
Cc1nnc2c(NCCCCNC(=O)OCc3ccccc3)nc3ccccc3n12,7.26,1,0.0,7.26,7.26,2021,2021,1,1,O=C(NCCCCNc1nc2ccccc2n2cnnc12)OCc1ccccc1,0.0
Cc1nnc2c(NCCCCNC(=O)Oc3ccccc3)nc3cc4c(cc3n12)OCCO4,8.0,1,0.0,8.0,8.0,2021,2021,1,1,O=C(NCCCCNc1nc2cc3c(cc2n2cnnc12)OCCO3)Oc1ccccc1,0.0
Cc1nnc2c(NCCCCNC(=O)[C@@H](F)C(C)C)nc3cc(N4CCOCC4)ccc3n12,7.4,1,0.0,7.4,7.4,2021,2021,1,1,c1cc2c(cc1N1CCOCC1)ncc1nncn12,0.0
Cc1nnc2c(NCCCCNC(=O)[C@@H](F)C(C)C)nc3cc(N4CCc5sccc5C4)ccc3n12,7.51,1,0.0,7.51,7.51,2021,2021,1,1,c1cc2c(s1)CCN(c1ccc3c(c1)ncc1nncn13)C2,0.0
Cc1nnc2c(NCCCCNC(=O)[C@@H](F)C(C)C)nc3cc(N4C[C@@H](C)O[C@@H](C)C4)ccc3n12,7.47,1,0.0,7.47,7.47,2021,2021,1,1,c1cc2c(cc1N1CCOCC1)ncc1nncn12,0.0
Cc1nnc2c(NCCCCNC(=O)[C@@H](NC(=O)C(C)(C)C)C(C)C)nc3cc(N4C[C@@H](C)O[C@@H](C)C4)ccc3n12,7.31,1,0.0,7.31,7.31,2021,2021,1,1,c1cc2c(cc1N1CCOCC1)ncc1nncn12,0.0
Cc1nnc2c(NCCCCNC(=O)[C@@H](NC(=O)C(C)O)C(C)C)nc3cc(N4CCOCC4)ccc3n12,7.47,1,0.0,7.47,7.47,2021,2021,1,1,c1cc2c(cc1N1CCOCC1)ncc1nncn12,0.0
Cc1nnc2c(NCCCCNC(=O)[C@@H](NC(=O)OC(C)(C)C)C(C)C)nc3cc(N4CCOCC4)ccc3n12,7.52,1,0.0,7.52,7.52,2021,2021,1,1,c1cc2c(cc1N1CCOCC1)ncc1nncn12,0.0
Cc1nnc2c(NCCCCNC(=O)[C@@H](NC(=O)OC(C)(C)C)C(C)C)nc3cc(N4C[C@@H](C)O[C@@H](C)C4)ccc3n12,7.47,2,0.3535533905932738,7.22,7.72,2021,2021,1,1,c1cc2c(cc1N1CCOCC1)ncc1nncn12,0.5
Cc1nnc2c(NCCCCNC(=O)[C@@H](NC(=O)OC(C)C)C(C)C)nc3cc(N4C[C@@H](C)O[C@@H](C)C4)ccc3n12,7.62,1,0.0,7.62,7.62,2021,2021,1,1,c1cc2c(cc1N1CCOCC1)ncc1nncn12,0.0
Cc1nnc2c(NCCCCNC(=O)[C@@H](NC(=O)OCC(C)C)C(C)C)nc3cc(N4C[C@@H](C)O[C@@H](C)C4)ccc3n12,7.62,1,0.0,7.62,7.62,2021,2021,1,1,c1cc2c(cc1N1CCOCC1)ncc1nncn12,0.0
Cc1nnc2c(NCCCCNC(=O)[C@@H](NC(=O)[C@@H](F)C(C)C)C(C)C)nc3cc(N4C[C@@H](C)O[C@@H](C)C4)ccc3n12,7.42,1,0.0,7.42,7.42,2021,2021,1,1,c1cc2c(cc1N1CCOCC1)ncc1nncn12,0.0
Cc1nnc2c(NCCCCNC(=O)[C@@H](NS(C)(=O)=O)C(C)C)nc3cc(N4CCOCC4)ccc3n12,7.58,1,0.0,7.58,7.58,2021,2021,1,1,c1cc2c(cc1N1CCOCC1)ncc1nncn12,0.0
Cc1nnc2c(NCCCCNC(=O)[C@@H](O)C(C)C)nc3cc(-c4nc5ccccc5n4C)ccc3n12,8.22,1,0.0,8.22,8.22,2021,2021,1,1,c1ccc2[nH]c(-c3ccc4c(c3)ncc3nncn34)nc2c1,0.0
Cc1nnc2c(NCCCCNC(=O)[C@@H](O)C(C)C)nc3cc(F)c(F)cc3n12,8.22,1,0.0,8.22,8.22,2021,2021,1,1,c1ccc2c(c1)ncc1nncn12,0.0
Cc1nnc2c(NCCCCNC(=O)[C@@H](O)C(C)C)nc3cc(N4CCOCC4)ccc3n12,7.58,2,0.537401153701776,7.2,7.96,2021,2021,1,1,c1cc2c(cc1N1CCOCC1)ncc1nncn12,0.7599999999999998
Cc1nnc2c(NCCCCNC(=O)[C@@H](O)C(C)C)nc3cc(OCCN4CCOCC4)ccc3n12,8.1,1,0.0,8.1,8.1,2021,2021,1,1,c1cc2c(cc1OCCN1CCOCC1)ncc1nncn12,0.0
Cc1nnc2c(NCCCCNC(=O)[C@@H](O)C(C)C)nc3cc4c(cc3n12)OCCO4,7.96,1,0.0,7.96,7.96,2021,2021,1,1,c1c2c(cc3c1ncc1nncn13)OCCO2,0.0
Cc1nnc2c(NCCCCNC(=O)[C@@H](O)C(C)C)nc3ccccc3n12,8.3,1,0.0,8.3,8.3,2021,2021,1,1,c1ccc2c(c1)ncc1nncn12,0.0
Cc1nnc2c(NCCCCNC(=O)[C@H](O)C(C)C)nc3cc(-c4nc5ccccc5[nH]4)ccc3n12,8.4,1,0.0,8.4,8.4,2021,2021,1,1,c1ccc2[nH]c(-c3ccc4c(c3)ncc3nncn34)nc2c1,0.0
Cc1nnc2c(NCCCCNC(=O)[C@H](O)C(C)C)nc3cc(-c4nc5ccccc5n4C)ccc3n12,7.96,1,0.0,7.96,7.96,2021,2021,1,1,c1ccc2[nH]c(-c3ccc4c(c3)ncc3nncn34)nc2c1,0.0
Cc1nnc2c(NCCCCNC(=O)[C@H](O)C(C)C)nc3cc(F)c(F)cc3n12,7.01,1,0.0,7.01,7.01,2021,2021,1,1,c1ccc2c(c1)ncc1nncn12,0.0
Cc1nnc2c(NCCCCNC(=O)[C@H](O)C(C)C)nc3cc(N4CCOCC4)ccc3n12,7.16,1,0.0,7.16,7.16,2021,2021,1,1,c1cc2c(cc1N1CCOCC1)ncc1nncn12,0.0
Cc1nnc2c(NCCCCNC(=O)[C@H](O)C(C)C)nc3cc(N4C[C@@H](C)O[C@@H](C)C4)ccc3n12,7.19,1,0.0,7.19,7.19,2021,2021,1,1,c1cc2c(cc1N1CCOCC1)ncc1nncn12,0.0
Cc1nnc2c(NCCCCNC(=O)[C@H](O)C(C)C)nc3cc(OCCN4CCOCC4)ccc3n12,7.68,1,0.0,7.68,7.68,2021,2021,1,1,c1cc2c(cc1OCCN1CCOCC1)ncc1nncn12,0.0
Cc1nnc2c(NCCCCNC(=O)[C@H](O)C(C)C)nc3cc4c(cc3n12)OCCO4,7.66,1,0.0,7.66,7.66,2021,2021,1,1,c1c2c(cc3c1ncc1nncn13)OCCO2,0.0
Cc1nnc2c(NCCCCNC(=O)c3ccc(Cl)c(Cl)c3)nc3ccccc3n12,7.36,1,0.0,7.36,7.36,2021,2021,1,1,O=C(NCCCCNc1nc2ccccc2n2cnnc12)c1ccccc1,0.0
Cc1nnc2c(NCCCCNC(=O)c3ccc(Cl)cc3)nc3ccccc3n12,7.39,1,0.0,7.39,7.39,2021,2021,1,1,O=C(NCCCCNc1nc2ccccc2n2cnnc12)c1ccccc1,0.0
Cc1nnc2c(NCCCCNC(=O)c3ccc(Cl)nc3)nc3ccccc3n12,7.37,1,0.0,7.37,7.37,2021,2021,1,1,O=C(NCCCCNc1nc2ccccc2n2cnnc12)c1cccnc1,0.0
Cc1nnc2c(NCCCCNC(=O)c3ccc(Cl)nc3Cl)nc3ccccc3n12,7.44,1,0.0,7.44,7.44,2021,2021,1,1,O=C(NCCCCNc1nc2ccccc2n2cnnc12)c1cccnc1,0.0
Cc1nnc2c(NCCCCNC(=O)c3cccc(Cl)c3)nc3ccccc3n12,7.57,1,0.0,7.57,7.57,2021,2021,1,1,O=C(NCCCCNc1nc2ccccc2n2cnnc12)c1ccccc1,0.0
Cc1nnc2c(NCCCCNC(=O)c3cccc(Cl)c3Cl)nc3ccccc3n12,7.29,1,0.0,7.29,7.29,2021,2021,1,1,O=C(NCCCCNc1nc2ccccc2n2cnnc12)c1ccccc1,0.0
Cc1nnc2c(NCCCCNC(=O)c3ccccc3)nc3cc(C(=O)NC(C)C)ccc3n12,7.12,1,0.0,7.12,7.12,2021,2021,1,1,O=C(NCCCCNc1nc2ccccc2n2cnnc12)c1ccccc1,0.0
Cc1nnc2c(NCCCCNC(=O)c3ccccc3)nc3cc(Cl)c(Cl)cc3n12,7.51,1,0.0,7.51,7.51,2021,2021,1,1,O=C(NCCCCNc1nc2ccccc2n2cnnc12)c1ccccc1,0.0
Cc1nnc2c(NCCCCNC(=O)c3ccccc3)nc3cc(NC(=O)C(C)C)ccc3n12,7.27,1,0.0,7.27,7.27,2021,2021,1,1,O=C(NCCCCNc1nc2ccccc2n2cnnc12)c1ccccc1,0.0
Cc1nnc2c(NCCCCNC(=O)c3ccccc3)nc3cc(OC(F)(F)F)ccc3n12,7.31,1,0.0,7.31,7.31,2021,2021,1,1,O=C(NCCCCNc1nc2ccccc2n2cnnc12)c1ccccc1,0.0
Cc1nnc2c(NCCCCNC(=O)c3ccccc3)nc3cc4c(cc3n12)OCCO4,7.66,1,0.0,7.66,7.66,2021,2021,1,1,O=C(NCCCCNc1nc2cc3c(cc2n2cnnc12)OCCO3)c1ccccc1,0.0
Cc1nnc2c(NCCCCNC(=O)c3ccccc3)nc3ccc(C(=O)NCCN(C)C)cc3n12,7.03,1,0.0,7.03,7.03,2021,2021,1,1,O=C(NCCCCNc1nc2ccccc2n2cnnc12)c1ccccc1,0.0
Cc1nnc2c(NCCCCNC(=O)c3ccccc3)nc3ccc(F)cc3n12,7.42,1,0.0,7.42,7.42,2021,2021,1,1,O=C(NCCCCNc1nc2ccccc2n2cnnc12)c1ccccc1,0.0
Cc1nnc2c(NCCCCNC(=O)c3ccccc3)nc3ccc(NC(=O)C(C)C)cc3n12,7.25,1,0.0,7.25,7.25,2021,2021,1,1,O=C(NCCCCNc1nc2ccccc2n2cnnc12)c1ccccc1,0.0
Cc1nnc2c(NCCCCNC(=O)c3ccccc3)nc3ccc(OC(F)(F)F)cc3n12,7.41,1,0.0,7.41,7.41,2021,2021,1,1,O=C(NCCCCNc1nc2ccccc2n2cnnc12)c1ccccc1,0.0
Cc1nnc2c(NCCCCNC(=O)c3ccccc3)nc3ccccc3n12,7.24,1,0.0,7.24,7.24,2021,2021,1,1,O=C(NCCCCNc1nc2ccccc2n2cnnc12)c1ccccc1,0.0
Cc1nnc2c(NCCCCNC(=O)c3ccccc3Cl)nc3cc(Cl)c(Cl)cc3n12,7.05,1,0.0,7.05,7.05,2021,2021,1,1,O=C(NCCCCNc1nc2ccccc2n2cnnc12)c1ccccc1,0.0
Cc1nnc2c(NCCCCNC(=O)c3ccccc3Cl)nc3cc(OC(C)C)ccc3n12,7.96,1,0.0,7.96,7.96,2021,2021,1,1,O=C(NCCCCNc1nc2ccccc2n2cnnc12)c1ccccc1,0.0
Cc1nnc2c(NCCCCNC(=O)c3ccccc3Cl)nc3cc(OC(F)(F)F)ccc3n12,7.57,1,0.0,7.57,7.57,2021,2021,1,1,O=C(NCCCCNc1nc2ccccc2n2cnnc12)c1ccccc1,0.0
Cc1nnc2c(NCCCCNC(=O)c3ccccc3Cl)nc3cc(OCCN4CCOCC4)ccc3n12,7.42,1,0.0,7.42,7.42,2021,2021,1,1,O=C(NCCCCNc1nc2cc(OCCN3CCOCC3)ccc2n2cnnc12)c1ccccc1,0.0
Cc1nnc2c(NCCCCNC(=O)c3ccccc3Cl)nc3cc4c(cc3n12)OCCO4,7.62,1,0.0,7.62,7.62,2021,2021,1,1,O=C(NCCCCNc1nc2cc3c(cc2n2cnnc12)OCCO3)c1ccccc1,0.0
Cc1nnc2c(NCCCCNC(=O)c3ccccc3Cl)nc3ccc(OC(F)(F)F)cc3n12,7.46,1,0.0,7.46,7.46,2021,2021,1,1,O=C(NCCCCNc1nc2ccccc2n2cnnc12)c1ccccc1,0.0
Cc1nnc2c(NCCCCNC(=O)c3ccccc3Cl)nc3ccccc3n12,7.24,1,0.0,7.24,7.24,2021,2021,1,1,O=C(NCCCCNc1nc2ccccc2n2cnnc12)c1ccccc1,0.0
Cc1nnc2c(NCCCCNCCC(C)C)nc3cc(OC(=O)c4ccccc4)ccc3n12,7.48,1,0.0,7.48,7.48,2021,2021,1,1,O=C(Oc1ccc2c(c1)ncc1nncn12)c1ccccc1,0.0
Cc1nnc2c(NCCCCOC(=O)C(C)(C)C)nc3ccccc3n12,7.33,1,0.0,7.33,7.33,2021,2021,1,1,c1ccc2c(c1)ncc1nncn12,0.0
Cc1nnc2c(NCCCCOC(=O)C(C)C)nc3ccccc3n12,7.36,1,0.0,7.36,7.36,2021,2021,1,1,c1ccc2c(c1)ncc1nncn12,0.0
Cc1nnc2c(NCCCCOC(=O)CC(C)(C)C)nc3ccccc3n12,7.62,1,0.0,7.62,7.62,2021,2021,1,1,c1ccc2c(c1)ncc1nncn12,0.0
Cc1nnc2c(NCCCCOC(=O)c3ccccc3)nc3ccccc3n12,7.04,1,0.0,7.04,7.04,2021,2021,1,1,O=C(OCCCCNc1nc2ccccc2n2cnnc12)c1ccccc1,0.0
Cc1nnc2c(N[C@@H]3CCOC3)cc(N(C)Cc3ccccc3)nn12,7.6,2,0.0,7.6,7.6,2016,2016,1,2,c1ccc(CNc2cc(NC3CCOC3)c3nncn3n2)cc1,0.0
Cc1nnc2c(N[C@@H]3CCOC3)nc(-c3nc4cnc(N5CCOCC5)cc4n3Cc3ccccn3)cn12,7.7,1,0.0,7.7,7.7,2019,2019,1,1,c1ccc(Cn2c(-c3cn4cnnc4c(NC4CCOC4)n3)nc3cnc(N4CCOCC4)cc32)nc1,0.0
Cc1nnc2c(N[C@@H]3CCOC3)nc(-c3nc4cnc(N5CCOCC5)cc4n3Cc3cccnc3)cn12,7.89,1,0.0,7.89,7.89,2019,2019,1,1,c1cncc(Cn2c(-c3cn4cnnc4c(NC4CCOC4)n3)nc3cnc(N4CCOCC4)cc32)c1,0.0
Cc1nnc2c(N[C@H]3CCOC3)cc(N(C)Cc3ccccc3)nn12,7.17,2,0.0,7.17,7.17,2016,2016,1,2,c1ccc(CNc2cc(NC3CCOC3)c3nncn3n2)cc1,0.0
Cc1nnc2c(Nc3ccc(CNC(=O)OC(C)(C)C)cc3)nc3ccccc3n12,5.57,1,0.0,5.57,5.57,2017,2017,1,1,c1ccc(Nc2nc3ccccc3n3cnnc23)cc1,0.0
Cc1nnc2c(Nc3ccc(NC(=O)OC(C)(C)C)cc3)nc3ccccc3n12,5.19,1,0.0,5.19,5.19,2017,2017,1,1,c1ccc(Nc2nc3ccccc3n3cnnc23)cc1,0.0
Cc1nnc2c(Nc3cccc(CN)c3)nc3ccccc3n12,6.46,1,0.0,6.46,6.46,2017,2017,1,1,c1ccc(Nc2nc3ccccc3n3cnnc23)cc1,0.0
Cc1nnc2c(Nc3cccc(CNC(=O)C(C)(C)C)c3)nc3ccccc3n12,7.01,1,0.0,7.01,7.01,2017,2017,1,1,c1ccc(Nc2nc3ccccc3n3cnnc23)cc1,0.0
Cc1nnc2c(Nc3cccc(CNC(=O)C(C)C)c3)nc3ccccc3n12,7.17,1,0.0,7.17,7.17,2017,2017,1,1,c1ccc(Nc2nc3ccccc3n3cnnc23)cc1,0.0
Cc1nnc2c(Nc3cccc(CNC(=O)OC(C)(C)C)c3)nc3ccccc3n12,7.77,1,0.0,7.77,7.77,2017,2017,1,1,c1ccc(Nc2nc3ccccc3n3cnnc23)cc1,0.0
Cc1nnc2c(Nc3cccc(CNC(=O)OC(C)(C)C)c3)nccn12,5.82,1,0.0,5.82,5.82,2017,2017,1,1,c1ccc(Nc2nccn3cnnc23)cc1,0.0
Cc1nnc2c(Nc3cccc(CNC(=O)c4ccccc4)c3)nc3ccccc3n12,6.19,1,0.0,6.19,6.19,2017,2017,1,1,O=C(NCc1cccc(Nc2nc3ccccc3n3cnnc23)c1)c1ccccc1,0.0
Cc1nnc2c(Nc3cccc(NC(=O)OC(C)(C)C)c3)nc3ccccc3n12,6.92,1,0.0,6.92,6.92,2017,2017,1,1,c1ccc(Nc2nc3ccccc3n3cnnc23)cc1,0.0
Cc1nnc2ccc3[nH]ccc3n12,6.26,2,0.0,6.26,6.26,2017,2017,1,2,c1cc2c(ccc3nncn32)[nH]1,0.0
Cc1nnc2ccc3c(cc(-c4ccccn4)n3Cc3ccccc3)n12,5.76,2,0.7071067811865476,5.26,6.26,2017,2019,2,2,c1ccc(Cn2c(-c3ccccn3)cc3c2ccc2nncn23)cc1,1.0
Cc1nnc2ccc3c(cc(-c4cccs4)n3Cc3ccccc3)n12,5.76,2,0.7071067811865476,5.26,6.26,2017,2019,2,2,c1ccc(Cn2c(-c3cccs3)cc3c2ccc2nncn23)cc1,1.0
Cc1nnc2ccc3c(cc(-c4ccn(CCN(C)C)n4)n3Cc3ccccc3)n12,5.76,2,0.7071067811865476,5.26,6.26,2017,2019,2,2,c1ccc(Cn2c(-c3cc[nH]n3)cc3c2ccc2nncn23)cc1,1.0
Cc1nnc2ccc3c(cc(-c4cncn4C)n3Cc3ccccc3)n12,6.26,3,0.6652317891782783,5.26,6.52,2017,2019,2,3,c1ccc(Cn2c(-c3cnc[nH]3)cc3c2ccc2nncn23)cc1,1.2599999999999998
Cc1nnc2ccc3c(cc(-c4cncs4)n3Cc3ccccc3)n12,5.76,2,0.7071067811865476,5.26,6.26,2017,2019,2,2,c1ccc(Cn2c(-c3cncs3)cc3c2ccc2nncn23)cc1,1.0
Cc1nnc2ccc3c(cc(C(=O)N(C)C)n3Cc3ccccc3)n12,5.76,4,0.5773502691896258,5.26,6.26,2017,2019,2,4,c1ccc(Cn2ccc3c2ccc2nncn23)cc1,1.0
Cc1nnc2ccc3c(cc(C(=O)N4CC(C#N)C4)n3Cc3ccccc3)n12,5.76,2,0.7071067811865476,5.26,6.26,2017,2019,2,2,O=C(c1cc2c(ccc3nncn32)n1Cc1ccccc1)N1CCC1,1.0
Cc1nnc2ccc3c(cc(C(=O)N4CCOCC4)n3Cc3cccc(Cl)c3)n12,5.89,4,0.7274613391789283,5.26,6.52,2017,2019,2,4,O=C(c1cc2c(ccc3nncn32)n1Cc1ccccc1)N1CCOCC1,1.2599999999999998
Cc1nnc2ccc3c(cc(C(=O)NC(C)(C)C)n3Cc3cccc(Cl)c3)n12,5.76,4,0.5773502691896258,5.26,6.26,2017,2019,2,4,c1ccc(Cn2ccc3c2ccc2nncn23)cc1,1.0
Cc1nnc2ccc3c(cc(C(=O)NC(C)C)n3Cc3ccccc3)n12,5.76,4,0.5773502691896258,5.26,6.26,2017,2019,2,4,c1ccc(Cn2ccc3c2ccc2nncn23)cc1,1.0
Cc1nnc2ccc3c(cc(C(=O)NC4CN(C)C4)n3Cc3cccc(Cl)c3)n12,5.76,4,0.5773502691896258,5.26,6.26,2017,2019,2,4,O=C(NC1CNC1)c1cc2c(ccc3nncn32)n1Cc1ccccc1,1.0
Cc1nnc2ccc3c(cc(C(=O)NCC(C)C)n3Cc3ccccc3)n12,5.76,4,0.5773502691896258,5.26,6.26,2017,2019,2,4,c1ccc(Cn2ccc3c2ccc2nncn23)cc1,1.0
Cc1nnc2ccc3c(cc(C(=O)NCC4CNC4)n3Cc3cccc(Cl)c3)n12,5.76,4,0.5773502691896258,5.26,6.26,2017,2019,2,4,O=C(NCC1CNC1)c1cc2c(ccc3nncn32)n1Cc1ccccc1,1.0
Cc1nnc2ccc3c(cc(C(=O)NCC4CNC4)n3Cc3ccccc3)n12,5.89,4,0.7274613391789283,5.26,6.52,2017,2019,2,4,O=C(NCC1CNC1)c1cc2c(ccc3nncn32)n1Cc1ccccc1,1.2599999999999998
Cc1nnc2ccc3c(cc(C(=O)NCCCO)n3Cc3ccccc3)n12,5.76,2,0.7071067811865476,5.26,6.26,2017,2019,2,2,c1ccc(Cn2ccc3c2ccc2nncn23)cc1,1.0
Cc1nnc2ccc3c(cc(C(=O)NCCN(C)C)n3Cc3cccc(Cl)c3)n12,5.76,4,0.5773502691896258,5.26,6.26,2017,2019,2,4,c1ccc(Cn2ccc3c2ccc2nncn23)cc1,1.0
Cc1nnc2ccc3c(cc(C(=O)NCc4ccncc4)n3Cc3ccccc3)n12,5.76,4,0.5773502691896258,5.26,6.26,2017,2019,2,4,O=C(NCc1ccncc1)c1cc2c(ccc3nncn32)n1Cc1ccccc1,1.0
Cc1nnc2ccc3c(cc(C(=O)N[C@H](C)C(F)(F)F)n3Cc3ccccc3)n12,5.76,4,0.5773502691896258,5.26,6.26,2017,2019,2,4,c1ccc(Cn2ccc3c2ccc2nncn23)cc1,1.0
Cc1nnc2ccc3c(cc(C(=O)N[C@H]4C[C@@H](C#N)C4)n3Cc3ccccc3)n12,5.76,4,0.5773502691896258,5.26,6.26,2017,2019,2,4,O=C(NC1CCC1)c1cc2c(ccc3nncn32)n1Cc1ccccc1,1.0
Cc1nnc2ccc3c(cc(C(F)(F)F)n3Cc3ccccc3)n12,5.76,4,0.5773502691896258,5.26,6.26,2017,2019,2,4,c1ccc(Cn2ccc3c2ccc2nncn23)cc1,1.0
Cc1nnc2ccc3c(cc(C4CCNC4)n3Cc3ccccc3)n12,6.26,3,0.6652317891782783,5.26,6.52,2017,2019,2,3,c1ccc(Cn2c(C3CCNC3)cc3c2ccc2nncn23)cc1,1.2599999999999998
Cc1nnc2ccc3c(cc(CCO)n3Cc3ccccc3)n12,6.26,3,0.6652317891782783,5.26,6.52,2017,2019,2,3,c1ccc(Cn2ccc3c2ccc2nncn23)cc1,1.2599999999999998
Cc1nnc2ccc3c(cc(CO)n3Cc3ccccc3)n12,5.76,2,0.7071067811865476,5.26,6.26,2017,2019,2,2,c1ccc(Cn2ccc3c2ccc2nncn23)cc1,1.0
Cc1nnc2ccc3c(cc(Cn4ccnc4)n3Cc3ccccc3)n12,6.26,3,0.6652317891782783,5.26,6.52,2017,2019,2,3,c1ccc(Cn2c(Cn3ccnc3)cc3c2ccc2nncn23)cc1,1.2599999999999998
Cc1nnc2ccc3c(ccn3C(C)c3ccccc3)n12,5.76,2,0.7071067811865476,5.26,6.26,2017,2019,2,2,c1ccc(Cn2ccc3c2ccc2nncn23)cc1,1.0
Cc1nnc2ccc3c(ccn3Cc3ccccc3)n12,5.76,2,0.7071067811865476,5.26,6.26,2017,2019,2,2,c1ccc(Cn2ccc3c2ccc2nncn23)cc1,1.0
Cc1nnc2ccc3c(ccn3S(=O)(=O)c3ccccc3)n12,5.26,2,0.0,5.26,5.26,2019,2019,1,2,O=S(=O)(c1ccccc1)n1ccc2c1ccc1nncn12,0.0
Cc1nnc2ccc3c(cnn3Cc3ccccc3)n12,5.76,4,0.5773502691896258,5.26,6.26,2017,2019,2,4,c1ccc(Cn2ncc3c2ccc2nncn23)cc1,1.0
Cc1nnc2n1-c1ccc(-c3ccc(=O)n(C)c3)cc1N(c1ccc(Cl)cc1)C[C@H]2C,7.6,1,0.0,7.6,7.6,2016,2016,1,1,O=c1ccc(-c2ccc3c(c2)N(c2ccccc2)CCc2nncn2-3)c[nH]1,0.0
Cc1nnc2n1-c1ccc(-c3ccc(N)nc3)cc1N(c1ccc(Cl)cc1)CC2C,7.58,1,0.0,7.58,7.58,2016,2016,1,1,c1ccc(N2CCc3nncn3-c3ccc(-c4cccnc4)cc32)cc1,0.0
Cc1nnc2n1-c1ccc(-c3ccc(N)nc3)cc1N(c1ccc(Cl)cc1)C[C@@H]2C,6.1,1,0.0,6.1,6.1,2016,2016,1,1,c1ccc(N2CCc3nncn3-c3ccc(-c4cccnc4)cc32)cc1,0.0
Cc1nnc2n1-c1ccc(-c3ccc(N)nc3)cc1N(c1ccc(Cl)cc1)C[C@H]2C,7.82,1,0.0,7.82,7.82,2016,2016,1,1,c1ccc(N2CCc3nncn3-c3ccc(-c4cccnc4)cc32)cc1,0.0
Cc1nnc2n1-c1ccc(-c3cnn(C)c3)cc1N(c1ccc(Cl)cc1)CC2,7.36,1,0.0,7.36,7.36,2016,2016,1,1,c1ccc(N2CCc3nncn3-c3ccc(-c4cn[nH]c4)cc32)cc1,0.0
Cc1nnc2n1-c1ccc(-n3cncn3)cc1N(c1ccc(Cl)cc1)C[C@H]2C,7.13,1,0.0,7.13,7.13,2016,2016,1,1,c1ccc(N2CCc3nncn3-c3ccc(-n4cncn4)cc32)cc1,0.0
Cc1nnc2n1-c1ccc(C(N)=O)cc1N(c1ccc(Cl)cc1)C[C@H]2C,7.19,1,0.0,7.19,7.19,2016,2016,1,1,c1ccc(N2CCc3nncn3-c3ccccc32)cc1,0.0
Cc1nnc2n1-c1ccc(Cl)cc1C(c1ccccc1)=NC2NC(=O)OCc1ccccc1,5.9,1,0.0,5.9,5.9,2013,2013,1,1,O=C(NC1N=C(c2ccccc2)c2ccccc2-n2cnnc21)OCc1ccccc1,0.0
Cc1nnc2n1-c1ccc(S(C)(=O)=O)cc1N(c1ccc(Cl)cc1)C[C@H]2C,5.92,1,0.0,5.92,5.92,2016,2016,1,1,c1ccc(N2CCc3nncn3-c3ccccc32)cc1,0.0
Cc1nnc2n1-c1ccc([N+](=O)[O-])cc1C(c1ccccc1)=NC2NC(=O)OCc1ccccc1,5.5,1,0.0,5.5,5.5,2013,2013,1,1,O=C(NC1N=C(c2ccccc2)c2ccccc2-n2cnnc21)OCc1ccccc1,0.0
Cc1nnc2n1-c1ccccc1C(c1ccc(Cl)cc1)=NC2,5.75,1,0.0,5.75,5.75,2016,2016,1,1,c1ccc(C2=NCc3nncn3-c3ccccc32)cc1,0.0
Cc1nnc2n1-c1ccccc1C(c1ccccc1)=NC2CC(=O)NCc1ccccc1,5.2,1,0.0,5.2,5.2,2013,2013,1,1,O=C(CC1N=C(c2ccccc2)c2ccccc2-n2cnnc21)NCc1ccccc1,0.0
Cc1nnc2n1-c1ccccc1C(c1ccccc1)=NC2N,4.7,1,0.0,4.7,4.7,2013,2013,1,1,c1ccc(C2=NCc3nncn3-c3ccccc32)cc1,0.0
Cc1nnc2n1-c1ccccc1C(c1ccccc1)=NC2NC(=O)CCc1ccccc1,5.4,1,0.0,5.4,5.4,2013,2013,1,1,O=C(CCc1ccccc1)NC1N=C(c2ccccc2)c2ccccc2-n2cnnc21,0.0
Cc1nnc2n1-c1ccccc1C(c1ccccc1)=NC2NC(=O)NCc1ccccc1,5.9,1,0.0,5.9,5.9,2013,2013,1,1,O=C(NCc1ccccc1)NC1N=C(c2ccccc2)c2ccccc2-n2cnnc21,0.0
Cc1nnc2n1-c1ccccc1C(c1ccccc1)=NC2NC(=O)OCc1ccc(F)cc1,6.3,1,0.0,6.3,6.3,2013,2013,1,1,O=C(NC1N=C(c2ccccc2)c2ccccc2-n2cnnc21)OCc1ccccc1,0.0
Cc1nnc2n1-c1ccccc1C(c1ccccc1)=NC2NC(=O)OCc1ccccc1,6.3,1,0.0,6.3,6.3,2013,2013,1,1,O=C(NC1N=C(c2ccccc2)c2ccccc2-n2cnnc21)OCc1ccccc1,0.0
Cc1nnc2n1-c1ccccc1C(c1ccccc1)=NC2NC(=O)Oc1cccc(F)c1,5.8,1,0.0,5.8,5.8,2013,2013,1,1,O=C(NC1N=C(c2ccccc2)c2ccccc2-n2cnnc21)Oc1ccccc1,0.0
Cc1nnc2n1-c1ccccc1C(c1ccccc1)=NC2NS(=O)(=O)Cc1ccccc1,5.2,1,0.0,5.2,5.2,2013,2013,1,1,O=S(=O)(Cc1ccccc1)NC1N=C(c2ccccc2)c2ccccc2-n2cnnc21,0.0
Cc1nnc2n1-c1ccccc1N(c1ccc(Cl)cc1)C(C)C2,5.92,1,0.0,5.92,5.92,2016,2016,1,1,c1ccc(N2CCc3nncn3-c3ccccc32)cc1,0.0
Cc1nnc2n1-c1ccccc1N(c1ccc(Cl)cc1)CC2,5.81,1,0.0,5.81,5.81,2016,2016,1,1,c1ccc(N2CCc3nncn3-c3ccccc32)cc1,0.0
Cc1nnc2n1-c1ccccc1N(c1ccc(Cl)cc1)CC2C,6.46,1,0.0,6.46,6.46,2016,2016,1,1,c1ccc(N2CCc3nncn3-c3ccccc32)cc1,0.0
Cc1nnc2n1-c1ccccc1NCC2,4.21,1,0.0,4.21,4.21,2016,2016,1,1,c1ccc2c(c1)NCCc1nncn1-2,0.0
Cc1nnc2n1-c1sc(C#CC(C)(C)C)c(Cc3ccccc3)c1COC2,6.7,1,0.0,6.7,6.7,2018,2018,1,1,c1ccc(Cc2csc3c2COCc2nncn2-3)cc1,0.0
Cc1nnc2n1-c1sc(C#CC(C)C)c(Cc3ccccc3)c1COC2,7.36,1,0.0,7.36,7.36,2018,2018,1,1,c1ccc(Cc2csc3c2COCc2nncn2-3)cc1,0.0
Cc1nnc2n1-c1sc(C#CC3CC3)c(Cc3ccccc3)c1COC2,7.75,1,0.0,7.75,7.75,2018,2018,1,1,C(#CC1CC1)c1sc2c(c1Cc1ccccc1)COCc1nncn1-2,0.0
Cc1nnc2n1-c1sc(C#CC3CCC3)c(Cc3ccccc3)c1COC2,7.47,1,0.0,7.47,7.47,2018,2018,1,1,C(#CC1CCC1)c1sc2c(c1Cc1ccccc1)COCc1nncn1-2,0.0
Cc1nnc2n1-c1sc(C#CC3CCCC3)c(Cc3ccccc3)c1COC2,7.2,1,0.0,7.2,7.2,2018,2018,1,1,C(#CC1CCCC1)c1sc2c(c1Cc1ccccc1)COCc1nncn1-2,0.0
Cc1nnc2n1-c1sc(C#CC3CCCCC3)c(Cc3ccccc3)c1COC2,6.7,1,0.0,6.7,6.7,2018,2018,1,1,C(#CC1CCCCC1)c1sc2c(c1Cc1ccccc1)COCc1nncn1-2,0.0
Cc1nnc2n1-c1sc(C#CC3CCN(C)CC3)c(Cc3ccccc3)c1COC2,7.07,1,0.0,7.07,7.07,2018,2018,1,1,C(#CC1CCNCC1)c1sc2c(c1Cc1ccccc1)COCc1nncn1-2,0.0
Cc1nnc2n1-c1sc(C#CC3CCNCC3)c(Cc3ccccc3)c1COC2,6.7,1,0.0,6.7,6.7,2018,2018,1,1,C(#CC1CCNCC1)c1sc2c(c1Cc1ccccc1)COCc1nncn1-2,0.0
Cc1nnc2n1-c1sc(C#CC3CCOCC3)c(Cc3ccccc3)c1COC2,7.47,1,0.0,7.47,7.47,2018,2018,1,1,C(#CC1CCOCC1)c1sc2c(c1Cc1ccccc1)COCc1nncn1-2,0.0
Cc1nnc2n1-c1sc(C#CCCO)c(Cc3ccccc3)c1COC2,7.35,1,0.0,7.35,7.35,2018,2018,1,1,c1ccc(Cc2csc3c2COCc2nncn2-3)cc1,0.0
Cc1nnc2n1-c1sc(C#CCN(C)C)c(Cc3ccccc3)c1COC2,6.57,1,0.0,6.57,6.57,2018,2018,1,1,c1ccc(Cc2csc3c2COCc2nncn2-3)cc1,0.0
Cc1nnc2n1-c1sc(C#Cc3ccccn3)c(Cc3ccccc3)c1COC2,7.89,1,0.0,7.89,7.89,2018,2018,1,1,C(#Cc1sc2c(c1Cc1ccccc1)COCc1nncn1-2)c1ccccn1,0.0
Cc1nnc2n1-c1sc(C#Cc3cccnc3)c(Cc3ccccc3)c1COC2,7.96,1,0.0,7.96,7.96,2018,2018,1,1,C(#Cc1sc2c(c1Cc1ccccc1)COCc1nncn1-2)c1cccnc1,0.0
Cc1nnc2n1-c1sc(C#Cc3ccncc3)c(Cc3ccccc3)c1COC2,7.85,1,0.0,7.85,7.85,2018,2018,1,1,C(#Cc1sc2c(c1Cc1ccccc1)COCc1nncn1-2)c1ccncc1,0.0
Cc1nnc2n1-c1sc(C#Cc3cncn3C)c(Cc3ccccc3)c1COC2,7.3,1,0.0,7.3,7.3,2018,2018,1,1,C(#Cc1sc2c(c1Cc1ccccc1)COCc1nncn1-2)c1cnc[nH]1,0.0
Cc1nnc2n1-c1sc(C#Cc3cnn(C)c3)c(Cc3ccccc3)c1COC2,8.0,1,0.0,8.0,8.0,2018,2018,1,1,C(#Cc1sc2c(c1Cc1ccccc1)COCc1nncn1-2)c1cn[nH]c1,0.0
Cc1nnc2n1-c1sc(C#N)c(Cc3ccccc3)c1COC2,6.14,1,0.0,6.14,6.14,2018,2018,1,1,c1ccc(Cc2csc3c2COCc2nncn2-3)cc1,0.0
Cc1nnc2n1-c1sc(C(C)C)c(Cc3ccccc3)c1COC2,5.03,1,0.0,5.03,5.03,2018,2018,1,1,c1ccc(Cc2csc3c2COCc2nncn2-3)cc1,0.0
Cc1nnc2n1-c1sc(C3CC3)c(Cc3ccccc3)c1COC2,6.26,1,0.0,6.26,6.26,2018,2018,1,1,c1ccc(Cc2c(C3CC3)sc3c2COCc2nncn2-3)cc1,0.0
Cc1nnc2n1-c1sc(C3CCOCC3)c(Cc3ccccc3)c1COC2,5.09,1,0.0,5.09,5.09,2018,2018,1,1,c1ccc(Cc2c(C3CCOCC3)sc3c2COCc2nncn2-3)cc1,0.0
Cc1nnc2n1-c1scc(Cc3ccccc3)c1COC2,5.64,1,0.0,5.64,5.64,2018,2018,1,1,c1ccc(Cc2csc3c2COCc2nncn2-3)cc1,0.0
Cc1nnn(C)c1-c1cc(C(N)=O)c2c(c1)c1ccc(C(=O)N3C[C@@H](C)O[C@@H](C)C3)cc1n2CC1CC1,7.46,1,0.0,7.46,7.46,2021,2021,1,1,O=C(c1ccc2c3cc(-c4cnn[nH]4)ccc3n(CC3CC3)c2c1)N1CCOCC1,0.0
Cc1nnn(C)c1-c1cnc2c3[nH]nc(C(C)(C)O)c3n([C@H](c3ncccc3F)C3CCOCC3)c2c1,9.4,1,0.0,9.4,9.4,2022,2022,1,1,c1ccc(C(C2CCOCC2)n2c3cc(-c4cnn[nH]4)cnc3c3[nH]ncc32)nc1,0.0
Cc1nnn(C)c1-c1cnc2c3c(c(C(=O)N(C)C)nn3C)n(C(c3ccccc3)C3CCOCC3)c2c1,9.21,1,0.0,9.21,9.21,2022,2022,1,1,c1ccc(C(C2CCOCC2)n2c3cc(-c4cnn[nH]4)cnc3c3[nH]ncc32)cc1,0.0
Cc1nnn(C)c1-c1cnc2c3c(c(C(C)(C)N)nn3C)n(C(c3ccccc3)C3CCOCC3)c2c1,8.96,1,0.0,8.96,8.96,2022,2022,1,1,c1ccc(C(C2CCOCC2)n2c3cc(-c4cnn[nH]4)cnc3c3[nH]ncc32)cc1,0.0
Cc1nnn(C)c1-c1cnc2c3c(c(C(C)(C)O)nn3C)n(C(CCC(F)(F)F)c3ccccc3)c2c1,9.18,1,0.0,9.18,9.18,2022,2022,1,1,c1ccc(Cn2c3cc(-c4cnn[nH]4)cnc3c3[nH]ncc32)cc1,0.0
Cc1nnn(C)c1-c1cnc2c3c(c(C(C)(C)O)nn3C)n(C(CCC(F)(F)F)c3cocn3)c2c1,8.66,1,0.0,8.66,8.66,2022,2022,1,1,c1nc(Cn2c3cc(-c4cnn[nH]4)cnc3c3[nH]ncc32)co1,0.0
Cc1nnn(C)c1-c1cnc2c3c(c(C(C)(C)O)nn3C)n(C(CCC(F)(F)F)c3ncccc3F)c2c1,9.24,1,0.0,9.24,9.24,2022,2022,1,1,c1ccc(Cn2c3cc(-c4cnn[nH]4)cnc3c3[nH]ncc32)nc1,0.0
Cc1nnn(C)c1-c1cnc2c3c(c(C(C)(C)O)nn3C)n(C(c3ccncc3F)C3CCCOC3)c2c1,9.06,1,0.0,9.06,9.06,2022,2022,1,1,c1cc(C(C2CCCOC2)n2c3cc(-c4cnn[nH]4)cnc3c3[nH]ncc32)ccn1,0.0
Cc1nnn(C)c1-c1cnc2c3c(c(C(C)(C)O)nn3C)n([C@@H](c3ncccc3F)C3CCOCC3)c2c1,8.52,1,0.0,8.52,8.52,2022,2022,1,1,c1ccc(C(C2CCOCC2)n2c3cc(-c4cnn[nH]4)cnc3c3[nH]ncc32)nc1,0.0
Cc1nnn(C)c1-c1cnc2c3c(c(C(C)(C)O)nn3C)n([C@H](c3ccccc3)C3CCOCC3)c2c1,9.31,1,0.0,9.31,9.31,2022,2022,1,1,c1ccc(C(C2CCOCC2)n2c3cc(-c4cnn[nH]4)cnc3c3[nH]ncc32)cc1,0.0
Cc1nnn(C)c1-c1cnc2c3c(c(C(C)(C)O)nn3C)n([C@H](c3ncccc3F)C3CCCOC3)c2c1,9.27,1,0.0,9.27,9.27,2022,2022,1,1,c1ccc(C(C2CCCOC2)n2c3cc(-c4cnn[nH]4)cnc3c3[nH]ncc32)nc1,0.0
Cc1nnn(C)c1-c1cnc2c3c(c(C(C)(C)O)nn3C)n([C@H](c3ncccc3F)C3CCOCC3)c2c1,9.01,1,0.0,9.01,9.01,2022,2022,1,1,c1ccc(C(C2CCOCC2)n2c3cc(-c4cnn[nH]4)cnc3c3[nH]ncc32)nc1,0.0
Cc1nnn(C)c1-c1cnc2c3c(c(C(N)=O)nn3C)n(C(c3ccccc3)C3CCOCC3)c2c1,9.52,1,0.0,9.52,9.52,2022,2022,1,1,c1ccc(C(C2CCOCC2)n2c3cc(-c4cnn[nH]4)cnc3c3[nH]ncc32)cc1,0.0
Cc1nnn(C)c1-c1cnc2c3c(c(CN4CCOCC4)nn3C)n(C(c3ccccc3)C3CCOCC3)c2c1,9.47,1,0.0,9.47,9.47,2022,2022,1,1,c1ccc(C(C2CCOCC2)n2c3cc(-c4cnn[nH]4)cnc3c3[nH]nc(CN4CCOCC4)c32)cc1,0.0
Cc1nnn(C)c1-c1cnc2c3c(c(CS(C)(=O)=O)nn3C)n(C(c3ccccc3)C3CCOCC3)c2c1,8.33,1,0.0,8.33,8.33,2022,2022,1,1,c1ccc(C(C2CCOCC2)n2c3cc(-c4cnn[nH]4)cnc3c3[nH]ncc32)cc1,0.0
Cc1nnn(C)c1-c1cnc2c3ccc(C(C)(C)O)cc3n(C(c3cnn[nH]3)C3CCOCC3)c2c1,7.57,1,0.0,7.57,7.57,2021,2021,1,1,c1ccc2c(c1)c1ncc(-c3cnn[nH]3)cc1n2C(c1cnn[nH]1)C1CCOCC1,0.0
Cc1nnn(C)c1-c1cnc2c3ccc(C(C)(C)O)cc3n([C@H](c3ccccc3)C3CCOCC3)c2c1,8.96,1,0.0,8.96,8.96,2021,2021,1,1,c1ccc(C(C2CCOCC2)n2c3ccccc3c3ncc(-c4cnn[nH]4)cc32)cc1,0.0
Cc1nnn(C2CCN(CCN(C)C)CC2)c1-c1cccc(Oc2cc(Br)ccc2Br)n1,6.03,2,0.05656854249492385,5.99,6.07,2021,2021,1,2,c1ccc(Oc2cccc(-c3cnnn3C3CCNCC3)n2)cc1,0.08000000000000007
Cc1nnn(C2CCNCC2)c1-c1cccc(OC2CCCCC2)n1,4.85,2,0.28284271247461834,4.65,5.05,2021,2021,1,2,c1cc(OC2CCCCC2)nc(-c2cnnn2C2CCNCC2)c1,0.39999999999999947
Cc1nnn(C2CCNCC2)c1-c1cccc(Oc2cc(Br)cc(Br)c2)n1,5.8100000000000005,2,0.28284271247461895,5.61,6.01,2021,2021,1,2,c1ccc(Oc2cccc(-c3cnnn3C3CCNCC3)n2)cc1,0.39999999999999947
Cc1nnn(C2CCNCC2)c1-c1cccc(Oc2cc(Br)ccc2Br)n1,5.805,2,0.41719300090006295,5.51,6.1,2021,2021,1,2,c1ccc(Oc2cccc(-c3cnnn3C3CCNCC3)n2)cc1,0.5899999999999999
Cc1nnn(C2CCNCC2)c1-c1cccc(Oc2cc(C(F)(F)F)cc(C(F)(F)F)c2)n1,4.73,2,0.1555634918610406,4.62,4.84,2021,2021,1,2,c1ccc(Oc2cccc(-c3cnnn3C3CCNCC3)n2)cc1,0.21999999999999975
Cc1nnn(C2CCNCC2)c1-c1cccc(Oc2cc(C3CC3)cc(C3CC3)c2)n1,5.404999999999999,2,0.6293250352560268,4.96,5.85,2021,2021,1,2,c1cc(Oc2cc(C3CC3)cc(C3CC3)c2)nc(-c2cnnn2C2CCNCC2)c1,0.8899999999999997
Cc1nnn(C2CCNCC2)c1-c1cccc(Oc2cc(C3CCCC3)cc(C3CCCC3)c2)n1,4.465,2,0.27577164466275395,4.27,4.66,2021,2021,1,2,c1cc(Oc2cc(C3CCCC3)cc(C3CCCC3)c2)nc(-c2cnnn2C2CCNCC2)c1,0.39000000000000057
Cc1nnn(C2CCNCC2)c1-c1cccc(Oc2cc(C3CCCCC3)cc(C3CCCCC3)c2)n1,4.12,1,0.0,4.12,4.12,2021,2021,1,1,c1cc(Oc2cc(C3CCCCC3)cc(C3CCCCC3)c2)nc(-c2cnnn2C2CCNCC2)c1,0.0
Cc1nnn(C2CCNCC2)c1-c1cccc(Oc2cc(CO)cc(CO)c2)n1,4.39,1,0.0,4.39,4.39,2021,2021,1,1,c1ccc(Oc2cccc(-c3cnnn3C3CCNCC3)n2)cc1,0.0
Cc1nnn(C2CCNCC2)c1-c1cccc(Oc2cc(Cl)cc(Cl)c2)n1,5.45,2,0.24041630560342606,5.28,5.62,2021,2021,1,2,c1ccc(Oc2cccc(-c3cnnn3C3CCNCC3)n2)cc1,0.33999999999999986
Cc1noc(-c2cc3c(-c4cc(C(C)(C)O)ccc4Oc4ccc(F)cc4F)cn(C)c(=O)c3s2)n1,7.08,2,0.0707106781186545,7.03,7.13,2023,2023,1,2,O=c1[nH]cc(-c2ccccc2Oc2ccccc2)c2cc(-c3ncno3)sc12,0.09999999999999964
Cc1noc(C)c1-c1c(Cl)c(Cl)c2[nH]c(=O)n3c2c1OC[C@@H]3c1ccccn1,6.26,2,0.0,6.26,6.26,2017,2017,1,2,O=c1[nH]c2ccc(-c3cnoc3)c3c2n1C(c1ccccn1)CO3,0.0
Cc1noc(C)c1-c1c(Cl)c(Cl)c2[nH]c(=O)n3c2c1OC[C@@H]3c1cccnc1,6.26,1,0.0,6.26,6.26,2022,2022,1,1,O=c1[nH]c2ccc(-c3cnoc3)c3c2n1C(c1cccnc1)CO3,0.0
Cc1noc(C)c1-c1cc(-c2c(-c3ccccc3)n[nH]c2C)c2nc(C3CC3)[nH]c2c1,7.09,2,0.014142135623730649,7.08,7.1,2019,2019,1,2,c1ccc(-c2n[nH]cc2-c2cc(-c3cnoc3)cc3[nH]c(C4CC4)nc23)cc1,0.019999999999999574
Cc1noc(C)c1-c1cc(-c2c(C)noc2C)c2cccnc2c1,5.845,2,0.007071067811865324,5.84,5.85,2019,2019,1,2,c1cnc2cc(-c3cnoc3)cc(-c3cnoc3)c2c1,0.009999999999999787
Cc1noc(C)c1-c1cc(-c2c(C)noc2C)c2nc(C3CC3)[nH]c2c1,6.745,2,0.12020815280171303,6.66,6.83,2019,2019,1,2,c1nocc1-c1cc(-c2cnoc2)c2nc(C3CC3)[nH]c2c1,0.16999999999999993
Cc1noc(C)c1-c1cc(-c2c(C3CC3)n[nH]c2C)c2[nH]c(C3CC3)nc2c1,7.0600000000000005,2,0.0848528137423861,7.0,7.12,2019,2019,1,2,c1nocc1-c1cc(-c2c[nH]nc2C2CC2)c2[nH]c(C3CC3)nc2c1,0.1200000000000001
Cc1noc(C)c1-c1cc(-c2ccc(C(=O)N(C)C)nc2)c2[nH]c(=O)n3c2c1OC[C@@H]3c1ccccn1,6.26,1,0.0,6.26,6.26,2017,2017,1,1,O=c1[nH]c2c(-c3cccnc3)cc(-c3cnoc3)c3c2n1C(c1ccccn1)CO3,0.0
Cc1noc(C)c1-c1cc(-c2ccc(O)nc2)c2[nH]c(=O)n3c2c1OC[C@@H]3c1ccccn1,6.26,1,0.0,6.26,6.26,2017,2017,1,1,O=c1[nH]c2c(-c3cccnc3)cc(-c3cnoc3)c3c2n1C(c1ccccn1)CO3,0.0
Cc1noc(C)c1-c1cc(-c2cccnc2-c2ccccc2)c2nc(C3CC3)[nH]c2c1,6.87,6,0.38272705679112895,6.76,7.55,2016,2016,1,6,c1ccc(-c2ncccc2-c2cc(-c3cnoc3)cc3[nH]c(C4CC4)nc23)cc1,0.79
Cc1noc(C)c1-c1cc(-c2cccnc2O)c2[nH]c(=O)n3c2c1OC[C@@H]3c1ccccn1,6.26,1,0.0,6.26,6.26,2017,2017,1,1,O=c1[nH]c2c(-c3cccnc3)cc(-c3cnoc3)c3c2n1C(c1ccccn1)CO3,0.0
Cc1noc(C)c1-c1cc(-c2ccnc(O)c2)c2[nH]c(=O)n3c2c1OC[C@@H]3c1ccccn1,6.26,1,0.0,6.26,6.26,2017,2017,1,1,O=c1[nH]c2c(-c3ccncc3)cc(-c3cnoc3)c3c2n1C(c1ccccn1)CO3,0.0
Cc1noc(C)c1-c1cc(-c2ccnn2C)c2[nH]c(=O)n3c2c1OC[C@@H]3c1ccccn1,5.76,2,0.7071067811865476,5.26,6.26,2017,2017,1,2,O=c1[nH]c2c(-c3ccn[nH]3)cc(-c3cnoc3)c3c2n1C(c1ccccn1)CO3,1.0
Cc1noc(C)c1-c1cc(-c2cncnc2)c2[nH]c(=O)n3c2c1OC[C@@H]3c1ccccn1,6.26,1,0.0,6.26,6.26,2017,2017,1,1,O=c1[nH]c2c(-c3cncnc3)cc(-c3cnoc3)c3c2n1C(c1ccccn1)CO3,0.0
Cc1noc(C)c1-c1cc(-c2cnn(C)c2)c2[nH]c(=O)n3c2c1OC[C@@H]3c1ccccn1,6.26,1,0.0,6.26,6.26,2017,2017,1,1,O=c1[nH]c2c(-c3cn[nH]c3)cc(-c3cnoc3)c3c2n1C(c1ccccn1)CO3,0.0
Cc1noc(C)c1-c1cc(/C=C/c2ccccc2)c2[nH]c(C3CC3)nc2c1,5.6,6,0.0806639117986887,5.5,5.68,2016,2016,1,6,C(=Cc1cc(-c2cnoc2)cc2nc(C3CC3)[nH]c12)c1ccccc1,0.17999999999999972
Cc1noc(C)c1-c1cc(Br)c2[nH]c(=O)n3c2c1OCC3c1ccccn1,5.26,2,0.0,5.26,5.26,2017,2017,1,2,O=c1[nH]c2ccc(-c3cnoc3)c3c2n1C(c1ccccn1)CO3,0.0
Cc1noc(C)c1-c1cc(Br)c2[nH]c(=O)n3c2c1OC[C@H]3c1ccccn1,5.26,1,0.0,5.26,5.26,2022,2022,1,1,O=c1[nH]c2ccc(-c3cnoc3)c3c2n1C(c1ccccn1)CO3,0.0
Cc1noc(C)c1-c1cc(C#N)c2[nH]c(=O)n3c2c1OCC3c1ccccn1,5.26,2,0.0,5.26,5.26,2017,2017,1,2,O=c1[nH]c2ccc(-c3cnoc3)c3c2n1C(c1ccccn1)CO3,0.0
Cc1noc(C)c1-c1cc(C(=O)CC(C)C)c2[nH]c(=O)n3c2c1OC[C@@H]3c1ccccn1,6.26,1,0.0,6.26,6.26,2022,2022,1,1,O=c1[nH]c2ccc(-c3cnoc3)c3c2n1C(c1ccccn1)CO3,0.0
Cc1noc(C)c1-c1cc(C(=O)N(C)C)c2[nH]c(=O)n3c2c1OC[C@@H]3c1ccccc1,6.26,1,0.0,6.26,6.26,2019,2019,1,1,O=c1[nH]c2ccc(-c3cnoc3)c3c2n1C(c1ccccc1)CO3,0.0
Cc1noc(C)c1-c1cc(C(=O)N(C)C)c2[nH]c(=O)n3c2c1OC[C@H]3c1ccccc1,6.26,1,0.0,6.26,6.26,2019,2019,1,1,O=c1[nH]c2ccc(-c3cnoc3)c3c2n1C(c1ccccc1)CO3,0.0
Cc1noc(C)c1-c1cc(C(=O)NC(C)C)c2[nH]c(=O)n3c2c1OC[C@@H]3c1ccccn1,6.26,1,0.0,6.26,6.26,2022,2022,1,1,O=c1[nH]c2ccc(-c3cnoc3)c3c2n1C(c1ccccn1)CO3,0.0
Cc1noc(C)c1-c1cc(C(=O)NCCO)c2[nH]c(=O)n3c2c1OC[C@@H]3c1ccccc1,6.26,1,0.0,6.26,6.26,2019,2019,1,1,O=c1[nH]c2ccc(-c3cnoc3)c3c2n1C(c1ccccc1)CO3,0.0
Cc1noc(C)c1-c1cc(C(=O)NCCO)c2[nH]c(=O)n3c2c1OC[C@H]3c1ccccc1,6.26,1,0.0,6.26,6.26,2019,2019,1,1,O=c1[nH]c2ccc(-c3cnoc3)c3c2n1C(c1ccccc1)CO3,0.0
Cc1noc(C)c1-c1cc(C(C)O)c2[nH]c(=O)n3c2c1OC[C@@H]3c1ccccn1,6.26,1,0.0,6.26,6.26,2017,2017,1,1,O=c1[nH]c2ccc(-c3cnoc3)c3c2n1C(c1ccccn1)CO3,0.0
Cc1noc(C)c1-c1cc(C(C)O)c2[nH]c(=O)n3c2c1OC[C@H]3c1ccccn1,6.26,1,0.0,6.26,6.26,2017,2017,1,1,O=c1[nH]c2ccc(-c3cnoc3)c3c2n1C(c1ccccn1)CO3,0.0
Cc1noc(C)c1-c1cc(C(C)c2ccc(F)cc2)c2[nH]c(C3CC3)nc2c1,6.96,6,0.38987177379235854,6.86,7.66,2016,2016,1,6,c1ccc(Cc2cc(-c3cnoc3)cc3nc(C4CC4)[nH]c23)cc1,0.7999999999999998
Cc1noc(C)c1-c1cc(C(N)=O)c2[nH]c3cc(C(=O)N4CCOCC4)ccc3c2c1,6.15,1,0.0,6.15,6.15,2021,2021,1,1,O=C(c1ccc2c(c1)[nH]c1ccc(-c3cnoc3)cc12)N1CCOCC1,0.0
Cc1noc(C)c1-c1cc(C(N)=O)c2c(c1)c1ccc(C(=O)N3CCOCC3)cc1n2CC1CC1,7.41,1,0.0,7.41,7.41,2021,2021,1,1,O=C(c1ccc2c3cc(-c4cnoc4)ccc3n(CC3CC3)c2c1)N1CCOCC1,0.0
Cc1noc(C)c1-c1cc(C(N)=O)c2c(c1)c1ccc(C(=O)N3C[C@@H](C)O[C@@H](C)C3)cc1n2CC1CC1,7.64,1,0.0,7.64,7.64,2021,2021,1,1,O=C(c1ccc2c3cc(-c4cnoc4)ccc3n(CC3CC3)c2c1)N1CCOCC1,0.0
Cc1noc(C)c1-c1cc(C(N)=O)c2c3cc(C(=O)N4C[C@@H](C)O[C@@H](C)C4)ccc3n(CC3CC3)c2c1,7.16,1,0.0,7.16,7.16,2021,2021,1,1,O=C(c1ccc2c(c1)c1ccc(-c3cnoc3)cc1n2CC1CC1)N1CCOCC1,0.0
Cc1noc(C)c1-c1cc(C(N)=O)c2c3cc(C(=O)N4C[C@@H](C)O[C@@H](C)C4)ccc3n(Cc3ccccc3)c2c1,8.38,1,0.0,8.38,8.38,2021,2021,1,1,O=C(c1ccc2c(c1)c1ccc(-c3cnoc3)cc1n2Cc1ccccc1)N1CCOCC1,0.0
Cc1noc(C)c1-c1cc(C(N)=O)c2c3cc(C(C)(C)O)ccc3n(Cc3ccccc3)c2c1,8.35,1,0.0,8.35,8.35,2021,2021,1,1,c1ccc(Cn2c3ccccc3c3ccc(-c4cnoc4)cc32)cc1,0.0
Cc1noc(C)c1-c1cc(C(N)=O)c2c3ccc(C(C)(C)O)cc3n(C(c3ccccc3)c3ccccc3)c2c1,8.82,1,0.0,8.82,8.82,2021,2021,1,1,c1ccc(C(c2ccccc2)n2c3ccccc3c3ccc(-c4cnoc4)cc32)cc1,0.0
Cc1noc(C)c1-c1cc(C(N)=O)c2c3ccc(C(C)(C)O)cc3n(CC3CCOCC3)c2c1,8.02,1,0.0,8.02,8.02,2021,2021,1,1,c1ccc2c(c1)c1ccc(-c3cnoc3)cc1n2CC1CCOCC1,0.0
Cc1noc(C)c1-c1cc(C(N)=O)c2c3ccc(C(C)(C)O)cc3n(Cc3ccccc3)c2c1,8.36,1,0.0,8.36,8.36,2021,2021,1,1,c1ccc(Cn2c3ccccc3c3ccc(-c4cnoc4)cc32)cc1,0.0
Cc1noc(C)c1-c1cc(C(N)=O)c2c3ccc(C(C)(C)O)cc3n([C@@H](c3ccccc3)C3CCOCC3)c2c1,8.27,1,0.0,8.27,8.27,2021,2021,1,1,c1ccc(C(C2CCOCC2)n2c3ccccc3c3ccc(-c4cnoc4)cc32)cc1,0.0
Cc1noc(C)c1-c1cc(C(N)=O)c2c3ccc(C(C)(C)O)cc3n([C@H](c3ccc(F)cc3)C3CCOCC3)c2c1,8.72,1,0.0,8.72,8.72,2021,2021,1,1,c1ccc(C(C2CCOCC2)n2c3ccccc3c3ccc(-c4cnoc4)cc32)cc1,0.0
Cc1noc(C)c1-c1cc(C(N)=O)c2c3ccc(C(C)(C)O)cc3n([C@H](c3ccccc3)C3CCOCC3)c2c1,9.0,1,0.0,9.0,9.0,2021,2021,1,1,c1ccc(C(C2CCOCC2)n2c3ccccc3c3ccc(-c4cnoc4)cc32)cc1,0.0
Cc1noc(C)c1-c1cc(C(O)(c2ccccc2)c2ccccc2)c2nc(C3CC3)[nH]c2c1,7.12,6,0.40634960317440916,7.0,7.84,2016,2016,1,6,c1ccc(C(c2ccccc2)c2cc(-c3cnoc3)cc3[nH]c(C4CC4)nc23)cc1,0.8399999999999999
Cc1noc(C)c1-c1cc(C(O)(c2ccccc2)c2ccccn2)c2nc(C3CC3)[nH]c2c1,7.93,4,0.046188021535170105,7.89,7.97,2016,2016,1,4,c1ccc(C(c2ccccn2)c2cc(-c3cnoc3)cc3[nH]c(C4CC4)nc23)cc1,0.08000000000000007
Cc1noc(C)c1-c1cc(C(O)(c2ccccc2)c2cccnc2)c2nc(C3CC3)[nH]c2c1,7.925000000000001,4,0.06350852961085919,7.87,7.98,2016,2016,1,4,c1ccc(C(c2cccnc2)c2cc(-c3cnoc3)cc3[nH]c(C4CC4)nc23)cc1,0.11000000000000032
Cc1noc(C)c1-c1cc(C(O)(c2ccccn2)c2ccccn2)c2nc(C3CC3)[nH]c2c1,8.035,4,0.12124355652982191,7.93,8.14,2016,2016,1,4,c1ccc(C(c2ccccn2)c2cc(-c3cnoc3)cc3[nH]c(C4CC4)nc23)nc1,0.21000000000000085
Cc1noc(C)c1-c1cc(C(O)(c2ccccn2)c2ccccn2)c2nc(C3CC3)[nH]c2c1F,7.835,4,0.1558845726811987,7.7,7.97,2016,2016,1,4,c1ccc(C(c2ccccn2)c2cc(-c3cnoc3)cc3[nH]c(C4CC4)nc23)nc1,0.2699999999999996
Cc1noc(C)c1-c1cc(C(O)(c2ccccn2)c2ncccn2)c2nc(C3CC3)[nH]c2c1,8.225000000000001,4,0.0057735026918964765,8.22,8.23,2016,2016,1,4,c1ccc(C(c2ncccn2)c2cc(-c3cnoc3)cc3[nH]c(C4CC4)nc23)nc1,0.009999999999999787
Cc1noc(C)c1-c1cc(C(O)(c2cccnn2)C2CCC(C)(C)O2)c2nc(C3CC3)[nH]c2c1,8.355,4,0.098149545762236,8.27,8.44,2016,2016,1,4,c1cnnc(C(c2cc(-c3cnoc3)cc3[nH]c(C4CC4)nc23)C2CCCO2)c1,0.16999999999999993
Cc1noc(C)c1-c1cc(C(O)(c2cccnn2)C2CCCO2)c2nc(C3CC3)[nH]c2c1,8.7,4,0.0,8.7,8.7,2016,2016,1,4,c1cnnc(C(c2cc(-c3cnoc3)cc3[nH]c(C4CC4)nc23)C2CCCO2)c1,0.0
Cc1noc(C)c1-c1cc(C(O)(c2ncccn2)c2ccc(F)cc2F)c2nc(C3CC3)[nH]c2c1,8.29,4,0.04618802153516976,8.25,8.33,2016,2016,1,4,c1ccc(C(c2ncccn2)c2cc(-c3cnoc3)cc3[nH]c(C4CC4)nc23)cc1,0.08000000000000007
Cc1noc(C)c1-c1cc(C(O)(c2nccs2)c2nccs2)c2nc(C3CC3)[nH]c2c1,8.155000000000001,4,0.28290163190291706,7.91,8.4,2016,2016,1,4,c1csc(C(c2nccs2)c2cc(-c3cnoc3)cc3[nH]c(C4CC4)nc23)n1,0.4900000000000002
Cc1noc(C)c1-c1cc(C(O)C(C)C)c2[nH]c(=O)n3c2c1OCC3c1ccccn1,6.26,1,0.0,6.26,6.26,2017,2017,1,1,O=c1[nH]c2ccc(-c3cnoc3)c3c2n1C(c1ccccn1)CO3,0.0
Cc1noc(C)c1-c1cc(C(O)C2CCCC2)c2nc(C3CC3)[nH]c2c1,7.09,6,0.2883053936366785,7.02,7.61,2016,2016,1,6,c1nocc1-c1cc(CC2CCCC2)c2nc(C3CC3)[nH]c2c1,0.5900000000000007
Cc1noc(C)c1-c1cc(C)c2[nH]c(=O)n3c2c1OCC3c1ccccn1,5.76,2,0.7071067811865476,5.26,6.26,2017,2017,1,2,O=c1[nH]c2ccc(-c3cnoc3)c3c2n1C(c1ccccn1)CO3,1.0
Cc1noc(C)c1-c1cc(C2=CCNCC2)c2[nH]c(=O)n3c2c1OC[C@@H]3c1ccccn1,6.26,1,0.0,6.26,6.26,2017,2017,1,1,O=c1[nH]c2c(C3=CCNCC3)cc(-c3cnoc3)c3c2n1C(c1ccccn1)CO3,0.0
Cc1noc(C)c1-c1cc(CN)c2[nH]c(=O)n3c2c1OC[C@@H]3c1ccccn1,5.26,1,0.0,5.26,5.26,2017,2017,1,1,O=c1[nH]c2ccc(-c3cnoc3)c3c2n1C(c1ccccn1)CO3,0.0
Cc1noc(C)c1-c1cc(CNC(=O)CN(C)C)c2[nH]c(=O)n3c2c1OC[C@@H]3c1ccccn1,6.26,1,0.0,6.26,6.26,2017,2017,1,1,O=c1[nH]c2ccc(-c3cnoc3)c3c2n1C(c1ccccn1)CO3,0.0
Cc1noc(C)c1-c1cc(CNC(=O)NC(C)C)c2[nH]c(=O)n3c2c1OC[C@@H]3c1ccccn1,6.26,1,0.0,6.26,6.26,2017,2017,1,1,O=c1[nH]c2ccc(-c3cnoc3)c3c2n1C(c1ccccn1)CO3,0.0
Cc1noc(C)c1-c1cc(CNC(C)C)c2[nH]c(=O)n3c2c1OCC3c1ccccn1,6.26,2,0.0,6.26,6.26,2017,2017,1,2,O=c1[nH]c2ccc(-c3cnoc3)c3c2n1C(c1ccccn1)CO3,0.0
Cc1noc(C)c1-c1cc(CNc2ccccc2)c2[nH]c(=O)n3c2c1OCC3c1ccccn1,5.26,1,0.0,5.26,5.26,2017,2017,1,1,O=c1[nH]c2c(CNc3ccccc3)cc(-c3cnoc3)c3c2n1C(c1ccccn1)CO3,0.0
Cc1noc(C)c1-c1cc(Cl)c2[nH]c(=O)n3c2c1OCC3c1ccccn1,6.26,3,0.5773502691896257,5.26,6.26,2017,2017,1,2,O=c1[nH]c2ccc(-c3cnoc3)c3c2n1C(c1ccccn1)CO3,1.0
Cc1noc(C)c1-c1cc(Cl)c2[nH]c(=O)n3c2c1OC[C@@H]3c1ccccn1,5.26,1,0.0,5.26,5.26,2022,2022,1,1,O=c1[nH]c2ccc(-c3cnoc3)c3c2n1C(c1ccccn1)CO3,0.0
Cc1noc(C)c1-c1cc(Cl)c2[nH]c(=O)n3c2c1OC[C@H]3c1ccccn1,5.76,2,0.7071067811865476,5.26,6.26,2019,2019,1,1,O=c1[nH]c2ccc(-c3cnoc3)c3c2n1C(c1ccccn1)CO3,1.0
Cc1noc(C)c1-c1cc(F)c2[nH]c(=O)n3c2c1OCC3c1ccccn1,5.26,2,0.0,5.26,5.26,2017,2017,1,2,O=c1[nH]c2ccc(-c3cnoc3)c3c2n1C(c1ccccn1)CO3,0.0
Cc1noc(C)c1-c1cc(F)c2[nH]c(=O)n3c2c1OC[C@@H]3c1ccccn1,5.26,1,0.0,5.26,5.26,2019,2019,1,1,O=c1[nH]c2ccc(-c3cnoc3)c3c2n1C(c1ccccn1)CO3,0.0
Cc1noc(C)c1-c1cc(F)c2[nH]c(=O)n3c2c1OC[C@H]3c1ccccn1,5.26,1,0.0,5.26,5.26,2022,2022,1,1,O=c1[nH]c2ccc(-c3cnoc3)c3c2n1C(c1ccccn1)CO3,0.0
Cc1noc(C)c1-c1cc(F)c2nc(N(C)C)n3c2c1OCC3c1cccnc1,6.26,1,0.0,6.26,6.26,2017,2017,1,1,c1cncc(C2COc3c(-c4cnoc4)ccc4ncn2c34)c1,0.0
Cc1noc(C)c1-c1cc(F)c2nc(N3CC[C@@H](O)C3)n3c2c1OCC3c1cccnc1,5.26,1,0.0,5.26,5.26,2019,2019,1,1,c1cncc(C2COc3c(-c4cnoc4)ccc4nc(N5CCCC5)n2c34)c1,0.0
Cc1noc(C)c1-c1cc(F)c2nc(N3CC[C@@H](O)C3)n3c2c1OC[C@@H]3c1cccnc1,6.26,1,0.0,6.26,6.26,2019,2019,1,1,c1cncc(C2COc3c(-c4cnoc4)ccc4nc(N5CCCC5)n2c34)c1,0.0
Cc1noc(C)c1-c1cc(N2C(=O)CCC2C)c2nc(C3CC3)[nH]c2c1,6.14,6,0.0967470929795827,6.08,6.29,2016,2016,1,6,O=C1CCCN1c1cc(-c2cnoc2)cc2[nH]c(C3CC3)nc12,0.20999999999999996
Cc1noc(C)c1-c1cc(NC2CCCC2)c2nc(C3CC3)[nH]c2c1,6.52,6,0.20159365069366683,6.5,6.9,2016,2016,1,6,c1nocc1-c1cc(NC2CCCC2)c2nc(C3CC3)[nH]c2c1,0.40000000000000036
Cc1noc(C)c1-c1cc(O)cc(C(=O)c2ccccc2)c1,6.26,1,0.0,6.26,6.26,2013,2013,1,1,O=C(c1ccccc1)c1cccc(-c2cnoc2)c1,0.0
Cc1noc(C)c1-c1cc(O)cc([C@@H](O)c2ccccc2)c1,6.42,2,0.0,6.42,6.42,2013,2013,1,1,c1ccc(Cc2cccc(-c3cnoc3)c2)cc1,0.0
Cc1noc(C)c1-c1cc(O)cc([C@H](O)c2ccccc2)c1,6.41,1,0.0,6.41,6.41,2013,2013,1,1,c1ccc(Cc2cccc(-c3cnoc3)c2)cc1,0.0
Cc1noc(C)c1-c1cc(OCCO)cc(C(O)c2ccccc2)c1,5.93,1,0.0,5.93,5.93,2013,2013,1,1,c1ccc(Cc2cccc(-c3cnoc3)c2)cc1,0.0
Cc1noc(C)c1-c1cc(S(=O)(=O)NC2CCCC2)c2cc(N3CCCC3)c(=O)[nH]c2c1,6.425,2,0.06363961030678918,6.38,6.47,2019,2019,1,2,O=c1[nH]c2cc(-c3cnoc3)cc(S(=O)(=O)NC3CCCC3)c2cc1N1CCCC1,0.08999999999999986
Cc1noc(C)c1-c1cc(S(=O)(=O)NC2CCCC2)c2ccc(=O)[nH]c2c1,6.13,2,0.12727922061357835,6.04,6.22,2019,2019,1,2,O=c1ccc2c(S(=O)(=O)NC3CCCC3)cc(-c3cnoc3)cc2[nH]1,0.17999999999999972
Cc1noc(C)c1-c1cc(S(=O)(=O)NC2CCCC2)c2cccnc2c1,5.859999999999999,2,0.07071067811865482,5.81,5.91,2019,2019,1,2,O=S(=O)(NC1CCCC1)c1cc(-c2cnoc2)cc2ncccc12,0.10000000000000053
Cc1noc(C)c1-c1cc(S(=O)(=O)NC2CCCC2)c2nc(C3CC3)[nH]c2c1,6.630000000000001,2,0.08485281374238547,6.57,6.69,2019,2019,1,2,O=S(=O)(NC1CCCC1)c1cc(-c2cnoc2)cc2[nH]c(C3CC3)nc12,0.1200000000000001
Cc1noc(C)c1-c1cc(S(=O)(=O)NC2CCCC2)c2nc(Cc3ccccc3)[nH]c2c1,6.555,4,0.46765371804359684,6.15,6.96,2016,2016,1,4,O=S(=O)(NC1CCCC1)c1cc(-c2cnoc2)cc2[nH]c(Cc3ccccc3)nc12,0.8099999999999996
Cc1noc(C)c1-c1cc(S(=O)(=O)NC2CCCC2)c2nc(NCC(F)(F)F)[nH]c2c1,6.74,4,0.01154700538379227,6.73,6.75,2016,2016,1,4,O=S(=O)(NC1CCCC1)c1cc(-c2cnoc2)cc2[nH]cnc12,0.019999999999999574
Cc1noc(C)c1-c1cc(S(=O)(=O)NC2CCCC2)c2nc(NCC3CC3)[nH]c2c1,6.855,4,0.1789785834487836,6.7,7.01,2016,2016,1,4,O=S(=O)(NC1CCCC1)c1cc(-c2cnoc2)cc2[nH]c(NCC3CC3)nc12,0.3099999999999996
Cc1noc(C)c1-c1cc(S(=O)(=O)NC2CCCC2)c2nc([S+](C)[O-])[nH]c2c1,6.33,4,0.1385640646055103,6.21,6.45,2016,2016,1,4,O=S(=O)(NC1CCCC1)c1cc(-c2cnoc2)cc2[nH]cnc12,0.2400000000000002
Cc1noc(C)c1-c1cc(S(=O)(=O)NC2CCCC2O)c2cc(N)c(=O)[nH]c2c1,6.605,2,0.07778174593052077,6.55,6.66,2019,2019,1,2,O=c1ccc2c(S(=O)(=O)NC3CCCC3)cc(-c3cnoc3)cc2[nH]1,0.11000000000000032
Cc1noc(C)c1-c1ccc(-c2nc3c(C(F)(F)F)cccn3c2NC(C)(C)C)cc1,4.92,1,0.0,4.92,4.92,2014,2014,1,1,c1ccn2cc(-c3ccc(-c4cnoc4)cc3)nc2c1,0.0
Cc1noc(C)c1-c1ccc(-c2nc3ccc(C(=O)O)cn3c2NC(C)(C)C)cc1,6.01,1,0.0,6.01,6.01,2014,2014,1,1,c1ccn2cc(-c3ccc(-c4cnoc4)cc3)nc2c1,0.0
Cc1noc(C)c1-c1ccc(-c2nc3ccc(Cl)cn3c2NC(C)(C)C)cc1,5.93,1,0.0,5.93,5.93,2014,2014,1,1,c1ccn2cc(-c3ccc(-c4cnoc4)cc3)nc2c1,0.0
Cc1noc(C)c1-c1ccc(-c2nc3ccc(Cl)cn3c2NCc2ccccc2)cc1,4.93,1,0.0,4.93,4.93,2014,2014,1,1,c1ccc(CNc2c(-c3ccc(-c4cnoc4)cc3)nc3ccccn23)cc1,0.0
Cc1noc(C)c1-c1ccc(-c2nc3ccccn3c2N)cc1,5.41,1,0.0,5.41,5.41,2014,2014,1,1,c1ccn2cc(-c3ccc(-c4cnoc4)cc3)nc2c1,0.0
Cc1noc(C)c1-c1ccc(-c2nc3ccccn3c2NC(C)(C)C)cc1,6.32,1,0.0,6.32,6.32,2014,2014,1,1,c1ccn2cc(-c3ccc(-c4cnoc4)cc3)nc2c1,0.0
Cc1noc(C)c1-c1ccc(-c2nc3ccccn3c2NC2CCCCC2)cc1,6.04,1,0.0,6.04,6.04,2014,2014,1,1,c1ccn2c(NC3CCCCC3)c(-c3ccc(-c4cnoc4)cc3)nc2c1,0.0
Cc1noc(C)c1-c1ccc(-c2nc3ccccn3c2NCc2ccccc2)cc1,4.96,1,0.0,4.96,4.96,2014,2014,1,1,c1ccc(CNc2c(-c3ccc(-c4cnoc4)cc3)nc3ccccn23)cc1,0.0
Cc1noc(C)c1-c1ccc(-c2nc3ccncn3c2NC(C)(C)C)cc1,4.68,1,0.0,4.68,4.68,2014,2014,1,1,c1cc2nc(-c3ccc(-c4cnoc4)cc3)cn2cn1,0.0
Cc1noc(C)c1-c1ccc(-c2nc3cnccn3c2NC(C)(C)C)cc1,6.2,1,0.0,6.2,6.2,2014,2014,1,1,c1cn2cc(-c3ccc(-c4cnoc4)cc3)nc2cn1,0.0
Cc1noc(C)c1-c1ccc(-c2nc3cnccn3c2NC(C)(C)C)cc1F,4.89,1,0.0,4.89,4.89,2014,2014,1,1,c1cn2cc(-c3ccc(-c4cnoc4)cc3)nc2cn1,0.0
Cc1noc(C)c1-c1ccc(-c2nc3cnccn3c2NC(C)(C)C)cn1,4.29,1,0.0,4.29,4.29,2014,2014,1,1,c1cn2cc(-c3ccc(-c4cnoc4)nc3)nc2cn1,0.0
Cc1noc(C)c1-c1ccc(-c2nc3cnccn3c2NC(C)(C)C)nc1,4.89,1,0.0,4.89,4.89,2014,2014,1,1,c1cn2cc(-c3ccc(-c4cnoc4)cn3)nc2cn1,0.0
Cc1noc(C)c1-c1ccc(-c2nc3cnccn3c2NC(C)C)cc1,6.09,1,0.0,6.09,6.09,2014,2014,1,1,c1cn2cc(-c3ccc(-c4cnoc4)cc3)nc2cn1,0.0
Cc1noc(C)c1-c1ccc(-c2nc3cnccn3c2NCC(=O)OC(C)(C)C)cc1,5.3,1,0.0,5.3,5.3,2014,2014,1,1,c1cn2cc(-c3ccc(-c4cnoc4)cc3)nc2cn1,0.0
Cc1noc(C)c1-c1ccc(-c2nc3cnccn3c2NCc2ccccc2)cc1,4.73,1,0.0,4.73,4.73,2014,2014,1,1,c1ccc(CNc2c(-c3ccc(-c4cnoc4)cc3)nc3cnccn23)cc1,0.0
Cc1noc(C)c1-c1ccc(-c2nc3cnccn3c2N[C@@H](C)c2ccccc2)cc1,5.54,1,0.0,5.54,5.54,2014,2014,1,1,c1ccc(CNc2c(-c3ccc(-c4cnoc4)cc3)nc3cnccn23)cc1,0.0
Cc1noc(C)c1-c1ccc(-c2nc3ncccn3c2NC(C)(C)C)cc1,6.07,1,0.0,6.07,6.07,2014,2014,1,1,c1cnc2nc(-c3ccc(-c4cnoc4)cc3)cn2c1,0.0
Cc1noc(C)c1-c1ccc(C=O)cc1,5.77,1,0.0,5.77,5.77,2014,2014,1,1,c1ccc(-c2cnoc2)cc1,0.0
Cc1noc(C)c1-c1ccc(Oc2ccc(NS(C)(=O)=O)cc2-c2cn(C)c(=O)c3cncn23)cc1,6.835,2,0.021213203435595972,6.82,6.85,2019,2019,1,2,O=c1[nH]cc(-c2ccccc2Oc2ccc(-c3cnoc3)cc2)n2cncc12,0.02999999999999936
Cc1noc(C)c1-c1ccc2[nH]c(=O)n3c2c1CCC3c1ccccn1,6.26,1,0.0,6.26,6.26,2017,2017,1,1,O=c1[nH]c2ccc(-c3cnoc3)c3c2n1C(c1ccccn1)CC3,0.0
Cc1noc(C)c1-c1ccc2[nH]c(=O)n3c2c1OC(C(=O)N(C)C)C3c1ccccc1,6.26,3,0.0,6.26,6.26,2017,2017,1,2,O=c1[nH]c2ccc(-c3cnoc3)c3c2n1C(c1ccccc1)CO3,0.0
Cc1noc(C)c1-c1ccc2[nH]c(=O)n3c2c1OC(C(=O)NCCO)C3c1ccccc1,6.26,2,0.0,6.26,6.26,2017,2017,1,1,O=c1[nH]c2ccc(-c3cnoc3)c3c2n1C(c1ccccc1)CO3,0.0
Cc1noc(C)c1-c1ccc2[nH]c(=O)n3c2c1OC(C(N)=O)C3c1ccccn1,6.26,2,0.0,6.26,6.26,2017,2017,1,2,O=c1[nH]c2ccc(-c3cnoc3)c3c2n1C(c1ccccn1)CO3,0.0
Cc1noc(C)c1-c1ccc2[nH]c(=O)n3c2c1OC(C)(C)[C@H]3c1ccccn1,6.26,1,0.0,6.26,6.26,2019,2019,1,1,O=c1[nH]c2ccc(-c3cnoc3)c3c2n1C(c1ccccn1)CO3,0.0
Cc1noc(C)c1-c1ccc2[nH]c(=O)n3c2c1OCC3(C(N)=O)c1ccccn1,6.26,1,0.0,6.26,6.26,2017,2017,1,1,O=c1[nH]c2ccc(-c3cnoc3)c3c2n1C(c1ccccn1)CO3,0.0
Cc1noc(C)c1-c1ccc2[nH]c(=O)n3c2c1OCC3(CN)c1ccccn1,6.26,1,0.0,6.26,6.26,2017,2017,1,1,O=c1[nH]c2ccc(-c3cnoc3)c3c2n1C(c1ccccn1)CO3,0.0
Cc1noc(C)c1-c1ccc2[nH]c(=O)n3c2c1OCC3C1CCCCN1,6.26,2,0.0,6.26,6.26,2017,2017,1,2,O=c1[nH]c2ccc(-c3cnoc3)c3c2n1C(C1CCCCN1)CO3,0.0
Cc1noc(C)c1-c1ccc2[nH]c(=O)n3c2c1OCC3C1CCCCN1C(=O)NC(C)C,5.26,2,0.0,5.26,5.26,2017,2017,1,2,O=c1[nH]c2ccc(-c3cnoc3)c3c2n1C(C1CCCCN1)CO3,0.0
Cc1noc(C)c1-c1ccc2[nH]c(=O)n3c2c1OCC3C1CCCCN1S(C)(=O)=O,5.26,2,0.0,5.26,5.26,2017,2017,1,2,O=c1[nH]c2ccc(-c3cnoc3)c3c2n1C(C1CCCCN1)CO3,0.0
Cc1noc(C)c1-c1ccc2[nH]c(=O)n3c2c1OCC3c1ccccc1,6.26,2,0.0,6.26,6.26,2017,2017,1,2,O=c1[nH]c2ccc(-c3cnoc3)c3c2n1C(c1ccccc1)CO3,0.0
Cc1noc(C)c1-c1ccc2[nH]c(=O)n3c2c1OCC3c1ccccn1,5.26,1,0.0,5.26,5.26,2022,2022,1,1,O=c1[nH]c2ccc(-c3cnoc3)c3c2n1C(c1ccccn1)CO3,0.0
Cc1noc(C)c1-c1ccc2[nH]c(=O)n3c2c1OCC3c1cccnc1C#N,6.26,1,0.0,6.26,6.26,2017,2017,1,1,O=c1[nH]c2ccc(-c3cnoc3)c3c2n1C(c1cccnc1)CO3,0.0
Cc1noc(C)c1-c1ccc2[nH]c(=O)n3c2c1OCC3c1cccnc1C(=O)N(C)C,6.26,1,0.0,6.26,6.26,2017,2017,1,1,O=c1[nH]c2ccc(-c3cnoc3)c3c2n1C(c1cccnc1)CO3,0.0
Cc1noc(C)c1-c1ccc2[nH]c(=O)n3c2c1OC[C@@H]3C1CCCO1,6.26,1,0.0,6.26,6.26,2017,2017,1,1,O=c1[nH]c2ccc(-c3cnoc3)c3c2n1C(C1CCCO1)CO3,0.0
Cc1noc(C)c1-c1ccc2[nH]c(=O)n3c2c1OC[C@@H]3c1ccccc1,6.26,1,0.0,6.26,6.26,2022,2022,1,1,O=c1[nH]c2ccc(-c3cnoc3)c3c2n1C(c1ccccc1)CO3,0.0
Cc1noc(C)c1-c1ccc2[nH]c(=O)n3c2c1OC[C@@H]3c1ccccn1,5.26,2,0.0,5.26,5.26,2017,2017,1,2,O=c1[nH]c2ccc(-c3cnoc3)c3c2n1C(c1ccccn1)CO3,0.0
Cc1noc(C)c1-c1ccc2[nH]c(=O)n3c2c1OC[C@H]3C1CCCO1,6.26,1,0.0,6.26,6.26,2017,2017,1,1,O=c1[nH]c2ccc(-c3cnoc3)c3c2n1C(C1CCCO1)CO3,0.0
Cc1noc(C)c1-c1ccc2[nH]c(=O)n3c2c1O[C@@H](C(=O)N(C)C)[C@@H]3c1ccccc1,6.26,1,0.0,6.26,6.26,2022,2022,1,1,O=c1[nH]c2ccc(-c3cnoc3)c3c2n1C(c1ccccc1)CO3,0.0
Cc1noc(C)c1-c1ccc2[nH]c(=O)n3c2c1O[C@@H](C(=O)N(C)C)[C@H]3c1ccccc1,6.26,1,0.0,6.26,6.26,2022,2022,1,1,O=c1[nH]c2ccc(-c3cnoc3)c3c2n1C(c1ccccc1)CO3,0.0
Cc1noc(C)c1-c1ccc2[nH]c(=O)n3c2c1O[C@@H](C(=O)NCCO)[C@@H]3c1ccccc1,6.26,1,0.0,6.26,6.26,2022,2022,1,1,O=c1[nH]c2ccc(-c3cnoc3)c3c2n1C(c1ccccc1)CO3,0.0
Cc1noc(C)c1-c1ccc2[nH]c(=O)n3c2c1O[C@@H](C(=O)NCCO)[C@H]3c1ccccc1,6.26,1,0.0,6.26,6.26,2022,2022,1,1,O=c1[nH]c2ccc(-c3cnoc3)c3c2n1C(c1ccccc1)CO3,0.0
Cc1noc(C)c1-c1ccc2c(Nc3ccccc3C(C)(C)C)c(C(=O)O)cnc2c1,5.9,1,0.0,5.9,5.9,2012,2012,1,1,c1ccc(Nc2ccnc3cc(-c4cnoc4)ccc23)cc1,0.0
Cc1noc(C)c1-c1ccc2c(Nc3ccccc3F)c(C(=O)O)cnc2c1,5.9,1,0.0,5.9,5.9,2012,2012,1,1,c1ccc(Nc2ccnc3cc(-c4cnoc4)ccc23)cc1,0.0
Cc1noc(C)c1-c1ccc2c(Nc3ccccc3F)c(C(N)=O)cnc2c1,5.1,1,0.0,5.1,5.1,2012,2012,1,1,c1ccc(Nc2ccnc3cc(-c4cnoc4)ccc23)cc1,0.0
Cc1noc(C)c1-c1ccc2c(c1)C(=O)CC2,4.2,1,0.0,4.2,4.2,2013,2013,1,1,O=C1CCc2ccc(-c3cnoc3)cc21,0.0
Cc1noc(C)c1-c1ccc2c(c1)C(C1CCCC1)(N1CCN(C)CC1)C(=O)N2,6.75,2,0.0,6.75,6.75,2016,2016,1,2,O=C1Nc2ccc(-c3cnoc3)cc2C1(C1CCCC1)N1CCNCC1,0.0
Cc1noc(C)c1-c1ccc2c(c1)C(C1CCCC1)(N1CCNCC1)C(=O)N2,6.82,2,0.0,6.82,6.82,2016,2016,1,2,O=C1Nc2ccc(-c3cnoc3)cc2C1(C1CCCC1)N1CCNCC1,0.0
Cc1noc(C)c1-c1ccc2c(c1)C(C1CCCC1)(N1CCOCC1)C(=O)N2,6.92,2,0.0,6.92,6.92,2016,2016,1,2,O=C1Nc2ccc(-c3cnoc3)cc2C1(C1CCCC1)N1CCOCC1,0.0
Cc1noc(C)c1-c1ccc2c(c1)C(C1CCCCC1)(N1CC(O)C1)C(=O)N2,6.92,2,0.0,6.92,6.92,2016,2016,1,2,O=C1Nc2ccc(-c3cnoc3)cc2C1(C1CCCCC1)N1CCC1,0.0
Cc1noc(C)c1-c1ccc2c(c1)C(C1CCCCC1)(N1CCC(O)CC1)C(=O)N2,7.43,2,0.0,7.43,7.43,2016,2016,1,2,O=C1Nc2ccc(-c3cnoc3)cc2C1(C1CCCCC1)N1CCCCC1,0.0
Cc1noc(C)c1-c1ccc2c(c1)C(C1CCCCC1)(N1CCCC(O)C1)C(=O)N2,7.22,2,0.0,7.22,7.22,2016,2016,1,2,O=C1Nc2ccc(-c3cnoc3)cc2C1(C1CCCCC1)N1CCCCC1,0.0
Cc1noc(C)c1-c1ccc2c(c1)C(C1CCCCC1)(N1CCC[C@@H](O)C1)C(=O)N2,7.21,2,0.0,7.21,7.21,2016,2016,1,2,O=C1Nc2ccc(-c3cnoc3)cc2C1(C1CCCCC1)N1CCCCC1,0.0
Cc1noc(C)c1-c1ccc2c(c1)C(C1CCCCC1)(N1CCN(C)CC1)C(=O)N2,6.96,2,0.0,6.96,6.96,2016,2016,1,2,O=C1Nc2ccc(-c3cnoc3)cc2C1(C1CCCCC1)N1CCNCC1,0.0
Cc1noc(C)c1-c1ccc2c(c1)C(C1CCCCC1)(N1CCNCC1)C(=O)N2,7.12,2,0.0,7.12,7.12,2016,2016,1,2,O=C1Nc2ccc(-c3cnoc3)cc2C1(C1CCCCC1)N1CCNCC1,0.0
Cc1noc(C)c1-c1ccc2c(c1)C(C1CCCCC1)(N1CCOCC1)C(=O)N2,7.03,2,0.0,7.03,7.03,2016,2016,1,2,O=C1Nc2ccc(-c3cnoc3)cc2C1(C1CCCCC1)N1CCOCC1,0.0
Cc1noc(C)c1-c1ccc2c(c1)C(CC(=O)O)(c1ccccc1)C(=O)N2,5.21,2,0.0,5.21,5.21,2016,2016,1,2,O=C1Nc2ccc(-c3cnoc3)cc2C1c1ccccc1,0.0
Cc1noc(C)c1-c1ccc2c(c1)C(CCCN(C)C)(c1ccccc1)C(=O)N2,6.85,2,0.0,6.85,6.85,2016,2016,1,2,O=C1Nc2ccc(-c3cnoc3)cc2C1c1ccccc1,0.0
Cc1noc(C)c1-c1ccc2c(c1)C(CCCN1CCC(O)CC1)(c1ccccc1)C(=O)N2,6.92,2,0.0,6.92,6.92,2016,2016,1,2,O=C1Nc2ccc(-c3cnoc3)cc2C1(CCCN1CCCCC1)c1ccccc1,0.0
Cc1noc(C)c1-c1ccc2c(c1)C(CCCN1CCN(C)CC1)(c1ccccc1)C(=O)N2,7.28,2,0.0,7.28,7.28,2016,2016,1,2,O=C1Nc2ccc(-c3cnoc3)cc2C1(CCCN1CCNCC1)c1ccccc1,0.0
Cc1noc(C)c1-c1ccc2c(c1)C(CCCN1CCNCC1)(c1ccccc1)C(=O)N2,7.29,2,0.0,7.29,7.29,2016,2016,1,2,O=C1Nc2ccc(-c3cnoc3)cc2C1(CCCN1CCNCC1)c1ccccc1,0.0
Cc1noc(C)c1-c1ccc2c(c1)C(CCCN1CCOCC1)(c1ccccc1)C(=O)N2,7.0,2,0.0,7.0,7.0,2016,2016,1,2,O=C1Nc2ccc(-c3cnoc3)cc2C1(CCCN1CCOCC1)c1ccccc1,0.0
Cc1noc(C)c1-c1ccc2c(c1)C(CCCO)(c1ccccc1)C(=O)N2,7.28,2,0.0,7.28,7.28,2016,2016,1,2,O=C1Nc2ccc(-c3cnoc3)cc2C1c1ccccc1,0.0
Cc1noc(C)c1-c1ccc2c(c1)C(CCO)(c1ccccc1)C(=O)N2,6.92,2,0.0,6.92,6.92,2016,2016,1,2,O=C1Nc2ccc(-c3cnoc3)cc2C1c1ccccc1,0.0
Cc1noc(C)c1-c1ccc2c(c1)C(Cl)(c1ccccc1)C(=O)N2,7.24,2,0.0,7.24,7.24,2016,2016,1,2,O=C1Nc2ccc(-c3cnoc3)cc2C1c1ccccc1,0.0
Cc1noc(C)c1-c1ccc2c(c1)C(N)(C1CCCCC1)C(=O)N2,7.03,6,0.6238162122505849,5.96,7.27,2016,2016,1,2,O=C1Nc2ccc(-c3cnoc3)cc2C1C1CCCCC1,1.3099999999999996
Cc1noc(C)c1-c1ccc2c(c1)C(N)(c1ccsc1)C(=O)N2,6.4,2,0.0,6.4,6.4,2016,2016,1,2,O=C1Nc2ccc(-c3cnoc3)cc2C1c1ccsc1,0.0
Cc1noc(C)c1-c1ccc2c(c1)C(NC(=O)CN(C)C)(c1ccccc1)C(=O)N2,6.5,2,0.0,6.5,6.5,2016,2016,1,2,O=C1Nc2ccc(-c3cnoc3)cc2C1c1ccccc1,0.0
Cc1noc(C)c1-c1ccc2c(c1)C(NC(C)C)(C1CCCCC1)C(=O)N2,7.07,2,0.0,7.07,7.07,2016,2016,1,2,O=C1Nc2ccc(-c3cnoc3)cc2C1C1CCCCC1,0.0
Cc1noc(C)c1-c1ccc2c(c1)C(NCCC(C)C)(C1CCCCC1)C(=O)N2,5.43,2,0.0,5.43,5.43,2016,2016,1,2,O=C1Nc2ccc(-c3cnoc3)cc2C1C1CCCCC1,0.0
Cc1noc(C)c1-c1ccc2c(c1)C(NCCN(C)C)(C1CCCCC1)C(=O)N2,6.85,2,0.0,6.85,6.85,2016,2016,1,2,O=C1Nc2ccc(-c3cnoc3)cc2C1C1CCCCC1,0.0
Cc1noc(C)c1-c1ccc2c(c1)C(NCCO)(C1CCCC1)C(=O)N2,6.89,2,0.0,6.89,6.89,2016,2016,1,2,O=C1Nc2ccc(-c3cnoc3)cc2C1C1CCCC1,0.0
Cc1noc(C)c1-c1ccc2c(c1)C(NCCO)(C1CCCCC1)C(=O)N2,7.07,2,0.0,7.07,7.07,2016,2016,1,2,O=C1Nc2ccc(-c3cnoc3)cc2C1C1CCCCC1,0.0
Cc1noc(C)c1-c1ccc2c(c1)C(NCCO)(c1ccccc1)C(=O)N2,7.16,2,0.0,7.16,7.16,2016,2016,1,2,O=C1Nc2ccc(-c3cnoc3)cc2C1c1ccccc1,0.0
Cc1noc(C)c1-c1ccc2c(c1)C(NCCO)(c1ccsc1)C(=O)N2,7.31,2,0.0,7.31,7.31,2016,2016,1,2,O=C1Nc2ccc(-c3cnoc3)cc2C1c1ccsc1,0.0
Cc1noc(C)c1-c1ccc2c(c1)C(NC[C@@H](C)O)(C1CCCCC1)C(=O)N2,7.09,2,0.0,7.09,7.09,2016,2016,1,2,O=C1Nc2ccc(-c3cnoc3)cc2C1C1CCCCC1,0.0
Cc1noc(C)c1-c1ccc2c(c1)C(NC[C@@H](C)O)(c1ccccc1)C(=O)N2,7.09,6,0.4906594202363454,6.15,7.11,2016,2016,1,2,O=C1Nc2ccc(-c3cnoc3)cc2C1c1ccccc1,0.96
Cc1noc(C)c1-c1ccc2c(c1)C(NC[C@H](C)O)(C1CCCCC1)C(=O)N2,7.06,2,0.0,7.06,7.06,2016,2016,1,2,O=C1Nc2ccc(-c3cnoc3)cc2C1C1CCCCC1,0.0
Cc1noc(C)c1-c1ccc2c(c1)C(NC[C@H](C)O)(c1ccccc1)C(=O)N2,6.21,2,0.0,6.21,6.21,2016,2016,1,2,O=C1Nc2ccc(-c3cnoc3)cc2C1c1ccccc1,0.0
Cc1noc(C)c1-c1ccc2c(c1)C(N[C@@H](C)CO)(C1CCCCC1)C(=O)N2,6.8,2,0.0,6.8,6.8,2016,2016,1,2,O=C1Nc2ccc(-c3cnoc3)cc2C1C1CCCCC1,0.0
Cc1noc(C)c1-c1ccc2c(c1)C(N[C@@H](CO)C(C)C)(C1CCCCC1)C(=O)N2,6.46,6,0.6981308377852009,5.29,6.77,2016,2016,1,2,O=C1Nc2ccc(-c3cnoc3)cc2C1C1CCCCC1,1.4799999999999995
Cc1noc(C)c1-c1ccc2c(c1)C(N[C@@H](CO)C(C)C)(c1ccccc1)C(=O)N2,6.130000000000001,4,0.7967433714816834,5.44,6.82,2016,2016,1,2,O=C1Nc2ccc(-c3cnoc3)cc2C1c1ccccc1,1.38
Cc1noc(C)c1-c1ccc2c(c1)C(N[C@@H](CO)c1ccccc1)(c1ccccc1)C(=O)N2,6.09,2,0.0,6.09,6.09,2016,2016,1,2,O=C1Nc2ccc(-c3cnoc3)cc2C1(NCc1ccccc1)c1ccccc1,0.0
Cc1noc(C)c1-c1ccc2c(c1)C(N[C@H](C)CO)(C1CCCCC1)C(=O)N2,7.12,2,0.0,7.12,7.12,2016,2016,1,2,O=C1Nc2ccc(-c3cnoc3)cc2C1C1CCCCC1,0.0
Cc1noc(C)c1-c1ccc2c(c1)C(N[C@H](C)CO)(c1ccccc1)C(=O)N2,6.835,4,0.4676537180435971,6.43,7.24,2016,2016,1,2,O=C1Nc2ccc(-c3cnoc3)cc2C1c1ccccc1,0.8100000000000005
Cc1noc(C)c1-c1ccc2c(c1)C(N[C@H](CO)Cc1cnc[nH]1)(c1ccccc1)C(=O)N2,6.89,4,0.5773502691896257,6.39,7.39,2016,2016,1,2,O=C1Nc2ccc(-c3cnoc3)cc2C1(NCCc1cnc[nH]1)c1ccccc1,1.0
Cc1noc(C)c1-c1ccc2c(c1)C(N[C@H](CO)c1ccccc1)(c1ccccc1)C(=O)N2,5.975,4,0.363730669589464,5.66,6.29,2016,2016,1,2,O=C1Nc2ccc(-c3cnoc3)cc2C1(NCc1ccccc1)c1ccccc1,0.6299999999999999
Cc1noc(C)c1-c1ccc2c(c1)C(O)(C#Cc1ccccc1)C(=O)N2,5.64,2,0.0,5.64,5.64,2016,2016,1,2,O=C1Nc2ccc(-c3cnoc3)cc2C1C#Cc1ccccc1,0.0
Cc1noc(C)c1-c1ccc2c(c1)C(O)(C(C)(C)C)C(=O)N2,5.5,2,0.0,5.5,5.5,2016,2016,1,2,O=C1Cc2cc(-c3cnoc3)ccc2N1,0.0
Cc1noc(C)c1-c1ccc2c(c1)C(O)(C(C)C)C(=O)N2,5.55,2,0.0,5.55,5.55,2016,2016,1,2,O=C1Cc2cc(-c3cnoc3)ccc2N1,0.0
Cc1noc(C)c1-c1ccc2c(c1)C(O)(C1CC1)C(=O)N2,6.07,2,0.0,6.07,6.07,2016,2016,1,2,O=C1Nc2ccc(-c3cnoc3)cc2C1C1CC1,0.0
Cc1noc(C)c1-c1ccc2c(c1)C(O)(C1CCC1)C(=O)N2,6.29,2,0.0,6.29,6.29,2016,2016,1,2,O=C1Nc2ccc(-c3cnoc3)cc2C1C1CCC1,0.0
Cc1noc(C)c1-c1ccc2c(c1)C(O)(C1CCCC1)C(=O)N2,6.57,2,0.0,6.57,6.57,2016,2016,1,2,O=C1Nc2ccc(-c3cnoc3)cc2C1C1CCCC1,0.0
Cc1noc(C)c1-c1ccc2c(c1)C(O)(C1CCCCC1)C(=O)N2,7.11,2,0.0,7.11,7.11,2016,2016,1,2,O=C1Nc2ccc(-c3cnoc3)cc2C1C1CCCCC1,0.0
Cc1noc(C)c1-c1ccc2c(c1)C(O)(C1CCCCC1=O)C(=O)N2,6.675000000000001,4,0.560029761113937,6.19,7.16,2016,2016,1,2,O=C1CCCCC1C1C(=O)Nc2ccc(-c3cnoc3)cc21,0.9699999999999998
Cc1noc(C)c1-c1ccc2c(c1)C(O)(C1CCCCCC1)C(=O)N2,7.01,2,0.0,7.01,7.01,2016,2016,1,2,O=C1Nc2ccc(-c3cnoc3)cc2C1C1CCCCCC1,0.0
Cc1noc(C)c1-c1ccc2c(c1)C(O)(C1CCOCC1)C(=O)N2,6.2,2,0.0,6.2,6.2,2016,2016,1,2,O=C1Nc2ccc(-c3cnoc3)cc2C1C1CCOCC1,0.0
Cc1noc(C)c1-c1ccc2c(c1)C(O)(CCCc1ccccc1)C(=O)N2,5.8,2,0.0,5.8,5.8,2016,2016,1,2,O=C1Nc2ccc(-c3cnoc3)cc2C1CCCc1ccccc1,0.0
Cc1noc(C)c1-c1ccc2c(c1)C(O)(c1ccc(Cl)cc1)C(=O)N2,6.58,2,0.0,6.58,6.58,2016,2016,1,2,O=C1Nc2ccc(-c3cnoc3)cc2C1c1ccccc1,0.0
Cc1noc(C)c1-c1ccc2c(c1)C(O)(c1ccc(F)c(F)c1)C(=O)N2,6.7,2,0.0,6.7,6.7,2016,2016,1,2,O=C1Nc2ccc(-c3cnoc3)cc2C1c1ccccc1,0.0
Cc1noc(C)c1-c1ccc2c(c1)C(O)(c1ccc(F)cc1)C(=O)N2,7.0,2,0.0,7.0,7.0,2016,2016,1,2,O=C1Nc2ccc(-c3cnoc3)cc2C1c1ccccc1,0.0
Cc1noc(C)c1-c1ccc2c(c1)C(O)(c1cccc(Cl)c1)C(=O)N2,6.42,2,0.0,6.42,6.42,2016,2016,1,2,O=C1Nc2ccc(-c3cnoc3)cc2C1c1ccccc1,0.0
Cc1noc(C)c1-c1ccc2c(c1)C(O)(c1cccc3ccccc13)C(=O)N2,5.6,2,0.0,5.6,5.6,2016,2016,1,2,O=C1Nc2ccc(-c3cnoc3)cc2C1c1cccc2ccccc12,0.0
Cc1noc(C)c1-c1ccc2c(c1)C(O)(c1ccccc1)CC2,5.9,1,0.0,5.9,5.9,2013,2013,1,1,c1ccc(C2CCc3ccc(-c4cnoc4)cc32)cc1,0.0
Cc1noc(C)c1-c1ccc2c(c1)C(OCCCN1CCCC1)CC2,5.2,1,0.0,5.2,5.2,2013,2013,1,1,c1cc2c(cc1-c1cnoc1)C(OCCCN1CCCC1)CC2,0.0
Cc1noc(C)c1-c1ccc2c(c1)C(OCCCN1CCCCC1)CC2,5.2,1,0.0,5.2,5.2,2013,2013,1,1,c1cc2c(cc1-c1cnoc1)C(OCCCN1CCCCC1)CC2,0.0
Cc1noc(C)c1-c1ccc2c(c1)C(OCCCN1CCNCC1)CC2,5.4,1,0.0,5.4,5.4,2013,2013,1,1,c1cc2c(cc1-c1cnoc1)C(OCCCN1CCNCC1)CC2,0.0
Cc1noc(C)c1-c1ccc2c(c1)C(OCCCN1CCOCC1)CC2,5.2,1,0.0,5.2,5.2,2013,2013,1,1,c1cc2c(cc1-c1cnoc1)C(OCCCN1CCOCC1)CC2,0.0
Cc1noc(C)c1-c1ccc2c(c1)C(OCCO)(C1CCCCC1)C(=O)N2,7.09,2,0.0,7.09,7.09,2016,2016,1,2,O=C1Nc2ccc(-c3cnoc3)cc2C1C1CCCCC1,0.0
Cc1noc(C)c1-c1ccc2c(c1)C(OCCO)(c1ccccc1)C(=O)N2,7.1,2,0.0,7.1,7.1,2016,2016,1,2,O=C1Nc2ccc(-c3cnoc3)cc2C1c1ccccc1,0.0
Cc1noc(C)c1-c1ccc2c(c1)C(OCc1ccc3ccccc3n1)CC2,4.7,1,0.0,4.7,4.7,2013,2013,1,1,c1ccc2nc(COC3CCc4ccc(-c5cnoc5)cc43)ccc2c1,0.0
Cc1noc(C)c1-c1ccc2c(c1)C(OCc1ccccc1)CC2,4.5,1,0.0,4.5,4.5,2013,2013,1,1,c1ccc(COC2CCc3ccc(-c4cnoc4)cc32)cc1,0.0
Cc1noc(C)c1-c1ccc2c(c1)C(c1ccccc1)(N1CC(O)C1)C(=O)N2,7.11,2,0.0,7.11,7.11,2016,2016,1,2,O=C1Nc2ccc(-c3cnoc3)cc2C1(c1ccccc1)N1CCC1,0.0
Cc1noc(C)c1-c1ccc2c(c1)C(c1ccccc1)(N1CCC(O)CC1)C(=O)N2,7.44,2,0.0,7.44,7.44,2016,2016,1,2,O=C1Nc2ccc(-c3cnoc3)cc2C1(c1ccccc1)N1CCCCC1,0.0
Cc1noc(C)c1-c1ccc2c(c1)C(c1ccccc1)(N1CCCC(O)C1)C(=O)N2,7.36,2,0.0,7.36,7.36,2016,2016,1,2,O=C1Nc2ccc(-c3cnoc3)cc2C1(c1ccccc1)N1CCCCC1,0.0
Cc1noc(C)c1-c1ccc2c(c1)C(c1ccccc1)(N1CCCCC1)C(=O)N2,7.08,2,0.0,7.08,7.08,2016,2016,1,2,O=C1Nc2ccc(-c3cnoc3)cc2C1(c1ccccc1)N1CCCCC1,0.0
Cc1noc(C)c1-c1ccc2c(c1)C(c1ccccc1)(N1CCC[C@@H](N)C1)C(=O)N2,7.58,2,0.0,7.58,7.58,2016,2016,1,2,O=C1Nc2ccc(-c3cnoc3)cc2C1(c1ccccc1)N1CCCCC1,0.0
Cc1noc(C)c1-c1ccc2c(c1)C(c1ccccc1)(N1CCC[C@@H](NC(=O)OC(C)(C)C)C1)C(=O)N2,6.29,2,0.0,6.29,6.29,2016,2016,1,2,O=C1Nc2ccc(-c3cnoc3)cc2C1(c1ccccc1)N1CCCCC1,0.0
Cc1noc(C)c1-c1ccc2c(c1)C(c1ccccc1)(N1CCC[C@@H](O)C1)C(=O)N2,7.57,6,0.09048020041239227,7.4,7.58,2016,2016,1,2,O=C1Nc2ccc(-c3cnoc3)cc2C1(c1ccccc1)N1CCCCC1,0.17999999999999972
Cc1noc(C)c1-c1ccc2c(c1)C(c1ccccc1)(N1CCC[C@@H]1CO)C(=O)N2,6.96,2,0.0,6.96,6.96,2016,2016,1,2,O=C1Nc2ccc(-c3cnoc3)cc2C1(c1ccccc1)N1CCCC1,0.0
Cc1noc(C)c1-c1ccc2c(c1)C(c1ccccc1)(N1CCC[C@H](N)C1)C(=O)N2,7.96,2,0.0,7.96,7.96,2016,2016,1,2,O=C1Nc2ccc(-c3cnoc3)cc2C1(c1ccccc1)N1CCCCC1,0.0
Cc1noc(C)c1-c1ccc2c(c1)C(c1ccccc1)(N1CCC[C@H](NC(=O)OC(C)(C)C)C1)C(=O)N2,5.96,2,0.0,5.96,5.96,2016,2016,1,2,O=C1Nc2ccc(-c3cnoc3)cc2C1(c1ccccc1)N1CCCCC1,0.0
Cc1noc(C)c1-c1ccc2c(c1)C(c1ccccc1)(N1CCC[C@H](O)C1)C(=O)N2,7.72,2,0.0,7.72,7.72,2016,2016,1,2,O=C1Nc2ccc(-c3cnoc3)cc2C1(c1ccccc1)N1CCCCC1,0.0
Cc1noc(C)c1-c1ccc2c(c1)C(c1ccccc1)(N1CCC[C@H]1CO)C(=O)N2,7.05,2,0.0,7.05,7.05,2016,2016,1,2,O=C1Nc2ccc(-c3cnoc3)cc2C1(c1ccccc1)N1CCCC1,0.0
Cc1noc(C)c1-c1ccc2c(c1)C(c1ccccc1)(N1CCN(C)CC1)C(=O)N2,6.96,2,0.0,6.96,6.96,2016,2016,1,2,O=C1Nc2ccc(-c3cnoc3)cc2C1(c1ccccc1)N1CCNCC1,0.0
Cc1noc(C)c1-c1ccc2c(c1)C(c1ccccc1)(N1CCN(CCCO)CC1)C(=O)N2,7.08,2,0.0,7.08,7.08,2016,2016,1,2,O=C1Nc2ccc(-c3cnoc3)cc2C1(c1ccccc1)N1CCNCC1,0.0
Cc1noc(C)c1-c1ccc2c(c1)C(c1ccccc1)(N1CCN(CCO)CC1)C(=O)N2,7.1,2,0.0,7.1,7.1,2016,2016,1,2,O=C1Nc2ccc(-c3cnoc3)cc2C1(c1ccccc1)N1CCNCC1,0.0
Cc1noc(C)c1-c1ccc2c(c1)C(c1ccccc1)(N1CCNCC1)C(=O)N2,6.92,2,0.0,6.92,6.92,2016,2016,1,2,O=C1Nc2ccc(-c3cnoc3)cc2C1(c1ccccc1)N1CCNCC1,0.0
Cc1noc(C)c1-c1ccc2c(c1)C(c1ccccc1)(N1CCOCC1)C(=O)N2,7.2,2,0.0,7.2,7.2,2016,2016,1,2,O=C1Nc2ccc(-c3cnoc3)cc2C1(c1ccccc1)N1CCOCC1,0.0
Cc1noc(C)c1-c1ccc2c(c1)C(c1ccccc1)(N1CC[C@@H](N)C1)C(=O)N2,7.57,2,0.0,7.57,7.57,2016,2016,1,2,O=C1Nc2ccc(-c3cnoc3)cc2C1(c1ccccc1)N1CCCC1,0.0
Cc1noc(C)c1-c1ccc2c(c1)C(c1ccccc1)(N1CC[C@@H](NC(=O)OC(C)(C)C)C1)C(=O)N2,6.36,2,0.0,6.36,6.36,2016,2016,1,2,O=C1Nc2ccc(-c3cnoc3)cc2C1(c1ccccc1)N1CCCC1,0.0
Cc1noc(C)c1-c1ccc2c(c1)C(c1ccccc1)(N1C[C@@H](O)C[C@H]1CO)C(=O)N2,5.85,2,0.0,5.85,5.85,2016,2016,1,2,O=C1Nc2ccc(-c3cnoc3)cc2C1(c1ccccc1)N1CCCC1,0.0
Cc1noc(C)c1-c1ccc2c(c1)C(c1ccccc1)(N1C[C@H](O)C[C@@H]1CO)C(=O)N2,7.17,2,0.0,7.17,7.17,2016,2016,1,2,O=C1Nc2ccc(-c3cnoc3)cc2C1(c1ccccc1)N1CCCC1,0.0
Cc1noc(C)c1-c1ccc2c(c1)C(c1ccccc1)C(=O)N2,6.96,2,0.0,6.96,6.96,2016,2016,1,2,O=C1Nc2ccc(-c3cnoc3)cc2C1c1ccccc1,0.0
Cc1noc(C)c1-c1ccc2c(c1)C(c1ccccc1)N(CC(=O)N1CCN(c3ccc4nnc(Cl)n4n3)CC1)C(=O)N2C,8.25,1,0.0,8.25,8.25,2021,2021,1,1,O=C(CN1C(=O)Nc2ccc(-c3cnoc3)cc2C1c1ccccc1)N1CCN(c2ccc3nncn3n2)CC1,0.0
Cc1noc(C)c1-c1ccc2c(c1)C(c1ccccc1)N(CCCCBr)C(=O)N2C,7.89,1,0.0,7.89,7.89,2021,2021,1,1,O=C1Nc2ccc(-c3cnoc3)cc2C(c2ccccc2)N1,0.0
Cc1noc(C)c1-c1ccc2c(c1)C(c1ccccc1)N(CCCCCC(=O)N1CCN(c3ccc4nnc(Cl)n4n3)CC1)C(=O)N2C,8.04,1,0.0,8.04,8.04,2021,2021,1,1,O=C(CCCCCN1C(=O)Nc2ccc(-c3cnoc3)cc2C1c1ccccc1)N1CCN(c2ccc3nncn3n2)CC1,0.0
Cc1noc(C)c1-c1ccc2c(c1)C(c1ccccc1)N(CCCCCCCC(=O)N1CCN(c3ccc4nnc(Cl)n4n3)CC1)C(=O)N2C,7.43,1,0.0,7.43,7.43,2021,2021,1,1,O=C(CCCCCCCN1C(=O)Nc2ccc(-c3cnoc3)cc2C1c1ccccc1)N1CCN(c2ccc3nncn3n2)CC1,0.0
Cc1noc(C)c1-c1ccc2c(c1)C(c1ccccc1)N(CCCCCCN1CCN(c3ccc4nnc(Cl)n4n3)CC1)C(=O)N2C,8.51,1,0.0,8.51,8.51,2021,2021,1,1,O=C1Nc2ccc(-c3cnoc3)cc2C(c2ccccc2)N1CCCCCCN1CCN(c2ccc3nncn3n2)CC1,0.0
Cc1noc(C)c1-c1ccc2c(c1)C(c1ccccc1)N(CCCCCN1CCN(c3ccc4nnc(Cl)n4n3)CC1)C(=O)N2C,8.06,1,0.0,8.06,8.06,2021,2021,1,1,O=C1Nc2ccc(-c3cnoc3)cc2C(c2ccccc2)N1CCCCCN1CCN(c2ccc3nncn3n2)CC1,0.0
Cc1noc(C)c1-c1ccc2c(c1)C(c1ccccc1)N(CCCCN1CCN(c3ccc4nnc(Cl)n4n3)CC1)C(=O)N2C,8.52,1,0.0,8.52,8.52,2021,2021,1,1,O=C1Nc2ccc(-c3cnoc3)cc2C(c2ccccc2)N1CCCCN1CCN(c2ccc3nncn3n2)CC1,0.0
Cc1noc(C)c1-c1ccc2c(c1)C(c1ccccc1)N(CCOCCN1CCN(c3ccc4nnc(Cl)n4n3)CC1)C(=O)N2C,7.92,1,0.0,7.92,7.92,2021,2021,1,1,O=C1Nc2ccc(-c3cnoc3)cc2C(c2ccccc2)N1CCOCCN1CCN(c2ccc3nncn3n2)CC1,0.0
Cc1noc(C)c1-c1ccc2c(c1)C(c1ccccc1)N(Cc1ncc(-c3ccccc3)o1)C(=O)N2C,6.98,1,0.0,6.98,6.98,2021,2021,1,1,O=C1Nc2ccc(-c3cnoc3)cc2C(c2ccccc2)N1Cc1ncc(-c2ccccc2)o1,0.0
Cc1noc(C)c1-c1ccc2c(c1)C(c1ccccc1)N(Cc1nnc(-c3ccc(F)cc3)o1)C(=O)N2C,7.24,1,0.0,7.24,7.24,2021,2021,1,1,O=C1Nc2ccc(-c3cnoc3)cc2C(c2ccccc2)N1Cc1nnc(-c2ccccc2)o1,0.0
Cc1noc(C)c1-c1ccc2c(c1)C(c1ccccc1)N(Cc1nnc(-c3ccccc3)o1)C(=O)N2C,7.26,1,0.0,7.26,7.26,2021,2021,1,1,O=C1Nc2ccc(-c3cnoc3)cc2C(c2ccccc2)N1Cc1nnc(-c2ccccc2)o1,0.0
Cc1noc(C)c1-c1ccc2c(c1)C(c1ccccc1)N(Cc1nnc(-c3ccccc3)s1)C(=O)N2C,7.13,1,0.0,7.13,7.13,2021,2021,1,1,O=C1Nc2ccc(-c3cnoc3)cc2C(c2ccccc2)N1Cc1nnc(-c2ccccc2)s1,0.0
Cc1noc(C)c1-c1ccc2c(c1)C(c1ccccc1)NC(=O)N2C,7.28,1,0.0,7.28,7.28,2021,2021,1,1,O=C1Nc2ccc(-c3cnoc3)cc2C(c2ccccc2)N1,0.0
Cc1noc(C)c1-c1ccc2c(c1)C(c1ccsc1)(N1CCC(O)CC1)C(=O)N2,7.6,2,0.0,7.6,7.6,2016,2016,1,2,O=C1Nc2ccc(-c3cnoc3)cc2C1(c1ccsc1)N1CCCCC1,0.0
Cc1noc(C)c1-c1ccc2c(c1)C(c1ccsc1)(N1CCCC(O)C1)C(=O)N2,7.62,2,0.0,7.62,7.62,2016,2016,1,2,O=C1Nc2ccc(-c3cnoc3)cc2C1(c1ccsc1)N1CCCCC1,0.0
Cc1noc(C)c1-c1ccc2c(c1)C(c1ccsc1)(N1CCC[C@@H](N)C1)C(=O)N2,7.57,4,0.05773502691896271,7.52,7.62,2016,2016,1,2,O=C1Nc2ccc(-c3cnoc3)cc2C1(c1ccsc1)N1CCCCC1,0.10000000000000053
Cc1noc(C)c1-c1ccc2c(c1)C(c1ccsc1)(N1CCC[C@@H](O)C1)C(=O)N2,7.6,2,0.0,7.6,7.6,2016,2016,1,2,O=C1Nc2ccc(-c3cnoc3)cc2C1(c1ccsc1)N1CCCCC1,0.0
Cc1noc(C)c1-c1ccc2c(c1)C(c1ccsc1)(N1CCC[C@H](N)C1)C(=O)N2,7.62,2,0.0,7.62,7.62,2016,2016,1,2,O=C1Nc2ccc(-c3cnoc3)cc2C1(c1ccsc1)N1CCCCC1,0.0
Cc1noc(C)c1-c1ccc2c(c1)C(c1ccsc1)(N1CCC[C@H](O)C1)C(=O)N2,7.72,1,0.0,7.72,7.72,2016,2016,1,1,O=C1Nc2ccc(-c3cnoc3)cc2C1(c1ccsc1)N1CCCCC1,0.0
Cc1noc(C)c1-c1ccc2c(c1)C(c1ccsc1)C(=O)N2,6.92,2,0.0,6.92,6.92,2016,2016,1,2,O=C1Nc2ccc(-c3cnoc3)cc2C1c1ccsc1,0.0
Cc1noc(C)c1-c1ccc2c(c1)[C@](c1ccsc1)(N1CCC[C@@H](O)C1)C(=O)N2,7.42,2,0.0,7.42,7.42,2016,2016,1,2,O=C1Nc2ccc(-c3cnoc3)cc2C1(c1ccsc1)N1CCCCC1,0.0
Cc1noc(C)c1-c1ccc2c(c1)nc(-c1cnn3c1CCC3)n2CCN1CCOCC1,5.8,1,0.0,5.8,5.8,2017,2017,1,1,c1cc2c(cc1-c1cnoc1)nc(-c1cnn3c1CCC3)n2CCN1CCOCC1,0.0
Cc1noc(C)c1-c1ccc2c(c1)nc(C)n2Cc1ccc(O)cc1,5.7,1,0.0,5.7,5.7,2013,2013,1,1,c1ccc(Cn2cnc3cc(-c4cnoc4)ccc32)cc1,0.0
Cc1noc(C)c1-c1ccc2c(c1)nc(CCc1c[nH]c3ccccc13)n2CCN1CCOCC1,5.0,1,0.0,5.0,5.0,2017,2017,1,1,c1ccc2c(CCc3nc4cc(-c5cnoc5)ccc4n3CCN3CCOCC3)c[nH]c2c1,0.0
Cc1noc(C)c1-c1ccc2c(c1)nc(CCc1ccc(C#N)cc1)n2CCN1CCOCC1,5.31,1,0.0,5.31,5.31,2017,2017,1,1,c1ccc(CCc2nc3cc(-c4cnoc4)ccc3n2CCN2CCOCC2)cc1,0.0
Cc1noc(C)c1-c1ccc2c(c1)nc(CCc1ccc(CCCN(C)C)cc1)n2CCN1CCOCC1,5.82,1,0.0,5.82,5.82,2017,2017,1,1,c1ccc(CCc2nc3cc(-c4cnoc4)ccc3n2CCN2CCOCC2)cc1,0.0
Cc1noc(C)c1-c1ccc2c(c1)nc(CCc1ccc(N(C)C)cc1)n2CCN1CCOCC1,5.37,1,0.0,5.37,5.37,2017,2017,1,1,c1ccc(CCc2nc3cc(-c4cnoc4)ccc3n2CCN2CCOCC2)cc1,0.0
Cc1noc(C)c1-c1ccc2c(c1)nc(CCc1ccc(N)cc1)n2CCN1CCOCC1,5.47,1,0.0,5.47,5.47,2017,2017,1,1,c1ccc(CCc2nc3cc(-c4cnoc4)ccc3n2CCN2CCOCC2)cc1,0.0
Cc1noc(C)c1-c1ccc2c(c1)nc(CCc1ccc(O)cc1)n2CCN1CCOCC1,5.4399999999999995,2,0.1131370849898474,5.36,5.52,2017,2025,2,2,c1ccc(CCc2nc3cc(-c4cnoc4)ccc3n2CCN2CCOCC2)cc1,0.15999999999999925
Cc1noc(C)c1-c1ccc2c(c1)nc(CCc1ccc(OC(C)C)cc1)n2CCN1CCOCC1,5.35,1,0.0,5.35,5.35,2017,2017,1,1,c1ccc(CCc2nc3cc(-c4cnoc4)ccc3n2CCN2CCOCC2)cc1,0.0
Cc1noc(C)c1-c1ccc2c(c1)nc(CCc1ccc(OC(F)(F)F)cc1)n2CCN1CCOCC1,4.73,1,0.0,4.73,4.73,2017,2017,1,1,c1ccc(CCc2nc3cc(-c4cnoc4)ccc3n2CCN2CCOCC2)cc1,0.0
Cc1noc(C)c1-c1ccc2c(c1)nc(CCc1ccc3ccccc3n1)n2CCN1CCOCC1,5.31,1,0.0,5.31,5.31,2017,2017,1,1,c1ccc2nc(CCc3nc4cc(-c5cnoc5)ccc4n3CCN3CCOCC3)ccc2c1,0.0
Cc1noc(C)c1-c1ccc2c(c1)nc(CCc1ccccc1)n2CC(=O)N1CCOCC1,4.88,1,0.0,4.88,4.88,2017,2017,1,1,O=C(Cn1c(CCc2ccccc2)nc2cc(-c3cnoc3)ccc21)N1CCOCC1,0.0
Cc1noc(C)c1-c1ccc2c(c1)nc(CCc1ccccc1)n2CCN1CCOCC1,5.39,1,0.0,5.39,5.39,2017,2017,1,1,c1ccc(CCc2nc3cc(-c4cnoc4)ccc3n2CCN2CCOCC2)cc1,0.0
Cc1noc(C)c1-c1ccc2c(c1)nc(CCc1ccccn1)n2CCN1CCOCC1,5.5,1,0.0,5.5,5.5,2017,2017,1,1,c1ccc(CCc2nc3cc(-c4cnoc4)ccc3n2CCN2CCOCC2)nc1,0.0
Cc1noc(C)c1-c1ccc2c(c1)nc(CCc1cccnc1)n2CCN1CCOCC1,5.24,1,0.0,5.24,5.24,2017,2017,1,1,c1cncc(CCc2nc3cc(-c4cnoc4)ccc3n2CCN2CCOCC2)c1,0.0
Cc1noc(C)c1-c1ccc2c(c1)nc(CCc1ccncc1)n2CCN1CCOCC1,5.39,1,0.0,5.39,5.39,2017,2017,1,1,c1cc(CCc2nc3cc(-c4cnoc4)ccc3n2CCN2CCOCC2)ccn1,0.0
Cc1noc(C)c1-c1ccc2c(c1)nc(CCc1cncc3ccccc13)n2CCN1CCOCC1,4.78,1,0.0,4.78,4.78,2017,2017,1,1,c1ccc2c(CCc3nc4cc(-c5cnoc5)ccc4n3CCN3CCOCC3)cncc2c1,0.0
Cc1noc(C)c1-c1ccc2c(c1)nc(COc1ccccc1)n2CCN1CCOCC1,4.84,1,0.0,4.84,4.84,2017,2017,1,1,c1ccc(OCc2nc3cc(-c4cnoc4)ccc3n2CCN2CCOCC2)cc1,0.0
Cc1noc(C)c1-c1ccc2c(c1)nc(NCCCCNC(=O)CC(C)C)c1nnc(C)n12,8.3,1,0.0,8.3,8.3,2021,2021,1,1,c1cc2c(cc1-c1cnoc1)ncc1nncn12,0.0
Cc1noc(C)c1-c1ccc2c(c1)nc(NCCCCNC(=O)OC(C)(C)C)c1nnc(C)n12,8.3,1,0.0,8.3,8.3,2021,2021,1,1,c1cc2c(cc1-c1cnoc1)ncc1nncn12,0.0
Cc1noc(C)c1-c1ccc2c(c1)nc(NCCCCNC(=O)[C@@H](O)C(C)C)c1nnc(C)n12,8.15,1,0.0,8.15,8.15,2021,2021,1,1,c1cc2c(cc1-c1cnoc1)ncc1nncn12,0.0
Cc1noc(C)c1-c1ccc2c(c1)nc(NCCCCNC(=O)[C@H](O)C(C)C)c1nnc(C)n12,7.62,1,0.0,7.62,7.62,2021,2021,1,1,c1cc2c(cc1-c1cnoc1)ncc1nncn12,0.0
Cc1noc(C)c1-c1ccc2c(c1)nc([C@@H]1CCO[C@H]1c1ccccc1)n2CCN1CCOCC1,6.31,1,0.0,6.31,6.31,2017,2017,1,1,c1ccc(C2OCCC2c2nc3cc(-c4cnoc4)ccc3n2CCN2CCOCC2)cc1,0.0
Cc1noc(C)c1-c1ccc2c(c1)nc([C@H]1CCO[C@@H]1c1ccccc1)n2CCN1CCOCC1,5.03,1,0.0,5.03,5.03,2017,2017,1,1,c1ccc(C2OCCC2c2nc3cc(-c4cnoc4)ccc3n2CCN2CCOCC2)cc1,0.0
Cc1noc(C)c1-c1ccc2c(c1)nc1n2[C@H](CN2CCOCC2)C[C@@H]1Cc1ccccc1,5.7,1,0.0,5.7,5.7,2017,2017,1,1,c1ccc(CC2CC(CN3CCOCC3)n3c2nc2cc(-c4cnoc4)ccc23)cc1,0.0
Cc1noc(C)c1-c1ccc2c(c1)ncn2Cc1ccc(Cl)c(Cl)c1,5.0,1,0.0,5.0,5.0,2013,2013,1,1,c1ccc(Cn2cnc3cc(-c4cnoc4)ccc32)cc1,0.0
Cc1noc(C)c1-c1ccc2c(c1)ncn2Cc1ccc(Cl)cc1,5.6,1,0.0,5.6,5.6,2013,2013,1,1,c1ccc(Cn2cnc3cc(-c4cnoc4)ccc32)cc1,0.0
Cc1noc(C)c1-c1ccc2c(c1)ncn2Cc1cccc(Br)c1,5.8,1,0.0,5.8,5.8,2013,2013,1,1,c1ccc(Cn2cnc3cc(-c4cnoc4)ccc32)cc1,0.0
Cc1noc(C)c1-c1ccc2c(c1)ncn2Cc1ccccc1[N+](=O)[O-],4.9,1,0.0,4.9,4.9,2013,2013,1,1,c1ccc(Cn2cnc3cc(-c4cnoc4)ccc32)cc1,0.0
Cc1noc(C)c1-c1ccc2c3c1CCC(c1ccccc1)n3c(=O)n2C,6.26,1,0.0,6.26,6.26,2017,2017,1,1,O=c1[nH]c2ccc(-c3cnoc3)c3c2n1C(c1ccccc1)CC3,0.0
Cc1noc(C)c1-c1ccc2c3c1OCC(c1ccccc1)n3c(=O)n2CCN1CCOCC1,6.26,1,0.0,6.26,6.26,2017,2017,1,1,O=c1n(CCN2CCOCC2)c2ccc(-c3cnoc3)c3c2n1C(c1ccccc1)CO3,0.0
Cc1noc(C)c1-c1ccc2cc[nH]c2c1,4.7,1,0.0,4.7,4.7,2013,2013,1,1,c1cc2ccc(-c3cnoc3)cc2[nH]1,0.0
Cc1noc(C)c1-c1ccc2ccn(Cc3ccccc3)c2c1,5.58,1,0.0,5.58,5.58,2022,2022,1,1,c1ccc(Cn2ccc3ccc(-c4cnoc4)cc32)cc1,0.0
Cc1noc(C)c1-c1ccc2ccn(Cc3ccccn3)c2c1,6.32,1,0.0,6.32,6.32,2022,2022,1,1,c1ccc(Cn2ccc3ccc(-c4cnoc4)cc32)nc1,0.0
Cc1noc(C)c1-c1ccc2nc(N(C)CCO)n3c2c1OCC3c1ccccn1,6.26,1,0.0,6.26,6.26,2017,2017,1,1,c1ccc(C2COc3c(-c4cnoc4)ccc4ncn2c34)nc1,0.0
Cc1noc(C)c1-c1ccc2nc(N)sc2c1,5.31,1,0.0,5.31,5.31,2022,2022,1,1,c1nc2ccc(-c3cnoc3)cc2s1,0.0
Cc1noc(C)c1-c1ccc2nc(N3CC(O)C3)n3c2c1OCC3c1cccnc1,5.26,4,0.0,5.26,5.26,2017,2017,1,2,c1cncc(C2COc3c(-c4cnoc4)ccc4nc(N5CCC5)n2c34)c1,0.0
Cc1noc(C)c1-c1ccc2nc(N3CC(O)C3)n3c2c1OC[C@@H]3c1cccnc1,5.76,2,0.7071067811865476,5.26,6.26,2017,2017,1,2,c1cncc(C2COc3c(-c4cnoc4)ccc4nc(N5CCC5)n2c34)c1,1.0
Cc1noc(C)c1-c1ccc2nc(N3CC(O)C3)n3c2c1OC[C@H]3c1cccnc1,5.26,2,0.0,5.26,5.26,2017,2017,1,2,c1cncc(C2COc3c(-c4cnoc4)ccc4nc(N5CCC5)n2c34)c1,0.0
Cc1noc(C)c1-c1ccc2nc(N3CCNCC3)n3c2c1OCC3c1ccccc1,6.26,1,0.0,6.26,6.26,2017,2017,1,1,c1ccc(C2COc3c(-c4cnoc4)ccc4nc(N5CCNCC5)n2c34)cc1,0.0
Cc1noc(C)c1-c1ccc2nc(N3CC[C@@H](O)C3)n3c2c1OCC3c1cccnc1,5.76,2,0.7071067811865476,5.26,6.26,2017,2017,1,2,c1cncc(C2COc3c(-c4cnoc4)ccc4nc(N5CCCC5)n2c34)c1,1.0
Cc1noc(C)c1-c1ccc2nc(N3CC[C@@H](O)C3)n3c2c1OC[C@@H]3c1cccnc1,6.26,1,0.0,6.26,6.26,2017,2017,1,1,c1cncc(C2COc3c(-c4cnoc4)ccc4nc(N5CCCC5)n2c34)c1,0.0
Cc1noc(C)c1-c1ccc2nc(N3CC[C@H](O)C3)n3c2c1OCC3c1cccnc1,5.26,1,0.0,5.26,5.26,2022,2022,1,1,c1cncc(C2COc3c(-c4cnoc4)ccc4nc(N5CCCC5)n2c34)c1,0.0
Cc1noc(C)c1-c1ccc2nc(NC(C)(C)CO)n3c2c1OCC3c1ccccc1,5.76,2,0.7071067811865476,5.26,6.26,2017,2017,1,2,c1ccc(C2COc3c(-c4cnoc4)ccc4ncn2c34)cc1,1.0
Cc1noc(C)c1-c1ccc2nc(NCCCCN)c3nnc(C)n3c2c1,8.3,1,0.0,8.3,8.3,2021,2021,1,1,c1cc2ncc3nncn3c2cc1-c1cnoc1,0.0
Cc1noc(C)c1-c1ccc2nc(NCCCCNC(=O)OC(C)(C)C)c3nnc(C)n3c2c1,7.52,1,0.0,7.52,7.52,2021,2021,1,1,c1cc2ncc3nncn3c2cc1-c1cnoc1,0.0
Cc1noc(C)c1-c1ccc2nc(NCCCCNC(=O)[C@@H](O)C(C)C)c3nnc(C)n3c2c1,8.0,1,0.0,8.0,8.0,2021,2021,1,1,c1cc2ncc3nncn3c2cc1-c1cnoc1,0.0
Cc1noc(C)c1-c1ccc2nc(NCCCCNC(=O)[C@H](O)C(C)C)c3nnc(C)n3c2c1,7.62,1,0.0,7.62,7.62,2021,2021,1,1,c1cc2ncc3nncn3c2cc1-c1cnoc1,0.0
Cc1noc(C)c1-c1ccc2nc(NCCN)n3c2c1OC[C@@H]3c1ccccn1,6.26,1,0.0,6.26,6.26,2017,2017,1,1,c1ccc(C2COc3c(-c4cnoc4)ccc4ncn2c34)nc1,0.0
Cc1noc(C)c1-c1ccc2nc(NCCNC(=O)OC(C)(C)C)n3c2c1OC[C@@H]3c1ccccn1,6.26,1,0.0,6.26,6.26,2017,2017,1,1,c1ccc(C2COc3c(-c4cnoc4)ccc4ncn2c34)nc1,0.0
Cc1noc(C)c1-c1ccc2nc(NCCO)n3c2c1OC[C@@H]3c1ccccn1,5.26,1,0.0,5.26,5.26,2017,2017,1,1,c1ccc(C2COc3c(-c4cnoc4)ccc4ncn2c34)nc1,0.0
Cc1noc(C)c1-c1ccc2nc[nH]c2c1,5.2,1,0.0,5.2,5.2,2013,2013,1,1,c1nc2ccc(-c3cnoc3)cc2[nH]1,0.0
Cc1noc(C)c1-c1ccc2ncn(Cc3ccc(C#N)cc3)c2c1,6.725,2,0.03535533905932756,6.7,6.75,2013,2013,1,1,c1ccc(Cn2cnc3ccc(-c4cnoc4)cc32)cc1,0.04999999999999982
Cc1noc(C)c1-c1ccc2ncn(Cc3ccc(C(=O)N(C)C)cc3)c2c1,5.7,1,0.0,5.7,5.7,2013,2013,1,1,c1ccc(Cn2cnc3ccc(-c4cnoc4)cc32)cc1,0.0
Cc1noc(C)c1-c1ccc2ncn(Cc3ccc(Cl)c(Cl)c3)c2c1,5.4,1,0.0,5.4,5.4,2013,2013,1,1,c1ccc(Cn2cnc3ccc(-c4cnoc4)cc32)cc1,0.0
Cc1noc(C)c1-c1ccc2ncn(Cc3ccc(Cl)cc3)c2c1,6.1,1,0.0,6.1,6.1,2013,2013,1,1,c1ccc(Cn2cnc3ccc(-c4cnoc4)cc32)cc1,0.0
Cc1noc(C)c1-c1ccc2ncn(Cc3cccc(Br)c3)c2c1,6.0,1,0.0,6.0,6.0,2013,2013,1,1,c1ccc(Cn2cnc3ccc(-c4cnoc4)cc32)cc1,0.0
Cc1noc(C)c1-c1ccc2ncn(Cc3cccc(C(=O)N(C)C)c3)c2c1,6.2,1,0.0,6.2,6.2,2013,2013,1,1,c1ccc(Cn2cnc3ccc(-c4cnoc4)cc32)cc1,0.0
Cc1noc(C)c1-c1ccc2ncn(Cc3cccc(Cl)c3)c2c1,5.9,1,0.0,5.9,5.9,2013,2013,1,1,c1ccc(Cn2cnc3ccc(-c4cnoc4)cc32)cc1,0.0
Cc1noc(C)c1-c1ccc2ncn(Cc3cccc(F)c3)c2c1,6.2,1,0.0,6.2,6.2,2013,2013,1,1,c1ccc(Cn2cnc3ccc(-c4cnoc4)cc32)cc1,0.0
Cc1noc(C)c1-c1ccc2ncn(Cc3ccccc3C#N)c2c1,6.0,1,0.0,6.0,6.0,2013,2013,1,1,c1ccc(Cn2cnc3ccc(-c4cnoc4)cc32)cc1,0.0
Cc1noc(C)c1-c1ccc2ncn(Cc3ccccc3Cl)c2c1,6.1,1,0.0,6.1,6.1,2013,2013,1,1,c1ccc(Cn2cnc3ccc(-c4cnoc4)cc32)cc1,0.0
Cc1noc(C)c1-c1ccc2ncn(Cc3ccccc3[N+](=O)[O-])c2c1,6.2,1,0.0,6.2,6.2,2013,2013,1,1,c1ccc(Cn2cnc3ccc(-c4cnoc4)cc32)cc1,0.0
Cc1noc(C)c1-c1cccc(-c2c[nH]c3nc(N4CCN(C)CC4)ncc23)c1,5.14,1,0.0,5.14,5.14,2022,2022,1,1,c1cc(-c2cnoc2)cc(-c2c[nH]c3nc(N4CCNCC4)ncc23)c1,0.0
Cc1noc(C)c1-c1cccc(-c2cn(C)c3nc(NC4CCNCC4)ncc23)c1,5.36,1,0.0,5.36,5.36,2022,2022,1,1,c1cc(-c2cnoc2)cc(-c2c[nH]c3nc(NC4CCNCC4)ncc23)c1,0.0
Cc1noc(C)c1-c1cccc(-n2ccc3cnc(Nc4ccc(N5CCN(C)CC5)cc4)nc32)c1,5.63,1,0.0,5.63,5.63,2022,2022,1,1,c1cc(-c2cnoc2)cc(-n2ccc3cnc(Nc4ccc(N5CCNCC5)cc4)nc32)c1,0.0
Cc1noc(C)c1-c1cccc(C2Nc3ccccc3NC3=C2C(=O)OC3)c1,5.69,1,0.0,5.69,5.69,2014,2014,1,1,O=C1OCC2=C1C(c1cccc(-c3cnoc3)c1)Nc1ccccc1N2,0.0
Cc1noc(C)c1-c1cccc(C=O)c1,5.0,1,0.0,5.0,5.0,2014,2014,1,1,c1ccc(-c2cnoc2)cc1,0.0
Cc1noc(C)c1-c1cccc(Oc2ccc(NS(C)(=O)=O)cc2-c2cn(C)c(=O)c3cncn23)c1,6.77,2,0.028284271247461613,6.75,6.79,2019,2019,1,2,O=c1[nH]cc(-c2ccccc2Oc2cccc(-c3cnoc3)c2)n2cncc12,0.040000000000000036
Cc1noc(C)c1-c1ccccc1,4.245,2,0.07778174593051983,4.19,4.3,2014,2022,2,2,c1ccc(-c2cnoc2)cc1,0.10999999999999943
Cc1noc(C)c1-c1ccn2c(NC(C)(C)C)c(CCc3ccccc3)nc2c1,5.25,1,0.0,5.25,5.25,2021,2021,1,1,c1ccc(CCc2cn3ccc(-c4cnoc4)cc3n2)cc1,0.0
Cc1noc(C)c1-c1ccn2c(NC(C)(C)CC(C)(C)C)c(CCc3ccccc3)nc2c1,5.56,1,0.0,5.56,5.56,2021,2021,1,1,c1ccc(CCc2cn3ccc(-c4cnoc4)cc3n2)cc1,0.0
Cc1noc(C)c1-c1ccn2c(NC34CC5CC(CC(C5)C3)C4)c(CCc3ccccc3)nc2c1,5.47,1,0.0,5.47,5.47,2021,2021,1,1,c1ccc(CCc2nc3cc(-c4cnoc4)ccn3c2NC23CC4CC(CC(C4)C2)C3)cc1,0.0
Cc1noc(C)c1-c1ccn2c(NC3CCCCC3)c(CCc3ccccc3)nc2c1,5.13,1,0.0,5.13,5.13,2021,2021,1,1,c1ccc(CCc2nc3cc(-c4cnoc4)ccn3c2NC2CCCCC2)cc1,0.0
Cc1noc(C)c1-c1cnc2c3c(c(C(C)(C)O)nn3C)n([C@@H](c3ncccc3F)C3CCOCC3)c2c1,8.34,1,0.0,8.34,8.34,2022,2022,1,1,c1ccc(C(C2CCOCC2)n2c3cc(-c4cnoc4)cnc3c3[nH]ncc32)nc1,0.0
Cc1noc(C)c1-c1cnc2c3c(c(C(C)(C)O)nn3C)n([C@H](c3ccccc3)C3CCOCC3)c2c1,9.32,1,0.0,9.32,9.32,2022,2022,1,1,c1ccc(C(C2CCOCC2)n2c3cc(-c4cnoc4)cnc3c3[nH]ncc32)cc1,0.0
Cc1noc(C)c1-c1cnc2c3c(c(C(C)(C)O)nn3C)n([C@H](c3ncccc3F)C3CCOCC3)c2c1,9.46,1,0.0,9.46,9.46,2022,2022,1,1,c1ccc(C(C2CCOCC2)n2c3cc(-c4cnoc4)cnc3c3[nH]ncc32)nc1,0.0
Cc1noc(C)c1-c1cnc2c3ccc(C(C)(C)O)cc3n([C@H](c3ccccc3)C3CCOCC3)c2c1,8.72,1,0.0,8.72,8.72,2021,2021,1,1,c1ccc(C(C2CCOCC2)n2c3ccccc3c3ncc(-c4cnoc4)cc32)cc1,0.0
Cc1noc(C)c1-c1nc2c(n1C(C)C)C(c1ccc(Cl)cc1)N(c1cc(C)c(=O)n(C)c1)C2=O,6.92,1,0.0,6.92,6.92,2018,2018,1,1,O=C1c2nc(-c3cnoc3)[nH]c2C(c2ccccc2)N1c1ccc(=O)[nH]c1,0.0
Cc1noc(C)c1-c1nc2sc3c(c2c(=O)[nH]1)CCN(C)C3,5.62,1,0.0,5.62,5.62,2020,2020,1,1,O=c1[nH]c(-c2cnoc2)nc2sc3c(c12)CCNC3,0.0
Cc1noc(C)c1Cn1c(=O)nc(-c2ccc(Cl)c(Cl)c2)c2c3c(sc21)CC(C(C)(C)C)CC3,6.25,1,0.0,6.25,6.25,2019,2019,1,1,O=c1nc(-c2ccccc2)c2c3c(sc2n1Cc1cnoc1)CCCC3,0.0
Cc1noc(C)c1Cn1c(=O)nc(-c2ccc(Cl)cc2)c2c3c(sc21)CC(C(C)(C)C)CC3,5.62,1,0.0,5.62,5.62,2019,2019,1,1,O=c1nc(-c2ccccc2)c2c3c(sc2n1Cc1cnoc1)CCCC3,0.0
Cc1noc(C)c1Cn1c(=O)nc(-c2ccc(Cl)cc2)c2c3c(sc21)CC(c1ccccc1)CC3,5.22,1,0.0,5.22,5.22,2019,2019,1,1,O=c1nc(-c2ccccc2)c2c3c(sc2n1Cc1cnoc1)CC(c1ccccc1)CC3,0.0
Cc1noc(C)c1Cn1c(=O)nc(-c2ccc(F)cc2)c2c3c(sc21)CC(C(C)(C)C)CC3,5.44,1,0.0,5.44,5.44,2019,2019,1,1,O=c1nc(-c2ccccc2)c2c3c(sc2n1Cc1cnoc1)CCCC3,0.0
Cc1noc(C)c1Cn1c(=O)nc(-c2cccc(Cl)c2)c2c3c(sc21)CC(C(C)(C)C)CC3,5.51,1,0.0,5.51,5.51,2019,2019,1,1,O=c1nc(-c2ccccc2)c2c3c(sc2n1Cc1cnoc1)CCCC3,0.0
Cc1noc(C)c1Cn1c(=O)nc(-c2ccccc2)c2c3c(sc21)CC(C(C)(C)C)CC3,5.09,1,0.0,5.09,5.09,2019,2019,1,1,O=c1nc(-c2ccccc2)c2c3c(sc2n1Cc1cnoc1)CCCC3,0.0
Cc1noc(C)c1Cn1c(=O)nc(-c2ccccc2Cl)c2c3c(sc21)CC(C(C)(C)C)CC3,5.8,1,0.0,5.8,5.8,2019,2019,1,1,O=c1nc(-c2ccccc2)c2c3c(sc2n1Cc1cnoc1)CCCC3,0.0
Cc1noc(CF)c1-c1ccc2[nH]c(=O)n3c2c1OCC3c1ccccn1,5.26,1,0.0,5.26,5.26,2017,2017,1,1,O=c1[nH]c2ccc(-c3cnoc3)c3c2n1C(c1ccccn1)CO3,0.0
Cc1noc(CO)c1-c1ccc2[nH]c(=O)n3c2c1OCC3c1ccccn1,5.76,2,0.7071067811865476,5.26,6.26,2017,2017,1,2,O=c1[nH]c2ccc(-c3cnoc3)c3c2n1C(c1ccccn1)CO3,1.0
Cc1noc(N)c1-c1ccccc1,4.59,2,0.1555634918610406,4.48,4.7,2013,2016,2,2,c1ccc(-c2cnoc2)cc1,0.21999999999999975
Cc1noc2c1-c1c[nH]c(=O)cc1C(c1ccc(Cl)cc1)=NC2,6.28,1,0.0,6.28,6.28,2016,2016,1,1,O=c1cc2c(c[nH]1)-c1cnoc1CN=C2c1ccccc1,0.0
Cc1noc2c1-c1ccc(-c3ccc(=O)n(C)c3)cc1N(c1ccc(C#N)cc1)CC2C,7.5,1,0.0,7.5,7.5,2016,2016,1,1,O=c1ccc(-c2ccc3c(c2)N(c2ccccc2)CCc2oncc2-3)c[nH]1,0.0
Cc1noc2c1-c1ccc(-c3ccc(N)nc3)cc1C(c1ccc(Cl)cc1)=N[C@H]2CC(N)=O,8.15,1,0.0,8.15,8.15,2016,2016,1,1,c1ccc(C2=NCc3oncc3-c3ccc(-c4cccnc4)cc32)cc1,0.0
Cc1noc2c1-c1ccc(-c3ccc(N)nc3)cc1N(c1ccc(C#N)cc1)CC2,7.19,1,0.0,7.19,7.19,2016,2016,1,1,c1ccc(N2CCc3oncc3-c3ccc(-c4cccnc4)cc32)cc1,0.0
Cc1noc2c1-c1ccc(-c3ccc(N)nc3)cc1N(c1ccc(C#N)cc1)CC2C,7.44,1,0.0,7.44,7.44,2016,2016,1,1,c1ccc(N2CCc3oncc3-c3ccc(-c4cccnc4)cc32)cc1,0.0
Cc1noc2c1-c1ccc(-c3cn(C)cn3)cc1C(c1ccc(Cl)cc1)=N[C@H]2CC(N)=O,7.96,1,0.0,7.96,7.96,2016,2016,1,1,c1ccc(C2=NCc3oncc3-c3ccc(-c4c[nH]cn4)cc32)cc1,0.0
Cc1noc2c1-c1ccc(-c3cnn(C)c3)cc1N(c1ccc(C#N)cc1)CC2CC(N)=O,6.51,1,0.0,6.51,6.51,2016,2016,1,1,c1ccc(N2CCc3oncc3-c3ccc(-c4cn[nH]c4)cc32)cc1,0.0
Cc1noc2c1-c1ccc(-c3cnn(CC(N)=O)c3)cc1N(c1ccc(C#N)cc1)CC2C,7.51,1,0.0,7.51,7.51,2016,2016,1,1,c1ccc(N2CCc3oncc3-c3ccc(-c4cn[nH]c4)cc32)cc1,0.0
Cc1noc2c1-c1ccc(=O)n(C)c1C(c1ccc(Cl)cc1)=NC2,6.12,1,0.0,6.12,6.12,2016,2016,1,1,O=c1ccc2c([nH]1)C(c1ccccc1)=NCc1oncc1-2,0.0
Cc1noc2c1-c1ccccc1C(c1ccc(C#N)cc1)=N[C@H]2CC(N)=O,7.03,1,0.0,7.03,7.03,2016,2016,1,1,c1ccc(C2=NCc3oncc3-c3ccccc32)cc1,0.0
Cc1noc2c1-c1ccccc1C(c1ccc(Cl)cc1)=NC2,6.36,1,0.0,6.36,6.36,2016,2016,1,1,c1ccc(C2=NCc3oncc3-c3ccccc32)cc1,0.0
Cc1noc2c1-c1ccccc1C(c1ccc(Cl)cc1)=NC2C(N)=O,4.82,1,0.0,4.82,4.82,2016,2016,1,1,c1ccc(C2=NCc3oncc3-c3ccccc32)cc1,0.0
Cc1noc2c1-c1ccccc1C(c1ccc(Cl)cc1)=NN2,6.06,1,0.0,6.06,6.06,2016,2016,1,1,c1ccc(C2=NNc3oncc3-c3ccccc32)cc1,0.0
Cc1noc2c1-c1ccccc1C(c1ccc(Cl)cc1)=N[C@H]2CC(N)=O,7.41,1,0.0,7.41,7.41,2016,2016,1,1,c1ccc(C2=NCc3oncc3-c3ccccc32)cc1,0.0
Cc1noc2c1-c1ccccc1C(c1ccc(Cl)cc1)=N[C@H]2CC(N)C(F)(F)F,4.96,1,0.0,4.96,4.96,2016,2016,1,1,c1ccc(C2=NCc3oncc3-c3ccccc32)cc1,0.0
Cc1noc2c1-c1ccccc1C(c1ccccc1)=N[C@H]2CC(N)=O,6.96,1,0.0,6.96,6.96,2016,2016,1,1,c1ccc(C2=NCc3oncc3-c3ccccc32)cc1,0.0
Cc1noc2c1-c1ccccc1N(c1ccc(C#N)cc1)CC2,6.26,1,0.0,6.26,6.26,2016,2016,1,1,c1ccc(N2CCc3oncc3-c3ccccc32)cc1,0.0
Cc1noc2c1-c1ccccc1NCC2,4.52,1,0.0,4.52,4.52,2016,2016,1,1,c1ccc2c(c1)NCCc1oncc1-2,0.0
Cc1noc2c1-c1ccnc(N)c1C(c1ccc(Cl)cc1)=NC2,7.05,1,0.0,7.05,7.05,2016,2016,1,1,c1ccc(C2=NCc3oncc3-c3ccncc32)cc1,0.0
Cc1noc2c1-c1cn(C)nc1C(c1ccc(Cl)cc1)=NC2,6.23,1,0.0,6.23,6.23,2016,2016,1,1,c1ccc(C2=NCc3oncc3-c3c[nH]nc32)cc1,0.0
Cc1noc2c1-c1sc(C)c(C)c1C(C1CCOCC1)=N[C@H]2CC(N)=O,5.21,1,0.0,5.21,5.21,2013,2013,1,1,c1cc2c(s1)-c1cnoc1CN=C2C1CCOCC1,0.0
Cc1noc2c1-c1sc(C)c(C)c1C(Cc1ccccc1)=N[C@H]2CC(N)=O,5.24,1,0.0,5.24,5.24,2013,2013,1,1,c1ccc(CC2=NCc3oncc3-c3sccc32)cc1,0.0
Cc1noc2c1-c1sc(C)c(C)c1C(N1CCOCC1)=N[C@H]2CC(N)=O,5.96,1,0.0,5.96,5.96,2013,2013,1,1,c1cc2c(s1)-c1cnoc1CN=C2N1CCOCC1,0.0
Cc1noc2c1-c1sc(C)c(C)c1C(c1ccc(C#N)cc1)=N[C@H]2CC(N)=O,7.48,1,0.0,7.48,7.48,2013,2013,1,1,c1ccc(C2=NCc3oncc3-c3sccc32)cc1,0.0
Cc1noc2c1-c1sc(C)c(C)c1C(c1ccc(C#N)cc1)=N[C@H]2[C@@H](C)C(N)=O,6.6,1,0.0,6.6,6.6,2013,2013,1,1,c1ccc(C2=NCc3oncc3-c3sccc32)cc1,0.0
Cc1noc2c1-c1sc(C)c(C)c1C(c1ccc(Cl)cc1)=N[C@H]2CC(=O)OC(C)(C)C,6.54,1,0.0,6.54,6.54,2013,2013,1,1,c1ccc(C2=NCc3oncc3-c3sccc32)cc1,0.0
Cc1noc2c1-c1sc(C)c(C)c1C(c1ccc(Cl)cc1)=N[C@H]2CC(N)=O,7.58,1,0.0,7.58,7.58,2013,2013,1,1,c1ccc(C2=NCc3oncc3-c3sccc32)cc1,0.0
Cc1noc2c1-c1sc(C)c(C)c1C(c1ccc(Cl)cc1)=N[C@H]2Cc1ncc[nH]1,6.7,1,0.0,6.7,6.7,2013,2013,1,1,c1ccc(C2=NC(Cc3ncc[nH]3)c3oncc3-c3sccc32)cc1,0.0
Cc1noc2c1-c1sc(C)c(C)c1C(c1ccc(Cl)cc1)=N[C@H]2Cc1nccs1,6.72,1,0.0,6.72,6.72,2013,2013,1,1,c1ccc(C2=NC(Cc3nccs3)c3oncc3-c3sccc32)cc1,0.0
Cc1noc2c1-c1sc(C)c(C)c1C(c1ccc(Cl)cn1)=N[C@H]2CC(N)=O,7.14,1,0.0,7.14,7.14,2013,2013,1,1,c1ccc(C2=NCc3oncc3-c3sccc32)nc1,0.0
Cc1noc2c1-c1sc(C)c(C)c1C(c1ccc(N)nc1)=N[C@H]2CC(N)=O,7.14,1,0.0,7.14,7.14,2013,2013,1,1,c1cncc(C2=NCc3oncc3-c3sccc32)c1,0.0
Cc1noc2c1-c1sc(C)c(C)c1C(c1cccc(Cl)c1)=N[C@H]2CC(N)=O,7.13,1,0.0,7.13,7.13,2013,2013,1,1,c1ccc(C2=NCc3oncc3-c3sccc32)cc1,0.0
Cc1noc2c1-c1sc(C)c(C)c1C(c1ccccc1)=N[C@H]2CC(N)=O,7.54,1,0.0,7.54,7.54,2013,2013,1,1,c1ccc(C2=NCc3oncc3-c3sccc32)cc1,0.0
Cc1noc2c1-c1sc(C)c(C)c1C(c1ccccc1Cl)=N[C@H]2CC(N)=O,6.6,1,0.0,6.6,6.6,2013,2013,1,1,c1ccc(C2=NCc3oncc3-c3sccc32)cc1,0.0
Cc1noc2c1-c1sc(C)c(C)c1C(c1cncnc1)=N[C@H]2CC(N)=O,5.6,1,0.0,5.6,5.6,2013,2013,1,1,c1ncc(C2=NCc3oncc3-c3sccc32)cn1,0.0
Cc1noc2cc(-c3ccn4c(NC5CCCCC5)c(CCc5ccccc5)nc4c3)ccc12,5.52,1,0.0,5.52,5.52,2021,2021,1,1,c1ccc(CCc2nc3cc(-c4ccc5cnoc5c4)ccn3c2NC2CCCCC2)cc1,0.0
Cc1noc2ccc(N3C(=O)c4nn(C)c(C)c4C3c3ccc(Cl)cc3)cc12,6.16,1,0.0,6.16,6.16,2015,2015,1,1,O=C1c2n[nH]cc2C(c2ccccc2)N1c1ccc2oncc2c1,0.0
Cc1nocc1-c1cc(C(N)=O)c2c(c1)c1ccc(C(=O)N3C[C@@H](C)O[C@@H](C)C3)cc1n2CC1CC1,6.88,1,0.0,6.88,6.88,2021,2021,1,1,O=C(c1ccc2c3cc(-c4cnoc4)ccc3n(CC3CC3)c2c1)N1CCOCC1,0.0
Cc1onc2c1-c1ccccc1C(c1ccc(Cl)cc1)=NC2,5.89,1,0.0,5.89,5.89,2016,2016,1,1,c1ccc(C2=NCc3nocc3-c3ccccc32)cc1,0.0
Cc1oncc1-c1cc(C(N)=O)c2c(c1)c1ccc(C(=O)N3C[C@@H](C)O[C@@H](C)C3)cc1n2CC1CC1,6.54,1,0.0,6.54,6.54,2021,2021,1,1,O=C(c1ccc2c3cc(-c4cnoc4)ccc3n(CC3CC3)c2c1)N1CCOCC1,0.0
Cc1sc2c(c1C)C(c1ccc(C#N)cc1)=N[C@@H](CC(=O)N1CCOCC1)c1nnc(C)n1-2,7.05,1,0.0,7.05,7.05,2022,2022,1,1,O=C(CC1N=C(c2ccccc2)c2ccsc2-n2cnnc21)N1CCOCC1,0.0
Cc1sc2c(c1C)C(c1ccc(C#N)cc1)=N[C@@H](CC(=O)NCC(F)(F)F)c1nnc(C)n1-2,6.93,1,0.0,6.93,6.93,2022,2022,1,1,c1ccc(C2=NCc3nncn3-c3sccc32)cc1,0.0
Cc1sc2c(c1C)C(c1ccc(C#N)cc1)=N[C@@H](CC(=O)NCC(F)F)c1nnc(C)n1-2,7.43,1,0.0,7.43,7.43,2022,2022,1,1,c1ccc(C2=NCc3nncn3-c3sccc32)cc1,0.0
Cc1sc2c(c1C)C(c1ccc(C#N)cc1)=N[C@@H](CC(=O)NCCCN1CCN(C)CC1)c1nnc(C)n1-2,7.3,1,0.0,7.3,7.3,2022,2022,1,1,O=C(CC1N=C(c2ccccc2)c2ccsc2-n2cnnc21)NCCCN1CCNCC1,0.0
Cc1sc2c(c1C)C(c1ccc(C#N)cc1)=N[C@@H](CC(=O)NCCN1CCOCC1)c1nnc(C)n1-2,7.28,1,0.0,7.28,7.28,2022,2022,1,1,O=C(CC1N=C(c2ccccc2)c2ccsc2-n2cnnc21)NCCN1CCOCC1,0.0
Cc1sc2c(c1C)C(c1ccc(C#N)cc1)=N[C@@H](CC(=O)NCCO)c1nnc(C)n1-2,7.48,1,0.0,7.48,7.48,2022,2022,1,1,c1ccc(C2=NCc3nncn3-c3sccc32)cc1,0.0
Cc1sc2c(c1C)C(c1ccc(C#N)cc1)=N[C@@H](CC(=O)NC[C@@H](C)O)c1nnc(C)n1-2,7.28,1,0.0,7.28,7.28,2022,2022,1,1,c1ccc(C2=NCc3nncn3-c3sccc32)cc1,0.0
Cc1sc2c(c1C)C(c1ccc(C#N)cc1)=N[C@@H](CC(=O)NC[C@H](C)O)c1nnc(C)n1-2,7.21,1,0.0,7.21,7.21,2022,2022,1,1,c1ccc(C2=NCc3nncn3-c3sccc32)cc1,0.0
Cc1sc2c(c1C)C(c1ccc(C#N)cc1)=N[C@@H](CC(=O)Nc1ccc(O)cc1)c1nnc(C)n1-2,7.1,1,0.0,7.1,7.1,2022,2022,1,1,O=C(CC1N=C(c2ccccc2)c2ccsc2-n2cnnc21)Nc1ccccc1,0.0
Cc1sc2c(c1C)C(c1ccc(C#N)cc1)=N[C@@H](CC(=O)OC(C)(C)C)c1nnc(C)n1-2,7.01,1,0.0,7.01,7.01,2022,2022,1,1,c1ccc(C2=NCc3nncn3-c3sccc32)cc1,0.0
Cc1sc2c(c1C)C(c1ccc(C#N)cc1)=N[C@@H](CC(N)=O)c1nnc(C)n1-2,6.76,1,0.0,6.76,6.76,2022,2022,1,1,c1ccc(C2=NCc3nncn3-c3sccc32)cc1,0.0
Cc1sc2c(c1C)C(c1ccc(Cl)cc1)=NC(CC(=O)Nc1ccc(O)cc1)c1cc(=O)n(C)cc1-2,7.48,1,0.0,7.48,7.48,2020,2020,1,1,O=C(CC1N=C(c2ccccc2)c2ccsc2-c2c[nH]c(=O)cc21)Nc1ccccc1,0.0
Cc1sc2c(c1C)C(c1ccc(Cl)cc1)=NC(CC(N)=O)c1cc(=O)n(C)cc1-2,8.7,1,0.0,8.7,8.7,2020,2020,1,1,O=c1cc2c(c[nH]1)-c1sccc1C(c1ccccc1)=NC2,0.0
Cc1sc2c(c1C)C(c1ccc(Cl)cc1)=N[C@@H](C(=O)OC(C)(C)C)c1nnc(C)n1-2,7.41,3,0.27184554438136416,7.04,7.57,2016,2022,2,3,c1ccc(C2=NCc3nncn3-c3sccc32)cc1,0.5300000000000002
Cc1sc2c(c1C)C(c1ccc(Cl)cc1)=N[C@@H](CC(=O)NCCCCCCCCNC(=O)COc1cccc3c1C(=O)N(C1CCC(=O)NC1=O)C3=O)c1nnc(C)n1-2,7.195,2,0.14849242404917526,7.09,7.3,2022,2022,1,2,O=C(COc1cccc2c1C(=O)N(C1CCC(=O)NC1=O)C2=O)NCCCCCCCCNC(=O)CC1N=C(c2ccccc2)c2ccsc2-n2cnnc21,0.20999999999999996
Cc1sc2c(c1C)C(c1ccc(Cl)cc1)=N[C@@H](CC(=O)NCCO)c1nnc(C)n1-2,8.1,2,0.5939696961966998,7.68,8.52,2023,2023,1,2,c1ccc(C2=NCc3nncn3-c3sccc32)cc1,0.8399999999999999
Cc1sc2c(c1C)C(c1ccc(Cl)cc1)=N[C@@H](CC(=O)NCCc1c[nH]c3ccccc13)c1nnc(C)n1-2,6.675,2,0.7707463914933367,6.13,7.22,2023,2023,1,2,O=C(CC1N=C(c2ccccc2)c2ccsc2-n2cnnc21)NCCc1c[nH]c2ccccc12,1.0899999999999999
Cc1sc2c(c1C)C(c1ccc(Cl)cc1)=N[C@@H](CC(=O)NCc1ccon1)c1nnc(C)n1-2,9.0,2,0.9899494936611655,8.3,9.7,2023,2023,1,2,O=C(CC1N=C(c2ccccc2)c2ccsc2-n2cnnc21)NCc1ccon1,1.3999999999999986
Cc1sc2c(c1C)C(c1ccc(Cl)cc1)=N[C@@H](CC(=O)Nc1cc3c(cc1Cl)COC3)c1nnc(C)n1-2,7.52,2,0.4242640687119292,7.22,7.82,2022,2022,1,2,O=C(CC1N=C(c2ccccc2)c2ccsc2-n2cnnc21)Nc1ccc2c(c1)COC2,0.6000000000000005
Cc1sc2c(c1C)C(c1ccc(Cl)cc1)=N[C@@H](CC(=O)Nc1cc3c(cc1F)COC3)c1nnc(C)n1-2,7.465,2,0.4737615433949868,7.13,7.8,2022,2022,1,2,O=C(CC1N=C(c2ccccc2)c2ccsc2-n2cnnc21)Nc1ccc2c(c1)COC2,0.6699999999999999
Cc1sc2c(c1C)C(c1ccc(Cl)cc1)=N[C@@H](CC(=O)Nc1ccc(O)c3c1COC3)c1nnc(C)n1-2,7.34,2,0.4808326112068521,7.0,7.68,2022,2022,1,2,O=C(CC1N=C(c2ccccc2)c2ccsc2-n2cnnc21)Nc1cccc2c1COC2,0.6799999999999997
Cc1sc2c(c1C)C(c1ccc(Cl)cc1)=N[C@@H](CC(=O)Nc1ccc(O)cc1)c1nnc(C)n1-2,7.8100000000000005,4,0.5997777366102656,6.74,8.04,2018,2024,4,4,O=C(CC1N=C(c2ccccc2)c2ccsc2-n2cnnc21)Nc1ccccc1,1.299999999999999
Cc1sc2c(c1C)C(c1ccc(Cl)cc1)=N[C@@H](CC(=O)Nc1ccc3c(c1)C(=O)NC3)c1nnc(C)n1-2,7.575,2,0.5444722215136413,7.19,7.96,2022,2022,1,2,O=C(CC1N=C(c2ccccc2)c2ccsc2-n2cnnc21)Nc1ccc2c(c1)C(=O)NC2,0.7699999999999996
Cc1sc2c(c1C)C(c1ccc(Cl)cc1)=N[C@@H](CC(=O)Nc1ccc3c(c1)C(=O)NC31CC1)c1nnc(C)n1-2,7.445,2,0.5020458146424484,7.09,7.8,2022,2022,1,2,O=C(CC1N=C(c2ccccc2)c2ccsc2-n2cnnc21)Nc1ccc2c(c1)C(=O)NC21CC1,0.71
Cc1sc2c(c1C)C(c1ccc(Cl)cc1)=N[C@@H](CC(=O)Nc1ccc3c(c1)C(=O)NC3=O)c1nnc(C)n1-2,7.45,2,0.7778174593052021,6.9,8.0,2022,2022,1,2,O=C(CC1N=C(c2ccccc2)c2ccsc2-n2cnnc21)Nc1ccc2c(c1)C(=O)NC2=O,1.0999999999999996
Cc1sc2c(c1C)C(c1ccc(Cl)cc1)=N[C@@H](CC(=O)Nc1ccc3c(c1)C(=O)OC3)c1nnc(C)n1-2,7.67,2,0.5374011537017769,7.29,8.05,2022,2022,1,2,O=C(CC1N=C(c2ccccc2)c2ccsc2-n2cnnc21)Nc1ccc2c(c1)C(=O)OC2,0.7600000000000007
Cc1sc2c(c1C)C(c1ccc(Cl)cc1)=N[C@@H](CC(=O)Nc1ccc3c(c1)C(=O)SC3)c1nnc(C)n1-2,7.35,2,0.919238815542512,6.7,8.0,2022,2022,1,2,O=C(CC1N=C(c2ccccc2)c2ccsc2-n2cnnc21)Nc1ccc2c(c1)C(=O)SC2,1.2999999999999998
Cc1sc2c(c1C)C(c1ccc(Cl)cc1)=N[C@@H](CC(=O)Nc1ccc3c(c1)C(C)(C)OC3=O)c1nnc(C)n1-2,7.395,2,0.7990306627407989,6.83,7.96,2022,2022,1,2,O=C(CC1N=C(c2ccccc2)c2ccsc2-n2cnnc21)Nc1ccc2c(c1)COC2=O,1.13
Cc1sc2c(c1C)C(c1ccc(Cl)cc1)=N[C@@H](CC(=O)Nc1ccc3c(c1)C1(CC1)C(=O)N3)c1nnc(C)n1-2,7.635,2,0.45961940777125615,7.31,7.96,2022,2022,1,2,O=C(CC1N=C(c2ccccc2)c2ccsc2-n2cnnc21)Nc1ccc2c(c1)C1(CC1)C(=O)N2,0.6500000000000004
Cc1sc2c(c1C)C(c1ccc(Cl)cc1)=N[C@@H](CC(=O)Nc1ccc3c(c1)C1(CC1)NC3=O)c1nnc(C)n1-2,7.66,2,0.3676955262170044,7.4,7.92,2022,2022,1,2,O=C(CC1N=C(c2ccccc2)c2ccsc2-n2cnnc21)Nc1ccc2c(c1)C1(CC1)NC2=O,0.5199999999999996
Cc1sc2c(c1C)C(c1ccc(Cl)cc1)=N[C@@H](CC(=O)Nc1ccc3c(c1)CC(F)(F)C3)c1nnc(C)n1-2,6.875,2,0.8414570696119912,6.28,7.47,2022,2022,1,2,O=C(CC1N=C(c2ccccc2)c2ccsc2-n2cnnc21)Nc1ccc2c(c1)CCC2,1.1899999999999995
Cc1sc2c(c1C)C(c1ccc(Cl)cc1)=N[C@@H](CC(=O)Nc1ccc3c(c1)CC1(COC1)C3)c1nnc(C)n1-2,7.655,2,0.5586143571373732,7.26,8.05,2022,2022,1,2,O=C(CC1N=C(c2ccccc2)c2ccsc2-n2cnnc21)Nc1ccc2c(c1)CC1(COC1)C2,0.7900000000000009
Cc1sc2c(c1C)C(c1ccc(Cl)cc1)=N[C@@H](CC(=O)Nc1ccc3c(c1)CN(C(N)=O)C3)c1nnc(C)n1-2,7.365,2,0.8414570696119915,6.77,7.96,2022,2022,1,2,O=C(CC1N=C(c2ccccc2)c2ccsc2-n2cnnc21)Nc1ccc2c(c1)CNC2,1.1900000000000004
Cc1sc2c(c1C)C(c1ccc(Cl)cc1)=N[C@@H](CC(=O)Nc1ccc3c(c1)CN(S(C)(=O)=O)C3)c1nnc(C)n1-2,7.705,2,0.5586143571373723,7.31,8.1,2022,2022,1,2,O=C(CC1N=C(c2ccccc2)c2ccsc2-n2cnnc21)Nc1ccc2c(c1)CNC2,0.79
Cc1sc2c(c1C)C(c1ccc(Cl)cc1)=N[C@@H](CC(=O)Nc1ccc3c(c1)CNC3)c1nnc(C)n1-2,7.869999999999999,2,0.32526911934581215,7.64,8.1,2022,2022,1,2,O=C(CC1N=C(c2ccccc2)c2ccsc2-n2cnnc21)Nc1ccc2c(c1)CNC2,0.45999999999999996
Cc1sc2c(c1C)C(c1ccc(Cl)cc1)=N[C@@H](CC(=O)Nc1ccc3c(c1)CNC3=O)c1nnc(C)n1-2,7.654999999999999,2,0.4879036790187184,7.31,8.0,2022,2022,1,2,O=C(CC1N=C(c2ccccc2)c2ccsc2-n2cnnc21)Nc1ccc2c(c1)CNC2=O,0.6900000000000004
Cc1sc2c(c1C)C(c1ccc(Cl)cc1)=N[C@@H](CC(=O)Nc1ccc3c(c1)COC3)c1nnc(C)n1-2,7.57,2,0.49497474683058307,7.22,7.92,2022,2022,1,2,O=C(CC1N=C(c2ccccc2)c2ccsc2-n2cnnc21)Nc1ccc2c(c1)COC2,0.7000000000000002
Cc1sc2c(c1C)C(c1ccc(Cl)cc1)=N[C@@H](CC(=O)Nc1ccc3c(c1)COC3=O)c1nnc(C)n1-2,7.59,2,0.5798275605729691,7.18,8.0,2022,2022,1,2,O=C(CC1N=C(c2ccccc2)c2ccsc2-n2cnnc21)Nc1ccc2c(c1)COC2=O,0.8200000000000003
Cc1sc2c(c1C)C(c1ccc(Cl)cc1)=N[C@@H](CC(=O)Nc1ccc3c(c1)CS(=O)(=O)C3)c1nnc(C)n1-2,7.58,2,0.38183766184073537,7.31,7.85,2022,2022,1,2,O=C(CC1N=C(c2ccccc2)c2ccsc2-n2cnnc21)Nc1ccc2c(c1)CS(=O)(=O)C2,0.54
Cc1sc2c(c1C)C(c1ccc(Cl)cc1)=N[C@@H](CC(=O)Nc1ccc3c(c1)C[C@@H](F)C3)c1nnc(C)n1-2,7.23,2,0.7636753236814704,6.69,7.77,2022,2022,1,2,O=C(CC1N=C(c2ccccc2)c2ccsc2-n2cnnc21)Nc1ccc2c(c1)CCC2,1.0799999999999992
Cc1sc2c(c1C)C(c1ccc(Cl)cc1)=N[C@@H](CC(=O)Nc1ccc3c(c1)C[C@@](C)(O)C3)c1nnc(C)n1-2,7.4399999999999995,2,0.5374011537017769,7.06,7.82,2022,2022,1,2,O=C(CC1N=C(c2ccccc2)c2ccsc2-n2cnnc21)Nc1ccc2c(c1)CCC2,0.7600000000000007
Cc1sc2c(c1C)C(c1ccc(Cl)cc1)=N[C@@H](CC(=O)Nc1ccc3c(c1)C[C@H](F)C3)c1nnc(C)n1-2,7.23,2,0.6081118318204308,6.8,7.66,2022,2022,1,2,O=C(CC1N=C(c2ccccc2)c2ccsc2-n2cnnc21)Nc1ccc2c(c1)CCC2,0.8600000000000003
Cc1sc2c(c1C)C(c1ccc(Cl)cc1)=N[C@@H](CC(=O)Nc1ccc3c(c1)C[C@](C)(O)C3)c1nnc(C)n1-2,7.369999999999999,2,0.6788225099390859,6.89,7.85,2022,2022,1,2,O=C(CC1N=C(c2ccccc2)c2ccsc2-n2cnnc21)Nc1ccc2c(c1)CCC2,0.96
Cc1sc2c(c1C)C(c1ccc(Cl)cc1)=N[C@@H](CC(=O)Nc1ccc3c(c1)C[S+]([O-])C3)c1nnc(C)n1-2,7.699999999999999,2,0.5656854249492382,7.3,8.1,2022,2022,1,2,O=C(CC1N=C(c2ccccc2)c2ccsc2-n2cnnc21)Nc1ccc2c(c1)C[SH+]C2,0.7999999999999998
Cc1sc2c(c1C)C(c1ccc(Cl)cc1)=N[C@@H](CC(=O)Nc1ccc3c(c1)C[S@+]([O-])C3)c1nnc(C)n1-2,7.5,2,0.6505382386916236,7.04,7.96,2022,2022,1,2,O=C(CC1N=C(c2ccccc2)c2ccsc2-n2cnnc21)Nc1ccc2c(c1)C[SH+]C2,0.9199999999999999
Cc1sc2c(c1C)C(c1ccc(Cl)cc1)=N[C@@H](CC(=O)Nc1ccc3c(c1)C[S@@+]([O-])C3)c1nnc(C)n1-2,7.63,2,0.6646803743153543,7.16,8.1,2022,2022,1,2,O=C(CC1N=C(c2ccccc2)c2ccsc2-n2cnnc21)Nc1ccc2c(c1)C[SH+]C2,0.9399999999999995
Cc1sc2c(c1C)C(c1ccc(Cl)cc1)=N[C@@H](CC(=O)Nc1ccc3c(c1)OCCOCCOCCO3)c1nnc(C)n1-2,7.865,2,0.615182899632297,7.43,8.3,2022,2022,1,2,O=C(CC1N=C(c2ccccc2)c2ccsc2-n2cnnc21)Nc1ccc2c(c1)OCCOCCOCCO2,0.870000000000001
Cc1sc2c(c1C)C(c1ccc(Cl)cc1)=N[C@@H](CC(=O)Nc1ccc3c(c1)[C@@H]1CC[C@H]3O1)c1nnc(C)n1-2,7.445,2,0.7283199846221438,6.93,7.96,2022,2022,1,2,O=C(CC1N=C(c2ccccc2)c2ccsc2-n2cnnc21)Nc1ccc2c(c1)C1CCC2O1,1.0300000000000002
Cc1sc2c(c1C)C(c1ccc(Cl)cc1)=N[C@@H](CC(=O)Nc1ccc3c(c1)[C@H]1CC[C@@H]3O1)c1nnc(C)n1-2,7.365,2,0.7848885271170677,6.81,7.92,2022,2022,1,2,O=C(CC1N=C(c2ccccc2)c2ccsc2-n2cnnc21)Nc1ccc2c(c1)C1CCC2O1,1.1100000000000003
Cc1sc2c(c1C)C(c1ccc(Cl)cc1)=N[C@@H](CC(=O)Nc1ccc3c(c1C)COC3)c1nnc(C)n1-2,7.4,2,0.42426406871192857,7.1,7.7,2022,2022,1,2,O=C(CC1N=C(c2ccccc2)c2ccsc2-n2cnnc21)Nc1ccc2c(c1)COC2,0.6000000000000005
Cc1sc2c(c1C)C(c1ccc(Cl)cc1)=N[C@@H](CC(=O)Nc1ccc3nonc3c1)c1nnc(C)n1-2,7.165,2,0.7848885271170674,6.61,7.72,2022,2022,1,2,O=C(CC1N=C(c2ccccc2)c2ccsc2-n2cnnc21)Nc1ccc2nonc2c1,1.1099999999999994
Cc1sc2c(c1C)C(c1ccc(Cl)cc1)=N[C@@H](CC(=O)Nc1ccn3c(=O)c(O)cnc3c1)c1nnc(C)n1-2,7.565,2,0.6858935777509516,7.08,8.05,2022,2022,1,2,O=C(CC1N=C(c2ccccc2)c2ccsc2-n2cnnc21)Nc1ccn2c(=O)ccnc2c1,0.9700000000000006
Cc1sc2c(c1C)C(c1ccc(Cl)cc1)=N[C@@H](CC(=O)Nc1n[nH]c(=O)c3ccccc13)c1nnc(C)n1-2,7.625,2,0.4737615433949868,7.29,7.96,2022,2022,1,2,O=C(CC1N=C(c2ccccc2)c2ccsc2-n2cnnc21)Nc1n[nH]c(=O)c2ccccc12,0.6699999999999999
Cc1sc2c(c1C)C(c1ccc(Cl)cc1)=N[C@@H](CC(=O)Nc1nncs1)c1nnc(C)n1-2,8.96,2,1.0465180361560886,8.22,9.7,2023,2023,1,2,O=C(CC1N=C(c2ccccc2)c2ccsc2-n2cnnc21)Nc1nncs1,1.4799999999999986
Cc1sc2c(c1C)C(c1ccc(Cl)cc1)=N[C@@H](CC(=O)Oc1ccc(N)c3c1COC3)c1nnc(C)n1-2,6.77,2,0.39597979746446665,6.49,7.05,2022,2022,1,2,O=C(CC1N=C(c2ccccc2)c2ccsc2-n2cnnc21)Oc1cccc2c1COC2,0.5599999999999996
Cc1sc2c(c1C)C(c1ccc(Cl)cc1)OC(CC(N)=O)c1cc(=O)n(C)cc1-2,8.7,1,0.0,8.7,8.7,2020,2020,1,1,O=c1cc2c(c[nH]1)-c1sccc1C(c1ccccc1)OC2,0.0
Cc1sc2c(c1C)C(c1ccc(Cl)cc1)OC(CCO)c1cc(=O)n(C)cc1-2,7.77,1,0.0,7.77,7.77,2020,2020,1,1,O=c1cc2c(c[nH]1)-c1sccc1C(c1ccccc1)OC2,0.0
Cc1sc2c(c1C)COCc1nnc(C)n1-2,5.36,1,0.0,5.36,5.36,2018,2018,1,1,c1cc2c(s1)-n1cnnc1COC2,0.0
Cc1sc2c(c1Cc1ccccc1)COCc1nnc(C)n1-2,7.0,1,0.0,7.0,7.0,2018,2018,1,1,c1ccc(Cc2csc3c2COCc2nncn2-3)cc1,0.0
Clc1cc(Cl)cc(Oc2nccc(-c3c(-c4ccc(I)cc4)ncn3C3CCNCC3)n2)c1,6.37,1,0.0,6.37,6.37,2022,2022,1,1,c1ccc(Oc2nccc(-c3c(-c4ccccc4)ncn3C3CCNCC3)n2)cc1,0.0
Cn1c(-c2ccc(=O)n(C)c2)cc2c1C(c1ccc(Cl)cc1)N(c1cc(Cl)c(=O)n(C)c1)C2=O,6.57,1,0.0,6.57,6.57,2017,2017,1,1,O=C1c2cc(-c3ccc(=O)[nH]c3)[nH]c2C(c2ccccc2)N1c1ccc(=O)[nH]c1,0.0
Cn1c(-c2cccc(=O)n2C)cc2c1C(c1ccc(Cl)cc1)N(c1cc(Cl)c(=O)n(C)c1)C2=O,7.18,1,0.0,7.18,7.18,2017,2017,1,1,O=C1c2cc(-c3cccc(=O)[nH]3)[nH]c2C(c2ccccc2)N1c1ccc(=O)[nH]c1,0.0
Cn1c(-c2cccn(C)c2=O)cc2c1C(c1ccc(Cl)cc1)N(c1cc(Cl)c(=O)n(C)c1)C2=O,6.92,1,0.0,6.92,6.92,2017,2017,1,1,O=C1c2cc(-c3ccc[nH]c3=O)[nH]c2C(c2ccccc2)N1c1ccc(=O)[nH]c1,0.0
Cn1c(-c2ccn(C)c(=O)c2)cc2c1C(c1ccc(Cl)cc1)N(c1cc(Cl)c(=O)n(C)c1)C2=O,7.07,1,0.0,7.07,7.07,2017,2017,1,1,O=C1c2cc(-c3cc[nH]c(=O)c3)[nH]c2C(c2ccccc2)N1c1ccc(=O)[nH]c1,0.0
Cn1c(/N=N/c2ccc(O)c3ncccc23)nc2ccccc21,6.43,1,0.0,6.43,6.43,2019,2019,1,1,c1ccc2[nH]c(N=Nc3cccc4ncccc34)nc2c1,0.0
Cn1cc(-c2cc(C(C)(C)O)ccc2OC2CC2)c2cc(C(=O)NCCCCCCC(=O)NO)[nH]c2c1=O,7.91,2,0.4666904755831215,7.58,8.24,2021,2021,1,2,O=c1[nH]cc(-c2ccccc2OC2CC2)c2cc[nH]c12,0.6600000000000001
Cn1cc(-c2cc(C(C)(C)O)ccc2OC2CC2)c2cc(C(=O)NCc3ccc(C(=O)NCCCCNc4cccc5c4C(=O)N(C4CCC(=O)NC4=O)C5=O)cc3)[nH]c2c1=O,7.875,2,0.3323401871576768,7.64,8.11,2022,2022,1,2,O=C1CCC(N2C(=O)c3cccc(NCCCCNC(=O)c4ccc(CNC(=O)c5cc6c(-c7ccccc7OC7CC7)c[nH]c(=O)c6[nH]5)cc4)c3C2=O)C(=O)N1,0.46999999999999975
Cn1cc(-c2cc(C(C)(C)O)ccc2OC2CC2)c2cc(C(=O)NCc3ccc(C(=O)Nc4ccccc4N)cc3)[nH]c2c1=O,8.395,2,0.40305086527633227,8.11,8.68,2021,2021,1,2,O=C(Nc1ccccc1)c1ccc(CNC(=O)c2cc3c(-c4ccccc4OC4CC4)c[nH]c(=O)c3[nH]2)cc1,0.5700000000000003
Cn1cc(-c2cc(C(C)(C)O)ccc2Oc2ccc(F)cc2F)c2cc(C(=O)N3CCC(F)(F)C3)sc2c1=O,7.175,2,0.8414570696119912,6.58,7.77,2023,2023,1,2,O=C(c1cc2c(-c3ccccc3Oc3ccccc3)c[nH]c(=O)c2s1)N1CCCC1,1.1899999999999995
Cn1cc(-c2cc(C(C)(C)O)ccc2Oc2ccc(F)cc2F)c2cc(C(=O)NC3(C(F)(F)F)CC3)sc2c1=O,6.63,2,0.9899494936611668,5.93,7.33,2023,2023,1,2,O=C(NC1CC1)c1cc2c(-c3ccccc3Oc3ccccc3)c[nH]c(=O)c2s1,1.4000000000000004
Cn1cc(-c2cc(C(C)(C)O)ccc2Oc2ccc(F)cc2F)c2cc(C(=O)NCCCCCCC(=O)NO)[nH]c2c1=O,7.705,2,0.615182899632297,7.27,8.14,2021,2021,1,2,O=c1[nH]cc(-c2ccccc2Oc2ccccc2)c2cc[nH]c12,0.870000000000001
Cn1cc(-c2cc(C(C)(C)O)ccc2Oc2ccc(F)cc2F)c2cc(C(=O)NCc3ccc(C(=O)NO)cc3)[nH]c2c1=O,7.515000000000001,2,0.5586143571373723,7.12,7.91,2021,2021,1,2,O=C(NCc1ccccc1)c1cc2c(-c3ccccc3Oc3ccccc3)c[nH]c(=O)c2[nH]1,0.79
Cn1cc(-c2cc(C(C)(C)O)ccc2Oc2ccc(F)cc2F)c2cc(C(=O)NCc3ccc(C(=O)Nc4ccccc4N)cc3)[nH]c2c1=O,8.280000000000001,2,0.7636753236814707,7.74,8.82,2021,2021,1,2,O=C(Nc1ccccc1)c1ccc(CNC(=O)c2cc3c(-c4ccccc4Oc4ccccc4)c[nH]c(=O)c3[nH]2)cc1,1.08
Cn1cc(-c2cc(C(C)(C)O)ccc2Oc2ccc(F)cc2F)c2cc(CN3CCCCC3)sc2c1=O,6.3,1,0.0,6.3,6.3,2023,2023,1,1,O=c1[nH]cc(-c2ccccc2Oc2ccccc2)c2cc(CN3CCCCC3)sc12,0.0
Cn1cc(-c2cc(C(C)(C)O)ccc2Oc2ccc(F)cc2F)c2sccc2c1=O,7.234999999999999,2,0.4313351365237945,6.93,7.54,2023,2023,1,2,O=c1[nH]cc(-c2ccccc2Oc2ccccc2)c2sccc12,0.6100000000000003
Cn1cc(-c2cc(C(C)(C)O)ccc2Oc2ccccc2)c2cc(C(=O)NCc3ccc(C(=O)NCCCCNc4cccc5c4C(=O)N(C4CCC(=O)NC4=O)C5=O)cc3)[nH]c2c1=O,7.975,2,0.6293250352560273,7.53,8.42,2022,2022,1,2,O=C1CCC(N2C(=O)c3cccc(NCCCCNC(=O)c4ccc(CNC(=O)c5cc6c(-c7ccccc7Oc7ccccc7)c[nH]c(=O)c6[nH]5)cc4)c3C2=O)C(=O)N1,0.8899999999999997
Cn1cc(-c2cc(C(C)(C)O)ccc2Oc2ccccc2)c2cc(C(=O)NCc3ccc(C(=O)Nc4ccccc4N)cc3)[nH]c2c1=O,8.195,2,0.4596194077712552,7.87,8.52,2021,2021,1,2,O=C(Nc1ccccc1)c1ccc(CNC(=O)c2cc3c(-c4ccccc4Oc4ccccc4)c[nH]c(=O)c3[nH]2)cc1,0.6499999999999995
Cn1cc(-c2cc(CNCC3CC3)c3[nH]c(=O)[nH]c3c2Oc2ccc(F)cc2F)c2cc[nH]c2c1=O,6.26,1,0.0,6.26,6.26,2018,2018,1,1,O=c1[nH]c2c(CNCC3CC3)cc(-c3c[nH]c(=O)c4[nH]ccc34)c(Oc3ccccc3)c2[nH]1,0.0
Cn1cc(-c2cc(CNCCN3CCOCC3)c3[nH]c(=O)[nH]c3c2Oc2ccc(F)cc2F)c2cc[nH]c2c1=O,6.26,1,0.0,6.26,6.26,2018,2018,1,1,O=c1[nH]c2c(CNCCN3CCOCC3)cc(-c3c[nH]c(=O)c4[nH]ccc34)c(Oc3ccccc3)c2[nH]1,0.0
Cn1cc(-c2cc(F)cc(NS(C)(=O)=O)c2)c2ccccc2c1=O,5.56,1,0.0,5.56,5.56,2018,2018,1,1,O=c1[nH]cc(-c2ccccc2)c2ccccc12,0.0
Cn1cc(-c2cc(F)cc(N[S+](C)[O-])c2)c2ccccc2c1=O,5.56,1,0.0,5.56,5.56,2021,2021,1,1,O=c1[nH]cc(-c2ccccc2)c2ccccc12,0.0
Cn1cc(-c2cc(N)c(F)cc2F)c2ccccc2c1=O,5.56,1,0.0,5.56,5.56,2018,2018,1,1,O=c1[nH]cc(-c2ccccc2)c2ccccc12,0.0
Cn1cc(-c2cc(N)cc(F)c2)c2ccccc2c1=O,5.56,1,0.0,5.56,5.56,2018,2018,1,1,O=c1[nH]cc(-c2ccccc2)c2ccccc12,0.0
Cn1cc(-c2cc(N)ccc2F)c2ccccc2c1=O,5.56,1,0.0,5.56,5.56,2018,2018,1,1,O=c1[nH]cc(-c2ccccc2)c2ccccc12,0.0
Cn1cc(-c2cc(NS(C)(=O)=O)c(F)cc2F)c2ccccc2c1=O,5.56,1,0.0,5.56,5.56,2018,2018,1,1,O=c1[nH]cc(-c2ccccc2)c2ccccc12,0.0
Cn1cc(-c2cc(NS(C)(=O)=O)cc(C(F)(F)F)c2)c2ccccc2c1=O,5.56,1,0.0,5.56,5.56,2018,2018,1,1,O=c1[nH]cc(-c2ccccc2)c2ccccc12,0.0
Cn1cc(-c2cc(NS(C)(=O)=O)ccc2Oc2ccc(Br)cc2)n2cncc2c1=O,7.395,2,0.04949747468305758,7.36,7.43,2019,2019,1,2,O=c1[nH]cc(-c2ccccc2Oc2ccccc2)n2cncc12,0.0699999999999994
Cn1cc(-c2cc(NS(C)(=O)=O)ccc2Oc2ccc(F)cc2)n2cncc2c1=O,7.36,1,0.0,7.36,7.36,2019,2019,1,1,O=c1[nH]cc(-c2ccccc2Oc2ccccc2)n2cncc12,0.0
Cn1cc(-c2cc(NS(C)(=O)=O)ccc2Oc2ccc(F)cc2F)cc(N2CCCC2)c1=O,5.56,1,0.0,5.56,5.56,2018,2018,1,1,O=c1[nH]cc(-c2ccccc2Oc2ccccc2)cc1N1CCCC1,0.0
Cn1cc(-c2cc(NS(C)(=O)=O)ccc2Oc2cccc(Br)c2)n2cncc2c1=O,7.225,2,0.021213203435596288,7.21,7.24,2019,2019,1,2,O=c1[nH]cc(-c2ccccc2Oc2ccccc2)n2cncc12,0.03000000000000025
Cn1cc(-c2cc(N[S+](C)[O-])c(F)cc2F)c2ccccc2c1=O,5.56,1,0.0,5.56,5.56,2021,2021,1,1,O=c1[nH]cc(-c2ccccc2)c2ccccc12,0.0
Cn1cc(-c2cc(N[S+](C)[O-])cc(C(F)(F)F)c2)c2ccccc2c1=O,5.56,1,0.0,5.56,5.56,2021,2021,1,1,O=c1[nH]cc(-c2ccccc2)c2ccccc12,0.0
Cn1cc(-c2cc(N[S+](C)[O-])ccc2Oc2ccc(F)cc2F)cc(N2CCCC2)c1=O,5.56,1,0.0,5.56,5.56,2021,2021,1,1,O=c1[nH]cc(-c2ccccc2Oc2ccccc2)cc1N1CCCC1,0.0
Cn1cc(-c2cc(S(C)(=O)=O)ccc2NC(=O)C2CC2)c2ccccc2c1=O,5.56,1,0.0,5.56,5.56,2018,2018,1,1,O=C(Nc1ccccc1-c1c[nH]c(=O)c2ccccc12)C1CC1,0.0
Cn1cc(-c2cc(S(C)(=O)=O)ccc2OCC2CC2)c2ncncc2c1=O,5.56,1,0.0,5.56,5.56,2018,2018,1,1,O=c1[nH]cc(-c2ccccc2OCC2CC2)c2ncncc12,0.0
Cn1cc(-c2cc(S(C)(=O)=O)ccc2OCC2CC2)cc(F)c1=O,5.56,1,0.0,5.56,5.56,2018,2018,1,1,O=c1ccc(-c2ccccc2OCC2CC2)c[nH]1,0.0
Cn1cc(-c2cc(S(C)(=O)=O)ccc2OCC2CC2)ccc1=O,5.56,1,0.0,5.56,5.56,2018,2018,1,1,O=c1ccc(-c2ccccc2OCC2CC2)c[nH]1,0.0
Cn1cc(-c2cc(S(C)(=O)=O)ccc2Oc2ccc(F)cc2F)c2ncncc2c1=O,5.56,1,0.0,5.56,5.56,2018,2018,1,1,O=c1[nH]cc(-c2ccccc2Oc2ccccc2)c2ncncc12,0.0
Cn1cc(-c2cc(S(C)(=O)=O)ccc2Oc2ccc(F)cc2F)cc(F)c1=O,5.56,1,0.0,5.56,5.56,2018,2018,1,1,O=c1ccc(-c2ccccc2Oc2ccccc2)c[nH]1,0.0
Cn1cc(-c2cc(S(C)(=O)=O)ccc2Oc2ccc(F)cc2F)n2cncc2c1=O,6.26,2,0.028284271247461613,6.24,6.28,2017,2017,1,2,O=c1[nH]cc(-c2ccccc2Oc2ccccc2)n2cncc12,0.040000000000000036
Cn1cc(-c2cc(S(C)(=O)=O)ccc2Oc2cccc(NCc3ccc(C#N)cc3)c2)n2cncc2c1=O,6.605,2,0.2050609665440985,6.46,6.75,2017,2017,1,2,O=c1[nH]cc(-c2ccccc2Oc2cccc(NCc3ccccc3)c2)n2cncc12,0.29000000000000004
Cn1cc(-c2cc(S(C)(=O)=O)ccc2Oc2cccc(NCc3ccc(F)cc3)c2)n2cncc2c1=O,6.335,2,0.23334523779156074,6.17,6.5,2017,2017,1,2,O=c1[nH]cc(-c2ccccc2Oc2cccc(NCc3ccccc3)c2)n2cncc12,0.33000000000000007
Cn1cc(-c2cc3c(cc2C(F)F)N(c2cc(N4CCOCC4)c4c(c2)n(C)c(=O)n4C)CCC3)cn1,5.96,1,0.0,5.96,5.96,2017,2017,1,1,O=c1[nH]c2cc(N3CCCc4cc(-c5cn[nH]c5)ccc43)cc(N3CCOCC3)c2[nH]1,0.0
Cn1cc(-c2cc3c(cc2C(F)F)N(c2ccc4c(c2)n(C)c(=O)n4C)CCC3)cn1,5.39,1,0.0,5.39,5.39,2017,2017,1,1,O=c1[nH]c2ccc(N3CCCc4cc(-c5cn[nH]c5)ccc43)cc2[nH]1,0.0
Cn1cc(-c2cc3c(cc2C(F)F)N(c2ccc4sc(=O)n(C)c4c2)CCC3)cn1,4.75,1,0.0,4.75,4.75,2017,2017,1,1,O=c1[nH]c2cc(N3CCCc4cc(-c5cn[nH]c5)ccc43)ccc2s1,0.0
Cn1cc(-c2cc3c(cc2C(F)F)N(c2nn(C4CCOCC4)c4c2CN(C(N)=O)CC4)CCC3)cn1,5.02,1,0.0,5.02,5.02,2017,2017,1,1,c1cc2c(cc1-c1cn[nH]c1)CCCN2c1nn(C2CCOCC2)c2c1CNCC2,0.0
Cn1cc(-c2cc3c(n2C2CC2)C(c2ccc(Cl)cc2)N(c2cc(Cl)c(=O)n(C)c2)C3=O)ccc1=O,7.02,1,0.0,7.02,7.02,2017,2017,1,1,O=C1c2cc(-c3ccc(=O)[nH]c3)n(C3CC3)c2C(c2ccccc2)N1c1ccc(=O)[nH]c1,0.0
Cn1cc(-c2cc3cccc(-c4nc(C5CC5)n5c4CN(CCF)C(=O)C5)c3cn2)cn1,7.72,1,0.0,7.72,7.72,2021,2021,1,1,O=C1Cn2c(C3CC3)nc(-c3cccc4cc(-c5cn[nH]c5)ncc34)c2CN1,0.0
Cn1cc(-c2cc3cccc(-c4nc(C5CC5)n5c4CN(CCO)C(=O)C5)c3cn2)cn1,5.65,1,0.0,5.65,5.65,2021,2021,1,1,O=C1Cn2c(C3CC3)nc(-c3cccc4cc(-c5cn[nH]c5)ncc34)c2CN1,0.0
Cn1cc(-c2ccc(C(=O)N3CC(F)C3)cc2)c2cc[nH]c2c1=O,7.08,1,0.0,7.08,7.08,2018,2018,1,1,O=C(c1ccc(-c2c[nH]c(=O)c3[nH]ccc23)cc1)N1CCC1,0.0
Cn1cc(-c2ccc(C(=O)N3CCCC3)cc2)c2cc[nH]c2c1=O,6.55,1,0.0,6.55,6.55,2018,2018,1,1,O=C(c1ccc(-c2c[nH]c(=O)c3[nH]ccc23)cc1)N1CCCC1,0.0
Cn1cc(-c2ccc(C(=O)N3CCN(CC(N)=O)CC3)cc2)c2cc[nH]c2c1=O,6.5,1,0.0,6.5,6.5,2018,2018,1,1,O=C(c1ccc(-c2c[nH]c(=O)c3[nH]ccc23)cc1)N1CCNCC1,0.0
Cn1cc(-c2ccc(C(=O)Nc3cccnc3)cc2)c2cc[nH]c2c1=O,7.29,1,0.0,7.29,7.29,2018,2018,1,1,O=C(Nc1cccnc1)c1ccc(-c2c[nH]c(=O)c3[nH]ccc23)cc1,0.0
Cn1cc(-c2ccc(C(F)(F)F)cc2)c2cc(C(=O)NCc3ccc(C(=O)Nc4ccccc4N)cc3)[nH]c2c1=O,6.640000000000001,2,0.28284271247461895,6.44,6.84,2021,2021,1,2,O=C(Nc1ccccc1)c1ccc(CNC(=O)c2cc3c(-c4ccccc4)c[nH]c(=O)c3[nH]2)cc1,0.39999999999999947
Cn1cc(-c2ccc(CO)cc2)c2cc[nH]c2c1=O,6.15,1,0.0,6.15,6.15,2018,2018,1,1,O=c1[nH]cc(-c2ccccc2)c2cc[nH]c12,0.0
Cn1cc(-c2ccc(Cl)cc2)c2cc(C(=O)NCc3ccc(C(=O)Nc4ccccc4N)cc3)[nH]c2c1=O,6.88,2,0.4666904755831215,6.55,7.21,2021,2021,1,2,O=C(Nc1ccccc1)c1ccc(CNC(=O)c2cc3c(-c4ccccc4)c[nH]c(=O)c3[nH]2)cc1,0.6600000000000001
Cn1cc(-c2ccc(F)c(N)c2)c2ccccc2c1=O,5.56,1,0.0,5.56,5.56,2018,2018,1,1,O=c1[nH]cc(-c2ccccc2)c2ccccc12,0.0
Cn1cc(-c2ccc(F)cc2)c2cc(C(=O)NCc3ccc(C(=O)Nc4ccccc4N)cc3)[nH]c2c1=O,7.23,2,0.18384776310850315,7.1,7.36,2021,2021,1,2,O=C(Nc1ccccc1)c1ccc(CNC(=O)c2cc3c(-c4ccccc4)c[nH]c(=O)c3[nH]2)cc1,0.2600000000000007
Cn1cc(-c2ccc3c(=O)n(C)cc(-c4cccc(NS(C)(=O)=O)c4)c3c2)cn1,7.3,1,0.0,7.3,7.3,2018,2018,1,1,O=c1[nH]cc(-c2ccccc2)c2cc(-c3cn[nH]c3)ccc12,0.0
Cn1cc(-c2ccc3c([nH]c(=O)n3C)c2OCc2ccc(F)cc2F)c2cc[nH]c2c1=O,6.26,1,0.0,6.26,6.26,2018,2018,1,1,O=c1[nH]c2ccc(-c3c[nH]c(=O)c4[nH]ccc34)c(OCc3ccccc3)c2[nH]1,0.0
Cn1cc(-c2ccc3c([nH]c(=O)n3C)c2OCc2ccccc2)c2cc[nH]c2c1=O,6.26,1,0.0,6.26,6.26,2018,2018,1,1,O=c1[nH]c2ccc(-c3c[nH]c(=O)c4[nH]ccc34)c(OCc3ccccc3)c2[nH]1,0.0
Cn1cc(-c2ccc3c(c2)CC(=O)N3)c2cc[nH]c2c1=O,6.68,1,0.0,6.68,6.68,2018,2018,1,1,O=C1Cc2cc(-c3c[nH]c(=O)c4[nH]ccc34)ccc2N1,0.0
Cn1cc(-c2ccc3c(c2)CCCN3C(=O)OC(C)(C)C)c2cc[nH]c2c1=O,6.96,1,0.0,6.96,6.96,2018,2018,1,1,O=c1[nH]cc(-c2ccc3c(c2)CCCN3)c2cc[nH]c12,0.0
Cn1cc(-c2ccc3c(c2)N2C(=O)CCC2C(=O)N3)c2cc[nH]c2c1=O,6.51,1,0.0,6.51,6.51,2018,2018,1,1,O=C1Nc2ccc(-c3c[nH]c(=O)c4[nH]ccc34)cc2N2C(=O)CCC12,0.0
Cn1cc(-c2ccc3c(c2)NC(c2cccs2)CC(=O)N3)c2cc[nH]c2c1=O,7.24,1,0.0,7.24,7.24,2018,2018,1,1,O=C1CC(c2cccs2)Nc2cc(-c3c[nH]c(=O)c4[nH]ccc34)ccc2N1,0.0
Cn1cc(-c2ccc3c(c2)NCCO3)c2ccccc2c1=O,5.56,1,0.0,5.56,5.56,2018,2018,1,1,O=c1[nH]cc(-c2ccc3c(c2)NCCO3)c2ccccc12,0.0
Cn1cc(-c2ccc3c(c2Oc2ccccc2)N(CCN2CCOCC2)C(=O)CO3)c2cc[nH]c2c1=O,6.26,1,0.0,6.26,6.26,2018,2018,1,1,O=C1COc2ccc(-c3c[nH]c(=O)c4[nH]ccc34)c(Oc3ccccc3)c2N1CCN1CCOCC1,0.0
Cn1cc(-c2ccc3c(c2Oc2ccccc2)N(Cc2ccccc2)C(=O)CO3)c2cc[nH]c2c1=O,6.26,1,0.0,6.26,6.26,2018,2018,1,1,O=C1COc2ccc(-c3c[nH]c(=O)c4[nH]ccc34)c(Oc3ccccc3)c2N1Cc1ccccc1,0.0
Cn1cc(-c2ccc3c(c2Oc2ccccc2)NC(c2ccccc2)CO3)c2cc[nH]c2c1=O,6.26,1,0.0,6.26,6.26,2018,2018,1,1,O=c1[nH]cc(-c2ccc3c(c2Oc2ccccc2)NC(c2ccccc2)CO3)c2cc[nH]c12,0.0
Cn1cc(-c2ccc3nc(C4CC4)n(CCOC(F)(F)F)c3c2)cc(OC(F)(F)F)c1=O,6.09,1,0.0,6.09,6.09,2020,2020,1,1,O=c1ccc(-c2ccc3nc(C4CC4)[nH]c3c2)c[nH]1,0.0
Cn1cc(-c2cccc(C#N)c2)c2cc[nH]c2c1=O,6.82,1,0.0,6.82,6.82,2018,2018,1,1,O=c1[nH]cc(-c2ccccc2)c2cc[nH]c12,0.0
Cn1cc(-c2cccc(C#N)c2)c2sc(C(=N)NC3CCS(=O)(=O)CC3)cc2c1=O,5.6,1,0.0,5.6,5.6,2016,2016,1,1,N=C(NC1CCS(=O)(=O)CC1)c1cc2c(=O)[nH]cc(-c3ccccc3)c2s1,0.0
Cn1cc(-c2cccc(C(C)(C)O)c2)c2cc(C(=O)NCc3ccc(C(=O)NCCCCNc4cccc5c4C(=O)N(C4CCC(=O)NC4=O)C5=O)cc3)[nH]c2c1=O,7.24,2,0.14142135623730995,7.14,7.34,2022,2022,1,2,O=C1CCC(N2C(=O)c3cccc(NCCCCNC(=O)c4ccc(CNC(=O)c5cc6c(-c7ccccc7)c[nH]c(=O)c6[nH]5)cc4)c3C2=O)C(=O)N1,0.20000000000000018
Cn1cc(-c2cccc(C(C)(C)O)c2)c2cc(C(=O)NCc3ccc(C(=O)Nc4ccccc4N)cc3)[nH]c2c1=O,7.609999999999999,2,0.1272792206135787,7.52,7.7,2021,2021,1,2,O=C(Nc1ccccc1)c1ccc(CNC(=O)c2cc3c(-c4ccccc4)c[nH]c(=O)c3[nH]2)cc1,0.1800000000000006
Cn1cc(-c2cccc(C(F)(F)F)c2)c2cc(C(=O)NCc3ccc(C(=O)Nc4ccccc4N)cc3)[nH]c2c1=O,6.29,2,0.2969848480983499,6.08,6.5,2021,2021,1,2,O=C(Nc1ccccc1)c1ccc(CNC(=O)c2cc3c(-c4ccccc4)c[nH]c(=O)c3[nH]2)cc1,0.41999999999999993
Cn1cc(-c2cccc(C(F)(F)F)c2)c2sc(C(=N)NC3CCS(=O)(=O)CC3)cc2c1=O,5.6,1,0.0,5.6,5.6,2016,2016,1,1,N=C(NC1CCS(=O)(=O)CC1)c1cc2c(=O)[nH]cc(-c3ccccc3)c2s1,0.0
Cn1cc(-c2cccc(C(N)=O)c2)c2cc[nH]c2c1=O,6.75,1,0.0,6.75,6.75,2018,2018,1,1,O=c1[nH]cc(-c2ccccc2)c2cc[nH]c12,0.0
Cn1cc(-c2cccc(CNS(C)(=O)=O)c2)c2ccccc2c1=O,5.84,2,0.39597979746446693,5.56,6.12,2018,2018,2,2,O=c1[nH]cc(-c2ccccc2)c2ccccc12,0.5600000000000005
Cn1cc(-c2cccc(Cl)c2)c2cc(C(=O)NCc3ccc(C(=O)Nc4ccccc4N)cc3)[nH]c2c1=O,6.99,2,0.2687005768508883,6.8,7.18,2021,2021,1,2,O=C(Nc1ccccc1)c1ccc(CNC(=O)c2cc3c(-c4ccccc4)c[nH]c(=O)c3[nH]2)cc1,0.3799999999999999
Cn1cc(-c2cccc(F)c2)c2cc(C(=O)NCc3ccc(C(=O)Nc4ccccc4N)cc3)[nH]c2c1=O,7.205,2,0.12020815280171303,7.12,7.29,2021,2021,1,2,O=C(Nc1ccccc1)c1ccc(CNC(=O)c2cc3c(-c4ccccc4)c[nH]c(=O)c3[nH]2)cc1,0.16999999999999993
Cn1cc(-c2cccc(N)c2)c2ccccc2c1=O,5.55,2,0.014142135623730649,5.54,5.56,2018,2018,2,2,O=c1[nH]cc(-c2ccccc2)c2ccccc12,0.019999999999999574
Cn1cc(-c2cccc(NS(C)(=O)=O)c2)c2cc(-c3ccccc3)ccc2c1=O,5.8,2,0.3394112549695431,5.56,6.04,2018,2018,2,2,O=c1[nH]cc(-c2ccccc2)c2cc(-c3ccccc3)ccc12,0.4800000000000004
Cn1cc(-c2cccc(NS(C)(=O)=O)c2)c2ccccc2c1=O,6.62,1,0.0,6.62,6.62,2018,2018,1,1,O=c1[nH]cc(-c2ccccc2)c2ccccc12,0.0
Cn1cc(-c2cccc(NS(C)(=O)=O)c2)c2ccncc2c1=O,5.56,1,0.0,5.56,5.56,2018,2018,1,1,O=c1[nH]cc(-c2ccccc2)c2ccncc12,0.0
Cn1cc(-c2cccc(NS(C)(=O)=O)c2)c2cnccc2c1=O,5.56,1,0.0,5.56,5.56,2018,2018,1,1,O=c1[nH]cc(-c2ccccc2)c2cnccc12,0.0
Cn1cc(-c2cccc(NS(C)(=O)=O)c2)cc(O)c1=O,5.56,1,0.0,5.56,5.56,2018,2018,1,1,O=c1ccc(-c2ccccc2)c[nH]1,0.0
Cn1cc(-c2cccc(NS(C)(=O)=O)c2)ccc1=O,5.56,1,0.0,5.56,5.56,2018,2018,1,1,O=c1ccc(-c2ccccc2)c[nH]1,0.0
Cn1cc(-c2cccc(N[S+](C)[O-])c2)c2cc(-c3ccccc3)ccc2c1=O,5.56,1,0.0,5.56,5.56,2021,2021,1,1,O=c1[nH]cc(-c2ccccc2)c2cc(-c3ccccc3)ccc12,0.0
Cn1cc(-c2cccc(N[S+](C)[O-])c2)c2ccncc2c1=O,5.56,1,0.0,5.56,5.56,2021,2021,1,1,O=c1[nH]cc(-c2ccccc2)c2ccncc12,0.0
Cn1cc(-c2cccc(N[S+](C)[O-])c2)c2cnccc2c1=O,5.56,1,0.0,5.56,5.56,2021,2021,1,1,O=c1[nH]cc(-c2ccccc2)c2cnccc12,0.0
Cn1cc(-c2cccc(N[S+](C)[O-])c2)cc(O)c1=O,5.56,1,0.0,5.56,5.56,2021,2021,1,1,O=c1ccc(-c2ccccc2)c[nH]1,0.0
Cn1cc(-c2cccc(N[S+](C)[O-])c2)ccc1=O,5.56,1,0.0,5.56,5.56,2021,2021,1,1,O=c1ccc(-c2ccccc2)c[nH]1,0.0
Cn1cc(-c2cccc(S(=O)(=O)N3CCCC3)c2)c2ccccc2c1=O,5.56,1,0.0,5.56,5.56,2018,2018,1,1,O=c1[nH]cc(-c2cccc(S(=O)(=O)N3CCCC3)c2)c2ccccc12,0.0
Cn1cc(-c2cccc(S(=O)(=O)N3CCOCC3)c2)c2ccccc2c1=O,5.56,1,0.0,5.56,5.56,2018,2018,1,1,O=c1[nH]cc(-c2cccc(S(=O)(=O)N3CCOCC3)c2)c2ccccc12,0.0
Cn1cc(-c2cccc(S(=O)(=O)NC3CC3)c2)c2ccccc2c1=O,5.56,1,0.0,5.56,5.56,2018,2018,1,1,O=c1[nH]cc(-c2cccc(S(=O)(=O)NC3CC3)c2)c2ccccc12,0.0
Cn1cc(-c2cccc(S(=O)(=O)NCCO)c2)c2ccccc2c1=O,5.56,1,0.0,5.56,5.56,2018,2018,1,1,O=c1[nH]cc(-c2ccccc2)c2ccccc12,0.0
Cn1cc(-c2cccc(S(=O)(=O)NCc3ccccc3)c2)c2ccccc2c1=O,5.539999999999999,2,0.02828427124746224,5.52,5.56,2018,2018,2,2,O=c1[nH]cc(-c2cccc(S(=O)(=O)NCc3ccccc3)c2)c2ccccc12,0.040000000000000036
Cn1cc(-c2cccc(S(N)(=O)=O)c2)c2ccccc2c1=O,5.925,2,0.51618795026618,5.56,6.29,2018,2018,2,2,O=c1[nH]cc(-c2ccccc2)c2ccccc12,0.7300000000000004
Cn1cc(-c2cccc(S(N)(O)O)c2)c2cc(F)ccc2c1=O,5.56,1,0.0,5.56,5.56,2018,2018,1,1,O=c1[nH]cc(-c2ccccc2)c2ccccc12,0.0
Cn1cc(-c2cccc(S(N)(O)O)c2)c2ccccc2c1=O,5.56,1,0.0,5.56,5.56,2021,2021,1,1,O=c1[nH]cc(-c2ccccc2)c2ccccc12,0.0
Cn1cc(-c2cccc(S(O)(O)N3CCCC3)c2)c2ccccc2c1=O,5.56,1,0.0,5.56,5.56,2021,2021,1,1,O=c1[nH]cc(-c2cccc(SN3CCCC3)c2)c2ccccc12,0.0
Cn1cc(-c2cccc(S(O)(O)N3CCOCC3)c2)c2ccccc2c1=O,5.56,1,0.0,5.56,5.56,2021,2021,1,1,O=c1[nH]cc(-c2cccc(SN3CCOCC3)c2)c2ccccc12,0.0
Cn1cc(-c2cccc(S(O)(O)NC3CC3)c2)c2ccccc2c1=O,5.56,1,0.0,5.56,5.56,2021,2021,1,1,O=c1[nH]cc(-c2cccc(SNC3CC3)c2)c2ccccc12,0.0
Cn1cc(-c2cccc(S(O)(O)NCCO)c2)c2ccccc2c1=O,5.56,1,0.0,5.56,5.56,2021,2021,1,1,O=c1[nH]cc(-c2ccccc2)c2ccccc12,0.0
Cn1cc(-c2cccc(S(O)(O)NCc3ccccc3)c2)c2ccccc2c1=O,5.56,1,0.0,5.56,5.56,2021,2021,1,1,O=c1[nH]cc(-c2cccc(SNCc3ccccc3)c2)c2ccccc12,0.0
Cn1cc(-c2cccc3c2NC(C)(C)C(=O)N3)c2cc[nH]c2c1=O,6.26,1,0.0,6.26,6.26,2018,2018,1,1,O=C1CNc2c(cccc2-c2c[nH]c(=O)c3[nH]ccc23)N1,0.0
Cn1cc(-c2cccc3c2OC(c2ccccn2)C(=O)N3)c2cc[nH]c2c1=O,6.26,1,0.0,6.26,6.26,2018,2018,1,1,O=C1Nc2cccc(-c3c[nH]c(=O)c4[nH]ccc34)c2OC1c1ccccn1,0.0
Cn1cc(-c2ccccc2)c2cc(C(=O)NCc3ccc(C(=O)NCCCCNc4cccc5c4C(=O)N(C4CCC(=O)NC4=O)C5=O)cc3)[nH]c2c1=O,6.765000000000001,2,0.3323401871576775,6.53,7.0,2022,2022,1,2,O=C1CCC(N2C(=O)c3cccc(NCCCCNC(=O)c4ccc(CNC(=O)c5cc6c(-c7ccccc7)c[nH]c(=O)c6[nH]5)cc4)c3C2=O)C(=O)N1,0.46999999999999975
Cn1cc(-c2ccccc2)c2cc(C(=O)NCc3ccc(C(=O)Nc4ccccc4N)cc3)[nH]c2c1=O,7.220000000000001,2,0.14142135623730995,7.12,7.32,2021,2021,1,2,O=C(Nc1ccccc1)c1ccc(CNC(=O)c2cc3c(-c4ccccc4)c[nH]c(=O)c3[nH]2)cc1,0.20000000000000018
Cn1cc(-c2ccccc2)c2cc[nH]c2c1=O,6.27,1,0.0,6.27,6.27,2018,2018,1,1,O=c1[nH]cc(-c2ccccc2)c2cc[nH]c12,0.0
Cn1cc(-c2ccccc2)c2ccccc2c1=O,5.515,2,0.06363961030678918,5.47,5.56,2018,2021,2,2,O=c1[nH]cc(-c2ccccc2)c2ccccc12,0.08999999999999986
Cn1cc(-c2ccccc2)c2sc(C(=N)NC3CCS(=O)(=O)CC3)cc2c1=O,5.8,1,0.0,5.8,5.8,2016,2016,1,1,N=C(NC1CCS(=O)(=O)CC1)c1cc2c(=O)[nH]cc(-c3ccccc3)c2s1,0.0
Cn1cc(-c2ccccc2C(F)(F)F)c2cc(C(=O)NCc3ccc(C(=O)Nc4ccccc4N)cc3)[nH]c2c1=O,6.335,2,0.1343502884254437,6.24,6.43,2021,2021,1,2,O=C(Nc1ccccc1)c1ccc(CNC(=O)c2cc3c(-c4ccccc4)c[nH]c(=O)c3[nH]2)cc1,0.1899999999999995
Cn1cc(-c2ccccc2Cl)c2cc(C(=O)NCc3ccc(C(=O)Nc4ccccc4N)cc3)[nH]c2c1=O,6.84,2,0.2121320343559638,6.69,6.99,2021,2021,1,2,O=C(Nc1ccccc1)c1ccc(CNC(=O)c2cc3c(-c4ccccc4)c[nH]c(=O)c3[nH]2)cc1,0.2999999999999998
Cn1cc(-c2ccccc2F)c2cc(C(=O)NCc3ccc(C(=O)Nc4ccccc4N)cc3)[nH]c2c1=O,7.165,2,0.1343502884254437,7.07,7.26,2021,2021,1,2,O=C(Nc1ccccc1)c1ccc(CNC(=O)c2cc3c(-c4ccccc4)c[nH]c(=O)c3[nH]2)cc1,0.1899999999999995
Cn1cc(-c2ccccc2OC2CC2)c2cc(C(=O)NCc3ccc(C(=O)NCCCCNc4cccc5c4C(=O)N(C4CCC(=O)NC4=O)C5=O)cc3)[nH]c2c1=O,7.14,2,0.16970562748477155,7.02,7.26,2022,2022,1,2,O=C1CCC(N2C(=O)c3cccc(NCCCCNC(=O)c4ccc(CNC(=O)c5cc6c(-c7ccccc7OC7CC7)c[nH]c(=O)c6[nH]5)cc4)c3C2=O)C(=O)N1,0.2400000000000002
Cn1cc(-c2ccccc2Oc2ccccc2)c2cc(C(=O)NCCCC(=O)NO)[nH]c2c1=O,6.92,2,0.09899494936611705,6.85,6.99,2021,2021,1,2,O=c1[nH]cc(-c2ccccc2Oc2ccccc2)c2cc[nH]c12,0.14000000000000057
Cn1cc(-c2ccccc2Oc2ccccc2)c2cc(C(=O)NCCCCC(=O)NCCCCNc3cccc4c3C(=O)N(C3CCC(=O)NC3=O)C4=O)[nH]c2c1=O,7.17,2,0.6222539674441621,6.73,7.61,2022,2022,1,2,O=C(CCCCNC(=O)c1cc2c(-c3ccccc3Oc3ccccc3)c[nH]c(=O)c2[nH]1)NCCCCNc1cccc2c1C(=O)N(C1CCC(=O)NC1=O)C2=O,0.8799999999999999
Cn1cc(-c2ccccc2Oc2ccccc2)c2cc(C(=O)NCCCCC(=O)NO)[nH]c2c1=O,8.1,2,0.31112698372208153,7.88,8.32,2021,2021,1,2,O=c1[nH]cc(-c2ccccc2Oc2ccccc2)c2cc[nH]c12,0.4400000000000004
Cn1cc(-c2ccccc2Oc2ccccc2)c2cc(C(=O)NCCCCC(=O)Nc3ccccc3N)[nH]c2c1=O,7.545,2,0.5727564927611039,7.14,7.95,2021,2021,1,2,O=C(CCCCNC(=O)c1cc2c(-c3ccccc3Oc3ccccc3)c[nH]c(=O)c2[nH]1)Nc1ccccc1,0.8100000000000005
Cn1cc(-c2ccccc2Oc2ccccc2)c2cc(C(=O)NCCCCCC(=O)NCCCCNc3cccc4c3C(=O)N(C3CCC(=O)NC3=O)C4=O)[nH]c2c1=O,6.984999999999999,2,0.6010407640085661,6.56,7.41,2022,2022,1,2,O=C(CCCCCNC(=O)c1cc2c(-c3ccccc3Oc3ccccc3)c[nH]c(=O)c2[nH]1)NCCCCNc1cccc2c1C(=O)N(C1CCC(=O)NC1=O)C2=O,0.8500000000000005
Cn1cc(-c2ccccc2Oc2ccccc2)c2cc(C(=O)NCCCCCC(=O)NO)[nH]c2c1=O,8.045,2,0.5303300858899106,7.67,8.42,2021,2021,1,2,O=c1[nH]cc(-c2ccccc2Oc2ccccc2)c2cc[nH]c12,0.75
Cn1cc(-c2ccccc2Oc2ccccc2)c2cc(C(=O)NCCCCCCC(=O)NCCCCNc3cccc4c3C(=O)N(C3CCC(=O)NC3=O)C4=O)[nH]c2c1=O,6.965,2,0.6858935777509513,6.48,7.45,2022,2022,1,2,O=C(CCCCCCNC(=O)c1cc2c(-c3ccccc3Oc3ccccc3)c[nH]c(=O)c2[nH]1)NCCCCNc1cccc2c1C(=O)N(C1CCC(=O)NC1=O)C2=O,0.9699999999999998
Cn1cc(-c2ccccc2Oc2ccccc2)c2cc(C(=O)NCCCCCCC(=O)NO)[nH]c2c1=O,7.845,2,0.6151828996322958,7.41,8.28,2021,2021,1,2,O=c1[nH]cc(-c2ccccc2Oc2ccccc2)c2cc[nH]c12,0.8699999999999992
Cn1cc(-c2ccccc2Oc2ccccc2)c2cc(C(=O)NCCCCCCC(=O)Nc3ccccc3N)[nH]c2c1=O,7.33,2,0.6788225099390853,6.85,7.81,2021,2021,1,2,O=C(CCCCCCNC(=O)c1cc2c(-c3ccccc3Oc3ccccc3)c[nH]c(=O)c2[nH]1)Nc1ccccc1,0.96
Cn1cc(-c2ccccc2Oc2ccccc2)c2cc(C(=O)NCCCCCCNc3cccc4c3C(=O)N(C3CCC(=O)NC3=O)C4=O)[nH]c2c1=O,6.885,2,0.7424621202458751,6.36,7.41,2022,2022,1,2,O=C1CCC(N2C(=O)c3cccc(NCCCCCCNC(=O)c4cc5c(-c6ccccc6Oc6ccccc6)c[nH]c(=O)c5[nH]4)c3C2=O)C(=O)N1,1.0499999999999998
Cn1cc(-c2ccccc2Oc2ccccc2)c2cc(C(=O)NCCCCNc3cccc4c3C(=O)N(C3CCC(=O)NC3=O)C4=O)[nH]c2c1=O,6.7,2,0.5232590180780453,6.33,7.07,2022,2022,1,2,O=C1CCC(N2C(=O)c3cccc(NCCCCNC(=O)c4cc5c(-c6ccccc6Oc6ccccc6)c[nH]c(=O)c5[nH]4)c3C2=O)C(=O)N1,0.7400000000000002
Cn1cc(-c2ccccc2Oc2ccccc2)c2cc(C(=O)NCc3ccc(C(=O)NCCCCNc4cccc5c4C(=O)N(C4CCC(=O)NC4=O)C5=O)cc3)[nH]c2c1=O,7.515000000000001,2,0.07778174593052013,7.46,7.57,2022,2022,1,2,O=C1CCC(N2C(=O)c3cccc(NCCCCNC(=O)c4ccc(CNC(=O)c5cc6c(-c7ccccc7Oc7ccccc7)c[nH]c(=O)c6[nH]5)cc4)c3C2=O)C(=O)N1,0.11000000000000032
Cn1cc(-c2ccccc2Oc2ccccc2)c2cc(C(=O)NCc3ccc(C(=O)NO)cc3)[nH]c2c1=O,7.665,2,0.40305086527633227,7.38,7.95,2021,2021,1,2,O=C(NCc1ccccc1)c1cc2c(-c3ccccc3Oc3ccccc3)c[nH]c(=O)c2[nH]1,0.5700000000000003
Cn1cc(-c2ccccc2Oc2ccccc2)c2cc(C(=O)NCc3ccc(C(=O)Nc4ccccc4N)cc3)[nH]c2c1=O,7.615,2,0.16263455967290624,7.5,7.73,2021,2021,1,2,O=C(Nc1ccccc1)c1ccc(CNC(=O)c2cc3c(-c4ccccc4Oc4ccccc4)c[nH]c(=O)c3[nH]2)cc1,0.23000000000000043
Cn1cc(-c2ccccn2)c2ccccc2c1=O,5.02,1,0.0,5.02,5.02,2018,2018,1,1,O=c1[nH]cc(-c2ccccn2)c2ccccc12,0.0
Cn1cc(-c2cn(C)c(=O)c3ccccc23)cn1,5.68,2,0.16970562748477155,5.56,5.8,2018,2018,2,2,O=c1[nH]cc(-c2cn[nH]c2)c2ccccc12,0.2400000000000002
Cn1cc(-c2nc3ccc(N4CCOCC4)cc3n2Cc2ccccc2)cc(N)c1=O,6.88,2,0.0,6.88,6.88,2016,2016,1,2,O=c1ccc(-c2nc3ccc(N4CCOCC4)cc3n2Cc2ccccc2)c[nH]1,0.0
Cn1cc(-c2nc3ccc(N4CCOCC4)cc3n2Cc2ccccc2)ccc1=O,6.29,2,0.0,6.29,6.29,2016,2016,1,2,O=c1ccc(-c2nc3ccc(N4CCOCC4)cc3n2Cc2ccccc2)c[nH]1,0.0
Cn1cc(-c2nc3ccc(N4CCOCC4)cc3n2Cc2ccccc2)ncc1=O,6.53,2,0.0,6.53,6.53,2016,2016,1,2,O=c1cnc(-c2nc3ccc(N4CCOCC4)cc3n2Cc2ccccc2)c[nH]1,0.0
Cn1cc(-c2nc3ccccc3n2Cc2ccccc2)cc(N)c1=O,5.87,2,0.0,5.87,5.87,2016,2016,1,2,O=c1ccc(-c2nc3ccccc3n2Cc2ccccc2)c[nH]1,0.0
Cn1cc(-c2nc3ccccc3n2Cc2ccccc2)ccc1=O,5.81,2,0.0,5.81,5.81,2016,2016,1,2,O=c1ccc(-c2nc3ccccc3n2Cc2ccccc2)c[nH]1,0.0
Cn1cc(-c2nc3ccccc3n2Cc2ccccc2)ncc1=O,5.95,2,0.0,5.95,5.95,2016,2016,1,2,O=c1cnc(-c2nc3ccccc3n2Cc2ccccc2)c[nH]1,0.0
Cn1cc(-c2nc3cccnc3n2Cc2ccccc2)ccc1=O,5.75,2,0.0,5.75,5.75,2016,2016,1,2,O=c1ccc(-c2nc3cccnc3n2Cc2ccccc2)c[nH]1,0.0
Cn1cc(-c2nc3cnc(N4CCOCC4)cc3n2Cc2ccccc2)cc(Cl)c1=O,6.98,2,0.0,6.98,6.98,2016,2016,1,2,O=c1ccc(-c2nc3cnc(N4CCOCC4)cc3n2Cc2ccccc2)c[nH]1,0.0
Cn1cc(-c2ncccn2)c2ccccc2c1=O,4.94,1,0.0,4.94,4.94,2018,2018,1,1,O=c1[nH]cc(-c2ncccn2)c2ccccc12,0.0
Cn1cc(-c2ncco2)c2ccccc2c1=O,4.89,1,0.0,4.89,4.89,2018,2018,1,1,O=c1[nH]cc(-c2ncco2)c2ccccc12,0.0
Cn1cc(-c2nn(C)c3ccc(-c4nc(C5CCOC5)n5c4CN(C(=O)CF)CC5)cc23)cn1,4.81,1,0.0,4.81,4.81,2021,2021,1,1,c1cc2[nH]nc(-c3cn[nH]c3)c2cc1-c1nc(C2CCOC2)n2c1CNCC2,0.0
Cn1cc(C(=O)NCc2ccccc2)c2ccccc2c1=O,4.58,1,0.0,4.58,4.58,2018,2018,1,1,O=C(NCc1ccccc1)c1c[nH]c(=O)c2ccccc12,0.0
Cn1cc(C2CC3C=CNN3C3C(=O)CCCC3N2)c2cc[nH]c2c1=O,7.09,1,0.0,7.09,7.09,2018,2018,1,1,O=C1CCCC2NC(c3c[nH]c(=O)c4[nH]ccc34)CC3C=CNN3C12,0.0
Cn1cc(N2C(=O)c3c(c(C(F)(F)F)nn3C3CC3)C2c2ccc(Cl)cc2)cc(Cl)c1=O,6.68,1,0.0,6.68,6.68,2015,2015,1,1,O=C1c2c(cnn2C2CC2)C(c2ccccc2)N1c1ccc(=O)[nH]c1,0.0
Cn1cc(N2C(=O)c3c(cnn3C3CC3)C2c2ccc(Cl)cc2)cc(Cl)c1=O,6.82,1,0.0,6.82,6.82,2015,2015,1,1,O=C1c2c(cnn2C2CC2)C(c2ccccc2)N1c1ccc(=O)[nH]c1,0.0
Cn1cc(N2C(=O)c3cc(-c4cccc(=O)n4C)n(C4CC4)c3C2c2ccc(Cl)cc2)cc(Cl)c1=O,6.77,1,0.0,6.77,6.77,2017,2017,1,1,O=C1c2cc(-c3cccc(=O)[nH]3)n(C3CC3)c2C(c2ccccc2)N1c1ccc(=O)[nH]c1,0.0
Cn1cc(N2C(=O)c3cc(-c4cccn(C)c4=O)n(C4CC4)c3C2c2ccc(Cl)cc2)cc(Cl)c1=O,7.07,1,0.0,7.07,7.07,2017,2017,1,1,O=C1c2cc(-c3ccc[nH]c3=O)n(C3CC3)c2C(c2ccccc2)N1c1ccc(=O)[nH]c1,0.0
Cn1cc(N2C(=O)c3n[nH]cc3C2c2ccc(Cl)cc2)cc(Cl)c1=O,6.77,1,0.0,6.77,6.77,2015,2015,1,1,O=C1c2n[nH]cc2C(c2ccccc2)N1c1ccc(=O)[nH]c1,0.0
Cn1cc(N2C(=O)c3nn(C4CC4)c(C(F)(F)F)c3C2c2ccc(Cl)cc2)cc(Cl)c1=O,6.66,1,0.0,6.66,6.66,2015,2015,1,1,O=C1c2nn(C3CC3)cc2C(c2ccccc2)N1c1ccc(=O)[nH]c1,0.0
Cn1cc(N2C(=O)c3nn(C4CC4)cc3C2c2ccc(Cl)cc2)cc(Cl)c1=O,6.845,2,0.10606601717798238,6.77,6.92,2015,2015,1,1,O=C1c2nn(C3CC3)cc2C(c2ccccc2)N1c1ccc(=O)[nH]c1,0.15000000000000036
Cn1cc2c(n1)C(=O)N(c1cc(Cl)c(=O)n(C)c1)C2c1ccc(Cl)cc1,6.82,1,0.0,6.82,6.82,2015,2015,1,1,O=C1c2n[nH]cc2C(c2ccccc2)N1c1ccc(=O)[nH]c1,0.0
Cn1cc2c(n1)C(=O)N(c1cc(Cl)c(=O)n(C)c1)[C@@H]2c1ccc(Cl)cc1,6.89,1,0.0,6.89,6.89,2015,2015,1,1,O=C1c2n[nH]cc2C(c2ccccc2)N1c1ccc(=O)[nH]c1,0.0
Cn1cc2c(n1)C(=O)N(c1cc(F)c(=O)n(C)c1)C2c1ccc(Cl)cc1,6.34,1,0.0,6.34,6.34,2015,2015,1,1,O=C1c2n[nH]cc2C(c2ccccc2)N1c1ccc(=O)[nH]c1,0.0
Cn1ccc2c1C(c1ccc(C#N)cc1)N(c1cc(Cl)c(=O)n(C)c1)C2=O,6.45,1,0.0,6.45,6.45,2017,2017,1,1,O=C1c2cc[nH]c2C(c2ccccc2)N1c1ccc(=O)[nH]c1,0.0
Cn1ccc2c1C(c1ccc(Cl)c(F)c1)N(c1cc(Cl)c(=O)n(C)c1)C2=O,6.57,1,0.0,6.57,6.57,2017,2017,1,1,O=C1c2cc[nH]c2C(c2ccccc2)N1c1ccc(=O)[nH]c1,0.0
Cn1ccc2c1C(c1ccc(Cl)cc1)N(c1cc(Cl)c(=O)n(C)c1)C2=O,7.43,1,0.0,7.43,7.43,2017,2017,1,1,O=C1c2cc[nH]c2C(c2ccccc2)N1c1ccc(=O)[nH]c1,0.0
Cn1ccc2c1C(c1ccc(Cl)cc1)N(c1ccc(=O)n(C)c1)C2=O,6.82,1,0.0,6.82,6.82,2017,2017,1,1,O=C1c2cc[nH]c2C(c2ccccc2)N1c1ccc(=O)[nH]c1,0.0
Cn1ccc2c1C(c1ccc(F)cc1)N(c1cc(Cl)c(=O)n(C)c1)C2=O,6.48,1,0.0,6.48,6.48,2017,2017,1,1,O=C1c2cc[nH]c2C(c2ccccc2)N1c1ccc(=O)[nH]c1,0.0
Cn1ccc2c1C(c1ccccc1)N(c1cc(Cl)c(=O)n(C)c1)C2=O,6.36,1,0.0,6.36,6.36,2017,2017,1,1,O=C1c2cc[nH]c2C(c2ccccc2)N1c1ccc(=O)[nH]c1,0.0
Cn1ccc2c1[C@@H](c1ccc(Cl)cc1)N(c1cc(Cl)c(=O)n(C)c1)C2=O,6.96,1,0.0,6.96,6.96,2017,2017,1,1,O=C1c2cc[nH]c2C(c2ccccc2)N1c1ccc(=O)[nH]c1,0.0
Cn1ccnc1-c1cn(C)c(=O)c2ccccc12,4.7,1,0.0,4.7,4.7,2018,2018,1,1,O=c1[nH]cc(-c2ncc[nH]2)c2ccccc12,0.0
Cn1cnc2c(Oc3ccc(F)cc3F)c(-c3c[nH]c(=O)c4[nH]ccc34)ccc21,6.26,1,0.0,6.26,6.26,2018,2018,1,1,O=c1[nH]cc(-c2ccc3[nH]cnc3c2Oc2ccccc2)c2cc[nH]c12,0.0
Cn1cnc2c(Oc3ccc(F)cc3F)c(-c3cn(CC#N)c(=O)c4[nH]ccc34)ccc21,5.26,1,0.0,5.26,5.26,2018,2018,1,1,O=c1[nH]cc(-c2ccc3[nH]cnc3c2Oc2ccccc2)c2cc[nH]c12,0.0
Cn1cnc2c(Oc3ccc(F)cc3F)c(-c3cn(Cc4ccccc4)c(=O)c4[nH]ccc34)ccc21,5.26,1,0.0,5.26,5.26,2018,2018,1,1,O=c1c2[nH]ccc2c(-c2ccc3[nH]cnc3c2Oc2ccccc2)cn1Cc1ccccc1,0.0
Cn1nc(-c2nc3ccc(N4CCOCC4)cc3n2Cc2ccccc2)ccc1=O,6.66,2,0.0,6.66,6.66,2016,2016,1,2,O=c1ccc(-c2nc3ccc(N4CCOCC4)cc3n2Cc2ccccc2)n[nH]1,0.0
Cn1nc(-c2nc3ccccc3n2Cc2ccccc2)ccc1=O,5.86,2,0.0,5.86,5.86,2016,2016,1,2,O=c1ccc(-c2nc3ccccc3n2Cc2ccccc2)n[nH]1,0.0
Cn1ncc(Cl)c1-c1ccc2[nH]c(=O)n3c2c1OCC3c1ccccc1,5.76,2,0.7071067811865476,5.26,6.26,2017,2017,1,2,O=c1[nH]c2ccc(-c3ccn[nH]3)c3c2n1C(c1ccccc1)CO3,1.0
Cn1ncc2ccc(-c3csc4c(=O)cc(N5CCOCC5)oc34)cc21,6.3100000000000005,2,0.21213203435596445,6.16,6.46,2016,2016,1,2,O=c1cc(N2CCOCC2)oc2c(-c3ccc4cn[nH]c4c3)csc12,0.2999999999999998
Cn1nccc1-c1cc(Br)c2[nH]c(=O)n3c2c1OCC3c1ccccc1,6.26,1,0.0,6.26,6.26,2017,2017,1,1,O=c1[nH]c2ccc(-c3ccn[nH]3)c3c2n1C(c1ccccc1)CO3,0.0
Cn1nccc1-c1ccc2[nH]c(=O)n3c2c1OCC3c1ccccc1,6.26,1,0.0,6.26,6.26,2017,2017,1,1,O=c1[nH]c2ccc(-c3ccn[nH]3)c3c2n1C(c1ccccc1)CO3,0.0
Ic1ccc(-c2ncn(C3CCNCC3)c2-c2ccnc(Oc3ccc4c(c3)OCO4)n2)cc1,5.57,1,0.0,5.57,5.57,2022,2022,1,1,c1ccc(-c2ncn(C3CCNCC3)c2-c2ccnc(Oc3ccc4c(c3)OCO4)n2)cc1,0.0
Ic1ccc(-c2ncn(C3CCNCC3)c2-c2ccnc(Oc3ccccc3)n2)cc1,5.62,1,0.0,5.62,5.62,2022,2022,1,1,c1ccc(Oc2nccc(-c3c(-c4ccccc4)ncn3C3CCNCC3)n2)cc1,0.0
N#Cc1cccc(-c2cncc(C(=O)N3CC(=O)Nc4ccccc43)c2)c1,4.36,1,0.0,4.36,4.36,2015,2015,1,1,O=C1CN(C(=O)c2cncc(-c3ccccc3)c2)c2ccccc2N1,0.0
NC(=O)N1CCN(c2ccc(Nc3ncc4ccn(-c5cccc(NS(=O)(=O)C6CC6)c5)c4n3)cc2)CC1,5.0,1,0.0,5.0,5.0,2022,2022,1,1,O=S(=O)(Nc1cccc(-n2ccc3cnc(Nc4ccc(N5CCNCC5)cc4)nc32)c1)C1CC1,0.0
NC(=O)c1ccc(/C=C(/C(=O)N2CC(=O)Nc3ccccc32)c2ccccc2)cc1,4.34,1,0.0,4.34,4.34,2015,2015,1,1,O=C1CN(C(=O)C(=Cc2ccccc2)c2ccccc2)c2ccccc2N1,0.0
Nc1cc(-c2csc(=O)[nH]2)cc(S(=O)(=O)NC2CCCC2)c1,6.34,1,0.0,6.34,6.34,2015,2015,1,1,O=c1[nH]c(-c2cccc(S(=O)(=O)NC3CCCC3)c2)cs1,0.0
Nc1ccc(-c2csc(=O)[nH]2)cc1S(=O)(=O)NC1CCCC1,6.92,1,0.0,6.92,6.92,2015,2015,1,1,O=c1[nH]c(-c2cccc(S(=O)(=O)NC3CCCC3)c2)cs1,0.0
Nc1ccc(NS(=O)(=O)c2cccc(-c3csc(=O)[nH]3)c2)cc1,5.08,1,0.0,5.08,5.08,2015,2015,1,1,O=c1[nH]c(-c2cccc(S(=O)(=O)Nc3ccccc3)c2)cs1,0.0
Nc1ccc2c(Cn3ccnc3)ccc(O)c2n1,6.54,1,0.0,6.54,6.54,2019,2019,1,1,c1cc(Cn2ccnc2)c2cccnc2c1,0.0
Nc1cccc(-c2csc3c(=O)cc(N4CCOCC4)oc23)c1,5.915,2,0.2192031021678301,5.76,6.07,2016,2016,1,2,O=c1cc(N2CCOCC2)oc2c(-c3ccccc3)csc12,0.3100000000000005
O=C(CCc1ccccc1)N/N=C/c1ccc(O)c2ncccc12,5.37,1,0.0,5.37,5.37,2019,2019,1,1,O=C(CCc1ccccc1)NN=Cc1cccc2ncccc12,0.0
O=C(Cc1ccccc1)N/N=C/c1ccc(O)c2ncccc12,5.33,1,0.0,5.33,5.33,2019,2019,1,1,O=C(Cc1ccccc1)NN=Cc1cccc2ncccc12,0.0
O=C(N/N=C/c1ccc(O)c2ncccc12)c1cccc(Br)c1,5.28,1,0.0,5.28,5.28,2019,2019,1,1,O=C(NN=Cc1cccc2ncccc12)c1ccccc1,0.0
O=C(NC1CC1)c1ccn(-c2nc(NC3CCNCC3)nc3sccc23)c1,6.07,2,0.4666904755831215,5.74,6.4,2022,2022,1,2,O=C(NC1CC1)c1ccn(-c2nc(NC3CCNCC3)nc3sccc23)c1,0.6600000000000001
O=C(NC1CCNCC1)c1ccc(Nc2ncc3ccn(-c4cccc(NS(=O)(=O)C5CC5)c4)c3n2)cc1,5.68,1,0.0,5.68,5.68,2022,2022,1,1,O=C(NC1CCNCC1)c1ccc(Nc2ncc3ccn(-c4cccc(NS(=O)(=O)C5CC5)c4)c3n2)cc1,0.0
O=C(NC1CCNCC1)c1ccc(Nc2ncc3ccn(-c4cccc(NS(=O)(=O)C5CC5)c4)c3n2)cc1F,5.8,1,0.0,5.8,5.8,2022,2022,1,1,O=C(NC1CCNCC1)c1ccc(Nc2ncc3ccn(-c4cccc(NS(=O)(=O)C5CC5)c4)c3n2)cc1,0.0
O=C(NO)c1ccc(-c2csc3c(=O)cc(N4CCOCC4)oc23)cc1,6.67,2,0.05656854249492385,6.63,6.71,2016,2016,1,2,O=c1cc(N2CCOCC2)oc2c(-c3ccccc3)csc12,0.08000000000000007
O=C(Nc1cc(-c2csc(=O)[nH]2)cc(S(=O)(=O)NC2CCCC2)c1)C1CC1,7.22,1,0.0,7.22,7.22,2015,2015,1,1,O=C(Nc1cc(-c2csc(=O)[nH]2)cc(S(=O)(=O)NC2CCCC2)c1)C1CC1,0.0
O=C(Nc1cc(-c2csc(=O)[nH]2)cc(S(=O)(=O)NC2CCCC2)c1)c1cccs1,7.0,1,0.0,7.0,7.0,2015,2015,1,1,O=C(Nc1cc(-c2csc(=O)[nH]2)cc(S(=O)(=O)NC2CCCC2)c1)c1cccs1,0.0
O=C(Nc1ccc(-c2csc(=O)[nH]2)cc1S(=O)(=O)NC1CCCC1)C1CC1,6.1,1,0.0,6.1,6.1,2015,2015,1,1,O=C(Nc1ccc(-c2csc(=O)[nH]2)cc1S(=O)(=O)NC1CCCC1)C1CC1,0.0
O=C(Nc1ccc(-c2csc3c(=O)cc(N4CCOCC4)oc23)cc1)c1ccc(F)c(F)c1Nc1ccc(I)cc1F,6.115,2,0.6717514421272206,5.64,6.59,2016,2016,1,2,O=C(Nc1ccc(-c2csc3c(=O)cc(N4CCOCC4)oc23)cc1)c1ccccc1Nc1ccccc1,0.9500000000000002
O=C(Nc1ccc(-c2csc3c(=O)cc(N4CCOCC4)oc23)cc1)c1ccncc1,6.45,2,0.05656854249492385,6.41,6.49,2016,2016,1,2,O=C(Nc1ccc(-c2csc3c(=O)cc(N4CCOCC4)oc23)cc1)c1ccncc1,0.08000000000000007
O=C(Nc1cccc(-c2csc3c(=O)cc(N4CCOCC4)oc23)c1)Nc1cccc(C(F)(F)F)c1,5.555,2,0.4879036790187184,5.21,5.9,2016,2016,1,2,O=C(Nc1ccccc1)Nc1cccc(-c2csc3c(=O)cc(N4CCOCC4)oc23)c1,0.6900000000000004
O=C(Nc1ncnc2nc[nH]c12)c1ccccc1,4.47,1,0.0,4.47,4.47,2015,2015,1,1,O=C(Nc1ncnc2nc[nH]c12)c1ccccc1,0.0
O=C(O)c1ccc(-c2csc3c(=O)cc(N4CCOCC4)oc23)cc1,5.76,2,0.2828427124746193,5.56,5.96,2016,2016,1,2,O=c1cc(N2CCOCC2)oc2c(-c3ccccc3)csc12,0.40000000000000036
O=C(Oc1ccc(Cn2ccnc2)c2cccnc12)c1ccccc1,7.17,1,0.0,7.17,7.17,2019,2019,1,1,O=C(Oc1ccc(Cn2ccnc2)c2cccnc12)c1ccccc1,0.0
O=C1CN(C(=O)c2cc(O)cc(-c3ccccc3)c2)c2ccccc2N1,5.05,1,0.0,5.05,5.05,2015,2015,1,1,O=C1CN(C(=O)c2cccc(-c3ccccc3)c2)c2ccccc2N1,0.0
O=C1CN(C(=O)c2cncc(-c3ccc(Cl)cc3)c2)c2ccccc2N1,4.31,1,0.0,4.31,4.31,2015,2015,1,1,O=C1CN(C(=O)c2cncc(-c3ccccc3)c2)c2ccccc2N1,0.0
O=C1CN(C(=O)c2cncc(-c3ccc(F)cc3)c2)c2ccccc2N1,4.33,1,0.0,4.33,4.33,2015,2015,1,1,O=C1CN(C(=O)c2cncc(-c3ccccc3)c2)c2ccccc2N1,0.0
O=C1CN(C(=O)c2cncc(-c3cccc(O)c3)c2)c2ccccc2N1,4.54,1,0.0,4.54,4.54,2015,2015,1,1,O=C1CN(C(=O)c2cncc(-c3ccccc3)c2)c2ccccc2N1,0.0
O=C1CN(C(=O)c2cncc(-c3ccccc3)c2)c2ccccc2N1,4.58,1,0.0,4.58,4.58,2015,2015,1,1,O=C1CN(C(=O)c2cncc(-c3ccccc3)c2)c2ccccc2N1,0.0
O=C1CN(Cc2ccc(O)c3ncccc23)Cc2ncccc2N1,7.04,1,0.0,7.04,7.04,2019,2019,1,1,O=C1CN(Cc2cccc3ncccc23)Cc2ncccc2N1,0.0
O=C1NC=C(c2ccc3ccn(Cc4cc(F)cc(F)c4)c3c2)C2C=CNC12,6.46,1,0.0,6.46,6.46,2022,2022,1,1,O=C1NC=C(c2ccc3ccn(Cc4ccccc4)c3c2)C2C=CNC12,0.0
O=C1NC=C(c2ccc3ccn(Cc4ccc(F)cc4)c3c2)C2C=CNC12,6.38,1,0.0,6.38,6.38,2022,2022,1,1,O=C1NC=C(c2ccc3ccn(Cc4ccccc4)c3c2)C2C=CNC12,0.0
O=C1NC=C(c2ccc3ccn(Cc4ccccc4)c3c2)C2C=CNC12,6.33,1,0.0,6.33,6.33,2022,2022,1,1,O=C1NC=C(c2ccc3ccn(Cc4ccccc4)c3c2)C2C=CNC12,0.0
O=C1NCCc2c1ccn2-c1cnc(Nc2ccc(F)cc2)nc1,4.95,1,0.0,4.95,4.95,2022,2022,1,1,O=C1NCCc2c1ccn2-c1cnc(Nc2ccccc2)nc1,0.0
O=C1NCCc2c1ccn2-c1cnc(Nc2ccccc2)nc1,5.75,1,0.0,5.75,5.75,2022,2022,1,1,O=C1NCCc2c1ccn2-c1cnc(Nc2ccccc2)nc1,0.0
O=S(=O)(Nc1cc(-n2ccc3cnc(Nc4ccc(N5CCNCC5)cc4)nc32)ccc1F)C1CC1,5.98,1,0.0,5.98,5.98,2022,2022,1,1,O=S(=O)(Nc1cccc(-n2ccc3cnc(Nc4ccc(N5CCNCC5)cc4)nc32)c1)C1CC1,0.0
O=S(=O)(Nc1cccc(-n2ccc3cnc(Nc4ccc(C5CCNCC5)cc4)nc32)c1)C1CC1,5.49,1,0.0,5.49,5.49,2022,2022,1,1,O=S(=O)(Nc1cccc(-n2ccc3cnc(Nc4ccc(C5CCNCC5)cc4)nc32)c1)C1CC1,0.0
O=S(=O)(Nc1cccc(-n2ccc3cnc(Nc4ccc(N5CCNCC5)cc4)nc32)c1)C1CC1,6.205,4,0.20548722588034493,5.87,6.35,2022,2022,1,2,O=S(=O)(Nc1cccc(-n2ccc3cnc(Nc4ccc(N5CCNCC5)cc4)nc32)c1)C1CC1,0.47999999999999954
O=[N+]([O-])c1ccc(O)c2ncccc12,6.01,1,0.0,6.01,6.01,2019,2019,1,1,c1ccc2ncccc2c1,0.0
O=[N+]([O-])c1ccc2c(c1)ncn2Cc1ccc(O)c2ncccc12,6.97,1,0.0,6.97,6.97,2019,2019,1,1,c1cc(Cn2cnc3ccccc32)c2cccnc2c1,0.0
O=c1[nH]c(-c2cc(Br)cc(S(=O)(=O)NC3CCCC3)c2)cs1,6.52,1,0.0,6.52,6.52,2015,2015,1,1,O=c1[nH]c(-c2cccc(S(=O)(=O)NC3CCCC3)c2)cs1,0.0
O=c1[nH]c(-c2ccc(Cl)c(S(=O)(=O)NC3CCCC3)c2)cs1,6.6,1,0.0,6.6,6.6,2015,2015,1,1,O=c1[nH]c(-c2cccc(S(=O)(=O)NC3CCCC3)c2)cs1,0.0
O=c1[nH]c(-c2ccc(F)c(S(=O)(=O)NC3CCCC3)c2)cs1,6.3,1,0.0,6.3,6.3,2015,2015,1,1,O=c1[nH]c(-c2cccc(S(=O)(=O)NC3CCCC3)c2)cs1,0.0
O=c1[nH]c(-c2ccc(O)cc2)nc2sc3c(c12)CCC3,5.03,1,0.0,5.03,5.03,2020,2020,1,1,O=c1[nH]c(-c2ccccc2)nc2sc3c(c12)CCC3,0.0
O=c1[nH]c(-c2ccc(O)cc2)nc2sc3c(c12)CCCC3,5.24,1,0.0,5.24,5.24,2020,2020,1,1,O=c1[nH]c(-c2ccccc2)nc2sc3c(c12)CCCC3,0.0
O=c1[nH]c(-c2cccc(S(=O)(=O)NC3CC3)c2)cs1,5.65,1,0.0,5.65,5.65,2015,2015,1,1,O=c1[nH]c(-c2cccc(S(=O)(=O)NC3CC3)c2)cs1,0.0
O=c1[nH]c(-c2cccc(S(=O)(=O)NC3CCCC3)c2)cs1,5.85,1,0.0,5.85,5.85,2015,2015,1,1,O=c1[nH]c(-c2cccc(S(=O)(=O)NC3CCCC3)c2)cs1,0.0
O=c1[nH]c(-c2cccc(S(=O)(=O)NC3CCCCC3)c2)cs1,5.69,1,0.0,5.69,5.69,2015,2015,1,1,O=c1[nH]c(-c2cccc(S(=O)(=O)NC3CCCCC3)c2)cs1,0.0
O=c1[nH]c(-c2cccc(S(=O)(=O)NC3CCOC3)c2)cs1,5.24,1,0.0,5.24,5.24,2015,2015,1,1,O=c1[nH]c(-c2cccc(S(=O)(=O)NC3CCOC3)c2)cs1,0.0
O=c1[nH]c(-c2cccc(S(=O)(=O)NCC3CCCO3)c2)cs1,5.03,1,0.0,5.03,5.03,2015,2015,1,1,O=c1[nH]c(-c2cccc(S(=O)(=O)NCC3CCCO3)c2)cs1,0.0
O=c1[nH]c(-c2cccc(S(=O)(=O)Nc3ccon3)c2)cs1,5.13,1,0.0,5.13,5.13,2015,2015,1,1,O=c1[nH]c(-c2cccc(S(=O)(=O)Nc3ccon3)c2)cs1,0.0
O=c1c2[nH]ccc2c(-c2ccccc2)cn1Cc1ccco1,5.08,1,0.0,5.08,5.08,2019,2019,1,1,O=c1c2[nH]ccc2c(-c2ccccc2)cn1Cc1ccco1,0.0
O=c1cc(N2CCOCC2)oc2c(-c3ccc4c(c3)OCCO4)csc12,6.215,2,0.5727564927611039,5.81,6.62,2016,2016,1,2,O=c1cc(N2CCOCC2)oc2c(-c3ccc4c(c3)OCCO4)csc12,0.8100000000000005
O=c1cc(N2CCOCC2)oc2c(-c3ccccc3)cccc12,5.074999999999999,2,0.275771644662753,4.88,5.27,2016,2016,1,2,O=c1cc(N2CCOCC2)oc2c(-c3ccccc3)cccc12,0.3899999999999997
O=c1cc(N2CCOCC2)oc2c(-c3ccccc3)csc12,5.5600000000000005,2,0.14142135623730995,5.46,5.66,2016,2016,1,2,O=c1cc(N2CCOCC2)oc2c(-c3ccccc3)csc12,0.20000000000000018
O=c1cc(N2CCOCC2)oc2c(-c3ccn[nH]3)csc12,5.34,2,0.43840620433565924,5.03,5.65,2016,2016,1,2,O=c1cc(N2CCOCC2)oc2c(-c3ccn[nH]3)csc12,0.6200000000000001
O=c1cc(N2CCOCC2)oc2c(C#Cc3ccccc3)csc12,5.1850000000000005,2,0.3040559159102162,4.97,5.4,2016,2016,1,2,O=c1cc(N2CCOCC2)oc2c(C#Cc3ccccc3)csc12,0.4300000000000006
O=c1cc(N2CCSCC2)oc2c(-c3ccc4c(c3)OCCO4)csc12,5.92,2,0.5232590180780453,5.55,6.29,2016,2016,1,2,O=c1cc(N2CCSCC2)oc2c(-c3ccc4c(c3)OCCO4)csc12,0.7400000000000002
O=c1cc(N2CCSCC2)oc2c(Br)csc12,4.48,2,0.01414213562373159,4.47,4.49,2016,2016,1,2,O=c1cc(N2CCSCC2)oc2ccsc12,0.020000000000000462
Oc1ccc(CN2CCCCCC2)c2cccnc12,6.17,1,0.0,6.17,6.17,2019,2019,1,1,c1cc(CN2CCCCCC2)c2cccnc2c1,0.0
Oc1ccc(CN2CCn3c(nnc3C(F)(F)F)C2)c2cccnc12,7.17,1,0.0,7.17,7.17,2019,2019,1,1,c1cc(CN2CCn3cnnc3C2)c2cccnc2c1,0.0
Oc1ccc(CNc2ccc(C(F)(F)F)cc2)c2cccnc12,5.32,1,0.0,5.32,5.32,2019,2019,1,1,c1ccc(NCc2cccc3ncccc23)cc1,0.0
Oc1ccc(CNc2cccc(C(F)(F)F)c2)c2cccnc12,5.32,1,0.0,5.32,5.32,2019,2019,1,1,c1ccc(NCc2cccc3ncccc23)cc1,0.0
Oc1ccc(COn2nnc3ccccc32)c2cccnc12,7.09,1,0.0,7.09,7.09,2019,2019,1,1,c1cc(COn2nnc3ccccc32)c2cccnc2c1,0.0
Oc1ccc(CSc2ccccc2)c2cccnc12,5.52,1,0.0,5.52,5.52,2019,2019,1,1,c1ccc(SCc2cccc3ncccc23)cc1,0.0
Oc1ccc(Cn2c(-c3cscn3)nc3ccccc32)c2cccnc12,7.14,1,0.0,7.14,7.14,2019,2019,1,1,c1cc(Cn2c(-c3cscn3)nc3ccccc32)c2cccnc2c1,0.0
Oc1ccc(Cn2cccn2)c2cccnc12,7.12,1,0.0,7.12,7.12,2019,2019,1,1,c1cc(Cn2cccn2)c2cccnc2c1,0.0
Oc1ccc(Cn2ccnc2)c2cccnc12,7.0,1,0.0,7.0,7.0,2019,2019,1,1,c1cc(Cn2ccnc2)c2cccnc2c1,0.0
Oc1ccc(Cn2cnc(F)c2)c2cccnc12,7.16,1,0.0,7.16,7.16,2019,2019,1,1,c1cc(Cn2ccnc2)c2cccnc2c1,0.0
Oc1ccc(Cn2cnc3ccccc32)c2cccnc12,6.47,1,0.0,6.47,6.47,2019,2019,1,1,c1cc(Cn2cnc3ccccc32)c2cccnc2c1,0.0
Oc1ccc(Cn2cncn2)c2cccnc12,7.02,1,0.0,7.02,7.02,2019,2019,1,1,c1cc(Cn2cncn2)c2cccnc2c1,0.0
Oc1ccc(Cn2nnc3ccccc32)c2cccnc12,6.81,1,0.0,6.81,6.81,2019,2019,1,1,c1cc(Cn2nnc3ccccc32)c2cccnc2c1,0.0
Oc1ccccc1Oc1nccc(-c2c(-c3ccc(I)cc3)ncn2C2CCNCC2)n1,5.52,1,0.0,5.52,5.52,2022,2022,1,1,c1ccc(Oc2nccc(-c3c(-c4ccccc4)ncn3C3CCNCC3)n2)cc1,0.0
[2H]C([2H])([2H])c1nnn(C)c1-c1cnc2c3cc(F)c(C(C)(C)O)cc3n([C@H](c3cc(C)on3)C3CCOCC3)c2c1,8.85,1,0.0,8.85,8.85,2021,2021,1,1,c1ccc2c(c1)c1ncc(-c3cnn[nH]3)cc1n2C(c1ccon1)C1CCOCC1,0.0
[2H]C([2H])([2H])c1nnn(C)c1-c1cnc2c3cc(F)c(C(C)(C)O)cc3n([C@H](c3ccccc3)C3CCOCC3)c2c1,9.05,1,0.0,9.05,9.05,2021,2021,1,1,c1ccc(C(C2CCOCC2)n2c3ccccc3c3ncc(-c4cnn[nH]4)cc32)cc1,0.0
[2H]C([2H])([2H])c1nnn(C)c1-c1cnc2c3ccc(C(C)(C)O)c(F)c3n([C@H](c3cc(C)on3)C3CCOCC3)c2c1,8.7,1,0.0,8.7,8.7,2021,2021,1,1,c1ccc2c(c1)c1ncc(-c3cnn[nH]3)cc1n2C(c1ccon1)C1CCOCC1,0.0
[2H]C([2H])([2H])c1nnn(C)c1-c1cnc2c3ccc(C(C)(C)O)c(F)c3n([C@H](c3ncccc3F)C3CCOCC3)c2c1,9.22,1,0.0,9.22,9.22,2021,2021,1,1,c1ccc(C(C2CCOCC2)n2c3ccccc3c3ncc(-c4cnn[nH]4)cc32)nc1,0.0
[2H]C([2H])([2H])c1nnn(C)c1-c1cnc2c3ccc(C(C)(C)O)cc3n([C@H](c3cc(C)on3)C3CCOCC3)c2c1,8.92,1,0.0,8.92,8.92,2021,2021,1,1,c1ccc2c(c1)c1ncc(-c3cnn[nH]3)cc1n2C(c1ccon1)C1CCOCC1,0.0
[2H]C([2H])([2H])c1nnn(C)c1-c1cnc2c3ccc(C(C)(C)O)cc3n([C@H](c3ccc(Cl)cn3)C3CCOCC3)c2c1,9.0,1,0.0,9.0,9.0,2021,2021,1,1,c1ccc(C(C2CCOCC2)n2c3ccccc3c3ncc(-c4cnn[nH]4)cc32)nc1,0.0
[2H]C([2H])([2H])c1nnn(C)c1-c1cnc2c3ccc(C(C)(C)O)cc3n([C@H](c3ncccc3F)C3CCOCC3)c2c1,9.05,1,0.0,9.05,9.05,2021,2021,1,1,c1ccc(C(C2CCOCC2)n2c3ccccc3c3ncc(-c4cnn[nH]4)cc32)nc1,0.0
