smiles,pactivity,n_measurements,pactivity_sd,pactivity_min,pactivity_max,first_document_year,last_document_year,n_documents,n_assays,scaffold,pactivity_span
C#CCOc1ccc(-c2nc3c(C(N)=O)cccc3[nH]2)cc1,7.59,1,0.0,7.59,7.59,2014,2014,1,1,c1ccc(-c2nc3ccccc3[nH]2)cc1,0.0
C#CCOc1ccc(-c2nc3cccc4c3n2CCNC4=O)cc1,7.73,1,0.0,7.73,7.73,2014,2014,1,1,O=C1NCCn2c(-c3ccccc3)nc3cccc1c32,0.0
C#Cc1ccc(N2CCN(Cc3cnc4cc(CC)c(=O)[nH]c4c3)CC2)nc1,8.24,1,0.0,8.24,8.24,2023,2023,1,1,O=c1ccc2ncc(CN3CCN(c4ccccn4)CC3)cc2[nH]1,0.0
C#Cc1cnc2c(C(N)=O)cccc2c1,5.64,1,0.0,5.64,5.64,2009,2009,1,1,c1ccc2ncccc2c1,0.0
C/C=C/CN1CCN(C(=O)c2cc(Cn3c(=O)[nH]c(=O)c4ccccc43)ccc2F)C[C@@H]1C,7.61,1,0.0,7.61,7.61,2021,2021,1,1,O=C(c1cccc(Cn2c(=O)[nH]c(=O)c3ccccc32)c1)N1CCNCC1,0.0
C/C=C/CN1CCN(C(=O)c2cc(Cn3c(=O)[nH]c(=O)c4ccccc43)ccc2F)C[C@H]1C,7.84,1,0.0,7.84,7.84,2021,2021,1,1,O=C(c1cccc(Cn2c(=O)[nH]c(=O)c3ccccc32)c1)N1CCNCC1,0.0
C1=Cc2ccccc2CN1,5.82,1,0.0,5.82,5.82,2020,2020,1,1,C1=Cc2ccccc2CN1,0.0
C=C(C)CCN1CCN2C(=Nc3cccc4c(=O)[nH]nc2c34)C1,7.41,1,0.0,7.41,7.41,2018,2018,1,1,O=c1[nH]nc2c3c(cccc13)N=C1CNCCN12,0.0
C=C1C(=O)OC2C[C@@]3(C)CCC=C(CN4CCN(C(=O)c5cc(Cc6n[nH]c(=O)c7ccccc67)ccc5F)CC4)C3=CC12,6.77,1,0.0,6.77,6.77,2022,2022,1,1,C=C1C(=O)OC2CC3CCC=C(CN4CCN(C(=O)c5cccc(Cc6n[nH]c(=O)c7ccccc67)c5)CC4)C3=CC12,0.0
C=C1C(=O)OC2C[C@@]3(C)CCC=C(COC(=O)C4CN(C(=O)c5cc(Cc6n[nH]c(=O)c7ccccc67)ccc5F)C4)C3=CC12,6.55,1,0.0,6.55,6.55,2022,2022,1,1,C=C1C(=O)OC2CC3CCC=C(COC(=O)C4CN(C(=O)c5cccc(Cc6n[nH]c(=O)c7ccccc67)c5)C4)C3=CC12,0.0
C=C1C(=O)OC2C[C@@]3(C)CCC=C(COC(=O)CC4CCCN(C(=O)c5cc(Cc6n[nH]c(=O)c7ccccc67)ccc5F)C4)C3=CC12,7.19,1,0.0,7.19,7.19,2022,2022,1,1,C=C1C(=O)OC2CC3CCC=C(COC(=O)CC4CCCN(C(=O)c5cccc(Cc6n[nH]c(=O)c7ccccc67)c5)C4)C3=CC12,0.0
C=C1C(=O)OC2C[C@@]3(C)CCC=C(COC(=O)CC4CCN(C(=O)c5cc(Cc6n[nH]c(=O)c7ccccc67)ccc5F)CC4)C3=CC12,7.16,1,0.0,7.16,7.16,2022,2022,1,1,C=C1C(=O)OC2CC3CCC=C(COC(=O)CC4CCN(C(=O)c5cccc(Cc6n[nH]c(=O)c7ccccc67)c5)CC4)C3=CC12,0.0
C=C1C(=O)OC2C[C@@]3(C)CCC=C(COC(=O)CCC4CCN(C(=O)c5cc(Cc6n[nH]c(=O)c7ccccc67)ccc5F)CC4)C3=CC12,7.1,1,0.0,7.1,7.1,2022,2022,1,1,C=C1C(=O)OC2CC3CCC=C(COC(=O)CCC4CCN(C(=O)c5cccc(Cc6n[nH]c(=O)c7ccccc67)c5)CC4)C3=CC12,0.0
C=C1C(=O)OC2C[C@@]3(C)CCC=C(COC(=O)CCCC4CCN(C(=O)c5cc(Cc6n[nH]c(=O)c7ccccc67)ccc5F)CC4)C3=CC12,6.89,1,0.0,6.89,6.89,2022,2022,1,1,C=C1C(=O)OC2CC3CCC=C(COC(=O)CCCC4CCN(C(=O)c5cccc(Cc6n[nH]c(=O)c7ccccc67)c5)CC4)C3=CC12,0.0
C=C1C(=O)OC2C[C@@]3(C)CCC=C(COC(=O)CCN(C)C(=O)c4cc(Cc5n[nH]c(=O)c6ccccc56)ccc4F)C3=CC12,8.66,1,0.0,8.66,8.66,2022,2022,1,1,C=C1C(=O)OC2CC3CCC=C(COC(=O)CCNC(=O)c4cccc(Cc5n[nH]c(=O)c6ccccc56)c4)C3=CC12,0.0
C=C1C(=O)OC2C[C@@]3(C)CCC=C(COC(=O)CCNC(=O)c4cc(Cc5n[nH]c(=O)c6ccccc56)ccc4F)C3=CC12,6.87,1,0.0,6.87,6.87,2022,2022,1,1,C=C1C(=O)OC2CC3CCC=C(COC(=O)CCNC(=O)c4cccc(Cc5n[nH]c(=O)c6ccccc56)c4)C3=CC12,0.0
C=C1C(=O)OC2C[C@@]3(C)CCC=C(COC(=O)COCCOCCNC(=O)c4cc(Cc5n[nH]c(=O)c6ccccc56)ccc4F)C3=CC12,7.41,1,0.0,7.41,7.41,2022,2022,1,1,C=C1C(=O)OC2CC3CCC=C(COC(=O)COCCOCCNC(=O)c4cccc(Cc5n[nH]c(=O)c6ccccc56)c4)C3=CC12,0.0
C=C1C(=O)OC2C[C@@]3(C)CCC=C(COC(=O)c4cc(Cc5n[nH]c(=O)c6ccccc56)ccc4F)C3=CC12,5.58,1,0.0,5.58,5.58,2022,2022,1,1,C=C1C(=O)OC2CC3CCC=C(COC(=O)c4cccc(Cc5n[nH]c(=O)c6ccccc56)c4)C3=CC12,0.0
C=CCC1(C(=O)N2CCN(C(=O)c3cc(Cc4n[nH]c(=O)c(C)c4C)ccc3F)CC2)CCCN1,8.74,1,0.0,8.74,8.74,2010,2010,1,1,O=C(c1cccc(Cc2ccc(=O)[nH]n2)c1)N1CCN(C(=O)C2CCCN2)CC1,0.0
C=Cc1cnc2c(C(N)=O)cccc2c1,5.24,1,0.0,5.24,5.24,2009,2009,1,1,c1ccc2ncccc2c1,0.0
CC#CCOc1ccc(C(=O)C2CCN(CC(=O)N(Cc3nc4c(c(=O)[nH]3)COCC4)CC3CC3)CC2)cc1,4.83,1,0.0,4.83,4.83,2015,2015,1,1,O=C(c1ccccc1)C1CCN(CC(=O)N(Cc2nc3c(c(=O)[nH]2)COCC3)CC2CC2)CC1,0.0
CC#Cc1cnc2c(C(N)=O)cccc2c1,5.66,1,0.0,5.66,5.66,2009,2009,1,1,c1ccc2ncccc2c1,0.0
CC(=O)C1=C(C)N(C(=O)c2ccccc2)C(NNS(=O)(=O)c2ccc3[nH]c(=O)c(=O)[nH]c3c2)S1,8.08,1,0.0,8.08,8.08,2023,2023,1,1,O=C(c1ccccc1)N1C=CSC1NNS(=O)(=O)c1ccc2[nH]c(=O)c(=O)[nH]c2c1,0.0
CC(=O)N1CCCN(C(=O)c2cc(Cc3c[nH]c(=O)c4cc(Cl)c(Cl)n34)ccc2F)CC1,7.72,1,0.0,7.72,7.72,2010,2010,1,1,O=C(c1cccc(Cc2c[nH]c(=O)c3cccn23)c1)N1CCCNCC1,0.0
CC(=O)N1CCCN(C(=O)c2cc(Cc3n[nH]c(=O)c4ccccc34)ccc2F)CC1,7.92,1,0.0,7.92,7.92,2008,2008,1,1,O=C(c1cccc(Cc2n[nH]c(=O)c3ccccc23)c1)N1CCCNCC1,0.0
CC(=O)N1CCCN(CC2=Nc3cccc4c(=O)[nH]nc(c34)N2)CC1,7.31,1,0.0,7.31,7.31,2014,2014,1,1,O=c1[nH]nc2c3c(cccc13)N=C(CN1CCCNCC1)N2,0.0
CC(=O)N1CCC[C@H]1C(=O)N1CCc2cccc3c2C1CNC3=O,7.85,1,0.0,7.85,7.85,2010,2010,1,1,O=C1NCC2c3c(cccc31)CCN2C(=O)C1CCCN1,0.0
CC(=O)N1CCN(C(=O)c2cc(Cc3c[nH]c(=O)c4cc(Cl)c(Cl)n34)ccc2F)CC1,8.2,1,0.0,8.2,8.2,2010,2010,1,1,O=C(c1cccc(Cc2c[nH]c(=O)c3cccn23)c1)N1CCNCC1,0.0
CC(=O)N1CCN(C(=O)c2cc(Cc3n[nH]c(=O)c4ccccc34)cc(F)c2F)CC1,8.15,1,0.0,8.15,8.15,2017,2017,1,1,O=C(c1cccc(Cc2n[nH]c(=O)c3ccccc23)c1)N1CCNCC1,0.0
CC(=O)N1CCN(C(=O)c2cc(Cc3n[nH]c(=O)c4ccccc34)ccc2F)CC1,8.22,1,0.0,8.22,8.22,2008,2008,1,1,O=C(c1cccc(Cc2n[nH]c(=O)c3ccccc23)c1)N1CCNCC1,0.0
CC(=O)N1CCN(C(=O)c2csc(Cc3n[nH]c(=O)c4ccccc34)c2)CC1,6.91,1,0.0,6.91,6.91,2014,2014,1,1,O=C(c1csc(Cc2n[nH]c(=O)c3ccccc23)c1)N1CCNCC1,0.0
CC(=O)N1CCN(Cc2c(O)cc(O)c3c(=O)cc(-c4ccc(O)cc4)oc23)CC1,7.37,1,0.0,7.37,7.37,2021,2021,1,1,O=c1cc(-c2ccccc2)oc2c(CN3CCNCC3)cccc12,0.0
CC(=O)N1CCN(Cc2ccc(-c3[nH]c4cc(F)cc5c4c3CCNC5=O)cc2)CC1,8.88,1,0.0,8.88,8.88,2022,2022,1,1,O=C1NCCc2c(-c3ccc(CN4CCNCC4)cc3)[nH]c3cccc1c23,0.0
CC(=O)NNc1cc2c3c(n[nH]c(=O)c3c1)C1=C(CCCCC1)N2,7.23,1,0.0,7.23,7.23,2016,2016,1,1,O=c1[nH]nc2c3c(cccc13)NC1=C2CCCCC1,0.0
CC(=O)Nc1ccc(-c2ccc(-c3nc4c(C(N)=O)cccc4[nH]3)cc2)cc1,4.8,1,0.0,4.8,4.8,2015,2015,1,1,c1ccc(-c2ccc(-c3nc4ccccc4[nH]3)cc2)cc1,0.0
CC(=O)Nc1ccc(-c2ccc(-c3nc4c(C(N)=O)cccc4[nH]3)cc2)cn1,7.31,1,0.0,7.31,7.31,2015,2015,1,1,c1cncc(-c2ccc(-c3nc4ccccc4[nH]3)cc2)c1,0.0
CC(=O)Nc1ccc(C2Nc3cc(F)cc4c(=O)[nH]nc(c34)C2c2ncnn2C)cc1,8.68,1,0.0,8.68,8.68,2016,2016,1,1,O=c1[nH]nc2c3c(cccc13)NC(c1ccccc1)C2c1ncn[nH]1,0.0
CC(=O)Nc1ccc(COc2ccc(-c3ccc(-c4nc5c(C(=O)O)cc(C)cc5[nH]4)cc3)cc2)cc1,4.36,1,0.0,4.36,4.36,2015,2015,1,1,c1ccc(COc2ccc(-c3ccc(-c4nc5ccccc5[nH]4)cc3)cc2)cc1,0.0
CC(=O)Nc1cccc(-c2ccc(-c3nc4c(C(N)=O)cccc4[nH]3)cc2)c1,6.34,1,0.0,6.34,6.34,2015,2015,1,1,c1ccc(-c2ccc(-c3nc4ccccc4[nH]3)cc2)cc1,0.0
CC(=O)Nc1cccc(Cc2n[nH]c(=O)c3ccccc23)c1,7.05,1,0.0,7.05,7.05,2005,2005,1,1,O=c1[nH]nc(Cc2ccccc2)c2ccccc12,0.0
CC(=O)Nc1ccccc1-c1ccc(-c2nc3c(C(N)=O)cccc3[nH]2)cc1,6.85,1,0.0,6.85,6.85,2015,2015,1,1,c1ccc(-c2ccc(-c3nc4ccccc4[nH]3)cc2)cc1,0.0
CC(=O)Nc1ccccc1COc1ccc(-c2ccc(-c3nc4c(C(=O)O)cc(C)cc4[nH]3)cc2)cc1,4.97,1,0.0,4.97,4.97,2015,2015,1,1,c1ccc(COc2ccc(-c3ccc(-c4nc5ccccc5[nH]4)cc3)cc2)cc1,0.0
CC(=O)Nc1cnc(N2CCN(c3nc4c(C(N)=O)cccc4[nH]3)CC2)nc1,6.97,1,0.0,6.97,6.97,2019,2019,1,1,c1cnc(N2CCN(c3nc4ccccc4[nH]3)CC2)nc1,0.0
CC(=O)Oc1cccc(Cc2n[nH]c(=O)c3ccccc23)c1,7.44,1,0.0,7.44,7.44,2005,2005,1,1,O=c1[nH]nc(Cc2ccccc2)c2ccccc12,0.0
CC(=O)c1cc(C#N)ccc1N1CCN(Cc2ccc3c4c(c(=O)[nH]c3c2)CCCN4)CC1,8.18,1,0.0,8.18,8.18,2019,2019,1,1,O=c1[nH]c2cc(CN3CCN(c4ccccc4)CC3)ccc2c2c1CCCN2,0.0
CC(C)(C)C(=O)N1CC2=NNC(=O)c3cc(F)cc4[nH]c(c2c34)C1,8.14,1,0.0,8.14,8.14,2016,2016,1,1,O=C1NN=C2CNCc3[nH]c4cccc1c4c32,0.0
CC(C)(C)C(=O)N1CCN(C(=O)c2cc(Cc3c[nH]c(=O)c4cc(Cl)c(Cl)n34)ccc2F)CC1,9.0,1,0.0,9.0,9.0,2010,2010,1,1,O=C(c1cccc(Cc2c[nH]c(=O)c3cccn23)c1)N1CCNCC1,0.0
CC(C)(C)C(=O)N1CCP(=O)(c2cc(Cc3n[nH]c(=O)c4ccccc34)ccc2F)CC1,6.26,1,0.0,6.26,6.26,2022,2022,1,1,O=c1[nH]nc(Cc2cccc(P3(=O)CCNCC3)c2)c2ccccc12,0.0
CC(C)(C)C(=O)ON[C@@H](Cc1ccccc1)C(=O)N1CC2=NNC(=O)c3cccc4[nH]c(c2c34)C1,4.0,1,0.0,4.0,4.0,2017,2017,1,1,O=C1NN=C2CN(C(=O)CCc3ccccc3)Cc3[nH]c4cccc1c4c32,0.0
CC(C)(C)C1NCCc2cc(-c3cnn4c(C(N)=O)cc(Cl)c4c3)sc21,5.99,1,0.0,5.99,5.99,2021,2021,1,1,c1cc2cc(-c3cc4c(s3)CNCC4)cnn2c1,0.0
CC(C)(C)C1NCCc2cc(-c3nc4c(C(N)=O)cc(F)cc4[nH]3)sc21,7.6,1,0.0,7.6,7.6,2018,2018,1,1,c1ccc2[nH]c(-c3cc4c(s3)CNCC4)nc2c1,0.0
CC(C)(C)C1NCCc2sc(-c3cnn4c(C(N)=O)cc(Cl)c4c3)cc21,6.36,1,0.0,6.36,6.36,2021,2021,1,1,c1cc2cc(-c3cc4c(s3)CCNC4)cnn2c1,0.0
CC(C)(C)CCN1CC2=NNC(=O)c3cccc4[nH]c(c2c34)C1,7.85,1,0.0,7.85,7.85,2016,2016,1,1,O=C1NN=C2CNCc3[nH]c4cccc1c4c32,0.0
CC(C)(C)CN1CCP(=O)(c2cc(Cc3n[nH]c(=O)c4ccccc34)ccc2F)CC1,6.26,1,0.0,6.26,6.26,2022,2022,1,1,O=c1[nH]nc(Cc2cccc(P3(=O)CCNCC3)c2)c2ccccc12,0.0
CC(C)(C)NCc1ccc(-c2nc3cncc4c3n2CCNC4=O)cc1,7.12,1,0.0,7.12,7.12,2016,2016,1,1,O=C1NCCn2c(-c3ccccc3)nc3cncc1c32,0.0
CC(C)(C)OC(=O)N1CCC2=C(C1)Nc1cccc3c(=O)[nH]nc2c13,8.29,1,0.0,8.29,8.29,2016,2016,1,1,O=c1[nH]nc2c3c(cccc13)NC1=C2CCNC1,0.0
CC(C)(C)OC(=O)N1CCCN(CC2=Nc3cccc4c(=O)[nH]nc(c34)N2)CC1,7.29,1,0.0,7.29,7.29,2014,2014,1,1,O=c1[nH]nc2c3c(cccc13)N=C(CN1CCCNCC1)N2,0.0
CC(C)(C)OC(=O)N1CCN(C(=O)CCC(=O)c2ccc3[nH]c4c5c(c6c(c4c3c2)C(=O)NC6=O)CCC5)CC1,8.0,1,0.0,8.0,8.0,2012,2012,1,1,O=C(CCC(=O)N1CCNCC1)c1ccc2[nH]c3c4c(c5c(c3c2c1)C(=O)NC5=O)CCC4,0.0
CC(C)(C)OC(=O)N1C[C@H]2C[C@@H]1CN2c1ccc2nc(O)c3ccccc3c2n1,6.11,1,0.0,6.11,6.11,2003,2003,1,1,c1ccc2c(c1)cnc1ccc(N3CC4CC3CN4)nc12,0.0
CC(C)(C)OC(=O)NC1CCN(Cc2ccc(-c3[nH]c4cc(F)cc5c4c3CCNC5=O)cc2)CC1,8.93,1,0.0,8.93,8.93,2022,2022,1,1,O=C1NCCc2c(-c3ccc(CN4CCCCC4)cc3)[nH]c3cccc1c23,0.0
CC(C)(C)OC(=O)NCC1=Nc2cccc3c(=O)[nH]nc(c23)N1,7.33,1,0.0,7.33,7.33,2014,2014,1,1,O=c1[nH]nc2c3c(cccc13)N=CN2,0.0
CC(C)(C)OC(=O)NCCCCC(NC(=O)OC(C)(C)C)C(=O)NCc1ccc2[nH]c3c4c(c5c(c3c2c1)CNC5=O)CCC4,6.17,1,0.0,6.17,6.17,2006,2006,1,1,O=C1NCc2c1c1c(c3[nH]c4ccccc4c23)CCC1,0.0
CC(C)(C)OC(=O)NCCNC(=O)CCC(=O)c1ccc2[nH]c3c4c(c5c(c3c2c1)C(=O)NC5=O)CCC4,7.8,1,0.0,7.8,7.8,2012,2012,1,1,O=C1NC(=O)c2c1c1c(c3[nH]c4ccccc4c23)CCC1,0.0
CC(C)(C)OC(=O)N[C@@H](Cc1ccccc1)C(=O)N1CC2=NNC(=O)c3cccc4[nH]c(c2c34)C1,7.0,1,0.0,7.0,7.0,2016,2016,1,1,O=C1NN=C2CN(C(=O)CCc3ccccc3)Cc3[nH]c4cccc1c4c32,0.0
CC(C)(C)OC(=O)[C@@H]1CCCN1C(=O)CCC(=O)c1ccc2[nH]c3c4c(c5c(c3c2c1)C(=O)NC5=O)CCC4,8.15,1,0.0,8.15,8.15,2012,2012,1,1,O=C(CCC(=O)N1CCCC1)c1ccc2[nH]c3c4c(c5c(c3c2c1)C(=O)NC5=O)CCC4,0.0
CC(C)(C)OC(=O)[C@@H]1CCCN1CC(=O)c1ccc2[nH]c3c4c(c5c(c3c2c1)C(=O)NC5=O)CCC4,7.92,1,0.0,7.92,7.92,2012,2012,1,1,O=C(CN1CCCC1)c1ccc2[nH]c3c4c(c5c(c3c2c1)C(=O)NC5=O)CCC4,0.0
CC(C)(C)[C@@H]1NCCC2C=C(c3nc4c(C(=O)O)cc(F)cc4[nH]3)SC21,7.82,1,0.0,7.82,7.82,2018,2018,1,1,C1=C(c2nc3ccccc3[nH]2)SC2CNCCC12,0.0
CC(C)(C)[C@H]1NCCC2C=C(c3nc4c(C(=O)O)cc(F)cc4[nH]3)SC21,7.04,1,0.0,7.04,7.04,2018,2018,1,1,C1=C(c2nc3ccccc3[nH]2)SC2CNCCC12,0.0
CC(C)(C)c1ccc(Cn2cc(/C=C3\SC(=O)NC3=O)c3ccccc32)cc1,6.09,1,0.0,6.09,6.09,2017,2017,1,1,O=C1NC(=O)C(=Cc2cn(Cc3ccccc3)c3ccccc23)S1,0.0
CC(C)(C)c1ccc(S(=O)(=O)N2CCN(CC3=Nc4cccc5c(=O)[nH]nc(c45)N3)CC2)cc1,7.89,1,0.0,7.89,7.89,2014,2014,1,1,O=c1[nH]nc2c3c(cccc13)N=C(CN1CCN(S(=O)(=O)c3ccccc3)CC1)N2,0.0
CC(C)(CC(=O)N1CCC(C(=O)c2ccc(C(=O)O)cc2)CC1)Cc1cc2ccccc2c(=O)[nH]1,6.0,1,0.0,6.0,6.0,2020,2020,1,1,O=C(c1ccccc1)C1CCN(C(=O)CCCc2cc3ccccc3c(=O)[nH]2)CC1,0.0
CC(C)(CC(=O)N1CCC(C(=O)c2ccc(C(=O)O)cc2)CC1)Cc1nc2ccccc2c(=O)[nH]1,4.77,1,0.0,4.77,4.77,2020,2020,1,1,O=C(c1ccccc1)C1CCN(C(=O)CCCc2nc3ccccc3c(=O)[nH]2)CC1,0.0
CC(C)(CC(=O)N1CCC(C(=O)c2cccc(C(=O)O)c2)CC1)Cc1cc2ccccc2c(=O)[nH]1,5.04,1,0.0,5.04,5.04,2020,2020,1,1,O=C(c1ccccc1)C1CCN(C(=O)CCCc2cc3ccccc3c(=O)[nH]2)CC1,0.0
CC(C)(CC(=O)N1CCC(C(=O)c2cccc(C(=O)O)c2)CC1)Cc1nc2ccccc2c(=O)[nH]1,4.54,1,0.0,4.54,4.54,2020,2020,1,1,O=C(c1ccccc1)C1CCN(C(=O)CCCc2nc3ccccc3c(=O)[nH]2)CC1,0.0
CC(C)(N)C(=O)N1CC2=NNC(=O)c3cc(F)cc4[nH]c(c2c34)C1,7.92,1,0.0,7.92,7.92,2016,2016,1,1,O=C1NN=C2CNCc3[nH]c4cccc1c4c32,0.0
CC(C)(N)C(=O)N1CC2=NNC(=O)c3cccc4[nH]c(c2c34)C1,8.365,2,0.31819805153394587,8.14,8.59,2016,2016,1,1,O=C1NN=C2CNCc3[nH]c4cccc1c4c32,0.4499999999999993
CC(C)(NC(=O)OCc1ccccc1)C(=O)N1CCC2=C(C1)Nc1cccc3c(=O)[nH]nc2c13,7.64,1,0.0,7.64,7.64,2016,2016,1,1,O=C(NCC(=O)N1CCC2=C(C1)Nc1cccc3c(=O)[nH]nc2c13)OCc1ccccc1,0.0
CC(C)(O)c1ccc(-c2cn3c(CO)ccc3c(=O)[nH]2)cc1,5.38,1,0.0,5.38,5.38,2021,2021,1,1,O=c1[nH]c(-c2ccccc2)cn2cccc12,0.0
CC(C)(O)c1ccc(-c2cn3c(F)c(F)cc3c(=O)[nH]2)cc1,5.89,1,0.0,5.89,5.89,2021,2021,1,1,O=c1[nH]c(-c2ccccc2)cn2cccc12,0.0
CC(C)(O)c1ccc(-c2cn3c(F)ccc3c(=O)[nH]2)cc1,5.7,1,0.0,5.7,5.7,2021,2021,1,1,O=c1[nH]c(-c2ccccc2)cn2cccc12,0.0
CC(C)(O)c1ccc(-c2cn3cc(Cl)cc3c(=O)[nH]2)cc1,6.2,1,0.0,6.2,6.2,2021,2021,1,1,O=c1[nH]c(-c2ccccc2)cn2cccc12,0.0
CC(C)(O)c1ccc(-c2cn3cc(F)cc3c(=O)[nH]2)cc1,6.35,1,0.0,6.35,6.35,2021,2021,1,1,O=c1[nH]c(-c2ccccc2)cn2cccc12,0.0
CC(C)(O)c1ccc(-c2cn3cccc3c(=O)[nH]2)cc1,6.04,1,0.0,6.04,6.04,2021,2021,1,1,O=c1[nH]c(-c2ccccc2)cn2cccc12,0.0
CC(C)(c1ccccc1)c1nnc([C@H]2CC[C@H](NC(=O)CCc3nc4ccccc4c(=O)[nH]3)CC2)o1,5.13,1,0.0,5.13,5.13,2016,2016,1,1,O=C(CCc1nc2ccccc2c(=O)[nH]1)NC1CCC(c2nnc(Cc3ccccc3)o2)CC1,0.0
CC(C)=CCN1CCN(C(=O)c2cc(Cn3c(=O)[nH]c(=O)c4ccccc43)ccc2F)C[C@@H]1C,7.7,1,0.0,7.7,7.7,2021,2021,1,1,O=C(c1cccc(Cn2c(=O)[nH]c(=O)c3ccccc32)c1)N1CCNCC1,0.0
CC(C)=CCN1CCN(C(=O)c2cc(Cn3c(=O)[nH]c(=O)c4ccccc43)ccc2F)C[C@H]1C,7.52,1,0.0,7.52,7.52,2021,2021,1,1,O=C(c1cccc(Cn2c(=O)[nH]c(=O)c3ccccc32)c1)N1CCNCC1,0.0
CC(C)C(=O)N1CCN(C(=O)c2cc(Cc3c[nH]c(=O)c4cc(Cl)c(Cl)n34)ccc2F)CC1,8.68,1,0.0,8.68,8.68,2010,2010,1,1,O=C(c1cccc(Cc2c[nH]c(=O)c3cccn23)c1)N1CCNCC1,0.0
CC(C)C(=O)N1CCN(C(=O)c2cc(Cn3c(=O)[nH]c(=O)c4ccccc43)ccc2F)C[C@@H]1C,8.21,1,0.0,8.21,8.21,2021,2021,1,1,O=C(c1cccc(Cn2c(=O)[nH]c(=O)c3ccccc32)c1)N1CCNCC1,0.0
CC(C)C(=O)N1CCN(C(=O)c2cc(Cn3c(=O)[nH]c(=O)c4ccccc43)ccc2F)C[C@H]1C,8.16,1,0.0,8.16,8.16,2021,2021,1,1,O=C(c1cccc(Cn2c(=O)[nH]c(=O)c3ccccc32)c1)N1CCNCC1,0.0
CC(C)C(=O)N1CCN(Cc2c(O)cc(O)c3c(=O)cc(-c4ccc(O)cc4)oc23)CC1,7.42,1,0.0,7.42,7.42,2021,2021,1,1,O=c1cc(-c2ccccc2)oc2c(CN3CCNCC3)cccc12,0.0
CC(C)C(=O)Nc1cccc(Cc2nnc(O)c3ccccc23)c1,6.43,1,0.0,6.43,6.43,2005,2005,1,1,c1ccc(Cc2nncc3ccccc23)cc1,0.0
CC(C)C1CC2=NNC(=O)c3cc(F)cc4[nH]c(c2c34)C1,8.48,1,0.0,8.48,8.48,2016,2016,1,1,O=C1NN=C2CCCc3[nH]c4cccc1c4c32,0.0
CC(C)C1CC2=NNC(=O)c3cccc4[nH]c(c2c34)C1,8.22,1,0.0,8.22,8.22,2016,2016,1,1,O=C1NN=C2CCCc3[nH]c4cccc1c4c32,0.0
CC(C)C1NCCc2cc(-c3nc4c(C(N)=O)cc(F)cc4[nH]3)sc21,7.57,1,0.0,7.57,7.57,2018,2018,1,1,c1ccc2[nH]c(-c3cc4c(s3)CNCC4)nc2c1,0.0
CC(C)C1c2n[nH]c(=O)c3cccc(c23)NC1c1ccccc1,5.38,1,0.0,5.38,5.38,2016,2016,1,1,O=c1[nH]nc2c3c(cccc13)NC(c1ccccc1)C2,0.0
CC(C)CC(=O)N1CCN(C(=O)c2ccc(-c3ccc4c(Cl)cc(C(N)=O)n4n3)cc2)CC1,6.3,1,0.0,6.3,6.3,2021,2021,1,1,O=C(c1ccc(-c2ccc3cccn3n2)cc1)N1CCNCC1,0.0
CC(C)CC1NCCc2cc(-c3cnn4c(C(N)=O)cc(Cl)c4c3)sc21,6.62,1,0.0,6.62,6.62,2021,2021,1,1,c1cc2cc(-c3cc4c(s3)CNCC4)cnn2c1,0.0
CC(C)CC1NCCc2cc(-c3nc4c(C(N)=O)cc(F)cc4[nH]3)sc21,7.44,1,0.0,7.44,7.44,2018,2018,1,1,c1ccc2[nH]c(-c3cc4c(s3)CNCC4)nc2c1,0.0
CC(C)CC1NCCc2cc(-c3nc4c(C(N)=O)cc(F)cc4n3C)sc21,7.7,1,0.0,7.7,7.7,2018,2018,1,1,c1ccc2[nH]c(-c3cc4c(s3)CNCC4)nc2c1,0.0
CC(C)CC1NCCc2sc(-c3cnn4c(C(N)=O)cc(Cl)c4c3)cc21,6.73,1,0.0,6.73,6.73,2021,2021,1,1,c1cc2cc(-c3cc4c(s3)CCNC4)cnn2c1,0.0
CC(C)CCN1CCC(Oc2ccc3[nH]c(=O)c4c(c3c2)CCSC4)CC1,7.15,1,0.0,7.15,7.15,2010,2010,1,1,O=c1[nH]c2ccc(OC3CCNCC3)cc2c2c1CSCC2,0.0
CC(C)CCN1CCN(C(=O)c2ccc3[nH]c(=O)c4c(c3c2)CCSC4)CC1,7.19,1,0.0,7.19,7.19,2012,2012,1,1,O=C(c1ccc2[nH]c(=O)c3c(c2c1)CCSC3)N1CCNCC1,0.0
CC(C)CCN1CCN(Cc2c(O)cc(O)c3c(=O)cc(-c4ccc(O)cc4)oc23)CC1,7.15,1,0.0,7.15,7.15,2021,2021,1,1,O=c1cc(-c2ccccc2)oc2c(CN3CCNCC3)cccc12,0.0
CC(C)CN1CCC(c2nc3cncc4c3n2CCNC4=O)CC1,7.55,1,0.0,7.55,7.55,2016,2016,1,1,O=C1NCCn2c(C3CCNCC3)nc3cncc1c32,0.0
CC(C)CN1CCN(C(=O)c2cc(Cc3c[nH]c(=O)c4cc(Cl)c(Cl)n34)ccc2F)CC1,7.85,1,0.0,7.85,7.85,2010,2010,1,1,O=C(c1cccc(Cc2c[nH]c(=O)c3cccn23)c1)N1CCNCC1,0.0
CC(C)CN1CCN(C(=O)c2cc(Cn3c(=O)[nH]c(=O)c4ccccc43)ccc2F)C[C@@H]1C,8.21,1,0.0,8.21,8.21,2021,2021,1,1,O=C(c1cccc(Cn2c(=O)[nH]c(=O)c3ccccc32)c1)N1CCNCC1,0.0
CC(C)CN1CCN(C(=O)c2cc(Cn3c(=O)[nH]c(=O)c4ccccc43)ccc2F)C[C@H]1C,8.55,1,0.0,8.55,8.55,2021,2021,1,1,O=C(c1cccc(Cn2c(=O)[nH]c(=O)c3ccccc32)c1)N1CCNCC1,0.0
CC(C)CNC(=O)C1CCN(C(=O)c2cccc(Cc3nnc(O)c4ccccc34)c2)CC1,7.8,1,0.0,7.8,7.8,2006,2006,1,1,O=C(c1cccc(Cc2nncc3ccccc23)c1)N1CCCCC1,0.0
CC(C)CNC(=O)c1cnc(N2CCN(c3nc4c(C(N)=O)cc(F)cc4[nH]3)CC2)cn1,7.6,1,0.0,7.6,7.6,2019,2019,1,1,c1ccc2[nH]c(N3CCN(c4cnccn4)CC3)nc2c1,0.0
CC(C)C[C@@H](CC(=O)N1CCC(C(=O)c2cnn(C)c2)CC1)Cc1nc2ccccc2c(=O)[nH]1,4.85,1,0.0,4.85,4.85,2020,2020,1,1,O=C(c1cn[nH]c1)C1CCN(C(=O)CCCc2nc3ccccc3c(=O)[nH]2)CC1,0.0
CC(C)C[C@H](CC(=O)N1CCC(C(=O)c2cnn(C)c2)CC1)Cc1nc2ccccc2c(=O)[nH]1,4.58,1,0.0,4.58,4.58,2020,2020,1,1,O=C(c1cn[nH]c1)C1CCN(C(=O)CCCc2nc3ccccc3c(=O)[nH]2)CC1,0.0
CC(C)Cc1cc2[nH]c(=O)c3ccccc3n2n1,6.4,1,0.0,6.4,6.4,2009,2009,1,1,O=c1[nH]c2ccnn2c2ccccc12,0.0
CC(C)Cc1cc2c(N)cccc2c(=O)[nH]1,5.93,1,0.0,5.93,5.93,2013,2013,1,1,O=c1[nH]ccc2ccccc12,0.0
CC(C)N(C)Cc1ccc2c3c(c(=O)[nH]c2c1)CCCN3,6.72,1,0.0,6.72,6.72,2014,2014,1,1,O=c1[nH]c2ccccc2c2c1CCCN2,0.0
CC(C)N(Cc1ccc2c(c1)-c1n[nH]c(=O)c3cccc(c13)O2)C(C)C,6.52,1,0.0,6.52,6.52,2013,2013,1,1,O=c1[nH]nc2c3c(cccc13)Oc1ccccc1-2,0.0
CC(C)N1CC2=NNC(=O)c3cc(F)cc4[nH]c(c2c34)C1,8.29,1,0.0,8.29,8.29,2016,2016,1,1,O=C1NN=C2CNCc3[nH]c4cccc1c4c32,0.0
CC(C)N1CC2=NNC(=O)c3cccc4[nH]c(c2c34)C1,8.15,1,0.0,8.15,8.15,2016,2016,1,1,O=C1NN=C2CNCc3[nH]c4cccc1c4c32,0.0
CC(C)N1CCC(c2nc3cncc4c3n2CCNC4=O)CC1,7.04,1,0.0,7.04,7.04,2016,2016,1,1,O=C1NCCn2c(C3CCNCC3)nc3cncc1c32,0.0
CC(C)N1CCCC(c2nc3c(C(N)=O)cncc3[nH]2)C1,6.19,1,0.0,6.19,6.19,2013,2013,1,1,c1cc2nc(C3CCCNC3)[nH]c2cn1,0.0
CC(C)N1CCN(C(=O)c2cc3[nH]c(=O)c4ccccc4c3n2C)CC1,6.08,1,0.0,6.08,6.08,2014,2014,1,1,O=C(c1cc2[nH]c(=O)c3ccccc3c2[nH]1)N1CCNCC1,0.0
CC(C)N1CCN(CC(=O)Nc2ccc3nc(O)c4ccccc4c3n2)CC1,6.56,1,0.0,6.56,6.56,2003,2003,1,1,O=C(CN1CCNCC1)Nc1ccc2ncc3ccccc3c2n1,0.0
CC(C)N1CCN(CC(=O)Nc2cnc3c(c2)nc(O)c2ccccc23)CC1,7.07,1,0.0,7.07,7.07,2003,2003,1,1,O=C(CN1CCNCC1)Nc1cnc2c(c1)ncc1ccccc12,0.0
CC(C)N1CCN(Cc2ccc(-c3ccc4c(Cl)cc(C(N)=O)n4n3)cc2)CC1,6.43,1,0.0,6.43,6.43,2021,2021,1,1,c1cc2ccc(-c3ccc(CN4CCNCC4)cc3)nn2c1,0.0
CC(C)N1CCN(Cc2ccc3c(c2)-c2n[nH]c(=O)c4cccc(c24)O3)CC1,7.52,1,0.0,7.52,7.52,2013,2013,1,1,O=c1[nH]nc2c3c(cccc13)Oc1ccc(CN3CCNCC3)cc1-2,0.0
CC(C)N1CCN2C(=Nc3cccc4c(=O)[nH]nc2c34)C1,6.96,1,0.0,6.96,6.96,2018,2018,1,1,O=c1[nH]nc2c3c(cccc13)N=C1CNCCN12,0.0
CC(C)NC(=O)c1cnc(N2CCN(c3nc4c(C(N)=O)cc(F)cc4[nH]3)CC2)cn1,7.85,1,0.0,7.85,7.85,2019,2019,1,1,c1ccc2[nH]c(N3CCN(c4cnccn4)CC3)nc2c1,0.0
CC(C)NCc1ccc(-c2[nH]c3cccc4c3c2C(=O)NNC4=O)cc1,4.95,1,0.0,4.95,4.95,2015,2015,1,1,O=C1NNC(=O)c2c(-c3ccccc3)[nH]c3cccc1c23,0.0
CC(C)NCc1ccc(-c2cc3c4c(c[nH]c4c2)C(=O)NNC3=O)cc1,6.33,1,0.0,6.33,6.33,2015,2015,1,1,O=C1NNC(=O)c2cc(-c3ccccc3)cc3[nH]cc1c23,0.0
CC(C)NCc1ccc(-c2nc3cncc4c3n2CCNC4=O)cc1,7.24,1,0.0,7.24,7.24,2016,2016,1,1,O=C1NCCn2c(-c3ccccc3)nc3cncc1c32,0.0
CC(C)NCc1ccc(-n2cc3cccc(C(N)=O)c3n2)cc1,8.17,1,0.0,8.17,8.17,2009,2009,1,1,c1ccc(-n2cc3ccccc3n2)cc1,0.0
CC(C)NCc1ccc2c3c(c(=O)[nH]c2c1)CCCN3,6.58,1,0.0,6.58,6.58,2014,2014,1,1,O=c1[nH]c2ccccc2c2c1CCCN2,0.0
CC(C)Oc1ccc(C(=O)C2CCN(CC(=O)NCc3nc4c(c(=O)[nH]3)COCC4)CC2)cc1,5.25,1,0.0,5.25,5.25,2015,2015,1,1,O=C(CN1CCC(C(=O)c2ccccc2)CC1)NCc1nc2c(c(=O)[nH]1)COCC2,0.0
CC(C)S(=O)(=O)N1CCN(C(=O)c2cc3[nH]c(=O)c4ccccc4c3n2C)CC1,6.22,1,0.0,6.22,6.22,2014,2014,1,1,O=C(c1cc2[nH]c(=O)c3ccccc3c2[nH]1)N1CCNCC1,0.0
CC(C)[C@H](CC(=O)N1CCC(C(=O)c2cnn(C)c2)CC1)Cc1nc2ccccc2c(=O)[nH]1,4.68,1,0.0,4.68,4.68,2020,2020,1,1,O=C(c1cn[nH]c1)C1CCN(C(=O)CCCc2nc3ccccc3c(=O)[nH]2)CC1,0.0
CC(C)c1ccc(-c2cc(=O)c3ccccc3o2)cc1,4.72,2,0.0,4.72,4.72,2013,2013,1,1,O=c1cc(-c2ccccc2)oc2ccccc12,0.0
CC(C)c1ccc(C2CC3=NNC(=O)c4cc(F)cc5[nH]c(c3c45)C2)cc1,4.59,1,0.0,4.59,4.59,2019,2019,1,1,O=C1NN=C2CC(c3ccccc3)Cc3[nH]c4cccc1c4c32,0.0
CC(C)c1ccc(C2c3n[nH]c(=O)c4cccc(c34)NC2c2ccc(CN(C)C)cc2)cc1,8.02,1,0.0,8.02,8.02,2016,2016,1,1,O=c1[nH]nc2c3c(cccc13)NC(c1ccccc1)C2c1ccccc1,0.0
CC(C)c1ccc(Cn2cc(/C=C3\SC(=O)NC3=O)c3ccccc32)cc1,6.13,1,0.0,6.13,6.13,2017,2017,1,1,O=C1NC(=O)C(=Cc2cn(Cc3ccccc3)c3ccccc23)S1,0.0
CC(C)c1ccc(N(C)c2ccnc(Nc3ccc(-c4nc5c(C(N)=O)cccc5[nH]4)cc3)n2)cc1,7.05,1,0.0,7.05,7.05,2023,2023,1,1,c1ccc(Nc2ccnc(Nc3ccc(-c4nc5ccccc5[nH]4)cc3)n2)cc1,0.0
CC(C)c1ccc(N(C)c2ccnc(Nc3ccc(-c4nc5cc(F)c(F)cc5[nH]4)cc3)n2)cc1,6.17,1,0.0,6.17,6.17,2023,2023,1,1,c1ccc(Nc2ccnc(Nc3ccc(-c4nc5ccccc5[nH]4)cc3)n2)cc1,0.0
CC(C)c1ccc(S(=O)(=O)N2CCCN(CC3=Nc4cccc5c(=O)[nH]nc(c45)N3)CC2)cc1,7.68,2,0.05656854249492385,7.64,7.72,2014,2014,1,1,O=c1[nH]nc2c3c(cccc13)N=C(CN1CCCN(S(=O)(=O)c3ccccc3)CC1)N2,0.08000000000000007
CC(C)c1ccc(S(=O)(=O)N2CCN(CC3=Nc4cccc5c(=O)[nH]nc(c45)N3)CC2)cc1,7.77,1,0.0,7.77,7.77,2014,2014,1,1,O=c1[nH]nc2c3c(cccc13)N=C(CN1CCN(S(=O)(=O)c3ccccc3)CC1)N2,0.0
CC(C)c1nnc2n1C(C)CN(C(=O)c1cc(Cc3n[nH]c(=O)c4ccccc34)ccc1F)C2,8.39,1,0.0,8.39,8.39,2023,2023,1,1,O=C(c1cccc(Cc2n[nH]c(=O)c3ccccc23)c1)N1CCn2cnnc2C1,0.0
CC(C)n1cc(C(=O)C2CCN(C(=O)CC(C)(C)Cc3nc4c(ccn4C)c(=O)[nH]3)CC2)cn1,5.11,1,0.0,5.11,5.11,2020,2020,1,1,O=C(c1cn[nH]c1)C1CCN(C(=O)CCCc2nc3[nH]ccc3c(=O)[nH]2)CC1,0.0
CC(C)n1cc(C(=O)C2CCN(C(=O)C[C@@H](C)Cc3nc4ccccc4c(=O)[nH]3)CC2)cn1,5.72,1,0.0,5.72,5.72,2020,2020,1,1,O=C(c1cn[nH]c1)C1CCN(C(=O)CCCc2nc3ccccc3c(=O)[nH]2)CC1,0.0
CC(C)n1cc(C(=O)C2CCN(C(=O)C[C@H](C)Cc3nc4ccccc4c(=O)[nH]3)CC2)cn1,5.5,1,0.0,5.5,5.5,2020,2020,1,1,O=C(c1cn[nH]c1)C1CCN(C(=O)CCCc2nc3ccccc3c(=O)[nH]2)CC1,0.0
CC(CC(=O)N1CCN(c2ccc(C#N)cn2)CC1)c1nc2ccccc2c(=O)[nH]1,7.38,1,0.0,7.38,7.38,2021,2021,1,1,O=C(CCc1nc2ccccc2c(=O)[nH]1)N1CCN(c2ccccn2)CC1,0.0
CC(N1CC2=NNC(=O)c3cccc4[nH]c(c2c34)C1)C(C)(C)N,5.14,1,0.0,5.14,5.14,2019,2019,1,1,O=C1NN=C2CNCc3[nH]c4cccc1c4c32,0.0
CC(NC(=O)CCc1nc2ccccc2c(=O)[nH]1)c1ccc(-n2ccnc2)cc1,6.35,1,0.0,6.35,6.35,2013,2013,1,1,O=C(CCc1nc2ccccc2c(=O)[nH]1)NCc1ccc(-n2ccnc2)cc1,0.0
CC(NC(=O)CCc1nc2ccccc2c(=O)[nH]1)c1ccc(S(N)(=O)=O)cc1,5.82,1,0.0,5.82,5.82,2013,2013,1,1,O=C(CCc1nc2ccccc2c(=O)[nH]1)NCc1ccccc1,0.0
CC(O)c1cccnc1N1CCP(=O)(c2cc(Cc3n[nH]c(=O)c4ccccc34)ccc2F)CC1,6.26,1,0.0,6.26,6.26,2022,2022,1,1,O=c1[nH]nc(Cc2cccc(P3(=O)CCN(c4ccccn4)CC3)c2)c2ccccc12,0.0
CC(Oc1ccccc1)C(=O)N1CCN(C(=O)c2cc(CCOc3ccccc3C(N)=O)ccc2F)CC1,7.72,1,0.0,7.72,7.72,2008,2008,1,1,O=C(COc1ccccc1)N1CCN(C(=O)c2cccc(CCOc3ccccc3)c2)CC1,0.0
CC(Oc1ccccc1)C(=O)N1CCN(C(=O)c2cc(COc3ccc(F)cc3C(N)=O)ccc2F)CC1,7.85,1,0.0,7.85,7.85,2008,2008,1,1,O=C(COc1ccccc1)N1CCN(C(=O)c2cccc(COc3ccccc3)c2)CC1,0.0
CC(Oc1ccccc1)C(=O)N1CCN(C(=O)c2cc(COc3ccccc3C(N)=O)ccc2F)CC1,7.3,1,0.0,7.3,7.3,2008,2008,1,1,O=C(COc1ccccc1)N1CCN(C(=O)c2cccc(COc3ccccc3)c2)CC1,0.0
CC(Oc1ccccc1)C(=O)N1CCN(C(=O)c2cccc(CCOc3ccccc3C(N)=O)c2)CC1,6.7,1,0.0,6.7,6.7,2008,2008,1,1,O=C(COc1ccccc1)N1CCN(C(=O)c2cccc(CCOc3ccccc3)c2)CC1,0.0
CC(Oc1ccccc1)C(=O)N1CCN(C(=O)c2cccc(COc3ccccc3C(N)=O)c2)CC1,7.44,1,0.0,7.44,7.44,2008,2008,1,1,O=C(COc1ccccc1)N1CCN(C(=O)c2cccc(COc3ccccc3)c2)CC1,0.0
CC(Oc1ccccc1)C(=O)N1CCN(C(=O)c2cccc(Cc3n[nH]c(=O)c4ccccc34)c2)CC1,8.3,1,0.0,8.3,8.3,2008,2008,1,1,O=C(COc1ccccc1)N1CCN(C(=O)c2cccc(Cc3n[nH]c(=O)c4ccccc34)c2)CC1,0.0
CC(c1ccc2c3c(c(=O)[nH]c2c1)CCCN3)N(C)C,7.3,1,0.0,7.3,7.3,2014,2014,1,1,O=c1[nH]c2ccccc2c2c1CCCN2,0.0
CC(c1ncc(F)cn1)N1CCN(c2nc3c(c(=O)[nH]2)CCCN3C)CC1,5.12,1,0.0,5.12,5.12,2017,2017,1,1,O=c1[nH]c(N2CCN(Cc3ncccn3)CC2)nc2c1CCCN2,0.0
CC(c1ncccn1)N1CCN(c2nc3c(c(=O)[nH]2)CCCN3C)CC1,5.26,3,0.09643650760992964,5.23,5.41,2017,2017,1,1,O=c1[nH]c(N2CCN(Cc3ncccn3)CC2)nc2c1CCCN2,0.17999999999999972
CC1(C(=O)N2CCC3=C(C2)Nc2cccc4c(=O)[nH]nc3c24)CC1,8.14,1,0.0,8.14,8.14,2016,2016,1,1,O=C(C1CC1)N1CCC2=C(C1)Nc1cccc3c(=O)[nH]nc2c13,0.0
CC1(C)C(C(=O)N2CCC3=C(C2)Nc2cccc4c(=O)[nH]nc3c24)C1(C)C,8.1,1,0.0,8.1,8.1,2016,2016,1,1,O=C(C1CC1)N1CCC2=C(C1)Nc1cccc3c(=O)[nH]nc2c13,0.0
CC1(C)CC(=O)N(c2cc(Cc3nnc(O)c4ccccc34)ccc2F)C1=O,8.01,1,0.0,8.01,8.01,2005,2005,1,1,O=C1CCC(=O)N1c1cccc(Cc2nncc3ccccc23)c1,0.0
CC1(C)CC2=NN(CCO)C(=O)c3cccc4c3c2c(n4CCO)C1,5.72,1,0.0,5.72,5.72,2016,2016,1,1,O=C1NN=C2CCCc3[nH]c4cccc1c4c32,0.0
CC1(C)CC2=NNC(=O)c3c(F)ccc4[nH]c(c2c34)C1,8.04,1,0.0,8.04,8.04,2016,2016,1,1,O=C1NN=C2CCCc3[nH]c4cccc1c4c32,0.0
CC1(C)CC2=NNC(=O)c3cc(F)cc4[nH]c(c2c34)C1,8.28,1,0.0,8.28,8.28,2016,2016,1,1,O=C1NN=C2CCCc3[nH]c4cccc1c4c32,0.0
CC1(C)CC2=NNC(=O)c3cc(F)cc4[nH]c(c2c34)C1=O,7.94,1,0.0,7.94,7.94,2016,2016,1,1,O=C1CCC2=NNC(=O)c3cccc4[nH]c1c2c34,0.0
CC1(C)CC2=NNC(=O)c3cc(F)cc4c3c2c(n4CCO)C1,4.64,1,0.0,4.64,4.64,2017,2017,1,1,O=C1NN=C2CCCc3[nH]c4cccc1c4c32,0.0
CC1(C)CC2=NNC(=O)c3cccc4[nH]c(c2c34)C1,8.2,1,0.0,8.2,8.2,2016,2016,1,1,O=C1NN=C2CCCc3[nH]c4cccc1c4c32,0.0
CC1(C)CC2=NNC(=O)c3cccc4c3c2c(n4CCN2CCCCC2)C1,8.54,1,0.0,8.54,8.54,2016,2016,1,1,O=C1NN=C2CCCc3c2c2c1cccc2n3CCN1CCCCC1,0.0
CC1(C)CC2=NNC(=O)c3cccc4c3c2c(n4CCN2CCOCC2)C1,6.72,1,0.0,6.72,6.72,2016,2016,1,1,O=C1NN=C2CCCc3c2c2c1cccc2n3CCN1CCOCC1,0.0
CC1(C)CC2=NNC(=O)c3cccc4c3c2c(n4CCO)C1,7.64,1,0.0,7.64,7.64,2016,2016,1,1,O=C1NN=C2CCCc3[nH]c4cccc1c4c32,0.0
CC1(C)CCC2=C(C1)c1n[nH]c(=O)c3cccc(c13)N2,8.2,1,0.0,8.2,8.2,2016,2016,1,1,O=c1[nH]nc2c3c(cccc13)NC1=C2CCCC1,0.0
CC1(C)CCc2[nH]c3cc(F)cc4c3c2C1=NNC4=O,8.28,2,0.0,8.28,8.28,2016,2016,1,1,O=C1NN=C2CCCc3[nH]c4cccc1c4c32,0.0
CC1(C)CCc2[nH]c3cccc4c3c2C1=NNC4=O,7.73,1,0.0,7.73,7.73,2016,2016,1,1,O=C1NN=C2CCCc3[nH]c4cccc1c4c32,0.0
CC1(NC(=O)c2ccc(N3CCN(C(=O)CCc4nc(=O)c5ccccc5[nH]4)CC3)c(Cl)c2)CC1,7.54,1,0.0,7.54,7.54,2021,2021,1,1,O=C(NC1CC1)c1ccc(N2CCN(C(=O)CCc3nc(=O)c4ccccc4[nH]3)CC2)cc1,0.0
CC1(NC(=O)c2ccc(N3CCN(C(=O)CCc4nc(=O)c5ccccc5[nH]4)CC3)c(Cl)c2)COC1,7.52,1,0.0,7.52,7.52,2021,2021,1,1,O=C(NC1COC1)c1ccc(N2CCN(C(=O)CCc3nc(=O)c4ccccc4[nH]3)CC2)cc1,0.0
CC1=C(NN)SC(NNS(=O)(=O)c2ccc3[nH]c(=O)c(=O)[nH]c3c2)N1C(=O)c1ccccc1,8.64,1,0.0,8.64,8.64,2023,2023,1,1,O=C(c1ccccc1)N1C=CSC1NNS(=O)(=O)c1ccc2[nH]c(=O)c(=O)[nH]c2c1,0.0
CC1=CSC(NNS(=O)(=O)c2ccc3[nH]c(=O)c(=O)[nH]c3c2)N1C(=O)c1ccccc1,8.2,1,0.0,8.2,8.2,2023,2023,1,1,O=C(c1ccccc1)N1C=CSC1NNS(=O)(=O)c1ccc2[nH]c(=O)c(=O)[nH]c2c1,0.0
CC1=NC2CCSCC2C(=O)N1,6.33,1,0.0,6.33,6.33,2005,2005,1,1,O=C1NC=NC2CCSCC12,0.0
CC1C2=C3C(=NNC(=O)c4cccc1c43)CCC2,4.8,1,0.0,4.8,4.8,2019,2019,1,1,O=C1NN=C2CCCC3=C2c2c(cccc21)C3,0.0
CC1CC(=O)N(c2cc(Cc3n[nH]c(=O)c4ccccc34)ccc2F)C1=O,8.42,1,0.0,8.42,8.42,2005,2005,1,1,O=C1CCC(=O)N1c1cccc(Cc2n[nH]c(=O)c3ccccc23)c1,0.0
CC1CC2=NNC(=O)c3cc(F)cc4[nH]c(c2c34)C1,8.22,1,0.0,8.22,8.22,2016,2016,1,1,O=C1NN=C2CCCc3[nH]c4cccc1c4c32,0.0
CC1CC2=NNC(=O)c3cccc4[nH]c(c2c34)C1,8.12,1,0.0,8.12,8.12,2016,2016,1,1,O=C1NN=C2CCCc3[nH]c4cccc1c4c32,0.0
CC1CCC2N=C(CCCN3CC=C(c4ccccc4)CC3)NC(=O)C2C1,6.56,1,0.0,6.56,6.56,2005,2005,1,1,O=C1NC(CCCN2CC=C(c3ccccc3)CC2)=NC2CCCCC12,0.0
CC1CCN(C(=O)C2CCN(C(=O)c3cccc(Cc4nnc(O)c5ccccc45)c3)CC2)CC1,8.1,1,0.0,8.1,8.1,2006,2006,1,1,O=C(c1cccc(Cc2nncc3ccccc23)c1)N1CCC(C(=O)N2CCCCC2)CC1,0.0
CC1CCc2nc(CCCN3CC=C(c4ccccc4)CC3)[nH]c(=O)c2C1,6.56,1,0.0,6.56,6.56,2009,2009,1,1,O=c1[nH]c(CCCN2CC=C(c3ccccc3)CC2)nc2c1CCCC2,0.0
CC1CN(C(=O)c2cc(COc3ccccc3C(N)=O)ccc2F)Cc2nnc(-c3ccccn3)n21,6.64,1,0.0,6.64,6.64,2023,2023,1,1,O=C(c1cccc(COc2ccccc2)c1)N1CCn2c(nnc2-c2ccccn2)C1,0.0
CC1CN(C(=O)c2cc(Cc3ccc(=O)[nH]n3)ccc2F)Cc2nnc(-c3ccccn3)n21,6.02,1,0.0,6.02,6.02,2023,2023,1,1,O=C(c1cccc(Cc2ccc(=O)[nH]n2)c1)N1CCn2c(nnc2-c2ccccn2)C1,0.0
CC1CN(C(=O)c2cc(Cc3n[nH]c(=O)c4ccccc34)ccc2F)Cc2nnc(-c3c[nH]cn3)n21,7.88,1,0.0,7.88,7.88,2023,2023,1,1,O=C(c1cccc(Cc2n[nH]c(=O)c3ccccc23)c1)N1CCn2c(nnc2-c2c[nH]cn2)C1,0.0
CC1CN(C(=O)c2cc(Cc3n[nH]c(=O)c4ccccc34)ccc2F)Cc2nnc(-c3ccccn3)n21,8.7,1,0.0,8.7,8.7,2023,2023,1,1,O=C(c1cccc(Cc2n[nH]c(=O)c3ccccc23)c1)N1CCn2c(nnc2-c2ccccn2)C1,0.0
CC1CN(C(=O)c2cc(Cc3n[nH]c(=O)c4ccccc34)ccc2F)Cc2nnc(-c3ccco3)n21,8.77,1,0.0,8.77,8.77,2023,2023,1,1,O=C(c1cccc(Cc2n[nH]c(=O)c3ccccc23)c1)N1CCn2c(nnc2-c2ccco2)C1,0.0
CC1CN(C(=O)c2cc(Cc3n[nH]c(=O)c4ccccc34)ccc2F)Cc2nnc(-c3cccs3)n21,9.15,1,0.0,9.15,9.15,2023,2023,1,1,O=C(c1cccc(Cc2n[nH]c(=O)c3ccccc23)c1)N1CCn2c(nnc2-c2cccs2)C1,0.0
CC1CN(C(=O)c2cc(Cc3n[nH]c(=O)c4ccccc34)ccc2F)Cc2nnc(-c3ccsc3)n21,8.7,1,0.0,8.7,8.7,2023,2023,1,1,O=C(c1cccc(Cc2n[nH]c(=O)c3ccccc23)c1)N1CCn2c(nnc2-c2ccsc2)C1,0.0
CC1CN(C(=O)c2cc(Cc3n[nH]c(=O)c4ccccc34)ccc2F)Cc2nnc(-c3cnccn3)n21,8.4,1,0.0,8.4,8.4,2023,2023,1,1,O=C(c1cccc(Cc2n[nH]c(=O)c3ccccc23)c1)N1CCn2c(nnc2-c2cnccn2)C1,0.0
CC1CN(C(=O)c2cc(Cc3n[nH]c(=O)c4ccccc34)ccc2F)Cc2nnc(-c3cncs3)n21,8.24,1,0.0,8.24,8.24,2023,2023,1,1,O=C(c1cccc(Cc2n[nH]c(=O)c3ccccc23)c1)N1CCn2c(nnc2-c2cncs2)C1,0.0
CC1CN(C(=O)c2cc(Cc3n[nH]c(=O)c4ccccc34)ccc2F)Cc2nnc(-c3cnn(C)c3)n21,8.55,1,0.0,8.55,8.55,2023,2023,1,1,O=C(c1cccc(Cc2n[nH]c(=O)c3ccccc23)c1)N1CCn2c(nnc2-c2cn[nH]c2)C1,0.0
CC1CN(C(=O)c2cc(Cc3n[nH]c(=O)c4ccccc34)ccc2F)Cc2nnc(-c3ncc[nH]3)n21,8.49,1,0.0,8.49,8.49,2023,2023,1,1,O=C(c1cccc(Cc2n[nH]c(=O)c3ccccc23)c1)N1CCn2c(nnc2-c2ncc[nH]2)C1,0.0
CC1CN(C(=O)c2cc(Cc3n[nH]c(=O)c4ccccc34)ccc2F)Cc2nnc(-c3nccn3C)n21,8.11,1,0.0,8.11,8.11,2023,2023,1,1,O=C(c1cccc(Cc2n[nH]c(=O)c3ccccc23)c1)N1CCn2c(nnc2-c2ncc[nH]2)C1,0.0
CC1CN(C(=O)c2cc(Cc3n[nH]c(=O)c4ccccc34)ccc2F)Cc2nnc(C(F)(F)C(F)(F)F)n21,8.39,1,0.0,8.39,8.39,2023,2023,1,1,O=C(c1cccc(Cc2n[nH]c(=O)c3ccccc23)c1)N1CCn2cnnc2C1,0.0
CC1CN(C(=O)c2cc(Cc3n[nH]c(=O)c4ccccc34)ccc2F)Cc2nnc(C(F)(F)Cl)n21,8.47,1,0.0,8.47,8.47,2023,2023,1,1,O=C(c1cccc(Cc2n[nH]c(=O)c3ccccc23)c1)N1CCn2cnnc2C1,0.0
CC1CN(C(=O)c2cc(Cc3n[nH]c(=O)c4ccccc34)ccc2F)Cc2nnc(C(F)F)n21,7.99,2,0.537401153701775,7.61,8.37,2016,2023,2,2,O=C(c1cccc(Cc2n[nH]c(=O)c3ccccc23)c1)N1CCn2cnnc2C1,0.7599999999999989
CC1CN(C(=O)c2cc(Cc3n[nH]c(=O)c4ccccc34)ccc2F)Cc2nnc(C(O)CO)n21,7.68,1,0.0,7.68,7.68,2023,2023,1,1,O=C(c1cccc(Cc2n[nH]c(=O)c3ccccc23)c1)N1CCn2cnnc2C1,0.0
CC1CN(C(=O)c2cc(Cc3n[nH]c(=O)c4ccccc34)ccc2F)Cc2nnc(C3CC3)n21,8.49,1,0.0,8.49,8.49,2023,2023,1,1,O=C(c1cccc(Cc2n[nH]c(=O)c3ccccc23)c1)N1CCn2c(nnc2C2CC2)C1,0.0
CC1CN(C(=O)c2cc(Cc3n[nH]c(=O)c4ccccc34)ccc2F)Cc2nnc(C3COC(C)(C)O3)n21,7.6,1,0.0,7.6,7.6,2023,2023,1,1,O=C(c1cccc(Cc2n[nH]c(=O)c3ccccc23)c1)N1CCn2c(nnc2C2COCO2)C1,0.0
CC1CN(C(=O)c2cc(Cc3n[nH]c(=O)c4ccccc34)ccc2F)Cc2nnc(CF)n21,8.035,2,0.16263455967290624,7.92,8.15,2016,2023,2,2,O=C(c1cccc(Cc2n[nH]c(=O)c3ccccc23)c1)N1CCn2cnnc2C1,0.23000000000000043
CC1CN(C(=O)c2cc(Cc3n[nH]c(=O)c4ccccc34)ccc2F)Cc2nnc(CN(C)C)n21,7.75,1,0.0,7.75,7.75,2023,2023,1,1,O=C(c1cccc(Cc2n[nH]c(=O)c3ccccc23)c1)N1CCn2cnnc2C1,0.0
CC1CN(C(=O)c2cc(Cc3n[nH]c(=O)c4ccccc34)ccc2F)Cc2nnc(CO)n21,8.04,1,0.0,8.04,8.04,2023,2023,1,1,O=C(c1cccc(Cc2n[nH]c(=O)c3ccccc23)c1)N1CCn2cnnc2C1,0.0
CC1CN(C(=O)c2cc(Cc3n[nH]c(=O)c4ccccc34)ccc2F)Cc2nncn21,8.03,1,0.0,8.03,8.03,2023,2023,1,1,O=C(c1cccc(Cc2n[nH]c(=O)c3ccccc23)c1)N1CCn2cnnc2C1,0.0
CC1CN(C(=O)c2cc(Cn3c(=O)[nH]c(=O)c4ccccc43)ccc2F)Cc2nnc(-c3ccccn3)n21,8.34,1,0.0,8.34,8.34,2023,2023,1,1,O=C(c1cccc(Cn2c(=O)[nH]c(=O)c3ccccc32)c1)N1CCn2c(nnc2-c2ccccn2)C1,0.0
CC1CN(c2ccc(C#N)c(F)c2)CCN1Cc1ccc2c3c(c(=O)[nH]c2c1)CCCN3,8.04,1,0.0,8.04,8.04,2019,2019,1,1,O=c1[nH]c2cc(CN3CCN(c4ccccc4)CC3)ccc2c2c1CCCN2,0.0
CC1CN(c2ccc(C#N)cc2F)CCN1Cc1ccc2c3c(c(=O)[nH]c2c1)CCCN3,7.61,1,0.0,7.61,7.61,2019,2019,1,1,O=c1[nH]c2cc(CN3CCN(c4ccccc4)CC3)ccc2c2c1CCCN2,0.0
CC1Cc2c(N)ccc(C(N)=O)c2O1,5.33,3,0.18147543451754955,5.27,5.61,2014,2014,1,1,c1ccc2c(c1)CCO2,0.34000000000000075
CC1Cc2cc(-c3nc4c(C(N)=O)cc(F)cc4[nH]3)sc2CN1,7.8,1,0.0,7.8,7.8,2018,2018,1,1,c1ccc2[nH]c(-c3cc4c(s3)CNCC4)nc2c1,0.0
CC1Cc2cc(F)cc(C(N)=O)c2O1,5.61,1,0.0,5.61,5.61,2014,2014,1,1,c1ccc2c(c1)CCO2,0.0
CC1Cc2cccc(C(N)=O)c2O1,4.98,1,0.0,4.98,4.98,2014,2014,1,1,c1ccc2c(c1)CCO2,0.0
CC1NCCc2cc(-c3nc4c(C(N)=O)cc(F)cc4[nH]3)sc21,7.4,1,0.0,7.4,7.4,2018,2018,1,1,c1ccc2[nH]c(-c3cc4c(s3)CNCC4)nc2c1,0.0
CC1c2cc(F)ccc2CCN1C(=O)c1cc(Cc2n[nH]c(=O)c3ccccc23)ccc1F,7.15,1,0.0,7.15,7.15,2023,2023,1,1,O=C(c1cccc(Cc2n[nH]c(=O)c3ccccc23)c1)N1CCc2ccccc2C1,0.0
CC1c2ccccc2CCN1C(=O)c1cc(Cc2n[nH]c(=O)c3ccccc23)ccc1F,7.37,1,0.0,7.37,7.37,2023,2023,1,1,O=C(c1cccc(Cc2n[nH]c(=O)c3ccccc23)c1)N1CCc2ccccc2C1,0.0
CC1c2nnc(C(F)(F)F)n2C(C)CN1C(=O)c1cc(Cc2n[nH]c(=O)c3ccccc23)ccc1F,7.01,1,0.0,7.01,7.01,2016,2016,1,1,O=C(c1cccc(Cc2n[nH]c(=O)c3ccccc23)c1)N1CCn2cnnc2C1,0.0
CC1c2nnc(C(F)(F)F)n2CCN1C(=O)c1cc(Cc2n[nH]c(=O)c3ccccc23)ccc1F,7.45,1,0.0,7.45,7.45,2016,2016,1,1,O=C(c1cccc(Cc2n[nH]c(=O)c3ccccc23)c1)N1CCn2cnnc2C1,0.0
CCC(=O)N1CCN(C(=O)c2cc(Cc3c[nH]c(=O)c4cc(Cl)c(Cl)n34)ccc2F)CC1,8.49,1,0.0,8.49,8.49,2010,2010,1,1,O=C(c1cccc(Cc2c[nH]c(=O)c3cccn23)c1)N1CCNCC1,0.0
CCC(=O)N1CCN(C(=O)c2cc(Cc3n[nH]c(=O)c4ccccc34)ccc2F)CC1,8.3,1,0.0,8.3,8.3,2008,2008,1,1,O=C(c1cccc(Cc2n[nH]c(=O)c3ccccc23)c1)N1CCNCC1,0.0
CCC(=O)N1CCN(C(=O)c2cc(Cn3c(=O)[nH]c(=O)c4ccccc43)ccc2F)C[C@@H]1CC,8.04,1,0.0,8.04,8.04,2021,2021,1,1,O=C(c1cccc(Cn2c(=O)[nH]c(=O)c3ccccc32)c1)N1CCNCC1,0.0
CCC(=O)N1CCN(C(=O)c2cc(Cn3c(=O)[nH]c(=O)c4ccccc43)ccc2F)C[C@H]1CC,9.08,1,0.0,9.08,9.08,2021,2021,1,1,O=C(c1cccc(Cn2c(=O)[nH]c(=O)c3ccccc32)c1)N1CCNCC1,0.0
CCC(=O)N1CCN(C(=O)c2cc(Oc3n[nH]c(=O)c4ccccc34)ccc2F)CC1,7.52,1,0.0,7.52,7.52,2015,2015,1,1,O=C(c1cccc(Oc2n[nH]c(=O)c3ccccc23)c1)N1CCNCC1,0.0
CCC(=O)N1CCN(C(=O)c2csc(Cc3n[nH]c(=O)c4ccccc34)c2)CC1,7.1,1,0.0,7.1,7.1,2014,2014,1,1,O=C(c1csc(Cc2n[nH]c(=O)c3ccccc23)c1)N1CCNCC1,0.0
CCC(=O)Nc1ccc(-c2ccc(-c3nc4c(C(N)=O)cc(F)cc4[nH]3)cc2)cc1,5.76,1,0.0,5.76,5.76,2015,2015,1,1,c1ccc(-c2ccc(-c3nc4ccccc4[nH]3)cc2)cc1,0.0
CCC(=O)Nc1ccc(N2CCN(Cc3ccc4c5c(c(=O)[nH]c4c3)CCCN5)CC2)c(F)c1,8.32,1,0.0,8.32,8.32,2019,2019,1,1,O=c1[nH]c2cc(CN3CCN(c4ccccc4)CC3)ccc2c2c1CCCN2,0.0
CCC(=O)Nc1cccc(Cc2n[nH]c(=O)c3ccccc23)c1,7.7,1,0.0,7.7,7.7,2005,2005,1,1,O=c1[nH]nc(Cc2ccccc2)c2ccccc12,0.0
CCC(C)CN(C)C(=O)C1CCN(C(=O)c2cccc(Cc3nnc(O)c4ccccc34)c2)CC1,8.05,1,0.0,8.05,8.05,2006,2006,1,1,O=C(c1cccc(Cc2nncc3ccccc23)c1)N1CCCCC1,0.0
CCC(CC)C(=O)N1CCN(C(=O)c2cc(Oc3n[nH]c(=O)c4ccccc34)ccc2F)CC1,8.1,1,0.0,8.1,8.1,2015,2015,1,1,O=C(c1cccc(Oc2n[nH]c(=O)c3ccccc23)c1)N1CCNCC1,0.0
CCC(c1ncccn1)N1CCN(c2nc3c(c(=O)[nH]2)CCCN3C)CC1,4.87,3,0.4150903516103452,4.47,5.3,2017,2017,1,1,O=c1[nH]c(N2CCN(Cc3ncccn3)CC2)nc2c1CCCN2,0.8300000000000001
CCC1(C(=O)N2CCN(C(=O)c3cc(Cc4n[nH]c(=O)c(C)c4C)ccc3F)CC2)CCCN1,8.42,1,0.0,8.42,8.42,2010,2010,1,1,O=C(c1cccc(Cc2ccc(=O)[nH]n2)c1)N1CCN(C(=O)C2CCCN2)CC1,0.0
CCC1NCCc2cc(-c3nc4c(C(N)=O)cc(F)cc4[nH]3)sc21,7.6,1,0.0,7.6,7.6,2018,2018,1,1,c1ccc2[nH]c(-c3cc4c(s3)CNCC4)nc2c1,0.0
CCCC(=O)Nc1cccc(Cc2n[nH]c(=O)c3ccccc23)c1,7.05,1,0.0,7.05,7.05,2005,2005,1,1,O=c1[nH]nc(Cc2ccccc2)c2ccccc12,0.0
CCCC(C)N1CCN(C(=O)c2ccc3[nH]c(=O)c4c(c3c2)CCSC4)CC1,7.4,1,0.0,7.4,7.4,2012,2012,1,1,O=C(c1ccc2[nH]c(=O)c3c(c2c1)CCSC3)N1CCNCC1,0.0
CCCC1CC2=NNC(=O)c3cccc4[nH]c(c2c34)C1,5.2,1,0.0,5.2,5.2,2019,2019,1,1,O=C1NN=C2CCCc3[nH]c4cccc1c4c32,0.0
CCCC1NCCc2cc(-c3nc4c(C(N)=O)cc(F)cc4[nH]3)sc21,7.07,1,0.0,7.07,7.07,2018,2018,1,1,c1ccc2[nH]c(-c3cc4c(s3)CNCC4)nc2c1,0.0
CCCCC1NCCc2cc(-c3nc4c(C(N)=O)cc(F)cc4[nH]3)sc21,6.89,1,0.0,6.89,6.89,2018,2018,1,1,c1ccc2[nH]c(-c3cc4c(s3)CNCC4)nc2c1,0.0
CCCCCCN1CCN(C(=O)c2ccc3[nH]c(=O)c4c(c3c2)CCSC4)CC1,7.03,1,0.0,7.03,7.03,2012,2012,1,1,O=C(c1ccc2[nH]c(=O)c3c(c2c1)CCSC3)N1CCNCC1,0.0
CCCCCN1CCC(Oc2ccc3[nH]c(=O)c4c(c3c2)CCSC4)CC1,7.35,1,0.0,7.35,7.35,2010,2010,1,1,O=c1[nH]c2ccc(OC3CCNCC3)cc2c2c1CSCC2,0.0
CCCCCN1CCN(C(=O)c2ccc3[nH]c(=O)c4c(c3c2)CCSC4)CC1,7.1,1,0.0,7.1,7.1,2012,2012,1,1,O=C(c1ccc2[nH]c(=O)c3c(c2c1)CCSC3)N1CCNCC1,0.0
CCCCCc1cc2c(N)cccc2c(=O)[nH]1,6.5,1,0.0,6.5,6.5,2013,2013,1,1,O=c1[nH]ccc2ccccc12,0.0
CCCCN1CC2=NNC(=O)c3cc(F)cc4[nH]c(c2c34)C1,8.42,1,0.0,8.42,8.42,2016,2016,1,1,O=C1NN=C2CNCc3[nH]c4cccc1c4c32,0.0
CCCCN1CCC(c2nc3cncc4c3n2CCNC4=O)CC1,7.68,1,0.0,7.68,7.68,2016,2016,1,1,O=C1NCCn2c(C3CCNCC3)nc3cncc1c32,0.0
CCCCN1CCN(C(=O)c2cc(Cc3c[nH]c(=O)c4cc(Cl)c(Cl)n34)ccc2F)CC1,7.89,1,0.0,7.89,7.89,2010,2010,1,1,O=C(c1cccc(Cc2c[nH]c(=O)c3cccn23)c1)N1CCNCC1,0.0
CCCCN1CCN(C(=O)c2cc(Cc3n[nH]c(=O)c4ccccc34)cc(F)c2F)CC1,8.68,1,0.0,8.68,8.68,2017,2017,1,1,O=C(c1cccc(Cc2n[nH]c(=O)c3ccccc23)c1)N1CCNCC1,0.0
CCCCN1CCN(C(=O)c2cc(Cc3n[nH]c(=O)c4ccccc34)ccc2F)CC1,8.3,1,0.0,8.3,8.3,2008,2008,1,1,O=C(c1cccc(Cc2n[nH]c(=O)c3ccccc23)c1)N1CCNCC1,0.0
CCCCN1CCN(C(=O)c2ccc3[nH]c(=O)c4c(c3c2)CCSC4)CC1,7.38,1,0.0,7.38,7.38,2012,2012,1,1,O=C(c1ccc2[nH]c(=O)c3c(c2c1)CCSC3)N1CCNCC1,0.0
CCCCNCc1ccc(-c2[nH]c3cc(F)cc4c3c2C(=O)NNC4=O)cc1,8.62,1,0.0,8.62,8.62,2015,2015,1,1,O=C1NNC(=O)c2c(-c3ccccc3)[nH]c3cccc1c23,0.0
CCCCNCc1ccc(-c2[nH]c3cccc4c3c2C(=O)NNC4=O)cc1,6.6,1,0.0,6.6,6.6,2015,2015,1,1,O=C1NNC(=O)c2c(-c3ccccc3)[nH]c3cccc1c23,0.0
CCCCNCc1ccc(-c2cc3c4c(c[nH]c4c2)C(=O)NNC3=O)cc1,7.45,1,0.0,7.45,7.45,2015,2015,1,1,O=C1NNC(=O)c2cc(-c3ccccc3)cc3[nH]cc1c23,0.0
CCCCc1ccc2nc3ccccc3c(Nc3ccc(-c4nc5c(C(N)=O)cccc5[nH]4)cc3)c2c1,6.89,1,0.0,6.89,6.89,2017,2017,1,1,c1ccc2[nH]c(-c3ccc(Nc4c5ccccc5nc5ccccc45)cc3)nc2c1,0.0
CCCCc1ccc2nc3ccccc3c(Nc3cccc(-c4nc5c(C(N)=O)cccc5[nH]4)c3)c2c1,6.5,1,0.0,6.5,6.5,2017,2017,1,1,c1cc(Nc2c3ccccc3nc3ccccc23)cc(-c2nc3ccccc3[nH]2)c1,0.0
CCCCc1nc2ccccc2c(=O)[nH]1,5.05,1,0.0,5.05,5.05,2013,2013,1,1,O=c1[nH]cnc2ccccc12,0.0
CCCN(C)Cc1ccc2c3c(c(=O)[nH]c2c1)CCCN3,6.75,1,0.0,6.75,6.75,2014,2014,1,1,O=c1[nH]c2ccccc2c2c1CCCN2,0.0
CCCN1CC2=NNC(=O)c3cc(F)cc4[nH]c(c2c34)C1,8.35,1,0.0,8.35,8.35,2016,2016,1,1,O=C1NN=C2CNCc3[nH]c4cccc1c4c32,0.0
CCCN1CC2=NNC(=O)c3cccc4[nH]c(c2c34)C1,8.08,1,0.0,8.08,8.08,2016,2016,1,1,O=C1NN=C2CNCc3[nH]c4cccc1c4c32,0.0
CCCN1CCC(Oc2ccc3[nH]c(=O)c4c(c3c2)CCSC4)CC1,7.38,1,0.0,7.38,7.38,2010,2010,1,1,O=c1[nH]c2ccc(OC3CCNCC3)cc2c2c1CSCC2,0.0
CCCN1CCC(Oc2ccc3[nH]c(=O)c4c(c3c2)NCCC4)CC1,5.99,1,0.0,5.99,5.99,2014,2014,1,1,O=c1[nH]c2ccc(OC3CCNCC3)cc2c2c1CCCN2,0.0
CCCN1CCC(c2nc3c(C(N)=O)c(F)ccc3[nH]2)CC1,7.53,1,0.0,7.53,7.53,2016,2016,1,1,c1ccc2[nH]c(C3CCNCC3)nc2c1,0.0
CCCN1CCC(c2nc3c(C(N)=O)cncc3[nH]2)CC1,6.28,1,0.0,6.28,6.28,2013,2013,1,1,c1cc2nc(C3CCNCC3)[nH]c2cn1,0.0
CCCN1CCC(c2nc3cncc4c3n2CCNC4=O)CC1,7.72,1,0.0,7.72,7.72,2016,2016,1,1,O=C1NCCn2c(C3CCNCC3)nc3cncc1c32,0.0
CCCN1CCCC(Oc2ccc3[nH]c(=O)c4c(c3c2)CCSC4)C1,7.25,1,0.0,7.25,7.25,2010,2010,1,1,O=c1[nH]c2ccc(OC3CCCNC3)cc2c2c1CSCC2,0.0
CCCN1CCCC(c2nc3c(C(N)=O)cncc3[nH]2)C1,6.03,1,0.0,6.03,6.03,2013,2013,1,1,c1cc2nc(C3CCCNC3)[nH]c2cn1,0.0
CCCN1CCCN(C(=O)c2cc(Cc3nnc(O)c4ccccc34)ccc2F)CC1,8.3,1,0.0,8.3,8.3,2006,2006,1,1,O=C(c1cccc(Cc2nncc3ccccc23)c1)N1CCCNCC1,0.0
CCCN1CCCN(C(=O)c2cccc(Cc3nnc(O)c4ccccc34)c2)CC1,8.0,1,0.0,8.0,8.0,2006,2006,1,1,O=C(c1cccc(Cc2nncc3ccccc23)c1)N1CCCNCC1,0.0
CCCN1CCN(C(=O)c2cc(Cc3n[nH]c(=O)c4ccccc34)ccc2F)CC1,8.22,1,0.0,8.22,8.22,2008,2008,1,1,O=C(c1cccc(Cc2n[nH]c(=O)c3ccccc23)c1)N1CCNCC1,0.0
CCCN1CCN(C(=O)c2cc(Cn3c(=O)[nH]c(=O)c4ccccc43)ccc2F)C[C@@H]1C,8.09,1,0.0,8.09,8.09,2021,2021,1,1,O=C(c1cccc(Cn2c(=O)[nH]c(=O)c3ccccc32)c1)N1CCNCC1,0.0
CCCN1CCN(C(=O)c2cc(Cn3c(=O)[nH]c(=O)c4ccccc43)ccc2F)C[C@@H]1CC,7.56,1,0.0,7.56,7.56,2021,2021,1,1,O=C(c1cccc(Cn2c(=O)[nH]c(=O)c3ccccc32)c1)N1CCNCC1,0.0
CCCN1CCN(C(=O)c2cc(Cn3c(=O)[nH]c(=O)c4ccccc43)ccc2F)C[C@H]1C,7.73,1,0.0,7.73,7.73,2021,2021,1,1,O=C(c1cccc(Cn2c(=O)[nH]c(=O)c3ccccc32)c1)N1CCNCC1,0.0
CCCN1CCN(C(=O)c2cc(Cn3c(=O)[nH]c(=O)c4ccccc43)ccc2F)C[C@H]1CC,7.85,1,0.0,7.85,7.85,2021,2021,1,1,O=C(c1cccc(Cn2c(=O)[nH]c(=O)c3ccccc32)c1)N1CCNCC1,0.0
CCCN1CCN(C(=O)c2ccc3[nH]c(=O)c4c(c3c2)CCSC4)CC1,7.35,1,0.0,7.35,7.35,2012,2012,1,1,O=C(c1ccc2[nH]c(=O)c3c(c2c1)CCSC3)N1CCNCC1,0.0
CCCNC(=O)Nc1ccc2c(c1)Cc1c-2nc(O)c2ccccc12,7.0,1,0.0,7.0,7.0,2005,2005,1,1,c1ccc2c(c1)Cc1c-2ncc2ccccc12,0.0
CCCNC(=O)Nc1cccc(Cc2nnc(O)c3ccccc23)c1,6.27,1,0.0,6.27,6.27,2005,2005,1,1,c1ccc(Cc2nncc3ccccc23)cc1,0.0
CCCNCc1ccc(-c2[nH]c3cc(F)cc4c3c2C(=O)NNC4=O)cc1,8.46,1,0.0,8.46,8.46,2015,2015,1,1,O=C1NNC(=O)c2c(-c3ccccc3)[nH]c3cccc1c23,0.0
CCCNCc1ccc(-c2cc3c4c(c[nH]c4c2)C(=O)NNC3=O)cc1,6.86,1,0.0,6.86,6.86,2015,2015,1,1,O=C1NNC(=O)c2cc(-c3ccccc3)cc3[nH]cc1c23,0.0
CCCNCc1ccc2c3c(c(=O)[nH]c2c1)CCCN3,6.23,1,0.0,6.23,6.23,2014,2014,1,1,O=c1[nH]c2ccccc2c2c1CCCN2,0.0
CCCOc1cc(CN(C)C)cc2[nH]c(=O)c3c(c12)NCCC3,7.1,1,0.0,7.1,7.1,2014,2014,1,1,O=c1[nH]c2ccccc2c2c1CCCN2,0.0
CCCOc1cc(CN)cc2[nH]c(=O)c3c(c12)NCCC3,6.72,1,0.0,6.72,6.72,2014,2014,1,1,O=c1[nH]c2ccccc2c2c1CCCN2,0.0
CCCOc1cc(CN2CCOCC2)cc2[nH]c(=O)c3c(c12)NCCC3,6.02,1,0.0,6.02,6.02,2014,2014,1,1,O=c1[nH]c2cc(CN3CCOCC3)ccc2c2c1CCCN2,0.0
CCCOc1ccc(C(=O)C2CCN(CC(=O)NCc3nc4c(c(=O)[nH]3)COCC4)CC2)cc1,5.32,1,0.0,5.32,5.32,2015,2015,1,1,O=C(CN1CCC(C(=O)c2ccccc2)CC1)NCc1nc2c(c(=O)[nH]1)COCC2,0.0
CCCc1cnc(N2CCP(=O)(c3cc(Cc4n[nH]c(=O)c5ccccc45)ccc3F)CC2)nc1,6.26,1,0.0,6.26,6.26,2022,2022,1,1,O=c1[nH]nc(Cc2cccc(P3(=O)CCN(c4ncccn4)CC3)c2)c2ccccc12,0.0
CCCc1nc2ccc(CN3CCN(c4ccc(C(=O)NC)nc4)CC3)cc2[nH]c1=O,7.51,1,0.0,7.51,7.51,2022,2022,1,1,O=c1cnc2ccc(CN3CCN(c4cccnc4)CC3)cc2[nH]1,0.0
CCCc1nc2ccc(CN3CCN(c4ccc(C(=O)NC)nc4Cl)CC3)cc2[nH]c1=O,7.82,1,0.0,7.82,7.82,2022,2022,1,1,O=c1cnc2ccc(CN3CCN(c4cccnc4)CC3)cc2[nH]1,0.0
CCCc1nc2ccc(CN3CCN(c4ccc(C(=O)NC)nc4F)CC3)cc2[nH]c1=O,7.85,1,0.0,7.85,7.85,2022,2022,1,1,O=c1cnc2ccc(CN3CCN(c4cccnc4)CC3)cc2[nH]1,0.0
CCN(C)C(=O)c1ccc(N2CCN(Cc3ccc4c5c(c(=O)[nH]c4c3)CCCN5)CC2)cc1F,7.84,1,0.0,7.84,7.84,2019,2019,1,1,O=c1[nH]c2cc(CN3CCN(c4ccccc4)CC3)ccc2c2c1CCCN2,0.0
CCN(C)Cc1cc(OC)c2c3c(c(=O)[nH]c2c1)CCCN3,7.3,1,0.0,7.3,7.3,2014,2014,1,1,O=c1[nH]c2ccccc2c2c1CCCN2,0.0
CCN(C)Cc1ccc2c3c(c(=O)[nH]c2c1)CCCN3,7.16,1,0.0,7.16,7.16,2014,2014,1,1,O=c1[nH]c2ccccc2c2c1CCCN2,0.0
CCN(C)Cc1ccc2c3c(c(=O)[nH]c2c1)CCCN3C,5.52,1,0.0,5.52,5.52,2014,2014,1,1,O=c1[nH]c2ccccc2c2c1CCCN2,0.0
CCN(CC)C(=O)CCC(=O)c1ccc2[nH]c3c4c(c5c(c3c2c1)C(=O)NC5=O)CCC4,7.92,1,0.0,7.92,7.92,2012,2012,1,1,O=C1NC(=O)c2c1c1c(c3[nH]c4ccccc4c23)CCC1,0.0
CCN(CC)C1CCN(C(=O)c2cc(Cc3c[nH]c(=O)c4cc(Cl)c(Cl)n34)ccc2F)CC1,7.66,1,0.0,7.66,7.66,2010,2010,1,1,O=C(c1cccc(Cc2c[nH]c(=O)c3cccn23)c1)N1CCCCC1,0.0
CCN(CC)CC(=O)c1ccc2[nH]c3c4c(c5c(c3c2c1)C(=O)NC5=O)CCC4,7.68,1,0.0,7.68,7.68,2012,2012,1,1,O=C1NC(=O)c2c1c1c(c3[nH]c4ccccc4c23)CCC1,0.0
CCN(CC)CCN(C)Cc1ccc2c(c1)-c1n[nH]c(=O)c3cccc(c13)O2,7.0,1,0.0,7.0,7.0,2013,2013,1,1,O=c1[nH]nc2c3c(cccc13)Oc1ccccc1-2,0.0
CCN(CC)CCN(CC)Cc1ccc2c(c1)-c1n[nH]c(=O)c3cccc(c13)O2,6.3,1,0.0,6.3,6.3,2013,2013,1,1,O=c1[nH]nc2c3c(cccc13)Oc1ccccc1-2,0.0
CCN(CC)CCNc1ccc2nc(O)c3ccccc3c2n1,6.76,1,0.0,6.76,6.76,2003,2003,1,1,c1ccc2c(c1)cnc1cccnc12,0.0
CCN(CC)CCOc1ccc2[nH]c(=O)c3c(c2c1)NCCC3,6.41,1,0.0,6.41,6.41,2014,2014,1,1,O=c1[nH]c2ccccc2c2c1CCCN2,0.0
CCN(CC)CCn1c2c3c4c(cccc41)C(=O)NN=C3CC(C)(C)C2,8.48,1,0.0,8.48,8.48,2016,2016,1,1,O=C1NN=C2CCCc3[nH]c4cccc1c4c32,0.0
CCN(CC)CCn1c2c3c4c(cccc41)C(=O)NN=C3CCC2,7.8,1,0.0,7.8,7.8,2016,2016,1,1,O=C1NN=C2CCCc3[nH]c4cccc1c4c32,0.0
CCN(CC)Cc1cc(OC)c2c3c(c(=O)[nH]c2c1)CCCN3,6.96,1,0.0,6.96,6.96,2014,2014,1,1,O=c1[nH]c2ccccc2c2c1CCCN2,0.0
CCN(CC)Cc1ccc(-c2[nH]c3cc(F)cc4c3c2CCNC4=O)cc1,9.21,1,0.0,9.21,9.21,2022,2022,1,1,O=C1NCCc2c(-c3ccccc3)[nH]c3cccc1c23,0.0
CCN(CC)Cc1ccc(-c2ccc3c(Cl)cc(C(N)=O)n3n2)cc1,6.36,1,0.0,6.36,6.36,2021,2021,1,1,c1ccc(-c2ccc3cccn3n2)cc1,0.0
CCN(CC)Cc1ccc(-c2nnc3n2CCN(C(=O)c2cc(Cc4n[nH]c(=O)c5ccccc45)ccc2F)C3)o1,9.02,1,0.0,9.02,9.02,2023,2023,1,1,O=C(c1cccc(Cc2n[nH]c(=O)c3ccccc23)c1)N1CCn2c(nnc2-c2ccco2)C1,0.0
CCN(CC)Cc1ccc(C(=O)N2CCc3cccc4c3C2CNC4=O)cc1,7.89,1,0.0,7.89,7.89,2010,2010,1,1,O=C1NCC2c3c(cccc31)CCN2C(=O)c1ccccc1,0.0
CCN(CC)Cc1ccc2c3c(c(=O)[nH]c2c1)CCCN3,6.66,1,0.0,6.66,6.66,2014,2014,1,1,O=c1[nH]c2ccccc2c2c1CCCN2,0.0
CCN(CC)Cc1ccc2c3c(c(=O)[nH]c2c1)CCCN3C,5.92,1,0.0,5.92,5.92,2014,2014,1,1,O=c1[nH]c2ccccc2c2c1CCCN2,0.0
CCN(CC)c1ccc(N2CCN(Cc3ccc4c5c(c(=O)[nH]c4c3)CCCN5)CC2)c(F)c1,7.52,1,0.0,7.52,7.52,2019,2019,1,1,O=c1[nH]c2cc(CN3CCN(c4ccccc4)CC3)ccc2c2c1CCCN2,0.0
CCN(CCO)Cc1ccc2c(c1)-c1n[nH]c(=O)c3cccc(c13)O2,7.0,1,0.0,7.0,7.0,2013,2013,1,1,O=c1[nH]nc2c3c(cccc13)Oc1ccccc1-2,0.0
CCN1CC2=NNC(=O)c3cc(F)cc4[nH]c(c2c34)C1,8.32,1,0.0,8.32,8.32,2016,2016,1,1,O=C1NN=C2CNCc3[nH]c4cccc1c4c32,0.0
CCN1CCC(Oc2ccc3[nH]c(=O)c4c(c3c2)CCSC4)C1,7.89,1,0.0,7.89,7.89,2010,2010,1,1,O=c1[nH]c2ccc(OC3CCNC3)cc2c2c1CSCC2,0.0
CCN1CCC(c2nn(C)c3[nH]c(=O)c4ccccc4c23)CC1,7.6,1,0.0,7.6,7.6,2010,2010,1,1,O=c1[nH]c2[nH]nc(C3CCNCC3)c2c2ccccc12,0.0
CCN1CCCC(Oc2ccc3[nH]c(=O)c4c(c3c2)CCSC4)C1,7.6,1,0.0,7.6,7.6,2010,2010,1,1,O=c1[nH]c2ccc(OC3CCCNC3)cc2c2c1CSCC2,0.0
CCN1CCCC12CCN(C(=O)c1cc(Cc3n[nH]c(=O)c(C)c3C)ccc1F)CC2,8.01,1,0.0,8.01,8.01,2010,2010,1,1,O=C(c1cccc(Cc2ccc(=O)[nH]n2)c1)N1CCC2(CCCN2)CC1,0.0
CCN1CCCN(C(=O)c2cc(Cc3nnc(O)c4ccccc34)ccc2F)CC1,8.15,1,0.0,8.15,8.15,2006,2006,1,1,O=C(c1cccc(Cc2nncc3ccccc23)c1)N1CCCNCC1,0.0
CCN1CCCN(C(=O)c2cccc(Cc3nnc(O)c4ccccc34)c2)CC1,7.82,1,0.0,7.82,7.82,2006,2006,1,1,O=C(c1cccc(Cc2nncc3ccccc23)c1)N1CCCNCC1,0.0
CCN1CCN(C(=O)c2cc(Cc3n[nH]c(=O)c4ccccc34)cc(F)c2F)CC1,8.85,1,0.0,8.85,8.85,2017,2017,1,1,O=C(c1cccc(Cc2n[nH]c(=O)c3ccccc23)c1)N1CCNCC1,0.0
CCN1CCN(C(=O)c2cc(Cc3n[nH]c(=O)c4ccccc34)ccc2F)CC1,8.22,1,0.0,8.22,8.22,2008,2008,1,1,O=C(c1cccc(Cc2n[nH]c(=O)c3ccccc23)c1)N1CCNCC1,0.0
CCN1CCN(C(=O)c2ccc3[nH]c(=O)c4c(c3c2)CCSC4)CC1,7.33,1,0.0,7.33,7.33,2012,2012,1,1,O=C(c1ccc2[nH]c(=O)c3c(c2c1)CCSC3)N1CCNCC1,0.0
CCN1CCN(C(=O)c2sc3c([nH]c(=O)c4ccccc43)c2C)CC1,7.1,1,0.0,7.1,7.1,2014,2014,1,1,O=C(c1cc2[nH]c(=O)c3ccccc3c2s1)N1CCNCC1,0.0
CCN1CCN2C(=Nc3cccc4c(=O)[nH]nc2c34)C1,7.18,1,0.0,7.18,7.18,2018,2018,1,1,O=c1[nH]nc2c3c(cccc13)N=C1CNCCN12,0.0
CCN1CCP(=O)(c2cc(Cc3n[nH]c(=O)c4ccccc34)ccc2F)CC1,6.26,1,0.0,6.26,6.26,2022,2022,1,1,O=c1[nH]nc(Cc2cccc(P3(=O)CCNCC3)c2)c2ccccc12,0.0
CCN1CCc2sc(-c3nc4c(C(N)=O)cccc4[nH]3)cc2C1,7.05,1,0.0,7.05,7.05,2018,2018,1,1,c1ccc2[nH]c(-c3cc4c(s3)CCNC4)nc2c1,0.0
CCNC(=O)c1cc(F)c(N2CCN(Cc3ccc4c5c(c(=O)[nH]c4c3)CCCN5)CC2)c(F)c1,7.92,1,0.0,7.92,7.92,2019,2019,1,1,O=c1[nH]c2cc(CN3CCN(c4ccccc4)CC3)ccc2c2c1CCCN2,0.0
CCNC(=O)c1ccc(N2CCN(Cc3cc(C)c4c(c3)NC(=O)C(C)O4)CC2)c(C)c1,7.25,1,0.0,7.25,7.25,2013,2013,1,1,O=C1COc2ccc(CN3CCN(c4ccccc4)CC3)cc2N1,0.0
CCNC(=O)c1ccc(N2CCN(Cc3cc(C)c4c(c3)NC(=O)C(C)O4)CC2)c(Cl)c1,7.05,1,0.0,7.05,7.05,2013,2013,1,1,O=C1COc2ccc(CN3CCN(c4ccccc4)CC3)cc2N1,0.0
CCNC(=O)c1ccc(N2CCN(Cc3cc(C)c4c(c3)NC(=O)C(C)O4)CC2)cc1,8.22,1,0.0,8.22,8.22,2013,2013,1,1,O=C1COc2ccc(CN3CCN(c4ccccc4)CC3)cc2N1,0.0
CCNC(=O)c1ccc(N2CCN(Cc3cc(C)c4c5c(c(=O)[nH]c4c3)CCCN5)CC2)c(C)c1,7.28,1,0.0,7.28,7.28,2019,2019,1,1,O=c1[nH]c2cc(CN3CCN(c4ccccc4)CC3)ccc2c2c1CCCN2,0.0
CCNC(=O)c1ccc(N2CCN(Cc3cc(C)c4c5c(c(=O)[nH]c4c3)CCCN5)CC2)c(Cl)c1,7.54,1,0.0,7.54,7.54,2019,2019,1,1,O=c1[nH]c2cc(CN3CCN(c4ccccc4)CC3)ccc2c2c1CCCN2,0.0
CCNC(=O)c1ccc(N2CCN(Cc3cc(C)c4c5c(c(=O)[nH]c4c3)CCCN5)CC2)cc1,7.63,1,0.0,7.63,7.63,2019,2019,1,1,O=c1[nH]c2cc(CN3CCN(c4ccccc4)CC3)ccc2c2c1CCCN2,0.0
CCNC(=O)c1ccc(N2CCN(Cc3cc(C)c4c5c(c(=O)[nH]c4c3)CCCN5)CC2)cc1F,7.36,1,0.0,7.36,7.36,2019,2019,1,1,O=c1[nH]c2cc(CN3CCN(c4ccccc4)CC3)ccc2c2c1CCCN2,0.0
CCNC(=O)c1ccc(N2CCN(Cc3cc(C)c4c5c(c(=O)[nH]c4c3)CCCN5)CC2)nc1,7.75,1,0.0,7.75,7.75,2019,2019,1,1,O=c1[nH]c2cc(CN3CCN(c4ccccn4)CC3)ccc2c2c1CCCN2,0.0
CCNC(=O)c1ccc(N2CCN(Cc3cc4c(c(OC)c3)OC(C)C(=O)N4)CC2)c(C)c1,7.5,1,0.0,7.5,7.5,2013,2013,1,1,O=C1COc2ccc(CN3CCN(c4ccccc4)CC3)cc2N1,0.0
CCNC(=O)c1ccc(N2CCN(Cc3cc4c(c(OC)c3)OC(C)C(=O)N4)CC2)cc1,7.64,1,0.0,7.64,7.64,2013,2013,1,1,O=C1COc2ccc(CN3CCN(c4ccccc4)CC3)cc2N1,0.0
CCNC(=O)c1ccc(N2CCN(Cc3cc4c(c(OCC)c3)OC(C)C(=O)N4)CC2)c(C)c1,7.26,1,0.0,7.26,7.26,2013,2013,1,1,O=C1COc2ccc(CN3CCN(c4ccccc4)CC3)cc2N1,0.0
CCNC(=O)c1ccc(N2CCN(Cc3ccc4c(c3)NC(=O)C(C)O4)CC2)c(Cl)c1,7.75,1,0.0,7.75,7.75,2013,2013,1,1,O=C1COc2ccc(CN3CCN(c4ccccc4)CC3)cc2N1,0.0
CCNC(=O)c1ccc(N2CCN(Cc3ccc4c(c3)NC(=O)C(C)O4)CC2)cc1,7.66,1,0.0,7.66,7.66,2013,2013,1,1,O=C1COc2ccc(CN3CCN(c4ccccc4)CC3)cc2N1,0.0
CCNC(=O)c1ccc(N2CCN(Cc3ccc4c5c(c(=O)[nH]c4c3)CCCN5)CC2)c(Br)c1,8.15,1,0.0,8.15,8.15,2019,2019,1,1,O=c1[nH]c2cc(CN3CCN(c4ccccc4)CC3)ccc2c2c1CCCN2,0.0
CCNC(=O)c1ccc(N2CCN(Cc3ccc4c5c(c(=O)[nH]c4c3)CCCN5)CC2)c(C)c1,8.12,1,0.0,8.12,8.12,2019,2019,1,1,O=c1[nH]c2cc(CN3CCN(c4ccccc4)CC3)ccc2c2c1CCCN2,0.0
CCNC(=O)c1ccc(N2CCN(Cc3ccc4c5c(c(=O)[nH]c4c3)CCCN5)CC2)c(Cl)c1,8.16,1,0.0,8.16,8.16,2019,2019,1,1,O=c1[nH]c2cc(CN3CCN(c4ccccc4)CC3)ccc2c2c1CCCN2,0.0
CCNC(=O)c1ccc(N2CCN(Cc3ccc4c5c(c(=O)[nH]c4c3)CCCN5)CC2)c(F)c1,8.18,1,0.0,8.18,8.18,2019,2019,1,1,O=c1[nH]c2cc(CN3CCN(c4ccccc4)CC3)ccc2c2c1CCCN2,0.0
CCNC(=O)c1ccc(N2CCN(Cc3ccc4c5c(c(=O)[nH]c4c3)CCCN5)CC2)cc1Cl,8.02,1,0.0,8.02,8.02,2019,2019,1,1,O=c1[nH]c2cc(CN3CCN(c4ccccc4)CC3)ccc2c2c1CCCN2,0.0
CCNC(=O)c1ccc(N2CCN(Cc3ccc4c5c(c(=O)[nH]c4c3)CCCN5)CC2)cc1F,8.15,1,0.0,8.15,8.15,2019,2019,1,1,O=c1[nH]c2cc(CN3CCN(c4ccccc4)CC3)ccc2c2c1CCCN2,0.0
CCNC(=O)c1ccc(N2CCN(Cc3ccc4c5c(c(=O)[nH]c4c3)CCCN5)CC2)nc1,8.22,1,0.0,8.22,8.22,2019,2019,1,1,O=c1[nH]c2cc(CN3CCN(c4ccccn4)CC3)ccc2c2c1CCCN2,0.0
CCNC(=O)c1ccc(N2CCN(Cc3cnc4cc(C5CC5)c(=O)[nH]c4c3)CC2)cn1,8.379999999999999,2,0.014142135623732533,8.37,8.39,2023,2023,1,1,O=c1[nH]c2cc(CN3CCN(c4cccnc4)CC3)cnc2cc1C1CC1,0.02000000000000135
CCNC(=O)c1ccc(N2CCN(Cc3cnc4cc(C5CC5)c(=O)[nH]c4c3)CC2)n(C)c1=O,8.13,1,0.0,8.13,8.13,2023,2023,1,1,O=c1cccc(N2CCN(Cc3cnc4cc(C5CC5)c(=O)[nH]c4c3)CC2)[nH]1,0.0
CCNC(=O)c1ccc(N2CCN(Cc3cnc4cc(CC)c(=O)[nH]c4c3)CC2)cn1,8.52,1,0.0,8.52,8.52,2022,2022,1,1,O=c1ccc2ncc(CN3CCN(c4cccnc4)CC3)cc2[nH]1,0.0
CCNC(=O)c1cccc(Cc2n[nH]c(=O)c3ccccc23)c1,7.3,1,0.0,7.3,7.3,2005,2005,1,1,O=c1[nH]nc(Cc2ccccc2)c2ccccc12,0.0
CCNC(=O)c1cnc(N2CCN(c3nc4c(C(N)=O)cc(F)cc4[nH]3)CC2)cn1,8.15,1,0.0,8.15,8.15,2019,2019,1,1,c1ccc2[nH]c(N3CCN(c4cnccn4)CC3)nc2c1,0.0
CCNC(=O)c1csc(N2CCN(Cc3ccc4c5c(c(=O)[nH]c4c3)CCCN5)CC2)n1,7.49,1,0.0,7.49,7.49,2019,2019,1,1,O=c1[nH]c2cc(CN3CCN(c4nccs4)CC3)ccc2c2c1CCCN2,0.0
CCNC(=O)c1ncc(N2CCN(c3nc4c(C(N)=O)cc(F)cc4[nH]3)CC2)cn1,8.05,1,0.0,8.05,8.05,2019,2019,1,1,c1ccc2[nH]c(N3CCN(c4cncnc4)CC3)nc2c1,0.0
CCNC1(C(=O)N2CCN(C(=O)c3cc(Cc4n[nH]c(=O)c(C)c4C)ccc3F)CC2)CCCC1,8.51,1,0.0,8.51,8.51,2010,2010,1,1,O=C(c1cccc(Cc2ccc(=O)[nH]n2)c1)N1CCN(C(=O)C2CCCC2)CC1,0.0
CCNCc1cc(OC)c2c3c(c(=O)[nH]c2c1)CCCN3,7.3,1,0.0,7.3,7.3,2014,2014,1,1,O=c1[nH]c2ccccc2c2c1CCCN2,0.0
CCNCc1cc(OCC)c2c3c(c(=O)[nH]c2c1)CCCN3,7.22,1,0.0,7.22,7.22,2014,2014,1,1,O=c1[nH]c2ccccc2c2c1CCCN2,0.0
CCNCc1ccc(-c2nc3cncc4c3n2CCNC4=O)cc1,7.96,1,0.0,7.96,7.96,2016,2016,1,1,O=C1NCCn2c(-c3ccccc3)nc3cncc1c32,0.0
CCNCc1ccc(-n2cc3cccc(C(N)=O)c3n2)cc1,8.37,1,0.0,8.37,8.37,2009,2009,1,1,c1ccc(-n2cc3ccccc3n2)cc1,0.0
CCNCc1ccc2c3c(c(=O)[nH]c2c1)CCCN3,6.8,1,0.0,6.8,6.8,2014,2014,1,1,O=c1[nH]c2ccccc2c2c1CCCN2,0.0
CCNc1cccnc1N1CCN(c2nc3c(C(N)=O)cccc3[nH]2)CC1,6.03,1,0.0,6.03,6.03,2019,2019,1,1,c1ccc(N2CCN(c3nc4ccccc4[nH]3)CC2)nc1,0.0
CCNc1cnc(N2CCN(c3nc4c(C(N)=O)cccc4[nH]3)CC2)nc1,5.45,1,0.0,5.45,5.45,2019,2019,1,1,c1cnc(N2CCN(c3nc4ccccc4[nH]3)CC2)nc1,0.0
CCO/C=N/C1=C(C#N)C(c2cccs2)c2c([nH]c(=O)[nH]c2=O)O1,4.31,1,0.0,4.31,4.31,2022,2022,1,1,O=c1[nH]c2c(c(=O)[nH]1)C(c1cccs1)C=CO2,0.0
CCOC(=O)C1CCN(C(=O)c2cccc(Cc3nnc(O)c4ccccc34)c2)CC1,7.82,1,0.0,7.82,7.82,2006,2006,1,1,O=C(c1cccc(Cc2nncc3ccccc23)c1)N1CCCCC1,0.0
CCOC(=O)C1CCN(Cc2c(O)cc(O)c3c(=O)cc(-c4ccc(O)cc4)oc23)CC1,7.03,1,0.0,7.03,7.03,2021,2021,1,1,O=c1cc(-c2ccccc2)oc2c(CN3CCCCC3)cccc12,0.0
CCOC(=O)CCC(=O)Nc1nc(-c2ccccc2)cs1,6.62,1,0.0,6.62,6.62,2009,2009,1,1,c1ccc(-c2cscn2)cc1,0.0
CCOC(=O)CCC(=O)Nc1nc2c(s1)CCCC2,4.91,1,0.0,4.91,4.91,2009,2009,1,1,c1nc2c(s1)CCCC2,0.0
CCOC(=O)CCN(C)Cc1ccc2c3c(c(=O)[nH]c2c1)CCCN3,6.295,2,0.03535533905932788,6.27,6.32,2014,2014,1,1,O=c1[nH]c2ccccc2c2c1CCCN2,0.05000000000000071
CCOC(=O)Nc1cccc(Cc2nnc(O)c3ccccc23)c1,6.94,1,0.0,6.94,6.94,2005,2005,1,1,c1ccc(Cc2nncc3ccccc23)cc1,0.0
CCOC(=O)c1cc(N2CCN(Cc3ccc4c5c(c(=O)[nH]c4c3)CCCN5)CC2)ccc1Cl,7.58,1,0.0,7.58,7.58,2019,2019,1,1,O=c1[nH]c2cc(CN3CCN(c4ccccc4)CC3)ccc2c2c1CCCN2,0.0
CCOC(=O)c1ccc(CCc2nc3cccc4c3n2CCNC4=O)cc1,7.01,1,0.0,7.01,7.01,2009,2009,1,1,O=C1NCCn2c(CCc3ccccc3)nc3cccc1c32,0.0
CCOC(=O)c1ccc2[nH]c(=O)c3c(c2c1)CCSC3,6.27,1,0.0,6.27,6.27,2012,2012,1,1,O=c1[nH]c2ccccc2c2c1CSCC2,0.0
CCOC(=O)c1cnc(N2CCN(Cc3ccc4c5c(c(=O)[nH]c4c3)CCCN5)CC2)s1,8.05,1,0.0,8.05,8.05,2019,2019,1,1,O=c1[nH]c2cc(CN3CCN(c4nccs4)CC3)ccc2c2c1CCCN2,0.0
CCOC(=O)c1csc(N2CCN(Cc3ccc4c5c(c(=O)[nH]c4c3)CCCN5)CC2)n1,7.24,1,0.0,7.24,7.24,2019,2019,1,1,O=c1[nH]c2cc(CN3CCN(c4nccs4)CC3)ccc2c2c1CCCN2,0.0
CCOc1cc(-c2nc3c(C(N)=O)cccc3[nH]2)ccc1Nc1ncc2c(n1)N(C1CCCC1)[C@H](CC)C(=O)N2C,6.51,1,0.0,6.51,6.51,2021,2021,1,1,O=C1CN(C2CCCC2)c2nc(Nc3ccc(-c4nc5ccccc5[nH]4)cc3)ncc2N1,0.0
CCOc1cc(CN(C)C)cc2[nH]c(=O)c3c(c12)NCCC3,7.22,1,0.0,7.22,7.22,2014,2014,1,1,O=c1[nH]c2ccccc2c2c1CCCN2,0.0
CCOc1cc(CN)cc2[nH]c(=O)c3c(c12)NCCC3,7.0,1,0.0,7.0,7.0,2014,2014,1,1,O=c1[nH]c2ccccc2c2c1CCCN2,0.0
CCOc1cc(CN2CCCCC2)cc2[nH]c(=O)c3c(c12)NCCC3,6.75,1,0.0,6.75,6.75,2014,2014,1,1,O=c1[nH]c2cc(CN3CCCCC3)ccc2c2c1CCCN2,0.0
CCOc1cc(CN2CCN(c3ccc(C(=O)NC)cc3C)CC2)cc2c1OC(C)C(=O)N2,7.46,1,0.0,7.46,7.46,2013,2013,1,1,O=C1COc2ccc(CN3CCN(c4ccccc4)CC3)cc2N1,0.0
CCOc1cc(CN2CCN(c3ccc(C(=O)NC4CC4)cc3C)CC2)cc2c1OC(C)C(=O)N2,7.39,1,0.0,7.39,7.39,2013,2013,1,1,O=C1COc2ccc(CN3CCN(c4ccc(C(=O)NC5CC5)cc4)CC3)cc2N1,0.0
CCOc1cc(CN2CCN(c3ccc(F)cc3)CC2)cc2[nH]c(=O)c3c(c12)NCCC3,7.53,1,0.0,7.53,7.53,2019,2019,1,1,O=c1[nH]c2cc(CN3CCN(c4ccccc4)CC3)ccc2c2c1CCCN2,0.0
CCOc1cc(CN2CCOCC2)cc2[nH]c(=O)c3c(c12)NCCC3,6.25,1,0.0,6.25,6.25,2014,2014,1,1,O=c1[nH]c2cc(CN3CCOCC3)ccc2c2c1CCCN2,0.0
CCOc1cc(CN2CCOCC2)cc2[nH]c(=O)c3ccccc3c12,7.73,1,0.0,7.73,7.73,2020,2020,1,1,O=c1[nH]c2cc(CN3CCOCC3)ccc2c2ccccc12,0.0
CCOc1cc(CNC)cc2[nH]c(=O)c3c(c12)NCCC3,6.92,1,0.0,6.92,6.92,2014,2014,1,1,O=c1[nH]c2ccccc2c2c1CCCN2,0.0
CCOc1ccc(-c2csc(/N=C/c3c[nH]c4ccccc34)n2)c(OCC)c1,6.62,1,0.0,6.62,6.62,2009,2009,1,1,C(=Nc1nc(-c2ccccc2)cs1)c1c[nH]c2ccccc12,0.0
CCOc1ccc(C(=O)C2CCN(CC(=O)NCc3nc4c(c(=O)[nH]3)COCC4)CC2)cc1,5.19,1,0.0,5.19,5.19,2015,2015,1,1,O=C(CN1CCC(C(=O)c2ccccc2)CC1)NCc1nc2c(c(=O)[nH]1)COCC2,0.0
CCOc1ccc2[nH]c(=O)c3c(c2c1)NCCC3,5.81,1,0.0,5.81,5.81,2014,2014,1,1,O=c1[nH]c2ccccc2c2c1CCCN2,0.0
CCOc1ncc(C(N)=O)c2nc(C3CCN(C(=O)c4cc(Cc5n[nH]c(=O)c6ccccc56)ccc4F)CC3)[nH]c12,8.77,1,0.0,8.77,8.77,2021,2021,1,1,O=C(c1cccc(Cc2n[nH]c(=O)c3ccccc23)c1)N1CCC(c2nc3ccncc3[nH]2)CC1,0.0
CCS(=O)(=O)N1CCCN(C(=O)c2cccc(Cc3n[nH]c(=O)c4ccccc34)c2)CC1,7.64,1,0.0,7.64,7.64,2008,2008,1,1,O=C(c1cccc(Cc2n[nH]c(=O)c3ccccc23)c1)N1CCCNCC1,0.0
CCS(=O)(=O)N1CCN(C(=O)c2cc(Cc3c[nH]c(=O)c4cc(Cl)c(Cl)n34)ccc2F)CC1,8.05,1,0.0,8.05,8.05,2010,2010,1,1,O=C(c1cccc(Cc2c[nH]c(=O)c3cccn23)c1)N1CCNCC1,0.0
CCS(=O)(=O)N1CCN(C(=O)c2cc(Cc3n[nH]c(=O)c4ccccc34)ccc2F)CC1,8.1,1,0.0,8.1,8.1,2008,2008,1,1,O=C(c1cccc(Cc2n[nH]c(=O)c3ccccc23)c1)N1CCNCC1,0.0
CCS(=O)(=O)N1CCN(C(=O)c2cccc(Cc3n[nH]c(=O)c4ccccc34)c2)CC1,7.92,1,0.0,7.92,7.92,2008,2008,1,1,O=C(c1cccc(Cc2n[nH]c(=O)c3ccccc23)c1)N1CCNCC1,0.0
CCS(=O)(=O)Nc1cccc(Cc2nnc(O)c3ccccc23)c1,6.54,1,0.0,6.54,6.54,2005,2005,1,1,c1ccc(Cc2nncc3ccccc23)cc1,0.0
CC[C@@H](CO)NC(=O)CCc1nc2ccccc2c(=O)[nH]1,5.51,1,0.0,5.51,5.51,2013,2013,1,1,O=c1[nH]cnc2ccccc12,0.0
CC[C@@H]1C(=O)N(C)c2cnc(N(C)c3ccc(-c4nc5c(C(N)=O)cccc5[nH]4)cc3OC)nc2N1C1CCCC1,7.89,1,0.0,7.89,7.89,2021,2021,1,1,O=C1CN(C2CCCC2)c2nc(Nc3ccc(-c4nc5ccccc5[nH]4)cc3)ncc2N1,0.0
CC[C@@H]1C(=O)N(C)c2cnc(Nc3ccc(-c4nc5c(C(N)=O)cccc5[nH]4)cc3)nc2N1C1CCCC1,7.37,1,0.0,7.37,7.37,2021,2021,1,1,O=C1CN(C2CCCC2)c2nc(Nc3ccc(-c4nc5ccccc5[nH]4)cc3)ncc2N1,0.0
CC[C@@H]1C(=O)N(C)c2cnc(Nc3ccc(-c4nc5c(C(N)=O)cccc5[nH]4)cc3OC(C)C)nc2N1C1CCCC1,5.69,1,0.0,5.69,5.69,2021,2021,1,1,O=C1CN(C2CCCC2)c2nc(Nc3ccc(-c4nc5ccccc5[nH]4)cc3)ncc2N1,0.0
CC[C@@H]1C(=O)N(C)c2cnc(Nc3ccc(-c4nc5c(C(N)=O)cccc5[nH]4)cc3OC)nc2N1C1CCCC1,6.82,1,0.0,6.82,6.82,2021,2021,1,1,O=C1CN(C2CCCC2)c2nc(Nc3ccc(-c4nc5ccccc5[nH]4)cc3)ncc2N1,0.0
CC[C@@H]1C(=O)N(C)c2cnc(Nc3ccc(-c4nc5c(C(N)=O)cccc5[nH]4)cc3OC)nc2N1Cc1ccc(C)s1,6.47,1,0.0,6.47,6.47,2021,2021,1,1,O=C1CN(Cc2cccs2)c2nc(Nc3ccc(-c4nc5ccccc5[nH]4)cc3)ncc2N1,0.0
CC[C@@H]1C(=O)N(C)c2cnc(Nc3ccc(-c4nc5c(C(N)=O)cccc5[nH]4)cc3OC)nc2N1Cc1ccc(OC)cc1OC,6.24,1,0.0,6.24,6.24,2021,2021,1,1,O=C1CN(Cc2ccccc2)c2nc(Nc3ccc(-c4nc5ccccc5[nH]4)cc3)ncc2N1,0.0
CC[C@@H]1C(=O)N(C)c2cnc(Nc3ccc(-c4nc5c(C(N)=O)cccc5[nH]4)cc3OC)nc2N1Cc1cccc(C(F)(F)F)c1,5.75,1,0.0,5.75,5.75,2021,2021,1,1,O=C1CN(Cc2ccccc2)c2nc(Nc3ccc(-c4nc5ccccc5[nH]4)cc3)ncc2N1,0.0
CC[C@@H]1C(=O)N(C)c2cnc(Nc3ccc(-c4nc5c(C(N)=O)cccc5[nH]4)cc3OC)nc2N1Cc1ccccc1,6.34,1,0.0,6.34,6.34,2021,2021,1,1,O=C1CN(Cc2ccccc2)c2nc(Nc3ccc(-c4nc5ccccc5[nH]4)cc3)ncc2N1,0.0
CC[C@@H]1C(=O)N(C)c2cnc(Nc3ccc(-c4nc5c(C(N)=O)cccc5[nH]4)cc3OC3CCCC3)nc2N1C1CCCC1,5.74,1,0.0,5.74,5.74,2021,2021,1,1,O=C1CN(C2CCCC2)c2nc(Nc3ccc(-c4nc5ccccc5[nH]4)cc3OC3CCCC3)ncc2N1,0.0
CC[C@@H]1C(=O)N(C)c2cnc(Nc3ccc(C(=O)NCc4nc5c(C(N)=O)cccc5[nH]4)cc3OC)nc2N1C1CCCC1,6.47,1,0.0,6.47,6.47,2021,2021,1,1,O=C1CN(C2CCCC2)c2nc(Nc3ccc(C(=O)NCc4nc5ccccc5[nH]4)cc3)ncc2N1,0.0
CC[C@@H]1C(=O)N(C)c2cnc(Nc3ccc(C(C)c4nc5c(C(N)=O)cccc5[nH]4)cc3OC)nc2N1C1CCCC1,6.63,1,0.0,6.63,6.63,2021,2021,1,1,O=C1CN(C2CCCC2)c2nc(Nc3ccc(Cc4nc5ccccc5[nH]4)cc3)ncc2N1,0.0
CC[C@@H]1C(=O)N(C)c2cnc(Nc3ccc(CC(=O)NCc4nc5c(C(N)=O)cccc5[nH]4)cc3OC)nc2N1C1CCCC1,6.3,1,0.0,6.3,6.3,2021,2021,1,1,O=C(Cc1ccc(Nc2ncc3c(n2)N(C2CCCC2)CC(=O)N3)cc1)NCc1nc2ccccc2[nH]1,0.0
CC[C@@H]1C(=O)N(C)c2cnc(Nc3ccc(Cc4nc5c(C(N)=O)cccc5[nH]4)cc3OC)nc2N1C1CCCC1,6.45,1,0.0,6.45,6.45,2021,2021,1,1,O=C1CN(C2CCCC2)c2nc(Nc3ccc(Cc4nc5ccccc5[nH]4)cc3)ncc2N1,0.0
CC[C@@H]1C(=O)N(C)c2cnc(Nc3cccc(-c4nc5c(C(N)=O)cccc5[nH]4)c3)nc2N1C1CCCC1,6.81,1,0.0,6.81,6.81,2021,2021,1,1,O=C1CN(C2CCCC2)c2nc(Nc3cccc(-c4nc5ccccc5[nH]4)c3)ncc2N1,0.0
CC[C@@H]1CN(C(=O)c2cc(Cn3c(=O)[nH]c(=O)c4ccccc43)ccc2F)CCN1,7.85,1,0.0,7.85,7.85,2021,2021,1,1,O=C(c1cccc(Cn2c(=O)[nH]c(=O)c3ccccc32)c1)N1CCNCC1,0.0
CC[C@@H]1CN(C(=O)c2cc(Cn3c(=O)[nH]c(=O)c4ccccc43)ccc2F)CCN1C,7.4,1,0.0,7.4,7.4,2021,2021,1,1,O=C(c1cccc(Cn2c(=O)[nH]c(=O)c3ccccc32)c1)N1CCNCC1,0.0
CC[C@@H]1CN(C(=O)c2cc(Cn3c(=O)[nH]c(=O)c4ccccc43)ccc2F)CCN1C(=O)C(F)(F)F,8.54,1,0.0,8.54,8.54,2021,2021,1,1,O=C(c1cccc(Cn2c(=O)[nH]c(=O)c3ccccc32)c1)N1CCNCC1,0.0
CC[C@@H]1CN(C(=O)c2cc(Cn3c(=O)[nH]c(=O)c4ccccc43)ccc2F)CCN1C(=O)C1CC1,7.87,1,0.0,7.87,7.87,2021,2021,1,1,O=C(c1cccc(Cn2c(=O)[nH]c(=O)c3ccccc32)c1)N1CCN(C(=O)C2CC2)CC1,0.0
CC[C@@H]1CN(C(=O)c2cc(Cn3c(=O)[nH]c(=O)c4ccccc43)ccc2F)CCN1C(C)=O,7.67,1,0.0,7.67,7.67,2021,2021,1,1,O=C(c1cccc(Cn2c(=O)[nH]c(=O)c3ccccc32)c1)N1CCNCC1,0.0
CC[C@@H]1CN(C(=O)c2cc(Cn3c(=O)[nH]c(=O)c4ccccc43)ccc2F)CCN1C(C)C,7.44,1,0.0,7.44,7.44,2021,2021,1,1,O=C(c1cccc(Cn2c(=O)[nH]c(=O)c3ccccc32)c1)N1CCNCC1,0.0
CC[C@@H]1CN(C(=O)c2cc(Cn3c(=O)[nH]c(=O)c4ccccc43)ccc2F)CCN1CC,9.29,1,0.0,9.29,9.29,2021,2021,1,1,O=C(c1cccc(Cn2c(=O)[nH]c(=O)c3ccccc32)c1)N1CCNCC1,0.0
CC[C@@H]1CN(C(=O)c2cc(Cn3c(=O)[nH]c(=O)c4ccccc43)ccc2F)CCN1CC(F)(F)F,7.78,1,0.0,7.78,7.78,2021,2021,1,1,O=C(c1cccc(Cn2c(=O)[nH]c(=O)c3ccccc32)c1)N1CCNCC1,0.0
CC[C@@H]1CN(C(=O)c2cc(Cn3c(=O)[nH]c(=O)c4ccccc43)ccc2F)CCN1CC1CC1,8.88,1,0.0,8.88,8.88,2021,2021,1,1,O=C(c1cccc(Cn2c(=O)[nH]c(=O)c3ccccc32)c1)N1CCN(CC2CC2)CC1,0.0
CC[C@H](NC(=O)CCc1nc2ccccc2c(=O)[nH]1)c1ccccc1,6.85,1,0.0,6.85,6.85,2013,2013,1,1,O=C(CCc1nc2ccccc2c(=O)[nH]1)NCc1ccccc1,0.0
CC[C@H]1CN(C(=O)c2cc(Cn3c(=O)[nH]c(=O)c4ccccc43)ccc2F)CCN1,7.52,1,0.0,7.52,7.52,2021,2021,1,1,O=C(c1cccc(Cn2c(=O)[nH]c(=O)c3ccccc32)c1)N1CCNCC1,0.0
CC[C@H]1CN(C(=O)c2cc(Cn3c(=O)[nH]c(=O)c4ccccc43)ccc2F)CCN1C,7.45,1,0.0,7.45,7.45,2021,2021,1,1,O=C(c1cccc(Cn2c(=O)[nH]c(=O)c3ccccc32)c1)N1CCNCC1,0.0
CC[C@H]1CN(C(=O)c2cc(Cn3c(=O)[nH]c(=O)c4ccccc43)ccc2F)CCN1C(=O)C(F)(F)F,7.57,1,0.0,7.57,7.57,2021,2021,1,1,O=C(c1cccc(Cn2c(=O)[nH]c(=O)c3ccccc32)c1)N1CCNCC1,0.0
CC[C@H]1CN(C(=O)c2cc(Cn3c(=O)[nH]c(=O)c4ccccc43)ccc2F)CCN1C(=O)C1CC1,7.62,1,0.0,7.62,7.62,2021,2021,1,1,O=C(c1cccc(Cn2c(=O)[nH]c(=O)c3ccccc32)c1)N1CCN(C(=O)C2CC2)CC1,0.0
CC[C@H]1CN(C(=O)c2cc(Cn3c(=O)[nH]c(=O)c4ccccc43)ccc2F)CCN1C(C)=O,7.86,1,0.0,7.86,7.86,2021,2021,1,1,O=C(c1cccc(Cn2c(=O)[nH]c(=O)c3ccccc32)c1)N1CCNCC1,0.0
CC[C@H]1CN(C(=O)c2cc(Cn3c(=O)[nH]c(=O)c4ccccc43)ccc2F)CCN1C(C)C,7.43,1,0.0,7.43,7.43,2021,2021,1,1,O=C(c1cccc(Cn2c(=O)[nH]c(=O)c3ccccc32)c1)N1CCNCC1,0.0
CC[C@H]1CN(C(=O)c2cc(Cn3c(=O)[nH]c(=O)c4ccccc43)ccc2F)CCN1CC,7.3,1,0.0,7.3,7.3,2021,2021,1,1,O=C(c1cccc(Cn2c(=O)[nH]c(=O)c3ccccc32)c1)N1CCNCC1,0.0
CC[C@H]1CN(C(=O)c2cc(Cn3c(=O)[nH]c(=O)c4ccccc43)ccc2F)CCN1CC(F)(F)F,7.22,1,0.0,7.22,7.22,2021,2021,1,1,O=C(c1cccc(Cn2c(=O)[nH]c(=O)c3ccccc32)c1)N1CCNCC1,0.0
CC[C@H]1CN(C(=O)c2cc(Cn3c(=O)[nH]c(=O)c4ccccc43)ccc2F)CCN1CC1CC1,7.72,1,0.0,7.72,7.72,2021,2021,1,1,O=C(c1cccc(Cn2c(=O)[nH]c(=O)c3ccccc32)c1)N1CCN(CC2CC2)CC1,0.0
CCc1cc2c(N)cccc2c(=O)[nH]1,6.31,1,0.0,6.31,6.31,2013,2013,1,1,O=c1[nH]ccc2ccccc12,0.0
CCc1cc2cc(C(CCN3CCCCC3)Cc3ccc4c(c3)OCCO4)ccc2[nH]c1=O,8.04,1,0.0,8.04,8.04,2010,2010,1,1,O=c1ccc2cc(C(CCN3CCCCC3)Cc3ccc4c(c3)OCCO4)ccc2[nH]1,0.0
CCc1cc2ccc(CN3CCN(c4ccc(C#N)cn4)CC3)cc2[nH]c1=O,8.11,1,0.0,8.11,8.11,2023,2023,1,1,O=c1ccc2ccc(CN3CCN(c4ccccn4)CC3)cc2[nH]1,0.0
CCc1cc2ccc(CN3CCN(c4ccc(C(=O)NC)c(=O)n4C)CC3)cc2[nH]c1=O,8.28,1,0.0,8.28,8.28,2023,2023,1,1,O=c1cccc(N2CCN(Cc3ccc4ccc(=O)[nH]c4c3)CC2)[nH]1,0.0
CCc1cc2cnc(CN3CCN(c4ccc(C(=O)NC)nc4Cl)CC3)cc2[nH]c1=O,8.41,2,0.15556349186103965,8.3,8.52,2021,2022,2,2,O=c1ccc2cnc(CN3CCN(c4cccnc4)CC3)cc2[nH]1,0.21999999999999886
CCc1cc2cnc(CN3CCN(c4ccc(C(=O)NC)nc4F)CC3)cc2[nH]c1=O,8.55,2,0.21213203435596414,8.4,8.7,2021,2022,2,2,O=c1ccc2cnc(CN3CCN(c4cccnc4)CC3)cc2[nH]1,0.29999999999999893
CCc1cc2cnc(CN3CCN(c4ccc(C(N)=O)nc4)CC3)cc2[nH]c1=O,8.7,1,0.0,8.7,8.7,2021,2021,1,1,O=c1ccc2cnc(CN3CCN(c4cccnc4)CC3)cc2[nH]1,0.0
CCc1cc2ncc(CN3CC(Nc4ccc(C(=O)NC)nc4)C3)cc2[nH]c1=O,8.455,2,0.19091883092036754,8.32,8.59,2022,2022,1,2,O=c1ccc2ncc(CN3CC(Nc4cccnc4)C3)cc2[nH]1,0.2699999999999996
CCc1cc2ncc(CN3CC(Oc4ccc(C(=O)NC)nc4)C3)cc2[nH]c1=O,7.89,1,0.0,7.89,7.89,2023,2023,1,1,O=c1ccc2ncc(CN3CC(Oc4cccnc4)C3)cc2[nH]1,0.0
CCc1cc2ncc(CN3CC4(C3)CN(c3ccc(C(=O)NC)nc3)C4)cc2[nH]c1=O,8.879999999999999,2,0.4949747468305834,8.53,9.23,2022,2022,1,2,O=c1ccc2ncc(CN3CC4(C3)CN(c3cccnc3)C4)cc2[nH]1,0.7000000000000011
CCc1cc2ncc(CN3CC4(CCN(c5ccc(C(=O)NC)nc5)CC4)C3)cc2[nH]c1=O,7.359999999999999,2,0.791959594928933,6.8,7.92,2022,2022,1,2,O=c1ccc2ncc(CN3CC4(CCN(c5cccnc5)CC4)C3)cc2[nH]1,1.12
CCc1cc2ncc(CN3CC4CCC(C3)N4c3ccc(C(=O)NC)nc3)cc2[nH]c1=O,7.39,1,0.0,7.39,7.39,2022,2022,1,1,O=c1ccc2ncc(CN3CC4CCC(C3)N4c3cccnc3)cc2[nH]1,0.0
CCc1cc2ncc(CN3CC4CN(c5ccc(C(=O)NC)nc5)CC4C3)cc2[nH]c1=O,8.780000000000001,2,0.9758073580374368,8.09,9.47,2022,2022,1,2,O=c1ccc2ncc(CN3CC4CN(c5cccnc5)CC4C3)cc2[nH]1,1.3800000000000008
CCc1cc2ncc(CN3CC=C(c4ccc(C(=O)NC)nc4)CC3)cc2[nH]c1=O,8.19,1,0.0,8.19,8.19,2023,2023,1,1,O=c1ccc2ncc(CN3CC=C(c4cccnc4)CC3)cc2[nH]1,0.0
CCc1cc2ncc(CN3CCC(Nc4ccc(C(=O)NC)nc4)C3)cc2[nH]c1=O,8.91,2,0.1697056274847722,8.79,9.03,2022,2022,1,2,O=c1ccc2ncc(CN3CCC(Nc4cccnc4)C3)cc2[nH]1,0.2400000000000002
CCc1cc2ncc(CN3CCC(c4cnc(C(=O)NC)c(F)c4)CC3)cc2[nH]c1=O,7.96,1,0.0,7.96,7.96,2023,2023,1,1,O=c1ccc2ncc(CN3CCC(c4cccnc4)CC3)cc2[nH]1,0.0
CCc1cc2ncc(CN3CCN(c4ccc(-c5cnc[nH]5)c(F)c4)CC3)cc2[nH]c1=O,8.22,1,0.0,8.22,8.22,2023,2023,1,1,O=c1ccc2ncc(CN3CCN(c4ccc(-c5cnc[nH]5)cc4)CC3)cc2[nH]1,0.0
CCc1cc2ncc(CN3CCN(c4ccc(-c5ncc[nH]5)nc4)CC3)cc2[nH]c1=O,8.05,1,0.0,8.05,8.05,2023,2023,1,1,O=c1ccc2ncc(CN3CCN(c4ccc(-c5ncc[nH]5)nc4)CC3)cc2[nH]1,0.0
CCc1cc2ncc(CN3CCN(c4ccc(-n5cccn5)nc4)CC3)cc2[nH]c1=O,7.92,1,0.0,7.92,7.92,2023,2023,1,1,O=c1ccc2ncc(CN3CCN(c4ccc(-n5cccn5)nc4)CC3)cc2[nH]1,0.0
CCc1cc2ncc(CN3CCN(c4ccc(C(=O)NC(C)C)nc4)CC3)cc2[nH]c1=O,8.31,1,0.0,8.31,8.31,2023,2023,1,1,O=c1ccc2ncc(CN3CCN(c4cccnc4)CC3)cc2[nH]1,0.0
CCc1cc2ncc(CN3CCN(c4ccc(C(=O)NC)c(=O)n4C)CC3)cc2[nH]c1=O,8.08,1,0.0,8.08,8.08,2023,2023,1,1,O=c1cccc(N2CCN(Cc3cnc4ccc(=O)[nH]c4c3)CC2)[nH]1,0.0
CCc1cc2ncc(CN3CCN(c4ccc(C(=O)NC)c(=O)n4C)[C@@H]4C[C@@H]43)cc2[nH]c1=O,8.07,1,0.0,8.07,8.07,2023,2023,1,1,O=c1cccc(N2CCN(Cc3cnc4ccc(=O)[nH]c4c3)C3CC32)[nH]1,0.0
CCc1cc2ncc(CN3CCN(c4ccc(C(=O)NC)c(F)c4)CC3)cc2[nH]c1=O,7.89,1,0.0,7.89,7.89,2023,2023,1,1,O=c1ccc2ncc(CN3CCN(c4ccccc4)CC3)cc2[nH]1,0.0
CCc1cc2ncc(CN3CCN(c4ccc(C(=O)NC)c5nccn45)CC3)cc2[nH]c1=O,8.825,2,0.5303300858899106,8.45,9.2,2022,2022,1,2,O=c1ccc2ncc(CN3CCN(c4cccc5nccn45)CC3)cc2[nH]1,0.75
CCc1cc2ncc(CN3CCN(c4ccc(C(=O)NC)nc4)[C@@H]4C[C@@H]43)cc2[nH]c1=O,8.12,1,0.0,8.12,8.12,2023,2023,1,1,O=c1ccc2ncc(CN3CCN(c4cccnc4)C4CC43)cc2[nH]1,0.0
CCc1cc2ncc(CN3CCN(c4ccc(C(=O)NC)nc4)[C@H](C)C3)cc2[nH]c1=O,8.44,1,0.0,8.44,8.44,2023,2023,1,1,O=c1ccc2ncc(CN3CCN(c4cccnc4)CC3)cc2[nH]1,0.0
CCc1cc2ncc(CN3CCN(c4ccc(C(=O)NC)nc4)[C@H](CF)C3)cc2[nH]c1=O,8.22,1,0.0,8.22,8.22,2023,2023,1,1,O=c1ccc2ncc(CN3CCN(c4cccnc4)CC3)cc2[nH]1,0.0
CCc1cc2ncc(CN3CCN(c4ccc(C(=O)NC)nc4)[C@H]4C[C@H]43)cc2[nH]c1=O,8.38,3,0.08962886439832492,8.23,8.39,2023,2023,1,1,O=c1ccc2ncc(CN3CCN(c4cccnc4)C4CC43)cc2[nH]1,0.16000000000000014
CCc1cc2ncc(CN3CCN(c4ccc(C(=O)NC)nc4C#N)CC3)cc2[nH]c1=O,8.14,1,0.0,8.14,8.14,2023,2023,1,1,O=c1ccc2ncc(CN3CCN(c4cccnc4)CC3)cc2[nH]1,0.0
CCc1cc2ncc(CN3CCN(c4ccc(C(=O)NC)nc4C#N)[C@H](C)C3)cc2[nH]c1=O,8.325,2,0.20506096654410005,8.18,8.47,2023,2023,1,1,O=c1ccc2ncc(CN3CCN(c4cccnc4)CC3)cc2[nH]1,0.2900000000000009
CCc1cc2ncc(CN3CCN(c4ccc(C(=O)NC)nc4C#N)[C@H]4C[C@H]43)cc2[nH]c1=O,8.1,1,0.0,8.1,8.1,2023,2023,1,1,O=c1ccc2ncc(CN3CCN(c4cccnc4)C4CC43)cc2[nH]1,0.0
CCc1cc2ncc(CN3CCN(c4ccc(C(=O)NC)nc4C(F)(F)F)CC3)cc2[nH]c1=O,8.52,1,0.0,8.52,8.52,2022,2022,1,1,O=c1ccc2ncc(CN3CCN(c4cccnc4)CC3)cc2[nH]1,0.0
CCc1cc2ncc(CN3CCN(c4ccc(C(=O)NC)nc4C(F)F)CC3)cc2[nH]c1=O,8.4,1,0.0,8.4,8.4,2022,2022,1,1,O=c1ccc2ncc(CN3CCN(c4cccnc4)CC3)cc2[nH]1,0.0
CCc1cc2ncc(CN3CCN(c4ccc(C(=O)NC)nc4C)CC3)cc2[nH]c1=O,8.3,1,0.0,8.3,8.3,2022,2022,1,1,O=c1ccc2ncc(CN3CCN(c4cccnc4)CC3)cc2[nH]1,0.0
CCc1cc2ncc(CN3CCN(c4ccc(C(=O)NC)nc4C4CC4)CC3)cc2[nH]c1=O,7.92,1,0.0,7.92,7.92,2023,2023,1,1,O=c1ccc2ncc(CN3CCN(c4cccnc4C4CC4)CC3)cc2[nH]1,0.0
CCc1cc2ncc(CN3CCN(c4ccc(C(=O)NC)nc4Cl)CC3)cc2[nH]c1=O,8.52,1,0.0,8.52,8.52,2022,2022,1,1,O=c1ccc2ncc(CN3CCN(c4cccnc4)CC3)cc2[nH]1,0.0
CCc1cc2ncc(CN3CCN(c4ccc(C(=O)NC)nc4F)CC3)cc2[nH]c1=O,8.945,2,0.34648232278140784,8.7,9.19,2022,2025,2,2,O=c1ccc2ncc(CN3CCN(c4cccnc4)CC3)cc2[nH]1,0.4900000000000002
CCc1cc2ncc(CN3CCN(c4ccc(C(=O)NC)nn4)CC3)cc2[nH]c1=O,8.22,1,0.0,8.22,8.22,2023,2023,1,1,O=c1ccc2ncc(CN3CCN(c4cccnn4)CC3)cc2[nH]1,0.0
CCc1cc2ncc(CN3CCN(c4ccc(C(=O)NC5CC5)nc4)CC3)cc2[nH]c1=O,8.22,1,0.0,8.22,8.22,2023,2023,1,1,O=C(NC1CC1)c1ccc(N2CCN(Cc3cnc4ccc(=O)[nH]c4c3)CC2)cn1,0.0
CCc1cc2ncc(CN3CCN(c4ccc(C(=O)NC5CC5)nc4)[C@@H]4C[C@@H]43)cc2[nH]c1=O,8.22,1,0.0,8.22,8.22,2023,2023,1,1,O=C(NC1CC1)c1ccc(N2CCN(Cc3cnc4ccc(=O)[nH]c4c3)C3CC32)cn1,0.0
CCc1cc2ncc(CN3CCN(c4ccc(C(=O)NC5CCOCC5)nc4)CC3)cc2[nH]c1=O,8.19,1,0.0,8.19,8.19,2023,2023,1,1,O=C(NC1CCOCC1)c1ccc(N2CCN(Cc3cnc4ccc(=O)[nH]c4c3)CC2)cn1,0.0
CCc1cc2ncc(CN3CCN(c4ccc(C(=O)NC5COC5)nc4)CC3)cc2[nH]c1=O,8.27,1,0.0,8.27,8.27,2023,2023,1,1,O=C(NC1COC1)c1ccc(N2CCN(Cc3cnc4ccc(=O)[nH]c4c3)CC2)cn1,0.0
CCc1cc2ncc(CN3CCN(c4ccc(C(=O)NC5COC5)nc4)[C@@H]4C[C@@H]43)cc2[nH]c1=O,8.05,1,0.0,8.05,8.05,2023,2023,1,1,O=C(NC1COC1)c1ccc(N2CCN(Cc3cnc4ccc(=O)[nH]c4c3)C3CC32)cn1,0.0
CCc1cc2ncc(CN3CCN(c4ccc(C(=O)NCCC#N)nc4)CC3)cc2[nH]c1=O,8.14,1,0.0,8.14,8.14,2023,2023,1,1,O=c1ccc2ncc(CN3CCN(c4cccnc4)CC3)cc2[nH]1,0.0
CCc1cc2ncc(CN3CCN(c4ccc(C(=O)NCCOC)nc4)CC3)cc2[nH]c1=O,8.08,1,0.0,8.08,8.08,2023,2023,1,1,O=c1ccc2ncc(CN3CCN(c4cccnc4)CC3)cc2[nH]1,0.0
CCc1cc2ncc(CN3CCN(c4ccc(C(=O)NC[C@@H](C)O)nc4)CC3)cc2[nH]c1=O,8.35,1,0.0,8.35,8.35,2023,2023,1,1,O=c1ccc2ncc(CN3CCN(c4cccnc4)CC3)cc2[nH]1,0.0
CCc1cc2ncc(CN3CCN(c4ccc(C(=O)NC[C@@H]5CCOC5)nc4)CC3)cc2[nH]c1=O,8.29,1,0.0,8.29,8.29,2023,2023,1,1,O=C(NCC1CCOC1)c1ccc(N2CCN(Cc3cnc4ccc(=O)[nH]c4c3)CC2)cn1,0.0
CCc1cc2ncc(CN3CCN(c4ccc(C(=O)NC[C@H]5CCOC5)nc4)CC3)cc2[nH]c1=O,8.3,1,0.0,8.3,8.3,2023,2023,1,1,O=C(NCC1CCOC1)c1ccc(N2CCN(Cc3cnc4ccc(=O)[nH]c4c3)CC2)cn1,0.0
CCc1cc2ncc(CN3CCN(c4ccc(C(=O)N[C@@H]5CCCOC5)nc4)CC3)cc2[nH]c1=O,8.32,1,0.0,8.32,8.32,2023,2023,1,1,O=C(NC1CCCOC1)c1ccc(N2CCN(Cc3cnc4ccc(=O)[nH]c4c3)CC2)cn1,0.0
CCc1cc2ncc(CN3CCN(c4ccc(C(=O)N[C@@H]5CCOC5)nc4)CC3)cc2[nH]c1=O,8.21,1,0.0,8.21,8.21,2023,2023,1,1,O=C(NC1CCOC1)c1ccc(N2CCN(Cc3cnc4ccc(=O)[nH]c4c3)CC2)cn1,0.0
CCc1cc2ncc(CN3CCN(c4ccc(C(=O)N[C@H](C)COC)nc4)CC3)cc2[nH]c1=O,8.07,1,0.0,8.07,8.07,2023,2023,1,1,O=c1ccc2ncc(CN3CCN(c4cccnc4)CC3)cc2[nH]1,0.0
CCc1cc2ncc(CN3CCN(c4ccc(C(=O)N[C@H]5CCCOC5)nc4)CC3)cc2[nH]c1=O,8.46,1,0.0,8.46,8.46,2023,2023,1,1,O=C(NC1CCCOC1)c1ccc(N2CCN(Cc3cnc4ccc(=O)[nH]c4c3)CC2)cn1,0.0
CCc1cc2ncc(CN3CCN(c4ccc(C(=O)N[C@H]5CCC[C@@H]5O)nc4)CC3)cc2[nH]c1=O,8.21,1,0.0,8.21,8.21,2023,2023,1,1,O=C(NC1CCCC1)c1ccc(N2CCN(Cc3cnc4ccc(=O)[nH]c4c3)CC2)cn1,0.0
CCc1cc2ncc(CN3CCN(c4ccc(C(=O)N[C@H]5CCOC5)nc4)CC3)cc2[nH]c1=O,8.19,1,0.0,8.19,8.19,2023,2023,1,1,O=C(NC1CCOC1)c1ccc(N2CCN(Cc3cnc4ccc(=O)[nH]c4c3)CC2)cn1,0.0
CCc1cc2ncc(CN3CCN(c4ccc(C(=O)N[C@H]5C[C@@H](C#N)C5)nc4)CC3)cc2[nH]c1=O,8.23,1,0.0,8.23,8.23,2023,2023,1,1,O=C(NC1CCC1)c1ccc(N2CCN(Cc3cnc4ccc(=O)[nH]c4c3)CC2)cn1,0.0
CCc1cc2ncc(CN3CCN(c4ccc(C(=O)N[C@H]5C[C@](C)(O)C5)nc4)CC3)cc2[nH]c1=O,8.29,1,0.0,8.29,8.29,2023,2023,1,1,O=C(NC1CCC1)c1ccc(N2CCN(Cc3cnc4ccc(=O)[nH]c4c3)CC2)cn1,0.0
CCc1cc2ncc(CN3CCN(c4ccc(C(C)(C)O)nc4)CC3)cc2[nH]c1=O,6.4,1,0.0,6.4,6.4,2022,2022,1,1,O=c1ccc2ncc(CN3CCN(c4cccnc4)CC3)cc2[nH]1,0.0
CCc1cc2ncc(CN3CCN(c4ccc(C(N)=O)nc4)CC3)cc2[nH]c1=O,8.7,1,0.0,8.7,8.7,2022,2022,1,1,O=c1ccc2ncc(CN3CCN(c4cccnc4)CC3)cc2[nH]1,0.0
CCc1cc2ncc(CN3CCN(c4ccc(F)cn4)CC3)cc2[nH]c1=O,9.06,2,0.933380951166243,8.4,9.72,2023,2025,2,2,O=c1ccc2ncc(CN3CCN(c4ccccn4)CC3)cc2[nH]1,1.3200000000000003
CCc1cc2ncc(CN3CCN(c4ccc(NC(=O)C5CC5)nc4)CC3)cc2[nH]c1=O,8.0,1,0.0,8.0,8.0,2023,2023,1,1,O=C(Nc1ccc(N2CCN(Cc3cnc4ccc(=O)[nH]c4c3)CC2)cn1)C1CC1,0.0
CCc1cc2ncc(CN3CCN(c4ccc(NC(=O)N5CCOCC5)nc4)CC3)cc2[nH]c1=O,8.19,1,0.0,8.19,8.19,2023,2023,1,1,O=C(Nc1ccc(N2CCN(Cc3cnc4ccc(=O)[nH]c4c3)CC2)cn1)N1CCOCC1,0.0
CCc1cc2ncc(CN3CCN(c4ccc(NC(=O)OC5COC5)nc4)CC3)cc2[nH]c1=O,7.92,1,0.0,7.92,7.92,2023,2023,1,1,O=C(Nc1ccc(N2CCN(Cc3cnc4ccc(=O)[nH]c4c3)CC2)cn1)OC1COC1,0.0
CCc1cc2ncc(CN3CCN(c4ccc(NC(=O)[C@H]5CCO5)nc4)CC3)cc2[nH]c1=O,8.37,1,0.0,8.37,8.37,2023,2023,1,1,O=C(Nc1ccc(N2CCN(Cc3cnc4ccc(=O)[nH]c4c3)CC2)cn1)C1CCO1,0.0
CCc1cc2ncc(CN3CCN(c4ccc(OC(F)F)nc4)CC3)cc2[nH]c1=O,8.675,2,0.45961940777125676,8.35,9.0,2022,2022,1,2,O=c1ccc2ncc(CN3CCN(c4cccnc4)CC3)cc2[nH]1,0.6500000000000004
CCc1cc2ncc(CN3CCN(c4ccc5cn[nH]c5n4)CC3)cc2[nH]c1=O,8.855,2,0.7566042558696061,8.32,9.39,2022,2022,1,2,O=c1ccc2ncc(CN3CCN(c4ccc5cn[nH]c5n4)CC3)cc2[nH]1,1.0700000000000003
CCc1cc2ncc(CN3CCN(c4ccc5oc(=O)[nH]c5c4)CC3)cc2[nH]c1=O,8.344999999999999,2,0.5020458146424475,7.99,8.7,2022,2022,1,2,O=c1ccc2ncc(CN3CCN(c4ccc5oc(=O)[nH]c5c4)CC3)cc2[nH]1,0.7099999999999991
CCc1cc2ncc(CN3CCN(c4ccccn4)CC3)cc2[nH]c1=O,8.15,1,0.0,8.15,8.15,2023,2023,1,1,O=c1ccc2ncc(CN3CCN(c4ccccn4)CC3)cc2[nH]1,0.0
CCc1cc2ncc(CN3CCN(c4cccnc4C#N)CC3)cc2[nH]c1=O,8.07,1,0.0,8.07,8.07,2023,2023,1,1,O=c1ccc2ncc(CN3CCN(c4cccnc4)CC3)cc2[nH]1,0.0
CCc1cc2ncc(CN3CCN(c4ccncc4C#N)CC3)cc2[nH]c1=O,8.22,1,0.0,8.22,8.22,2023,2023,1,1,O=c1ccc2ncc(CN3CCN(c4ccncc4)CC3)cc2[nH]1,0.0
CCc1cc2ncc(CN3CCN(c4ccncn4)CC3)cc2[nH]c1=O,8.19,1,0.0,8.19,8.19,2023,2023,1,1,O=c1ccc2ncc(CN3CCN(c4ccncn4)CC3)cc2[nH]1,0.0
CCc1cc2ncc(CN3CCN(c4ccnnc4C#N)CC3)cc2[nH]c1=O,8.27,1,0.0,8.27,8.27,2023,2023,1,1,O=c1ccc2ncc(CN3CCN(c4ccnnc4)CC3)cc2[nH]1,0.0
CCc1cc2ncc(CN3CCN(c4cnc(C(=O)NC)c(F)c4)CC3)cc2[nH]c1=O,8.055,2,0.06363961030678918,8.01,8.1,2023,2023,1,1,O=c1ccc2ncc(CN3CCN(c4cccnc4)CC3)cc2[nH]1,0.08999999999999986
CCc1cc2ncc(CN3CCN(c4cnc(C(=O)NC)c(F)c4)[C@H](C)C3)cc2[nH]c1=O,8.21,1,0.0,8.21,8.21,2023,2023,1,1,O=c1ccc2ncc(CN3CCN(c4cccnc4)CC3)cc2[nH]1,0.0
CCc1cc2ncc(CN3CCN(c4cnc(C(=O)NC)c(F)c4)[C@H]4C[C@H]43)cc2[nH]c1=O,8.31,1,0.0,8.31,8.31,2023,2023,1,1,O=c1ccc2ncc(CN3CCN(c4cccnc4)C4CC43)cc2[nH]1,0.0
CCc1cc2ncc(CN3CCN(c4cnc(C(=O)NC5CC5)c(F)c4)CC3)cc2[nH]c1=O,8.46,1,0.0,8.46,8.46,2023,2023,1,1,O=C(NC1CC1)c1ccc(N2CCN(Cc3cnc4ccc(=O)[nH]c4c3)CC2)cn1,0.0
CCc1cc2ncc(CN3CCN4c5ccc(C(=O)NC)nc5OC[C@H]4C3)cc2[nH]c1=O,8.8,1,0.0,8.8,8.8,2023,2023,1,1,O=c1ccc2ncc(CN3CCN4c5cccnc5OCC4C3)cc2[nH]1,0.0
CCc1cc2ncc(CN3CC[C@@H](Nc4ccc(C(=O)NC)nc4)C3)cc2[nH]c1=O,9.02,2,0.410121933088197,8.73,9.31,2022,2022,1,2,O=c1ccc2ncc(CN3CCC(Nc4cccnc4)C3)cc2[nH]1,0.5800000000000001
CCc1cc2ncc(CN3CCc4cc(/C=C/C(=O)NC)ccc4C3)cc2[nH]c1=O,8.675,2,1.0253048327204943,7.95,9.4,2022,2022,1,2,O=c1ccc2ncc(CN3CCc4ccccc4C3)cc2[nH]1,1.4500000000000002
CCc1cc2ncc(CN3CCc4nc(C(=O)NC)ccc4C3)cc2[nH]c1=O,6.46,1,0.0,6.46,6.46,2022,2022,1,1,O=c1ccc2ncc(CN3CCc4ncccc4C3)cc2[nH]1,0.0
CCc1cc2ncc(CN3CCn4c(cnc4C(=O)NC)C3)cc2[nH]c1=O,7.12,1,0.0,7.12,7.12,2022,2022,1,1,O=c1ccc2ncc(CN3CCn4cncc4C3)cc2[nH]1,0.0
CCc1cc2ncc(CN3C[C@@H]4C[C@H]3CN4c3ccc(C(=O)NC)nc3)cc2[nH]c1=O,7.4,1,0.0,7.4,7.4,2022,2022,1,1,O=c1ccc2ncc(CN3CC4CC3CN4c3cccnc3)cc2[nH]1,0.0
CCc1cc2ncc([C@@H](C)N3CCN(c4ccc(C(=O)NC)nc4)CC3)cc2[nH]c1=O,8.66,1,0.0,8.66,8.66,2023,2023,1,1,O=c1ccc2ncc(CN3CCN(c4cccnc4)CC3)cc2[nH]1,0.0
CCc1cc2ncc([C@H](C)N3CCN(c4ccc(C(=O)NC)nc4)CC3)cc2[nH]c1=O,8.36,1,0.0,8.36,8.36,2023,2023,1,1,O=c1ccc2ncc(CN3CCN(c4cccnc4)CC3)cc2[nH]1,0.0
CCc1ccc(-c2cc3[nH]c(=O)c4ccccc4n3n2)cc1,6.3,1,0.0,6.3,6.3,2009,2009,1,1,O=c1[nH]c2cc(-c3ccccc3)nn2c2ccccc12,0.0
CCc1ccc(Cn2cc(/C=C3\SC(=O)NC3=O)c3ccccc32)cc1,5.81,1,0.0,5.81,5.81,2017,2017,1,1,O=C1NC(=O)C(=Cc2cn(Cc3ccccc3)c3ccccc23)S1,0.0
CCc1ccc2cccc(C(N)=O)c2n1,6.1,1,0.0,6.1,6.1,2009,2009,1,1,c1ccc2ncccc2c1,0.0
CCc1cccc2c(O)nc(CCCN3CC=C(c4ccccc4)CC3)nc12,7.18,1,0.0,7.18,7.18,2004,2004,1,1,C1=C(c2ccccc2)CCN(CCCc2ncc3ccccc3n2)C1,0.0
CCc1cnc2c(C(N)=O)cccc2c1,5.43,1,0.0,5.43,5.43,2009,2009,1,1,c1ccc2ncccc2c1,0.0
CCc1nc(C(=O)NC)ccc1N1CCN(Cc2ccc3nc(CC)c(=O)[nH]c3c2)CC1,8.52,1,0.0,8.52,8.52,2022,2022,1,1,O=c1cnc2ccc(CN3CCN(c4cccnc4)CC3)cc2[nH]1,0.0
CCc1nc2c(F)cc(CN3CCN(c4ccc(C#N)cn4)CC3)cc2[nH]c1=O,8.5,1,0.0,8.5,8.5,2023,2023,1,1,O=c1cnc2ccc(CN3CCN(c4ccccn4)CC3)cc2[nH]1,0.0
CCc1nc2cc(F)c(CN3CCN(c4ccc(C(=O)NC)nc4F)CC3)cc2[nH]c1=O,8.4,1,0.0,8.4,8.4,2022,2022,1,1,O=c1cnc2ccc(CN3CCN(c4cccnc4)CC3)cc2[nH]1,0.0
CCc1nc2ccc(CN3CCN(c4ccc(C(=O)NC)nc4C(F)(F)F)CC3)cc2[nH]c1=O,8.05,1,0.0,8.05,8.05,2022,2022,1,1,O=c1cnc2ccc(CN3CCN(c4cccnc4)CC3)cc2[nH]1,0.0
CCc1nc2ccc(CN3CCN(c4ccc(C(=O)NC)nc4C(F)F)CC3)cc2[nH]c1=O,8.3,1,0.0,8.3,8.3,2022,2022,1,1,O=c1cnc2ccc(CN3CCN(c4cccnc4)CC3)cc2[nH]1,0.0
CCc1nc2ccc(CN3CCN(c4ccc(C(=O)NC)nc4C)CC3)cc2[nH]c1=O,8.15,1,0.0,8.15,8.15,2022,2022,1,1,O=c1cnc2ccc(CN3CCN(c4cccnc4)CC3)cc2[nH]1,0.0
CCc1nc2ccc(CN3CCN(c4ccc(C(=O)NC)nc4Cl)CC3)cc2[nH]c1=O,8.4,1,0.0,8.4,8.4,2022,2022,1,1,O=c1cnc2ccc(CN3CCN(c4cccnc4)CC3)cc2[nH]1,0.0
CCc1nc2ccc(CN3CCN(c4ccc(C(=O)NC)nc4F)CC3)cc2[nH]c1=O,8.4,1,0.0,8.4,8.4,2022,2022,1,1,O=c1cnc2ccc(CN3CCN(c4cccnc4)CC3)cc2[nH]1,0.0
CCc1nc2cnc(CN3CCN(c4ccc(C(=O)NC)nc4)CC3)cc2[nH]c1=O,8.14,1,0.0,8.14,8.14,2023,2023,1,1,O=c1cnc2cnc(CN3CCN(c4cccnc4)CC3)cc2[nH]1,0.0
CCc1nc2ncc(CN3CCN(c4ccc(C(=O)NC)nc4)CC3)cc2[nH]c1=O,8.22,1,0.0,8.22,8.22,2023,2023,1,1,O=c1cnc2ncc(CN3CCN(c4cccnc4)CC3)cc2[nH]1,0.0
CCn1c(-c2cc3c(s2)CNCC3)nc2c(C(N)=O)cc(F)cc21,6.6,1,0.0,6.6,6.6,2018,2018,1,1,c1ccc2[nH]c(-c3cc4c(s3)CNCC4)nc2c1,0.0
CN(C(=O)c1cc(Cc2n[nH]c(=O)c3ccccc23)ccc1F)C1CC(=O)c2ccccc21,4.95,1,0.0,4.95,4.95,2013,2013,1,1,O=C(NC1CC(=O)c2ccccc21)c1cccc(Cc2n[nH]c(=O)c3ccccc23)c1,0.0
CN(C)C(=O)C(=O)N1CCN(C(=O)c2cc(Cc3c[nH]c(=O)c4cc(Cl)c(Cl)n34)ccc2F)CC1,8.7,1,0.0,8.7,8.7,2010,2010,1,1,O=C(c1cccc(Cc2c[nH]c(=O)c3cccn23)c1)N1CCNCC1,0.0
CN(C)C(=O)CCC(=O)N1CCc2cccc3c2C1CNC3=O,8.05,1,0.0,8.05,8.05,2010,2010,1,1,O=C1NCC2NCCc3cccc1c32,0.0
CN(C)C(=O)N1CCN(C(=O)c2cc(Cc3c[nH]c(=O)c4cc(Cl)c(Cl)n34)ccc2F)CC1,8.14,1,0.0,8.14,8.14,2010,2010,1,1,O=C(c1cccc(Cc2c[nH]c(=O)c3cccn23)c1)N1CCNCC1,0.0
CN(C)C(=O)N1CCP(=O)(c2cc(Cc3n[nH]c(=O)c4ccccc34)ccc2F)CC1,6.26,1,0.0,6.26,6.26,2022,2022,1,1,O=c1[nH]nc(Cc2cccc(P3(=O)CCNCC3)c2)c2ccccc12,0.0
CN(C)C(=O)c1ccc(N2CCN(C(=O)CCc3nc4ccccc4c(=O)[nH]3)CC2)c(Cl)c1,6.04,1,0.0,6.04,6.04,2021,2021,1,1,O=C(CCc1nc2ccccc2c(=O)[nH]1)N1CCN(c2ccccc2)CC1,0.0
CN(C)C(=O)c1ccc(N2CCN(c3nc4c(C(N)=O)cc(F)cc4[nH]3)CC2)nc1,7.52,1,0.0,7.52,7.52,2019,2019,1,1,c1ccc(N2CCN(c3nc4ccccc4[nH]3)CC2)nc1,0.0
CN(C)C(=O)c1ccc(N2CCN(c3nc4c(C(N)=O)cccc4[nH]3)CC2)nc1,7.27,1,0.0,7.27,7.27,2019,2019,1,1,c1ccc(N2CCN(c3nc4ccccc4[nH]3)CC2)nc1,0.0
CN(C)C(=O)c1cnc(N2CCN(c3nc4c(C(N)=O)cc(F)cc4[nH]3)CC2)cn1,8.1,1,0.0,8.1,8.1,2019,2019,1,1,c1ccc2[nH]c(N3CCN(c4cnccn4)CC3)nc2c1,0.0
CN(C)C(=O)c1ncc(N2CCN(c3nc4c(C(N)=O)cc(F)cc4[nH]3)CC2)cn1,8.1,1,0.0,8.1,8.1,2019,2019,1,1,c1ccc2[nH]c(N3CCN(c4cncnc4)CC3)nc2c1,0.0
CN(C)C(C)(C)C(=O)N1CCN(C(=O)c2cc(Cc3c[nH]c(=O)c4cc(Cl)c(Cl)n34)ccc2F)CC1,8.29,1,0.0,8.29,8.29,2010,2010,1,1,O=C(c1cccc(Cc2c[nH]c(=O)c3cccn23)c1)N1CCNCC1,0.0
CN(C)C1(C(=O)N2CCN(C(=O)c3cc(Oc4n[nH]c(=O)c5ccccc45)ccc3F)CC2)CC1,8.22,1,0.0,8.22,8.22,2015,2015,1,1,O=C(c1cccc(Oc2n[nH]c(=O)c3ccccc23)c1)N1CCN(C(=O)C2CC2)CC1,0.0
CN(C)C1(C(=O)N2CCN(C(=O)c3cc(Oc4n[nH]c(=O)c5ccccc45)ccc3F)CC2)CCC1,8.15,1,0.0,8.15,8.15,2015,2015,1,1,O=C(c1cccc(Oc2n[nH]c(=O)c3ccccc23)c1)N1CCN(C(=O)C2CCC2)CC1,0.0
CN(C)C1CCN(C(=O)c2cc(Cc3c[nH]c(=O)c4cc(Cl)c(Cl)n34)ccc2F)CC1,8.59,1,0.0,8.59,8.59,2010,2010,1,1,O=C(c1cccc(Cc2c[nH]c(=O)c3cccn23)c1)N1CCCCC1,0.0
CN(C)C1CCN(C(=O)c2cc3c(n2C)-c2ccccc2C(=O)NC3)CC1,5.19,1,0.0,5.19,5.19,2014,2014,1,1,O=C1NCc2cc(C(=O)N3CCCCC3)[nH]c2-c2ccccc21,0.0
CN(C)C1CCN(Cc2ccc(-c3ccc4c(Cl)cc(C(N)=O)n4n3)cc2)CC1,6.09,1,0.0,6.09,6.09,2021,2021,1,1,c1cc2ccc(-c3ccc(CN4CCCCC4)cc3)nn2c1,0.0
CN(C)C1CCN(c2ccc3nc(O)c4ccccc4c3n2)CC1,6.95,1,0.0,6.95,6.95,2003,2003,1,1,c1ccc2c(c1)cnc1ccc(N3CCCCC3)nc12,0.0
CN(C)CC(=O)N1CCN(C(=O)c2cc(Cc3c[nH]c(=O)c4cc(Cl)c(Cl)n34)ccc2F)CC1,8.6,1,0.0,8.6,8.6,2010,2010,1,1,O=C(c1cccc(Cc2c[nH]c(=O)c3cccn23)c1)N1CCNCC1,0.0
CN(C)CC(=O)Nc1ccc(-n2cc3cccc(C(N)=O)c3n2)cc1,7.82,1,0.0,7.82,7.82,2010,2010,1,1,c1ccc(-n2cc3ccccc3n2)cc1,0.0
CN(C)CC(=O)Nc1ccc2[nH]c(=O)c3ccccc3c2c1,6.865,2,0.13435028842544464,6.77,6.96,2005,2014,2,2,O=c1[nH]c2ccccc2c2ccccc12,0.1900000000000004
CN(C)CC(=O)Nc1ccc2c(c1)-c1nc(O)c3ccccc3c1C2,6.1,1,0.0,6.1,6.1,2005,2005,1,1,c1ccc2c(c1)Cc1c-2ncc2ccccc12,0.0
CN(C)CC(=O)Nc1ccc2c(c1)Cc1c-2nc(O)c2ccccc12,6.97,1,0.0,6.97,6.97,2005,2005,1,1,c1ccc2c(c1)Cc1c-2ncc2ccccc12,0.0
CN(C)CC(=O)Nc1ccc2nc(O)c3ccccc3c2n1,7.01,1,0.0,7.01,7.01,2003,2003,1,1,c1ccc2c(c1)cnc1cccnc12,0.0
CN(C)CC(=O)Nc1cnc2c(c1)nc(O)c1ccccc12,6.78,1,0.0,6.78,6.78,2003,2003,1,1,c1ccc2c(c1)cnc1cccnc12,0.0
CN(C)CCCNC(=O)c1cc2[nH]c(=O)c3ccccc3c2n1C,6.52,1,0.0,6.52,6.52,2014,2014,1,1,O=c1[nH]c2cc[nH]c2c2ccccc12,0.0
CN(C)CCCOc1ccc(-c2nc3cccc4c3n2CCNC4=O)cc1,7.2,1,0.0,7.2,7.2,2009,2009,1,1,O=C1NCCn2c(-c3ccccc3)nc3cccc1c32,0.0
CN(C)CCCOc1ccc2c3c(c(=O)[nH]c2c1)CCCN3,5.52,1,0.0,5.52,5.52,2014,2014,1,1,O=c1[nH]c2ccccc2c2c1CCCN2,0.0
CN(C)CCCc1ccc2[nH]c(=O)c3c(c2c1)NCCC3,6.03,1,0.0,6.03,6.03,2014,2014,1,1,O=c1[nH]c2ccccc2c2c1CCCN2,0.0
CN(C)CCN(C)C(=O)c1cc2[nH]c(=O)c3ccccc3n2n1,7.0,1,0.0,7.0,7.0,2009,2009,1,1,O=c1[nH]c2ccnn2c2ccccc12,0.0
CN(C)CCN(C)C(=O)c1ccc(-c2cc3[nH]c(=O)c4ccccc4n3n2)cc1,5.89,1,0.0,5.89,5.89,2009,2009,1,1,O=c1[nH]c2cc(-c3ccccc3)nn2c2ccccc12,0.0
CN(C)CCN(C)C(=O)c1cccc(-c2cc3[nH]c(=O)c4ccccc4n3n2)c1,6.1,1,0.0,6.1,6.1,2009,2009,1,1,O=c1[nH]c2cc(-c3ccccc3)nn2c2ccccc12,0.0
CN(C)CCN(C)C(=O)c1cccc(Cc2nnc(O)c3ccccc23)c1,7.34,1,0.0,7.34,7.34,2006,2006,1,1,c1ccc(Cc2nncc3ccccc23)cc1,0.0
CN(C)CCN(C)Cc1ccc(-n2cc3cccc(C(N)=O)c3n2)cc1,8.23,1,0.0,8.23,8.23,2009,2009,1,1,c1ccc(-n2cc3ccccc3n2)cc1,0.0
CN(C)CCN(C)Cc1ccc2c3c(c(=O)[nH]c2c1)CCCN3,6.03,1,0.0,6.03,6.03,2014,2014,1,1,O=c1[nH]c2ccccc2c2c1CCCN2,0.0
CN(C)CCN1CC2=NNC(=O)c3cc(F)cc4[nH]c(c2c34)C1,7.42,1,0.0,7.42,7.42,2016,2016,1,1,O=C1NN=C2CNCc3[nH]c4cccc1c4c32,0.0
CN(C)CCN1CCN(C(=O)c2cc(Cc3c[nH]c(=O)c4cc(Cl)c(Cl)n34)ccc2F)CC1,7.75,1,0.0,7.75,7.75,2010,2010,1,1,O=C(c1cccc(Cc2c[nH]c(=O)c3cccn23)c1)N1CCNCC1,0.0
CN(C)CCNC(=O)c1cc2[nH]c(=O)c3ccccc3c2n1C,5.96,1,0.0,5.96,5.96,2014,2014,1,1,O=c1[nH]c2cc[nH]c2c2ccccc12,0.0
CN(C)CCNC(=O)c1ccc(-n2cc3cccc(C(N)=O)c3n2)cc1,8.0,1,0.0,8.0,8.0,2010,2010,1,1,c1ccc(-n2cc3ccccc3n2)cc1,0.0
CN(C)CCNC(=O)c1ccc2[nH]c3c4c(c5c(c3c2c1)CNC5=O)CCC4,6.78,1,0.0,6.78,6.78,2006,2006,1,1,O=C1NCc2c1c1c(c3[nH]c4ccccc4c23)CCC1,0.0
CN(C)CCOc1ccc2[nH]c(=O)c3c(c2c1)NCCC3,6.43,1,0.0,6.43,6.43,2014,2014,1,1,O=c1[nH]c2ccccc2c2c1CCCN2,0.0
CN(C)CCOc1ccc2c3c(c(=O)[nH]c2c1)CCCN3,5.79,1,0.0,5.79,5.79,2014,2014,1,1,O=c1[nH]c2ccccc2c2c1CCCN2,0.0
CN(C)CCc1ccc2c3c(c(=O)[nH]c2c1)CCCN3,6.64,1,0.0,6.64,6.64,2014,2014,1,1,O=c1[nH]c2ccccc2c2c1CCCN2,0.0
CN(C)CCn1c2c3c4c(cc(F)cc41)C(=O)NN=C3CC(C)(C)C2,8.19,1,0.0,8.19,8.19,2016,2016,1,1,O=C1NN=C2CCCc3[nH]c4cccc1c4c32,0.0
CN(C)CCn1c2c3c4c(cccc41)C(=O)NN=C3CC(C)(C)C2,8.26,1,0.0,8.26,8.26,2016,2016,1,1,O=C1NN=C2CCCc3[nH]c4cccc1c4c32,0.0
CN(C)CCn1c2c3c4c(cccc41)C(=O)NN=C3CCC2,7.82,1,0.0,7.82,7.82,2016,2016,1,1,O=C1NN=C2CCCc3[nH]c4cccc1c4c32,0.0
CN(C)Cc1cc(O)c2c3c(c(=O)[nH]c2c1)CCCN3,6.12,1,0.0,6.12,6.12,2014,2014,1,1,O=c1[nH]c2ccccc2c2c1CCCN2,0.0
CN(C)Cc1ccc(-c2c[nH]c(=O)c3cccc(O)c23)cc1,7.17,1,0.0,7.17,7.17,2010,2010,1,1,O=c1[nH]cc(-c2ccccc2)c2ccccc12,0.0
CN(C)Cc1ccc(-c2ccc3c(Cl)cc(C(N)=O)n3n2)cc1,7.03,1,0.0,7.03,7.03,2021,2021,1,1,c1ccc(-c2ccc3cccn3n2)cc1,0.0
CN(C)Cc1ccc(-c2nc3cncc4c3n2CCNC4=O)cc1,7.55,1,0.0,7.55,7.55,2016,2016,1,1,O=C1NCCn2c(-c3ccccc3)nc3cncc1c32,0.0
CN(C)Cc1ccc(-c2nnc3n2CCN(C(=O)c2cc(Cc4n[nH]c(=O)c5ccccc45)ccc2F)C3)o1,8.87,1,0.0,8.87,8.87,2023,2023,1,1,O=C(c1cccc(Cc2n[nH]c(=O)c3ccccc23)c1)N1CCn2c(nnc2-c2ccco2)C1,0.0
CN(C)Cc1ccc(-n2cc3cccc(C(N)=O)c3n2)cc1,8.43,1,0.0,8.43,8.43,2009,2009,1,1,c1ccc(-n2cc3ccccc3n2)cc1,0.0
CN(C)Cc1ccc(C2Nc3cc(F)cc4c(=O)[nH]nc(c34)C2c2ccc(F)cc2)cc1,8.58,1,0.0,8.58,8.58,2016,2016,1,1,O=c1[nH]nc2c3c(cccc13)NC(c1ccccc1)C2c1ccccc1,0.0
CN(C)Cc1ccc(C2Nc3cc(F)cc4c(=O)[nH]nc(c34)C2c2ccccc2)cc1,8.48,1,0.0,8.48,8.48,2016,2016,1,1,O=c1[nH]nc2c3c(cccc13)NC(c1ccccc1)C2c1ccccc1,0.0
CN(C)Cc1ccc(C2Nc3cccc4c(=O)[nH]nc(c34)C2c2ccc(C(F)(F)F)cc2)cc1,8.2,1,0.0,8.2,8.2,2016,2016,1,1,O=c1[nH]nc2c3c(cccc13)NC(c1ccccc1)C2c1ccccc1,0.0
CN(C)Cc1ccc(C2Nc3cccc4c(=O)[nH]nc(c34)C2c2ccc(CN(C)C)cc2)cc1,8.41,1,0.0,8.41,8.41,2016,2016,1,1,O=c1[nH]nc2c3c(cccc13)NC(c1ccccc1)C2c1ccccc1,0.0
CN(C)Cc1ccc(C2Nc3cccc4c(=O)[nH]nc(c34)C2c2ccc(F)cc2)cc1,8.61,1,0.0,8.61,8.61,2016,2016,1,1,O=c1[nH]nc2c3c(cccc13)NC(c1ccccc1)C2c1ccccc1,0.0
CN(C)Cc1ccc(C2Nc3cccc4c(=O)[nH]nc(c34)C2c2ccccc2)cc1,8.63,1,0.0,8.63,8.63,2016,2016,1,1,O=c1[nH]nc2c3c(cccc13)NC(c1ccccc1)C2c1ccccc1,0.0
CN(C)Cc1ccc(C2c3n[nH]c(=O)c4cccc(c34)NC2c2ccccc2)cc1,8.23,1,0.0,8.23,8.23,2016,2016,1,1,O=c1[nH]nc2c3c(cccc13)NC(c1ccccc1)C2c1ccccc1,0.0
CN(C)Cc1ccc2[nH]c(=O)c3c(c2c1)NCCC3,6.5,1,0.0,6.5,6.5,2014,2014,1,1,O=c1[nH]c2ccccc2c2c1CCCN2,0.0
CN(C)Cc1ccc2c3c(c(=O)[nH]c2c1)CCCN3,7.4,1,0.0,7.4,7.4,2014,2014,1,1,O=c1[nH]c2ccccc2c2c1CCCN2,0.0
CN(C)Cc1ccc2c3c(c(=O)[nH]c2c1)CCCN3C,7.05,1,0.0,7.05,7.05,2014,2014,1,1,O=c1[nH]c2ccccc2c2c1CCCN2,0.0
CN(C)Cc1cccc(C2Nc3cccc4c(=O)[nH]nc(c34)C2c2ccccc2)c1,8.58,1,0.0,8.58,8.58,2016,2016,1,1,O=c1[nH]nc2c3c(cccc13)NC(c1ccccc1)C2c1ccccc1,0.0
CN(C)Cc1cccc(C2c3n[nH]c(=O)c4cccc(c34)NC2c2ccccc2)c1,8.44,1,0.0,8.44,8.44,2016,2016,1,1,O=c1[nH]nc2c3c(cccc13)NC(c1ccccc1)C2c1ccccc1,0.0
CN(C)S(=O)(=O)N1CCN(C(=O)c2cc(Cc3c[nH]c(=O)c4cc(Cl)c(Cl)n34)ccc2F)CC1,8.62,1,0.0,8.62,8.62,2010,2010,1,1,O=C(c1cccc(Cc2c[nH]c(=O)c3cccn23)c1)N1CCNCC1,0.0
CN(C)c1ccc(C2CC3=NNC(=O)c4cccc5[nH]c(c3c45)C2)cc1,7.7,1,0.0,7.7,7.7,2016,2016,1,1,O=C1NN=C2CC(c3ccccc3)Cc3[nH]c4cccc1c4c32,0.0
CN(CC(=O)O)CC(=O)c1ccc2[nH]c3c4c(c5c(c3c2c1)C(=O)NC5=O)CCC4,8.1,1,0.0,8.1,8.1,2012,2012,1,1,O=C1NC(=O)c2c1c1c(c3[nH]c4ccccc4c23)CCC1,0.0
CN(CC(=O)OC(C)(C)C)CC(=O)c1ccc2[nH]c3c4c(c5c(c3c2c1)C(=O)NC5=O)CCC4,7.72,1,0.0,7.72,7.72,2012,2012,1,1,O=C1NC(=O)c2c1c1c(c3[nH]c4ccccc4c23)CCC1,0.0
CN(CC(=O)c1ccc2ccccc2c1)C(=O)CCn1c2c(c(=O)[nH]c1=O)CCCC2,6.4,1,0.0,6.4,6.4,2002,2002,1,1,O=C(CCn1c2c(c(=O)[nH]c1=O)CCCC2)NCC(=O)c1ccc2ccccc2c1,0.0
CN(CCC(=O)O)Cc1ccc2c3c(c(=O)[nH]c2c1)CCCN3,6.04,1,0.0,6.04,6.04,2014,2014,1,1,O=c1[nH]c2ccccc2c2c1CCCN2,0.0
CN(CCO)Cc1ccc2c3c(c(=O)[nH]c2c1)CCCN3,7.3,1,0.0,7.3,7.3,2014,2014,1,1,O=c1[nH]c2ccccc2c2c1CCCN2,0.0
CN(CCc1c[nH]cn1)C(=O)c1ccc2[nH]c3c4c(c5c(c3c2c1)CNC5=O)CCC4,6.79,1,0.0,6.79,6.79,2006,2006,1,1,O=C(NCCc1c[nH]cn1)c1ccc2[nH]c3c4c(c5c(c3c2c1)CNC5=O)CCC4,0.0
CN(CCc1nc2ccccc2c(=O)[nH]1)C(=O)N1CCC(C(=O)c2cnn(C)c2)CC1,5.28,1,0.0,5.28,5.28,2020,2020,1,1,O=C(c1cn[nH]c1)C1CCN(C(=O)NCCc2nc3ccccc3c(=O)[nH]2)CC1,0.0
CN(Cc1ccc(-n2cc3cccc(C(N)=O)c3n2)cc1)C(=O)C1CNC1,7.75,1,0.0,7.75,7.75,2010,2010,1,1,O=C(NCc1ccc(-n2cc3ccccc3n2)cc1)C1CNC1,0.0
CN(Cc1ccccc1)C(=O)C1CCN(C(=O)c2cccc(Cc3nnc(O)c4ccccc34)c2)CC1,8.05,1,0.0,8.05,8.05,2006,2006,1,1,O=C(NCc1ccccc1)C1CCN(C(=O)c2cccc(Cc3nncc4ccccc34)c2)CC1,0.0
CN(Cc1ccccc1)Cc1ccc2c3c(c(=O)[nH]c2c1)CCCN3,6.03,1,0.0,6.03,6.03,2014,2014,1,1,O=c1[nH]c2cc(CNCc3ccccc3)ccc2c2c1CCCN2,0.0
CN(Cc1ccccc1)Cc1nc2cccc3c2n1CCNC3=O,7.06,1,0.0,7.06,7.06,2009,2009,1,1,O=C1NCCn2c(CNCc3ccccc3)nc3cccc1c32,0.0
CN(Cc1ccccn1)C(=O)c1ccc2[nH]c3c4c(c5c(c3c2c1)CNC5=O)CCC4,6.62,1,0.0,6.62,6.62,2006,2006,1,1,O=C(NCc1ccccn1)c1ccc2[nH]c3c4c(c5c(c3c2c1)CNC5=O)CCC4,0.0
CN(Cc1ccncc1)C(=O)c1ccc2[nH]c3c4c(c5c(c3c2c1)CNC5=O)CCC4,7.19,1,0.0,7.19,7.19,2006,2006,1,1,O=C(NCc1ccncc1)c1ccc2[nH]c3c4c(c5c(c3c2c1)CNC5=O)CCC4,0.0
CN(c1ccc(Cl)cc1)c1ccnc(Nc2ccc(-c3nc4c(C(N)=O)cccc4[nH]3)cc2)n1,6.98,1,0.0,6.98,6.98,2023,2023,1,1,c1ccc(Nc2ccnc(Nc3ccc(-c4nc5ccccc5[nH]4)cc3)n2)cc1,0.0
CN(c1ccc(Cl)cc1)c1ccnc(Nc2ccc(-c3nc4cc(F)c(F)cc4[nH]3)cc2)n1,6.18,1,0.0,6.18,6.18,2023,2023,1,1,c1ccc(Nc2ccnc(Nc3ccc(-c4nc5ccccc5[nH]4)cc3)n2)cc1,0.0
CN(c1ccc(Cl)cc1)c1ccnc(Nc2ccc(C(=O)Nc3nc4c(C(N)=O)cccc4[nH]3)cc2)n1,6.86,1,0.0,6.86,6.86,2023,2023,1,1,O=C(Nc1nc2ccccc2[nH]1)c1ccc(Nc2nccc(Nc3ccccc3)n2)cc1,0.0
CN(c1ccc(F)cc1)c1ccnc(Nc2ccc(-c3nc4c(C(N)=O)cccc4[nH]3)cc2)n1,6.89,1,0.0,6.89,6.89,2023,2023,1,1,c1ccc(Nc2ccnc(Nc3ccc(-c4nc5ccccc5[nH]4)cc3)n2)cc1,0.0
CN(c1ccc(N2CCOCC2)cc1)c1ccnc(Nc2ccc(-c3nc4c(C(N)=O)cccc4[nH]3)cc2)n1,7.06,1,0.0,7.06,7.06,2023,2023,1,1,c1ccc2[nH]c(-c3ccc(Nc4nccc(Nc5ccc(N6CCOCC6)cc5)n4)cc3)nc2c1,0.0
CN(c1ccc(NC(=O)OC(C)(C)C)cc1)c1ccnc(Nc2ccc(-c3nc4c(C(N)=O)cccc4[nH]3)cc2)n1,6.89,1,0.0,6.89,6.89,2023,2023,1,1,c1ccc(Nc2ccnc(Nc3ccc(-c4nc5ccccc5[nH]4)cc3)n2)cc1,0.0
CN(c1ccc(S(C)(=O)=O)cc1)c1ccnc(Nc2ccc(-c3nc4c(C(N)=O)cccc4[nH]3)cc2)n1,6.96,1,0.0,6.96,6.96,2023,2023,1,1,c1ccc(Nc2ccnc(Nc3ccc(-c4nc5ccccc5[nH]4)cc3)n2)cc1,0.0
CN(c1ccc2ncccc2c1)c1ccnc(Nc2ccc(-c3nc4c(C(N)=O)cccc4[nH]3)cc2)n1,7.0,1,0.0,7.0,7.0,2023,2023,1,1,c1cnc2ccc(Nc3ccnc(Nc4ccc(-c5nc6ccccc6[nH]5)cc4)n3)cc2c1,0.0
CN(c1ccnc(Nc2ccc(-c3nc4c(C(N)=O)cccc4[nH]3)cc2)n1)c1cc(C(C)(C)C)n(C)n1,6.89,1,0.0,6.89,6.89,2023,2023,1,1,c1ccc2[nH]c(-c3ccc(Nc4nccc(Nc5cc[nH]n5)n4)cc3)nc2c1,0.0
CN(c1ccnc(Nc2ccc(-c3nc4cc(F)c(F)cc4[nH]3)cc2)n1)c1cc(C(C)(C)C)n(C)n1,6.09,1,0.0,6.09,6.09,2023,2023,1,1,c1ccc2[nH]c(-c3ccc(Nc4nccc(Nc5cc[nH]n5)n4)cc3)nc2c1,0.0
CN/C(C#N)=C\C(=N)N1CCN(C(=O)CCc2nc3ccccc3c(=O)[nH]2)CC1,6.56,1,0.0,6.56,6.56,2021,2021,1,1,O=C(CCc1nc2ccccc2c(=O)[nH]1)N1CCNCC1,0.0
CN1CC(=O)N(c2cc(Cc3nnc(O)c4ccccc34)ccc2F)C(=O)C1,8.02,1,0.0,8.02,8.02,2005,2005,1,1,O=C1CNCC(=O)N1c1cccc(Cc2nncc3ccccc23)c1,0.0
CN1CC(C(=O)Nc2ccc(-n3cc4cc(F)cc(C(N)=O)c4n3)cc2)C1,8.22,1,0.0,8.22,8.22,2010,2010,1,1,O=C(Nc1ccc(-n2cc3ccccc3n2)cc1)C1CNC1,0.0
CN1CC(C(=O)Nc2ccc(-n3cc4cc(F)cc(C(N)=O)c4n3)cc2F)C1,8.22,1,0.0,8.22,8.22,2010,2010,1,1,O=C(Nc1ccc(-n2cc3ccccc3n2)cc1)C1CNC1,0.0
CN1CC2=NNC(=O)c3cc(F)cc4[nH]c(c2c34)C1,8.24,1,0.0,8.24,8.24,2016,2016,1,1,O=C1NN=C2CNCc3[nH]c4cccc1c4c32,0.0
CN1CC2=NNC(=O)c3cccc4[nH]c(c2c34)C1,7.8,1,0.0,7.8,7.8,2016,2016,1,1,O=C1NN=C2CNCc3[nH]c4cccc1c4c32,0.0
CN1CCC(C(=O)Nc2ccc(-n3cc4cc(F)cc(C(N)=O)c4n3)cc2)CC1,7.8,1,0.0,7.8,7.8,2010,2010,1,1,O=C(Nc1ccc(-n2cc3ccccc3n2)cc1)C1CCNCC1,0.0
CN1CCC(C(=O)Nc2ccc(-n3cc4cccc(C(N)=O)c4n3)cc2)CC1,8.0,1,0.0,8.0,8.0,2010,2010,1,1,O=C(Nc1ccc(-n2cc3ccccc3n2)cc1)C1CCNCC1,0.0
CN1CCC(CNC(=O)c2cc3[nH]c(=O)c4ccccc4n3n2)C1,7.1,1,0.0,7.1,7.1,2009,2009,1,1,O=C(NCC1CCNC1)c1cc2[nH]c(=O)c3ccccc3n2n1,0.0
CN1CCC(CNC(=O)c2cc3[nH]c(=O)c4ccccc4n3n2)CC1,7.16,1,0.0,7.16,7.16,2009,2009,1,1,O=C(NCC1CCNCC1)c1cc2[nH]c(=O)c3ccccc3n2n1,0.0
CN1CCC(Oc2ccc3[nH]c(=O)c4c(c3c2)CCSC4)C1,7.1,1,0.0,7.1,7.1,2010,2010,1,1,O=c1[nH]c2ccc(OC3CCNC3)cc2c2c1CSCC2,0.0
CN1CCC(Oc2ccc3[nH]c(=O)c4c(c3c2)NCCC4)CC1,5.97,1,0.0,5.97,5.97,2014,2014,1,1,O=c1[nH]c2ccc(OC3CCNCC3)cc2c2c1CCCN2,0.0
CN1CCC(c2nc3c(C(N)=O)cncc3[nH]2)CC1,5.84,1,0.0,5.84,5.84,2013,2013,1,1,c1cc2nc(C3CCNCC3)[nH]c2cn1,0.0
CN1CCC2N=C(CCCN3CC=C(c4ccccc4)CC3)NC(=O)C2C1,5.21,1,0.0,5.21,5.21,2005,2005,1,1,O=C1NC(CCCN2CC=C(c3ccccc3)CC2)=NC2CCNCC12,0.0
CN1CCCC(C(=O)N(C)Cc2ccc(-n3cc4cccc(C(N)=O)c4n3)cc2)C1,7.6,1,0.0,7.6,7.6,2010,2010,1,1,O=C(NCc1ccc(-n2cc3ccccc3n2)cc1)C1CCCNC1,0.0
CN1CCCC(C(=O)NCc2ccc(-n3cc4cccc(C(N)=O)c4n3)cc2)C1,7.66,1,0.0,7.66,7.66,2010,2010,1,1,O=C(NCc1ccc(-n2cc3ccccc3n2)cc1)C1CCCNC1,0.0
CN1CCCC(Oc2ccc3[nH]c(=O)c4c(c3c2)CCSC4)C1,7.41,1,0.0,7.41,7.41,2010,2010,1,1,O=c1[nH]c2ccc(OC3CCCNC3)cc2c2c1CSCC2,0.0
CN1CCCCC1C(=O)Nc1ccc(-n2cc3cccc(C(N)=O)c3n2)cc1,7.34,1,0.0,7.34,7.34,2010,2010,1,1,O=C(Nc1ccc(-n2cc3ccccc3n2)cc1)C1CCCCN1,0.0
CN1CCCN(C(=O)c2cc(Cc3c[nH]c(=O)c4cc(Cl)c(Cl)n34)ccc2F)CC1,8.3,1,0.0,8.3,8.3,2010,2010,1,1,O=C(c1cccc(Cc2c[nH]c(=O)c3cccn23)c1)N1CCCNCC1,0.0
CN1CCCN(C(=O)c2cc(Cc3nnc(O)c4ccccc34)ccc2F)CC1,8.05,1,0.0,8.05,8.05,2006,2006,1,1,O=C(c1cccc(Cc2nncc3ccccc23)c1)N1CCCNCC1,0.0
CN1CCCN(C(=O)c2cc3[nH]c(=O)c4ccccc4c3n2C)CC1,6.7,1,0.0,6.7,6.7,2014,2014,1,1,O=C(c1cc2[nH]c(=O)c3ccccc3c2[nH]1)N1CCCNCC1,0.0
CN1CCCN(C(=O)c2cc3[nH]c(=O)c4ccccc4n3n2)CC1,8.0,1,0.0,8.0,8.0,2009,2009,1,1,O=C(c1cc2[nH]c(=O)c3ccccc3n2n1)N1CCCNCC1,0.0
CN1CCCN(C(=O)c2cc3c(n2C)-c2ccccc2C(=O)NC3)CC1,5.0,1,0.0,5.0,5.0,2014,2014,1,1,O=C1NCc2cc(C(=O)N3CCCNCC3)[nH]c2-c2ccccc21,0.0
CN1CCCN(C(=O)c2cccc(Cc3nnc(O)c4ccccc34)c2)CC1,7.64,1,0.0,7.64,7.64,2006,2006,1,1,O=C(c1cccc(Cc2nncc3ccccc23)c1)N1CCCNCC1,0.0
CN1CCCN(CC2=Nc3cccc4c(=O)[nH]nc(c34)N2)CC1,7.38,1,0.0,7.38,7.38,2014,2014,1,1,O=c1[nH]nc2c3c(cccc13)N=C(CN1CCCNCC1)N2,0.0
CN1CCC[C@@H](C(=O)Nc2ccc(-n3cc4cc(F)cc(C(N)=O)c4n3)cc2F)C1,7.92,1,0.0,7.92,7.92,2010,2010,1,1,O=C(Nc1ccc(-n2cc3ccccc3n2)cc1)C1CCCNC1,0.0
CN1CCC[C@@H](C(=O)Nc2ccc(-n3cc4cccc(C(N)=O)c4n3)cc2)C1,7.52,1,0.0,7.52,7.52,2010,2010,1,1,O=C(Nc1ccc(-n2cc3ccccc3n2)cc1)C1CCCNC1,0.0
CN1CCC[C@@]1(C)c1nc2c(C(N)=O)c(F)ccc2[nH]1,7.66,1,0.0,7.66,7.66,2016,2016,1,1,c1ccc2[nH]c(C3CCCN3)nc2c1,0.0
CN1CCC[C@H](C(=O)Nc2ccc(-n3cc4cccc(C(N)=O)c4n3)cc2)C1,7.7,1,0.0,7.7,7.7,2010,2010,1,1,O=C(Nc1ccc(-n2cc3ccccc3n2)cc1)C1CCCNC1,0.0
CN1CCC[C@H]1C(=O)Nc1ccc(-n2cc3cccc(C(N)=O)c3n2)cc1,7.77,1,0.0,7.77,7.77,2010,2010,1,1,O=C(Nc1ccc(-n2cc3ccccc3n2)cc1)C1CCCN1,0.0
CN1CCCc2c1c1cc(OC3CCNCC3)ccc1[nH]c2=O,5.42,1,0.0,5.42,5.42,2014,2014,1,1,O=c1[nH]c2ccc(OC3CCNCC3)cc2c2c1CCCN2,0.0
CN1CCCc2c1c1cc(OCCN3CCCCC3)ccc1[nH]c2=O,5.51,1,0.0,5.51,5.51,2014,2014,1,1,O=c1[nH]c2ccc(OCCN3CCCCC3)cc2c2c1CCCN2,0.0
CN1CCCc2c1c1ccc(CN3CCOCC3)cc1[nH]c2=O,5.96,1,0.0,5.96,5.96,2014,2014,1,1,O=c1[nH]c2cc(CN3CCOCC3)ccc2c2c1CCCN2,0.0
CN1CCCc2c1cc(-c1ccc(Br)cc1)[nH]c2=O,5.7,1,0.0,5.7,5.7,2015,2015,1,1,O=c1[nH]c(-c2ccccc2)cc2c1CCCN2,0.0
CN1CCCc2c1cc(-c1ccc(C(F)(F)F)cc1)[nH]c2=O,5.32,1,0.0,5.32,5.32,2015,2015,1,1,O=c1[nH]c(-c2ccccc2)cc2c1CCCN2,0.0
CN1CCCc2c1cc(-c1ccc(Cl)cc1)[nH]c2=O,5.7,1,0.0,5.7,5.7,2015,2015,1,1,O=c1[nH]c(-c2ccccc2)cc2c1CCCN2,0.0
CN1CCCc2c1cc(-c1ccccc1)[nH]c2=O,6.02,1,0.0,6.02,6.02,2015,2015,1,1,O=c1[nH]c(-c2ccccc2)cc2c1CCCN2,0.0
CN1CCCc2c1nc(N1CCN(Cc3ccccc3C#N)CC1)[nH]c2=O,5.61,1,0.0,5.61,5.61,2017,2017,1,1,O=c1[nH]c(N2CCN(Cc3ccccc3)CC2)nc2c1CCCN2,0.0
CN1CCCc2c1nc(N1CCN(Cc3ccccc3C(F)(F)F)CC1)[nH]c2=O,4.02,1,0.0,4.02,4.02,2017,2017,1,1,O=c1[nH]c(N2CCN(Cc3ccccc3)CC2)nc2c1CCCN2,0.0
CN1CCCc2c1nc(N1CCN(Cc3ccccc3Cl)CC1)[nH]c2=O,4.33,1,0.0,4.33,4.33,2017,2017,1,1,O=c1[nH]c(N2CCN(Cc3ccccc3)CC2)nc2c1CCCN2,0.0
CN1CCCc2c1nc(N1CCN(Cc3ccccc3F)CC1)[nH]c2=O,5.06,1,0.0,5.06,5.06,2017,2017,1,1,O=c1[nH]c(N2CCN(Cc3ccccc3)CC2)nc2c1CCCN2,0.0
CN1CCCc2c1nc(N1CCN(Cc3ccccn3)CC1)[nH]c2=O,5.029999999999999,2,0.33941125496954216,4.79,5.27,2017,2017,1,1,O=c1[nH]c(N2CCN(Cc3ccccn3)CC2)nc2c1CCCN2,0.47999999999999954
CN1CCCc2c1nc(N1CCN(Cc3cnccn3)CC1)[nH]c2=O,5.58,1,0.0,5.58,5.58,2017,2017,1,1,O=c1[nH]c(N2CCN(Cc3cnccn3)CC2)nc2c1CCCN2,0.0
CN1CCCc2c1nc(N1CCN(Cc3ncc(C(F)(F)F)cn3)CC1)[nH]c2=O,5.16,1,0.0,5.16,5.16,2017,2017,1,1,O=c1[nH]c(N2CCN(Cc3ncccn3)CC2)nc2c1CCCN2,0.0
CN1CCCc2c1nc(N1CCN(Cc3ncc(Cl)cn3)CC1)[nH]c2=O,4.11,1,0.0,4.11,4.11,2017,2017,1,1,O=c1[nH]c(N2CCN(Cc3ncccn3)CC2)nc2c1CCCN2,0.0
CN1CCCc2c1nc(N1CCN(Cc3ncc(F)cc3F)CC1)[nH]c2=O,5.45,1,0.0,5.45,5.45,2017,2017,1,1,O=c1[nH]c(N2CCN(Cc3ccccn3)CC2)nc2c1CCCN2,0.0
CN1CCCc2c1nc(N1CCN(Cc3ncc(F)cn3)CC1)[nH]c2=O,5.11,1,0.0,5.11,5.11,2017,2017,1,1,O=c1[nH]c(N2CCN(Cc3ncccn3)CC2)nc2c1CCCN2,0.0
CN1CCCc2c1nc(N1CCN(Cc3nccc(C(F)(F)F)n3)CC1)[nH]c2=O,6.73,1,0.0,6.73,6.73,2017,2017,1,1,O=c1[nH]c(N2CCN(Cc3ncccn3)CC2)nc2c1CCCN2,0.0
CN1CCCc2c1nc(N1CCN(Cc3nccc(Cl)n3)CC1)[nH]c2=O,5.33,1,0.0,5.33,5.33,2017,2017,1,1,O=c1[nH]c(N2CCN(Cc3ncccn3)CC2)nc2c1CCCN2,0.0
CN1CCCc2c1nc(N1CCN(Cc3ncccc3Br)CC1)[nH]c2=O,5.63,1,0.0,5.63,5.63,2017,2017,1,1,O=c1[nH]c(N2CCN(Cc3ccccn3)CC2)nc2c1CCCN2,0.0
CN1CCCc2c1nc(N1CCN(Cc3ncccc3C#N)CC1)[nH]c2=O,5.55,1,0.0,5.55,5.55,2017,2017,1,1,O=c1[nH]c(N2CCN(Cc3ccccn3)CC2)nc2c1CCCN2,0.0
CN1CCCc2c1nc(N1CCN(Cc3ncccc3Cl)CC1)[nH]c2=O,6.04,1,0.0,6.04,6.04,2017,2017,1,1,O=c1[nH]c(N2CCN(Cc3ccccn3)CC2)nc2c1CCCN2,0.0
CN1CCCc2c1nc(N1CCN(Cc3ncccc3F)CC1)[nH]c2=O,5.08,1,0.0,5.08,5.08,2017,2017,1,1,O=c1[nH]c(N2CCN(Cc3ccccn3)CC2)nc2c1CCCN2,0.0
CN1CCCc2c1nc(N1CCN(Cc3ncccc3O)CC1)[nH]c2=O,5.52,1,0.0,5.52,5.52,2017,2017,1,1,O=c1[nH]c(N2CCN(Cc3ccccn3)CC2)nc2c1CCCN2,0.0
CN1CCCc2c1nc(N1CCN(Cc3ncccn3)CC1)[nH]c2=O,5.46,2,0.1555634918610409,5.35,5.57,2017,2017,1,1,O=c1[nH]c(N2CCN(Cc3ncccn3)CC2)nc2c1CCCN2,0.22000000000000064
CN1CCCc2c1nc(N1CCN(Cc3nccnc3Cl)CC1)[nH]c2=O,5.19,1,0.0,5.19,5.19,2017,2017,1,1,O=c1[nH]c(N2CCN(Cc3cnccn3)CC2)nc2c1CCCN2,0.0
CN1CCN(C(=O)c2cc(Cc3c[nH]c(=O)c4cc(Cl)c(Cl)n34)ccc2F)CC1,7.39,1,0.0,7.39,7.39,2010,2010,1,1,O=C(c1cccc(Cc2c[nH]c(=O)c3cccn23)c1)N1CCNCC1,0.0
CN1CCN(C(=O)c2cc(Cc3n[nH]c(=O)c4ccccc34)ccc2F)CC1,7.89,1,0.0,7.89,7.89,2008,2008,1,1,O=C(c1cccc(Cc2n[nH]c(=O)c3ccccc23)c1)N1CCNCC1,0.0
CN1CCN(C(=O)c2cc3[nH]c(=O)c4ccccc4c3n2C)CC1,6.92,1,0.0,6.92,6.92,2014,2014,1,1,O=C(c1cc2[nH]c(=O)c3ccccc3c2[nH]1)N1CCNCC1,0.0
CN1CCN(C(=O)c2cc3[nH]c(=O)c4ccccc4n3n2)CC1,6.52,1,0.0,6.52,6.52,2009,2009,1,1,O=C(c1cc2[nH]c(=O)c3ccccc3n2n1)N1CCNCC1,0.0
CN1CCN(C(=O)c2ccc(-c3cc4[nH]c(=O)c5ccccc5n4n3)cc2)CC1,5.85,1,0.0,5.85,5.85,2009,2009,1,1,O=C(c1ccc(-c2cc3[nH]c(=O)c4ccccc4n3n2)cc1)N1CCNCC1,0.0
CN1CCN(C(=O)c2ccc3[nH]c(=O)c4c(c3c2)CCSC4)CC1,6.73,1,0.0,6.73,6.73,2012,2012,1,1,O=C(c1ccc2[nH]c(=O)c3c(c2c1)CCSC3)N1CCNCC1,0.0
CN1CCN(C(=O)c2cccc(-c3cc4[nH]c(=O)c5ccccc5n4n3)c2)CC1,6.0,1,0.0,6.0,6.0,2009,2009,1,1,O=C(c1cccc(-c2cc3[nH]c(=O)c4ccccc4n3n2)c1)N1CCNCC1,0.0
CN1CCN(C(=O)c2cccc(-c3nc4cccc5c4n3CCNC5=O)c2)CC1,6.79,1,0.0,6.79,6.79,2009,2009,1,1,O=C1NCCn2c(-c3cccc(C(=O)N4CCNCC4)c3)nc3cccc1c32,0.0
CN1CCN(C(=O)c2cccc(Cc3n[nH]c(=O)c4ccccc34)c2)CC1,7.06,1,0.0,7.06,7.06,2008,2008,1,1,O=C(c1cccc(Cc2n[nH]c(=O)c3ccccc23)c1)N1CCNCC1,0.0
CN1CCN(C2CCN(c3ccnc(Nc4ccc(-c5nc6c(C(N)=O)cccc6[nH]5)cc4)n3)CC2)CC1,6.98,1,0.0,6.98,6.98,2023,2023,1,1,c1ccc2[nH]c(-c3ccc(Nc4nccc(N5CCC(N6CCNCC6)CC5)n4)cc3)nc2c1,0.0
CN1CCN(CC(=O)N2CCc3cccc4c3C2CNC4=O)CC1,7.01,1,0.0,7.01,7.01,2010,2010,1,1,O=C1NCC2c3c(cccc31)CCN2C(=O)CN1CCNCC1,0.0
CN1CCN(CC(=O)c2ccc3[nH]c4c5c(c6c(c4c3c2)C(=O)NC6=O)CCC5)CC1,7.8,1,0.0,7.8,7.8,2012,2012,1,1,O=C(CN1CCNCC1)c1ccc2[nH]c3c4c(c5c(c3c2c1)C(=O)NC5=O)CCC4,0.0
CN1CCN(CC2=Nc3cccc4c(=O)[nH]nc(c34)N2)CC1,7.46,1,0.0,7.46,7.46,2014,2014,1,1,O=c1[nH]nc2c3c(cccc13)N=C(CN1CCNCC1)N2,0.0
CN1CCN(CCCS(=O)(=O)Nc2ccc(/C=C3\Oc4c(C(N)=O)cccc4C3=O)cc2)CC1,6.95,1,0.0,6.95,6.95,2014,2014,1,1,O=C1C(=Cc2ccc(NS(=O)(=O)CCCN3CCNCC3)cc2)Oc2ccccc21,0.0
CN1CCN(CCOc2ccc(/C=C3\Oc4c(C(N)=O)cccc4C3=O)cc2)CC1,6.94,1,0.0,6.94,6.94,2014,2014,1,1,O=C1C(=Cc2ccc(OCCN3CCNCC3)cc2)Oc2ccccc21,0.0
CN1CCN(CCS(=O)(=O)Nc2ccc(/C=C3\Oc4c(C(N)=O)cccc4C3=O)cc2)CC1,7.1,1,0.0,7.1,7.1,2014,2014,1,1,O=C1C(=Cc2ccc(NS(=O)(=O)CCN3CCNCC3)cc2)Oc2ccccc21,0.0
CN1CCN(Cc2ccc(-n3cc4cccc(C(N)=O)c4n3)cc2)CC1,7.51,1,0.0,7.51,7.51,2009,2009,1,1,c1ccc2nn(-c3ccc(CN4CCNCC4)cc3)cc2c1,0.0
CN1CCN(Cc2ccc(C3Nc4cccc5c(=O)[nH]nc(c45)C3c3ccccc3)cc2)CC1,8.7,1,0.0,8.7,8.7,2016,2016,1,1,O=c1[nH]nc2c3c(cccc13)NC(c1ccc(CN3CCNCC3)cc1)C2c1ccccc1,0.0
CN1CCN(Cc2ccc3c4c(c(=O)[nH]c3c2)CCCN4)CC1,5.76,1,0.0,5.76,5.76,2014,2014,1,1,O=c1[nH]c2cc(CN3CCNCC3)ccc2c2c1CCCN2,0.0
CN1CCN(c2ccc(-c3nc4cncc5c4n3CCNC5=O)cc2)CC1,6.86,1,0.0,6.86,6.86,2016,2016,1,1,O=C1NCCn2c(-c3ccc(N4CCNCC4)cc3)nc3cncc1c32,0.0
CN1CCN(c2ccc3nc(O)c4ccccc4c3n2)CC1,7.35,1,0.0,7.35,7.35,2003,2003,1,1,c1ccc2c(c1)cnc1ccc(N3CCNCC3)nc12,0.0
CN1CCN2C(=Nc3cccc4c(=O)[nH]nc2c34)C1,6.89,1,0.0,6.89,6.89,2018,2018,1,1,O=c1[nH]nc2c3c(cccc13)N=C1CNCCN12,0.0
CN1CCc2cc(-c3ccc4c(Cl)cc(C(N)=O)n4n3)sc2C1,6.85,1,0.0,6.85,6.85,2021,2021,1,1,c1cc2ccc(-c3cc4c(s3)CNCC4)nn2c1,0.0
CN1CCc2cc(-c3nc4c(C(N)=O)cc(F)cc4[nH]3)sc2C1,7.66,1,0.0,7.66,7.66,2018,2018,1,1,c1ccc2[nH]c(-c3cc4c(s3)CNCC4)nc2c1,0.0
CN1CCc2cc(-c3nc4c(C(N)=O)cccc4[nH]3)sc2C1,7.26,1,0.0,7.26,7.26,2018,2018,1,1,c1ccc2[nH]c(-c3cc4c(s3)CNCC4)nc2c1,0.0
CN1CCc2sc(-c3ccc4c(Cl)cc(C(N)=O)n4n3)cc2C1,6.8,1,0.0,6.8,6.8,2021,2021,1,1,c1cc2ccc(-c3cc4c(s3)CCNC4)nn2c1,0.0
CN1CCc2sc(-c3nc4c(C(N)=O)cc(F)cc4[nH]3)cc2C1,7.24,1,0.0,7.24,7.24,2018,2018,1,1,c1ccc2[nH]c(-c3cc4c(s3)CCNC4)nc2c1,0.0
CN1CCc2sc(-c3nc4c(C(N)=O)cccc4[nH]3)cc2C1,6.91,1,0.0,6.91,6.91,2018,2018,1,1,c1ccc2[nH]c(-c3cc4c(s3)CCNC4)nc2c1,0.0
CN1C[C@H]2C[C@@H]1CN2c1ccc2nc(O)c3ccccc3c2n1,7.29,1,0.0,7.29,7.29,2003,2003,1,1,c1ccc2c(c1)cnc1ccc(N3CC4CC3CN4)nc12,0.0
CN1Cc2c(c3c(c4c2c2ccccc2n4C)CCC3)C1=O,5.0,1,0.0,5.0,5.0,2006,2006,1,1,O=C1NCc2c1c1c(c3[nH]c4ccccc4c23)CCC1,0.0
CN1N=C(c2ccc3[nH]c4c5c(c6c(c4c3c2)C(=O)NC6=O)CCC5)CCC1=O,7.92,1,0.0,7.92,7.92,2012,2012,1,1,O=C1CCC(c2ccc3[nH]c4c5c(c6c(c4c3c2)C(=O)NC6=O)CCC5)=NN1,0.0
CNC(=N)c1ccc(N2CCN(C(=O)CCc3nc4ccccc4c(=O)[nH]3)CC2)nc1,7.52,1,0.0,7.52,7.52,2021,2021,1,1,O=C(CCc1nc2ccccc2c(=O)[nH]1)N1CCN(c2ccccn2)CC1,0.0
CNC(=O)c1ccc(C2=CCN(Cc3cnc4cc(C5CC5)c(=O)[nH]c4c3)CC2)cn1,8.26,1,0.0,8.26,8.26,2023,2023,1,1,O=c1[nH]c2cc(CN3CC=C(c4cccnc4)CC3)cnc2cc1C1CC1,0.0
CNC(=O)c1ccc(N2CCN(C(=O)CCc3nc4ccccc4c(=O)[nH]3)CC2)c(Cl)c1,7.8,1,0.0,7.8,7.8,2021,2021,1,1,O=C(CCc1nc2ccccc2c(=O)[nH]1)N1CCN(c2ccccc2)CC1,0.0
CNC(=O)c1ccc(N2CCN(Cc3cc(C)c4c(c3)NC(=O)C(C)O4)CC2)c(C)c1,7.42,1,0.0,7.42,7.42,2013,2013,1,1,O=C1COc2ccc(CN3CCN(c4ccccc4)CC3)cc2N1,0.0
CNC(=O)c1ccc(N2CCN(Cc3cc(C)c4c(c3)NC(=O)C(C)O4)CC2)c(Cl)c1,7.31,1,0.0,7.31,7.31,2013,2013,1,1,O=C1COc2ccc(CN3CCN(c4ccccc4)CC3)cc2N1,0.0
CNC(=O)c1ccc(N2CCN(Cc3cc(C)c4c(c3)NC(=O)C(C)O4)CC2)cc1,7.77,1,0.0,7.77,7.77,2013,2013,1,1,O=C1COc2ccc(CN3CCN(c4ccccc4)CC3)cc2N1,0.0
CNC(=O)c1ccc(N2CCN(Cc3cc(C)c4c5c(c(=O)[nH]c4c3)CCCN5)CC2)c(C)c1,7.28,1,0.0,7.28,7.28,2019,2019,1,1,O=c1[nH]c2cc(CN3CCN(c4ccccc4)CC3)ccc2c2c1CCCN2,0.0
CNC(=O)c1ccc(N2CCN(Cc3cc(C)c4c5c(c(=O)[nH]c4c3)CCCN5)CC2)c(Cl)c1,7.59,1,0.0,7.59,7.59,2019,2019,1,1,O=c1[nH]c2cc(CN3CCN(c4ccccc4)CC3)ccc2c2c1CCCN2,0.0
CNC(=O)c1ccc(N2CCN(Cc3cc(C)c4c5c(c(=O)[nH]c4c3)CCCN5)CC2)cc1F,7.56,1,0.0,7.56,7.56,2019,2019,1,1,O=c1[nH]c2cc(CN3CCN(c4ccccc4)CC3)ccc2c2c1CCCN2,0.0
CNC(=O)c1ccc(N2CCN(Cc3cc(C)c4c5c(c(=O)[nH]c4c3)CCCN5)CC2)nc1,7.74,1,0.0,7.74,7.74,2019,2019,1,1,O=c1[nH]c2cc(CN3CCN(c4ccccn4)CC3)ccc2c2c1CCCN2,0.0
CNC(=O)c1ccc(N2CCN(Cc3cc4[nH]c(=O)c(CC(F)F)cc4cn3)CC2)c(F)n1,8.52,1,0.0,8.52,8.52,2021,2021,1,1,O=c1ccc2cnc(CN3CCN(c4cccnc4)CC3)cc2[nH]1,0.0
CNC(=O)c1ccc(N2CCN(Cc3cc4[nH]c(=O)c(CCF)cc4cn3)CC2)cn1,8.7,1,0.0,8.7,8.7,2021,2021,1,1,O=c1ccc2cnc(CN3CCN(c4cccnc4)CC3)cc2[nH]1,0.0
CNC(=O)c1ccc(N2CCN(Cc3cc4c(c(OC)c3)OC(C)C(=O)N4)CC2)c(C)c1,7.44,1,0.0,7.44,7.44,2013,2013,1,1,O=C1COc2ccc(CN3CCN(c4ccccc4)CC3)cc2N1,0.0
CNC(=O)c1ccc(N2CCN(Cc3cc4c(c(OC)c3)OC(C)C(=O)N4)CC2)cc1,7.54,1,0.0,7.54,7.54,2013,2013,1,1,O=C1COc2ccc(CN3CCN(c4ccccc4)CC3)cc2N1,0.0
CNC(=O)c1ccc(N2CCN(Cc3ccc4c(c3)NC(=O)C(C)O4)CC2)cc1,7.54,1,0.0,7.54,7.54,2013,2013,1,1,O=C1COc2ccc(CN3CCN(c4ccccc4)CC3)cc2N1,0.0
CNC(=O)c1ccc(N2CCN(Cc3ccc4c(c3)[nH]c(=O)c3ccoc34)CC2)cn1,8.18,1,0.0,8.18,8.18,2023,2023,1,1,O=c1[nH]c2cc(CN3CCN(c4cccnc4)CC3)ccc2c2occc12,0.0
CNC(=O)c1ccc(N2CCN(Cc3ccc4c5c(c(=O)[nH]c4c3)CCC5)CC2)cn1,7.51,1,0.0,7.51,7.51,2023,2023,1,1,O=c1[nH]c2cc(CN3CCN(c4cccnc4)CC3)ccc2c2c1CCC2,0.0
CNC(=O)c1ccc(N2CCN(Cc3ccc4c5c(c(=O)[nH]c4c3)CCCN5)CC2)c(Br)c1,8.01,1,0.0,8.01,8.01,2019,2019,1,1,O=c1[nH]c2cc(CN3CCN(c4ccccc4)CC3)ccc2c2c1CCCN2,0.0
CNC(=O)c1ccc(N2CCN(Cc3ccc4c5c(c(=O)[nH]c4c3)CCCN5)CC2)c(Cl)c1,8.1,1,0.0,8.1,8.1,2019,2019,1,1,O=c1[nH]c2cc(CN3CCN(c4ccccc4)CC3)ccc2c2c1CCCN2,0.0
CNC(=O)c1ccc(N2CCN(Cc3ccc4c5c(c(=O)[nH]c4c3)CCCN5)CC2)c(F)c1,8.26,1,0.0,8.26,8.26,2019,2019,1,1,O=c1[nH]c2cc(CN3CCN(c4ccccc4)CC3)ccc2c2c1CCCN2,0.0
CNC(=O)c1ccc(N2CCN(Cc3ccc4c5c(c(=O)[nH]c4c3)CCCN5)CC2)cc1Cl,7.65,1,0.0,7.65,7.65,2019,2019,1,1,O=c1[nH]c2cc(CN3CCN(c4ccccc4)CC3)ccc2c2c1CCCN2,0.0
CNC(=O)c1ccc(N2CCN(Cc3ccc4c5c(c(=O)[nH]c4c3)CCCN5)CC2)cc1F,7.96,1,0.0,7.96,7.96,2019,2019,1,1,O=c1[nH]c2cc(CN3CCN(c4ccccc4)CC3)ccc2c2c1CCCN2,0.0
CNC(=O)c1ccc(N2CCN(Cc3ccc4c5c(c(=O)[nH]c4c3)CCCN5)CC2)nc1,8.07,1,0.0,8.07,8.07,2019,2019,1,1,O=c1[nH]c2cc(CN3CCN(c4ccccn4)CC3)ccc2c2c1CCCN2,0.0
CNC(=O)c1ccc(N2CCN(Cc3ccc4c5c(c(=O)[nH]c4c3)CCO5)CC2)cn1,8.155000000000001,2,0.0212132034355966,8.14,8.17,2023,2023,1,1,O=c1[nH]c2cc(CN3CCN(c4cccnc4)CC3)ccc2c2c1CCO2,0.02999999999999936
CNC(=O)c1ccc(N2CCN(Cc3ccc4nc(C(C)(F)F)c(=O)[nH]c4c3)CC2)cn1,8.22,1,0.0,8.22,8.22,2022,2022,1,1,O=c1cnc2ccc(CN3CCN(c4cccnc4)CC3)cc2[nH]1,0.0
CNC(=O)c1ccc(N2CCN(Cc3ccc4nc(C(F)(F)F)c(=O)[nH]c4c3)CC2)c(Cl)n1,8.15,1,0.0,8.15,8.15,2022,2022,1,1,O=c1cnc2ccc(CN3CCN(c4cccnc4)CC3)cc2[nH]1,0.0
CNC(=O)c1ccc(N2CCN(Cc3ccc4nc(C(F)(F)F)c(=O)[nH]c4c3)CC2)c(F)n1,8.15,1,0.0,8.15,8.15,2022,2022,1,1,O=c1cnc2ccc(CN3CCN(c4cccnc4)CC3)cc2[nH]1,0.0
CNC(=O)c1ccc(N2CCN(Cc3ccc4nc(C(F)(F)F)c(=O)[nH]c4c3)CC2)cn1,7.96,1,0.0,7.96,7.96,2022,2022,1,1,O=c1cnc2ccc(CN3CCN(c4cccnc4)CC3)cc2[nH]1,0.0
CNC(=O)c1ccc(N2CCN(Cc3ccc4nc(CC(F)(F)F)c(=O)[nH]c4c3)CC2)c(F)n1,8.22,1,0.0,8.22,8.22,2022,2022,1,1,O=c1cnc2ccc(CN3CCN(c4cccnc4)CC3)cc2[nH]1,0.0
CNC(=O)c1ccc(N2CCN(Cc3ccc4nc(CC(F)(F)F)c(=O)[nH]c4c3)CC2)cn1,8.15,1,0.0,8.15,8.15,2022,2022,1,1,O=c1cnc2ccc(CN3CCN(c4cccnc4)CC3)cc2[nH]1,0.0
CNC(=O)c1ccc(N2CCN(Cc3ccc4nc(CC(F)F)c(=O)[nH]c4c3)CC2)c(F)n1,8.52,1,0.0,8.52,8.52,2022,2022,1,1,O=c1cnc2ccc(CN3CCN(c4cccnc4)CC3)cc2[nH]1,0.0
CNC(=O)c1ccc(N2CCN(Cc3ccc4nc(CC(F)F)c(=O)[nH]c4c3)CC2)cn1,8.4,1,0.0,8.4,8.4,2022,2022,1,1,O=c1cnc2ccc(CN3CCN(c4cccnc4)CC3)cc2[nH]1,0.0
CNC(=O)c1ccc(N2CCN(Cc3ccc4nc(CCF)c(=O)[nH]c4c3)CC2)c(F)n1,8.3,1,0.0,8.3,8.3,2022,2022,1,1,O=c1cnc2ccc(CN3CCN(c4cccnc4)CC3)cc2[nH]1,0.0
CNC(=O)c1ccc(N2CCN(Cc3ccc4nc(CCF)c(=O)[nH]c4c3)CC2)cn1,8.7,1,0.0,8.7,8.7,2022,2022,1,1,O=c1cnc2ccc(CN3CCN(c4cccnc4)CC3)cc2[nH]1,0.0
CNC(=O)c1ccc(N2CCN(Cc3cnc4c(C)c(C)c(=O)[nH]c4c3)CC2)cn1,8.18,1,0.0,8.18,8.18,2023,2023,1,1,O=c1ccc2ncc(CN3CCN(c4cccnc4)CC3)cc2[nH]1,0.0
CNC(=O)c1ccc(N2CCN(Cc3cnc4c(c3)[nH]c(=O)c3ccoc34)CC2)cn1,7.82,1,0.0,7.82,7.82,2023,2023,1,1,O=c1[nH]c2cc(CN3CCN(c4cccnc4)CC3)cnc2c2occc12,0.0
CNC(=O)c1ccc(N2CCN(Cc3cnc4c5c(c(=O)[nH]c4c3)CCC5)CC2)cn1,8.08,1,0.0,8.08,8.08,2023,2023,1,1,O=c1[nH]c2cc(CN3CCN(c4cccnc4)CC3)cnc2c2c1CCC2,0.0
CNC(=O)c1ccc(N2CCN(Cc3cnc4cc(C)c(=O)[nH]c4c3)CC2)c(C#N)c1,8.19,1,0.0,8.19,8.19,2023,2023,1,1,O=c1ccc2ncc(CN3CCN(c4ccccc4)CC3)cc2[nH]1,0.0
CNC(=O)c1ccc(N2CCN(Cc3cnc4cc(C)c(=O)[nH]c4c3)CC2)c(C#N)n1,7.92,1,0.0,7.92,7.92,2023,2023,1,1,O=c1ccc2ncc(CN3CCN(c4cccnc4)CC3)cc2[nH]1,0.0
CNC(=O)c1ccc(N2CCN(Cc3cnc4cc(C)c(=O)[nH]c4c3)CC2)cn1,8.14,1,0.0,8.14,8.14,2023,2023,1,1,O=c1ccc2ncc(CN3CCN(c4cccnc4)CC3)cc2[nH]1,0.0
CNC(=O)c1ccc(N2CCN(Cc3cnc4cc(C)c(=O)[nH]c4c3)C[C@H]2C)c(C#N)n1,8.13,1,0.0,8.13,8.13,2023,2023,1,1,O=c1ccc2ncc(CN3CCN(c4cccnc4)CC3)cc2[nH]1,0.0
CNC(=O)c1ccc(N2CCN(Cc3cnc4cc(C)c(=O)[nH]c4c3)[C@H]3C[C@H]32)c(C#N)n1,8.28,1,0.0,8.28,8.28,2023,2023,1,1,O=c1ccc2ncc(CN3CCN(c4cccnc4)C4CC43)cc2[nH]1,0.0
CNC(=O)c1ccc(N2CCN(Cc3cnc4cc(C)c(=O)[nH]c4c3)[C@H]3C[C@H]32)cn1,8.29,1,0.0,8.29,8.29,2023,2023,1,1,O=c1ccc2ncc(CN3CCN(c4cccnc4)C4CC43)cc2[nH]1,0.0
CNC(=O)c1ccc(N2CCN(Cc3cnc4cc(C5CC5)c(=O)[nH]c4c3)CC2)c(C#N)n1,8.33,1,0.0,8.33,8.33,2023,2023,1,1,O=c1[nH]c2cc(CN3CCN(c4cccnc4)CC3)cnc2cc1C1CC1,0.0
CNC(=O)c1ccc(N2CCN(Cc3cnc4cc(C5CC5)c(=O)[nH]c4c3)CC2)cn1,8.254999999999999,4,0.13817259737975085,8.0,8.3,2023,2023,1,1,O=c1[nH]c2cc(CN3CCN(c4cccnc4)CC3)cnc2cc1C1CC1,0.3000000000000007
CNC(=O)c1ccc(N2CCN(Cc3cnc4cc(C5CC5)c(=O)[nH]c4c3)C[C@H]2C)cn1,8.18,1,0.0,8.18,8.18,2023,2023,1,1,O=c1[nH]c2cc(CN3CCN(c4cccnc4)CC3)cnc2cc1C1CC1,0.0
CNC(=O)c1ccc(N2CCN(Cc3cnc4cc(C5CC5)c(=O)[nH]c4c3)[C@H]3C[C@H]32)cn1,8.275,2,0.09192388155425048,8.21,8.34,2023,2023,1,1,O=c1[nH]c2cc(CN3CCN(c4cccnc4)C4CC43)cnc2cc1C1CC1,0.129999999999999
CNC(=O)c1ccc(N2CCN(Cc3cnc4cc(C5CCC5)c(=O)[nH]c4c3)CC2)cn1,8.4,1,0.0,8.4,8.4,2023,2023,1,1,O=c1[nH]c2cc(CN3CCN(c4cccnc4)CC3)cnc2cc1C1CCC1,0.0
CNC(=O)c1ccc(N2CCN(Cc3cnc4cc(Cl)c(=O)[nH]c4c3)CC2)cn1,8.21,1,0.0,8.21,8.21,2023,2023,1,1,O=c1ccc2ncc(CN3CCN(c4cccnc4)CC3)cc2[nH]1,0.0
CNC(=O)c1ccc(N2CCN([C@@H](C)c3cnc4cc(C)c(=O)[nH]c4c3)CC2)cn1,8.15,1,0.0,8.15,8.15,2023,2023,1,1,O=c1ccc2ncc(CN3CCN(c4cccnc4)CC3)cc2[nH]1,0.0
CNC(=O)c1ccc(N2CCN([C@@H](C)c3cnc4cc(C)c(=O)[nH]c4c3)C[C@H]2C)cn1,8.18,1,0.0,8.18,8.18,2023,2023,1,1,O=c1ccc2ncc(CN3CCN(c4cccnc4)CC3)cc2[nH]1,0.0
CNC(=O)c1ccc(N2CCN([C@H](C)c3cnc4cc(C)c(=O)[nH]c4c3)C[C@H]2C)cn1,8.14,1,0.0,8.14,8.14,2023,2023,1,1,O=c1ccc2ncc(CN3CCN(c4cccnc4)CC3)cc2[nH]1,0.0
CNC(=O)c1ccc(N2CCN(c3nc4c(C(N)=O)cc(F)cc4[nH]3)CC2)nc1,7.35,1,0.0,7.35,7.35,2019,2019,1,1,c1ccc(N2CCN(c3nc4ccccc4[nH]3)CC2)nc1,0.0
CNC(=O)c1ccc(N2CCN(c3nc4c(C(N)=O)cc(F)cc4[nH]3)CC2)nn1,7.92,1,0.0,7.92,7.92,2019,2019,1,1,c1cnnc(N2CCN(c3nc4ccccc4[nH]3)CC2)c1,0.0
CNC(=O)c1ccc(N2CCN(c3nc4c(C(N)=O)cccc4[nH]3)CC2)nc1,7.6,1,0.0,7.6,7.6,2019,2019,1,1,c1ccc(N2CCN(c3nc4ccccc4[nH]3)CC2)nc1,0.0
CNC(=O)c1ccc2c(c1F)OC[C@@H]1CN(Cc3cnc4cc(C)c(=O)[nH]c4c3)CCN21,7.92,1,0.0,7.92,7.92,2023,2023,1,1,O=c1ccc2ncc(CN3CCN4c5ccccc5OCC4C3)cc2[nH]1,0.0
CNC(=O)c1ccc2c(n1)OC[C@@H]1CN(Cc3cnc4cc(C)c(=O)[nH]c4c3)CCN21,8.08,1,0.0,8.08,8.08,2023,2023,1,1,O=c1ccc2ncc(CN3CCN4c5cccnc5OCC4C3)cc2[nH]1,0.0
CNC(=O)c1ccc2c(n1)OC[C@@H]1CN(Cc3cnc4cc(C5CC5)c(=O)[nH]c4c3)CCN21,8.15,1,0.0,8.15,8.15,2023,2023,1,1,O=c1[nH]c2cc(CN3CCN4c5cccnc5OCC4C3)cnc2cc1C1CC1,0.0
CNC(=O)c1cnc(N2CCN(c3nc4c(C(N)=O)cc(F)cc4[nH]3)CC2)cn1,8.15,1,0.0,8.15,8.15,2019,2019,1,1,c1ccc2[nH]c(N3CCN(c4cnccn4)CC3)nc2c1,0.0
CNC(=O)c1cnc(N2CCN(c3nc4c(C(N)=O)cc(F)cc4[nH]3)CC2)nc1,8.0,1,0.0,8.0,8.0,2019,2019,1,1,c1cnc(N2CCN(c3nc4ccccc4[nH]3)CC2)nc1,0.0
CNC(=O)c1ncc(N2CCN(Cc3cnc4cc(C5CC5)c(=O)[nH]c4c3)CC2)cc1F,8.44,1,0.0,8.44,8.44,2023,2023,1,1,O=c1[nH]c2cc(CN3CCN(c4cccnc4)CC3)cnc2cc1C1CC1,0.0
CNC(=O)c1ncc(N2CCN(Cc3cnc4cc(C5CC5)c(=O)[nH]c4c3)[C@H]3C[C@H]32)cc1F,8.38,1,0.0,8.38,8.38,2023,2023,1,1,O=c1[nH]c2cc(CN3CCN(c4cccnc4)C4CC43)cnc2cc1C1CC1,0.0
CNC(=O)c1ncc(N2CCN(c3nc4c(C(N)=O)cc(F)cc4[nH]3)CC2)cn1,8.05,1,0.0,8.05,8.05,2019,2019,1,1,c1ccc2[nH]c(N3CCN(c4cncnc4)CC3)nc2c1,0.0
CNC(C)(C)C(=O)N1CCN(C(=O)c2cc(Cc3c[nH]c(=O)c4cc(Cl)c(Cl)n34)ccc2F)CC1,8.69,2,0.014142135623730649,8.68,8.7,2010,2010,2,2,O=C(c1cccc(Cc2c[nH]c(=O)c3cccn23)c1)N1CCNCC1,0.019999999999999574
CNC(C)(C)C(=O)N1CCN(C(=O)c2cc(Cc3n[nH]c(=O)c(C)c3C)ccc2F)CC1,8.43,1,0.0,8.43,8.43,2010,2010,1,1,O=C(c1cccc(Cc2ccc(=O)[nH]n2)c1)N1CCNCC1,0.0
CNC(C)(C)c1ccc(-n2cc3cccc(C(N)=O)c3n2)cc1,7.8,1,0.0,7.8,7.8,2009,2009,1,1,c1ccc(-n2cc3ccccc3n2)cc1,0.0
CNC(C)c1ccc(-n2cc3cccc(C(N)=O)c3n2)cc1,8.43,1,0.0,8.43,8.43,2009,2009,1,1,c1ccc(-n2cc3ccccc3n2)cc1,0.0
CNC(C)c1ccc2c3c(c(=O)[nH]c2c1)CCCN3,7.0,1,0.0,7.0,7.0,2014,2014,1,1,O=c1[nH]c2ccccc2c2c1CCCN2,0.0
CNC1(C(=O)N2CCN(C(=O)c3cc(Cc4n[nH]c(=O)c(C)c4C)ccc3F)CC2)CC1,8.44,1,0.0,8.44,8.44,2010,2010,1,1,O=C(c1cccc(Cc2ccc(=O)[nH]n2)c1)N1CCN(C(=O)C2CC2)CC1,0.0
CNC1(C(=O)N2CCN(C(=O)c3cc(Cc4n[nH]c(=O)c(C)c4C)ccc3F)CC2)CCCC1,8.57,1,0.0,8.57,8.57,2010,2010,1,1,O=C(c1cccc(Cc2ccc(=O)[nH]n2)c1)N1CCN(C(=O)C2CCCC2)CC1,0.0
CNC1CCN(C(=O)c2cc(Cc3c[nH]c(=O)c4cc(Cl)c(Cl)n34)ccc2F)CC1,8.64,1,0.0,8.64,8.64,2010,2010,1,1,O=C(c1cccc(Cc2c[nH]c(=O)c3cccn23)c1)N1CCCCC1,0.0
CNCC(F)(F)c1ccc(-c2nnc3n2CCN(C(=O)c2cc(Cc4n[nH]c(=O)c5ccccc45)ccc2F)C3)o1,8.09,1,0.0,8.09,8.09,2023,2023,1,1,O=C(c1cccc(Cc2n[nH]c(=O)c3ccccc23)c1)N1CCn2c(nnc2-c2ccco2)C1,0.0
CNCCc1ccc(-n2cc3cccc(C(N)=O)c3n2)cc1,6.7,1,0.0,6.7,6.7,2009,2009,1,1,c1ccc(-n2cc3ccccc3n2)cc1,0.0
CNCc1cc(OC)c2c3c(c(=O)[nH]c2c1)CCCN3,7.0,1,0.0,7.0,7.0,2014,2014,1,1,O=c1[nH]c2ccccc2c2c1CCCN2,0.0
CNCc1ccc(-c2[nH]c3cc(F)cc4c3c2C(=O)NNC4=O)cc1,8.18,1,0.0,8.18,8.18,2015,2015,1,1,O=C1NNC(=O)c2c(-c3ccccc3)[nH]c3cccc1c23,0.0
CNCc1ccc(-c2[nH]c3cccc4c3c2C(=O)NNC4=O)cc1,5.57,1,0.0,5.57,5.57,2015,2015,1,1,O=C1NNC(=O)c2c(-c3ccccc3)[nH]c3cccc1c23,0.0
CNCc1ccc(-c2cc3cc(F)cc(C(N)=O)c3o2)cc1,8.49,1,0.0,8.49,8.49,2020,2020,1,1,c1ccc(-c2cc3ccccc3o2)cc1,0.0
CNCc1ccc(-c2ccc3c(Cl)cc(C(N)=O)n3n2)cc1,6.6,1,0.0,6.6,6.6,2021,2021,1,1,c1ccc(-c2ccc3cccn3n2)cc1,0.0
CNCc1ccc(-c2nc3c(C(N)=O)cc(F)cc3[nH]2)s1,7.38,1,0.0,7.38,7.38,2018,2018,1,1,c1csc(-c2nc3ccccc3[nH]2)c1,0.0
CNCc1ccc(-c2nc3cncc4c3n2CCNC4=O)cc1,7.89,1,0.0,7.89,7.89,2016,2016,1,1,O=C1NCCn2c(-c3ccccc3)nc3cncc1c32,0.0
CNCc1ccc(-c2nnc3n2CCN(C(=O)c2cc(Cc4n[nH]c(=O)c5ccccc45)ccc2F)C3)o1,9.07,1,0.0,9.07,9.07,2023,2023,1,1,O=C(c1cccc(Cc2n[nH]c(=O)c3ccccc23)c1)N1CCn2c(nnc2-c2ccco2)C1,0.0
CNCc1ccc(-n2cc3c(Cl)ccc(C(N)=O)c3n2)cc1,6.75,1,0.0,6.75,6.75,2010,2010,1,1,c1ccc(-n2cc3ccccc3n2)cc1,0.0
CNCc1ccc(-n2cc3c(F)c(F)cc(C(N)=O)c3n2)cc1,7.6,1,0.0,7.6,7.6,2010,2010,1,1,c1ccc(-n2cc3ccccc3n2)cc1,0.0
CNCc1ccc(-n2cc3c(F)ccc(C(N)=O)c3n2)cc1,8.1,1,0.0,8.1,8.1,2010,2010,1,1,c1ccc(-n2cc3ccccc3n2)cc1,0.0
CNCc1ccc(-n2cc3c(O)ccc(C(N)=O)c3n2)cc1,6.27,1,0.0,6.27,6.27,2010,2010,1,1,c1ccc(-n2cc3ccccc3n2)cc1,0.0
CNCc1ccc(-n2cc3cc(Cl)cc(C(N)=O)c3n2)cc1,8.3,1,0.0,8.3,8.3,2010,2010,1,1,c1ccc(-n2cc3ccccc3n2)cc1,0.0
CNCc1ccc(-n2cc3cc(F)cc(C(N)=O)c3n2)c(F)c1,8.22,1,0.0,8.22,8.22,2010,2010,1,1,c1ccc(-n2cc3ccccc3n2)cc1,0.0
CNCc1ccc(-n2cc3cc(F)cc(C(N)=O)c3n2)cc1,8.85,1,0.0,8.85,8.85,2010,2010,1,1,c1ccc(-n2cc3ccccc3n2)cc1,0.0
CNCc1ccc(-n2cc3cc(F)cc(C(N)=O)c3n2)cc1F,8.7,1,0.0,8.7,8.7,2010,2010,1,1,c1ccc(-n2cc3ccccc3n2)cc1,0.0
CNCc1ccc(-n2cc3ccc(F)c(C(N)=O)c3n2)cc1,7.7,1,0.0,7.7,7.7,2010,2010,1,1,c1ccc(-n2cc3ccccc3n2)cc1,0.0
CNCc1ccc(-n2cc3cccc(C(N)=O)c3n2)cc1,8.36,2,0.08485281374238578,8.3,8.42,2009,2010,2,2,c1ccc(-n2cc3ccccc3n2)cc1,0.11999999999999922
CNCc1ccc(-n2cc3cccc(C(N)=O)c3n2)cc1C(F)(F)F,8.3,1,0.0,8.3,8.3,2010,2010,1,1,c1ccc(-n2cc3ccccc3n2)cc1,0.0
CNCc1ccc(-n2cc3cccc(C(N)=O)c3n2)cc1F,8.4,1,0.0,8.4,8.4,2010,2010,1,1,c1ccc(-n2cc3ccccc3n2)cc1,0.0
CNCc1ccc(-n2cc3cccc(C(N)=O)c3n2)cc1O,7.92,1,0.0,7.92,7.92,2010,2010,1,1,c1ccc(-n2cc3ccccc3n2)cc1,0.0
CNCc1ccc(-n2cc3cccc(C(N)=O)c3n2)cc1OC,8.4,1,0.0,8.4,8.4,2010,2010,1,1,c1ccc(-n2cc3ccccc3n2)cc1,0.0
CNCc1ccc(-n2nc3c(C(N)=O)cccc3c2Cl)cc1,7.7,1,0.0,7.7,7.7,2010,2010,1,1,c1ccc(-n2cc3ccccc3n2)cc1,0.0
CNCc1ccc2c3c(c(=O)[nH]c2c1)CCCN3,7.16,1,0.0,7.16,7.16,2014,2014,1,1,O=c1[nH]c2ccccc2c2c1CCCN2,0.0
CNCc1cccc(-n2cc3cccc(C(N)=O)c3n2)c1,8.28,1,0.0,8.28,8.28,2009,2009,1,1,c1ccc(-n2cc3ccccc3n2)cc1,0.0
COC(=O)C1CCN(Cc2c(O)cc(O)c3c(=O)cc(-c4ccc(O)cc4)oc23)CC1,7.01,1,0.0,7.01,7.01,2021,2021,1,1,O=c1cc(-c2ccccc2)oc2c(CN3CCCCC3)cccc12,0.0
COC(=O)[C@@H]1CCCN1CC(=O)c1ccc2[nH]c3c4c(c5c(c3c2c1)C(=O)NC5=O)CCC4,7.92,1,0.0,7.92,7.92,2012,2012,1,1,O=C(CN1CCCC1)c1ccc2[nH]c3c4c(c5c(c3c2c1)C(=O)NC5=O)CCC4,0.0
COC(=O)[C@H](Cc1ccccc1)NC(=O)CCc1nc2ccccc2c(=O)[nH]1,5.6,1,0.0,5.6,5.6,2013,2013,1,1,O=C(CCc1nc2ccccc2c(=O)[nH]1)NCCc1ccccc1,0.0
COC(=O)c1ccc(C(=O)C2CCN(C(=O)CC(C)(C)Cc3nc4c(C)cccc4c(=O)[nH]3)CC2)cc1C,5.5,1,0.0,5.5,5.5,2020,2020,1,1,O=C(c1ccccc1)C1CCN(C(=O)CCCc2nc3ccccc3c(=O)[nH]2)CC1,0.0
COC(=O)c1ccc2[nH]c3c4c(c5c(c3c2c1)CNC5=O)CCC4,7.23,1,0.0,7.23,7.23,2006,2006,1,1,O=C1NCc2c1c1c(c3[nH]c4ccccc4c23)CCC1,0.0
COC(=O)c1ccc2c(c1)[nH]c(=O)c1ccncc12,6.1,1,0.0,6.1,6.1,2015,2015,1,1,O=c1[nH]c2ccccc2c2cnccc12,0.0
COC(=O)c1ccc2c(c1)nc(O)c1cc(F)ccc12,7.43,1,0.0,7.43,7.43,2001,2001,1,1,c1ccc2c(c1)cnc1ccccc12,0.0
COC(=O)c1ccc2c(c1)nc(O)c1ccccc12,6.74,1,0.0,6.74,6.74,2001,2001,1,1,c1ccc2c(c1)cnc1ccccc12,0.0
COC(=O)c1cccc(C(=O)C2CCN(C(=O)CC(C)(C)Cc3nc4c(C)cccc4c(=O)[nH]3)CC2)c1,5.14,1,0.0,5.14,5.14,2020,2020,1,1,O=C(c1ccccc1)C1CCN(C(=O)CCCc2nc3ccccc3c(=O)[nH]2)CC1,0.0
COC(=O)c1cccc(C(=O)C2CCN(C(=O)C[C@@H](C)Cc3nc4c(C)cccc4c(=O)[nH]3)CC2)c1,6.1,1,0.0,6.1,6.1,2020,2020,1,1,O=C(c1ccccc1)C1CCN(C(=O)CCCc2nc3ccccc3c(=O)[nH]2)CC1,0.0
COC(=O)c1cccc(C(=O)C2CCN(C(=O)C[C@H](C)Cc3nc4c(C)cccc4c(=O)[nH]3)CC2)c1,5.96,1,0.0,5.96,5.96,2020,2020,1,1,O=C(c1ccccc1)C1CCN(C(=O)CCCc2nc3ccccc3c(=O)[nH]2)CC1,0.0
COC(=O)c1nc(C(F)(F)F)n2c1CN(C(=O)c1cc(Cc3n[nH]c(=O)c4ccccc34)ccc1F)CC2,7.28,1,0.0,7.28,7.28,2016,2016,1,1,O=C(c1cccc(Cc2n[nH]c(=O)c3ccccc23)c1)N1CCn2cncc2C1,0.0
COC1CCN(C(=O)c2ccc(-c3ccc4c(Cl)cc(C(N)=O)n4n3)c(F)c2)C1,6.18,1,0.0,6.18,6.18,2021,2021,1,1,O=C(c1ccc(-c2ccc3cccn3n2)cc1)N1CCCC1,0.0
COC1CCN(C(=O)c2ccc(-c3ccc4c(Cl)cc(C(N)=O)n4n3)c(F)c2)CC1,6.94,1,0.0,6.94,6.94,2021,2021,1,1,O=C(c1ccc(-c2ccc3cccn3n2)cc1)N1CCCCC1,0.0
COC1CCN(C(=O)c2ccc(-c3ccc4c(Cl)cc(C(N)=O)n4n3)cc2)C1,6.44,1,0.0,6.44,6.44,2021,2021,1,1,O=C(c1ccc(-c2ccc3cccn3n2)cc1)N1CCCC1,0.0
COC1CCN(C(=O)c2ccc(-c3ccc4c(Cl)cc(C(N)=O)n4n3)cc2)CC1,5.45,1,0.0,5.45,5.45,2021,2021,1,1,O=C(c1ccc(-c2ccc3cccn3n2)cc1)N1CCCCC1,0.0
COC1CN(C(=O)c2cc(Cc3n[nH]c(=O)c4ccccc34)ccc2F)Cc2nnc(C(F)(F)F)n21,7.08,1,0.0,7.08,7.08,2016,2016,1,1,O=C(c1cccc(Cc2n[nH]c(=O)c3ccccc23)c1)N1CCn2cnnc2C1,0.0
COCCN(C)Cc1cc(OC)c2c3c(c(=O)[nH]c2c1)CCCN3,6.96,1,0.0,6.96,6.96,2014,2014,1,1,O=c1[nH]c2ccccc2c2c1CCCN2,0.0
COCCN(C)Cc1ccc2c3c(c(=O)[nH]c2c1)CCCN3,6.92,1,0.0,6.92,6.92,2014,2014,1,1,O=c1[nH]c2ccccc2c2c1CCCN2,0.0
COCCN1CCC(Oc2ccc3[nH]c(=O)c4c(c3c2)CCSC4)CC1,7.4,1,0.0,7.4,7.4,2010,2010,1,1,O=c1[nH]c2ccc(OC3CCNCC3)cc2c2c1CSCC2,0.0
COCCN1CCN(Cc2ccc3c(c2)-c2n[nH]c(=O)c4cccc(c24)O3)CC1,7.7,1,0.0,7.7,7.7,2013,2013,1,1,O=c1[nH]nc2c3c(cccc13)Oc1ccc(CN3CCNCC3)cc1-2,0.0
COCCOc1cc(CN(C)C)cc2[nH]c(=O)c3c(c12)NCCC3,6.75,1,0.0,6.75,6.75,2014,2014,1,1,O=c1[nH]c2ccccc2c2c1CCCN2,0.0
COCCOc1cc(CN2CCOCC2)cc2[nH]c(=O)c3c(c12)NCCC3,6.21,1,0.0,6.21,6.21,2014,2014,1,1,O=c1[nH]c2cc(CN3CCOCC3)ccc2c2c1CCCN2,0.0
COCCOc1ccc(C(=O)C2CCN(CC(=O)NCc3nc4c(c(=O)[nH]3)COCC4)CC2)cc1,5.17,1,0.0,5.17,5.17,2015,2015,1,1,O=C(CN1CCC(C(=O)c2ccccc2)CC1)NCc1nc2c(c(=O)[nH]1)COCC2,0.0
COCCOc1ccc2[nH]c(=O)c3c(c2c1)NCCC3,5.82,1,0.0,5.82,5.82,2014,2014,1,1,O=c1[nH]c2ccccc2c2c1CCCN2,0.0
COCc1ccc(N2CCN(Cc3ccc4c5c(c(=O)[nH]c4c3)CCCN5)CC2)nc1,8.35,1,0.0,8.35,8.35,2019,2019,1,1,O=c1[nH]c2cc(CN3CCN(c4ccccn4)CC3)ccc2c2c1CCCN2,0.0
COCn1c(=O)c2c(c3cc(CCN(C)C)ccc31)NCCC2,5.97,1,0.0,5.97,5.97,2014,2014,1,1,O=c1[nH]c2ccccc2c2c1CCCN2,0.0
CON=C1CCN(Cc2cc(OC)c3c4c(c(=O)[nH]c3c2)CCCN4)CC1,6.85,1,0.0,6.85,6.85,2014,2014,1,1,N=C1CCN(Cc2ccc3c4c(c(=O)[nH]c3c2)CCCN4)CC1,0.0
COc1cc(-c2cc3[nH]c(=O)c4ccccc4n3n2)cc(OC)c1OC,7.52,1,0.0,7.52,7.52,2009,2009,1,1,O=c1[nH]c2cc(-c3ccccc3)nn2c2ccccc12,0.0
COc1cc(-c2ccc(-c3nc4c(C(N)=O)cc(F)cc4[nH]3)c(F)c2)ccc1NC(=O)C1CC1,6.01,1,0.0,6.01,6.01,2015,2015,1,1,O=C(Nc1ccc(-c2ccc(-c3nc4ccccc4[nH]3)cc2)cc1)C1CC1,0.0
COc1cc(-c2ccc(-c3nc4c(C(N)=O)cc(F)cc4[nH]3)cc2)ccc1NC(=O)C1CC1,5.22,1,0.0,5.22,5.22,2015,2015,1,1,O=C(Nc1ccc(-c2ccc(-c3nc4ccccc4[nH]3)cc2)cc1)C1CC1,0.0
COc1cc(-c2nc3c(C(N)=O)cccc3[nH]2)ccc1N(C)c1ncc2c(n1)N(C1CCCC1)[C@H](C)C(=O)N2C,7.6,1,0.0,7.6,7.6,2021,2021,1,1,O=C1CN(C2CCCC2)c2nc(Nc3ccc(-c4nc5ccccc5[nH]4)cc3)ncc2N1,0.0
COc1cc(-c2nc3c(C(N)=O)cccc3[nH]2)ccc1Nc1ncc2c(n1)N(C1CCCC1)[C@H](C)C(=O)N2C,6.9,1,0.0,6.9,6.9,2021,2021,1,1,O=C1CN(C2CCCC2)c2nc(Nc3ccc(-c4nc5ccccc5[nH]4)cc3)ncc2N1,0.0
COc1cc(/C=C/C(=O)Nc2nc(-c3ccccc3)cs2)cc(OC)c1,5.34,1,0.0,5.34,5.34,2009,2009,1,1,O=C(C=Cc1ccccc1)Nc1nc(-c2ccccc2)cs1,0.0
COc1cc(/C=C/C(=O)Nc2nc3c(s2)CCCC3)cc(OC)c1,5.03,1,0.0,5.03,5.03,2009,2009,1,1,O=C(C=Cc1ccccc1)Nc1nc2c(s1)CCCC2,0.0
COc1cc(/C=C2\Oc3c(C(N)=O)cccc3C2=O)ccc1O,5.44,1,0.0,5.44,5.44,2014,2014,1,1,O=C1C(=Cc2ccccc2)Oc2ccccc21,0.0
COc1cc(C#N)ccc1N1CCN(Cc2cc(F)c3c4c(c(=O)[nH]c3c2)CCCN4)CC1,7.93,1,0.0,7.93,7.93,2019,2019,1,1,O=c1[nH]c2cc(CN3CCN(c4ccccc4)CC3)ccc2c2c1CCCN2,0.0
COc1cc(C#N)ccc1N1CCN(Cc2ccc3c4c(c(=O)[nH]c3c2)CCCN4)CC1,8.13,1,0.0,8.13,8.13,2019,2019,1,1,O=c1[nH]c2cc(CN3CCN(c4ccccc4)CC3)ccc2c2c1CCCN2,0.0
COc1cc(C(=O)N2CCCN(C(=O)c3cccc(Cc4nnc(O)c5ccccc45)c3)CC2)cc(Cl)n1,8.05,1,0.0,8.05,8.05,2006,2006,1,1,O=C(c1ccncc1)N1CCCN(C(=O)c2cccc(Cc3nncc4ccccc34)c2)CC1,0.0
COc1cc(CN(C)C(C)C)cc2[nH]c(=O)c3c(c12)NCCC3,6.85,1,0.0,6.85,6.85,2014,2014,1,1,O=c1[nH]c2ccccc2c2c1CCCN2,0.0
COc1cc(CN(C)C)cc2[nH]c(=O)c3c(c12)NCCC3,7.1,1,0.0,7.1,7.1,2014,2014,1,1,O=c1[nH]c2ccccc2c2c1CCCN2,0.0
COc1cc(CN(C)C2CCCC2)cc2[nH]c(=O)c3c(c12)NCCC3,6.72,1,0.0,6.72,6.72,2014,2014,1,1,O=c1[nH]c2cc(CNC3CCCC3)ccc2c2c1CCCN2,0.0
COc1cc(CN(C)C2CCOCC2)cc2[nH]c(=O)c3c(c12)NCCC3,6.39,1,0.0,6.39,6.39,2014,2014,1,1,O=c1[nH]c2cc(CNC3CCOCC3)ccc2c2c1CCCN2,0.0
COc1cc(CN(C)CCCl)cc2[nH]c(=O)c3c(c12)NCCC3,6.75,1,0.0,6.75,6.75,2014,2014,1,1,O=c1[nH]c2ccccc2c2c1CCCN2,0.0
COc1cc(CN(C)CCF)cc2[nH]c(=O)c3c(c12)NCCC3,6.77,1,0.0,6.77,6.77,2014,2014,1,1,O=c1[nH]c2ccccc2c2c1CCCN2,0.0
COc1cc(CN(C)CCOC(C)C)cc2[nH]c(=O)c3c(c12)NCCC3,6.5,1,0.0,6.5,6.5,2014,2014,1,1,O=c1[nH]c2ccccc2c2c1CCCN2,0.0
COc1cc(CN(C)N2CCOCC2)cc2[nH]c(=O)c3c(c12)NCCC3,6.05,1,0.0,6.05,6.05,2014,2014,1,1,O=c1[nH]c2cc(CNN3CCOCC3)ccc2c2c1CCCN2,0.0
COc1cc(CN)cc2[nH]c(=O)c3c(c12)NCCC3,7.16,1,0.0,7.16,7.16,2014,2014,1,1,O=c1[nH]c2ccccc2c2c1CCCN2,0.0
COc1cc(CN2CC(C)OC(C)C2)cc2[nH]c(=O)c3c(c12)NCCC3,6.11,1,0.0,6.11,6.11,2014,2014,1,1,O=c1[nH]c2cc(CN3CCOCC3)ccc2c2c1CCCN2,0.0
COc1cc(CN2CC=CC2)cc2[nH]c(=O)c3c(c12)NCCC3,7.22,1,0.0,7.22,7.22,2014,2014,1,1,O=c1[nH]c2cc(CN3CC=CC3)ccc2c2c1CCCN2,0.0
COc1cc(CN2CCC(=O)CC2)cc2[nH]c(=O)c3c(c12)NCCC3,6.96,1,0.0,6.96,6.96,2014,2014,1,1,O=C1CCN(Cc2ccc3c4c(c(=O)[nH]c3c2)CCCN4)CC1,0.0
COc1cc(CN2CCC(N3CCOCC3)CC2)cc2[nH]c(=O)c3c(c12)NCCC3,6.85,1,0.0,6.85,6.85,2014,2014,1,1,O=c1[nH]c2cc(CN3CCC(N4CCOCC4)CC3)ccc2c2c1CCCN2,0.0
COc1cc(CN2CCC(N=O)CC2)cc2[nH]c(=O)c3c(c12)NCCC3,6.75,1,0.0,6.75,6.75,2014,2014,1,1,O=c1[nH]c2cc(CN3CCCCC3)ccc2c2c1CCCN2,0.0
COc1cc(CN2CCCC2)cc2[nH]c(=O)c3c(c12)NCCC3,7.3,1,0.0,7.3,7.3,2014,2014,1,1,O=c1[nH]c2cc(CN3CCCC3)ccc2c2c1CCCN2,0.0
COc1cc(CN2CCCCC2)cc2[nH]c(=O)c3c(c12)NCCC3,6.82,1,0.0,6.82,6.82,2014,2014,1,1,O=c1[nH]c2cc(CN3CCCCC3)ccc2c2c1CCCN2,0.0
COc1cc(CN2CCN(Cc3c(O)cc(O)c4c(=O)cc(-c5ccc(O)cc5)oc34)CC2)cc(OC)c1,7.57,1,0.0,7.57,7.57,2021,2021,1,1,O=c1cc(-c2ccccc2)oc2c(CN3CCN(Cc4ccccc4)CC3)cccc12,0.0
COc1cc(CN2CCN(c3ccc(C(=O)NC4CC4)cc3)CC2)cc2c1OC(C)C(=O)N2,7.52,1,0.0,7.52,7.52,2013,2013,1,1,O=C1COc2ccc(CN3CCN(c4ccc(C(=O)NC5CC5)cc4)CC3)cc2N1,0.0
COc1cc(CN2CCN(c3ccc(C(=O)NC4CC4)cc3C)CC2)cc2c1OC(C)C(=O)N2,6.83,1,0.0,6.83,6.83,2013,2013,1,1,O=C1COc2ccc(CN3CCN(c4ccc(C(=O)NC5CC5)cc4)CC3)cc2N1,0.0
COc1cc(CN2CCN(c3ccc(F)cc3)CC2)cc2[nH]c(=O)c3c(c12)NCCC3,7.86,1,0.0,7.86,7.86,2019,2019,1,1,O=c1[nH]c2cc(CN3CCN(c4ccccc4)CC3)ccc2c2c1CCCN2,0.0
COc1cc(CN2CCOCC2)cc2[nH]c(=O)c3c(c12)NCCC3,6.64,1,0.0,6.64,6.64,2014,2014,1,1,O=c1[nH]c2cc(CN3CCOCC3)ccc2c2c1CCCN2,0.0
COc1cc(CN2CCSCC2)cc2[nH]c(=O)c3c(c12)NCCC3,7.05,1,0.0,7.05,7.05,2014,2014,1,1,O=c1[nH]c2cc(CN3CCSCC3)ccc2c2c1CCCN2,0.0
COc1cc(CNC(C)(C)C)cc2[nH]c(=O)c3c(c12)NCCC3,6.21,1,0.0,6.21,6.21,2014,2014,1,1,O=c1[nH]c2ccccc2c2c1CCCN2,0.0
COc1cc(CNC(C)C)cc2[nH]c(=O)c3c(c12)NCCC3,6.96,1,0.0,6.96,6.96,2014,2014,1,1,O=c1[nH]c2ccccc2c2c1CCCN2,0.0
COc1cc(CNC2CCCC2)cc2[nH]c(=O)c3c(c12)NCCC3,6.57,1,0.0,6.57,6.57,2014,2014,1,1,O=c1[nH]c2cc(CNC3CCCC3)ccc2c2c1CCCN2,0.0
COc1cc(CNCCN2CCOCC2)cc2[nH]c(=O)c3c(c12)NCCC3,7.16,1,0.0,7.16,7.16,2014,2014,1,1,O=c1[nH]c2cc(CNCCN3CCOCC3)ccc2c2c1CCCN2,0.0
COc1cc(CNN2CCOCC2)cc2[nH]c(=O)c3c(c12)NCCC3,6.11,1,0.0,6.11,6.11,2014,2014,1,1,O=c1[nH]c2cc(CNN3CCOCC3)ccc2c2c1CCCN2,0.0
COc1cc(CO)cc2[nH]c(=O)c3c(c12)NCCC3,6.72,1,0.0,6.72,6.72,2014,2014,1,1,O=c1[nH]c2ccccc2c2c1CCCN2,0.0
COc1cc(C[N+](C)(C)C2CCCC2)cc2[nH]c(=O)c3c(c12)NCCC3,6.54,1,0.0,6.54,6.54,2014,2014,1,1,O=c1[nH]c2cc(C[NH2+]C3CCCC3)ccc2c2c1CCCN2,0.0
COc1cc(N(C)c2ccc3c(C)n(C)nc3c2)nc(Nc2ccc(-c3nc4c(C(N)=O)cccc4[nH]3)cc2)n1,7.1,1,0.0,7.1,7.1,2023,2023,1,1,c1ccc2[nH]c(-c3ccc(Nc4nccc(Nc5ccc6c[nH]nc6c5)n4)cc3)nc2c1,0.0
COc1cc(N2CCN(Cc3ccc4c5c(c(=O)[nH]c4c3)CCCN5)CC2)ncc1Br,7.75,1,0.0,7.75,7.75,2019,2019,1,1,O=c1[nH]c2cc(CN3CCN(c4ccccn4)CC3)ccc2c2c1CCCN2,0.0
COc1cc(N2CCN(Cc3ccc4c5c(c(=O)[nH]c4c3)CCCN5)CC2)ncc1C#N,8.13,1,0.0,8.13,8.13,2019,2019,1,1,O=c1[nH]c2cc(CN3CCN(c4ccccn4)CC3)ccc2c2c1CCCN2,0.0
COc1cc(Nc2nccc(N(C)c3ccc4c(C)n(C)nc4c3)n2)ccc1-c1nc2c(C(N)=O)cccc2[nH]1,6.91,1,0.0,6.91,6.91,2023,2023,1,1,c1ccc2[nH]c(-c3ccc(Nc4nccc(Nc5ccc6c[nH]nc6c5)n4)cc3)nc2c1,0.0
COc1cc(Nc2nccc(N(C)c3ccc4c(C)n(C)nc4c3)n2)ccc1-c1nc2cc(F)c(F)cc2[nH]1,6.1,1,0.0,6.1,6.1,2023,2023,1,1,c1ccc2[nH]c(-c3ccc(Nc4nccc(Nc5ccc6c[nH]nc6c5)n4)cc3)nc2c1,0.0
COc1cc2c(c(OC)c1)C1CCC(=O)N1CC2,5.86,1,0.0,5.86,5.86,2015,2015,1,1,O=C1CCC2c3ccccc3CCN12,0.0
COc1cc2c(cc1O)C1(O)c3ccccc3C(=O)N1CC2,6.67,1,0.0,6.67,6.67,2015,2015,1,1,O=C1c2ccccc2C2c3ccccc3CCN12,0.0
COc1cc2c(cc1OC)C1(O)C3C4c5ccccc5C(c5ccccc54)C3C(=O)N1CC2,5.79,1,0.0,5.79,5.79,2015,2015,1,1,O=C1C2C3c4ccccc4C(c4ccccc43)C2C2c3ccccc3CCN12,0.0
COc1cc2c(cc1OC)C1(O)c3ccccc3C(=O)N1CC2,6.06,1,0.0,6.06,6.06,2015,2015,1,1,O=C1c2ccccc2C2c3ccccc3CCN12,0.0
COc1cc2c(cc1OC)CN(C(=O)C1CCN(C(=O)c3cccc(Cc4nnc(O)c5ccccc45)c3)CC1)CC2,7.8,1,0.0,7.8,7.8,2006,2006,1,1,O=C(c1cccc(Cc2nncc3ccccc23)c1)N1CCC(C(=O)N2CCc3ccccc3C2)CC1,0.0
COc1ccc(-c2cc3[nH]c(=O)c4ccccc4n3n2)c(OC)c1,6.7,1,0.0,6.7,6.7,2009,2009,1,1,O=c1[nH]c2cc(-c3ccccc3)nn2c2ccccc12,0.0
COc1ccc(-c2cc3[nH]c(=O)c4ccccc4n3n2)cc1OC,6.7,1,0.0,6.7,6.7,2009,2009,1,1,O=c1[nH]c2cc(-c3ccccc3)nn2c2ccccc12,0.0
COc1ccc(-c2cc3c(N)cccc3c(=O)[nH]2)cc1,6.05,1,0.0,6.05,6.05,2013,2013,1,1,O=c1[nH]c(-c2ccccc2)cc2ccccc12,0.0
COc1ccc(-c2cc3c(c(=O)[nH]2)CCCN3C)cc1,5.47,1,0.0,5.47,5.47,2015,2015,1,1,O=c1[nH]c(-c2ccccc2)cc2c1CCCN2,0.0
COc1ccc(-c2ccc(C(=O)CNC(=O)CCn3c4c(c(=O)[nH]c3=O)CSCC4)cc2)cc1,7.82,1,0.0,7.82,7.82,2002,2002,1,1,O=C(CCn1c2c(c(=O)[nH]c1=O)CSCC2)NCC(=O)c1ccc(-c2ccccc2)cc1,0.0
COc1ccc(-c2ccc3cccc(C(N)=O)c3n2)cc1,5.96,1,0.0,5.96,5.96,2009,2009,1,1,c1ccc(-c2ccc3ccccc3n2)cc1,0.0
COc1ccc(-c2cnc3c(C(N)=O)cccc3c2)cc1,4.21,1,0.0,4.21,4.21,2009,2009,1,1,c1ccc(-c2cnc3ccccc3c2)cc1,0.0
COc1ccc(-c2cnc3cccc(C(N)=O)c3n2)cc1,7.15,1,0.0,7.15,7.15,2009,2009,1,1,c1ccc(-c2cnc3ccccc3n2)cc1,0.0
COc1ccc(-c2nc(O)c3cccc(C)c3n2)cc1,6.05,1,0.0,6.05,6.05,2013,2013,1,1,c1ccc(-c2ncc3ccccc3n2)cc1,0.0
COc1ccc(-c2nc(O)c3cccc(OC)c3n2)cc1,5.91,1,0.0,5.91,5.91,2016,2016,1,1,c1ccc(-c2ncc3ccccc3n2)cc1,0.0
COc1ccc(-c2nc(O)c3ccccc3n2)cc1,5.57,1,0.0,5.57,5.57,2016,2016,1,1,c1ccc(-c2ncc3ccccc3n2)cc1,0.0
COc1ccc(-c2nc3c(C(N)=O)cccc3[nH]2)cc1Nc1nccc(N(C)c2ccc3c(C)n(C)nc3c2)n1,7.41,1,0.0,7.41,7.41,2023,2023,1,1,c1cc(Nc2nccc(Nc3ccc4c[nH]nc4c3)n2)cc(-c2nc3ccccc3[nH]2)c1,0.0
COc1ccc(-c2nc3cc(F)c(F)cc3[nH]2)cc1Nc1nccc(N(C)c2ccc3c(C)n(C)nc3c2)n1,6.1,1,0.0,6.1,6.1,2023,2023,1,1,c1cc(Nc2nccc(Nc3ccc4c[nH]nc4c3)n2)cc(-c2nc3ccccc3[nH]2)c1,0.0
COc1ccc(-c2nnc(C3CCN(C(=O)CCCc4nc5ccccc5c(=O)[nH]4)CC3)o2)cc1,5.5,1,0.0,5.5,5.5,2016,2016,1,1,O=C(CCCc1nc2ccccc2c(=O)[nH]1)N1CCC(c2nnc(-c3ccccc3)o2)CC1,0.0
COc1ccc(-c2nnc([C@H]3CC[C@H](NC(=O)CCCc4nc5ccccc5c(=O)[nH]4)CC3)o2)cc1,5.97,1,0.0,5.97,5.97,2016,2016,1,1,O=C(CCCc1nc2ccccc2c(=O)[nH]1)NC1CCC(c2nnc(-c3ccccc3)o2)CC1,0.0
COc1ccc(-c2nnc([C@H]3CC[C@H](NC(=O)CCSc4nc5ccccc5c(=O)[nH]4)CC3)o2)cc1,5.35,1,0.0,5.35,5.35,2016,2016,1,1,O=C(CCSc1nc2ccccc2c(=O)[nH]1)NC1CCC(c2nnc(-c3ccccc3)o2)CC1,0.0
COc1ccc(-n2cc(C(=O)Nc3cccc(Cc4nnc(O)c5ccccc45)c3)c(C)n2)cc1,8.0,1,0.0,8.0,8.0,2005,2005,1,1,O=C(Nc1cccc(Cc2nncc3ccccc23)c1)c1cnn(-c2ccccc2)c1,0.0
COc1ccc(/C=C2\Oc3c(C(N)=O)cccc3C2=O)cc1,5.48,1,0.0,5.48,5.48,2014,2014,1,1,O=C1C(=Cc2ccccc2)Oc2ccccc21,0.0
COc1ccc(C(=O)C2CCN(C(=O)CC(C)(C)Cc3nc4c(ccn4C)c(=O)[nH]3)CC2)cn1,5.05,1,0.0,5.05,5.05,2020,2020,1,1,O=C(c1cccnc1)C1CCN(C(=O)CCCc2nc3[nH]ccc3c(=O)[nH]2)CC1,0.0
COc1ccc(C(=O)C2CCN(C(=O)CCC(C)(C)c3nc4ccccc4c(=O)[nH]3)CC2)cc1,5.38,1,0.0,5.38,5.38,2020,2020,1,1,O=C(c1ccccc1)C1CCN(C(=O)CCCc2nc3ccccc3c(=O)[nH]2)CC1,0.0
COc1ccc(C(=O)C2CCN(C(=O)COCc3nc4c(F)cc(F)cc4c(=O)[nH]3)CC2)cc1,6.02,1,0.0,6.02,6.02,2020,2020,1,1,O=C(c1ccccc1)C1CCN(C(=O)COCc2nc3ccccc3c(=O)[nH]2)CC1,0.0
COc1ccc(C(=O)C2CCN(C(=O)COCc3nc4c(F)cc(F)cc4c(=O)[nH]3)CC2)cn1,6.36,1,0.0,6.36,6.36,2020,2020,1,1,O=C(c1cccnc1)C1CCN(C(=O)COCc2nc3ccccc3c(=O)[nH]2)CC1,0.0
COc1ccc(C(=O)C2CCN(C(=O)COCc3nc4ccccc4c(=O)[nH]3)CC2)cc1,6.05,1,0.0,6.05,6.05,2020,2020,1,1,O=C(c1ccccc1)C1CCN(C(=O)COCc2nc3ccccc3c(=O)[nH]2)CC1,0.0
COc1ccc(C(=O)C2CCN(C(=O)COCc3nc4ccccc4c(=O)[nH]3)CC2)cn1,5.8,1,0.0,5.8,5.8,2020,2020,1,1,O=C(c1cccnc1)C1CCN(C(=O)COCc2nc3ccccc3c(=O)[nH]2)CC1,0.0
COc1ccc(C(=O)C2CCN(C(=O)N(C)CCc3nc4ccccc4c(=O)[nH]3)CC2)cc1,5.7,1,0.0,5.7,5.7,2020,2020,1,1,O=C(c1ccccc1)C1CCN(C(=O)NCCc2nc3ccccc3c(=O)[nH]2)CC1,0.0
COc1ccc(C(=O)C2CCN(C(=O)NCCc3nc4ccccc4c(=O)[nH]3)CC2)cc1,6.09,1,0.0,6.09,6.09,2020,2020,1,1,O=C(c1ccccc1)C1CCN(C(=O)NCCc2nc3ccccc3c(=O)[nH]2)CC1,0.0
COc1ccc(C(=O)C2CCN(C3CCN(Cc4nc5c(c(=O)[nH]4)CCC5)C3=O)CC2)cc1,4.53,1,0.0,4.53,4.53,2015,2015,1,1,O=C(c1ccccc1)C1CCN(C2CCN(Cc3nc4c(c(=O)[nH]3)CCC4)C2=O)CC1,0.0
COc1ccc(C(=O)C2CCN(C3CCN(Cc4nc5c(c(=O)[nH]4)COCC5)C3=O)CC2)cc1,5.03,1,0.0,5.03,5.03,2015,2015,1,1,O=C(c1ccccc1)C1CCN(C2CCN(Cc3nc4c(c(=O)[nH]3)COCC4)C2=O)CC1,0.0
COc1ccc(C(=O)C2CCN(CC(=O)N(Cc3nc4c(c(=O)[nH]3)CCCC4)CC3CC3)CC2)cc1,4.79,1,0.0,4.79,4.79,2015,2015,1,1,O=C(c1ccccc1)C1CCN(CC(=O)N(Cc2nc3c(c(=O)[nH]2)CCCC3)CC2CC2)CC1,0.0
COc1ccc(C(=O)C2CCN(CC(=O)NCc3cc4c(c(=O)[nH]3)COCC4)CC2)cc1,5.12,1,0.0,5.12,5.12,2015,2015,1,1,O=C(CN1CCC(C(=O)c2ccccc2)CC1)NCc1cc2c(c(=O)[nH]1)COCC2,0.0
COc1ccc(C(=O)C2CCN(CC(=O)NCc3nc4c(c(=O)[nH]3)CCC4)CC2)cc1,4.75,1,0.0,4.75,4.75,2015,2015,1,1,O=C(CN1CCC(C(=O)c2ccccc2)CC1)NCc1nc2c(c(=O)[nH]1)CCC2,0.0
COc1ccc(C(=O)C2CCN(CC(=O)NCc3nc4c(c(=O)[nH]3)CCCC4)CC2)cc1,5.97,1,0.0,5.97,5.97,2015,2015,1,1,O=C(CN1CCC(C(=O)c2ccccc2)CC1)NCc1nc2c(c(=O)[nH]1)CCCC2,0.0
COc1ccc(C(=O)C2CCN(CC(=O)NCc3nc4c(c(=O)[nH]3)COCC4)CC2)cc1,5.0,1,0.0,5.0,5.0,2015,2015,1,1,O=C(CN1CCC(C(=O)c2ccccc2)CC1)NCc1nc2c(c(=O)[nH]1)COCC2,0.0
COc1ccc(C(=O)C2CCN(CC(=O)NCc3nc4c(c(=O)[nH]3)COCC4)CC2)cc1C,4.77,1,0.0,4.77,4.77,2015,2015,1,1,O=C(CN1CCC(C(=O)c2ccccc2)CC1)NCc1nc2c(c(=O)[nH]1)COCC2,0.0
COc1ccc(C(=O)C2CCN([C@H]3CCN(Cc4nc5c(c(=O)[nH]4)COCC5)C3=O)CC2)cc1,4.68,1,0.0,4.68,4.68,2015,2015,1,1,O=C(c1ccccc1)C1CCN(C2CCN(Cc3nc4c(c(=O)[nH]3)COCC4)C2=O)CC1,0.0
COc1ccc(C(=O)C2CCN([C@H]3CCN(Cc4nc5c(c(=O)[nH]4)COCC5)C3=O)CC2)cc1C,4.62,1,0.0,4.62,4.62,2015,2015,1,1,O=C(c1ccccc1)C1CCN(C2CCN(Cc3nc4c(c(=O)[nH]3)COCC4)C2=O)CC1,0.0
COc1ccc(C(=O)C2CCN([C@H]3CCN(Cc4nc5ccccc(=O)c5[nH]4)C3=O)CC2)cc1C,4.7,1,0.0,4.7,4.7,2015,2015,1,1,O=C(c1ccccc1)C1CCN(C2CCN(Cc3nc4ccccc(=O)c4[nH]3)C2=O)CC1,0.0
COc1ccc(C(=O)CNC(=O)CCn2c3c(c(=O)[nH]c2=O)CCCC3)cc1,6.52,1,0.0,6.52,6.52,2002,2002,1,1,O=C(CCn1c2c(c(=O)[nH]c1=O)CCCC2)NCC(=O)c1ccccc1,0.0
COc1ccc(C(=O)CNC(=O)CCn2c3c(c(=O)[nH]c2=O)CSCC3)cc1,7.6,1,0.0,7.6,7.6,2002,2002,1,1,O=C(CCn1c2c(c(=O)[nH]c1=O)CSCC2)NCC(=O)c1ccccc1,0.0
COc1ccc(C(=O)N2CCN(C(=O)c3cc(Cc4n[nH]c(=O)c5ccccc45)ccc3F)CC2)cc1I,7.75,1,0.0,7.75,7.75,2015,2015,1,1,O=C(c1ccccc1)N1CCN(C(=O)c2cccc(Cc3n[nH]c(=O)c4ccccc34)c2)CC1,0.0
COc1ccc(C(=O)N2CCN(Cc3c(O)cc(O)c4c(=O)cc(-c5ccc(O)cc5)oc34)CC2)cc1,7.36,1,0.0,7.36,7.36,2021,2021,1,1,O=C(c1ccccc1)N1CCN(Cc2cccc3c(=O)cc(-c4ccccc4)oc23)CC1,0.0
COc1ccc(C2=CCN(CCCc3nc(O)c4ccccc4n3)CC2)cc1,8.08,1,0.0,8.08,8.08,2004,2004,1,1,C1=C(c2ccccc2)CCN(CCCc2ncc3ccccc3n2)C1,0.0
COc1ccc(CC(=O)N2CCN(C(=O)c3csc(Cc4n[nH]c(=O)c5ccccc45)c3)CC2)cc1,7.02,1,0.0,7.02,7.02,2014,2014,1,1,O=C(Cc1ccccc1)N1CCN(C(=O)c2csc(Cc3n[nH]c(=O)c4ccccc34)c2)CC1,0.0
COc1ccc(CC(=O)N2CCc3cccc4c3C2CNC4=O)cc1,8.22,1,0.0,8.22,8.22,2010,2010,1,1,O=C1NCC2c3c(cccc31)CCN2C(=O)Cc1ccccc1,0.0
COc1ccc(CN2CCN(Cc3c(O)cc(O)c4c(=O)cc(-c5ccc(O)cc5)oc34)CC2)c(OC)c1OC,7.67,1,0.0,7.67,7.67,2021,2021,1,1,O=c1cc(-c2ccccc2)oc2c(CN3CCN(Cc4ccccc4)CC3)cccc12,0.0
COc1ccc(CN2CCN(Cc3c(O)cc(O)c4c(=O)cc(-c5ccc(O)cc5)oc34)CC2)cc1,7.45,1,0.0,7.45,7.45,2021,2021,1,1,O=c1cc(-c2ccccc2)oc2c(CN3CCN(Cc4ccccc4)CC3)cccc12,0.0
COc1ccc(Cc2n[nH]c(=O)c3ccccc23)cc1C(=O)N1CCN(c2cc3nc[nH]c3cn2)CC1,7.89,1,0.0,7.89,7.89,2019,2019,1,1,O=C(c1cccc(Cc2n[nH]c(=O)c3ccccc23)c1)N1CCN(c2cc3nc[nH]c3cn2)CC1,0.0
COc1ccc(Cc2n[nH]c(=O)c3ccccc23)cc1C(=O)N1CCN(c2ccc3[nH]cnc3n2)CC1,8.4,1,0.0,8.4,8.4,2019,2019,1,1,O=C(c1cccc(Cc2n[nH]c(=O)c3ccccc23)c1)N1CCN(c2ccc3[nH]cnc3n2)CC1,0.0
COc1ccc(Cc2n[nH]c(=O)c3ccccc23)cc1C(=O)N1CCN(c2cnc3[nH]cnc3c2)CC1,7.82,1,0.0,7.82,7.82,2019,2019,1,1,O=C(c1cccc(Cc2n[nH]c(=O)c3ccccc23)c1)N1CCN(c2cnc3[nH]cnc3c2)CC1,0.0
COc1ccc(Cc2n[nH]c(=O)c3ccccc23)cc1N1C(=O)CCC1=O,7.48,1,0.0,7.48,7.48,2005,2005,1,1,O=C1CCC(=O)N1c1cccc(Cc2n[nH]c(=O)c3ccccc23)c1,0.0
COc1ccc(N2CCN(C(=O)CNC(=O)CCCN3CCc4cccc5c4C3CNC5=O)CC2)cc1,5.05,1,0.0,5.05,5.05,2013,2013,1,1,O=C(CCCN1CCc2cccc3c2C1CNC3=O)NCC(=O)N1CCN(c2ccccc2)CC1,0.0
COc1ccc(N2CCN(C(=O)CNC(=O)CCN3CCc4cccc5c4C3CNC5=O)CC2)cc1,5.06,1,0.0,5.06,5.06,2013,2013,1,1,O=C(CCN1CCc2cccc3c2C1CNC3=O)NCC(=O)N1CCN(c2ccccc2)CC1,0.0
COc1ccc(N2CCN(C(=O)CNC(=O)CCn3c4c(c(=O)[nH]c3=O)CSCC4)CC2)cc1,7.65,2,0.07071067811865545,7.6,7.7,2002,2002,1,1,O=C(CCn1c2c(c(=O)[nH]c1=O)CSCC2)NCC(=O)N1CCN(c2ccccc2)CC1,0.10000000000000053
COc1ccc(N2CCN(C(=O)CNC(=O)CN3CCc4cccc5c4C3CNC5=O)CC2)cc1,6.52,1,0.0,6.52,6.52,2013,2013,1,1,O=C(CN1CCc2cccc3c2C1CNC3=O)NCC(=O)N1CCN(c2ccccc2)CC1,0.0
COc1ccc(N2CCN(C(=O)c3cc(Cc4n[nH]c(=O)c5ccccc45)cc(F)c3F)CC2)cc1,6.95,1,0.0,6.95,6.95,2017,2017,1,1,O=C(c1cccc(Cc2n[nH]c(=O)c3ccccc23)c1)N1CCN(c2ccccc2)CC1,0.0
COc1ccc(N2CCN(Cc3ccc4c5c(c(=O)[nH]c4c3)CCCN5)CC2)cc1,8.3,1,0.0,8.3,8.3,2019,2019,1,1,O=c1[nH]c2cc(CN3CCN(c4ccccc4)CC3)ccc2c2c1CCCN2,0.0
COc1ccc(N2CCN(Cc3ccc4c5c(c(=O)[nH]c4c3)CCCN5)CC2)nn1,8.12,1,0.0,8.12,8.12,2019,2019,1,1,O=c1[nH]c2cc(CN3CCN(c4cccnn4)CC3)ccc2c2c1CCCN2,0.0
COc1ccc(NC(=O)N2CCCN(C(=O)c3cccc(Cc4nnc(O)c5ccccc45)c3)CC2)cc1,8.1,1,0.0,8.1,8.1,2006,2006,1,1,O=C(Nc1ccccc1)N1CCCN(C(=O)c2cccc(Cc3nncc4ccccc34)c2)CC1,0.0
COc1ccc(NC(=O)c2ccc(NC(=O)N3CCN(C(=O)c4cc(Cc5n[nH]c(=O)c6ccccc56)ccc4F)CC3)cc2)cc1,9.6,1,0.0,9.6,9.6,2022,2022,1,1,O=C(Nc1ccccc1)c1ccc(NC(=O)N2CCN(C(=O)c3cccc(Cc4n[nH]c(=O)c5ccccc45)c3)CC2)cc1,0.0
COc1ccc(OC)c2c1CCN1C(=O)c3ccccc3C21O,5.89,1,0.0,5.89,5.89,2015,2015,1,1,O=C1c2ccccc2C2c3ccccc3CCN12,0.0
COc1ccc(S(=O)(=O)N2CCCN(CC3=Nc4cccc5c(=O)[nH]nc(c45)N3)CC2)cc1,7.66,1,0.0,7.66,7.66,2014,2014,1,1,O=c1[nH]nc2c3c(cccc13)N=C(CN1CCCN(S(=O)(=O)c3ccccc3)CC1)N2,0.0
COc1ccc(S(=O)(=O)N2CCN(CC3=Nc4cccc5c(=O)[nH]nc(c45)N3)CC2)cc1,7.28,1,0.0,7.28,7.28,2014,2014,1,1,O=c1[nH]nc2c3c(cccc13)N=C(CN1CCN(S(=O)(=O)c3ccccc3)CC1)N2,0.0
COc1ccc2[nH]c(=O)c3c(c2c1)NCCC3,6.3,1,0.0,6.3,6.3,2014,2014,1,1,O=c1[nH]c2ccccc2c2c1CCCN2,0.0
COc1ccc2[nH]c(=O)n(C3CCN(C(=O)CCCc4nc5ccccc5c(=O)[nH]4)CC3)c2c1,6.2,1,0.0,6.2,6.2,2016,2016,1,1,O=C(CCCc1nc2ccccc2c(=O)[nH]1)N1CCC(n2c(=O)[nH]c3ccccc32)CC1,0.0
COc1ccc2c(c1)C(C)N(C(=O)c1cc(Cc3n[nH]c(=O)c4ccccc34)ccc1F)CC2,6.97,1,0.0,6.97,6.97,2023,2023,1,1,O=C(c1cccc(Cc2n[nH]c(=O)c3ccccc23)c1)N1CCc2ccccc2C1,0.0
COc1ccc2c(c1)CCN1C(=O)c3ccccc3C21O,5.97,1,0.0,5.97,5.97,2015,2015,1,1,O=C1c2ccccc2C2c3ccccc3CCN12,0.0
COc1ccc2c(c1)[nH]c(=O)n2C1CCN(C(=O)CCCc2nc3ccccc3c(=O)[nH]2)CC1,5.75,1,0.0,5.75,5.75,2016,2016,1,1,O=C(CCCc1nc2ccccc2c(=O)[nH]1)N1CCC(n2c(=O)[nH]c3ccccc32)CC1,0.0
COc1ccc2c(c1OC)CCN(CC1=Nc3cccc4c(=O)[nH]nc(c34)N1)C2,7.31,1,0.0,7.31,7.31,2014,2014,1,1,O=c1[nH]nc2c3c(cccc13)N=C(CN1CCc3ccccc3C1)N2,0.0
COc1ccc2c(c1OC)CCN1C(=O)CCCC21,6.25,1,0.0,6.25,6.25,2015,2015,1,1,O=C1CCCC2c3ccccc3CCN12,0.0
COc1ccc2c(c1OC)CCN1C(=O)c3ccccc3C21O,6.01,1,0.0,6.01,6.01,2015,2015,1,1,O=C1c2ccccc2C2c3ccccc3CCN12,0.0
COc1ccc2nc3ccccc3c(Nc3ccc(-c4nc5c(C(N)=O)cccc5[nH]4)cc3)c2c1,6.6,1,0.0,6.6,6.6,2017,2017,1,1,c1ccc2[nH]c(-c3ccc(Nc4c5ccccc5nc5ccccc45)cc3)nc2c1,0.0
COc1ccc2nc3ccccc3c(Nc3cccc(-c4nc5c(C(N)=O)cccc5[nH]4)c3)c2c1,5.94,1,0.0,5.94,5.94,2017,2017,1,1,c1cc(Nc2c3ccccc3nc3ccccc23)cc(-c2nc3ccccc3[nH]2)c1,0.0
COc1ccc2nc3ccccc3c(Nc3ccccc3-c3nc4c(C(N)=O)cccc4[nH]3)c2c1,5.77,1,0.0,5.77,5.77,2017,2017,1,1,c1ccc(-c2nc3ccccc3[nH]2)c(Nc2c3ccccc3nc3ccccc23)c1,0.0
COc1cccc(-c2cc3[nH]c(=O)c4ccccc4n3n2)c1OC,7.0,1,0.0,7.0,7.0,2009,2009,1,1,O=c1[nH]c2cc(-c3ccccc3)nn2c2ccccc12,0.0
COc1cccc(-c2nnc(C3CCN(C(=O)CCCc4nc5ccccc5c(=O)[nH]4)CC3)o2)c1,5.77,1,0.0,5.77,5.77,2016,2016,1,1,O=C(CCCc1nc2ccccc2c(=O)[nH]1)N1CCC(c2nnc(-c3ccccc3)o2)CC1,0.0
COc1cccc(-c2nnc([C@H]3CC[C@H](NC(=O)CCCc4nc5ccccc5c(=O)[nH]4)CC3)o2)c1,6.1,1,0.0,6.1,6.1,2016,2016,1,1,O=C(CCCc1nc2ccccc2c(=O)[nH]1)NC1CCC(c2nnc(-c3ccccc3)o2)CC1,0.0
COc1cccc(-c2nnc3n2C(C)CN(C(=O)c2cc(Cc4n[nH]c(=O)c5ccccc45)ccc2F)C3)n1,9.22,1,0.0,9.22,9.22,2023,2023,1,1,O=C(c1cccc(Cc2n[nH]c(=O)c3ccccc23)c1)N1CCn2c(nnc2-c2ccccn2)C1,0.0
COc1cccc(C(N)=O)c1,4.645,2,0.1767766952966369,4.52,4.77,2001,2020,2,2,c1ccccc1,0.25
COc1cccc(C2=CCN(CCCc3nc(O)c4ccccc4n3)CC2)c1,6.0,1,0.0,6.0,6.0,2004,2004,1,1,C1=C(c2ccccc2)CCN(CCCc2ncc3ccccc3n2)C1,0.0
COc1cccc(CC(=O)N2CCc3cccc4c3C2CNC4=O)c1,8.3,1,0.0,8.3,8.3,2010,2010,1,1,O=C1NCC2c3c(cccc31)CCN2C(=O)Cc1ccccc1,0.0
COc1cccc(CCC(=O)N2CCCN(C(=O)c3cccc(Cc4nnc(O)c5ccccc45)c3)CC2)c1,8.1,1,0.0,8.1,8.1,2006,2006,1,1,O=C(CCc1ccccc1)N1CCCN(C(=O)c2cccc(Cc3nncc4ccccc34)c2)CC1,0.0
COc1cccc(CN2CCN(C(=O)c3cc4[nH]c(=O)c5ccccc5c4n3C)CC2)c1,6.4,1,0.0,6.4,6.4,2014,2014,1,1,O=C(c1cc2[nH]c(=O)c3ccccc3c2[nH]1)N1CCN(Cc2ccccc2)CC1,0.0
COc1cccc2[nH]c(=O)c3c(c12)NCCC3,6.22,1,0.0,6.22,6.22,2014,2014,1,1,O=c1[nH]c2ccccc2c2c1CCCN2,0.0
COc1cccc2c(=O)[nH]c(-c3ccc(C)cc3)nc12,5.62,1,0.0,5.62,5.62,2016,2016,1,1,O=c1[nH]c(-c2ccccc2)nc2ccccc12,0.0
COc1cccc2c(Nc3ccc(-c4nc5c(C(N)=O)cccc5[nH]4)cc3)c3ccccc3nc12,6.72,1,0.0,6.72,6.72,2017,2017,1,1,c1ccc2[nH]c(-c3ccc(Nc4c5ccccc5nc5ccccc45)cc3)nc2c1,0.0
COc1cccc2c(Nc3cccc(-c4nc5c(C(N)=O)cccc5[nH]4)c3)c3ccccc3nc12,6.01,1,0.0,6.01,6.01,2017,2017,1,1,c1cc(Nc2c3ccccc3nc3ccccc23)cc(-c2nc3ccccc3[nH]2)c1,0.0
COc1cccc2c(O)nc(-c3ccc(N)cc3)nc12,5.8,1,0.0,5.8,5.8,2016,2016,1,1,c1ccc(-c2ncc3ccccc3n2)cc1,0.0
COc1cccc2c(O)nc(CCCN3CC=C(c4ccccc4)CC3)nc12,7.58,1,0.0,7.58,7.58,2004,2004,1,1,C1=C(c2ccccc2)CCN(CCCc2ncc3ccccc3n2)C1,0.0
COc1ccccc1C1=CCN(CCCc2nc(O)c3ccccc3n2)CC1,6.77,1,0.0,6.77,6.77,2004,2004,1,1,C1=C(c2ccccc2)CCN(CCCc2ncc3ccccc3n2)C1,0.0
COc1ccccc1CC(=O)N1CCc2cccc3c2C1CNC3=O,7.57,1,0.0,7.57,7.57,2010,2010,1,1,O=C1NCC2c3c(cccc31)CCN2C(=O)Cc1ccccc1,0.0
COc1ccccc1CN1CCN(c2nc3c(c(=O)[nH]2)CCCN3C)CC1,5.22,1,0.0,5.22,5.22,2017,2017,1,1,O=c1[nH]c(N2CCN(Cc3ccccc3)CC2)nc2c1CCCN2,0.0
COc1ccccc1N1CCN(C(=O)c2cc(Cc3n[nH]c(=O)c4ccccc34)cc(F)c2F)CC1,6.53,1,0.0,6.53,6.53,2017,2017,1,1,O=C(c1cccc(Cc2n[nH]c(=O)c3ccccc23)c1)N1CCN(c2ccccc2)CC1,0.0
COc1ccccc1N1CCN(CCCc2nc3ccccc3c(=O)[nH]2)CC1,6.72,1,0.0,6.72,6.72,2013,2013,1,1,O=c1[nH]c(CCCN2CCN(c3ccccc3)CC2)nc2ccccc12,0.0
COc1ccccc1NC(=O)c1ccc(NC(=O)N2CCN(C(=O)c3cc(Cc4n[nH]c(=O)c5ccccc45)ccc3F)CC2)cc1,9.23,1,0.0,9.23,9.23,2022,2022,1,1,O=C(Nc1ccccc1)c1ccc(NC(=O)N2CCN(C(=O)c3cccc(Cc4n[nH]c(=O)c5ccccc45)c3)CC2)cc1,0.0
COc1cccnc1CN1CCN(c2nc3c(c(=O)[nH]2)CCCN3C)CC1,4.82,1,0.0,4.82,4.82,2017,2017,1,1,O=c1[nH]c(N2CCN(Cc3ccccn3)CC2)nc2c1CCCN2,0.0
COc1cccnc1N1CCN(C(=O)c2cc(Cc3c[nH]c(=O)c4cc(Cl)c(Cl)n34)ccc2F)CC1,7.82,1,0.0,7.82,7.82,2010,2010,1,1,O=C(c1cccc(Cc2c[nH]c(=O)c3cccn23)c1)N1CCN(c2ccccn2)CC1,0.0
COc1ccnc(CN2CCN(c3nc4c(c(=O)[nH]3)CCCN4C)CC2)n1,5.46,1,0.0,5.46,5.46,2017,2017,1,1,O=c1[nH]c(N2CCN(Cc3ncccn3)CC2)nc2c1CCCN2,0.0
COc1ccnc(N2CCN(Cc3ccc4c5c(c(=O)[nH]c4c3)CCCN5)CC2)c1,7.98,1,0.0,7.98,7.98,2019,2019,1,1,O=c1[nH]c2cc(CN3CCN(c4ccccn4)CC3)ccc2c2c1CCCN2,0.0
COc1cnc(N2CCN(c3nc4c(C(N)=O)cccc4[nH]3)CC2)nc1,7.13,1,0.0,7.13,7.13,2019,2019,1,1,c1cnc(N2CCN(c3nc4ccccc4[nH]3)CC2)nc1,0.0
COc1ncc(C(N)=O)c2nc(C3CCN(C(=O)c4cc(Cc5n[nH]c(=O)c6ccccc56)ccc4F)CC3)[nH]c12,8.62,1,0.0,8.62,8.62,2021,2021,1,1,O=C(c1cccc(Cc2n[nH]c(=O)c3ccccc23)c1)N1CCC(c2nc3ccncc3[nH]2)CC1,0.0
CP(C)(=O)c1ccc(-c2nnc3n2CCN(C(=O)c2cc(Cc4n[nH]c(=O)c5ccccc45)ccc2F)C3)o1,7.89,1,0.0,7.89,7.89,2023,2023,1,1,O=C(c1cccc(Cc2n[nH]c(=O)c3ccccc23)c1)N1CCn2c(nnc2-c2ccco2)C1,0.0
CS(=O)(=O)N1CCN(c2ccnc(Nc3ccc(-c4nc5c(C(N)=O)cccc5[nH]4)cc3)n2)CC1,6.93,1,0.0,6.93,6.93,2023,2023,1,1,c1ccc2[nH]c(-c3ccc(Nc4nccc(N5CCNCC5)n4)cc3)nc2c1,0.0
CS(=O)(=O)c1ccc(N2CCN(Cc3ccc4c5c(c(=O)[nH]c4c3)CCCN5)CC2)nc1,7.71,1,0.0,7.71,7.71,2019,2019,1,1,O=c1[nH]c2cc(CN3CCN(c4ccccn4)CC3)ccc2c2c1CCCN2,0.0
C[C@@H](CC(=O)N1CCC(C(=O)c2cnn(C)c2)CC1)Cc1cc2ccccc2c(=O)[nH]1,6.0,1,0.0,6.0,6.0,2020,2020,1,1,O=C(c1cn[nH]c1)C1CCN(C(=O)CCCc2cc3ccccc3c(=O)[nH]2)CC1,0.0
C[C@@H](CC(=O)N1CCC(C(=O)c2cnn(C)c2)CC1)Cc1nc2ccccc2c(=O)[nH]1,4.8,1,0.0,4.8,4.8,2020,2020,1,1,O=C(c1cn[nH]c1)C1CCN(C(=O)CCCc2nc3ccccc3c(=O)[nH]2)CC1,0.0
C[C@@H](CO)NC(=O)CCc1nc2ccccc2c(=O)[nH]1,5.7,1,0.0,5.7,5.7,2013,2013,1,1,O=c1[nH]cnc2ccccc12,0.0
C[C@@H](NC(=O)CCc1nc2ccccc2c(=O)[nH]1)c1ccccc1,6.29,1,0.0,6.29,6.29,2013,2013,1,1,O=C(CCc1nc2ccccc2c(=O)[nH]1)NCc1ccccc1,0.0
C[C@@H](NC(=O)CCc1nc2ccccc2c(=O)[nH]1)c1ccccn1,6.06,1,0.0,6.06,6.06,2013,2013,1,1,O=C(CCc1nc2ccccc2c(=O)[nH]1)NCc1ccccn1,0.0
C[C@@H](NC(=O)CN1CCc2cccc3c2C1CNC3=O)C(=O)N1CC=C(c2ccc(F)cc2)CC1,6.68,1,0.0,6.68,6.68,2013,2013,1,1,O=C(CN1CCc2cccc3c2C1CNC3=O)NCC(=O)N1CC=C(c2ccccc2)CC1,0.0
C[C@@H]1CN(C(=O)CCc2nc3ccccc3c(=O)[nH]2)CCN1c1ccc(C#N)cn1,7.33,1,0.0,7.33,7.33,2021,2021,1,1,O=C(CCc1nc2ccccc2c(=O)[nH]1)N1CCN(c2ccccn2)CC1,0.0
C[C@@H]1CN(C(=O)c2cc(Cn3c(=O)[nH]c(=O)c4ccccc43)ccc2F)CCN1,7.54,1,0.0,7.54,7.54,2021,2021,1,1,O=C(c1cccc(Cn2c(=O)[nH]c(=O)c3ccccc32)c1)N1CCNCC1,0.0
C[C@@H]1CN(C(=O)c2cc(Cn3c(=O)[nH]c(=O)c4ccccc43)ccc2F)CCN1CC(F)(F)F,7.8,1,0.0,7.8,7.8,2021,2021,1,1,O=C(c1cccc(Cn2c(=O)[nH]c(=O)c3ccccc32)c1)N1CCNCC1,0.0
C[C@@H]1CN(C(=O)c2cc(Cn3c(=O)[nH]c(=O)c4ccccc43)ccc2F)CCN1CC1CC1,8.35,1,0.0,8.35,8.35,2021,2021,1,1,O=C(c1cccc(Cn2c(=O)[nH]c(=O)c3ccccc32)c1)N1CCN(CC2CC2)CC1,0.0
C[C@@H]1CN(Cc2ccc(-c3[nH]c4cc(F)cc5c4c3CCNC5=O)cc2)CCN1,9.18,1,0.0,9.18,9.18,2022,2022,1,1,O=C1NCCc2c(-c3ccc(CN4CCNCC4)cc3)[nH]c3cccc1c23,0.0
C[C@@H]1CN(Cc2ccc3c4c(c(=O)[nH]c3c2)CCCN4)CCN1c1ccc(C#N)c(F)c1,7.28,1,0.0,7.28,7.28,2019,2019,1,1,O=c1[nH]c2cc(CN3CCN(c4ccccc4)CC3)ccc2c2c1CCCN2,0.0
C[C@@H]1CN(Cc2ccc3c4c(c(=O)[nH]c3c2)CCCN4)CCN1c1ccc(C#N)cc1F,7.85,1,0.0,7.85,7.85,2019,2019,1,1,O=c1[nH]c2cc(CN3CCN(c4ccccc4)CC3)ccc2c2c1CCCN2,0.0
C[C@@H]1CN(c2ccc(C#N)c(F)c2)CCN1Cc1ccc2c3c(c(=O)[nH]c2c1)CCCN3,8.25,1,0.0,8.25,8.25,2019,2019,1,1,O=c1[nH]c2cc(CN3CCN(c4ccccc4)CC3)ccc2c2c1CCCN2,0.0
C[C@@H]1CN(c2ccc(C#N)cc2F)CCN1Cc1ccc2c3c(c(=O)[nH]c2c1)CCCN3,7.91,1,0.0,7.91,7.91,2019,2019,1,1,O=c1[nH]c2cc(CN3CCN(c4ccccc4)CC3)ccc2c2c1CCCN2,0.0
C[C@@H]1CN(c2ccc(C#N)cn2)CCN1C(=O)CCc1nc2ccccc2c(=O)[nH]1,7.03,1,0.0,7.03,7.03,2021,2021,1,1,O=C(CCc1nc2ccccc2c(=O)[nH]1)N1CCN(c2ccccn2)CC1,0.0
C[C@@H]1Cc2cc(F)cc(C(N)=O)c2O1,5.82,1,0.0,5.82,5.82,2014,2014,1,1,c1ccc2c(c1)CCO2,0.0
C[C@@H]1Cc2cccc(C(N)=O)c2O1,5.2,1,0.0,5.2,5.2,2014,2014,1,1,c1ccc2c(c1)CCO2,0.0
C[C@@]12CCCN1CC1=NN=C(O)c3cc(F)cc4[nH]c2c1c34,9.08,1,0.0,9.08,9.08,2020,2020,1,1,C1=NN=C2CN3CCCC3c3[nH]c4cccc1c4c32,0.0
C[C@H](CC(=O)N1CCC(C(=O)c2cnn(C)c2)CC1)Cc1cc2ccccc2c(=O)[nH]1,5.57,1,0.0,5.57,5.57,2020,2020,1,1,O=C(c1cn[nH]c1)C1CCN(C(=O)CCCc2cc3ccccc3c(=O)[nH]2)CC1,0.0
C[C@H](CC(=O)N1CCC(C(=O)c2cnn(C)c2)CC1)Cc1nc2ccccc2c(=O)[nH]1,5.77,1,0.0,5.77,5.77,2020,2020,1,1,O=C(c1cn[nH]c1)C1CCN(C(=O)CCCc2nc3ccccc3c(=O)[nH]2)CC1,0.0
C[C@H](NC(=O)CCc1nc2ccccc2c(=O)[nH]1)c1ccccc1,5.43,1,0.0,5.43,5.43,2013,2013,1,1,O=C(CCc1nc2ccccc2c(=O)[nH]1)NCc1ccccc1,0.0
C[C@H](NC(=O)CCc1nc2ccccc2c(=O)[nH]1)c1ccccn1,5.67,1,0.0,5.67,5.67,2013,2013,1,1,O=C(CCc1nc2ccccc2c(=O)[nH]1)NCc1ccccn1,0.0
C[C@H](NC(=O)CN1CCc2cccc3c2C1CNC3=O)C(=O)N1CC=C(c2ccc(F)cc2)CC1,7.72,1,0.0,7.72,7.72,2013,2013,1,1,O=C(CN1CCc2cccc3c2C1CNC3=O)NCC(=O)N1CC=C(c2ccccc2)CC1,0.0
C[C@H]1CCC[C@]2(C)CC3OC(=O)C(CN(C)CC(=O)N4CCN(C(=O)c5cc(Cc6n[nH]c(=O)c7ccccc67)ccc5F)CC4)C3C=C12,7.69,1,0.0,7.69,7.69,2022,2022,1,1,O=C1OC2CC3CCCCC3=CC2C1CNCC(=O)N1CCN(C(=O)c2cccc(Cc3n[nH]c(=O)c4ccccc34)c2)CC1,0.0
C[C@H]1CCC[C@]2(C)CC3OC(=O)C(CN(C)CCC(=O)N4CCN(C(=O)c5cc(Cc6n[nH]c(=O)c7ccccc67)ccc5F)CC4)C3C=C12,7.36,1,0.0,7.36,7.36,2022,2022,1,1,O=C1OC2CC3CCCCC3=CC2C1CNCCC(=O)N1CCN(C(=O)c2cccc(Cc3n[nH]c(=O)c4ccccc34)c2)CC1,0.0
C[C@H]1CCC[C@]2(C)CC3OC(=O)C(CN(C)CCCC(=O)N4CCN(C(=O)c5cc(Cc6n[nH]c(=O)c7ccccc67)ccc5F)CC4)C3C=C12,7.37,1,0.0,7.37,7.37,2022,2022,1,1,O=C1OC2CC3CCCCC3=CC2C1CNCCCC(=O)N1CCN(C(=O)c2cccc(Cc3n[nH]c(=O)c4ccccc34)c2)CC1,0.0
C[C@H]1CCC[C@]2(C)CC3OC(=O)C(CN4CCN(C(=O)c5cc(Cc6n[nH]c(=O)c7ccccc67)ccc5F)CC4)C3C=C12,6.87,1,0.0,6.87,6.87,2022,2022,1,1,O=C1OC2CC3CCCCC3=CC2C1CN1CCN(C(=O)c2cccc(Cc3n[nH]c(=O)c4ccccc34)c2)CC1,0.0
C[C@H]1CCC[C@]2(C)CC3OC(=O)C(CNCC(=O)N4CCN(C(=O)c5cc(Cc6n[nH]c(=O)c7ccccc67)ccc5F)CC4)C3C=C12,7.59,1,0.0,7.59,7.59,2022,2022,1,1,O=C1OC2CC3CCCCC3=CC2C1CNCC(=O)N1CCN(C(=O)c2cccc(Cc3n[nH]c(=O)c4ccccc34)c2)CC1,0.0
C[C@H]1CCC[C@]2(C)CC3OC(=O)C(CNCCC(=O)N4CCN(C(=O)c5cc(Cc6n[nH]c(=O)c7ccccc67)ccc5F)CC4)C3C=C12,7.81,1,0.0,7.81,7.81,2022,2022,1,1,O=C1OC2CC3CCCCC3=CC2C1CNCCC(=O)N1CCN(C(=O)c2cccc(Cc3n[nH]c(=O)c4ccccc34)c2)CC1,0.0
C[C@H]1CCC[C@]2(C)CC3OC(=O)C(CNCCCC(=O)N4CCN(C(=O)c5cc(Cc6n[nH]c(=O)c7ccccc67)ccc5F)CC4)C3C=C12,8.08,1,0.0,8.08,8.08,2022,2022,1,1,O=C1OC2CC3CCCCC3=CC2C1CNCCCC(=O)N1CCN(C(=O)c2cccc(Cc3n[nH]c(=O)c4ccccc34)c2)CC1,0.0
C[C@H]1CCC[C@]2(C)CC3OC(=O)C(CNCCCCCCCC(=O)N4CCN(C(=O)c5cc(Cc6n[nH]c(=O)c7ccccc67)ccc5F)CC4)C3C=C12,8.52,1,0.0,8.52,8.52,2022,2022,1,1,O=C1OC2CC3CCCCC3=CC2C1CNCCCCCCCC(=O)N1CCN(C(=O)c2cccc(Cc3n[nH]c(=O)c4ccccc34)c2)CC1,0.0
C[C@H]1CCC[C@]2(C)CC3OC(=O)C(CNCCOCCOCCOCC(=O)N4CCN(C(=O)c5cc(Cc6n[nH]c(=O)c7ccccc67)ccc5F)CC4)C3C=C12,7.13,1,0.0,7.13,7.13,2022,2022,1,1,O=C1OC2CC3CCCCC3=CC2C1CNCCOCCOCCOCC(=O)N1CCN(C(=O)c2cccc(Cc3n[nH]c(=O)c4ccccc34)c2)CC1,0.0
C[C@H]1CCC[C@]2(C)CC3OC(=O)C(CNOCC(=O)N4CCN(C(=O)c5cc(Cc6n[nH]c(=O)c7ccccc67)ccc5F)CC4)C3C=C12,7.71,1,0.0,7.71,7.71,2022,2022,1,1,O=C1OC2CC3CCCCC3=CC2C1CNOCC(=O)N1CCN(C(=O)c2cccc(Cc3n[nH]c(=O)c4ccccc34)c2)CC1,0.0
C[C@H]1CN(C(=O)CCc2nc3ccccc3c(=O)[nH]2)CCN1c1ccc(C#N)cn1,7.16,1,0.0,7.16,7.16,2021,2021,1,1,O=C(CCc1nc2ccccc2c(=O)[nH]1)N1CCN(c2ccccn2)CC1,0.0
C[C@H]1CN(C(=O)c2cc(Cn3c(=O)[nH]c(=O)c4ccccc43)ccc2F)CCN1,7.57,1,0.0,7.57,7.57,2021,2021,1,1,O=C(c1cccc(Cn2c(=O)[nH]c(=O)c3ccccc32)c1)N1CCNCC1,0.0
C[C@H]1CN(C(=O)c2cc(Cn3c(=O)[nH]c(=O)c4ccccc43)ccc2F)CCN1CC(F)(F)F,7.66,1,0.0,7.66,7.66,2021,2021,1,1,O=C(c1cccc(Cn2c(=O)[nH]c(=O)c3ccccc32)c1)N1CCNCC1,0.0
C[C@H]1CN(C(=O)c2cc(Cn3c(=O)[nH]c(=O)c4ccccc43)ccc2F)CCN1CC1CC1,8.52,1,0.0,8.52,8.52,2021,2021,1,1,O=C(c1cccc(Cn2c(=O)[nH]c(=O)c3ccccc32)c1)N1CCN(CC2CC2)CC1,0.0
C[C@H]1CN(Cc2ccc3c4c(c(=O)[nH]c3c2)CCCN4)CCN1c1ccc(C#N)c(F)c1,7.43,1,0.0,7.43,7.43,2019,2019,1,1,O=c1[nH]c2cc(CN3CCN(c4ccccc4)CC3)ccc2c2c1CCCN2,0.0
C[C@H]1CN(c2ccc(C#N)c(F)c2)CCN1Cc1ccc2c3c(c(=O)[nH]c2c1)CCCN3,7.99,1,0.0,7.99,7.99,2019,2019,1,1,O=c1[nH]c2cc(CN3CCN(c4ccccc4)CC3)ccc2c2c1CCCN2,0.0
C[C@H]1CN(c2ccc(C#N)cc2F)CCN1Cc1ccc2c3c(c(=O)[nH]c2c1)CCCN3,7.7,1,0.0,7.7,7.7,2019,2019,1,1,O=c1[nH]c2cc(CN3CCN(c4ccccc4)CC3)ccc2c2c1CCCN2,0.0
C[C@H]1CN(c2ccc(C#N)cn2)CCN1C(=O)CCc1nc2ccc(F)c(F)c2c(=O)[nH]1,7.96,1,0.0,7.96,7.96,2021,2021,1,1,O=C(CCc1nc2ccccc2c(=O)[nH]1)N1CCN(c2ccccn2)CC1,0.0
C[C@H]1CN(c2ccc(C#N)cn2)CCN1C(=O)CCc1nc2ccc(F)cc2c(=O)[nH]1,7.92,1,0.0,7.92,7.92,2021,2021,1,1,O=C(CCc1nc2ccccc2c(=O)[nH]1)N1CCN(c2ccccn2)CC1,0.0
C[C@H]1CN(c2ccc(C#N)cn2)CCN1C(=O)CCc1nc2cccc(F)c2c(=O)[nH]1,7.92,1,0.0,7.92,7.92,2021,2021,1,1,O=C(CCc1nc2ccccc2c(=O)[nH]1)N1CCN(c2ccccn2)CC1,0.0
C[C@H]1CN(c2ccc(C#N)cn2)CCN1C(=O)CCc1nc2ccccc2c(=O)[nH]1,8.0,1,0.0,8.0,8.0,2021,2021,1,1,O=C(CCc1nc2ccccc2c(=O)[nH]1)N1CCN(c2ccccn2)CC1,0.0
C[C@H]1Cc2cc(F)cc(C(N)=O)c2O1,5.44,1,0.0,5.44,5.44,2014,2014,1,1,c1ccc2c(c1)CCO2,0.0
C[C@H]1Cc2cccc(C(N)=O)c2O1,5.07,1,0.0,5.07,5.07,2014,2014,1,1,c1ccc2c(c1)CCO2,0.0
C[C@]1(c2nc3c(C(N)=O)c(F)ccc3[nH]2)CCCN1,8.24,1,0.0,8.24,8.24,2016,2016,1,1,c1ccc2[nH]c(C3CCCN3)nc2c1,0.0
C[C@]12CCC=C(C=O)C1=CC1C(C2)OC(=O)C1CNCCOCCOCC(=O)N1CCN(C(=O)c2cc(Cc3n[nH]c(=O)c4ccccc34)ccc2F)CC1,7.05,1,0.0,7.05,7.05,2022,2022,1,1,O=C1OC2CC3CCC=CC3=CC2C1CNCCOCCOCC(=O)N1CCN(C(=O)c2cccc(Cc3n[nH]c(=O)c4ccccc34)c2)CC1,0.0
C[C@]12CCC=C(CO)C1=CC1C(C2)OC(=O)C1CN1CCN(C(=O)c2cc(Cc3n[nH]c(=O)c4ccccc34)ccc2F)CC1,7.02,1,0.0,7.02,7.02,2022,2022,1,1,O=C1OC2CC3CCC=CC3=CC2C1CN1CCN(C(=O)c2cccc(Cc3n[nH]c(=O)c4ccccc34)c2)CC1,0.0
C[C@]12CCC=C(CO)C1=CC1C(C2)OC(=O)C1CNCCCCCCCC(=O)N1CCN(C(=O)c2cc(Cc3n[nH]c(=O)c4ccccc34)ccc2F)CC1,6.38,1,0.0,6.38,6.38,2022,2022,1,1,O=C1OC2CC3CCC=CC3=CC2C1CNCCCCCCCC(=O)N1CCN(C(=O)c2cccc(Cc3n[nH]c(=O)c4ccccc34)c2)CC1,0.0
C[C@]12CCC=C(CO)C1=CC1C(C2)OC(=O)C1CNCCOCCOCC(=O)N1CCN(C(=O)c2cc(Cc3n[nH]c(=O)c4ccccc34)ccc2F)CC1,8.23,1,0.0,8.23,8.23,2022,2022,1,1,O=C1OC2CC3CCC=CC3=CC2C1CNCCOCCOCC(=O)N1CCN(C(=O)c2cccc(Cc3n[nH]c(=O)c4ccccc34)c2)CC1,0.0
C[C@]12CCCN1CC1=NNC(=O)c3cc(F)cc4[nH]c2c1c34,8.675,2,0.5303300858899106,8.3,9.05,2016,2024,2,2,O=C1NN=C2CN3CCCC3c3[nH]c4cccc1c4c32,0.75
C[C@]12CCCN1CC1=NNC(=O)c3cccc4[nH]c2c1c34,8.96,1,0.0,8.96,8.96,2016,2016,1,1,O=C1NN=C2CN3CCCC3c3[nH]c4cccc1c4c32,0.0
C[N+]1([O-])CCN(c2ccc3nc(O)c4ccccc4c3n2)CC1,6.61,1,0.0,6.61,6.61,2003,2003,1,1,c1ccc2c(c1)cnc1ccc(N3CC[NH2+]CC3)nc12,0.0
Cc1c(-c2nc3c(C(N)=O)cc(F)cc3[nH]2)sc2c1CCNC2,8.1,1,0.0,8.1,8.1,2018,2018,1,1,c1ccc2[nH]c(-c3cc4c(s3)CNCC4)nc2c1,0.0
Cc1c(C(=O)N2CC=C(c3ccc(F)cc3)CC2)sc2c1[nH]c(=O)c1ccccc12,6.88,1,0.0,6.88,6.88,2014,2014,1,1,O=C(c1cc2[nH]c(=O)c3ccccc3c2s1)N1CC=C(c2ccccc2)CC1,0.0
Cc1c(C(=O)N2CCC(N(C)C)CC2)sc2c1[nH]c(=O)c1ccccc12,7.54,1,0.0,7.54,7.54,2014,2014,1,1,O=C(c1cc2[nH]c(=O)c3ccccc3c2s1)N1CCCCC1,0.0
Cc1c(C(=O)N2CCN(C(C)C)CC2)sc2c1[nH]c(=O)c1ccccc12,7.07,1,0.0,7.07,7.07,2014,2014,1,1,O=C(c1cc2[nH]c(=O)c3ccccc3c2s1)N1CCNCC1,0.0
Cc1c(C(=O)N2CCN(C)CC2)sc2c1[nH]c(=O)c1ccccc12,6.64,1,0.0,6.64,6.64,2014,2014,1,1,O=C(c1cc2[nH]c(=O)c3ccccc3c2s1)N1CCNCC1,0.0
Cc1c(C(=O)NCCN2CCCC2)sc2c1[nH]c(=O)c1ccccc12,6.61,1,0.0,6.61,6.61,2014,2014,1,1,O=C(NCCN1CCCC1)c1cc2[nH]c(=O)c3ccccc3c2s1,0.0
Cc1c(C(=O)NCCN2CCN(C)CC2)sc2c1[nH]c(=O)c1ccccc12,6.55,1,0.0,6.55,6.55,2014,2014,1,1,O=C(NCCN1CCNCC1)c1cc2[nH]c(=O)c3ccccc3c2s1,0.0
Cc1c(C(=O)NCCN2CCOCC2)sc2c1[nH]c(=O)c1ccccc12,7.08,1,0.0,7.08,7.08,2014,2014,1,1,O=C(NCCN1CCOCC1)c1cc2[nH]c(=O)c3ccccc3c2s1,0.0
Cc1c(CC(=O)N2CCc3cccc4c3C2CNC4=O)sc2ccccc12,7.89,1,0.0,7.89,7.89,2010,2010,1,1,O=C1NCC2c3c(cccc31)CCN2C(=O)Cc1cc2ccccc2s1,0.0
Cc1c(CN2CCN(C(=O)c3cc(Cc4n[nH]c(=O)c5ccccc45)ccc3F)CC2)sc2c(N3CCOCC3)nc(-c3cnc(N)cc3C(F)(F)F)nc12,6.71,1,0.0,6.71,6.71,2021,2021,1,1,O=C(c1cccc(Cc2n[nH]c(=O)c3ccccc23)c1)N1CCN(Cc2cc3nc(-c4cccnc4)nc(N4CCOCC4)c3s2)CC1,0.0
Cc1c(CN2CCN(C(=O)c3cc(Cc4n[nH]c(=O)c5ccccc45)ccc3F)CC2)sc2c(N3CCOCC3)nc(-c3cnc(N)nc3)nc12,8.82,1,0.0,8.82,8.82,2021,2021,1,1,O=C(c1cccc(Cc2n[nH]c(=O)c3ccccc23)c1)N1CCN(Cc2cc3nc(-c4cncnc4)nc(N4CCOCC4)c3s2)CC1,0.0
Cc1c(CN2CCN(C(=O)c3cc4cccc(C(N)=O)c4o3)CC2)sc2c(N3CCOCC3)nc(-c3ccc(F)c(N)c3)nc12,7.78,1,0.0,7.78,7.78,2021,2021,1,1,O=C(c1cc2ccccc2o1)N1CCN(Cc2cc3nc(-c4ccccc4)nc(N4CCOCC4)c3s2)CC1,0.0
Cc1c(CN2CCN(C(=O)c3cc4cccc(C(N)=O)c4o3)CC2)sc2c(N3CCOCC3)nc(-c3ccc(N)c(F)c3)nc12,8.04,1,0.0,8.04,8.04,2021,2021,1,1,O=C(c1cc2ccccc2o1)N1CCN(Cc2cc3nc(-c4ccccc4)nc(N4CCOCC4)c3s2)CC1,0.0
Cc1c(CN2CCN(C(=O)c3cc4cccc(C(N)=O)c4o3)CC2)sc2c(N3CCOCC3)nc(-c3ccc(N)cc3)nc12,7.65,1,0.0,7.65,7.65,2021,2021,1,1,O=C(c1cc2ccccc2o1)N1CCN(Cc2cc3nc(-c4ccccc4)nc(N4CCOCC4)c3s2)CC1,0.0
Cc1c(CN2CCN(C(=O)c3cc4cccc(C(N)=O)c4o3)CC2)sc2c(N3CCOCC3)nc(-c3ccc(N)cc3F)nc12,7.4,1,0.0,7.4,7.4,2021,2021,1,1,O=C(c1cc2ccccc2o1)N1CCN(Cc2cc3nc(-c4ccccc4)nc(N4CCOCC4)c3s2)CC1,0.0
Cc1c(CN2CCN(C(=O)c3cc4cccc(C(N)=O)c4o3)CC2)sc2c(N3CCOCC3)nc(-c3ccc(N)nc3)nc12,8.72,1,0.0,8.72,8.72,2021,2021,1,1,O=C(c1cc2ccccc2o1)N1CCN(Cc2cc3nc(-c4cccnc4)nc(N4CCOCC4)c3s2)CC1,0.0
Cc1c(CN2CCN(C(=O)c3cc4cccc(C(N)=O)c4o3)CC2)sc2c(N3CCOCC3)nc(-c3ccc4[nH]ccc4c3)nc12,7.5,1,0.0,7.5,7.5,2021,2021,1,1,O=C(c1cc2ccccc2o1)N1CCN(Cc2cc3nc(-c4ccc5[nH]ccc5c4)nc(N4CCOCC4)c3s2)CC1,0.0
Cc1c(CN2CCN(C(=O)c3cc4cccc(C(N)=O)c4o3)CC2)sc2c(N3CCOCC3)nc(-c3ccc4cn[nH]c4c3)nc12,7.04,1,0.0,7.04,7.04,2021,2021,1,1,O=C(c1cc2ccccc2o1)N1CCN(Cc2cc3nc(-c4ccc5cn[nH]c5c4)nc(N4CCOCC4)c3s2)CC1,0.0
Cc1c(CN2CCN(C(=O)c3cc4cccc(C(N)=O)c4o3)CC2)sc2c(N3CCOCC3)nc(-c3cccc4[nH]ccc34)nc12,6.85,1,0.0,6.85,6.85,2021,2021,1,1,O=C(c1cc2ccccc2o1)N1CCN(Cc2cc3nc(-c4cccc5[nH]ccc45)nc(N4CCOCC4)c3s2)CC1,0.0
Cc1c(CN2CCN(C(=O)c3cc4cccc(C(N)=O)c4o3)CC2)sc2c(N3CCOCC3)nc(-c3cccc4[nH]ncc34)nc12,7.37,1,0.0,7.37,7.37,2021,2021,1,1,O=C(c1cc2ccccc2o1)N1CCN(Cc2cc3nc(-c4cccc5[nH]ncc45)nc(N4CCOCC4)c3s2)CC1,0.0
Cc1c(CN2CCN(C(=O)c3cc4cccc(C(N)=O)c4o3)CC2)sc2c(N3CCOCC3)nc(-c3cnc(N)cc3C(F)(F)F)nc12,7.0,1,0.0,7.0,7.0,2021,2021,1,1,O=C(c1cc2ccccc2o1)N1CCN(Cc2cc3nc(-c4cccnc4)nc(N4CCOCC4)c3s2)CC1,0.0
Cc1c(CN2CCN(C(=O)c3cc4cccc(C(N)=O)c4o3)CC2)sc2c(N3CCOCC3)nc(-c3cnc(N)nc3)nc12,9.04,1,0.0,9.04,9.04,2021,2021,1,1,O=C(c1cc2ccccc2o1)N1CCN(Cc2cc3nc(-c4cncnc4)nc(N4CCOCC4)c3s2)CC1,0.0
Cc1c(Cc2ccc(F)c(C(=O)N3CCC4(CCCN4)CC3)c2)n[nH]c(=O)c1C,8.59,1,0.0,8.59,8.59,2010,2010,1,1,O=C(c1cccc(Cc2ccc(=O)[nH]n2)c1)N1CCC2(CCCN2)CC1,0.0
Cc1c(Cc2ccc(F)c(C(=O)N3CCC4(CCCN4C)CC3)c2)n[nH]c(=O)c1C,8.35,1,0.0,8.35,8.35,2010,2010,1,1,O=C(c1cccc(Cc2ccc(=O)[nH]n2)c1)N1CCC2(CCCN2)CC1,0.0
Cc1c(Cc2ccc(F)c(C(=O)N3CCC4(CCN4)CC3)c2)n[nH]c(=O)c1C,8.34,1,0.0,8.34,8.34,2010,2010,1,1,O=C(c1cccc(Cc2ccc(=O)[nH]n2)c1)N1CCC2(CCN2)CC1,0.0
Cc1c(Cc2ccc(F)c(C(=O)N3CCC4(CCNC4)CC3)c2)n[nH]c(=O)c1C,8.33,1,0.0,8.33,8.33,2010,2010,1,1,O=C(c1cccc(Cc2ccc(=O)[nH]n2)c1)N1CCC2(CCNC2)CC1,0.0
Cc1c(Cc2ccc(F)c(C(=O)N3CCN(C(=O)C(C)(C)N(C)C)CC3)c2)n[nH]c(=O)c1C,8.74,1,0.0,8.74,8.74,2010,2010,1,1,O=C(c1cccc(Cc2ccc(=O)[nH]n2)c1)N1CCNCC1,0.0
Cc1c(Cc2ccc(F)c(C(=O)N3CCN(C(=O)C4(C)CCCCN4)CC3)c2)n[nH]c(=O)c1C,7.92,1,0.0,7.92,7.92,2010,2010,1,1,O=C(c1cccc(Cc2ccc(=O)[nH]n2)c1)N1CCN(C(=O)C2CCCCN2)CC1,0.0
Cc1c(Cc2ccc(F)c(C(=O)N3CCN(C(=O)C4(C)CCCN4)CC3)c2)n[nH]c(=O)c1C,8.55,1,0.0,8.55,8.55,2010,2010,1,1,O=C(c1cccc(Cc2ccc(=O)[nH]n2)c1)N1CCN(C(=O)C2CCCN2)CC1,0.0
Cc1c(Cc2ccc(F)c(C(=O)N3CCN(C(=O)C4(C)CCCO4)CC3)c2)n[nH]c(=O)c1C,8.55,1,0.0,8.55,8.55,2010,2010,1,1,O=C(c1cccc(Cc2ccc(=O)[nH]n2)c1)N1CCN(C(=O)C2CCCO2)CC1,0.0
Cc1c(Cc2ccc(F)c(C(=O)N3CCN(C(=O)C4(Cc5ccc(F)cc5)CCCN4)CC3)c2)n[nH]c(=O)c1C,8.44,1,0.0,8.44,8.44,2010,2010,1,1,O=C(c1cccc(Cc2ccc(=O)[nH]n2)c1)N1CCN(C(=O)C2(Cc3ccccc3)CCCN2)CC1,0.0
Cc1c(Cc2ccc(F)c(C(=O)N3CCN(C(=O)C4(Cc5ccccc5)CCCN4)CC3)c2)n[nH]c(=O)c1C,8.48,1,0.0,8.48,8.48,2010,2010,1,1,O=C(c1cccc(Cc2ccc(=O)[nH]n2)c1)N1CCN(C(=O)C2(Cc3ccccc3)CCCN2)CC1,0.0
Cc1c(Cc2ccc(F)c(C(=O)N3CCN(C(=O)C4(N(C)C)CC4)CC3)c2)n[nH]c(=O)c1C,8.24,1,0.0,8.24,8.24,2010,2010,1,1,O=C(c1cccc(Cc2ccc(=O)[nH]n2)c1)N1CCN(C(=O)C2CC2)CC1,0.0
Cc1c(Cc2ccc(F)c(C(=O)N3CCN(C(=O)C4(N5CCCC5)CCCC4)CC3)c2)n[nH]c(=O)c1C,8.57,1,0.0,8.57,8.57,2010,2010,1,1,O=C(c1cccc(Cc2ccc(=O)[nH]n2)c1)N1CCN(C(=O)C2(N3CCCC3)CCCC2)CC1,0.0
Cc1c(Cc2ccc(F)c(C(=O)N3CCN(C(=O)C4(NCC5CC5)CCC4)CC3)c2)n[nH]c(=O)c1C,8.49,1,0.0,8.49,8.49,2010,2010,1,1,O=C(c1cccc(Cc2ccc(=O)[nH]n2)c1)N1CCN(C(=O)C2(NCC3CC3)CCC2)CC1,0.0
Cc1c(Cc2ccc(F)c(C(=O)N3CCN(C(=O)C4(NCC5CC5)CCCC4)CC3)c2)n[nH]c(=O)c1C,8.62,1,0.0,8.62,8.62,2010,2010,1,1,O=C(c1cccc(Cc2ccc(=O)[nH]n2)c1)N1CCN(C(=O)C2(NCC3CC3)CCCC2)CC1,0.0
Cc1c(Cc2ccc(F)c(C(=O)N3CCN(C(=O)C4(NCC5CC5)CCCCC4)CC3)c2)n[nH]c(=O)c1C,8.46,1,0.0,8.46,8.46,2010,2010,1,1,O=C(c1cccc(Cc2ccc(=O)[nH]n2)c1)N1CCN(C(=O)C2(NCC3CC3)CCCCC2)CC1,0.0
Cc1c(Cc2ccc(F)c(C(=O)N3CCN(C(=O)C4(Nc5ccccc5)CCCC4)CC3)c2)n[nH]c(=O)c1C,8.41,1,0.0,8.41,8.41,2010,2010,1,1,O=C(c1cccc(Cc2ccc(=O)[nH]n2)c1)N1CCN(C(=O)C2(Nc3ccccc3)CCCC2)CC1,0.0
Cc1c(Cc2ccc(F)c(C(=O)N3CCN(C(=O)C4CCNC4)CC3)c2)n[nH]c(=O)c1C,8.41,1,0.0,8.41,8.41,2010,2010,1,1,O=C(c1cccc(Cc2ccc(=O)[nH]n2)c1)N1CCN(C(=O)C2CCNC2)CC1,0.0
Cc1c(Cc2ccc(F)c(C(=O)N3CCN(C(=O)[C@@H]4CCCN4)CC3)c2)n[nH]c(=O)c1C,8.51,1,0.0,8.51,8.51,2010,2010,1,1,O=C(c1cccc(Cc2ccc(=O)[nH]n2)c1)N1CCN(C(=O)C2CCCN2)CC1,0.0
Cc1c(Cc2ccc(F)c(C(=O)N3CCN(C(=O)[C@@]4(C)CCCN4)CC3)c2)n[nH]c(=O)c1C,8.89,1,0.0,8.89,8.89,2010,2010,1,1,O=C(c1cccc(Cc2ccc(=O)[nH]n2)c1)N1CCN(C(=O)C2CCCN2)CC1,0.0
Cc1c(Cc2ccc(F)c(C(=O)N3CCN(C(=O)[C@@]4(C)CCN4)CC3)c2)n[nH]c(=O)c1C,8.51,1,0.0,8.51,8.51,2010,2010,1,1,O=C(c1cccc(Cc2ccc(=O)[nH]n2)c1)N1CCN(C(=O)C2CCN2)CC1,0.0
Cc1c(Cc2ccc(F)c(C(=O)N3CCN(C(=O)[C@@]4(Cc5ccc(F)cc5)CCCN4)CC3)c2)n[nH]c(=O)c1C,8.38,1,0.0,8.38,8.38,2010,2010,1,1,O=C(c1cccc(Cc2ccc(=O)[nH]n2)c1)N1CCN(C(=O)C2(Cc3ccccc3)CCCN2)CC1,0.0
Cc1c(Cc2ccc(F)c(C(=O)N3CCN(C(=O)[C@H]4CCCN4)CC3)c2)n[nH]c(=O)c1C,8.57,1,0.0,8.57,8.57,2010,2010,1,1,O=C(c1cccc(Cc2ccc(=O)[nH]n2)c1)N1CCN(C(=O)C2CCCN2)CC1,0.0
Cc1c(Cc2ccc(F)c(C(=O)N3CCN(C(=O)[C@]4(C)CCCN4)CC3)c2)n[nH]c(=O)c1C,8.42,1,0.0,8.42,8.42,2010,2010,1,1,O=C(c1cccc(Cc2ccc(=O)[nH]n2)c1)N1CCN(C(=O)C2CCCN2)CC1,0.0
Cc1c(Cc2ccc(F)c(C(=O)N3CCN(C(=O)[C@]4(Cc5ccc(F)cc5)CCCN4)CC3)c2)n[nH]c(=O)c1C,8.6,1,0.0,8.6,8.6,2010,2010,1,1,O=C(c1cccc(Cc2ccc(=O)[nH]n2)c1)N1CCN(C(=O)C2(Cc3ccccc3)CCCN2)CC1,0.0
Cc1c(Cc2ccc(F)c(C(=O)N3CCc4cccc5c4C3CNC5=O)c2)n[nH]c(=O)c1C,7.44,1,0.0,7.44,7.44,2013,2013,1,1,O=C1NCC2c3c(cccc31)CCN2C(=O)c1cccc(Cc2ccc(=O)[nH]n2)c1,0.0
Cc1c(Cc2ccc(F)c(C(=O)N3Cc4nnc(-c5ccccn5)n4C(C)C3)c2)n[nH]c(=O)c1C,7.21,1,0.0,7.21,7.21,2023,2023,1,1,O=C(c1cccc(Cc2ccc(=O)[nH]n2)c1)N1CCn2c(nnc2-c2ccccn2)C1,0.0
Cc1c2ccc(N(C)c3cc(C(F)(F)F)nc(Nc4ccc(C(=O)Nc5nc6c(C(N)=O)cccc6[nH]5)cc4)n3)cc2nn1C,6.78,1,0.0,6.78,6.78,2023,2023,1,1,O=C(Nc1nc2ccccc2[nH]1)c1ccc(Nc2nccc(Nc3ccc4c[nH]nc4c3)n2)cc1,0.0
Cc1c2ccc(N(C)c3ccnc(Nc4cc(F)c(-c5nc6c(C(N)=O)cccc6[nH]5)c(F)c4)n3)cc2nn1C,6.47,1,0.0,6.47,6.47,2023,2023,1,1,c1ccc2[nH]c(-c3ccc(Nc4nccc(Nc5ccc6c[nH]nc6c5)n4)cc3)nc2c1,0.0
Cc1c2ccc(N(C)c3ccnc(Nc4cc(F)c(C(=O)Nc5nc6c(C(N)=O)cccc6[nH]5)c(F)c4)n3)cc2nn1C,6.31,1,0.0,6.31,6.31,2023,2023,1,1,O=C(Nc1nc2ccccc2[nH]1)c1ccc(Nc2nccc(Nc3ccc4c[nH]nc4c3)n2)cc1,0.0
Cc1c2ccc(N(C)c3ccnc(Nc4cc5cc(-c6nc7c(C(N)=O)cccc7[nH]6)ccc5s4)n3)cc2nn1C,6.43,1,0.0,6.43,6.43,2023,2023,1,1,c1ccc2[nH]c(-c3ccc4sc(Nc5nccc(Nc6ccc7c[nH]nc7c6)n5)cc4c3)nc2c1,0.0
Cc1c2ccc(N(C)c3ccnc(Nc4ccc(-c5ccc(-c6nc7c(C(N)=O)cccc7[nH]6)cc5)cc4)n3)cc2nn1C,6.33,1,0.0,6.33,6.33,2023,2023,1,1,c1ccc2[nH]c(-c3ccc(-c4ccc(Nc5nccc(Nc6ccc7c[nH]nc7c6)n5)cc4)cc3)nc2c1,0.0
Cc1c2ccc(N(C)c3ccnc(Nc4ccc(-c5nc6c(C(N)=O)cccc6[nH]5)c(C(F)(F)F)c4)n3)cc2nn1C,6.79,1,0.0,6.79,6.79,2023,2023,1,1,c1ccc2[nH]c(-c3ccc(Nc4nccc(Nc5ccc6c[nH]nc6c5)n4)cc3)nc2c1,0.0
Cc1c2ccc(N(C)c3ccnc(Nc4ccc(-c5nc6c(C(N)=O)cccc6[nH]5)c(Cl)c4)n3)cc2nn1C,6.85,1,0.0,6.85,6.85,2023,2023,1,1,c1ccc2[nH]c(-c3ccc(Nc4nccc(Nc5ccc6c[nH]nc6c5)n4)cc3)nc2c1,0.0
Cc1c2ccc(N(C)c3ccnc(Nc4ccc(-c5nc6c(C(N)=O)cccc6[nH]5)cc4)n3)cc2nn1C,7.02,1,0.0,7.02,7.02,2023,2023,1,1,c1ccc2[nH]c(-c3ccc(Nc4nccc(Nc5ccc6c[nH]nc6c5)n4)cc3)nc2c1,0.0
Cc1c2ccc(N(C)c3ccnc(Nc4ccc(-c5nc6c(C(N)=O)cccc6[nH]5)cc4F)n3)cc2nn1C,6.93,1,0.0,6.93,6.93,2023,2023,1,1,c1ccc2[nH]c(-c3ccc(Nc4nccc(Nc5ccc6c[nH]nc6c5)n4)cc3)nc2c1,0.0
Cc1c2ccc(N(C)c3ccnc(Nc4ccc(-c5nc6cc(F)c(F)cc6[nH]5)c(C(F)(F)F)c4)n3)cc2nn1C,6.17,1,0.0,6.17,6.17,2023,2023,1,1,c1ccc2[nH]c(-c3ccc(Nc4nccc(Nc5ccc6c[nH]nc6c5)n4)cc3)nc2c1,0.0
Cc1c2ccc(N(C)c3ccnc(Nc4ccc(-c5nc6cc(F)c(F)cc6[nH]5)c(Cl)c4)n3)cc2nn1C,6.12,1,0.0,6.12,6.12,2023,2023,1,1,c1ccc2[nH]c(-c3ccc(Nc4nccc(Nc5ccc6c[nH]nc6c5)n4)cc3)nc2c1,0.0
Cc1c2ccc(N(C)c3ccnc(Nc4ccc(C(=O)Nc5nc6c(C(N)=O)cccc6[nH]5)c(C(F)(F)F)c4)n3)cc2nn1C,6.46,1,0.0,6.46,6.46,2023,2023,1,1,O=C(Nc1nc2ccccc2[nH]1)c1ccc(Nc2nccc(Nc3ccc4c[nH]nc4c3)n2)cc1,0.0
Cc1c2ccc(N(C)c3ccnc(Nc4ccc(C(=O)Nc5nc6c(C(N)=O)cccc6[nH]5)c(Cl)c4)n3)cc2nn1C,6.78,1,0.0,6.78,6.78,2023,2023,1,1,O=C(Nc1nc2ccccc2[nH]1)c1ccc(Nc2nccc(Nc3ccc4c[nH]nc4c3)n2)cc1,0.0
Cc1c2ccc(N(C)c3ccnc(Nc4ccc(C(=O)Nc5nc6c(C(N)=O)cccc6[nH]5)cc4)n3)cc2nn1C,6.85,1,0.0,6.85,6.85,2023,2023,1,1,O=C(Nc1nc2ccccc2[nH]1)c1ccc(Nc2nccc(Nc3ccc4c[nH]nc4c3)n2)cc1,0.0
Cc1c2ccc(N(C)c3ccnc(Nc4ccc(C(=O)Nc5nc6c(C(N)=O)cccc6[nH]5)cc4F)n3)cc2nn1C,6.69,1,0.0,6.69,6.69,2023,2023,1,1,O=C(Nc1nc2ccccc2[nH]1)c1ccc(Nc2nccc(Nc3ccc4c[nH]nc4c3)n2)cc1,0.0
Cc1c2ccc(N(C)c3ccnc(Nc4cccc(-c5nc6c(C(N)=O)cccc6[nH]5)c4)n3)cc2nn1C,7.08,1,0.0,7.08,7.08,2023,2023,1,1,c1cc(Nc2nccc(Nc3ccc4c[nH]nc4c3)n2)cc(-c2nc3ccccc3[nH]2)c1,0.0
Cc1c2ccc(N(C)c3ccnc(Nc4cccc(-c5nc6cc(F)c(F)cc6[nH]5)c4)n3)cc2nn1C,6.19,1,0.0,6.19,6.19,2023,2023,1,1,c1cc(Nc2nccc(Nc3ccc4c[nH]nc4c3)n2)cc(-c2nc3ccccc3[nH]2)c1,0.0
Cc1c2ccc(N(C)c3nc(Nc4ccc(-c5nc6c(C(N)=O)cccc6[nH]5)cc4)nc4ccsc34)cc2nn1C,7.25,1,0.0,7.25,7.25,2023,2023,1,1,c1ccc2[nH]c(-c3ccc(Nc4nc(Nc5ccc6c[nH]nc6c5)c5sccc5n4)cc3)nc2c1,0.0
Cc1cc(C#N)ccc1N1CCN(Cc2cc(C)c3c4c(c(=O)[nH]c3c2)CCCN4)CC1,7.0,1,0.0,7.0,7.0,2019,2019,1,1,O=c1[nH]c2cc(CN3CCN(c4ccccc4)CC3)ccc2c2c1CCCN2,0.0
Cc1cc(C#N)ccc1N1CCN(Cc2cc(CO)c3c4c(c(=O)[nH]c3c2)CCCN4)CC1,7.94,1,0.0,7.94,7.94,2019,2019,1,1,O=c1[nH]c2cc(CN3CCN(c4ccccc4)CC3)ccc2c2c1CCCN2,0.0
Cc1cc(C#N)ccc1N1CCN(Cc2ccc3c4c(c(=O)[nH]c3c2)CCCN4)CC1,8.19,1,0.0,8.19,8.19,2019,2019,1,1,O=c1[nH]c2cc(CN3CCN(c4ccccc4)CC3)ccc2c2c1CCCN2,0.0
Cc1cc(C(=O)C2CCN(C(=O)CC(C)(C)Cc3nc4c(C)cccc4c(=O)[nH]3)CC2)ccc1C(=O)O,5.46,1,0.0,5.46,5.46,2020,2020,1,1,O=C(c1ccccc1)C1CCN(C(=O)CCCc2nc3ccccc3c(=O)[nH]2)CC1,0.0
Cc1cc(C(=O)NC2CC2)ccc1N1CCN(Cc2cc(C)c3c(c2)NC(=O)C(C)O3)CC1,7.28,1,0.0,7.28,7.28,2013,2013,1,1,O=C1COc2ccc(CN3CCN(c4ccc(C(=O)NC5CC5)cc4)CC3)cc2N1,0.0
Cc1cc(C(=O)NC2CC2)ccc1N1CCN(Cc2cc(C)c3c4c(c(=O)[nH]c3c2)CCCN4)CC1,7.23,1,0.0,7.23,7.23,2019,2019,1,1,O=C(NC1CC1)c1ccc(N2CCN(Cc3ccc4c5c(c(=O)[nH]c4c3)CCCN5)CC2)cc1,0.0
Cc1cc(C(=O)NC2CC2)ccc1N1CCN(Cc2ccc3c4c(c(=O)[nH]c3c2)CCCN4)CC1,8.11,1,0.0,8.11,8.11,2019,2019,1,1,O=C(NC1CC1)c1ccc(N2CCN(Cc3ccc4c5c(c(=O)[nH]c4c3)CCCN5)CC2)cc1,0.0
Cc1cc(C(N)=O)c2nc(-c3cc4c(s3)CNCC4)[nH]c2c1,6.46,1,0.0,6.46,6.46,2018,2018,1,1,c1ccc2[nH]c(-c3cc4c(s3)CNCC4)nc2c1,0.0
Cc1cc(C(N)=O)c2nc(-c3ccc(-c4ccc(C(=O)N5CCCC5)nc4)cc3)[nH]c2c1,4.77,1,0.0,4.77,4.77,2015,2015,1,1,O=C(c1ccc(-c2ccc(-c3nc4ccccc4[nH]3)cc2)cn1)N1CCCC1,0.0
Cc1cc(C)c2nc(C)[nH]c(=O)c2c1,4.88,1,0.0,4.88,4.88,2012,2012,1,1,O=c1[nH]cnc2ccccc12,0.0
Cc1cc(C)c2nc[nH]c(=O)c2c1,5.86,1,0.0,5.86,5.86,2012,2012,1,1,O=c1[nH]cnc2ccccc12,0.0
Cc1cc(C)cc(COC(=O)N2CCN(Cc3c(O)cc(O)c4c(=O)cc(-c5ccc(O)cc5)oc34)CC2)c1,7.46,1,0.0,7.46,7.46,2021,2021,1,1,O=C(OCc1ccccc1)N1CCN(Cc2cccc3c(=O)cc(-c4ccccc4)oc23)CC1,0.0
Cc1cc(C)n(S(=O)(=O)c2ccc3[nH]c(=O)c(=O)[nH]c3c2)n1,8.52,1,0.0,8.52,8.52,2023,2023,1,1,O=c1[nH]c2ccc(S(=O)(=O)n3cccn3)cc2[nH]c1=O,0.0
Cc1cc(CN2CCN(c3c(F)cc(C#N)cc3F)CC2)cc2[nH]c(=O)c3c(c12)NCCC3,7.04,1,0.0,7.04,7.04,2019,2019,1,1,O=c1[nH]c2cc(CN3CCN(c4ccccc4)CC3)ccc2c2c1CCCN2,0.0
Cc1cc(CN2CCN(c3ccc(Br)cc3)CC2)cc2[nH]c(=O)c3c(c12)NCCC3,7.05,1,0.0,7.05,7.05,2019,2019,1,1,O=c1[nH]c2cc(CN3CCN(c4ccccc4)CC3)ccc2c2c1CCCN2,0.0
Cc1cc(CN2CCN(c3ccc(Br)cn3)CC2)cc2[nH]c(=O)c3c(c12)NCCC3,7.37,1,0.0,7.37,7.37,2019,2019,1,1,O=c1[nH]c2cc(CN3CCN(c4ccccn4)CC3)ccc2c2c1CCCN2,0.0
Cc1cc(CN2CCN(c3ccc(C#N)c(F)c3)CC2)cc2[nH]c(=O)c3c(c12)NCCC3,7.61,1,0.0,7.61,7.61,2019,2019,1,1,O=c1[nH]c2cc(CN3CCN(c4ccccc4)CC3)ccc2c2c1CCCN2,0.0
Cc1cc(CN2CCN(c3ccc(C#N)cc3)CC2)cc2[nH]c(=O)c3c(c12)NCCC3,7.42,1,0.0,7.42,7.42,2019,2019,1,1,O=c1[nH]c2cc(CN3CCN(c4ccccc4)CC3)ccc2c2c1CCCN2,0.0
Cc1cc(CN2CCN(c3ccc(C#N)cc3Cl)CC2)cc2[nH]c(=O)c3c(c12)NCCC3,7.24,1,0.0,7.24,7.24,2019,2019,1,1,O=c1[nH]c2cc(CN3CCN(c4ccccc4)CC3)ccc2c2c1CCCN2,0.0
Cc1cc(CN2CCN(c3ccc(C#N)cc3F)CC2)cc2[nH]c(=O)c3c(c12)NCCC3,7.47,1,0.0,7.47,7.47,2019,2019,1,1,O=c1[nH]c2cc(CN3CCN(c4ccccc4)CC3)ccc2c2c1CCCN2,0.0
Cc1cc(CN2CCN(c3ccc(C#N)cn3)CC2)cc2[nH]c(=O)c3c(c12)NCCC3,7.67,1,0.0,7.67,7.67,2019,2019,1,1,O=c1[nH]c2cc(CN3CCN(c4ccccn4)CC3)ccc2c2c1CCCN2,0.0
Cc1cc(CN2CCN(c3ccc(C(=O)NC4CC4)cc3)CC2)cc2c1OC(C)C(=O)N2,7.48,1,0.0,7.48,7.48,2013,2013,1,1,O=C1COc2ccc(CN3CCN(c4ccc(C(=O)NC5CC5)cc4)CC3)cc2N1,0.0
Cc1cc(CN2CCN(c3ccc(C(=O)NC4CC4)cc3Cl)CC2)cc2[nH]c(=O)c3c(c12)NCCC3,7.5,1,0.0,7.5,7.5,2019,2019,1,1,O=C(NC1CC1)c1ccc(N2CCN(Cc3ccc4c5c(c(=O)[nH]c4c3)CCCN5)CC2)cc1,0.0
Cc1cc(CN2CCN(c3ccc(C(=O)NC4CC4)cc3Cl)CC2)cc2c1OC(C)C(=O)N2,7.12,1,0.0,7.12,7.12,2013,2013,1,1,O=C1COc2ccc(CN3CCN(c4ccc(C(=O)NC5CC5)cc4)CC3)cc2N1,0.0
Cc1cc(CN2CCN(c3ccc(C(=O)NC4CC4)cn3)CC2)cc2[nH]c(=O)c3c(c12)NCCC3,7.64,1,0.0,7.64,7.64,2019,2019,1,1,O=C(NC1CC1)c1ccc(N2CCN(Cc3ccc4c5c(c(=O)[nH]c4c3)CCCN5)CC2)nc1,0.0
Cc1cc(CN2CCN(c3ccc(Cl)cc3)CC2)cc2[nH]c(=O)c3c(c12)NCCC3,7.27,1,0.0,7.27,7.27,2019,2019,1,1,O=c1[nH]c2cc(CN3CCN(c4ccccc4)CC3)ccc2c2c1CCCN2,0.0
Cc1cc(CN2CCN(c3ccc(Cl)cn3)CC2)cc2[nH]c(=O)c3c(c12)NCCC3,7.47,1,0.0,7.47,7.47,2019,2019,1,1,O=c1[nH]c2cc(CN3CCN(c4ccccn4)CC3)ccc2c2c1CCCN2,0.0
Cc1cc(CN2CCN(c3ccc(F)cn3)CC2)cc2[nH]c(=O)c3c(c12)NCCC3,7.7,1,0.0,7.7,7.7,2019,2019,1,1,O=c1[nH]c2cc(CN3CCN(c4ccccn4)CC3)ccc2c2c1CCCN2,0.0
Cc1cc(CN2CCN(c3ccc(F)cn3)CC2C)cc2[nH]c(=O)c3c(c12)NCCC3,7.5,1,0.0,7.5,7.5,2019,2019,1,1,O=c1[nH]c2cc(CN3CCN(c4ccccn4)CC3)ccc2c2c1CCCN2,0.0
Cc1cc(CN2CCN(c3ccccn3)CC2)cc2[nH]c(=O)c3c(c12)NCCC3,7.75,1,0.0,7.75,7.75,2019,2019,1,1,O=c1[nH]c2cc(CN3CCN(c4ccccn4)CC3)ccc2c2c1CCCN2,0.0
Cc1cc(CN2CCN(c3ncc(C(F)(F)F)cc3Cl)CC2)cc2[nH]c(=O)c3c(c12)NCCC3,6.89,1,0.0,6.89,6.89,2019,2019,1,1,O=c1[nH]c2cc(CN3CCN(c4ccccn4)CC3)ccc2c2c1CCCN2,0.0
Cc1cc(CN2CCN(c3ncc(Cl)cc3F)CC2)cc2[nH]c(=O)c3c(c12)NCCC3,6.94,1,0.0,6.94,6.94,2019,2019,1,1,O=c1[nH]c2cc(CN3CCN(c4ccccn4)CC3)ccc2c2c1CCCN2,0.0
Cc1cc(CN2CCN(c3ncc(F)cn3)CC2)cc2[nH]c(=O)c3c(c12)NCCC3,7.55,1,0.0,7.55,7.55,2019,2019,1,1,O=c1[nH]c2cc(CN3CCN(c4ncccn4)CC3)ccc2c2c1CCCN2,0.0
Cc1cc(CN2CCN(c3ncc(F)cn3)CC2C)cc2[nH]c(=O)c3c(c12)NCCC3,7.25,1,0.0,7.25,7.25,2019,2019,1,1,O=c1[nH]c2cc(CN3CCN(c4ncccn4)CC3)ccc2c2c1CCCN2,0.0
Cc1cc(CN2CCN(c3ncccc3Cl)CC2)cc2[nH]c(=O)c3c(c12)NCCC3,7.8,1,0.0,7.8,7.8,2019,2019,1,1,O=c1[nH]c2cc(CN3CCN(c4ccccn4)CC3)ccc2c2c1CCCN2,0.0
Cc1cc(CN2CCN(c3ncccc3F)CC2)cc2[nH]c(=O)c3c(c12)NCCC3,7.61,1,0.0,7.61,7.61,2019,2019,1,1,O=c1[nH]c2cc(CN3CCN(c4ccccn4)CC3)ccc2c2c1CCCN2,0.0
Cc1cc(Cc2ccc(F)c(C(=O)N3CCc4cccc5c4C3CNC5=O)c2)n[nH]c1=O,6.68,1,0.0,6.68,6.68,2013,2013,1,1,O=C1NCC2c3c(cccc31)CCN2C(=O)c1cccc(Cc2ccc(=O)[nH]n2)c1,0.0
Cc1cc(F)cc2c(=O)[nH]c(C[C@@H](C)CC(=O)N3CCC(C(=O)c4cnn(C)c4)CC3)nc12,7.37,1,0.0,7.37,7.37,2020,2020,1,1,O=C(c1cn[nH]c1)C1CCN(C(=O)CCCc2nc3ccccc3c(=O)[nH]2)CC1,0.0
Cc1cc(F)cc2c(=O)[nH]c(C[C@H](C)CC(=O)N3CCC(C(=O)c4cccc(C(=O)O)c4)CC3)nc12,6.77,1,0.0,6.77,6.77,2020,2020,1,1,O=C(c1ccccc1)C1CCN(C(=O)CCCc2nc3ccccc3c(=O)[nH]2)CC1,0.0
Cc1cc(F)cc2c(=O)[nH]c(C[C@H](C)CC(=O)N3CCC(C(=O)c4cnn(C)c4)CC3)nc12,7.52,1,0.0,7.52,7.52,2020,2020,1,1,O=C(c1cn[nH]c1)C1CCN(C(=O)CCCc2nc3ccccc3c(=O)[nH]2)CC1,0.0
Cc1cc(F)ccc1N1CCN(Cc2cc(C)c3c4c(c(=O)[nH]c3c2)CCCN4)CC1,7.22,1,0.0,7.22,7.22,2019,2019,1,1,O=c1[nH]c2cc(CN3CCN(c4ccccc4)CC3)ccc2c2c1CCCN2,0.0
Cc1cc(F)ccc1N1CCN(Cc2cc(CO)c3c4c(c(=O)[nH]c3c2)CCCN4)CC1,7.66,1,0.0,7.66,7.66,2019,2019,1,1,O=c1[nH]c2cc(CN3CCN(c4ccccc4)CC3)ccc2c2c1CCCN2,0.0
Cc1cc(F)ccc1N1CCN(Cc2cc(F)c3c4c(c(=O)[nH]c3c2)CCCN4)CC1,7.73,1,0.0,7.73,7.73,2019,2019,1,1,O=c1[nH]c2cc(CN3CCN(c4ccccc4)CC3)ccc2c2c1CCCN2,0.0
Cc1cc(F)ccc1N1CCN(Cc2ccc3c4c(c(=O)[nH]c3c2)CCCN4)CC1,7.96,1,0.0,7.96,7.96,2019,2019,1,1,O=c1[nH]c2cc(CN3CCN(c4ccccc4)CC3)ccc2c2c1CCCN2,0.0
Cc1cc(F)cnc1N1CCN(Cc2ccc3c4c(c(=O)[nH]c3c2)CCCN4)CC1,8.18,1,0.0,8.18,8.18,2019,2019,1,1,O=c1[nH]c2cc(CN3CCN(c4ccccn4)CC3)ccc2c2c1CCCN2,0.0
Cc1cc(N(C)c2ccc3c(C)n(C)nc3c2)nc(Nc2ccc(-c3nc4c(C(N)=O)cccc4[nH]3)cc2)n1,7.07,1,0.0,7.07,7.07,2023,2023,1,1,c1ccc2[nH]c(-c3ccc(Nc4nccc(Nc5ccc6c[nH]nc6c5)n4)cc3)nc2c1,0.0
Cc1cc(N2CCN(Cc3ccc4c5c(c(=O)[nH]c4c3)CCCN5)CC2)ccc1C#N,8.35,1,0.0,8.35,8.35,2019,2019,1,1,O=c1[nH]c2cc(CN3CCN(c4ccccc4)CC3)ccc2c2c1CCCN2,0.0
Cc1cc(Nc2nccc(N(C)c3ccc4c(C)n(C)nc4c3)n2)cnc1-c1nc2c(C(N)=O)cccc2[nH]1,6.82,1,0.0,6.82,6.82,2023,2023,1,1,c1ccc2[nH]c(-c3ccc(Nc4nccc(Nc5ccc6c[nH]nc6c5)n4)cn3)nc2c1,0.0
Cc1cc(O)nn1S(=O)(=O)c1ccc2[nH]c(=O)c(=O)[nH]c2c1,8.06,1,0.0,8.06,8.06,2023,2023,1,1,O=c1[nH]c2ccc(S(=O)(=O)n3cccn3)cc2[nH]c1=O,0.0
Cc1cc2[nH]c(=O)c3ccccc3n2n1,6.52,1,0.0,6.52,6.52,2009,2009,1,1,O=c1[nH]c2ccnn2c2ccccc12,0.0
Cc1cc2c(=O)[nH]c(-c3ccc(C(C)(C)O)cc3)cn2c1,5.72,1,0.0,5.72,5.72,2021,2021,1,1,O=c1[nH]c(-c2ccccc2)cn2cccc12,0.0
Cc1cc2c(=O)[nH]c(-c3ccc(C(C)(C)O)cc3)cn2n1,5.43,1,0.0,5.43,5.43,2021,2021,1,1,O=c1[nH]c(-c2ccccc2)cn2nccc12,0.0
Cc1cc2c(=O)[nH]cc(Cc3ccc(F)c(C(=O)N4CCCNCC4)c3)n2c1,8.8,1,0.0,8.8,8.8,2010,2010,1,1,O=C(c1cccc(Cc2c[nH]c(=O)c3cccn23)c1)N1CCCNCC1,0.0
Cc1cc2c(N)cccc2c(=O)[nH]1,6.64,1,0.0,6.64,6.64,2013,2013,1,1,O=c1[nH]ccc2ccccc12,0.0
Cc1cc2c(NC(=O)c3ccccc3)cccc2c(=O)[nH]1,4.78,1,0.0,4.78,4.78,2011,2011,1,1,O=C(Nc1cccc2c(=O)[nH]ccc12)c1ccccc1,0.0
Cc1cc2nc(O)c3ccccc3c2cc1NC(=O)C[N+](C)(C)C,6.71,1,0.0,6.71,6.71,2001,2001,1,1,c1ccc2c(c1)cnc1ccccc12,0.0
Cc1cc2ncc(CN3CCN(c4ccc(C(=O)NC5CC5)nc4)CC3)cc2[nH]c1=O,8.14,1,0.0,8.14,8.14,2023,2023,1,1,O=C(NC1CC1)c1ccc(N2CCN(Cc3cnc4ccc(=O)[nH]c4c3)CC2)cn1,0.0
Cc1cc2ncc(CN3CCN(c4ccc(C(=O)NC5CC5)nc4)[C@@H]4C[C@@H]43)cc2[nH]c1=O,8.28,1,0.0,8.28,8.28,2023,2023,1,1,O=C(NC1CC1)c1ccc(N2CCN(Cc3cnc4ccc(=O)[nH]c4c3)C3CC32)cn1,0.0
Cc1cc2ncc(CN3CCN(c4cnc(C(=O)NC5CC5)c(F)c4)CC3)cc2[nH]c1=O,8.05,1,0.0,8.05,8.05,2023,2023,1,1,O=C(NC1CC1)c1ccc(N2CCN(Cc3cnc4ccc(=O)[nH]c4c3)CC2)cn1,0.0
Cc1cc2ncc([C@@H](C)N3CCN(c4ccc(C#N)cn4)CC3)cc2[nH]c1=O,8.6,1,0.0,8.6,8.6,2023,2023,1,1,O=c1ccc2ncc(CN3CCN(c4ccccn4)CC3)cc2[nH]1,0.0
Cc1cc2ncc([C@@H](C)N3CCN(c4ccc(C(=O)NC5CC5)nc4)CC3)cc2[nH]c1=O,7.72,1,0.0,7.72,7.72,2023,2023,1,1,O=C(NC1CC1)c1ccc(N2CCN(Cc3cnc4ccc(=O)[nH]c4c3)CC2)cn1,0.0
Cc1cc2ncc([C@H](C)N3CCN(c4ccc(C(=O)NC5CC5)nc4)CC3)cc2[nH]c1=O,7.8,1,0.0,7.8,7.8,2023,2023,1,1,O=C(NC1CC1)c1ccc(N2CCN(Cc3cnc4ccc(=O)[nH]c4c3)CC2)cn1,0.0
Cc1ccc(-c2cc(=O)c3c(O)cc(O)c(-c4cccc(-c5cc(=O)c6c(O)cc(O)cc6o5)c4)c3o2)cc1,6.53,1,0.0,6.53,6.53,2021,2021,1,1,O=c1cc(-c2cccc(-c3cccc4c(=O)cc(-c5ccccc5)oc34)c2)oc2ccccc12,0.0
Cc1ccc(-c2cc(=O)c3c(O)cc(O)c(-c4cccc(-c5cc(=O)c6c(O)cc(O)cc6o5)c4)c3o2)cc1C,6.6,1,0.0,6.6,6.6,2021,2021,1,1,O=c1cc(-c2cccc(-c3cccc4c(=O)cc(-c5ccccc5)oc34)c2)oc2ccccc12,0.0
Cc1ccc(-c2cc(=O)c3ccccc3o2)cc1,4.875,4,0.32045540511382664,4.59,5.15,2013,2013,2,2,O=c1cc(-c2ccccc2)oc2ccccc12,0.5600000000000005
Cc1ccc(-c2cc3[nH]c(=O)c4ccccc4n3n2)cc1,6.3,1,0.0,6.3,6.3,2009,2009,1,1,O=c1[nH]c2cc(-c3ccccc3)nn2c2ccccc12,0.0
Cc1ccc(-c2cc3c(N)cccc3c(=O)[nH]2)cc1,6.06,1,0.0,6.06,6.06,2013,2013,1,1,O=c1[nH]c(-c2ccccc2)cc2ccccc12,0.0
Cc1ccc(-c2cc3cnccc3c(=O)[nH]2)cc1,4.37,1,0.0,4.37,4.37,2015,2015,1,1,O=c1[nH]c(-c2ccccc2)cc2cnccc12,0.0
Cc1ccc(-c2cnc3c(C(N)=O)cccc3c2)cc1,4.37,1,0.0,4.37,4.37,2009,2009,1,1,c1ccc(-c2cnc3ccccc3c2)cc1,0.0
Cc1ccc(-c2nc3c(C)cccc3c(=O)[nH]2)cc1,6.16,1,0.0,6.16,6.16,2013,2013,1,1,O=c1[nH]c(-c2ccccc2)nc2ccccc12,0.0
Cc1ccc(-c2nc3c(O)cccc3c(=O)[nH]2)cc1,6.25,1,0.0,6.25,6.25,2016,2016,1,1,O=c1[nH]c(-c2ccccc2)nc2ccccc12,0.0
Cc1ccc(-c2nc3cccc4c3n2CCNC4=O)cc1,6.96,1,0.0,6.96,6.96,2009,2009,1,1,O=C1NCCn2c(-c3ccccc3)nc3cccc1c32,0.0
Cc1ccc(-c2nc3ccccc3c(=O)[nH]2)cc1,6.37,1,0.0,6.37,6.37,2016,2016,1,1,O=c1[nH]c(-c2ccccc2)nc2ccccc12,0.0
Cc1ccc(-c2nnc(C3CCN(C(=O)CCCc4nc5ccccc5c(=O)[nH]4)CC3)o2)cc1,5.48,1,0.0,5.48,5.48,2016,2016,1,1,O=C(CCCc1nc2ccccc2c(=O)[nH]1)N1CCC(c2nnc(-c3ccccc3)o2)CC1,0.0
Cc1ccc(-c2nnc3n2CCN(C(=O)c2cc(Cc4n[nH]c(=O)c5ccccc45)ccc2F)C3)o1,9.62,1,0.0,9.62,9.62,2023,2023,1,1,O=C(c1cccc(Cc2n[nH]c(=O)c3ccccc23)c1)N1CCn2c(nnc2-c2ccco2)C1,0.0
Cc1ccc(C(=O)C2CCN(CC(=O)NCc3nc4c(c(=O)[nH]3)COCC4)CC2)cc1,5.08,1,0.0,5.08,5.08,2015,2015,1,1,O=C(CN1CCC(C(=O)c2ccccc2)CC1)NCc1nc2c(c(=O)[nH]1)COCC2,0.0
Cc1ccc(C(=O)N2CCN(C(=O)c3cc(Cc4n[nH]c(=O)c5ccccc45)cc(F)c3F)CC2)cc1,7.54,1,0.0,7.54,7.54,2017,2017,1,1,O=C(c1ccccc1)N1CCN(C(=O)c2cccc(Cc3n[nH]c(=O)c4ccccc34)c2)CC1,0.0
Cc1ccc(C(=O)N2CCN(C(=O)c3cc(Cc4n[nH]c(=O)c5ccccc45)ccc3F)CC2)cc1I,7.77,1,0.0,7.77,7.77,2015,2015,1,1,O=C(c1ccccc1)N1CCN(C(=O)c2cccc(Cc3n[nH]c(=O)c4ccccc34)c2)CC1,0.0
Cc1ccc(C(=O)Nc2cccc3c(=O)[nH]ccc23)cc1,4.87,1,0.0,4.87,4.87,2011,2011,1,1,O=C(Nc1cccc2c(=O)[nH]ccc12)c1ccccc1,0.0
Cc1ccc(C2=CCN(CCCc3nc(O)c4ccccc4n3)CC2)cc1,7.77,1,0.0,7.77,7.77,2004,2004,1,1,C1=C(c2ccccc2)CCN(CCCc2ncc3ccccc3n2)C1,0.0
Cc1ccc(C2c3n[nH]c(=O)c4cccc(c34)NC2c2ccc(CN(C)C)cc2)cc1,8.71,1,0.0,8.71,8.71,2016,2016,1,1,O=c1[nH]nc2c3c(cccc13)NC(c1ccccc1)C2c1ccccc1,0.0
Cc1ccc(CN2CCN(Cc3c(O)cc(O)c4c(=O)cc(-c5ccc(O)cc5)oc34)CC2)cc1,7.51,1,0.0,7.51,7.51,2021,2021,1,1,O=c1cc(-c2ccccc2)oc2c(CN3CCN(Cc4ccccc4)CC3)cccc12,0.0
Cc1ccc(Cl)cc1N1CCN(C(=O)c2cc(Cc3n[nH]c(=O)c4ccccc34)cc(F)c2F)CC1,6.49,1,0.0,6.49,6.49,2017,2017,1,1,O=C(c1cccc(Cc2n[nH]c(=O)c3ccccc23)c1)N1CCN(c2ccccc2)CC1,0.0
Cc1ccc(Cn2cc(/C=C3\SC(=O)NC3=O)c3ccccc32)cc1,4.86,1,0.0,4.86,4.86,2017,2017,1,1,O=C1NC(=O)C(=Cc2cn(Cc3ccccc3)c3ccccc23)S1,0.0
Cc1ccc(N2CCN(C(=O)CCc3nc4ccccc4c(=O)[nH]3)CC2)nc1,7.46,1,0.0,7.46,7.46,2021,2021,1,1,O=C(CCc1nc2ccccc2c(=O)[nH]1)N1CCN(c2ccccn2)CC1,0.0
Cc1ccc(N2CCN(Cc3c(O)cc(O)c4c(=O)cc(-c5ccc(O)cc5)oc34)CC2)cc1,7.31,1,0.0,7.31,7.31,2021,2021,1,1,O=c1cc(-c2ccccc2)oc2c(CN3CCN(c4ccccc4)CC3)cccc12,0.0
Cc1ccc(N2CCN(Cc3ccc4c5c(c(=O)[nH]c4c3)CCCN5)CC2)nn1,7.76,1,0.0,7.76,7.76,2019,2019,1,1,O=c1[nH]c2cc(CN3CCN(c4cccnn4)CC3)ccc2c2c1CCCN2,0.0
Cc1ccc(NC(=O)c2ccc(NC(=O)N3CCN(C(=O)c4cc(Cc5n[nH]c(=O)c6ccccc56)ccc4F)CC3)cc2)cc1,9.31,1,0.0,9.31,9.31,2022,2022,1,1,O=C(Nc1ccccc1)c1ccc(NC(=O)N2CCN(C(=O)c3cccc(Cc4n[nH]c(=O)c5ccccc45)c3)CC2)cc1,0.0
Cc1ccc(Nc2nccc(N(C)c3ccc4c(C)n(C)nc4c3)n2)cc1-c1nc2c(C(N)=O)cccc2[nH]1,7.21,1,0.0,7.21,7.21,2023,2023,1,1,c1cc(Nc2nccc(Nc3ccc4c[nH]nc4c3)n2)cc(-c2nc3ccccc3[nH]2)c1,0.0
Cc1ccc(Nc2nccc(N(C)c3ccc4c(C)n(C)nc4c3)n2)cc1-c1nc2cc(F)c(F)cc2[nH]1,6.17,1,0.0,6.17,6.17,2023,2023,1,1,c1cc(Nc2nccc(Nc3ccc4c[nH]nc4c3)n2)cc(-c2nc3ccccc3[nH]2)c1,0.0
Cc1ccc(S(=O)(=O)N2CCN(CC3=Nc4cccc5c(=O)[nH]nc(c45)N3)CC2)cc1,7.68,1,0.0,7.68,7.68,2014,2014,1,1,O=c1[nH]nc2c3c(cccc13)N=C(CN1CCN(S(=O)(=O)c3ccccc3)CC1)N2,0.0
Cc1ccc(S(=O)(=O)NCC2=Nc3cccc4c(=O)[nH]nc(c34)N2)cc1,6.77,1,0.0,6.77,6.77,2014,2014,1,1,O=c1[nH]nc2c3c(cccc13)N=C(CNS(=O)(=O)c1ccccc1)N2,0.0
Cc1ccc2[nH]c(=O)n(C3CCN(C(=O)CCCc4nc5ccccc5c(=O)[nH]4)CC3)c2c1,5.71,1,0.0,5.71,5.71,2016,2016,1,1,O=C(CCCc1nc2ccccc2c(=O)[nH]1)N1CCC(n2c(=O)[nH]c3ccccc32)CC1,0.0
Cc1ccc2[nH]c3c4c(c5c(c3c2c1)CNC5=O)CCC4,6.7,1,0.0,6.7,6.7,2006,2006,1,1,O=C1NCc2c1c1c(c3[nH]c4ccccc4c23)CCC1,0.0
Cc1ccc2c(=O)[nH]c(-c3ccc(C(C)(C)O)cc3)cn12,6.03,1,0.0,6.03,6.03,2021,2021,1,1,O=c1[nH]c(-c2ccccc2)cn2cccc12,0.0
Cc1ccc2c(=O)[nH]c(-c3ccc(C(C)(C)O)cc3)nn12,6.02,1,0.0,6.02,6.02,2021,2021,1,1,O=c1[nH]c(-c2ccccc2)nn2cccc12,0.0
Cc1ccc2c(=O)[nH]c(-c3ccc(C(C)(C)OCCO)cc3)cn12,6.16,1,0.0,6.16,6.16,2021,2021,1,1,O=c1[nH]c(-c2ccccc2)cn2cccc12,0.0
Cc1ccc2c(=O)[nH]c(-c3ccc(C4(O)CC4)cc3)cn12,6.48,1,0.0,6.48,6.48,2021,2021,1,1,O=c1[nH]c(-c2ccc(C3CC3)cc2)cn2cccc12,0.0
Cc1ccc2c(=O)[nH]c(-c3ccc(C4(O)COC4)cc3)cn12,6.46,1,0.0,6.46,6.46,2021,2021,1,1,O=c1[nH]c(-c2ccc(C3COC3)cc2)cn2cccc12,0.0
Cc1ccc2c(=O)[nH]c(-c3ccc([C@@](C)(O)CCO)cc3)cn12,6.47,1,0.0,6.47,6.47,2021,2021,1,1,O=c1[nH]c(-c2ccccc2)cn2cccc12,0.0
Cc1ccc2c(=O)[nH]c(-c3ccc([C@@](C)(O)CO)cc3)cn12,6.13,1,0.0,6.13,6.13,2021,2021,1,1,O=c1[nH]c(-c2ccccc2)cn2cccc12,0.0
Cc1ccc2c(=O)[nH]c(-c3ccc([C@](C)(O)CCO)cc3)cn12,6.11,1,0.0,6.11,6.11,2021,2021,1,1,O=c1[nH]c(-c2ccccc2)cn2cccc12,0.0
Cc1ccc2c(=O)[nH]c(-c3ccc([C@](C)(O)CO)cc3)cn12,6.22,1,0.0,6.22,6.22,2021,2021,1,1,O=c1[nH]c(-c2ccccc2)cn2cccc12,0.0
Cc1ccc2c(=O)[nH]c(CCC(=O)N3CCN(c4ccc(C#N)cn4)CC3)nc2c1,6.71,1,0.0,6.71,6.71,2021,2021,1,1,O=C(CCc1nc2ccccc2c(=O)[nH]1)N1CCN(c2ccccn2)CC1,0.0
Cc1ccc2c(=O)[nH]cnc2c1,4.6,1,0.0,4.6,4.6,2012,2012,1,1,O=c1[nH]cnc2ccccc12,0.0
Cc1ccc2c(=O)[nH]nc3c2c1NC1=C3CCCC1,7.15,1,0.0,7.15,7.15,2016,2016,1,1,O=c1[nH]nc2c3c(cccc13)NC1=C2CCCC1,0.0
Cc1ccc2c(c1)C(=O)NCC2,4.0,1,0.0,4.0,4.0,2015,2015,1,1,O=C1NCCc2ccccc21,0.0
Cc1ccc2c(c1)CCN1C(=O)c3ccccc3C21O,6.01,1,0.0,6.01,6.01,2015,2015,1,1,O=C1c2ccccc2C2c3ccccc3CCN12,0.0
Cc1ccc2c(c1)[nH]c(=O)n2C1CCN(C(=O)CCCc2nc3ccccc3c(=O)[nH]2)CC1,6.06,1,0.0,6.06,6.06,2016,2016,1,1,O=C(CCCc1nc2ccccc2c(=O)[nH]1)N1CCC(n2c(=O)[nH]c3ccccc32)CC1,0.0
Cc1ccc2cccc(C(N)=O)c2n1,6.3,1,0.0,6.3,6.3,2009,2009,1,1,c1ccc2ncccc2c1,0.0
Cc1ccc2nc(CCC(=O)N3CCN(c4ccc(C#N)cn4)CC3)[nH]c(=O)c2c1,7.64,1,0.0,7.64,7.64,2021,2021,1,1,O=C(CCc1nc2ccccc2c(=O)[nH]1)N1CCN(c2ccccn2)CC1,0.0
Cc1ccc2nc3c4ccccc4c(=O)[nH]c3n2c1,5.37,1,0.0,5.37,5.37,2009,2009,1,1,O=c1[nH]c2c(nc3ccccn32)c2ccccc12,0.0
Cc1ccc2nc3ccccc3c(Nc3ccc(-c4nc5c(C(N)=O)cccc5[nH]4)cc3)c2c1,7.0,1,0.0,7.0,7.0,2017,2017,1,1,c1ccc2[nH]c(-c3ccc(Nc4c5ccccc5nc5ccccc45)cc3)nc2c1,0.0
Cc1ccc2nc3ccccc3c(Nc3cccc(-c4nc5c(C(N)=O)cccc5[nH]4)c3)c2c1,6.29,1,0.0,6.29,6.29,2017,2017,1,1,c1cc(Nc2c3ccccc3nc3ccccc23)cc(-c2nc3ccccc3[nH]2)c1,0.0
Cc1ccc2nc3n(c2c1)CCN(C(=O)c1cc(Cc2n[nH]c(=O)c4ccccc24)ccc1F)C3,9.33,1,0.0,9.33,9.33,2021,2021,1,1,O=C(c1cccc(Cc2n[nH]c(=O)c3ccccc23)c1)N1CCn2c(nc3ccccc32)C1,0.0
Cc1ccc2nc[nH]c(=O)c2c1,4.6,1,0.0,4.6,4.6,2012,2012,1,1,O=c1[nH]cnc2ccccc12,0.0
Cc1cccc(-c2nnc(C3CCN(C(=O)CCCc4nc5ccccc5c(=O)[nH]4)CC3)o2)c1,5.5,1,0.0,5.5,5.5,2016,2016,1,1,O=C(CCCc1nc2ccccc2c(=O)[nH]1)N1CCC(c2nnc(-c3ccccc3)o2)CC1,0.0
Cc1cccc(-c2nnc3n2CCN(C(=O)c2cc(Cc4n[nH]c(=O)c5ccccc45)ccc2F)C3)n1,7.87,1,0.0,7.87,7.87,2023,2023,1,1,O=C(c1cccc(Cc2n[nH]c(=O)c3ccccc23)c1)N1CCn2c(nnc2-c2ccccn2)C1,0.0
Cc1cccc(C(N)=O)c1,4.72,1,0.0,4.72,4.72,2001,2001,1,1,c1ccccc1,0.0
Cc1cccc(N2CCN(C(=O)CCc3nc4ccccc4c(=O)[nH]3)CC2)n1,6.45,1,0.0,6.45,6.45,2021,2021,1,1,O=C(CCc1nc2ccccc2c(=O)[nH]1)N1CCN(c2ccccn2)CC1,0.0
Cc1cccc2c(=O)[nH]c(-c3ccc(CN)cc3)nc12,6.58,1,0.0,6.58,6.58,2016,2016,1,1,O=c1[nH]c(-c2ccccc2)nc2ccccc12,0.0
Cc1cccc2c(=O)[nH]c(C3=CC(N4CC=C(c5ccc(F)cc5)CC4)CC3)nc12,7.6,1,0.0,7.6,7.6,2007,2007,1,1,O=c1[nH]c(C2=CC(N3CC=C(c4ccccc4)CC3)CC2)nc2ccccc12,0.0
Cc1cccc2c(=O)[nH]c(C3=CC(N4CCC(c5ccc(Cl)cc5)CC4)CC3)nc12,7.34,1,0.0,7.34,7.34,2007,2007,1,1,O=c1[nH]c(C2=CC(N3CCC(c4ccccc4)CC3)CC2)nc2ccccc12,0.0
Cc1cccc2c(=O)[nH]c(C3=CC(N4CCC(c5ccc(F)cc5)CC4)CC3)nc12,7.52,1,0.0,7.52,7.52,2007,2007,1,1,O=c1[nH]c(C2=CC(N3CCC(c4ccccc4)CC3)CC2)nc2ccccc12,0.0
Cc1cccc2c(=O)[nH]c(C3=CC(N4CCN(c5ccc(Cl)cc5)CC4)CC3)nc12,7.92,1,0.0,7.92,7.92,2007,2007,1,1,O=c1[nH]c(C2=CC(N3CCN(c4ccccc4)CC3)CC2)nc2ccccc12,0.0
Cc1cccc2c(=O)[nH]c(CC(C)(C)CC(=O)N3CCC(C(=O)c4cccc(C(=O)O)c4)CC3)nc12,5.82,1,0.0,5.82,5.82,2020,2020,1,1,O=C(c1ccccc1)C1CCN(C(=O)CCCc2nc3ccccc3c(=O)[nH]2)CC1,0.0
Cc1cccc2c(=O)[nH]c(CCC(=O)N3CCN(c4ccc(C#N)cn4)CC3)nc12,8.15,1,0.0,8.15,8.15,2021,2021,1,1,O=C(CCc1nc2ccccc2c(=O)[nH]1)N1CCN(c2ccccn2)CC1,0.0
Cc1cccc2c(=O)[nH]c(CCCN3CC=C(c4ccc(Cl)cc4)CC3)nc12,7.8,1,0.0,7.8,7.8,2007,2007,1,1,O=c1[nH]c(CCCN2CC=C(c3ccccc3)CC2)nc2ccccc12,0.0
Cc1cccc2c(=O)[nH]c(CCCN3CC=C(c4ccc(F)cc4)CC3)nc12,7.949999999999999,2,0.2121320343559638,7.8,8.1,2007,2009,2,2,O=c1[nH]c(CCCN2CC=C(c3ccccc3)CC2)nc2ccccc12,0.2999999999999998
Cc1cccc2c(=O)[nH]c(CCCN3CCC(c4ccc(F)cc4)CC3)nc12,7.8,1,0.0,7.8,7.8,2023,2023,1,1,O=c1[nH]c(CCCN2CCC(c3ccccc3)CC2)nc2ccccc12,0.0
Cc1cccc2c(=O)[nH]c(CCN3CCC[C@@H]3CO)cc12,7.54,1,0.0,7.54,7.54,2010,2010,1,1,O=c1[nH]c(CCN2CCCC2)cc2ccccc12,0.0
Cc1cccc2c(=O)[nH]c(C[C@@H](C)CC(=O)N3CCC(C(=O)c4cccc(C(=O)O)c4)CC3)nc12,6.51,1,0.0,6.51,6.51,2020,2020,1,1,O=C(c1ccccc1)C1CCN(C(=O)CCCc2nc3ccccc3c(=O)[nH]2)CC1,0.0
Cc1cccc2c(=O)[nH]c(C[C@H](C)CC(=O)N3CCC(C(=O)c4cccc(C(=O)O)c4)CC3)nc12,6.41,1,0.0,6.41,6.41,2020,2020,1,1,O=C(c1ccccc1)C1CCN(C(=O)CCCc2nc3ccccc3c(=O)[nH]2)CC1,0.0
Cc1cccc2c(=O)[nH]cnc12,5.88,1,0.0,5.88,5.88,2012,2012,1,1,O=c1[nH]cnc2ccccc12,0.0
Cc1cccc2c(Nc3ccc(-c4nc5c(C(N)=O)cccc5[nH]4)cc3)c3ccccc3nc12,6.85,1,0.0,6.85,6.85,2017,2017,1,1,c1ccc2[nH]c(-c3ccc(Nc4c5ccccc5nc5ccccc45)cc3)nc2c1,0.0
Cc1cccc2c(Nc3cccc(-c4nc5c(C(N)=O)cccc5[nH]4)c3)c3ccccc3nc12,6.35,1,0.0,6.35,6.35,2017,2017,1,1,c1cc(Nc2c3ccccc3nc3ccccc23)cc(-c2nc3ccccc3[nH]2)c1,0.0
Cc1cccc2c(O)nc(-c3ccc(N)cc3)nc12,6.3,1,0.0,6.3,6.3,2013,2013,1,1,c1ccc(-c2ncc3ccccc3n2)cc1,0.0
Cc1cccc2c(O)nc(-c3ccc(O)cc3)nc12,5.92,1,0.0,5.92,5.92,2013,2013,1,1,c1ccc(-c2ncc3ccccc3n2)cc1,0.0
Cc1cccc2c(O)nc(-c3ccc([N+](=O)[O-])cc3)nc12,6.98,1,0.0,6.98,6.98,2013,2013,1,1,c1ccc(-c2ncc3ccccc3n2)cc1,0.0
Cc1cccc2c(O)nc(-c3ccccc3)nc12,6.1,1,0.0,6.1,6.1,2013,2013,1,1,c1ccc(-c2ncc3ccccc3n2)cc1,0.0
Cc1cccc2c(O)nc(CCCN3CC=C(c4ccccc4)CC3)nc12,7.85,1,0.0,7.85,7.85,2004,2004,1,1,C1=C(c2ccccc2)CCN(CCCc2ncc3ccccc3n2)C1,0.0
Cc1cccc2c(O)nc3cc(C(F)(F)F)c(NC(=O)CCl)cc3c12,7.48,1,0.0,7.48,7.48,2001,2001,1,1,c1ccc2c(c1)cnc1ccccc12,0.0
Cc1cccc2c(O)nc3cc(C(F)(F)F)c([N+](=O)[O-])cc3c12,6.87,1,0.0,6.87,6.87,2001,2001,1,1,c1ccc2c(c1)cnc1ccccc12,0.0
Cc1cccc2c(O)nc3cc(F)ccc3c12,7.04,1,0.0,7.04,7.04,2001,2001,1,1,c1ccc2c(c1)cnc1ccccc12,0.0
Cc1cccc2c1CCNC2=O,6.82,1,0.0,6.82,6.82,2020,2020,1,1,O=C1NCCc2ccccc21,0.0
Cc1cccc2nc(CCC(=O)N3CCN(c4ccc(C#N)cn4)CC3)[nH]c(=O)c12,7.27,1,0.0,7.27,7.27,2021,2021,1,1,O=C(CCc1nc2ccccc2c(=O)[nH]1)N1CCN(c2ccccn2)CC1,0.0
Cc1cccc2nc[nH]c(=O)c12,4.6,1,0.0,4.6,4.6,2012,2012,1,1,O=c1[nH]cnc2ccccc12,0.0
Cc1ccccc1C(=O)Nc1cccc2c(=O)[nH]ccc12,4.5,1,0.0,4.5,4.5,2011,2011,1,1,O=C(Nc1cccc2c(=O)[nH]ccc12)c1ccccc1,0.0
Cc1ccccc1CN1CCN(c2nc3c(c(=O)[nH]2)CCCN3C)CC1,4.76,1,0.0,4.76,4.76,2017,2017,1,1,O=c1[nH]c(N2CCN(Cc3ccccc3)CC2)nc2c1CCCN2,0.0
Cc1ccccc1NC(=O)c1ccc(NC(=O)N2CCN(C(=O)c3cc(Cc4n[nH]c(=O)c5ccccc45)ccc3F)CC2)cc1,8.79,1,0.0,8.79,8.79,2022,2022,1,1,O=C(Nc1ccccc1)c1ccc(NC(=O)N2CCN(C(=O)c3cccc(Cc4n[nH]c(=O)c5ccccc45)c3)CC2)cc1,0.0
Cc1cccn2c1nc1c3ccccc3c(=O)[nH]c12,5.48,1,0.0,5.48,5.48,2009,2009,1,1,O=c1[nH]c2c(nc3ccccn32)c2ccccc12,0.0
Cc1cccnc1CN1CCN(c2nc3c(c(=O)[nH]2)CCCN3C)CC1,4.67,1,0.0,4.67,4.67,2017,2017,1,1,O=c1[nH]c(N2CCN(Cc3ccccn3)CC2)nc2c1CCCN2,0.0
Cc1cccnc1N1CCN(C(=O)CCc2nc3ccccc3c(=O)[nH]2)CC1,6.92,1,0.0,6.92,6.92,2021,2021,1,1,O=C(CCc1nc2ccccc2c(=O)[nH]1)N1CCN(c2ccccn2)CC1,0.0
Cc1cccnc1N1CCN(Cc2cc(C)c3c4c(c(=O)[nH]c3c2)CCCN4)CC1,7.81,1,0.0,7.81,7.81,2019,2019,1,1,O=c1[nH]c2cc(CN3CCN(c4ccccn4)CC3)ccc2c2c1CCCN2,0.0
Cc1cccnc1N1CCN(Cc2cc(CO)c3c4c(c(=O)[nH]c3c2)CCCN4)CC1,7.83,1,0.0,7.83,7.83,2019,2019,1,1,O=c1[nH]c2cc(CN3CCN(c4ccccn4)CC3)ccc2c2c1CCCN2,0.0
Cc1cccnc1N1CCN(Cc2cc(F)c3c4c(c(=O)[nH]c3c2)CCCN4)CC1,7.71,1,0.0,7.71,7.71,2019,2019,1,1,O=c1[nH]c2cc(CN3CCN(c4ccccn4)CC3)ccc2c2c1CCCN2,0.0
Cc1cccnc1N1CCN(Cc2ccc3c4c(c(=O)[nH]c3c2)CCCN4)CC1,8.26,1,0.0,8.26,8.26,2019,2019,1,1,O=c1[nH]c2cc(CN3CCN(c4ccccn4)CC3)ccc2c2c1CCCN2,0.0
Cc1cccnc1N1CCN(c2nc3c(C(N)=O)cc(F)cc3[nH]2)CC1,7.32,1,0.0,7.32,7.32,2019,2019,1,1,c1ccc(N2CCN(c3nc4ccccc4[nH]3)CC2)nc1,0.0
Cc1ccn2c(c1)nc1c3ccccc3c(=O)[nH]c12,6.33,1,0.0,6.33,6.33,2009,2009,1,1,O=c1[nH]c2c(nc3ccccn32)c2ccccc12,0.0
Cc1ccn2c(n1)nc1c3ccccc3c(=O)[nH]c12,6.25,1,0.0,6.25,6.25,2009,2009,1,1,O=c1[nH]c2c(nc3ncccn32)c2ccccc12,0.0
Cc1ccnc(CN2CCN(c3nc4c(c(=O)[nH]3)CCCN4C)CC2)n1,5.25,1,0.0,5.25,5.25,2017,2017,1,1,O=c1[nH]c(N2CCN(Cc3ncccn3)CC2)nc2c1CCCN2,0.0
Cc1ccnc(N2CCN(C(=O)CCc3nc4ccccc4c(=O)[nH]3)CC2)c1,6.89,1,0.0,6.89,6.89,2021,2021,1,1,O=C(CCc1nc2ccccc2c(=O)[nH]1)N1CCN(c2ccccn2)CC1,0.0
Cc1cnc(CN2CCN(c3nc4c(c(=O)[nH]3)CCCN4C)CC2)nc1,5.14,1,0.0,5.14,5.14,2017,2017,1,1,O=c1[nH]c(N2CCN(Cc3ncccn3)CC2)nc2c1CCCN2,0.0
Cc1cnc(N2CCN(Cc3cnc4cc(C5CC5)c(=O)[nH]c4c3)CC2)n1C,8.06,1,0.0,8.06,8.06,2023,2023,1,1,O=c1[nH]c2cc(CN3CCN(c4ncc[nH]4)CC3)cnc2cc1C1CC1,0.0
Cc1cnc(Nc2ccc(-c3nc4c(C(N)=O)cccc4[nH]3)cc2)nc1N(C)c1ccc2c(C)n(C)nc2c1,6.96,1,0.0,6.96,6.96,2023,2023,1,1,c1ccc2[nH]c(-c3ccc(Nc4nccc(Nc5ccc6c[nH]nc6c5)n4)cc3)nc2c1,0.0
Cc1cnc2c(C(N)=O)cccc2c1,5.47,1,0.0,5.47,5.47,2009,2009,1,1,c1ccc2ncccc2c1,0.0
Cc1csc(CC(=O)N2CCc3cccc4c3C2CNC4=O)n1,8.22,1,0.0,8.22,8.22,2010,2010,1,1,O=C1NCC2c3c(cccc31)CCN2C(=O)Cc1nccs1,0.0
Cc1csc2c(=O)[nH]c(-c3ccc(C(C)(C)O)cc3)nc12,6.36,1,0.0,6.36,6.36,2021,2021,1,1,O=c1[nH]c(-c2ccccc2)nc2ccsc12,0.0
Cc1nc(-c2ccccc2)sc1C(=O)Nc1cccc(Cc2nnc(O)c3ccccc23)c1,7.57,1,0.0,7.57,7.57,2005,2005,1,1,O=C(Nc1cccc(Cc2nncc3ccccc23)c1)c1cnc(-c2ccccc2)s1,0.0
Cc1nc(-c2nnc3n2CCN(C(=O)c2cc(Cc4n[nH]c(=O)c5ccccc45)ccc2F)C3)cs1,8.67,1,0.0,8.67,8.67,2023,2023,1,1,O=C(c1cccc(Cc2n[nH]c(=O)c3ccccc23)c1)N1CCn2c(nnc2-c2cscn2)C1,0.0
Cc1nc(O)c2c(Cl)cccc2n1,5.92,1,0.0,5.92,5.92,2004,2004,1,1,c1ccc2ncncc2c1,0.0
Cc1nc(O)c2c(n1)Oc1[nH]c(=O)[nH]c(=O)c1C2c1cccs1,4.79,1,0.0,4.79,4.79,2022,2022,1,1,O=c1[nH]c2c(c(=O)[nH]1)C(c1cccs1)c1cncnc1O2,0.0
Cc1nc(O)c2cccc(C)c2n1,6.31,1,0.0,6.31,6.31,2012,2012,1,1,c1ccc2ncncc2c1,0.0
Cc1nc2c(C(N)=O)cccc2[nH]1,6.0,1,0.0,6.0,6.0,2001,2001,1,1,c1ccc2[nH]cnc2c1,0.0
Cc1nc2c(Cl)cccc2c(=O)[nH]1,5.58,1,0.0,5.58,5.58,2012,2012,1,1,O=c1[nH]cnc2ccccc12,0.0
Cc1nc2c(N)cccc2c(=O)[nH]1,6.4,1,0.0,6.4,6.4,2012,2012,1,1,O=c1[nH]cnc2ccccc12,0.0
Cc1nc2ccc(N3CCN(Cc4ccc5c6c(c(=O)[nH]c5c4)CCCN6)CC3)cc2o1,7.61,1,0.0,7.61,7.61,2019,2019,1,1,O=c1[nH]c2cc(CN3CCN(c4ccc5ncoc5c4)CC3)ccc2c2c1CCCN2,0.0
Cc1nc2cccc(C)c2c(=O)[nH]1,5.28,1,0.0,5.28,5.28,2012,2012,1,1,O=c1[nH]cnc2ccccc12,0.0
Cc1nc2cccc(F)c2c(=O)[nH]1,5.71,1,0.0,5.71,5.71,2012,2012,1,1,O=c1[nH]cnc2ccccc12,0.0
Cc1nc2cccc3c2n1CCNC3=O,6.85,1,0.0,6.85,6.85,2009,2009,1,1,O=C1NCCn2cnc3cccc1c32,0.0
Cc1nc2ccccc2c(=O)[nH]1,5.585,2,0.4737615433949868,5.25,5.92,2001,2012,2,2,O=c1[nH]cnc2ccccc12,0.6699999999999999
Cc1nc2nc(N3CCN(C(=O)c4cc(Cc5n[nH]c(=O)c6ccccc56)ccc4F)CC3)ccc2[nH]1,8.05,1,0.0,8.05,8.05,2019,2019,1,1,O=C(c1cccc(Cc2n[nH]c(=O)c3ccccc23)c1)N1CCN(c2ccc3[nH]cnc3n2)CC1,0.0
Cc1nc2nc(N3CCN(C(=O)c4cccc(Cc5n[nH]c(=O)c6ccccc56)c4)CC3)ccc2[nH]1,7.77,1,0.0,7.77,7.77,2019,2019,1,1,O=C(c1cccc(Cc2n[nH]c(=O)c3ccccc23)c1)N1CCN(c2ccc3[nH]cnc3n2)CC1,0.0
Cc1ncc2c(=O)[nH]c(-c3ccc(C(C)(C)C)cc3)cn12,4.55,1,0.0,4.55,4.55,2021,2021,1,1,O=c1[nH]c(-c2ccccc2)cn2cncc12,0.0
Cc1ncc2c(=O)[nH]c(-c3ccc(C(C)(C)O)cc3)cn12,4.64,1,0.0,4.64,4.64,2021,2021,1,1,O=c1[nH]c(-c2ccccc2)cn2cncc12,0.0
Cc1nccnc1CN1CCN(c2nc3c(c(=O)[nH]2)CCCN3C)CC1,5.23,1,0.0,5.23,5.23,2017,2017,1,1,O=c1[nH]c(N2CCN(Cc3cnccn3)CC2)nc2c1CCCN2,0.0
Cc1nnc2n1N=C(c1ccccc1OCCNCCCNCCOc1ccccc1C1=Nn3c(C)nnc3SC1)CS2,8.86,1,0.0,8.86,8.86,2022,2022,1,1,c1ccc(C2=Nn3cnnc3SC2)c(OCCNCCCNCCOc2ccccc2C2=Nn3cnnc3SC2)c1,0.0
Cc1noc(-c2cccc(Cc3nnc(O)c4ccccc34)c2)n1,6.72,1,0.0,6.72,6.72,2005,2005,1,1,c1cc(Cc2nncc3ccccc23)cc(-c2ncno2)c1,0.0
Cc1noc(C)c1-c1ccc2c(c1)C(c1ccccc1)N(CC(=O)NC(C)(C)c1nc3c(C(N)=O)cccc3[nH]1)C(=O)N2,7.21,1,0.0,7.21,7.21,2022,2022,1,1,O=C(CN1C(=O)Nc2ccc(-c3cnoc3)cc2C1c1ccccc1)NCc1nc2ccccc2[nH]1,0.0
Cc1noc(C)c1-c1ccc2c(c1)C(c1ccccc1)N(CC(=O)NC(c1nc3c(C(N)=O)cccc3[nH]1)C(C)C)C(=O)N2,6.49,1,0.0,6.49,6.49,2022,2022,1,1,O=C(CN1C(=O)Nc2ccc(-c3cnoc3)cc2C1c1ccccc1)NCc1nc2ccccc2[nH]1,0.0
Cc1noc(C)c1-c1ccc2c(c1)C(c1ccccc1)N(CC(=O)NCc1nc3c(C(N)=O)cccc3[nH]1)C(=O)N2C,7.14,1,0.0,7.14,7.14,2022,2022,1,1,O=C(CN1C(=O)Nc2ccc(-c3cnoc3)cc2C1c1ccccc1)NCc1nc2ccccc2[nH]1,0.0
Cc1noc(C)c1-c1ccc2c(c1)C(c1ccccc1)N(CC(=O)N[C@@H](C)c1nc3c(C(N)=O)cccc3[nH]1)C(=O)N2,7.28,1,0.0,7.28,7.28,2022,2022,1,1,O=C(CN1C(=O)Nc2ccc(-c3cnoc3)cc2C1c1ccccc1)NCc1nc2ccccc2[nH]1,0.0
Cc1noc(C)c1-c1ccc2c(c1)C(c1ccccc1)N(CC(=O)N[C@@H](C)c1nc3c(C(N)=O)cccc3[nH]1)C(=O)N2C,6.73,1,0.0,6.73,6.73,2022,2022,1,1,O=C(CN1C(=O)Nc2ccc(-c3cnoc3)cc2C1c1ccccc1)NCc1nc2ccccc2[nH]1,0.0
Cc1noc(C)c1-c1ccc2c(c1)C(c1ccccc1)N(CC(=O)N[C@H](C)c1nc3c(C(N)=O)cccc3[nH]1)C(=O)N2,6.95,1,0.0,6.95,6.95,2022,2022,1,1,O=C(CN1C(=O)Nc2ccc(-c3cnoc3)cc2C1c1ccccc1)NCc1nc2ccccc2[nH]1,0.0
Cc1noc(C)c1-c1ccc2c(c1)C(c1ccccc1)N(CC(=O)c1nc3c(C(N)=O)cccc3[nH]1)C(=O)N2,6.94,1,0.0,6.94,6.94,2022,2022,1,1,O=C(CN1C(=O)Nc2ccc(-c3cnoc3)cc2C1c1ccccc1)c1nc2ccccc2[nH]1,0.0
Cc1noc(C)c1-c1ccc2c(c1)C(c1ccccc1)N(Cc1nc3c(C(N)=O)cccc3[nH]1)C(=O)N2,6.44,1,0.0,6.44,6.44,2022,2022,1,1,O=C1Nc2ccc(-c3cnoc3)cc2C(c2ccccc2)N1Cc1nc2ccccc2[nH]1,0.0
Cc1noc(C)c1-c1ccc2c(c1)C(c1ccccc1)N(Cc1nc3c(C(N)=O)cccc3[nH]1)C(=O)N2C,7.31,1,0.0,7.31,7.31,2022,2022,1,1,O=C1Nc2ccc(-c3cnoc3)cc2C(c2ccccc2)N1Cc1nc2ccccc2[nH]1,0.0
Cc1noc(C)c1S(=O)(=O)N1CCCN(C(=O)c2cccc(Cc3nnc(O)c4ccccc34)c2)CC1,7.92,1,0.0,7.92,7.92,2006,2006,1,1,O=C(c1cccc(Cc2nncc3ccccc23)c1)N1CCCN(S(=O)(=O)c2cnoc2)CC1,0.0
Cc1noc2ccc(N3CCN(Cc4ccc5c6c(c(=O)[nH]c5c4)CCCN6)CC3)cc12,8.12,1,0.0,8.12,8.12,2019,2019,1,1,O=c1[nH]c2cc(CN3CCN(c4ccc5oncc5c4)CC3)ccc2c2c1CCCN2,0.0
Cc1sc(-c2ccccc2)nc1C(=O)Nc1cccc(Cc2n[nH]c(=O)c3ccccc23)c1,7.57,1,0.0,7.57,7.57,2009,2009,1,1,O=C(Nc1cccc(Cc2n[nH]c(=O)c3ccccc23)c1)c1csc(-c2ccccc2)n1,0.0
Cc1sc2nc(SCC(=O)N3CCN(CCO)CC3)[nH]c(=O)c2c1C,6.14,1,0.0,6.14,6.14,2013,2013,1,1,O=C(CSc1nc2sccc2c(=O)[nH]1)N1CCNCC1,0.0
Cn1c(-c2cc3c(s2)C(C(C)(C)C)NCC3)nc2c(C(N)=O)cc(F)cc21,6.82,1,0.0,6.82,6.82,2018,2018,1,1,c1ccc2[nH]c(-c3cc4c(s3)CNCC4)nc2c1,0.0
Cn1c(-c2cc3c(s2)CNCC3)nc2c(C(N)=O)cc(F)cc21,7.75,1,0.0,7.75,7.75,2018,2018,1,1,c1ccc2[nH]c(-c3cc4c(s3)CNCC4)nc2c1,0.0
Cn1c(=O)n(C2CCN(C(=O)CCCc3nc4ccccc4c(=O)[nH]3)CC2)c2ccccc21,5.5,1,0.0,5.5,5.5,2016,2016,1,1,O=C(CCCc1nc2ccccc2c(=O)[nH]1)N1CCC(n2c(=O)[nH]c3ccccc32)CC1,0.0
Cn1c(C(=O)N2CC=C(c3ccc(F)cc3)CC2)cc2c1-c1ccccc1C(=O)NC2,5.78,1,0.0,5.78,5.78,2014,2014,1,1,O=C1NCc2cc(C(=O)N3CC=C(c4ccccc4)CC3)[nH]c2-c2ccccc21,0.0
Cn1c(C(=O)N2CCCNCC2)c(Br)c2[nH]c(=O)c3ccccc3c21,7.0,1,0.0,7.0,7.0,2014,2014,1,1,O=C(c1cc2[nH]c(=O)c3ccccc3c2[nH]1)N1CCCNCC1,0.0
Cn1c(C(=O)N2CCCNCC2)c(Cl)c2[nH]c(=O)c3ccccc3c21,7.0,1,0.0,7.0,7.0,2014,2014,1,1,O=C(c1cc2[nH]c(=O)c3ccccc3c2[nH]1)N1CCCNCC1,0.0
Cn1c(C(=O)N2CCCNCC2)cc2[nH]c(=O)c3ccccc3c21,7.0,1,0.0,7.0,7.0,2014,2014,1,1,O=C(c1cc2[nH]c(=O)c3ccccc3c2[nH]1)N1CCCNCC1,0.0
Cn1c(C(=O)N2CCN(Cc3ccccc3)CC2)cc2[nH]c(=O)c3ccccc3c21,6.07,1,0.0,6.07,6.07,2014,2014,1,1,O=C(c1cc2[nH]c(=O)c3ccccc3c2[nH]1)N1CCN(Cc2ccccc2)CC1,0.0
Cn1c(C(=O)N2CCNCC2)cc2[nH]c(=O)c3ccccc3c21,7.36,1,0.0,7.36,7.36,2014,2014,1,1,O=C(c1cc2[nH]c(=O)c3ccccc3c2[nH]1)N1CCNCC1,0.0
Cn1c(C(=O)NCCCN2CCOCC2)cc2[nH]c(=O)c3ccccc3c21,7.0,1,0.0,7.0,7.0,2014,2014,1,1,O=C(NCCCN1CCOCC1)c1cc2[nH]c(=O)c3ccccc3c2[nH]1,0.0
Cn1c(C(=O)NCCN2CCCC2)cc2c1-c1ccccc1C(=O)NC2,5.09,1,0.0,5.09,5.09,2014,2014,1,1,O=C(NCCN1CCCC1)c1cc2c([nH]1)-c1ccccc1C(=O)NC2,0.0
Cn1c2c3c4c(cccc41)C(=O)NN=C3CC(C)(C)C2,7.82,1,0.0,7.82,7.82,2016,2016,1,1,O=C1NN=C2CCCc3[nH]c4cccc1c4c32,0.0
Cn1c2ccccc2c2c3c(c4c(c21)CCC4)C(=O)NC3,6.1,1,0.0,6.1,6.1,2006,2006,1,1,O=C1NCc2c1c1c(c3[nH]c4ccccc4c23)CCC1,0.0
Cn1cc(-c2nnc3n2CCN(C(=O)c2cc(Cc4n[nH]c(=O)c5ccccc45)ccc2F)C3)cn1,8.13,1,0.0,8.13,8.13,2023,2023,1,1,O=C(c1cccc(Cc2n[nH]c(=O)c3ccccc23)c1)N1CCn2c(nnc2-c2cn[nH]c2)C1,0.0
Cn1cc(C(=O)C2CCN(C(=O)C(C)(C)CCc3nc4ccccc4c(=O)[nH]3)CC2)cn1,4.96,1,0.0,4.96,4.96,2020,2020,1,1,O=C(c1cn[nH]c1)C1CCN(C(=O)CCCc2nc3ccccc3c(=O)[nH]2)CC1,0.0
Cn1cc(C(=O)C2CCN(C(=O)CC(C)(C)Cc3cc4ccccc4c(=O)[nH]3)CC2)cn1,5.47,1,0.0,5.47,5.47,2020,2020,1,1,O=C(c1cn[nH]c1)C1CCN(C(=O)CCCc2cc3ccccc3c(=O)[nH]2)CC1,0.0
Cn1cc(C(=O)C2CCN(C(=O)CC(C)(C)Cc3nc4ccccc4c(=O)[nH]3)CC2)cn1,4.92,1,0.0,4.92,4.92,2020,2020,1,1,O=C(c1cn[nH]c1)C1CCN(C(=O)CCCc2nc3ccccc3c(=O)[nH]2)CC1,0.0
Cn1cc(C(=O)C2CCN(C(=O)CC3(Cc4nc5ccccc5c(=O)[nH]4)CC3)CC2)cn1,5.15,1,0.0,5.15,5.15,2020,2020,1,1,O=C(c1cn[nH]c1)C1CCN(C(=O)CC2(Cc3nc4ccccc4c(=O)[nH]3)CC2)CC1,0.0
Cn1cc(C(=O)C2CCN(C(=O)CCC(C)(C)c3nc4ccccc4c(=O)[nH]3)CC2)cn1,4.89,1,0.0,4.89,4.89,2020,2020,1,1,O=C(c1cn[nH]c1)C1CCN(C(=O)CCCc2nc3ccccc3c(=O)[nH]2)CC1,0.0
Cn1cc(C(=O)C2CCN(C(=O)COCc3nc4c(F)cccc4c(=O)[nH]3)CC2)cn1,5.48,1,0.0,5.48,5.48,2020,2020,1,1,O=C(c1cn[nH]c1)C1CCN(C(=O)COCc2nc3ccccc3c(=O)[nH]2)CC1,0.0
Cn1cc(C(=O)C2CCN(C(=O)COCc3nc4ccccc4c(=O)[nH]3)CC2)cn1,5.42,1,0.0,5.42,5.42,2020,2020,1,1,O=C(c1cn[nH]c1)C1CCN(C(=O)COCc2nc3ccccc3c(=O)[nH]2)CC1,0.0
Cn1cc(CCC(=O)N2CCc3cccc4c3C2CNC4=O)cn1,7.85,1,0.0,7.85,7.85,2010,2010,1,1,O=C1NCC2c3c(cccc31)CCN2C(=O)CCc1cn[nH]c1,0.0
Cn1ccc(-c2nnc3n2CCN(C(=O)c2cc(Cc4n[nH]c(=O)c5ccccc45)ccc2F)C3)n1,8.2,1,0.0,8.2,8.2,2023,2023,1,1,O=C(c1cccc(Cc2n[nH]c(=O)c3ccccc23)c1)N1CCn2c(nnc2-c2cc[nH]n2)C1,0.0
Cn1ccc2c(=O)[nH]c(CCC(=O)N3CC=C(c4ccc(F)cc4)CC3)nc21,6.72,1,0.0,6.72,6.72,2021,2021,1,1,O=C(CCc1nc2[nH]ccc2c(=O)[nH]1)N1CC=C(c2ccccc2)CC1,0.0
Cn1ccnc1C1Nc2cccc3c(=O)[nH]nc(c23)C1c1ccccc1,8.03,1,0.0,8.03,8.03,2016,2016,1,1,O=c1[nH]nc2c3c(cccc13)NC(c1ncc[nH]1)C2c1ccccc1,0.0
Cn1ccnc1C1Nc2cccc3c(=O)[nH]nc(c23)C1c1nccn1C,7.61,1,0.0,7.61,7.61,2016,2016,1,1,O=c1[nH]nc2c3c(cccc13)NC(c1ncc[nH]1)C2c1ncc[nH]1,0.0
Cn1ccnc1C1c2n[nH]c(=O)c3cc(Cl)cc(c23)NC1c1ccccc1,8.21,1,0.0,8.21,8.21,2016,2016,1,1,O=c1[nH]nc2c3c(cccc13)NC(c1ccccc1)C2c1ncc[nH]1,0.0
Cn1ccnc1C1c2n[nH]c(=O)c3cc(F)cc(c23)NC1c1ccc(F)cc1,8.73,1,0.0,8.73,8.73,2016,2016,1,1,O=c1[nH]nc2c3c(cccc13)NC(c1ccccc1)C2c1ncc[nH]1,0.0
Cn1ccnc1C1c2n[nH]c(=O)c3cc(F)cc(c23)NC1c1ccccc1,8.67,1,0.0,8.67,8.67,2016,2016,1,1,O=c1[nH]nc2c3c(cccc13)NC(c1ccccc1)C2c1ncc[nH]1,0.0
Cn1ccnc1C1c2n[nH]c(=O)c3cccc(c23)NC1c1ccc(C(F)(F)F)cc1,8.28,1,0.0,8.28,8.28,2016,2016,1,1,O=c1[nH]nc2c3c(cccc13)NC(c1ccccc1)C2c1ncc[nH]1,0.0
Cn1ccnc1C1c2n[nH]c(=O)c3cccc(c23)NC1c1ccc(F)cc1,8.68,1,0.0,8.68,8.68,2016,2016,1,1,O=c1[nH]nc2c3c(cccc13)NC(c1ccccc1)C2c1ncc[nH]1,0.0
Cn1ccnc1C1c2n[nH]c(=O)c3cccc(c23)NC1c1ccccc1,8.63,1,0.0,8.63,8.63,2016,2016,1,1,O=c1[nH]nc2c3c(cccc13)NC(c1ccccc1)C2c1ncc[nH]1,0.0
Cn1ccnc1[C@@H]1c2n[nH]c(=O)c3cc(F)cc(c23)N[C@H]1c1ccc(F)cc1,7.65,1,0.0,7.65,7.65,2016,2016,1,1,O=c1[nH]nc2c3c(cccc13)NC(c1ccccc1)C2c1ncc[nH]1,0.0
Cn1ccnc1[C@@H]1c2n[nH]c(=O)c3cccc(c23)N[C@H]1c1ccc(F)cc1,6.87,1,0.0,6.87,6.87,2016,2016,1,1,O=c1[nH]nc2c3c(cccc13)NC(c1ccccc1)C2c1ncc[nH]1,0.0
Cn1ccnc1[C@H]1c2n[nH]c(=O)c3cc(F)cc(c23)N[C@@H]1c1ccc(F)cc1,8.8,1,0.0,8.8,8.8,2016,2016,1,1,O=c1[nH]nc2c3c(cccc13)NC(c1ccccc1)C2c1ncc[nH]1,0.0
Cn1ccnc1[C@H]1c2n[nH]c(=O)c3cccc(c23)N[C@@H]1c1ccc(F)cc1,8.65,1,0.0,8.65,8.65,2016,2016,1,1,O=c1[nH]nc2c3c(cccc13)NC(c1ccccc1)C2c1ncc[nH]1,0.0
Cn1cnnc1C1c2n[nH]c(=O)c3cccc(c23)NC1c1ccccc1,8.56,1,0.0,8.56,8.56,2016,2016,1,1,O=c1[nH]nc2c3c(cccc13)NC(c1ccccc1)C2c1nnc[nH]1,0.0
Cn1nccc1C1Nc2cc(F)cc3c(=O)[nH]nc(c23)C1c1ncnn1C,8.54,1,0.0,8.54,8.54,2016,2016,1,1,O=c1[nH]nc2c3c(cccc13)NC(c1ccn[nH]1)C2c1ncn[nH]1,0.0
Cn1nccc1C1c2n[nH]c(=O)c3cc(F)cc(c23)NC1c1ccc(F)cc1,8.73,1,0.0,8.73,8.73,2016,2016,1,1,O=c1[nH]nc2c3c(cccc13)NC(c1ccccc1)C2c1ccn[nH]1,0.0
Cn1ncnc1C1c2n[nH]c(=O)c3cc(F)cc(c23)NC1c1ccc(C#N)cc1,8.41,1,0.0,8.41,8.41,2016,2016,1,1,O=c1[nH]nc2c3c(cccc13)NC(c1ccccc1)C2c1ncn[nH]1,0.0
Cn1ncnc1C1c2n[nH]c(=O)c3cc(F)cc(c23)NC1c1ccc(F)cc1,8.67,1,0.0,8.67,8.67,2016,2016,1,1,O=c1[nH]nc2c3c(cccc13)NC(c1ccccc1)C2c1ncn[nH]1,0.0
Cn1ncnc1C1c2n[nH]c(=O)c3cc(F)cc(c23)NC1c1ccccc1,8.59,1,0.0,8.59,8.59,2016,2016,1,1,O=c1[nH]nc2c3c(cccc13)NC(c1ccccc1)C2c1ncn[nH]1,0.0
Cn1ncnc1C1c2n[nH]c(=O)c3cc(F)cc(c23)NC1c1cncnc1,8.12,1,0.0,8.12,8.12,2016,2016,1,1,O=c1[nH]nc2c3c(cccc13)NC(c1cncnc1)C2c1ncn[nH]1,0.0
Cn1ncnc1C1c2n[nH]c(=O)c3cccc(c23)NC1c1ccc(F)cc1,8.64,1,0.0,8.64,8.64,2016,2016,1,1,O=c1[nH]nc2c3c(cccc13)NC(c1ccccc1)C2c1ncn[nH]1,0.0
Cn1ncnc1C1c2n[nH]c(=O)c3cccc(c23)NC1c1ccccc1,8.62,1,0.0,8.62,8.62,2016,2016,1,1,O=c1[nH]nc2c3c(cccc13)NC(c1ccccc1)C2c1ncn[nH]1,0.0
Cn1ncnc1[C@@H]1c2n[nH]c(=O)c3cc(F)cc(c23)N[C@H]1c1ccc(F)cc1,6.84,1,0.0,6.84,6.84,2016,2016,1,1,O=c1[nH]nc2c3c(cccc13)NC(c1ccccc1)C2c1ncn[nH]1,0.0
Cn1ncnc1[C@@H]1c2n[nH]c(=O)c3cccc(c23)N[C@H]1c1ccc(F)cc1,7.16,1,0.0,7.16,7.16,2016,2016,1,1,O=c1[nH]nc2c3c(cccc13)NC(c1ccccc1)C2c1ncn[nH]1,0.0
Cn1ncnc1[C@H]1c2n[nH]c(=O)c3cccc(c23)N[C@@H]1c1ccc(F)cc1,8.84,1,0.0,8.84,8.84,2016,2016,1,1,O=c1[nH]nc2c3c(cccc13)NC(c1ccccc1)C2c1ncn[nH]1,0.0
N#CC1=C(N)Oc2[nH]c(=O)[nH]c(=O)c2C1c1cccs1,4.31,1,0.0,4.31,4.31,2022,2022,1,1,O=c1[nH]c2c(c(=O)[nH]1)C(c1cccs1)C=CO2,0.0
N#CCN(Cc1nc2c(c(=O)[nH]1)COCC2)C(=O)CN1CCC(C(=O)c2ccc(F)cc2)CC1,4.37,1,0.0,4.37,4.37,2015,2015,1,1,O=C(CN1CCC(C(=O)c2ccccc2)CC1)NCc1nc2c(c(=O)[nH]1)COCC2,0.0
N#CCNCc1ccc2c3c(c(=O)[nH]c2c1)CCCN3,5.99,1,0.0,5.99,5.99,2014,2014,1,1,O=c1[nH]c2ccccc2c2c1CCCN2,0.0
N#Cc1c(-c2ccccc2)cn2c1[nH]c(=O)c1ccccc12,5.02,1,0.0,5.02,5.02,2013,2013,1,1,O=c1[nH]c2cc(-c3ccccc3)cn2c2ccccc12,0.0
N#Cc1cc(F)c(N2CCN(Cc3cc(CO)c4c5c(c(=O)[nH]c4c3)CCCN5)CC2)c(F)c1,7.49,1,0.0,7.49,7.49,2019,2019,1,1,O=c1[nH]c2cc(CN3CCN(c4ccccc4)CC3)ccc2c2c1CCCN2,0.0
N#Cc1cc(F)c(N2CCN(Cc3ccc4c5c(c(=O)[nH]c4c3)CCCN5)CC2)c(F)c1,7.94,1,0.0,7.94,7.94,2019,2019,1,1,O=c1[nH]c2cc(CN3CCN(c4ccccc4)CC3)ccc2c2c1CCCN2,0.0
N#Cc1cc(N2CCN(Cc3ccc4c5c(c(=O)[nH]c4c3)CCCN5)CC2)ncc1Cl,7.99,1,0.0,7.99,7.99,2019,2019,1,1,O=c1[nH]c2cc(CN3CCN(c4ccccn4)CC3)ccc2c2c1CCCN2,0.0
N#Cc1cc(O[C@H]2CC[C@H](NC(=O)CCCc3nc4ccccc4c(=O)[nH]3)CC2)ccc1Cl,6.23,1,0.0,6.23,6.23,2016,2016,1,1,O=C(CCCc1nc2ccccc2c(=O)[nH]1)NC1CCC(Oc2ccccc2)CC1,0.0
N#Cc1ccc(-c2cnc3c(C(N)=O)cccc3c2)cc1,4.57,1,0.0,4.57,4.57,2009,2009,1,1,c1ccc(-c2cnc3ccccc3c2)cc1,0.0
N#Cc1ccc(-c2cnc3cccc(C(N)=O)c3n2)cc1,7.0,1,0.0,7.0,7.0,2009,2009,1,1,c1ccc(-c2cnc3ccccc3n2)cc1,0.0
N#Cc1ccc(-c2nnc(C3CCN(C(=O)CCCc4nc5ccccc5c(=O)[nH]4)CC3)o2)cc1,5.69,1,0.0,5.69,5.69,2016,2016,1,1,O=C(CCCc1nc2ccccc2c(=O)[nH]1)N1CCC(c2nnc(-c3ccccc3)o2)CC1,0.0
N#Cc1ccc(-c2nnc3n2CCN(C(=O)c2cc(Cc4n[nH]c(=O)c5ccccc45)ccc2F)C3)o1,9.64,1,0.0,9.64,9.64,2023,2023,1,1,O=C(c1cccc(Cc2n[nH]c(=O)c3ccccc23)c1)N1CCn2c(nnc2-c2ccco2)C1,0.0
N#Cc1ccc(C(=O)N2CCN(C(=O)c3csc(Cc4n[nH]c(=O)c5ccccc45)c3)CC2)cc1,7.07,1,0.0,7.07,7.07,2014,2014,1,1,O=C(c1ccccc1)N1CCN(C(=O)c2csc(Cc3n[nH]c(=O)c4ccccc34)c2)CC1,0.0
N#Cc1ccc(C2=CCN(CCCc3nc(O)c4ccccc4n3)CC2)cc1,8.22,1,0.0,8.22,8.22,2004,2004,1,1,C1=C(c2ccccc2)CCN(CCCc2ncc3ccccc3n2)C1,0.0
N#Cc1ccc(C2=CCN(CCCc3nc4c(Cl)cccc4c(=O)[nH]3)CC2)cc1,8.52,1,0.0,8.52,8.52,2009,2009,1,1,O=c1[nH]c(CCCN2CC=C(c3ccccc3)CC2)nc2ccccc12,0.0
N#Cc1ccc(C2CCN(CCCc3nc4c(Cl)cccc4c(=O)[nH]3)CC2)cc1,8.52,1,0.0,8.52,8.52,2023,2023,1,1,O=c1[nH]c(CCCN2CCC(c3ccccc3)CC2)nc2ccccc12,0.0
N#Cc1ccc(CC(=O)N2CCc3cccc4c3C2CNC4=O)cc1,8.05,1,0.0,8.05,8.05,2010,2010,1,1,O=C1NCC2c3c(cccc31)CCN2C(=O)Cc1ccccc1,0.0
N#Cc1ccc(F)cc1N1CCN(Cc2ccc3c4c(c(=O)[nH]c3c2)CCCN4)CC1,8.22,1,0.0,8.22,8.22,2019,2019,1,1,O=c1[nH]c2cc(CN3CCN(c4ccccc4)CC3)ccc2c2c1CCCN2,0.0
N#Cc1ccc(N2C3CCC2CN(Cc2ccc4c5c(c(=O)[nH]c4c2)CCCN5)C3)nc1,6.85,1,0.0,6.85,6.85,2019,2019,1,1,O=c1[nH]c2cc(CN3CC4CCC(C3)N4c3ccccn3)ccc2c2c1CCCN2,0.0
N#Cc1ccc(N2CC3CCC(C2)N3Cc2cc(F)c3c4c(c(=O)[nH]c3c2)CCCN4)nc1,8.24,1,0.0,8.24,8.24,2019,2019,1,1,O=c1[nH]c2cc(CN3C4CCC3CN(c3ccccn3)C4)ccc2c2c1CCCN2,0.0
N#Cc1ccc(N2CC3CCC(C2)N3Cc2ccc3c4c(c(=O)[nH]c3c2)CCCN4)cc1F,8.41,1,0.0,8.41,8.41,2019,2019,1,1,O=c1[nH]c2cc(CN3C4CCC3CN(c3ccccc3)C4)ccc2c2c1CCCN2,0.0
N#Cc1ccc(N2CC3CCC(C2)N3Cc2ccc3c4c(c(=O)[nH]c3c2)CCCN4)nc1,8.18,1,0.0,8.18,8.18,2019,2019,1,1,O=c1[nH]c2cc(CN3C4CCC3CN(c3ccccn3)C4)ccc2c2c1CCCN2,0.0
N#Cc1ccc(N2CCN(C(=O)CCc3nc4c(F)cccc4c(=O)[nH]3)CC2)nc1,7.92,1,0.0,7.92,7.92,2021,2021,1,1,O=C(CCc1nc2ccccc2c(=O)[nH]1)N1CCN(c2ccccn2)CC1,0.0
N#Cc1ccc(N2CCN(C(=O)CCc3nc4cc(F)ccc4c(=O)[nH]3)CC2)nc1,7.08,1,0.0,7.08,7.08,2021,2021,1,1,O=C(CCc1nc2ccccc2c(=O)[nH]1)N1CCN(c2ccccn2)CC1,0.0
N#Cc1ccc(N2CCN(C(=O)CCc3nc4ccc(F)cc4c(=O)[nH]3)C(CO)C2)nc1,8.3,1,0.0,8.3,8.3,2021,2021,1,1,O=C(CCc1nc2ccccc2c(=O)[nH]1)N1CCN(c2ccccn2)CC1,0.0
N#Cc1ccc(N2CCN(C(=O)CCc3nc4ccc(F)cc4c(=O)[nH]3)CC2)nc1,8.15,1,0.0,8.15,8.15,2021,2021,1,1,O=C(CCc1nc2ccccc2c(=O)[nH]1)N1CCN(c2ccccn2)CC1,0.0
N#Cc1ccc(N2CCN(C(=O)CCc3nc4cccc(F)c4c(=O)[nH]3)C(CO)C2)nc1,8.15,1,0.0,8.15,8.15,2021,2021,1,1,O=C(CCc1nc2ccccc2c(=O)[nH]1)N1CCN(c2ccccn2)CC1,0.0
N#Cc1ccc(N2CCN(C(=O)CCc3nc4cccc(F)c4c(=O)[nH]3)CC2)nc1,8.1,1,0.0,8.1,8.1,2021,2021,1,1,O=C(CCc1nc2ccccc2c(=O)[nH]1)N1CCN(c2ccccn2)CC1,0.0
N#Cc1ccc(N2CCN(C(=O)CCc3nc4ccccc4c(=O)[nH]3)C(CO)C2)nc1,8.22,1,0.0,8.22,8.22,2021,2021,1,1,O=C(CCc1nc2ccccc2c(=O)[nH]1)N1CCN(c2ccccn2)CC1,0.0
N#Cc1ccc(N2CCN(C(=O)CCc3nc4ccccc4c(=O)[nH]3)CC2)nc1,8.22,1,0.0,8.22,8.22,2021,2021,1,1,O=C(CCc1nc2ccccc2c(=O)[nH]1)N1CCN(c2ccccn2)CC1,0.0
N#Cc1ccc(N2CCN(C(=O)CCc3nc4cccnc4c(=O)[nH]3)CC2)nc1,7.0,1,0.0,7.0,7.0,2021,2021,1,1,O=C(CCc1nc2cccnc2c(=O)[nH]1)N1CCN(c2ccccn2)CC1,0.0
N#Cc1ccc(N2CCN(C(=O)CCc3nc4ccncc4c(=O)[nH]3)CC2)nc1,7.01,1,0.0,7.01,7.01,2021,2021,1,1,O=C(CCc1nc2ccncc2c(=O)[nH]1)N1CCN(c2ccccn2)CC1,0.0
N#Cc1ccc(N2CCN(C(=O)CCc3nc4ccsc4c(=O)[nH]3)CC2)nc1,7.96,1,0.0,7.96,7.96,2021,2021,1,1,O=C(CCc1nc2ccsc2c(=O)[nH]1)N1CCN(c2ccccn2)CC1,0.0
N#Cc1ccc(N2CCN(C(=O)CCc3nc4cnccc4c(=O)[nH]3)CC2)nc1,6.4,1,0.0,6.4,6.4,2021,2021,1,1,O=C(CCc1nc2cnccc2c(=O)[nH]1)N1CCN(c2ccccn2)CC1,0.0
N#Cc1ccc(N2CCN(C(=O)CCc3nc4ncccc4c(=O)[nH]3)CC2)nc1,7.24,1,0.0,7.24,7.24,2021,2021,1,1,O=C(CCc1nc2ncccc2c(=O)[nH]1)N1CCN(c2ccccn2)CC1,0.0
N#Cc1ccc(N2CCN(C(=O)CCc3nc4sccc4c(=O)[nH]3)CC2)nc1,7.46,1,0.0,7.46,7.46,2021,2021,1,1,O=C(CCc1nc2sccc2c(=O)[nH]1)N1CCN(c2ccccn2)CC1,0.0
N#Cc1ccc(N2CCN(C(=O)c3cc(Cc4c[nH]c(=O)c5cc(Cl)c(Cl)n45)ccc3F)CC2)nc1,7.85,1,0.0,7.85,7.85,2010,2010,1,1,O=C(c1cccc(Cc2c[nH]c(=O)c3cccn23)c1)N1CCN(c2ccccn2)CC1,0.0
N#Cc1ccc(N2CCN(C(=O)c3cc(Cc4n[nH]c(=O)c5ccccc45)cc(F)c3F)CC2)cc1,8.27,1,0.0,8.27,8.27,2017,2017,1,1,O=C(c1cccc(Cc2n[nH]c(=O)c3ccccc23)c1)N1CCN(c2ccccc2)CC1,0.0
N#Cc1ccc(N2CCN(C(=O)c3ccc4c5c(c(=O)[nH]c4c3)CCCN5)CC2)nc1,8.23,1,0.0,8.23,8.23,2019,2019,1,1,O=C(c1ccc2c3c(c(=O)[nH]c2c1)CCCN3)N1CCN(c2ccccn2)CC1,0.0
N#Cc1ccc(N2CCN(Cc3cc(CO)c4c5c(c(=O)[nH]c4c3)CCCN5)CC2)c(F)c1,7.2,1,0.0,7.2,7.2,2019,2019,1,1,O=c1[nH]c2cc(CN3CCN(c4ccccc4)CC3)ccc2c2c1CCCN2,0.0
N#Cc1ccc(N2CCN(Cc3cc(CO)c4c5c(c(=O)[nH]c4c3)CCCN5)CC2)cc1,7.86,1,0.0,7.86,7.86,2019,2019,1,1,O=c1[nH]c2cc(CN3CCN(c4ccccc4)CC3)ccc2c2c1CCCN2,0.0
N#Cc1ccc(N2CCN(Cc3cc(CO)c4c5c(c(=O)[nH]c4c3)CCCN5)CC2)cc1F,7.76,1,0.0,7.76,7.76,2019,2019,1,1,O=c1[nH]c2cc(CN3CCN(c4ccccc4)CC3)ccc2c2c1CCCN2,0.0
N#Cc1ccc(N2CCN(Cc3cc(F)c4c5c(c(=O)[nH]c4c3)CCCN5)CC2)c(F)c1,7.94,1,0.0,7.94,7.94,2019,2019,1,1,O=c1[nH]c2cc(CN3CCN(c4ccccc4)CC3)ccc2c2c1CCCN2,0.0
N#Cc1ccc(N2CCN(Cc3cc(F)c4c5c(c(=O)[nH]c4c3)CCCN5)CC2)cc1C(F)(F)F,6.96,1,0.0,6.96,6.96,2019,2019,1,1,O=c1[nH]c2cc(CN3CCN(c4ccccc4)CC3)ccc2c2c1CCCN2,0.0
N#Cc1ccc(N2CCN(Cc3cc(F)c4c5c(c(=O)[nH]c4c3)CCCN5)CC2)cc1F,7.62,1,0.0,7.62,7.62,2019,2019,1,1,O=c1[nH]c2cc(CN3CCN(c4ccccc4)CC3)ccc2c2c1CCCN2,0.0
N#Cc1ccc(N2CCN(Cc3cc(F)c4c5c(c(=O)[nH]c4c3)CCCN5)CC2)cn1,8.28,1,0.0,8.28,8.28,2019,2019,1,1,O=c1[nH]c2cc(CN3CCN(c4cccnc4)CC3)ccc2c2c1CCCN2,0.0
N#Cc1ccc(N2CCN(Cc3cc(F)c4c5c(c(=O)[nH]c4c3)CCCN5)CC2)nc1,8.48,1,0.0,8.48,8.48,2019,2019,1,1,O=c1[nH]c2cc(CN3CCN(c4ccccn4)CC3)ccc2c2c1CCCN2,0.0
N#Cc1ccc(N2CCN(Cc3cc(F)c4c5c(c(=O)[nH]c4c3)CCCN5)CC2)nn1,8.4,1,0.0,8.4,8.4,2019,2019,1,1,O=c1[nH]c2cc(CN3CCN(c4cccnn4)CC3)ccc2c2c1CCCN2,0.0
N#Cc1ccc(N2CCN(Cc3cc(F)c4c5c(c(=O)[nH]c4c3)CCCN5)CC2)s1,8.3,1,0.0,8.3,8.3,2019,2019,1,1,O=c1[nH]c2cc(CN3CCN(c4cccs4)CC3)ccc2c2c1CCCN2,0.0
N#Cc1ccc(N2CCN(Cc3ccc4c5c(c(=O)[nH]c4c3)CCCN5)CC2)c(Br)c1,7.8,1,0.0,7.8,7.8,2019,2019,1,1,O=c1[nH]c2cc(CN3CCN(c4ccccc4)CC3)ccc2c2c1CCCN2,0.0
N#Cc1ccc(N2CCN(Cc3ccc4c5c(c(=O)[nH]c4c3)CCCN5)CC2)c(Cl)c1,8.11,1,0.0,8.11,8.11,2019,2019,1,1,O=c1[nH]c2cc(CN3CCN(c4ccccc4)CC3)ccc2c2c1CCCN2,0.0
N#Cc1ccc(N2CCN(Cc3ccc4c5c(c(=O)[nH]c4c3)CCCN5)CC2)c(F)c1,8.18,1,0.0,8.18,8.18,2019,2019,1,1,O=c1[nH]c2cc(CN3CCN(c4ccccc4)CC3)ccc2c2c1CCCN2,0.0
N#Cc1ccc(N2CCN(Cc3ccc4c5c(c(=O)[nH]c4c3)CCCN5)CC2)cc1C(F)(F)F,7.56,1,0.0,7.56,7.56,2019,2019,1,1,O=c1[nH]c2cc(CN3CCN(c4ccccc4)CC3)ccc2c2c1CCCN2,0.0
N#Cc1ccc(N2CCN(Cc3ccc4c5c(c(=O)[nH]c4c3)CCCN5)CC2)cc1Cl,7.96,1,0.0,7.96,7.96,2019,2019,1,1,O=c1[nH]c2cc(CN3CCN(c4ccccc4)CC3)ccc2c2c1CCCN2,0.0
N#Cc1ccc(N2CCN(Cc3ccc4c5c(c(=O)[nH]c4c3)CCCN5)CC2)cc1F,8.32,1,0.0,8.32,8.32,2019,2019,1,1,O=c1[nH]c2cc(CN3CCN(c4ccccc4)CC3)ccc2c2c1CCCN2,0.0
N#Cc1ccc(N2CCN(Cc3ccc4c5c(c(=O)[nH]c4c3)CCCN5)CC2)cn1,8.46,1,0.0,8.46,8.46,2019,2019,1,1,O=c1[nH]c2cc(CN3CCN(c4cccnc4)CC3)ccc2c2c1CCCN2,0.0
N#Cc1ccc(N2CCN(Cc3ccc4c5c(c(=O)[nH]c4c3)CCCN5)CC2)nc1,8.63,1,0.0,8.63,8.63,2019,2019,1,1,O=c1[nH]c2cc(CN3CCN(c4ccccn4)CC3)ccc2c2c1CCCN2,0.0
N#Cc1ccc(N2CCN(Cc3ccc4c5c(c(=O)[nH]c4c3)CCCN5)CC2)nn1,8.44,1,0.0,8.44,8.44,2019,2019,1,1,O=c1[nH]c2cc(CN3CCN(c4cccnn4)CC3)ccc2c2c1CCCN2,0.0
N#Cc1ccc(N2CCN(Cc3ccc4c5c(c(=O)[nH]c4c3)CCCN5)CC2)s1,8.2,2,0.45254833995938987,7.88,8.52,2019,2019,1,1,O=c1[nH]c2cc(CN3CCN(c4cccs4)CC3)ccc2c2c1CCCN2,0.6399999999999997
N#Cc1ccc(N2CCN(Cc3cnc4cc(C5CC5)c(=O)[nH]c4c3)CC2)nc1,8.4,1,0.0,8.4,8.4,2023,2023,1,1,O=c1[nH]c2cc(CN3CCN(c4ccccn4)CC3)cnc2cc1C1CC1,0.0
N#Cc1ccc(N2CCP(=O)(c3cc(Cc4n[nH]c(=O)c5ccccc45)ccc3F)CC2)cc1,5.26,1,0.0,5.26,5.26,2022,2022,1,1,O=c1[nH]nc(Cc2cccc(P3(=O)CCN(c4ccccc4)CC3)c2)c2ccccc12,0.0
N#Cc1ccc(N2C[C@@H]3C[C@H]2CN3Cc2cc(F)c3c4c(c(=O)[nH]c3c2)CCCN4)nc1,8.14,1,0.0,8.14,8.14,2019,2019,1,1,O=c1[nH]c2cc(CN3CC4CC3CN4c3ccccn3)ccc2c2c1CCCN2,0.0
N#Cc1ccc(N2C[C@@H]3C[C@H]2CN3Cc2ccc3c4c(c(=O)[nH]c3c2)CCCN4)c(F)c1,8.03,1,0.0,8.03,8.03,2019,2019,1,1,O=c1[nH]c2cc(CN3CC4CC3CN4c3ccccc3)ccc2c2c1CCCN2,0.0
N#Cc1ccc(N2C[C@@H]3C[C@H]2CN3Cc2ccc3c4c(c(=O)[nH]c3c2)CCCN4)cc1F,8.15,1,0.0,8.15,8.15,2019,2019,1,1,O=c1[nH]c2cc(CN3CC4CC3CN4c3ccccc3)ccc2c2c1CCCN2,0.0
N#Cc1ccc(N2C[C@@H]3C[C@H]2CN3Cc2ccc3c4c(c(=O)[nH]c3c2)CCCN4)nc1,8.09,1,0.0,8.09,8.09,2019,2019,1,1,O=c1[nH]c2cc(CN3CC4CC3CN4c3ccccn3)ccc2c2c1CCCN2,0.0
N#Cc1ccc(O[C@H]2CC[C@H](NC(=O)CCCc3nc4ccccc4c(=O)[nH]3)CC2)cc1,6.25,1,0.0,6.25,6.25,2016,2016,1,1,O=C(CCCc1nc2ccccc2c(=O)[nH]1)NC1CCC(Oc2ccccc2)CC1,0.0
N#Cc1ccc(O[C@H]2CC[C@H](NC(=O)CCCc3nc4ccccc4c(=O)[nH]3)CC2)cc1Cl,6.59,1,0.0,6.59,6.59,2016,2016,1,1,O=C(CCCc1nc2ccccc2c(=O)[nH]1)NC1CCC(Oc2ccccc2)CC1,0.0
N#Cc1ccc(O[C@H]2CC[C@H](NC(=O)CCSc3nc4c(c(=O)[nH]3)CCCC4)CC2)cc1,5.6,1,0.0,5.6,5.6,2016,2016,1,1,O=C(CCSc1nc2c(c(=O)[nH]1)CCCC2)NC1CCC(Oc2ccccc2)CC1,0.0
N#Cc1ccc2[nH]c3c4c(c5c(c3c2c1)CNC5=O)CCC4,7.75,1,0.0,7.75,7.75,2006,2006,1,1,O=C1NCc2c1c1c(c3[nH]c4ccccc4c23)CCC1,0.0
N#Cc1ccc2c(c1)[nH]c(=O)n2C1CCN(C(=O)CCCc2nc3ccccc3c(=O)[nH]2)CC1,6.2,1,0.0,6.2,6.2,2016,2016,1,1,O=C(CCCc1nc2ccccc2c(=O)[nH]1)N1CCC(n2c(=O)[nH]c3ccccc32)CC1,0.0
N#Cc1ccc2c(c1)[nH]c(=O)n2[C@H]1CC[C@H](NC(=O)CCSc2nc3ccccc3c(=O)[nH]2)CC1,5.87,1,0.0,5.87,5.87,2016,2016,1,1,O=C(CCSc1nc2ccccc2c(=O)[nH]1)NC1CCC(n2c(=O)[nH]c3ccccc32)CC1,0.0
N#Cc1cccc(-c2nnc(C3CCN(C(=O)CCCc4nc5ccccc5c(=O)[nH]4)CC3)o2)c1,5.54,1,0.0,5.54,5.54,2016,2016,1,1,O=C(CCCc1nc2ccccc2c(=O)[nH]1)N1CCC(c2nnc(-c3ccccc3)o2)CC1,0.0
N#Cc1cccc(N2CCN(C(=O)c3cc(Cc4n[nH]c(=O)c5ccccc45)cc(F)c3F)CC2)n1,8.29,1,0.0,8.29,8.29,2017,2017,1,1,O=C(c1cccc(Cc2n[nH]c(=O)c3ccccc23)c1)N1CCN(c2ccccn2)CC1,0.0
N#Cc1cccc(N2CCN(Cc3ccc4c5c(c(=O)[nH]c4c3)CCCN5)CC2)n1,7.11,1,0.0,7.11,7.11,2019,2019,1,1,O=c1[nH]c2cc(CN3CCN(c4ccccn4)CC3)ccc2c2c1CCCN2,0.0
N#Cc1cccc(O[C@H]2CC[C@H](NC(=O)CCCc3nc4ccccc4c(=O)[nH]3)CC2)c1,5.8,1,0.0,5.8,5.8,2016,2016,1,1,O=C(CCCc1nc2ccccc2c(=O)[nH]1)NC1CCC(Oc2ccccc2)CC1,0.0
N#Cc1cccc2c1[nH]c(=O)n2C1CCN(C(=O)CCCc2nc3ccccc3c(=O)[nH]2)CC1,6.33,1,0.0,6.33,6.33,2016,2016,1,1,O=C(CCCc1nc2ccccc2c(=O)[nH]1)N1CCC(n2c(=O)[nH]c3ccccc32)CC1,0.0
N#Cc1ccccc1N1CCN(C(=O)c2cc(Cc3n[nH]c(=O)c4ccccc34)cc(F)c2F)CC1,10.7,1,0.0,10.7,10.7,2017,2017,1,1,O=C(c1cccc(Cc2n[nH]c(=O)c3ccccc23)c1)N1CCN(c2ccccc2)CC1,0.0
N#Cc1ccccc1O[C@H]1CC[C@H](NC(=O)CCCc2nc3ccccc3c(=O)[nH]2)CC1,5.22,1,0.0,5.22,5.22,2016,2016,1,1,O=C(CCCc1nc2ccccc2c(=O)[nH]1)NC1CCC(Oc2ccccc2)CC1,0.0
N#Cc1cccnc1N1CCN(C(=O)c2cc(Cc3c[nH]c(=O)c4cc(Cl)c(Cl)n34)ccc2F)CC1,9.15,1,0.0,9.15,9.15,2010,2010,1,1,O=C(c1cccc(Cc2c[nH]c(=O)c3cccn23)c1)N1CCN(c2ccccn2)CC1,0.0
N#Cc1cccnc1N1CCN(C(=O)c2cc(Cc3n[nH]c(=O)c4ccccc34)cc(F)c2F)CC1,8.89,1,0.0,8.89,8.89,2017,2017,1,1,O=C(c1cccc(Cc2n[nH]c(=O)c3ccccc23)c1)N1CCN(c2ccccn2)CC1,0.0
N#Cc1cccnc1N1CCN(Cc2ccc3c4c(c(=O)[nH]c3c2)CCCN4)CC1,8.15,1,0.0,8.15,8.15,2019,2019,1,1,O=c1[nH]c2cc(CN3CCN(c4ccccn4)CC3)ccc2c2c1CCCN2,0.0
N#Cc1ccnc(N2CCN(Cc3ccc4c5c(c(=O)[nH]c4c3)CCCN5)CC2)c1,8.15,1,0.0,8.15,8.15,2019,2019,1,1,O=c1[nH]c2cc(CN3CCN(c4ccccn4)CC3)ccc2c2c1CCCN2,0.0
N#Cc1cnc(Cl)cc1N1CCN(Cc2ccc3c4c(c(=O)[nH]c3c2)CCCN4)CC1,7.91,1,0.0,7.91,7.91,2019,2019,1,1,O=c1[nH]c2cc(CN3CCN(c4ccncc4)CC3)ccc2c2c1CCCN2,0.0
N#Cc1cnc(N2CCN(C(=O)CCc3nc4ccccc4c(=O)[nH]3)CC2)cn1,7.85,1,0.0,7.85,7.85,2021,2021,1,1,O=C(CCc1nc2ccccc2c(=O)[nH]1)N1CCN(c2cnccn2)CC1,0.0
N#Cc1cnc(N2CCN(C(=O)CCc3nc4ccccc4c(=O)[nH]3)CC2)nc1,7.04,1,0.0,7.04,7.04,2021,2021,1,1,O=C(CCc1nc2ccccc2c(=O)[nH]1)N1CCN(c2ncccn2)CC1,0.0
N#Cc1cnc(N2CCN(C(=O)CCc3nc4ccccc4c(=O)[nH]3)CC2)s1,7.28,1,0.0,7.28,7.28,2021,2021,1,1,O=C(CCc1nc2ccccc2c(=O)[nH]1)N1CCN(c2nccs2)CC1,0.0
N#Cc1cnc(N2CCN(C(=O)c3ccc4c5c(c(=O)[nH]c4c3)CCCN5)CC2)s1,8.13,1,0.0,8.13,8.13,2019,2019,1,1,O=C(c1ccc2c3c(c(=O)[nH]c2c1)CCCN3)N1CCN(c2nccs2)CC1,0.0
N#Cc1cnc(N2CCN(Cc3cc(F)c4c5c(c(=O)[nH]c4c3)CCCN5)CC2)s1,8.3,1,0.0,8.3,8.3,2019,2019,1,1,O=c1[nH]c2cc(CN3CCN(c4nccs4)CC3)ccc2c2c1CCCN2,0.0
N#Cc1cnc(N2CCN(Cc3ccc4c5c(c(=O)[nH]c4c3)CCCN5)CC2)c(Cl)c1,8.08,1,0.0,8.08,8.08,2019,2019,1,1,O=c1[nH]c2cc(CN3CCN(c4ccccn4)CC3)ccc2c2c1CCCN2,0.0
N#Cc1cnc(N2CCN(Cc3ccc4c5c(c(=O)[nH]c4c3)CCCN5)CC2)c2c1CCC2,7.75,1,0.0,7.75,7.75,2019,2019,1,1,O=c1[nH]c2cc(CN3CCN(c4nccc5c4CCC5)CC3)ccc2c2c1CCCN2,0.0
N#Cc1cnc(N2CCN(Cc3ccc4c5c(c(=O)[nH]c4c3)CCCN5)CC2)cc1Cl,8.44,1,0.0,8.44,8.44,2019,2019,1,1,O=c1[nH]c2cc(CN3CCN(c4ccccn4)CC3)ccc2c2c1CCCN2,0.0
N#Cc1cnc(N2CCN(Cc3ccc4c5c(c(=O)[nH]c4c3)CCCN5)CC2)cn1,8.2,1,0.0,8.2,8.2,2019,2019,1,1,O=c1[nH]c2cc(CN3CCN(c4cnccn4)CC3)ccc2c2c1CCCN2,0.0
N#Cc1cnc(N2CCN(Cc3ccc4c5c(c(=O)[nH]c4c3)CCCN5)CC2)s1,8.34,1,0.0,8.34,8.34,2019,2019,1,1,O=c1[nH]c2cc(CN3CCN(c4nccs4)CC3)ccc2c2c1CCCN2,0.0
N#Cc1cnc(N2CCN(c3nc4c(C(N)=O)cc(F)cc4[nH]3)CC2)cn1,8.52,1,0.0,8.52,8.52,2019,2019,1,1,c1ccc2[nH]c(N3CCN(c4cnccn4)CC3)nc2c1,0.0
N#Cc1cnc(N2CCN(c3nc4c(C(N)=O)cc(F)cc4[nH]3)CC2)nc1,8.05,1,0.0,8.05,8.05,2019,2019,1,1,c1cnc(N2CCN(c3nc4ccccc4[nH]3)CC2)nc1,0.0
N#Cc1cnc(N2CCN(c3nc4c(C(N)=O)cccc4[nH]3)CC2)nc1,7.55,1,0.0,7.55,7.55,2019,2019,1,1,c1cnc(N2CCN(c3nc4ccccc4[nH]3)CC2)nc1,0.0
N#Cc1coc(N2CCN(Cc3ccc4c5c(c(=O)[nH]c4c3)CCCN5)CC2)n1,6.97,1,0.0,6.97,6.97,2019,2019,1,1,O=c1[nH]c2cc(CN3CCN(c4ncco4)CC3)ccc2c2c1CCCN2,0.0
N#Cc1csc(N2CCN(C(=O)c3ccc4c5c(c(=O)[nH]c4c3)CCCN5)CC2)n1,7.32,1,0.0,7.32,7.32,2019,2019,1,1,O=C(c1ccc2c3c(c(=O)[nH]c2c1)CCCN3)N1CCN(c2nccs2)CC1,0.0
N#Cc1csc(N2CCN(Cc3ccc4c5c(c(=O)[nH]c4c3)CCCN5)CC2)n1,7.07,1,0.0,7.07,7.07,2019,2019,1,1,O=c1[nH]c2cc(CN3CCN(c4nccs4)CC3)ccc2c2c1CCCN2,0.0
N#Cc1ncc(N2CCN(c3nc4c(C(N)=O)cc(F)cc4[nH]3)CC2)cn1,8.22,1,0.0,8.22,8.22,2019,2019,1,1,c1ccc2[nH]c(N3CCN(c4cncnc4)CC3)nc2c1,0.0
N#Cc1nnc(N2CCN(Cc3ccc4c5c(c(=O)[nH]c4c3)CCCN5)CC2)o1,6.52,1,0.0,6.52,6.52,2019,2019,1,1,O=c1[nH]c2cc(CN3CCN(c4nnco4)CC3)ccc2c2c1CCCN2,0.0
N#Cc1nnc(N2CCN(Cc3ccc4c5c(c(=O)[nH]c4c3)CCCN5)CC2)s1,7.4,1,0.0,7.4,7.4,2019,2019,1,1,O=c1[nH]c2cc(CN3CCN(c4nncs4)CC3)ccc2c2c1CCCN2,0.0
N#Cc1nsc(N2CCN(Cc3ccc4c5c(c(=O)[nH]c4c3)CCCN5)CC2)n1,7.59,1,0.0,7.59,7.59,2019,2019,1,1,O=c1[nH]c2cc(CN3CCN(c4ncns4)CC3)ccc2c2c1CCCN2,0.0
NC(=O)[C@@H]1CCCN1C(=O)CCC(=O)c1ccc2[nH]c3c4c(c5c(c3c2c1)C(=O)NC5=O)CCC4,7.89,1,0.0,7.89,7.89,2012,2012,1,1,O=C(CCC(=O)N1CCCC1)c1ccc2[nH]c3c4c(c5c(c3c2c1)C(=O)NC5=O)CCC4,0.0
NC(=O)[C@H](Cc1ccccc1)NC(=O)CCc1nc2ccccc2c(=O)[nH]1,6.16,1,0.0,6.16,6.16,2013,2013,1,1,O=C(CCc1nc2ccccc2c(=O)[nH]1)NCCc1ccccc1,0.0
NC(=O)c1c(F)ccc2[nH]c(-c3ccc(N4CCNCC4)cc3)nc12,7.36,1,0.0,7.36,7.36,2016,2016,1,1,c1ccc2[nH]c(-c3ccc(N4CCNCC4)cc3)nc2c1,0.0
NC(=O)c1c(F)ccc2[nH]c(-c3ccc(N4CCOCC4)cc3)nc12,7.66,1,0.0,7.66,7.66,2016,2016,1,1,c1ccc2[nH]c(-c3ccc(N4CCOCC4)cc3)nc2c1,0.0
NC(=O)c1c(F)ccc2[nH]c(C3CCCNC3)nc12,7.59,1,0.0,7.59,7.59,2016,2016,1,1,c1ccc2[nH]c(C3CCCNC3)nc2c1,0.0
NC(=O)c1c(F)ccc2[nH]c(C3CCNCC3)nc12,7.41,1,0.0,7.41,7.41,2016,2016,1,1,c1ccc2[nH]c(C3CCNCC3)nc2c1,0.0
NC(=O)c1cc(Cl)c2cc(-c3cc4c(s3)CCNC4)cnn12,8.14,1,0.0,8.14,8.14,2021,2021,1,1,c1cc2cc(-c3cc4c(s3)CCNC4)cnn2c1,0.0
NC(=O)c1cc(Cl)c2cc(-c3cc4c(s3)CCNC4C3CC3)cnn12,6.89,1,0.0,6.89,6.89,2021,2021,1,1,c1cc2cc(-c3cc4c(s3)CCNC4C3CC3)cnn2c1,0.0
NC(=O)c1cc(Cl)c2cc(-c3cc4c(s3)CNCC4)cnn12,7.85,1,0.0,7.85,7.85,2021,2021,1,1,c1cc2cc(-c3cc4c(s3)CNCC4)cnn2c1,0.0
NC(=O)c1cc(Cl)c2ccc(-c3ccc(C(=O)N4CCN(C(=O)C5CC5)CC4)cc3)nn12,6.35,1,0.0,6.35,6.35,2021,2021,1,1,O=C(c1ccc(-c2ccc3cccn3n2)cc1)N1CCN(C(=O)C2CC2)CC1,0.0
NC(=O)c1cc(Cl)c2ccc(-c3ccc(C(=O)N4CCN(C(=O)C5CC5)CC4)cc3F)nn12,6.66,1,0.0,6.66,6.66,2021,2021,1,1,O=C(c1ccc(-c2ccc3cccn3n2)cc1)N1CCN(C(=O)C2CC2)CC1,0.0
NC(=O)c1cc(Cl)c2ccc(-c3ccc(C(=O)N4CCNCC4)cc3)nn12,6.47,1,0.0,6.47,6.47,2021,2021,1,1,O=C(c1ccc(-c2ccc3cccn3n2)cc1)N1CCNCC1,0.0
NC(=O)c1cc(Cl)c2ccc(-c3ccc(CN4CCCC4)cc3)nn12,6.36,1,0.0,6.36,6.36,2021,2021,1,1,c1cc2ccc(-c3ccc(CN4CCCC4)cc3)nn2c1,0.0
NC(=O)c1cc(Cl)c2ccc(-c3ccc(CN4CCN(C5CC5)CC4)cc3)nn12,5.96,1,0.0,5.96,5.96,2021,2021,1,1,c1cc2ccc(-c3ccc(CN4CCN(C5CC5)CC4)cc3)nn2c1,0.0
NC(=O)c1cc(Cl)c2ccc(-c3ccc(CN4CCN(c5ccc(C(F)(F)F)cc5)CC4)cc3)nn12,5.48,1,0.0,5.48,5.48,2021,2021,1,1,c1ccc(N2CCN(Cc3ccc(-c4ccc5cccn5n4)cc3)CC2)cc1,0.0
NC(=O)c1cc(Cl)c2ccc(-c3ccc(CN4CCNCC4)cc3)nn12,6.2,1,0.0,6.2,6.2,2021,2021,1,1,c1cc2ccc(-c3ccc(CN4CCNCC4)cc3)nn2c1,0.0
NC(=O)c1cc(Cl)c2ccc(-c3ccc(F)c(C(=O)N4CCN(C(=O)C5CC5)CC4)c3)nn12,6.78,1,0.0,6.78,6.78,2021,2021,1,1,O=C(c1cccc(-c2ccc3cccn3n2)c1)N1CCN(C(=O)C2CC2)CC1,0.0
NC(=O)c1cc(Cl)cc2[nH]c(-c3cc4c(s3)CNCC4)nc12,7.29,1,0.0,7.29,7.29,2018,2018,1,1,c1ccc2[nH]c(-c3cc4c(s3)CNCC4)nc2c1,0.0
NC(=O)c1cc(F)c(F)cc1OCc1ccc(F)c(C(=O)N2CCNCC2)c1,6.62,1,0.0,6.62,6.62,2008,2008,1,1,O=C(c1cccc(COc2ccccc2)c1)N1CCNCC1,0.0
NC(=O)c1cc(F)cc(F)c1OCc1ccc(F)c(C(=O)N2CCNCC2)c1,5.82,1,0.0,5.82,5.82,2008,2008,1,1,O=C(c1cccc(COc2ccccc2)c1)N1CCNCC1,0.0
NC(=O)c1cc(F)cc2[nH]c(-c3cc4c(o3)CNCC4)nc12,6.61,1,0.0,6.61,6.61,2018,2018,1,1,c1ccc2[nH]c(-c3cc4c(o3)CNCC4)nc2c1,0.0
NC(=O)c1cc(F)cc2[nH]c(-c3cc4c(s3)C(C3CC3)NCC4)nc12,7.85,1,0.0,7.85,7.85,2018,2018,1,1,c1ccc2[nH]c(-c3cc4c(s3)C(C3CC3)NCC4)nc2c1,0.0
NC(=O)c1cc(F)cc2[nH]c(-c3cc4c(s3)CCNC4)nc12,7.57,1,0.0,7.57,7.57,2018,2018,1,1,c1ccc2[nH]c(-c3cc4c(s3)CCNC4)nc2c1,0.0
NC(=O)c1cc(F)cc2[nH]c(-c3cc4c(s3)CNCC4)nc12,7.77,1,0.0,7.77,7.77,2018,2018,1,1,c1ccc2[nH]c(-c3cc4c(s3)CNCC4)nc2c1,0.0
NC(=O)c1cc(F)cc2[nH]c(-c3ccc(-c4ccc(NC(=O)C5CC5)cc4F)cc3F)nc12,7.08,1,0.0,7.08,7.08,2015,2015,1,1,O=C(Nc1ccc(-c2ccc(-c3nc4ccccc4[nH]3)cc2)cc1)C1CC1,0.0
NC(=O)c1cc(F)cc2[nH]c(-c3ccc(-c4cccc(NC(=O)C5CC5)c4)cc3F)nc12,5.89,1,0.0,5.89,5.89,2015,2015,1,1,O=C(Nc1cccc(-c2ccc(-c3nc4ccccc4[nH]3)cc2)c1)C1CC1,0.0
NC(=O)c1cc(F)cc2[nH]c(C3=NC4CCNCC4S3)nc12,7.43,1,0.0,7.43,7.43,2018,2018,1,1,c1ccc2[nH]c(C3=NC4CCNCC4S3)nc2c1,0.0
NC(=O)c1cc(F)cc2[nH]c(N3CCN(c4ccc(C(F)(F)F)cn4)CC3)nc12,7.17,1,0.0,7.17,7.17,2019,2019,1,1,c1ccc(N2CCN(c3nc4ccccc4[nH]3)CC2)nc1,0.0
NC(=O)c1cc(F)cc2[nH]c(N3CCN(c4ccc(C(F)(F)F)nc4)CC3)nc12,7.82,1,0.0,7.82,7.82,2019,2019,1,1,c1cncc(N2CCN(c3nc4ccccc4[nH]3)CC2)c1,0.0
NC(=O)c1cc(F)cc2[nH]c(N3CCN(c4ccc(C(F)(F)F)nn4)CC3)nc12,8.1,1,0.0,8.1,8.1,2019,2019,1,1,c1cnnc(N2CCN(c3nc4ccccc4[nH]3)CC2)c1,0.0
NC(=O)c1cc(F)cc2[nH]c(N3CCN(c4ccncn4)CC3)nc12,8.05,1,0.0,8.05,8.05,2019,2019,1,1,c1ccc2[nH]c(N3CCN(c4ccncn4)CC3)nc2c1,0.0
NC(=O)c1cc(F)cc2[nH]c(N3CCN(c4cnc(C(=O)N5CCCC5)cn4)CC3)nc12,7.92,1,0.0,7.92,7.92,2019,2019,1,1,O=C(c1cnc(N2CCN(c3nc4ccccc4[nH]3)CC2)cn1)N1CCCC1,0.0
NC(=O)c1cc(F)cc2[nH]c(N3CCN(c4cnc(C(=O)N5CCOCC5)cn4)CC3)nc12,8.05,1,0.0,8.05,8.05,2019,2019,1,1,O=C(c1cnc(N2CCN(c3nc4ccccc4[nH]3)CC2)cn1)N1CCOCC1,0.0
NC(=O)c1cc(F)cc2[nH]c(N3CCN(c4cnc(C(F)(F)F)cn4)CC3)nc12,8.05,1,0.0,8.05,8.05,2019,2019,1,1,c1ccc2[nH]c(N3CCN(c4cnccn4)CC3)nc2c1,0.0
NC(=O)c1cc(F)cc2[nH]c(N3CCN(c4cnc(C(F)(F)F)nc4)CC3)nc12,8.3,1,0.0,8.3,8.3,2019,2019,1,1,c1ccc2[nH]c(N3CCN(c4cncnc4)CC3)nc2c1,0.0
NC(=O)c1cc(F)cc2[nH]c(N3CCN(c4ncc(C(F)(F)F)cn4)CC3)nc12,7.25,1,0.0,7.25,7.25,2019,2019,1,1,c1cnc(N2CCN(c3nc4ccccc4[nH]3)CC2)nc1,0.0
NC(=O)c1cc(F)cc2[nH]c(N3CCN(c4ncc(F)cn4)CC3)nc12,7.58,1,0.0,7.58,7.58,2019,2019,1,1,c1cnc(N2CCN(c3nc4ccccc4[nH]3)CC2)nc1,0.0
NC(=O)c1cc(F)cc2c1OCC2,5.67,1,0.0,5.67,5.67,2014,2014,1,1,c1ccc2c(c1)CCO2,0.0
NC(=O)c1cc(F)cc2cn(-c3ccc(NC(=O)C4CNC4)c(F)c3)nc12,8.4,1,0.0,8.4,8.4,2010,2010,1,1,O=C(Nc1ccc(-n2cc3ccccc3n2)cc1)C1CNC1,0.0
NC(=O)c1cc(F)cc2cn(-c3ccc(NC(=O)C4CNC4)cc3)nc12,8.3,1,0.0,8.3,8.3,2010,2010,1,1,O=C(Nc1ccc(-n2cc3ccccc3n2)cc1)C1CNC1,0.0
NC(=O)c1cc(F)ccc1OCc1ccc(F)c(C(=O)N2CCN(C(=O)C3CCCC3)CC2)c1,7.92,1,0.0,7.92,7.92,2008,2008,1,1,O=C(c1cccc(COc2ccccc2)c1)N1CCN(C(=O)C2CCCC2)CC1,0.0
NC(=O)c1cc(F)ccc1OCc1ccc(F)c(C(=O)N2CCNCC2)c1,7.54,1,0.0,7.54,7.54,2008,2008,1,1,O=C(c1cccc(COc2ccccc2)c1)N1CCNCC1,0.0
NC(=O)c1ccc(F)cc1OCc1ccc(F)c(C(=O)N2CCNCC2)c1,6.6,1,0.0,6.6,6.6,2008,2008,1,1,O=C(c1cccc(COc2ccccc2)c1)N1CCNCC1,0.0
NC(=O)c1ccc(N2CCN(C(=O)CCc3nc4ccccc4c(=O)[nH]3)CC2)c(Cl)c1,8.15,1,0.0,8.15,8.15,2021,2021,1,1,O=C(CCc1nc2ccccc2c(=O)[nH]1)N1CCN(c2ccccc2)CC1,0.0
NC(=O)c1ccc(N2CCN(C(=O)CCc3nc4ccccc4c(=O)[nH]3)CC2)nc1,7.6,1,0.0,7.6,7.6,2021,2021,1,1,O=C(CCc1nc2ccccc2c(=O)[nH]1)N1CCN(c2ccccn2)CC1,0.0
NC(=O)c1ccc(N2CCN(c3nc4c(C(N)=O)cccc4[nH]3)CC2)nc1,7.6,1,0.0,7.6,7.6,2019,2019,1,1,c1ccc(N2CCN(c3nc4ccccc4[nH]3)CC2)nc1,0.0
NC(=O)c1cccc(Br)c1,4.26,1,0.0,4.26,4.26,2001,2001,1,1,c1ccccc1,0.0
NC(=O)c1cccc(C2CO2)c1,6.0,1,0.0,6.0,6.0,2010,2010,1,1,c1ccc(C2CO2)cc1,0.0
NC(=O)c1cccc(Cl)c1,4.66,1,0.0,4.66,4.66,2001,2001,1,1,c1ccccc1,0.0
NC(=O)c1cccc(F)c1,4.7,1,0.0,4.7,4.7,2001,2001,1,1,c1ccccc1,0.0
NC(=O)c1cccc(N)c1,4.95,7,0.37971167006157786,4.48,5.48,2001,2020,7,7,c1ccccc1,1.0
NC(=O)c1cccc(O)c1,5.04,1,0.0,5.04,5.04,2001,2001,1,1,c1ccccc1,0.0
NC(=O)c1cccc2[nH]c(-c3cc4c(s3)CCNC4)nc12,7.24,1,0.0,7.24,7.24,2018,2018,1,1,c1ccc2[nH]c(-c3cc4c(s3)CCNC4)nc2c1,0.0
NC(=O)c1cccc2[nH]c(-c3cc4c(s3)CNCC4)nc12,7.85,1,0.0,7.85,7.85,2018,2018,1,1,c1ccc2[nH]c(-c3cc4c(s3)CNCC4)nc2c1,0.0
NC(=O)c1cccc2[nH]c(-c3ccc(-c4ccc(C(=O)N5CCCC5)cc4)cc3)nc12,6.51,1,0.0,6.51,6.51,2015,2015,1,1,O=C(c1ccc(-c2ccc(-c3nc4ccccc4[nH]3)cc2)cc1)N1CCCC1,0.0
NC(=O)c1cccc2[nH]c(-c3ccc(-c4ccc(C(=O)N5CCCC5)nc4)cc3)nc12,7.92,1,0.0,7.92,7.92,2015,2015,1,1,O=C(c1ccc(-c2ccc(-c3nc4ccccc4[nH]3)cc2)cn1)N1CCCC1,0.0
NC(=O)c1cccc2[nH]c(-c3ccc(-c4ccc(N)nc4)cc3)nc12,7.5,1,0.0,7.5,7.5,2015,2015,1,1,c1cncc(-c2ccc(-c3nc4ccccc4[nH]3)cc2)c1,0.0
NC(=O)c1cccc2[nH]c(-c3ccc(-c4ccc(OCCCN5CCCCC5)cc4)cc3)nc12,5.64,1,0.0,5.64,5.64,2015,2015,1,1,c1ccc2[nH]c(-c3ccc(-c4ccc(OCCCN5CCCCC5)cc4)cc3)nc2c1,0.0
NC(=O)c1cccc2[nH]c(-c3ccc(-c4ccc(OCCN5CCCCC5)cc4)cc3)nc12,6.14,1,0.0,6.14,6.14,2015,2015,1,1,c1ccc2[nH]c(-c3ccc(-c4ccc(OCCN5CCCCC5)cc4)cc3)nc2c1,0.0
NC(=O)c1cccc2[nH]c(-c3ccc(-c4ccccc4)cc3)nc12,6.15,1,0.0,6.15,6.15,2015,2015,1,1,c1ccc(-c2ccc(-c3nc4ccccc4[nH]3)cc2)cc1,0.0
NC(=O)c1cccc2[nH]c(-c3ccc(-c4ccccn4)cc3)nc12,7.08,1,0.0,7.08,7.08,2015,2015,1,1,c1ccc(-c2ccc(-c3nc4ccccc4[nH]3)cc2)nc1,0.0
NC(=O)c1cccc2[nH]c(-c3ccc(-c4cccnc4)cc3)nc12,7.66,1,0.0,7.66,7.66,2015,2015,1,1,c1cncc(-c2ccc(-c3nc4ccccc4[nH]3)cc2)c1,0.0
NC(=O)c1cccc2[nH]c(-c3ccc(-c4cncc(C(=O)N5CCCC5)c4)cc3)nc12,7.54,1,0.0,7.54,7.54,2015,2015,1,1,O=C(c1cncc(-c2ccc(-c3nc4ccccc4[nH]3)cc2)c1)N1CCCC1,0.0
NC(=O)c1cccc2[nH]c(-c3ccc(-c4cncc(CN5CCCC5)c4)cc3)nc12,7.21,1,0.0,7.21,7.21,2015,2015,1,1,c1ccc2[nH]c(-c3ccc(-c4cncc(CN5CCCC5)c4)cc3)nc2c1,0.0
NC(=O)c1cccc2[nH]c(-c3ccc(N)cc3)nc12,7.52,1,0.0,7.52,7.52,2017,2017,1,1,c1ccc(-c2nc3ccccc3[nH]2)cc1,0.0
NC(=O)c1cccc2[nH]c(-c3ccc(Nc4c5ccccc5nc5ccccc45)cc3)nc12,7.05,1,0.0,7.05,7.05,2017,2017,1,1,c1ccc2[nH]c(-c3ccc(Nc4c5ccccc5nc5ccccc45)cc3)nc2c1,0.0
NC(=O)c1cccc2[nH]c(-c3ccc(Nc4nccc(N5CCN(C(=O)c6ccccc6)CC5)n4)cc3)nc12,6.89,1,0.0,6.89,6.89,2023,2023,1,1,O=C(c1ccccc1)N1CCN(c2ccnc(Nc3ccc(-c4nc5ccccc5[nH]4)cc3)n2)CC1,0.0
NC(=O)c1cccc2[nH]c(-c3ccc(Nc4nccc(N5CCN(c6ccc(C(F)(F)F)cn6)CC5)n4)cc3)nc12,7.01,1,0.0,7.01,7.01,2023,2023,1,1,c1ccc(N2CCN(c3ccnc(Nc4ccc(-c5nc6ccccc6[nH]5)cc4)n3)CC2)nc1,0.0
NC(=O)c1cccc2[nH]c(-c3ccc(OCCF)cc3)nc12,7.97,1,0.0,7.97,7.97,2014,2014,1,1,c1ccc(-c2nc3ccccc3[nH]2)cc1,0.0
NC(=O)c1cccc2[nH]c(-c3ccc(OCc4cn(CCF)nn4)cc3)nc12,7.52,1,0.0,7.52,7.52,2014,2014,1,1,c1ccc2[nH]c(-c3ccc(OCc4c[nH]nn4)cc3)nc2c1,0.0
NC(=O)c1cccc2[nH]c(-c3cccc(N)c3)nc12,7.52,1,0.0,7.52,7.52,2017,2017,1,1,c1ccc(-c2nc3ccccc3[nH]2)cc1,0.0
NC(=O)c1cccc2[nH]c(-c3cccc(Nc4c5ccccc5nc5ccccc45)c3)nc12,5.86,1,0.0,5.86,5.86,2017,2017,1,1,c1cc(Nc2c3ccccc3nc3ccccc23)cc(-c2nc3ccccc3[nH]2)c1,0.0
NC(=O)c1cccc2[nH]c(-c3ccccc3Nc3c4ccccc4nc4ccccc34)nc12,5.7,1,0.0,5.7,5.7,2017,2017,1,1,c1ccc(-c2nc3ccccc3[nH]2)c(Nc2c3ccccc3nc3ccccc23)c1,0.0
NC(=O)c1cccc2[nH]c(N3CCN(c4cc(C(F)(F)F)ncn4)CC3)nc12,7.26,1,0.0,7.26,7.26,2019,2019,1,1,c1ccc2[nH]c(N3CCN(c4ccncn4)CC3)nc2c1,0.0
NC(=O)c1cccc2[nH]c(N3CCN(c4ccnc(C(F)(F)F)c4)CC3)nc12,7.31,1,0.0,7.31,7.31,2019,2019,1,1,c1ccc2[nH]c(N3CCN(c4ccncc4)CC3)nc2c1,0.0
NC(=O)c1cccc2[nH]c(N3CCN(c4ccncn4)CC3)nc12,7.77,1,0.0,7.77,7.77,2019,2019,1,1,c1ccc2[nH]c(N3CCN(c4ccncn4)CC3)nc2c1,0.0
NC(=O)c1cccc2[nH]c(N3CCN(c4ncc(F)cn4)CC3)nc12,7.31,1,0.0,7.31,7.31,2019,2019,1,1,c1cnc(N2CCN(c3nc4ccccc4[nH]3)CC2)nc1,0.0
NC(=O)c1cccc2[nH]c(N3CCN(c4ncc(N)cn4)CC3)nc12,7.01,1,0.0,7.01,7.01,2019,2019,1,1,c1cnc(N2CCN(c3nc4ccccc4[nH]3)CC2)nc1,0.0
NC(=O)c1cccc2[nH]c(N3CCN(c4nccc(C(F)(F)F)n4)CC3)nc12,6.66,1,0.0,6.66,6.66,2019,2019,1,1,c1cnc(N2CCN(c3nc4ccccc4[nH]3)CC2)nc1,0.0
NC(=O)c1cccc2[nH]c(N3CCN(c4ncccn4)CC3)nc12,7.32,1,0.0,7.32,7.32,2019,2019,1,1,c1cnc(N2CCN(c3nc4ccccc4[nH]3)CC2)nc1,0.0
NC(=O)c1cccc2[nH]c(NC(=O)c3ccc(Nc4nccc(N5CCN(C(=O)c6ccccc6)CC5)n4)cc3)nc12,6.71,1,0.0,6.71,6.71,2023,2023,1,1,O=C(Nc1nc2ccccc2[nH]1)c1ccc(Nc2nccc(N3CCN(C(=O)c4ccccc4)CC3)n2)cc1,0.0
NC(=O)c1cccc2[nH]c(NC(=O)c3cccc(C(=O)N4CCC(Nc5ncc(Br)cn5)CC4)c3)nc12,7.43,1,0.0,7.43,7.43,2023,2023,1,1,O=C(Nc1nc2ccccc2[nH]1)c1cccc(C(=O)N2CCC(Nc3ncccn3)CC2)c1,0.0
NC(=O)c1cccc2[nH]c(NC(=O)c3cccc(C(=O)N4CCC(Nc5ncc(C(F)(F)F)cn5)CC4)c3)nc12,6.78,1,0.0,6.78,6.78,2023,2023,1,1,O=C(Nc1nc2ccccc2[nH]1)c1cccc(C(=O)N2CCC(Nc3ncccn3)CC2)c1,0.0
NC(=O)c1cccc2[nH]c(NC(=O)c3cccc(C(=O)N4CCC(Nc5ncc(Cl)cn5)CC4)c3)nc12,7.37,1,0.0,7.37,7.37,2023,2023,1,1,O=C(Nc1nc2ccccc2[nH]1)c1cccc(C(=O)N2CCC(Nc3ncccn3)CC2)c1,0.0
NC(=O)c1cccc2[nH]c(NC(=O)c3cccc(C(=O)N4CCC(Nc5ncc(F)cn5)CC4)c3)nc12,7.15,1,0.0,7.15,7.15,2023,2023,1,1,O=C(Nc1nc2ccccc2[nH]1)c1cccc(C(=O)N2CCC(Nc3ncccn3)CC2)c1,0.0
NC(=O)c1cccc2[nH]c(NC(=O)c3cccc(C(=O)N4CCC(Nc5ncc(I)cn5)CC4)c3)nc12,7.47,1,0.0,7.47,7.47,2023,2023,1,1,O=C(Nc1nc2ccccc2[nH]1)c1cccc(C(=O)N2CCC(Nc3ncccn3)CC2)c1,0.0
NC(=O)c1cccc2[nH]cnc12,6.62,1,0.0,6.62,6.62,2010,2010,1,1,c1ccc2[nH]cnc2c1,0.0
NC(=O)c1cccc2c1O/C(=C\c1ccc(Cl)cc1)C2=O,5.21,1,0.0,5.21,5.21,2014,2014,1,1,O=C1C(=Cc2ccccc2)Oc2ccccc21,0.0
NC(=O)c1cccc2c1O/C(=C\c1ccc(O)c(O)c1)C2=O,6.28,1,0.0,6.28,6.28,2014,2014,1,1,O=C1C(=Cc2ccccc2)Oc2ccccc21,0.0
NC(=O)c1cccc2c1O/C(=C\c1ccc(O)cc1)C2=O,6.09,1,0.0,6.09,6.09,2014,2014,1,1,O=C1C(=Cc2ccccc2)Oc2ccccc21,0.0
NC(=O)c1cccc2c1O/C(=C\c1ccc(O)cc1O)C2=O,6.12,1,0.0,6.12,6.12,2014,2014,1,1,O=C1C(=Cc2ccccc2)Oc2ccccc21,0.0
NC(=O)c1cccc2c1O/C(=C\c1ccc(OCC(=O)N3CCOCC3)cc1)C2=O,6.65,1,0.0,6.65,6.65,2014,2014,1,1,O=C1C(=Cc2ccc(OCC(=O)N3CCOCC3)cc2)Oc2ccccc21,0.0
NC(=O)c1cccc2c1O/C(=C\c1ccc(OCC(O)CN3CCOCC3)cc1)C2=O,6.75,1,0.0,6.75,6.75,2014,2014,1,1,O=C1C(=Cc2ccc(OCCCN3CCOCC3)cc2)Oc2ccccc21,0.0
NC(=O)c1cccc2c1O/C(=C\c1ccc(OCC3CO3)cc1)C2=O,5.92,1,0.0,5.92,5.92,2014,2014,1,1,O=C1C(=Cc2ccc(OCC3CO3)cc2)Oc2ccccc21,0.0
NC(=O)c1cccc2c1O/C(=C\c1ccc(OCCCN3CCOCC3)cc1)C2=O,6.14,1,0.0,6.14,6.14,2014,2014,1,1,O=C1C(=Cc2ccc(OCCCN3CCOCC3)cc2)Oc2ccccc21,0.0
NC(=O)c1cccc2c1O/C(=C\c1ccc(OCCN3CCCCC3)cc1)C2=O,6.26,1,0.0,6.26,6.26,2014,2014,1,1,O=C1C(=Cc2ccc(OCCN3CCCCC3)cc2)Oc2ccccc21,0.0
NC(=O)c1cccc2c1O/C(=C\c1ccc(OCCN3CCN(c4ccc(F)cc4)CC3)cc1)C2=O,6.35,1,0.0,6.35,6.35,2014,2014,1,1,O=C1C(=Cc2ccc(OCCN3CCN(c4ccccc4)CC3)cc2)Oc2ccccc21,0.0
NC(=O)c1cccc2c1O/C(=C\c1ccc(OCCN3CCOCC3)cc1)C2=O,5.68,1,0.0,5.68,5.68,2014,2014,1,1,O=C1C(=Cc2ccc(OCCN3CCOCC3)cc2)Oc2ccccc21,0.0
NC(=O)c1cccc2c1O/C(=C\c1cccc(O)c1)C2=O,5.67,1,0.0,5.67,5.67,2014,2014,1,1,O=C1C(=Cc2ccccc2)Oc2ccccc21,0.0
NC(=O)c1cccc2c1O/C(=C\c1cccc(Oc3ccccc3)c1)C2=O,5.33,1,0.0,5.33,5.33,2014,2014,1,1,O=C1C(=Cc2cccc(Oc3ccccc3)c2)Oc2ccccc21,0.0
NC(=O)c1cccc2c1O/C(=C\c1ccccc1)C2=O,4.92,1,0.0,4.92,4.92,2014,2014,1,1,O=C1C(=Cc2ccccc2)Oc2ccccc21,0.0
NC(=O)c1cccc2c1OCC2,5.03,1,0.0,5.03,5.03,2014,2014,1,1,c1ccc2c(c1)CCO2,0.0
NC(=O)c1cccc2c1OCC2=O,4.79,1,0.0,4.79,4.79,2014,2014,1,1,O=C1COc2ccccc21,0.0
NC(=O)c1cccc2cc(-c3cccc(C(F)(F)F)c3)cnc12,4.28,1,0.0,4.28,4.28,2009,2009,1,1,c1ccc(-c2cnc3ccccc3c2)cc1,0.0
NC(=O)c1cccc2cc(-c3ccccc3)c[n+]([O-])c12,4.64,1,0.0,4.64,4.64,2009,2009,1,1,c1ccc(-c2c[nH+]c3ccccc3c2)cc1,0.0
NC(=O)c1cccc2cc(-c3ccccc3)cnc12,4.82,1,0.0,4.82,4.82,2009,2009,1,1,c1ccc(-c2cnc3ccccc3c2)cc1,0.0
NC(=O)c1cccc2cc(-c3ccccc3)nn12,7.26,1,0.0,7.26,7.26,2009,2009,1,1,c1ccc(-c2cc3ccccn3n2)cc1,0.0
NC(=O)c1cccc2cc(C(=O)N3CCN(Cc4cc5nc(-c6cnc(N)nc6)nc(N6CCOCC6)c5o4)CC3)oc12,8.53,1,0.0,8.53,8.53,2021,2021,1,1,O=C(c1cc2ccccc2o1)N1CCN(Cc2cc3nc(-c4cncnc4)nc(N4CCOCC4)c3o2)CC1,0.0
NC(=O)c1cccc2cc(C(=O)N3CCN(Cc4cc5nc(-c6cnc(N)nc6)nc(N6CCOCC6)c5s4)CC3)oc12,8.7,1,0.0,8.7,8.7,2021,2021,1,1,O=C(c1cc2ccccc2o1)N1CCN(Cc2cc3nc(-c4cncnc4)nc(N4CCOCC4)c3s2)CC1,0.0
NC(=O)c1cccc2cc(C(=O)N3CCN(c4nc(-c5cnc(N)nc5)nc(N5CCOCC5)n4)CC3)oc12,8.2,1,0.0,8.2,8.2,2022,2022,1,1,O=C(c1cc2ccccc2o1)N1CCN(c2nc(-c3cncnc3)nc(N3CCOCC3)n2)CC1,0.0
NC(=O)c1cccc2ccc(-c3ccccc3)nc12,6.05,1,0.0,6.05,6.05,2009,2009,1,1,c1ccc(-c2ccc3ccccc3n2)cc1,0.0
NC(=O)c1cccc2cccnc12,5.72,1,0.0,5.72,5.72,2009,2009,1,1,c1ccc2ncccc2c1,0.0
NC(=O)c1cccc2cn(-c3ccc(C(=O)N4CCCNCC4)cc3)nc12,7.66,1,0.0,7.66,7.66,2010,2010,1,1,O=C(c1ccc(-n2cc3ccccc3n2)cc1)N1CCCNCC1,0.0
NC(=O)c1cccc2cn(-c3ccc(C(=O)NCCN4CCCC4)cc3)nc12,7.7,1,0.0,7.7,7.7,2010,2010,1,1,O=C(NCCN1CCCC1)c1ccc(-n2cc3ccccc3n2)cc1,0.0
NC(=O)c1cccc2cn(-c3ccc(C(=O)NCCN4CCCCC4)cc3)nc12,7.42,1,0.0,7.42,7.42,2010,2010,1,1,O=C(NCCN1CCCCC1)c1ccc(-n2cc3ccccc3n2)cc1,0.0
NC(=O)c1cccc2cn(-c3ccc(C(=O)NCCN4CCOCC4)cc3)nc12,7.27,1,0.0,7.27,7.27,2010,2010,1,1,O=C(NCCN1CCOCC1)c1ccc(-n2cc3ccccc3n2)cc1,0.0
NC(=O)c1cccc2cn(-c3ccc(C(=O)NCc4ccncc4)cc3)nc12,8.0,1,0.0,8.0,8.0,2010,2010,1,1,O=C(NCc1ccncc1)c1ccc(-n2cc3ccccc3n2)cc1,0.0
NC(=O)c1cccc2cn(-c3ccc(C(=O)Nc4ccncc4)cc3)nc12,7.52,1,0.0,7.52,7.52,2010,2010,1,1,O=C(Nc1ccncc1)c1ccc(-n2cc3ccccc3n2)cc1,0.0
NC(=O)c1cccc2cn(-c3ccc(C4CCCN4)cc3)nc12,8.51,1,0.0,8.51,8.51,2009,2009,1,1,c1ccc2nn(-c3ccc(C4CCCN4)cc3)cc2c1,0.0
NC(=O)c1cccc2cn(-c3ccc(C4CCCNC4)cc3)nc12,8.49,1,0.0,8.49,8.49,2009,2009,1,1,c1ccc2nn(-c3ccc(C4CCCNC4)cc3)cc2c1,0.0
NC(=O)c1cccc2cn(-c3ccc(C4CCNCC4)cc3)nc12,8.05,1,0.0,8.05,8.05,2009,2009,1,1,c1ccc2nn(-c3ccc(C4CCNCC4)cc3)cc2c1,0.0
NC(=O)c1cccc2cn(-c3ccc(CN4CCCC4)cc3)nc12,8.32,1,0.0,8.32,8.32,2009,2009,1,1,c1ccc2nn(-c3ccc(CN4CCCC4)cc3)cc2c1,0.0
NC(=O)c1cccc2cn(-c3ccc(CN4CCCCC4)cc3)nc12,8.72,1,0.0,8.72,8.72,2009,2009,1,1,c1ccc2nn(-c3ccc(CN4CCCCC4)cc3)cc2c1,0.0
NC(=O)c1cccc2cn(-c3ccc(CN4CCOCC4)cc3)nc12,7.77,1,0.0,7.77,7.77,2009,2009,1,1,c1ccc2nn(-c3ccc(CN4CCOCC4)cc3)cc2c1,0.0
NC(=O)c1cccc2cn(-c3ccc(CNC(=O)C4CNC4)cc3)nc12,7.19,1,0.0,7.19,7.19,2010,2010,1,1,O=C(NCc1ccc(-n2cc3ccccc3n2)cc1)C1CNC1,0.0
NC(=O)c1cccc2cn(-c3ccc(CNCC(F)F)cc3)nc12,7.85,1,0.0,7.85,7.85,2009,2009,1,1,c1ccc(-n2cc3ccccc3n2)cc1,0.0
NC(=O)c1cccc2cn(-c3ccc(CNCCF)cc3)nc12,8.68,1,0.0,8.68,8.68,2009,2009,1,1,c1ccc(-n2cc3ccccc3n2)cc1,0.0
NC(=O)c1cccc2cn(-c3ccc(Cl)cc3)nc12,7.62,1,0.0,7.62,7.62,2009,2009,1,1,c1ccc(-n2cc3ccccc3n2)cc1,0.0
NC(=O)c1cccc2cn(-c3ccc(NC(=O)C4CNC4)cc3)nc12,8.0,1,0.0,8.0,8.0,2010,2010,1,1,O=C(Nc1ccc(-n2cc3ccccc3n2)cc1)C1CNC1,0.0
NC(=O)c1cccc2cn(-c3ccc(NC(=O)CN4CCCC4)cc3)nc12,8.0,1,0.0,8.0,8.0,2010,2010,1,1,O=C(CN1CCCC1)Nc1ccc(-n2cc3ccccc3n2)cc1,0.0
NC(=O)c1cccc2cn(-c3ccc(NC(=O)CN4CCCCC4)cc3)nc12,7.7,1,0.0,7.7,7.7,2010,2010,1,1,O=C(CN1CCCCC1)Nc1ccc(-n2cc3ccccc3n2)cc1,0.0
NC(=O)c1cccc2cn(-c3ccc(NC(=O)CN4CCOCC4)cc3)nc12,7.52,1,0.0,7.52,7.52,2010,2010,1,1,O=C(CN1CCOCC1)Nc1ccc(-n2cc3ccccc3n2)cc1,0.0
NC(=O)c1cccc2cn(-c3ccc([C@H]4CCCNC4)cc3)nc12,8.62,1,0.0,8.62,8.62,2009,2009,1,1,c1ccc2nn(-c3ccc(C4CCCNC4)cc3)cc2c1,0.0
NC(=O)c1cccc2cn(-c3ccc4c(c3)CCNC4)nc12,8.85,1,0.0,8.85,8.85,2009,2009,1,1,c1ccc2nn(-c3ccc4c(c3)CCNC4)cc2c1,0.0
NC(=O)c1cccc2cn(-c3ccc4c(c3)CNCC4)nc12,8.66,1,0.0,8.66,8.66,2009,2009,1,1,c1ccc2nn(-c3ccc4c(c3)CNCC4)cc2c1,0.0
NC(=O)c1cccc2cn(-c3cccc(C(=O)N4CCCNCC4)c3)nc12,7.4,1,0.0,7.4,7.4,2010,2010,1,1,O=C(c1cccc(-n2cc3ccccc3n2)c1)N1CCCNCC1,0.0
NC(=O)c1cccc2cn(-c3cccc(Cl)c3)nc12,7.85,1,0.0,7.85,7.85,2009,2009,1,1,c1ccc(-n2cc3ccccc3n2)cc1,0.0
NC(=O)c1cccc2cn(-c3ccccc3)nc12,7.62,1,0.0,7.62,7.62,2009,2009,1,1,c1ccc(-n2cc3ccccc3n2)cc1,0.0
NC(=O)c1cccc2cn(-c3ccccc3Cl)nc12,7.0,1,0.0,7.0,7.0,2009,2009,1,1,c1ccc(-n2cc3ccccc3n2)cc1,0.0
NC(=O)c1cccc2cn(Cc3ccccc3)nc12,6.89,1,0.0,6.89,6.89,2009,2009,1,1,c1ccc(Cn2cc3ccccc3n2)cc1,0.0
NC(=O)c1cccc2nc(-c3ccc(Cl)cc3)cnc12,7.52,1,0.0,7.52,7.52,2011,2011,1,1,c1ccc(-c2cnc3ccccc3n2)cc1,0.0
NC(=O)c1cccc2ncc(-c3ccc(C(F)(F)F)cc3)nc12,6.93,1,0.0,6.93,6.93,2009,2009,1,1,c1ccc(-c2cnc3ccccc3n2)cc1,0.0
NC(=O)c1cccc2ncc(-c3ccc(N)cc3)nc12,7.06,1,0.0,7.06,7.06,2009,2009,1,1,c1ccc(-c2cnc3ccccc3n2)cc1,0.0
NC(=O)c1cccc2nn(-c3ccccc3)nc12,7.15,1,0.0,7.15,7.15,2009,2009,1,1,c1ccc(-n2nc3ccccc3n2)cc1,0.0
NC(=O)c1ccccc1,4.68,2,0.028284271247461613,4.66,4.7,2001,2003,2,2,c1ccccc1,0.040000000000000036
NC(=O)c1ccccc1OCCc1ccc(F)c(C(=O)N2CCN(C(=O)C3CCCC3)CC2)c1,6.99,1,0.0,6.99,6.99,2008,2008,1,1,O=C(c1cccc(CCOc2ccccc2)c1)N1CCN(C(=O)C2CCCC2)CC1,0.0
NC(=O)c1ccccc1OCCc1cccc(C(=O)N2CCN(C(=O)C3CCCC3)CC2)c1,6.7,1,0.0,6.7,6.7,2008,2008,1,1,O=C(c1cccc(CCOc2ccccc2)c1)N1CCN(C(=O)C2CCCC2)CC1,0.0
NC(=O)c1ccccc1OCCc1cccc(C(=O)N2CCNCC2)c1,6.01,1,0.0,6.01,6.01,2008,2008,1,1,O=C(c1cccc(CCOc2ccccc2)c1)N1CCNCC1,0.0
NC(=O)c1ccccc1OCc1ccc(F)c(C(=O)N2CCN(C(=O)C3CCCC3)CC2)c1,7.62,1,0.0,7.62,7.62,2008,2008,1,1,O=C(c1cccc(COc2ccccc2)c1)N1CCN(C(=O)C2CCCC2)CC1,0.0
NC(=O)c1ccccc1OCc1ccc(F)c(C(=O)N2CCNCC2)c1,7.21,1,0.0,7.21,7.21,2008,2008,1,1,O=C(c1cccc(COc2ccccc2)c1)N1CCNCC1,0.0
NC(=O)c1ccccc1OCc1cccc(C(=O)N2CCN(C(=O)C3CCCC3)CC2)c1,6.73,1,0.0,6.73,6.73,2008,2008,1,1,O=C(c1cccc(COc2ccccc2)c1)N1CCN(C(=O)C2CCCC2)CC1,0.0
NC(=O)c1ccccc1OCc1cccc(C(=O)N2CCNCC2)c1,7.75,1,0.0,7.75,7.75,2008,2008,1,1,O=C(c1cccc(COc2ccccc2)c1)N1CCNCC1,0.0
NC(=O)c1cccn2nc(-c3ccccc3)nc12,6.57,1,0.0,6.57,6.57,2009,2009,1,1,c1ccc(-c2nc3ccccn3n2)cc1,0.0
NC(=O)c1cncc2[nH]c(C3CCCNC3)nc12,6.2,1,0.0,6.2,6.2,2013,2013,1,1,c1cc2nc(C3CCCNC3)[nH]c2cn1,0.0
NC(=O)c1cncc2[nH]c(C3CCN(C(=O)c4cc(Cc5n[nH]c(=O)c6ccccc56)ccc4F)CC3)nc12,9.64,1,0.0,9.64,9.64,2021,2021,1,1,O=C(c1cccc(Cc2n[nH]c(=O)c3ccccc23)c1)N1CCC(c2nc3ccncc3[nH]2)CC1,0.0
NC(=O)c1cncc2[nH]c(C3CCNCC3)nc12,6.08,1,0.0,6.08,6.08,2013,2013,1,1,c1cc2nc(C3CCNCC3)[nH]c2cn1,0.0
NC(=O)c1nn(CCCN2C(=O)C(=O)c3ccccc32)c2ccccc12,5.17,1,0.0,5.17,5.17,2014,2014,1,1,O=C1C(=O)N(CCCn2ncc3ccccc32)c2ccccc21,0.0
NC1CC2c3c(cccc31)CCN2C(=O)c1cc(Cc2n[nH]c(=O)c3ccccc23)ccc1F,4.12,1,0.0,4.12,4.12,2013,2013,1,1,O=C(c1cccc(Cc2n[nH]c(=O)c3ccccc23)c1)N1CCc2cccc3c2C1CC3,0.0
NC1CCN(C(=O)c2cc(Cc3c[nH]c(=O)c4cc(Cl)c(Cl)n34)ccc2F)CC1,8.15,1,0.0,8.15,8.15,2010,2010,1,1,O=C(c1cccc(Cc2c[nH]c(=O)c3cccn23)c1)N1CCCCC1,0.0
NC1CCN(Cc2ccc(-c3[nH]c4cc(F)cc5c4c3CCNC5=O)cc2)CC1,9.39,1,0.0,9.39,9.39,2022,2022,1,1,O=C1NCCc2c(-c3ccc(CN4CCCCC4)cc3)[nH]c3cccc1c23,0.0
NC1CCN(Cc2cccc(-c3[nH]c4cc(F)cc5c4c3CCNC5=O)c2)CC1,9.02,1,0.0,9.02,9.02,2022,2022,1,1,O=C1NCCc2c(-c3cccc(CN4CCCCC4)c3)[nH]c3cccc1c23,0.0
NCC(F)(F)c1ccc(-c2nnc3n2CCN(C(=O)c2cc(Cc4n[nH]c(=O)c5ccccc45)ccc2F)C3)o1,8.07,1,0.0,8.07,8.07,2023,2023,1,1,O=C(c1cccc(Cc2n[nH]c(=O)c3ccccc23)c1)N1CCn2c(nnc2-c2ccco2)C1,0.0
NCCCCC(N)C(=O)NCc1ccc2[nH]c3c4c(c5c(c3c2c1)CNC5=O)CCC4,7.1,1,0.0,7.1,7.1,2006,2006,1,1,O=C1NCc2c1c1c(c3[nH]c4ccccc4c23)CCC1,0.0
NCCCCNC(=O)c1ccc2[nH]c(=O)c3c(c2c1)CCSC3,7.57,1,0.0,7.57,7.57,2012,2012,1,1,O=c1[nH]c2ccccc2c2c1CSCC2,0.0
NCCCNC(=O)c1ccc2[nH]c(=O)c3c(c2c1)CCSC3,7.52,1,0.0,7.52,7.52,2012,2012,1,1,O=c1[nH]c2ccccc2c2c1CSCC2,0.0
NCCNC(=O)CCC(=O)c1ccc2[nH]c3c4c(c5c(c3c2c1)C(=O)NC5=O)CCC4,7.66,1,0.0,7.66,7.66,2012,2012,1,1,O=C1NC(=O)c2c1c1c(c3[nH]c4ccccc4c23)CCC1,0.0
NCCNC(=O)c1ccc2[nH]c(=O)c3c(c2c1)CCSC3,7.77,1,0.0,7.77,7.77,2012,2012,1,1,O=c1[nH]c2ccccc2c2c1CSCC2,0.0
NCCOc1ccc2[nH]c(=O)c3c(c2c1)NCCC3,5.94,1,0.0,5.94,5.94,2014,2014,1,1,O=c1[nH]c2ccccc2c2c1CCCN2,0.0
NCc1ccc2[nH]c3c4c(c5c(c3c2c1)CNC5=O)CCC4,7.57,1,0.0,7.57,7.57,2006,2006,1,1,O=C1NCc2c1c1c(c3[nH]c4ccccc4c23)CCC1,0.0
NCc1ccc2c3c(c(=O)[nH]c2c1)CCCN3,6.77,1,0.0,6.77,6.77,2014,2014,1,1,O=c1[nH]c2ccccc2c2c1CCCN2,0.0
N[C@@H](CCC(=O)N1CCc2nc(O)c3ccccc3c2C1)C(=O)O,7.05,1,0.0,7.05,7.05,2003,2003,1,1,c1ccc2c3c(ncc2c1)CCNC3,0.0
Nc1cc(-c2ccc([N+](=O)[O-])cc2)nc2c1C(c1cccs1)c1c([nH]c(=O)[nH]c1=O)O2,4.8,1,0.0,4.8,4.8,2022,2022,1,1,O=c1[nH]c2c(c(=O)[nH]1)C(c1cccs1)c1ccc(-c3ccccc3)nc1O2,0.0
Nc1cc(-c2nc(N3CCOCC3)nc(N3CCN(C(=O)c4cc(Cc5n[nH]c(=O)c6ccccc56)ccc4F)CC3)n2)ccc1F,8.96,1,0.0,8.96,8.96,2020,2020,1,1,O=C(c1cccc(Cc2n[nH]c(=O)c3ccccc23)c1)N1CCN(c2nc(-c3ccccc3)nc(N3CCOCC3)n2)CC1,0.0
Nc1cc(C(F)(F)F)c(-c2cc(N3CCN(C(=O)c4cc(Cc5n[nH]c(=O)c6ccccc56)ccc4F)CC3)nc(N3CCOCC3)n2)cn1,7.81,1,0.0,7.81,7.81,2020,2020,1,1,O=C(c1cccc(Cc2n[nH]c(=O)c3ccccc23)c1)N1CCN(c2cc(-c3cccnc3)nc(N3CCOCC3)n2)CC1,0.0
Nc1cc(C(F)(F)F)c(-c2nc(N3CCOCC3)nc(N3CCN(C(=O)c4cc(Cc5n[nH]c(=O)c6ccccc56)ccc4F)CC3)n2)cn1,8.02,1,0.0,8.02,8.02,2020,2020,1,1,O=C(c1cccc(Cc2n[nH]c(=O)c3ccccc23)c1)N1CCN(c2nc(-c3cccnc3)nc(N3CCOCC3)n2)CC1,0.0
Nc1cc(C(F)(F)F)c(-c2nc3c(c(N4CCOCC4)n2)CCN(C(=O)c2cc(Cc4n[nH]c(=O)c5ccccc45)ccc2F)C3)cn1,8.265,2,0.06363961030678918,8.22,8.31,2020,2022,2,2,O=C(c1cccc(Cc2n[nH]c(=O)c3ccccc23)c1)N1CCc2c(nc(-c3cccnc3)nc2N2CCOCC2)C1,0.08999999999999986
Nc1cc(F)ccc1NC(=O)C1CCN(C(=O)c2cc(Cc3n[nH]c(=O)c4ccccc34)ccc2F)CC1,8.59,1,0.0,8.59,8.59,2020,2020,1,1,O=C(Nc1ccccc1)C1CCN(C(=O)c2cccc(Cc3n[nH]c(=O)c4ccccc34)c2)CC1,0.0
Nc1cc2nc(O)c3ccccc3c2cc1N,6.75,1,0.0,6.75,6.75,2001,2001,1,1,c1ccc2c(c1)cnc1ccccc12,0.0
Nc1ccc(-c2nc(N3CCOCC3)nc(N3CCN(C(=O)c4cc(Cc5n[nH]c(=O)c6ccccc56)ccc4F)CC3)n2)c(F)c1,9.14,1,0.0,9.14,9.14,2020,2020,1,1,O=C(c1cccc(Cc2n[nH]c(=O)c3ccccc23)c1)N1CCN(c2nc(-c3ccccc3)nc(N3CCOCC3)n2)CC1,0.0
Nc1ccc(-c2nc(N3CCOCC3)nc(N3CCN(C(=O)c4cc(Cc5n[nH]c(=O)c6ccccc56)ccc4F)CC3)n2)cc1,8.93,1,0.0,8.93,8.93,2020,2020,1,1,O=C(c1cccc(Cc2n[nH]c(=O)c3ccccc23)c1)N1CCN(c2nc(-c3ccccc3)nc(N3CCOCC3)n2)CC1,0.0
Nc1ccc(-c2nc(N3CCOCC3)nc(N3CCN(C(=O)c4cc(Cc5n[nH]c(=O)c6ccccc56)ccc4F)CC3)n2)cc1F,9.08,1,0.0,9.08,9.08,2020,2020,1,1,O=C(c1cccc(Cc2n[nH]c(=O)c3ccccc23)c1)N1CCN(c2nc(-c3ccccc3)nc(N3CCOCC3)n2)CC1,0.0
Nc1ccc(-c2nc(N3CCOCC3)nc(N3CCN(C(=O)c4cc(Cc5n[nH]c(=O)c6ccccc56)ccc4F)CC3)n2)cn1,8.97,1,0.0,8.97,8.97,2020,2020,1,1,O=C(c1cccc(Cc2n[nH]c(=O)c3ccccc23)c1)N1CCN(c2nc(-c3cccnc3)nc(N3CCOCC3)n2)CC1,0.0
Nc1ccc(-c2nc(O)c3cccc(O)c3n2)cc1,6.54,1,0.0,6.54,6.54,2016,2016,1,1,c1ccc(-c2ncc3ccccc3n2)cc1,0.0
Nc1ccc(-c2nc3c(c(N4CCOCC4)n2)CCN(C(=O)c2cc(Cc4n[nH]c(=O)c5ccccc45)ccc2F)C3)cn1,8.1,1,0.0,8.1,8.1,2020,2020,1,1,O=C(c1cccc(Cc2n[nH]c(=O)c3ccccc23)c1)N1CCc2c(nc(-c3cccnc3)nc2N2CCOCC2)C1,0.0
Nc1ccc(-c2nc3ccccc3c(=O)[nH]2)cc1,5.89,1,0.0,5.89,5.89,2016,2016,1,1,O=c1[nH]c(-c2ccccc2)nc2ccccc12,0.0
Nc1ccc(F)cc1NC(=O)C1CCN(C(=O)c2cc(Cc3n[nH]c(=O)c4ccccc34)ccc2F)CC1,8.74,1,0.0,8.74,8.74,2020,2020,1,1,O=C(Nc1ccccc1)C1CCN(C(=O)c2cccc(Cc3n[nH]c(=O)c4ccccc34)c2)CC1,0.0
Nc1ccc(S(=O)(=O)N2CCCN(CC3=Nc4cccc5c(=O)[nH]nc(c45)N3)CC2)cc1,7.82,1,0.0,7.82,7.82,2014,2014,1,1,O=c1[nH]nc2c3c(cccc13)N=C(CN1CCCN(S(=O)(=O)c3ccccc3)CC1)N2,0.0
Nc1ccc(S(=O)(=O)N2CCN(CC3=Nc4cccc5c(=O)[nH]nc(c45)N3)CC2)cc1,7.35,1,0.0,7.35,7.35,2014,2014,1,1,O=c1[nH]nc2c3c(cccc13)N=C(CN1CCN(S(=O)(=O)c3ccccc3)CC1)N2,0.0
Nc1ccc2[nH]c(=O)c3ccccc3c2c1,6.75,1,0.0,6.75,6.75,2001,2001,1,1,O=c1[nH]c2ccccc2c2ccccc12,0.0
Nc1ccc2c(c1)-c1nc(O)c3ccccc3c1C2,6.52,1,0.0,6.52,6.52,2005,2005,1,1,c1ccc2c(c1)Cc1c-2ncc2ccccc12,0.0
Nc1ccc2c(c1)Cc1c-2nc(O)c2ccccc12,7.01,1,0.0,7.01,7.01,2005,2005,1,1,c1ccc2c(c1)Cc1c-2ncc2ccccc12,0.0
Nc1ccc2c(c1)nc(O)c1cc(N)ccc12,5.49,1,0.0,5.49,5.49,2001,2001,1,1,c1ccc2c(c1)cnc1ccccc12,0.0
Nc1ccc2c3c(cccc13)C(=O)NC2=O,6.75,1,0.0,6.75,6.75,2001,2001,1,1,O=C1NC(=O)c2cccc3cccc1c23,0.0
Nc1ccc2nc(O)c3ccccc3c2n1,6.68,1,0.0,6.68,6.68,2003,2003,1,1,c1ccc2c(c1)cnc1cccnc12,0.0
Nc1ccc2nc[nH]c(=O)c2c1,4.6,1,0.0,4.6,4.6,2012,2012,1,1,O=c1[nH]cnc2ccccc12,0.0
Nc1cccc(-c2ccc(C(=O)CNC(=O)CCn3c4c(c(=O)[nH]c3=O)CSCC4)cc2)c1,7.7,1,0.0,7.7,7.7,2002,2002,1,1,O=C(CCn1c2c(c(=O)[nH]c1=O)CSCC2)NCC(=O)c1ccc(-c2ccccc2)cc1,0.0
Nc1cccc2c(=O)[nH]c(-c3ccc(C(F)(F)F)cc3)cc12,6.48,1,0.0,6.48,6.48,2013,2013,1,1,O=c1[nH]c(-c2ccccc2)cc2ccccc12,0.0
Nc1cccc2c(=O)[nH]c(-c3ccc(Cl)cc3)cc12,6.24,1,0.0,6.24,6.24,2013,2013,1,1,O=c1[nH]c(-c2ccccc2)cc2ccccc12,0.0
Nc1cccc2c(=O)[nH]c(-c3ccccc3)cc12,5.97,1,0.0,5.97,5.97,2013,2013,1,1,O=c1[nH]c(-c2ccccc2)cc2ccccc12,0.0
Nc1cccc2c(=O)[nH]c(-c3cccs3)cc12,5.25,1,0.0,5.25,5.25,2013,2013,1,1,O=c1[nH]c(-c2cccs2)cc2ccccc12,0.0
Nc1cccc2c(=O)[nH]c(Cc3ccccc3)cc12,5.29,1,0.0,5.29,5.29,2013,2013,1,1,O=c1[nH]c(Cc2ccccc2)cc2ccccc12,0.0
Nc1cccc2c(=O)[nH]ccc12,5.9,4,0.14059397805975415,5.75,6.03,2009,2013,3,3,O=c1[nH]ccc2ccccc12,0.28000000000000025
Nc1cccc2c(=O)[nH]cnc12,6.12,1,0.0,6.12,6.12,2012,2012,1,1,O=c1[nH]cnc2ccccc12,0.0
Nc1cccc2c(=O)n(CCC(=O)O)ccc12,6.26,1,0.0,6.26,6.26,2011,2011,1,1,O=c1[nH]ccc2ccccc12,0.0
Nc1cccc2c1CCNC2=O,6.39,1,0.0,6.39,6.39,2010,2010,1,1,O=C1NCCc2ccccc21,0.0
Nc1cccc2c1nc(O)c1ccccc12,6.51,1,0.0,6.51,6.51,2001,2001,1,1,c1ccc2c(c1)cnc1ccccc12,0.0
Nc1ccccc1NC(=O)C1CCN(C(=O)c2cc(Cc3n[nH]c(=O)c4ccccc34)ccc2F)CC1,8.71,1,0.0,8.71,8.71,2020,2020,1,1,O=C(Nc1ccccc1)C1CCN(C(=O)c2cccc(Cc3n[nH]c(=O)c4ccccc34)c2)CC1,0.0
Nc1ccccc1NC(=O)CCCCCNC(=O)c1cc(Cc2n[nH]c(=O)c3ccccc23)ccc1F,8.37,1,0.0,8.37,8.37,2020,2020,1,1,O=C(CCCCCNC(=O)c1cccc(Cc2n[nH]c(=O)c3ccccc23)c1)Nc1ccccc1,0.0
Nc1cccnc1N1CCN(C(=O)CNC(=O)CCn2c3c(c(=O)[nH]c2=O)CSCC3)CC1,7.16,1,0.0,7.16,7.16,2002,2002,1,1,O=C(CCn1c2c(c(=O)[nH]c1=O)CSCC2)NCC(=O)N1CCN(c2ccccn2)CC1,0.0
Nc1cnc2c(c1)[nH]c(=O)c1ccccc12,6.75,1,0.0,6.75,6.75,2003,2003,1,1,O=c1[nH]c2cccnc2c2ccccc12,0.0
Nc1nc(S)nc2c1Oc1[nH]c(=O)[nH]c(=O)c1C2c1cccs1,5.39,1,0.0,5.39,5.39,2022,2022,1,1,O=c1[nH]c2c(c(=O)[nH]1)C(c1cccs1)c1ncncc1O2,0.0
Nc1ncc(-c2nc(N3CCOCC3)c3sc(CN4CCN(C(=O)c5cc(Cc6n[nH]c(=O)c7ccccc67)ccc5F)CC4)cc3n2)cn1,8.06,1,0.0,8.06,8.06,2021,2021,1,1,O=C(c1cccc(Cc2n[nH]c(=O)c3ccccc23)c1)N1CCN(Cc2cc3nc(-c4cncnc4)nc(N4CCOCC4)c3s2)CC1,0.0
Nc1ncc(-c2nc(N3CCOCC3)nc(N3CCN(C(=O)c4cc(Cc5n[nH]c(=O)c6ccccc56)ccc4F)CC3)n2)cc1C(F)(F)F,8.95,1,0.0,8.95,8.95,2020,2020,1,1,O=C(c1cccc(Cc2n[nH]c(=O)c3ccccc23)c1)N1CCN(c2nc(-c3cccnc3)nc(N3CCOCC3)n2)CC1,0.0
Nc1ncc(-c2nc(N3CCOCC3)nc(N3CCN(C(=O)c4cc(Cc5n[nH]c(=O)c6ccccc56)ccc4F)CC3)n2)cn1,9.094999999999999,2,0.0212132034355966,9.08,9.11,2020,2022,2,2,O=C(c1cccc(Cc2n[nH]c(=O)c3ccccc23)c1)N1CCN(c2nc(-c3cncnc3)nc(N3CCOCC3)n2)CC1,0.02999999999999936
Nc1ncc(-c2nc3c(c(N4CCOCC4)n2)CCN(C(=O)c2cc(Cc4n[nH]c(=O)c5ccccc45)ccc2F)C3)cn1,8.51,2,0.1131370849898477,8.43,8.59,2020,2022,2,2,O=C(c1cccc(Cc2n[nH]c(=O)c3ccccc23)c1)N1CCc2c(nc(-c3cncnc3)nc2N2CCOCC2)C1,0.16000000000000014
Nc1ncnc2c1Oc1[nH]c(=O)[nH]c(=O)c1C2c1cccs1,4.83,1,0.0,4.83,4.83,2022,2022,1,1,O=c1[nH]c2c(c(=O)[nH]1)C(c1cccs1)c1ncncc1O2,0.0
Nc1ncnc2c1ncn2C1OC(C(=O)N2CCN(CC(=O)Nc3cccc4c3CNC4=O)CC2)[C@@H](O)[C@H]1O,7.35,1,0.0,7.35,7.35,2010,2010,1,1,O=C(CN1CCN(C(=O)C2CCC(n3cnc4cncnc43)O2)CC1)Nc1cccc2c1CNC2=O,0.0
Nc1ncnc2c1ncn2[C@@H]1O[C@H](COC(=O)N2CCN(CC(=O)Nc3cccc4c3CNC4=O)CC2)[C@@H](O)[C@H]1O,7.35,1,0.0,7.35,7.35,2009,2009,1,1,O=C(CN1CCN(C(=O)OCC2CCC(n3cnc4cncnc43)O2)CC1)Nc1cccc2c1CNC2=O,0.0
Nc1ncnc2c1ncn2[C@@H]1O[C@H](COCNC(=O)CCC(=O)Nc2cccc3c2CNC3=O)[C@@H](O)[C@H]1O,7.0,1,0.0,7.0,7.0,2009,2009,1,1,O=C(CCC(=O)Nc1cccc2c1CNC2=O)NCOCC1CCC(n2cnc3cncnc32)O1,0.0
Nc1nn(-c2cc([N+](=O)[O-])ccc2[N+](=O)[O-])c2c1Oc1[nH]c(=O)[nH]c(=O)c1C2c1cccs1,5.44,1,0.0,5.44,5.44,2022,2022,1,1,O=c1[nH]c2c(c(=O)[nH]1)C(c1cccs1)c1c(cnn1-c1ccccc1)O2,0.0
O=C(/C=C/c1ccccc1)Nc1nc(-c2ccccc2)cs1,6.65,1,0.0,6.65,6.65,2009,2009,1,1,O=C(C=Cc1ccccc1)Nc1nc(-c2ccccc2)cs1,0.0
O=C(C1CC1)N1CCN(Cc2c(O)cc(O)c3c(=O)cc(-c4ccc(O)cc4)oc23)CC1,7.43,1,0.0,7.43,7.43,2021,2021,1,1,O=C(C1CC1)N1CCN(Cc2cccc3c(=O)cc(-c4ccccc4)oc23)CC1,0.0
O=C(C1CCC1)N1CCN(Cc2c(O)cc(O)c3c(=O)cc(-c4ccc(O)cc4)oc23)CC1,7.34,1,0.0,7.34,7.34,2021,2021,1,1,O=C(C1CCC1)N1CCN(Cc2cccc3c(=O)cc(-c4ccccc4)oc23)CC1,0.0
O=C(C1CCCC1)N1CCP(=O)(c2cc(Cc3n[nH]c(=O)c4ccccc34)ccc2F)CC1,5.26,1,0.0,5.26,5.26,2022,2022,1,1,O=C(C1CCCC1)N1CCP(=O)(c2cccc(Cc3n[nH]c(=O)c4ccccc34)c2)CC1,0.0
O=C(C1CCCCC1)N1CCN(Cc2c(O)cc(O)c3c(=O)cc(-c4ccc(O)cc4)oc23)CC1,7.35,1,0.0,7.35,7.35,2021,2021,1,1,O=C(C1CCCCC1)N1CCN(Cc2cccc3c(=O)cc(-c4ccccc4)oc23)CC1,0.0
O=C(C1CCCO1)N1CCP(=O)(c2cc(Cc3n[nH]c(=O)c4ccccc34)ccc2F)CC1,6.26,1,0.0,6.26,6.26,2022,2022,1,1,O=C(C1CCCO1)N1CCP(=O)(c2cccc(Cc3n[nH]c(=O)c4ccccc34)c2)CC1,0.0
O=C(CCC(=O)N1C=CC=CC=C1)c1ccc2[nH]c3c4c(c5c(c3c2c1)C(=O)NC5=O)CCC4,7.58,1,0.0,7.58,7.58,2012,2012,1,1,O=C(CCC(=O)N1C=CC=CC=C1)c1ccc2[nH]c3c4c(c5c(c3c2c1)C(=O)NC5=O)CCC4,0.0
O=C(CCC(=O)N1CCCC1)c1ccc2[nH]c3c4c(c5c(c3c2c1)C(=O)NC5=O)CCC4,7.8,1,0.0,7.8,7.8,2012,2012,1,1,O=C(CCC(=O)N1CCCC1)c1ccc2[nH]c3c4c(c5c(c3c2c1)C(=O)NC5=O)CCC4,0.0
O=C(CCC(=O)N1CCCCC1)c1ccc2[nH]c3c4c(c5c(c3c2c1)C(=O)NC5=O)CCC4,8.0,1,0.0,8.0,8.0,2012,2012,1,1,O=C(CCC(=O)N1CCCCC1)c1ccc2[nH]c3c4c(c5c(c3c2c1)C(=O)NC5=O)CCC4,0.0
O=C(CCC(=O)N1CCC[C@H]1C(=O)O)c1ccc2[nH]c3c4c(c5c(c3c2c1)C(=O)NC5=O)CCC4,8.7,1,0.0,8.7,8.7,2012,2012,1,1,O=C(CCC(=O)N1CCCC1)c1ccc2[nH]c3c4c(c5c(c3c2c1)C(=O)NC5=O)CCC4,0.0
O=C(CCC(=O)N1CCNCC1)c1ccc2[nH]c3c4c(c5c(c3c2c1)C(=O)NC5=O)CCC4,7.82,1,0.0,7.82,7.82,2012,2012,1,1,O=C(CCC(=O)N1CCNCC1)c1ccc2[nH]c3c4c(c5c(c3c2c1)C(=O)NC5=O)CCC4,0.0
O=C(CCC(=O)N1CCOCC1)c1ccc2[nH]c3c4c(c5c(c3c2c1)C(=O)NC5=O)CCC4,7.89,1,0.0,7.89,7.89,2012,2012,1,1,O=C(CCC(=O)N1CCOCC1)c1ccc2[nH]c3c4c(c5c(c3c2c1)C(=O)NC5=O)CCC4,0.0
O=C(CCC(=O)c1ccc2[nH]c3c4c(c5c(c3c2c1)C(=O)NC5=O)CCC4)NCCO,8.05,1,0.0,8.05,8.05,2012,2012,1,1,O=C1NC(=O)c2c1c1c(c3[nH]c4ccccc4c23)CCC1,0.0
O=C(CCCCCn1c2c(c(=O)[nH]c1=O)CSCC2)NCC(=O)N1CCN(c2ncccn2)CC1,6.6,1,0.0,6.6,6.6,2002,2002,1,1,O=C(CCCCCn1c2c(c(=O)[nH]c1=O)CSCC2)NCC(=O)N1CCN(c2ncccn2)CC1,0.0
O=C(CCCN1CCCCC1)N1CCc2nc(O)c3ccccc3c2C1,6.34,1,0.0,6.34,6.34,2003,2003,1,1,O=C(CCCN1CCCCC1)N1CCc2ncc3ccccc3c2C1,0.0
O=C(CCCN1CCOCC1)Nc1ccc2c(c1)Cc1c-2nc(O)c2ccccc12,6.98,1,0.0,6.98,6.98,2005,2005,1,1,O=C(CCCN1CCOCC1)Nc1ccc2c(c1)Cc1c-2ncc2ccccc12,0.0
O=C(CCCSc1nc2ccccc2c(=O)[nH]1)N1CCC(c2nnc(-c3ccccc3)o2)CC1,5.12,1,0.0,5.12,5.12,2016,2016,1,1,O=C(CCCSc1nc2ccccc2c(=O)[nH]1)N1CCC(c2nnc(-c3ccccc3)o2)CC1,0.0
O=C(CCCSc1nc2ccccc2c(=O)[nH]1)N[C@H]1CC[C@H](c2nnc(-c3ccccc3)o2)CC1,6.42,1,0.0,6.42,6.42,2016,2016,1,1,O=C(CCCSc1nc2ccccc2c(=O)[nH]1)NC1CCC(c2nnc(-c3ccccc3)o2)CC1,0.0
O=C(CCCc1nc2ccccc2c(=O)[nH]1)N1CC=C(n2c(=O)[nH]c3ccccc32)CC1,5.69,1,0.0,5.69,5.69,2016,2016,1,1,O=C(CCCc1nc2ccccc2c(=O)[nH]1)N1CC=C(n2c(=O)[nH]c3ccccc32)CC1,0.0
O=C(CCCc1nc2ccccc2c(=O)[nH]1)N1CCC(N2C(=O)C(F)(F)c3ccccc32)CC1,5.34,1,0.0,5.34,5.34,2016,2016,1,1,O=C(CCCc1nc2ccccc2c(=O)[nH]1)N1CCC(N2C(=O)Cc3ccccc32)CC1,0.0
O=C(CCCc1nc2ccccc2c(=O)[nH]1)N1CCC(N2C(=O)Cc3ccccc32)CC1,5.19,1,0.0,5.19,5.19,2016,2016,1,1,O=C(CCCc1nc2ccccc2c(=O)[nH]1)N1CCC(N2C(=O)Cc3ccccc32)CC1,0.0
O=C(CCCc1nc2ccccc2c(=O)[nH]1)N1CCC(c2n[nH]c3ccccc23)CC1,5.7,1,0.0,5.7,5.7,2016,2016,1,1,O=C(CCCc1nc2ccccc2c(=O)[nH]1)N1CCC(c2n[nH]c3ccccc23)CC1,0.0
O=C(CCCc1nc2ccccc2c(=O)[nH]1)N1CCC(c2nnc(-c3ccc(Cl)cc3)o2)CC1,5.62,1,0.0,5.62,5.62,2016,2016,1,1,O=C(CCCc1nc2ccccc2c(=O)[nH]1)N1CCC(c2nnc(-c3ccccc3)o2)CC1,0.0
O=C(CCCc1nc2ccccc2c(=O)[nH]1)N1CCC(c2nnc(-c3ccc(F)c(Cl)c3)o2)CC1,5.64,1,0.0,5.64,5.64,2016,2016,1,1,O=C(CCCc1nc2ccccc2c(=O)[nH]1)N1CCC(c2nnc(-c3ccccc3)o2)CC1,0.0
O=C(CCCc1nc2ccccc2c(=O)[nH]1)N1CCC(c2nnc(-c3ccc(F)cc3)o2)CC1,5.27,1,0.0,5.27,5.27,2016,2016,1,1,O=C(CCCc1nc2ccccc2c(=O)[nH]1)N1CCC(c2nnc(-c3ccccc3)o2)CC1,0.0
O=C(CCCc1nc2ccccc2c(=O)[nH]1)N1CCC(c2nnc(-c3cccc(Cl)c3)o2)CC1,5.52,1,0.0,5.52,5.52,2016,2016,1,1,O=C(CCCc1nc2ccccc2c(=O)[nH]1)N1CCC(c2nnc(-c3ccccc3)o2)CC1,0.0
O=C(CCCc1nc2ccccc2c(=O)[nH]1)N1CCC(c2nnc(-c3cccc(F)c3)o2)CC1,5.42,1,0.0,5.42,5.42,2016,2016,1,1,O=C(CCCc1nc2ccccc2c(=O)[nH]1)N1CCC(c2nnc(-c3ccccc3)o2)CC1,0.0
O=C(CCCc1nc2ccccc2c(=O)[nH]1)N1CCC(c2nnc(-c3ccccc3)o2)CC1,5.13,1,0.0,5.13,5.13,2016,2016,1,1,O=C(CCCc1nc2ccccc2c(=O)[nH]1)N1CCC(c2nnc(-c3ccccc3)o2)CC1,0.0
O=C(CCCc1nc2ccccc2c(=O)[nH]1)N1CCC(c2nnc(-c3ccccc3)s2)CC1,5.54,1,0.0,5.54,5.54,2016,2016,1,1,O=C(CCCc1nc2ccccc2c(=O)[nH]1)N1CCC(c2nnc(-c3ccccc3)s2)CC1,0.0
O=C(CCCc1nc2ccccc2c(=O)[nH]1)N1CCC(c2nnc(-c3ccccc3Cl)o2)CC1,5.29,1,0.0,5.29,5.29,2016,2016,1,1,O=C(CCCc1nc2ccccc2c(=O)[nH]1)N1CCC(c2nnc(-c3ccccc3)o2)CC1,0.0
O=C(CCCc1nc2ccccc2c(=O)[nH]1)N1CCC(c2nnc(-c3ccccc3F)o2)CC1,5.35,1,0.0,5.35,5.35,2016,2016,1,1,O=C(CCCc1nc2ccccc2c(=O)[nH]1)N1CCC(c2nnc(-c3ccccc3)o2)CC1,0.0
O=C(CCCc1nc2ccccc2c(=O)[nH]1)N1CCC(c2nnc(-c3ccccn3)o2)CC1,5.2,1,0.0,5.2,5.2,2016,2016,1,1,O=C(CCCc1nc2ccccc2c(=O)[nH]1)N1CCC(c2nnc(-c3ccccn3)o2)CC1,0.0
O=C(CCCc1nc2ccccc2c(=O)[nH]1)N1CCC(c2nnc(-c3cccnc3)o2)CC1,5.15,1,0.0,5.15,5.15,2016,2016,1,1,O=C(CCCc1nc2ccccc2c(=O)[nH]1)N1CCC(c2nnc(-c3cccnc3)o2)CC1,0.0
O=C(CCCc1nc2ccccc2c(=O)[nH]1)N1CCC(c2nnc(-c3ccncc3)o2)CC1,5.31,1,0.0,5.31,5.31,2016,2016,1,1,O=C(CCCc1nc2ccccc2c(=O)[nH]1)N1CCC(c2nnc(-c3ccncc3)o2)CC1,0.0
O=C(CCCc1nc2ccccc2c(=O)[nH]1)N1CCC(c2nnc(-c3cnccn3)o2)CC1,5.07,1,0.0,5.07,5.07,2016,2016,1,1,O=C(CCCc1nc2ccccc2c(=O)[nH]1)N1CCC(c2nnc(-c3cnccn3)o2)CC1,0.0
O=C(CCCc1nc2ccccc2c(=O)[nH]1)N1CCC(c2nnc(COc3ccc(Cl)cc3)o2)CC1,5.42,1,0.0,5.42,5.42,2016,2016,1,1,O=C(CCCc1nc2ccccc2c(=O)[nH]1)N1CCC(c2nnc(COc3ccccc3)o2)CC1,0.0
O=C(CCCc1nc2ccccc2c(=O)[nH]1)N1CCC(c2noc3ccc(F)cc23)CC1,5.25,1,0.0,5.25,5.25,2016,2016,1,1,O=C(CCCc1nc2ccccc2c(=O)[nH]1)N1CCC(c2noc3ccccc23)CC1,0.0
O=C(CCCc1nc2ccccc2c(=O)[nH]1)N1CCC(n2c(=O)[nH]c3c(F)cccc32)CC1,5.89,1,0.0,5.89,5.89,2016,2016,1,1,O=C(CCCc1nc2ccccc2c(=O)[nH]1)N1CCC(n2c(=O)[nH]c3ccccc32)CC1,0.0
O=C(CCCc1nc2ccccc2c(=O)[nH]1)N1CCC(n2c(=O)[nH]c3cc(C(F)(F)F)ccc32)CC1,5.42,1,0.0,5.42,5.42,2016,2016,1,1,O=C(CCCc1nc2ccccc2c(=O)[nH]1)N1CCC(n2c(=O)[nH]c3ccccc32)CC1,0.0
O=C(CCCc1nc2ccccc2c(=O)[nH]1)N1CCC(n2c(=O)[nH]c3cc(Cl)ccc32)CC1,6.05,1,0.0,6.05,6.05,2016,2016,1,1,O=C(CCCc1nc2ccccc2c(=O)[nH]1)N1CCC(n2c(=O)[nH]c3ccccc32)CC1,0.0
O=C(CCCc1nc2ccccc2c(=O)[nH]1)N1CCC(n2c(=O)[nH]c3cc(F)ccc32)CC1,6.05,1,0.0,6.05,6.05,2016,2016,1,1,O=C(CCCc1nc2ccccc2c(=O)[nH]1)N1CCC(n2c(=O)[nH]c3ccccc32)CC1,0.0
O=C(CCCc1nc2ccccc2c(=O)[nH]1)N1CCC(n2c(=O)[nH]c3ccccc32)CC1,5.83,1,0.0,5.83,5.83,2016,2016,1,1,O=C(CCCc1nc2ccccc2c(=O)[nH]1)N1CCC(n2c(=O)[nH]c3ccccc32)CC1,0.0
O=C(CCCc1nc2ccccc2c(=O)[nH]1)N1CCC(n2c(=O)[nH]c3cccnc32)CC1,5.31,1,0.0,5.31,5.31,2016,2016,1,1,O=C(CCCc1nc2ccccc2c(=O)[nH]1)N1CCC(n2c(=O)[nH]c3cccnc32)CC1,0.0
O=C(CCCc1nc2ccccc2c(=O)[nH]1)N1CCC(n2c(=O)[nH]c3ncccc32)CC1,5.61,1,0.0,5.61,5.61,2016,2016,1,1,O=C(CCCc1nc2ccccc2c(=O)[nH]1)N1CCC(n2c(=O)[nH]c3ncccc32)CC1,0.0
O=C(CCCc1nc2ccccc2c(=O)[nH]1)N1CCC(n2c(=O)oc3cc(F)ccc32)CC1,5.59,1,0.0,5.59,5.59,2016,2016,1,1,O=C(CCCc1nc2ccccc2c(=O)[nH]1)N1CCC(n2c(=O)oc3ccccc32)CC1,0.0
O=C(CCCc1nc2ccccc2c(=O)[nH]1)N1CCC(n2c(=O)oc3ccccc32)CC1,5.12,1,0.0,5.12,5.12,2016,2016,1,1,O=C(CCCc1nc2ccccc2c(=O)[nH]1)N1CCC(n2c(=O)oc3ccccc32)CC1,0.0
O=C(CCCc1nc2ccccc2c(=O)[nH]1)N1CCC(n2c(=O)sc3ccccc32)CC1,4.97,1,0.0,4.97,4.97,2016,2016,1,1,O=C(CCCc1nc2ccccc2c(=O)[nH]1)N1CCC(n2c(=O)sc3ccccc32)CC1,0.0
O=C(CCCc1nc2ccccc2c(=O)[nH]1)N1CCC(n2nnc3ccccc32)CC1,5.65,1,0.0,5.65,5.65,2016,2016,1,1,O=C(CCCc1nc2ccccc2c(=O)[nH]1)N1CCC(n2nnc3ccccc32)CC1,0.0
O=C(CCCc1nc2ccccc2c(=O)[nH]1)N1CCN(c2n[nH]c3ccccc23)CC1,5.75,1,0.0,5.75,5.75,2016,2016,1,1,O=C(CCCc1nc2ccccc2c(=O)[nH]1)N1CCN(c2n[nH]c3ccccc23)CC1,0.0
O=C(CCCc1nc2ccccc2c(=O)[nH]1)N1CCN(c2noc3ccccc23)CC1,6.0,1,0.0,6.0,6.0,2016,2016,1,1,O=C(CCCc1nc2ccccc2c(=O)[nH]1)N1CCN(c2noc3ccccc23)CC1,0.0
O=C(CCCc1nc2ccccc2c(=O)[nH]1)N1CCN(c2nsc3ccccc23)CC1,5.75,1,0.0,5.75,5.75,2016,2016,1,1,O=C(CCCc1nc2ccccc2c(=O)[nH]1)N1CCN(c2nsc3ccccc23)CC1,0.0
O=C(CCCc1nc2ccccc2c(=O)[nH]1)N[C@H]1CC[C@H](OCc2ccccc2)C1,5.12,1,0.0,5.12,5.12,2016,2016,1,1,O=C(CCCc1nc2ccccc2c(=O)[nH]1)NC1CCC(OCc2ccccc2)C1,0.0
O=C(CCCc1nc2ccccc2c(=O)[nH]1)N[C@H]1CC[C@H](Oc2ccc(Cl)cc2)CC1,5.59,1,0.0,5.59,5.59,2016,2016,1,1,O=C(CCCc1nc2ccccc2c(=O)[nH]1)NC1CCC(Oc2ccccc2)CC1,0.0
O=C(CCCc1nc2ccccc2c(=O)[nH]1)N[C@H]1CC[C@H](Oc2ccc(F)cc2)CC1,5.77,1,0.0,5.77,5.77,2016,2016,1,1,O=C(CCCc1nc2ccccc2c(=O)[nH]1)NC1CCC(Oc2ccccc2)CC1,0.0
O=C(CCCc1nc2ccccc2c(=O)[nH]1)N[C@H]1CC[C@H](Oc2cccc(Cl)c2)CC1,5.86,1,0.0,5.86,5.86,2016,2016,1,1,O=C(CCCc1nc2ccccc2c(=O)[nH]1)NC1CCC(Oc2ccccc2)CC1,0.0
O=C(CCCc1nc2ccccc2c(=O)[nH]1)N[C@H]1CC[C@H](Oc2ccccc2)C1,5.89,1,0.0,5.89,5.89,2016,2016,1,1,O=C(CCCc1nc2ccccc2c(=O)[nH]1)NC1CCC(Oc2ccccc2)C1,0.0
O=C(CCCc1nc2ccccc2c(=O)[nH]1)N[C@H]1CC[C@H](Oc2ccccn2)CC1,5.24,1,0.0,5.24,5.24,2016,2016,1,1,O=C(CCCc1nc2ccccc2c(=O)[nH]1)NC1CCC(Oc2ccccn2)CC1,0.0
O=C(CCCc1nc2ccccc2c(=O)[nH]1)N[C@H]1CC[C@H](Oc2cccnc2)CC1,5.72,1,0.0,5.72,5.72,2016,2016,1,1,O=C(CCCc1nc2ccccc2c(=O)[nH]1)NC1CCC(Oc2cccnc2)CC1,0.0
O=C(CCCc1nc2ccccc2c(=O)[nH]1)N[C@H]1CC[C@H](Oc2ccncc2)CC1,6.14,1,0.0,6.14,6.14,2016,2016,1,1,O=C(CCCc1nc2ccccc2c(=O)[nH]1)NC1CCC(Oc2ccncc2)CC1,0.0
O=C(CCCc1nc2ccccc2c(=O)[nH]1)N[C@H]1CC[C@H](c2ncc(-c3ccccc3)o2)CC1,5.71,1,0.0,5.71,5.71,2016,2016,1,1,O=C(CCCc1nc2ccccc2c(=O)[nH]1)NC1CCC(c2ncc(-c3ccccc3)o2)CC1,0.0
O=C(CCCc1nc2ccccc2c(=O)[nH]1)N[C@H]1CC[C@H](c2nnc(-c3ccc(Cl)cc3)o2)CC1,5.78,1,0.0,5.78,5.78,2016,2016,1,1,O=C(CCCc1nc2ccccc2c(=O)[nH]1)NC1CCC(c2nnc(-c3ccccc3)o2)CC1,0.0
O=C(CCCc1nc2ccccc2c(=O)[nH]1)N[C@H]1CC[C@H](c2nnc(-c3cccc(Cl)c3)o2)CC1,5.94,1,0.0,5.94,5.94,2016,2016,1,1,O=C(CCCc1nc2ccccc2c(=O)[nH]1)NC1CCC(c2nnc(-c3ccccc3)o2)CC1,0.0
O=C(CCCc1nc2ccccc2c(=O)[nH]1)N[C@H]1CC[C@H](c2nnc(-c3cccc(F)c3)o2)CC1,5.98,1,0.0,5.98,5.98,2016,2016,1,1,O=C(CCCc1nc2ccccc2c(=O)[nH]1)NC1CCC(c2nnc(-c3ccccc3)o2)CC1,0.0
O=C(CCCc1nc2ccccc2c(=O)[nH]1)N[C@H]1CC[C@H](c2nnc(-c3ccncc3)o2)CC1,5.55,1,0.0,5.55,5.55,2016,2016,1,1,O=C(CCCc1nc2ccccc2c(=O)[nH]1)NC1CCC(c2nnc(-c3ccncc3)o2)CC1,0.0
O=C(CCN1CCC(N2CCCC2)CC1)N1CCc2c(nc(O)c3ccccc23)C1,6.61,1,0.0,6.61,6.61,2003,2003,1,1,O=C(CCN1CCC(N2CCCC2)CC1)N1CCc2c(ncc3ccccc23)C1,0.0
O=C(CCN1CCC(N2CCCC2)CC1)N1CCc2nc(O)c3cc(F)ccc3c2C1,7.5,1,0.0,7.5,7.5,2003,2003,1,1,O=C(CCN1CCC(N2CCCC2)CC1)N1CCc2ncc3ccccc3c2C1,0.0
O=C(CCN1CCC(N2CCCC2)CC1)N1CCc2nc(O)c3ccccc3c2C1,7.0,1,0.0,7.0,7.0,2003,2003,1,1,O=C(CCN1CCC(N2CCCC2)CC1)N1CCc2ncc3ccccc3c2C1,0.0
O=C(CCN1CCCCC1)N1CCc2[nH]c(=O)c3cc(F)ccc3c2C1,7.6,1,0.0,7.6,7.6,2003,2003,1,1,O=C(CCN1CCCCC1)N1CCc2[nH]c(=O)c3ccccc3c2C1,0.0
O=C(CCN1CCCCC1)N1CCc2c(nc(O)c3ccccc23)C1,6.62,1,0.0,6.62,6.62,2003,2003,1,1,O=C(CCN1CCCCC1)N1CCc2c(ncc3ccccc23)C1,0.0
O=C(CCN1CCCCC1)N1CCc2nc(O)c3ccccc3c2C1,7.38,1,0.0,7.38,7.38,2003,2003,1,1,O=C(CCN1CCCCC1)N1CCc2ncc3ccccc3c2C1,0.0
O=C(CCN1CCc2cccc3c2C1CNC3=O)NCC(=O)N1CC=C(c2ccc(F)cc2)CC1,5.96,1,0.0,5.96,5.96,2013,2013,1,1,O=C(CCN1CCc2cccc3c2C1CNC3=O)NCC(=O)N1CC=C(c2ccccc2)CC1,0.0
O=C(CCN1CCc2cccc3c2C1CNC3=O)NCC(=O)N1CCN(c2ccccc2F)CC1,5.05,1,0.0,5.05,5.05,2013,2013,1,1,O=C(CCN1CCc2cccc3c2C1CNC3=O)NCC(=O)N1CCN(c2ccccc2)CC1,0.0
O=C(CCN1CCc2cccc3c2C1CNC3=O)NCC(=O)N1CCN(c2ccccn2)CC1,5.07,1,0.0,5.07,5.07,2013,2013,1,1,O=C(CCN1CCc2cccc3c2C1CNC3=O)NCC(=O)N1CCN(c2ccccn2)CC1,0.0
O=C(CCSCc1nc2ccccc2c(=O)[nH]1)N1CCC(c2nnc(-c3ccc(F)cc3)o2)CC1,5.08,1,0.0,5.08,5.08,2016,2016,1,1,O=C(CCSCc1nc2ccccc2c(=O)[nH]1)N1CCC(c2nnc(-c3ccccc3)o2)CC1,0.0
O=C(CCSCc1nc2ccccc2c(=O)[nH]1)N[C@H]1CC[C@H](c2nnc(-c3ccccc3)o2)CC1,5.64,1,0.0,5.64,5.64,2016,2016,1,1,O=C(CCSCc1nc2ccccc2c(=O)[nH]1)NC1CCC(c2nnc(-c3ccccc3)o2)CC1,0.0
O=C(CCSc1nc2c(c(=O)[nH]1)CCCC2)N[C@H]1CC[C@H](c2nnc(-c3ccccc3)o2)CC1,5.41,1,0.0,5.41,5.41,2016,2016,1,1,O=C(CCSc1nc2c(c(=O)[nH]1)CCCC2)NC1CCC(c2nnc(-c3ccccc3)o2)CC1,0.0
O=C(CCSc1nc2ccc(F)cc2c(=O)[nH]1)N[C@H]1CC[C@H](c2nnc(-c3ccccc3)o2)CC1,5.45,1,0.0,5.45,5.45,2016,2016,1,1,O=C(CCSc1nc2ccccc2c(=O)[nH]1)NC1CCC(c2nnc(-c3ccccc3)o2)CC1,0.0
O=C(CCSc1nc2ccccc2c(=O)[nH]1)N1CCC(c2nnc(-c3ccccc3)o2)CC1,5.82,1,0.0,5.82,5.82,2016,2016,1,1,O=C(CCSc1nc2ccccc2c(=O)[nH]1)N1CCC(c2nnc(-c3ccccc3)o2)CC1,0.0
O=C(CCSc1nc2ccccc2c(=O)[nH]1)N1CCC(n2c(=O)[nH]c3cc(Cl)ccc32)CC1,5.83,1,0.0,5.83,5.83,2016,2016,1,1,O=C(CCSc1nc2ccccc2c(=O)[nH]1)N1CCC(n2c(=O)[nH]c3ccccc32)CC1,0.0
O=C(CCSc1nc2ccccc2c(=O)[nH]1)N1CCN(c2n[nH]c3ccccc23)CC1,5.91,1,0.0,5.91,5.91,2016,2016,1,1,O=C(CCSc1nc2ccccc2c(=O)[nH]1)N1CCN(c2n[nH]c3ccccc23)CC1,0.0
O=C(CCSc1nc2ccccc2c(=O)[nH]1)N[C@H]1CC[C@H](Oc2ccncc2)CC1,5.56,1,0.0,5.56,5.56,2016,2016,1,1,O=C(CCSc1nc2ccccc2c(=O)[nH]1)NC1CCC(Oc2ccncc2)CC1,0.0
O=C(CCSc1nc2ccccc2c(=O)[nH]1)N[C@H]1CC[C@H](c2nnc(-c3ccncc3)o2)CC1,4.99,1,0.0,4.99,4.99,2016,2016,1,1,O=C(CCSc1nc2ccccc2c(=O)[nH]1)NC1CCC(c2nnc(-c3ccncc3)o2)CC1,0.0
O=C(CCc1ccccc1)N(Cc1ccsc1)Cc1nc2c(c(=O)[nH]1)COCC2,4.15,1,0.0,4.15,4.15,2013,2013,1,1,O=C(CCc1ccccc1)N(Cc1ccsc1)Cc1nc2c(c(=O)[nH]1)COCC2,0.0
O=C(CCc1ccccc1)N(Cc1nc2ccccc2c(=O)[nH]1)Cc1cccs1,4.74,1,0.0,4.74,4.74,2013,2013,1,1,O=C(CCc1ccccc1)N(Cc1nc2ccccc2c(=O)[nH]1)Cc1cccs1,0.0
O=C(CCc1nc(O)c2ccccc2n1)N1CCN(c2ccc(F)cc2)CC1,7.17,1,0.0,7.17,7.17,2021,2021,1,1,O=C(CCc1ncc2ccccc2n1)N1CCN(c2ccccc2)CC1,0.0
O=C(CCc1nc(O)c2ccccc2n1)N1CCN(c2ccccc2Cl)CC1,6.75,1,0.0,6.75,6.75,2021,2021,1,1,O=C(CCc1ncc2ccccc2n1)N1CCN(c2ccccc2)CC1,0.0
O=C(CCc1nc2c(Cl)cccc2c(=O)[nH]1)N1CC=C(c2ccc(F)cc2)CC1,6.59,1,0.0,6.59,6.59,2021,2021,1,1,O=C(CCc1nc2ccccc2c(=O)[nH]1)N1CC=C(c2ccccc2)CC1,0.0
O=C(CCc1nc2c(c(=O)[nH]1)CCCN2)N[C@H]1CC[C@H](c2nnc(-c3ccccc3)o2)CC1,5.46,1,0.0,5.46,5.46,2016,2016,1,1,O=C(CCc1nc2c(c(=O)[nH]1)CCCN2)NC1CCC(c2nnc(-c3ccccc3)o2)CC1,0.0
O=C(CCc1nc2ccc(F)cc2c(=O)[nH]1)N[C@H]1CC[C@H](c2nnc(-c3ccccc3)o2)CC1,6.03,1,0.0,6.03,6.03,2016,2016,1,1,O=C(CCc1nc2ccccc2c(=O)[nH]1)NC1CCC(c2nnc(-c3ccccc3)o2)CC1,0.0
O=C(CCc1nc2ccccc2c(=O)[nH]1)N1CC=C(c2ccc(F)cc2)CC1,7.08,1,0.0,7.08,7.08,2021,2021,1,1,O=C(CCc1nc2ccccc2c(=O)[nH]1)N1CC=C(c2ccccc2)CC1,0.0
O=C(CCc1nc2ccccc2c(=O)[nH]1)N1CCC(c2ccccc2)CC1,6.49,1,0.0,6.49,6.49,2021,2021,1,1,O=C(CCc1nc2ccccc2c(=O)[nH]1)N1CCC(c2ccccc2)CC1,0.0
O=C(CCc1nc2ccccc2c(=O)[nH]1)N1CCC(c2nnc(-c3ccccc3)o2)CC1,5.46,1,0.0,5.46,5.46,2016,2016,1,1,O=C(CCc1nc2ccccc2c(=O)[nH]1)N1CCC(c2nnc(-c3ccccc3)o2)CC1,0.0
O=C(CCc1nc2ccccc2c(=O)[nH]1)N1CCN(c2ccc(C3=NCCN3)cn2)CC1,7.44,1,0.0,7.44,7.44,2021,2021,1,1,O=C(CCc1nc2ccccc2c(=O)[nH]1)N1CCN(c2ccc(C3=NCCN3)cn2)CC1,0.0
O=C(CCc1nc2ccccc2c(=O)[nH]1)N1CCN(c2ccccc2)CC1,6.8,1,0.0,6.8,6.8,2021,2021,1,1,O=C(CCc1nc2ccccc2c(=O)[nH]1)N1CCN(c2ccccc2)CC1,0.0
O=C(CCc1nc2ccccc2c(=O)[nH]1)N1CCN(c2ccccn2)CC1,7.27,1,0.0,7.27,7.27,2021,2021,1,1,O=C(CCc1nc2ccccc2c(=O)[nH]1)N1CCN(c2ccccn2)CC1,0.0
O=C(CCc1nc2ccccc2c(=O)[nH]1)N[C@@H]1CCc2ccccc21,6.11,1,0.0,6.11,6.11,2013,2013,1,1,O=C(CCc1nc2ccccc2c(=O)[nH]1)NC1CCc2ccccc21,0.0
O=C(CCc1nc2ccccc2c(=O)[nH]1)N[C@H](CO)Cc1ccccc1,5.19,1,0.0,5.19,5.19,2013,2013,1,1,O=C(CCc1nc2ccccc2c(=O)[nH]1)NCCc1ccccc1,0.0
O=C(CCc1nc2ccccc2c(=O)[nH]1)N[C@H]1CC[C@H](c2nnc(-c3ccc(F)cc3)o2)CC1,5.71,1,0.0,5.71,5.71,2016,2016,1,1,O=C(CCc1nc2ccccc2c(=O)[nH]1)NC1CCC(c2nnc(-c3ccccc3)o2)CC1,0.0
O=C(CCc1nc2ccccc2c(=O)[nH]1)N[C@H]1CC[C@H](c2nnc(-c3cccc(Cl)c3)o2)CC1,6.0,1,0.0,6.0,6.0,2016,2016,1,1,O=C(CCc1nc2ccccc2c(=O)[nH]1)NC1CCC(c2nnc(-c3ccccc3)o2)CC1,0.0
O=C(CCc1nc2ccccc2c(=O)[nH]1)N[C@H]1CC[C@H](c2nnc(-c3cccc(F)c3)o2)CC1,5.96,1,0.0,5.96,5.96,2016,2016,1,1,O=C(CCc1nc2ccccc2c(=O)[nH]1)NC1CCC(c2nnc(-c3ccccc3)o2)CC1,0.0
O=C(CCc1nc2ccccc2c(=O)[nH]1)N[C@H]1CC[C@H](c2nnc(-c3ccccc3)o2)CC1,5.57,1,0.0,5.57,5.57,2016,2016,1,1,O=C(CCc1nc2ccccc2c(=O)[nH]1)NC1CCC(c2nnc(-c3ccccc3)o2)CC1,0.0
O=C(CCc1nc2ccccc2c(=O)[nH]1)N[C@H]1CC[C@H](c2nnc(-c3ccccc3Cl)o2)CC1,5.41,1,0.0,5.41,5.41,2016,2016,1,1,O=C(CCc1nc2ccccc2c(=O)[nH]1)NC1CCC(c2nnc(-c3ccccc3)o2)CC1,0.0
O=C(CCc1nc2ccccc2c(=O)[nH]1)N[C@H]1CC[C@H](c2nnc(-c3ccccc3F)o2)CC1,5.29,1,0.0,5.29,5.29,2016,2016,1,1,O=C(CCc1nc2ccccc2c(=O)[nH]1)NC1CCC(c2nnc(-c3ccccc3)o2)CC1,0.0
O=C(CCc1nc2ccccc2c(=O)[nH]1)N[C@H]1CC[C@H](c2nnc(-c3ccccn3)o2)CC1,5.25,1,0.0,5.25,5.25,2016,2016,1,1,O=C(CCc1nc2ccccc2c(=O)[nH]1)NC1CCC(c2nnc(-c3ccccn3)o2)CC1,0.0
O=C(CCc1nc2ccccc2c(=O)[nH]1)N[C@H]1CC[C@H](c2nnc(-c3cccnc3)o2)CC1,4.97,1,0.0,4.97,4.97,2016,2016,1,1,O=C(CCc1nc2ccccc2c(=O)[nH]1)NC1CCC(c2nnc(-c3cccnc3)o2)CC1,0.0
O=C(CCc1nc2ccccc2c(=O)[nH]1)N[C@H]1CC[C@H](c2nnc(-c3ccncc3)o2)CC1,5.61,1,0.0,5.61,5.61,2016,2016,1,1,O=C(CCc1nc2ccccc2c(=O)[nH]1)NC1CCC(c2nnc(-c3ccncc3)o2)CC1,0.0
O=C(CCc1nc2ccccc2c(=O)[nH]1)N[C@H]1CC[C@H](c2nnc(-c3cnccn3)o2)CC1,5.26,1,0.0,5.26,5.26,2016,2016,1,1,O=C(CCc1nc2ccccc2c(=O)[nH]1)NC1CCC(c2nnc(-c3cnccn3)o2)CC1,0.0
O=C(CCc1nc2ccccc2c(=O)[nH]1)N[C@H]1CC[C@H](c2nnc(-c3ncccn3)o2)CC1,5.33,1,0.0,5.33,5.33,2016,2016,1,1,O=C(CCc1nc2ccccc2c(=O)[nH]1)NC1CCC(c2nnc(-c3ncccn3)o2)CC1,0.0
O=C(CCc1nc2ccccc2c(=O)[nH]1)N[C@H]1CC[C@H](c2nnc(C3CCCCC3)o2)CC1,5.26,1,0.0,5.26,5.26,2016,2016,1,1,O=C(CCc1nc2ccccc2c(=O)[nH]1)NC1CCC(c2nnc(C3CCCCC3)o2)CC1,0.0
O=C(CCc1nc2ccccc2c(=O)[nH]1)N[C@H]1CC[C@H](c2nnc(Cc3ccccc3)o2)CC1,5.08,1,0.0,5.08,5.08,2016,2016,1,1,O=C(CCc1nc2ccccc2c(=O)[nH]1)NC1CCC(c2nnc(Cc3ccccc3)o2)CC1,0.0
O=C(CCc1nc2ccccc2c(=O)[nH]1)N[C@H]1CC[C@H](n2c(=O)oc3ccccc32)CC1,5.65,1,0.0,5.65,5.65,2016,2016,1,1,O=C(CCc1nc2ccccc2c(=O)[nH]1)NC1CCC(n2c(=O)oc3ccccc32)CC1,0.0
O=C(CCc1nc2ccccc2c(=O)[nH]1)N[C@H]1CCc2ccccc21,6.29,1,0.0,6.29,6.29,2013,2013,1,1,O=C(CCc1nc2ccccc2c(=O)[nH]1)NC1CCc2ccccc21,0.0
O=C(CCn1c2c(c(=O)[nH]c1=O)CC=CCC2)NCC(=O)N1CCN(c2ncccn2)CC1,6.05,1,0.0,6.05,6.05,2002,2002,1,1,O=C(CCn1c2c(c(=O)[nH]c1=O)CC=CCC2)NCC(=O)N1CCN(c2ncccn2)CC1,0.0
O=C(CCn1c2c(c(=O)[nH]c1=O)CCCC2)NCC(=O)N1CCN(c2ccccc2)CC1,6.7,1,0.0,6.7,6.7,2002,2002,1,1,O=C(CCn1c2c(c(=O)[nH]c1=O)CCCC2)NCC(=O)N1CCN(c2ccccc2)CC1,0.0
O=C(CCn1c2c(c(=O)[nH]c1=O)CCCC2)NCC(=O)N1CCN(c2ncccn2)CC1,7.05,1,0.0,7.05,7.05,2002,2002,1,1,O=C(CCn1c2c(c(=O)[nH]c1=O)CCCC2)NCC(=O)N1CCN(c2ncccn2)CC1,0.0
O=C(CCn1c2c(c(=O)[nH]c1=O)CCCC2)NCC(=O)c1ccc(Br)cc1,7.1,1,0.0,7.1,7.1,2002,2002,1,1,O=C(CCn1c2c(c(=O)[nH]c1=O)CCCC2)NCC(=O)c1ccccc1,0.0
O=C(CCn1c2c(c(=O)[nH]c1=O)CCCC2)NCC(=O)c1ccc2ccccc2c1,7.6,1,0.0,7.6,7.6,2002,2002,1,1,O=C(CCn1c2c(c(=O)[nH]c1=O)CCCC2)NCC(=O)c1ccc2ccccc2c1,0.0
O=C(CCn1c2c(c(=O)[nH]c1=O)CCCC2)NCC(=O)c1ccccc1,6.35,1,0.0,6.35,6.35,2002,2002,1,1,O=C(CCn1c2c(c(=O)[nH]c1=O)CCCC2)NCC(=O)c1ccccc1,0.0
O=C(CCn1c2c(c(=O)[nH]c1=O)CCCCC2)NCC(=O)N1CCN(c2ncccn2)CC1,6.05,1,0.0,6.05,6.05,2002,2002,1,1,O=C(CCn1c2c(c(=O)[nH]c1=O)CCCCC2)NCC(=O)N1CCN(c2ncccn2)CC1,0.0
O=C(CCn1c2c(c(=O)[nH]c1=O)COCC2)NCC(=O)N1CCN(c2ncccn2)CC1,6.1,1,0.0,6.1,6.1,2002,2002,1,1,O=C(CCn1c2c(c(=O)[nH]c1=O)COCC2)NCC(=O)N1CCN(c2ncccn2)CC1,0.0
O=C(CCn1c2c(c(=O)[nH]c1=O)CSCC2)NCC(=O)N1CCN(c2cc(C(F)(F)F)ccn2)CC1,7.7,1,0.0,7.7,7.7,2002,2002,1,1,O=C(CCn1c2c(c(=O)[nH]c1=O)CSCC2)NCC(=O)N1CCN(c2ccccn2)CC1,0.0
O=C(CCn1c2c(c(=O)[nH]c1=O)CSCC2)NCC(=O)N1CCN(c2ccccn2)CC1,7.46,1,0.0,7.46,7.46,2002,2002,1,1,O=C(CCn1c2c(c(=O)[nH]c1=O)CSCC2)NCC(=O)N1CCN(c2ccccn2)CC1,0.0
O=C(CCn1c2c(c(=O)[nH]c1=O)CSCC2)NCC(=O)N1CCN(c2cccnn2)CC1,7.7,1,0.0,7.7,7.7,2002,2002,1,1,O=C(CCn1c2c(c(=O)[nH]c1=O)CSCC2)NCC(=O)N1CCN(c2cccnn2)CC1,0.0
O=C(CCn1c2c(c(=O)[nH]c1=O)CSCC2)NCC(=O)N1CCN(c2ccncc2)CC1,7.4,1,0.0,7.4,7.4,2002,2002,1,1,O=C(CCn1c2c(c(=O)[nH]c1=O)CSCC2)NCC(=O)N1CCN(c2ccncc2)CC1,0.0
O=C(CCn1c2c(c(=O)[nH]c1=O)CSCC2)NCC(=O)N1CCN(c2ncccc2C(F)(F)F)CC1,7.4,1,0.0,7.4,7.4,2002,2002,1,1,O=C(CCn1c2c(c(=O)[nH]c1=O)CSCC2)NCC(=O)N1CCN(c2ccccn2)CC1,0.0
O=C(CCn1c2c(c(=O)[nH]c1=O)CSCC2)NCC(=O)N1CCN(c2ncccn2)CC1,7.7,1,0.0,7.7,7.7,2002,2002,1,1,O=C(CCn1c2c(c(=O)[nH]c1=O)CSCC2)NCC(=O)N1CCN(c2ncccn2)CC1,0.0
O=C(CCn1c2c(c(=O)[nH]c1=O)CSCC2)NCC(=O)N1CCN(c2ncncn2)CC1,7.3,1,0.0,7.3,7.3,2002,2002,1,1,O=C(CCn1c2c(c(=O)[nH]c1=O)CSCC2)NCC(=O)N1CCN(c2ncncn2)CC1,0.0
O=C(CCn1c2c(c(=O)[nH]c1=O)CSCC2)NCC(=O)c1ccc(-c2ccccc2)cc1,7.7,1,0.0,7.7,7.7,2002,2002,1,1,O=C(CCn1c2c(c(=O)[nH]c1=O)CSCC2)NCC(=O)c1ccc(-c2ccccc2)cc1,0.0
O=C(CCn1c2c(c(=O)[nH]c1=O)CSCC2)NCC(=O)c1ccc(-c2cccnc2)cc1,7.92,1,0.0,7.92,7.92,2002,2002,1,1,O=C(CCn1c2c(c(=O)[nH]c1=O)CSCC2)NCC(=O)c1ccc(-c2cccnc2)cc1,0.0
O=C(CCn1c2c(c(=O)[nH]c1=O)CSCC2)NCC(=O)c1ccc(-c2cccnn2)cc1,7.6,1,0.0,7.6,7.6,2002,2002,1,1,O=C(CCn1c2c(c(=O)[nH]c1=O)CSCC2)NCC(=O)c1ccc(-c2cccnn2)cc1,0.0
O=C(CCn1c2c(c(=O)[nH]c1=O)CSCC2)NCC(=O)c1ccc(-c2ccncc2)cc1,7.82,1,0.0,7.82,7.82,2002,2002,1,1,O=C(CCn1c2c(c(=O)[nH]c1=O)CSCC2)NCC(=O)c1ccc(-c2ccncc2)cc1,0.0
O=C(CCn1c2c(c(=O)[nH]c1=O)CSCC2)NCC(=O)c1ccc(-c2ccnnc2)cc1,7.6,1,0.0,7.6,7.6,2009,2009,1,1,O=C(CCn1c2c(c(=O)[nH]c1=O)CSCC2)NCC(=O)c1ccc(-c2ccnnc2)cc1,0.0
O=C(CCn1c2c(c(=O)[nH]c1=O)CSCC2)NCC(=O)c1ccc(-c2cncnc2)cc1,7.6,1,0.0,7.6,7.6,2002,2002,1,1,O=C(CCn1c2c(c(=O)[nH]c1=O)CSCC2)NCC(=O)c1ccc(-c2cncnc2)cc1,0.0
O=C(CCn1c2c(c(=O)[nH]c1=O)CSCC2)NCC(=O)c1ccc(Br)cc1,7.82,1,0.0,7.82,7.82,2002,2002,1,1,O=C(CCn1c2c(c(=O)[nH]c1=O)CSCC2)NCC(=O)c1ccccc1,0.0
O=C(CCn1c2c(c(=O)[nH]c1=O)CSCC2)NCC(=O)c1ccc(Cl)cc1,7.22,1,0.0,7.22,7.22,2002,2002,1,1,O=C(CCn1c2c(c(=O)[nH]c1=O)CSCC2)NCC(=O)c1ccccc1,0.0
O=C(CCn1c2c(c(=O)[nH]c1=O)CSCC2)NCC(=O)c1ccc(N2CCCC2)cc1,7.92,1,0.0,7.92,7.92,2002,2002,1,1,O=C(CCn1c2c(c(=O)[nH]c1=O)CSCC2)NCC(=O)c1ccc(N2CCCC2)cc1,0.0
O=C(CCn1c2c(c(=O)[nH]c1=O)CSCC2)NCC(=O)c1ccc(OC(=O)c2ccccc2)cc1,7.52,1,0.0,7.52,7.52,2002,2002,1,1,O=C(CCn1c2c(c(=O)[nH]c1=O)CSCC2)NCC(=O)c1ccc(OC(=O)c2ccccc2)cc1,0.0
O=C(CCn1c2c(c(=O)[nH]c1=O)CSCC2)NCC(=O)c1ccc(OC(F)F)cc1,7.52,1,0.0,7.52,7.52,2002,2002,1,1,O=C(CCn1c2c(c(=O)[nH]c1=O)CSCC2)NCC(=O)c1ccccc1,0.0
O=C(CCn1c2c(c(=O)[nH]c1=O)CSCC2)NCC(=O)c1ccc(Oc2ccccc2)cc1,7.52,1,0.0,7.52,7.52,2002,2002,1,1,O=C(CCn1c2c(c(=O)[nH]c1=O)CSCC2)NCC(=O)c1ccc(Oc2ccccc2)cc1,0.0
O=C(CCn1c2c(c(=O)[nH]c1=O)CSCC2)NCC(=O)c1ccc2ccccc2c1,8.07,1,0.0,8.07,8.07,2002,2002,1,1,O=C(CCn1c2c(c(=O)[nH]c1=O)CSCC2)NCC(=O)c1ccc2ccccc2c1,0.0
O=C(CCn1c2c(c(=O)[nH]c1=O)CSCC2)NCC(=O)c1cccc(-c2ccccc2)c1,7.16,1,0.0,7.16,7.16,2002,2002,1,1,O=C(CCn1c2c(c(=O)[nH]c1=O)CSCC2)NCC(=O)c1cccc(-c2ccccc2)c1,0.0
O=C(CCn1c2c(c(=O)[nH]c1=O)CSCC2)NCC(=O)c1cccc(Br)c1,7.16,1,0.0,7.16,7.16,2002,2002,1,1,O=C(CCn1c2c(c(=O)[nH]c1=O)CSCC2)NCC(=O)c1ccccc1,0.0
O=C(CN1CCC(C(=O)c2ccc(Cl)cc2)CC1)NCc1nc2c(c(=O)[nH]1)COCC2,5.04,1,0.0,5.04,5.04,2015,2015,1,1,O=C(CN1CCC(C(=O)c2ccccc2)CC1)NCc1nc2c(c(=O)[nH]1)COCC2,0.0
O=C(CN1CCC(C(=O)c2ccc(F)cc2)CC1)NCc1nc2c(c(=O)[nH]1)CCCC2,5.57,1,0.0,5.57,5.57,2015,2015,1,1,O=C(CN1CCC(C(=O)c2ccccc2)CC1)NCc1nc2c(c(=O)[nH]1)CCCC2,0.0
O=C(CN1CCC(C(=O)c2ccc(F)cc2)CC1)NCc1nc2c(c(=O)[nH]1)COCC2,4.98,1,0.0,4.98,4.98,2013,2013,1,1,O=C(CN1CCC(C(=O)c2ccccc2)CC1)NCc1nc2c(c(=O)[nH]1)COCC2,0.0
O=C(CN1CCC(C(=O)c2ccc(OC3CCOCC3)cc2)CC1)NCc1nc2c(c(=O)[nH]1)COCC2,5.24,1,0.0,5.24,5.24,2015,2015,1,1,O=C(CN1CCC(C(=O)c2ccc(OC3CCOCC3)cc2)CC1)NCc1nc2c(c(=O)[nH]1)COCC2,0.0
O=C(CN1CCC(C(=O)c2ccc(OCC3CC3)cc2)CC1)NCc1nc2c(c(=O)[nH]1)COCC2,5.35,1,0.0,5.35,5.35,2015,2015,1,1,O=C(CN1CCC(C(=O)c2ccc(OCC3CC3)cc2)CC1)NCc1nc2c(c(=O)[nH]1)COCC2,0.0
O=C(CN1CCC(C(=O)c2ccc(OCC3CCC3)cc2)CC1)NCc1nc2c(c(=O)[nH]1)COCC2,5.69,1,0.0,5.69,5.69,2015,2015,1,1,O=C(CN1CCC(C(=O)c2ccc(OCC3CCC3)cc2)CC1)NCc1nc2c(c(=O)[nH]1)COCC2,0.0
O=C(CN1CCC(C(=O)c2ccc(OCCC3CC3)cc2)CC1)NCc1nc2c(c(=O)[nH]1)COCC2,5.76,1,0.0,5.76,5.76,2015,2015,1,1,O=C(CN1CCC(C(=O)c2ccc(OCCC3CC3)cc2)CC1)NCc1nc2c(c(=O)[nH]1)COCC2,0.0
O=C(CN1CCC(C(=O)c2ccc3c(c2)CCO3)CC1)NCc1nc2c(c(=O)[nH]1)COCC2,4.78,1,0.0,4.78,4.78,2015,2015,1,1,O=C(CN1CCC(C(=O)c2ccc3c(c2)CCO3)CC1)NCc1nc2c(c(=O)[nH]1)COCC2,0.0
O=C(CN1CCC(N2CCCC2)CC1)N1CCc2nc(O)c3ccccc3c2C1,6.73,1,0.0,6.73,6.73,2003,2003,1,1,O=C(CN1CCC(N2CCCC2)CC1)N1CCc2ncc3ccccc3c2C1,0.0
O=C(CN1CCC(N2CCCC2)CC1)Nc1ccc2nc(O)c3ccccc3c2n1,6.85,1,0.0,6.85,6.85,2003,2003,1,1,O=C(CN1CCC(N2CCCC2)CC1)Nc1ccc2ncc3ccccc3c2n1,0.0
O=C(CN1CCC(N2CCCC2)CC1)Nc1cnc2c(c1)nc(O)c1ccccc12,6.87,1,0.0,6.87,6.87,2003,2003,1,1,O=C(CN1CCC(N2CCCC2)CC1)Nc1cnc2c(c1)ncc1ccccc12,0.0
O=C(CN1CCC(c2noc3cc(F)ccc23)CC1)NCc1nc2c(c(=O)[nH]1)COCC2,5.12,1,0.0,5.12,5.12,2015,2015,1,1,O=C(CN1CCC(c2noc3ccccc23)CC1)NCc1nc2c(c(=O)[nH]1)COCC2,0.0
O=C(CN1CCC(n2c(=O)[nH]c3ccccc32)CC1)NCc1nc2c(c(=O)[nH]1)COCC2,4.49,1,0.0,4.49,4.49,2015,2015,1,1,O=C(CN1CCC(n2c(=O)[nH]c3ccccc32)CC1)NCc1nc2c(c(=O)[nH]1)COCC2,0.0
O=C(CN1CCC2(CC1)Cc1cc(F)ccc1C2=O)NCc1nc2c(c(=O)[nH]1)COCC2,5.19,1,0.0,5.19,5.19,2015,2015,1,1,O=C(CN1CCC2(CC1)Cc1ccccc1C2=O)NCc1nc2c(c(=O)[nH]1)COCC2,0.0
O=C(CN1CCCCC1)N1CCc2c(nc(O)c3ccccc23)C1,6.79,1,0.0,6.79,6.79,2003,2003,1,1,O=C(CN1CCCCC1)N1CCc2c(ncc3ccccc23)C1,0.0
O=C(CN1CCCCC1)N1CCc2nc(O)c3ccccc3c2C1,7.23,1,0.0,7.23,7.23,2003,2003,1,1,O=C(CN1CCCCC1)N1CCc2ncc3ccccc3c2C1,0.0
O=C(CN1CCCCC1)Nc1ccc2nc(O)c3ccccc3c2n1,6.82,1,0.0,6.82,6.82,2003,2003,1,1,O=C(CN1CCCCC1)Nc1ccc2ncc3ccccc3c2n1,0.0
O=C(CN1CCCCC1)Nc1cnc2c(c1)nc(O)c1ccccc12,6.96,1,0.0,6.96,6.96,2003,2003,1,1,O=C(CN1CCCCC1)Nc1cnc2c(c1)ncc1ccccc12,0.0
O=C(CN1CCCCC1)c1ccc2[nH]c3c4c(c5c(c3c2c1)C(=O)NC5=O)CCC4,7.7,1,0.0,7.7,7.7,2012,2012,1,1,O=C(CN1CCCCC1)c1ccc2[nH]c3c4c(c5c(c3c2c1)C(=O)NC5=O)CCC4,0.0
O=C(CN1CCC[C@H]1C(=O)O)c1ccc2[nH]c3c4c(c5c(c3c2c1)C(=O)NC5=O)CCC4,8.15,1,0.0,8.15,8.15,2012,2012,1,1,O=C(CN1CCCC1)c1ccc2[nH]c3c4c(c5c(c3c2c1)C(=O)NC5=O)CCC4,0.0
O=C(CN1CCN(C2CCCC2)CC1)N1CCc2c(nc(O)c3ccccc23)C1,6.94,1,0.0,6.94,6.94,2003,2003,1,1,O=C(CN1CCN(C2CCCC2)CC1)N1CCc2c(ncc3ccccc23)C1,0.0
O=C(CN1CCN(c2ccc(F)cc2)CC1)Nc1ccc2c(c1)Cc1c-2nc(O)c2ccccc12,7.1,1,0.0,7.1,7.1,2005,2005,1,1,O=C(CN1CCN(c2ccccc2)CC1)Nc1ccc2c(c1)Cc1c-2ncc2ccccc12,0.0
O=C(CN1CCOCC1)Nc1ccc2c(c1)-c1nc(O)c3ccccc3c1C2,6.4,1,0.0,6.4,6.4,2005,2005,1,1,O=C(CN1CCOCC1)Nc1ccc2c(c1)-c1ncc3ccccc3c1C2,0.0
O=C(CN1CCOCC1)c1ccc2[nH]c3c4c(c5c(c3c2c1)C(=O)NC5=O)CCC4,7.89,1,0.0,7.89,7.89,2012,2012,1,1,O=C(CN1CCOCC1)c1ccc2[nH]c3c4c(c5c(c3c2c1)C(=O)NC5=O)CCC4,0.0
O=C(CN1CCc2cccc3c2C1CNC3=O)N[C@@H](Cc1ccccc1)C(=O)N1CC=C(c2ccc(F)cc2)CC1,6.31,1,0.0,6.31,6.31,2013,2013,1,1,O=C(CN1CCc2cccc3c2C1CNC3=O)NC(Cc1ccccc1)C(=O)N1CC=C(c2ccccc2)CC1,0.0
O=C(CO)Nc1ccc2c(c1)Cc1c-2nc(O)c2ccccc12,6.96,1,0.0,6.96,6.96,2005,2005,1,1,c1ccc2c(c1)Cc1c-2ncc2ccccc12,0.0
O=C(COc1ccc(I)cc1)N1CCN(C(=O)c2cc(Cc3n[nH]c(=O)c4ccccc34)ccc2F)CC1,8.52,1,0.0,8.52,8.52,2015,2015,1,1,O=C(COc1ccccc1)N1CCN(C(=O)c2cccc(Cc3n[nH]c(=O)c4ccccc34)c2)CC1,0.0
O=C(CSc1nc2ccccc2c(=O)[nH]1)N1CCC(c2nnc(-c3ccccc3)o2)CC1,5.86,1,0.0,5.86,5.86,2016,2016,1,1,O=C(CSc1nc2ccccc2c(=O)[nH]1)N1CCC(c2nnc(-c3ccccc3)o2)CC1,0.0
O=C(CSc1nc2ccccc2c(=O)[nH]1)N[C@H]1CC[C@H](c2nnc(-c3ccccc3)o2)CC1,4.54,1,0.0,4.54,4.54,2016,2016,1,1,O=C(CSc1nc2ccccc2c(=O)[nH]1)NC1CCC(c2nnc(-c3ccccc3)o2)CC1,0.0
O=C(CSc1nc2sc3c(c2c(=O)[nH]1)CCC3)N(CCO)CCO,5.67,1,0.0,5.67,5.67,2013,2013,1,1,O=c1[nH]cnc2sc3c(c12)CCC3,0.0
O=C(Cc1cccc(I)c1)N1CCN(C(=O)c2cc(Cc3n[nH]c(=O)c4ccccc34)ccc2F)CC1,8.24,1,0.0,8.24,8.24,2015,2015,1,1,O=C(Cc1ccccc1)N1CCN(C(=O)c2cccc(Cc3n[nH]c(=O)c4ccccc34)c2)CC1,0.0
O=C(Cn1c2c(c(=O)[nH]c1=O)CSCC2)NCC(=O)N1CCN(c2ncccn2)CC1,6.82,1,0.0,6.82,6.82,2002,2002,1,1,O=C(Cn1c2c(c(=O)[nH]c1=O)CSCC2)NCC(=O)N1CCN(c2ncccn2)CC1,0.0
O=C(Cn1c2c(c(=O)[nH]c1=O)CSCC2)NCCC(=O)N1CCN(c2ncccn2)CC1,7.22,1,0.0,7.22,7.22,2002,2002,1,1,O=C(Cn1c2c(c(=O)[nH]c1=O)CSCC2)NCCC(=O)N1CCN(c2ncccn2)CC1,0.0
O=C(Cn1cncn1)c1ccc2[nH]c3c4c(c5c(c3c2c1)C(=O)NC5=O)CCC4,7.82,1,0.0,7.82,7.82,2012,2012,1,1,O=C(Cn1cncn1)c1ccc2[nH]c3c4c(c5c(c3c2c1)C(=O)NC5=O)CCC4,0.0
O=C(NC1CC(=O)c2ccccc21)c1cc(Cc2n[nH]c(=O)c3ccccc23)ccc1F,4.08,1,0.0,4.08,4.08,2013,2013,1,1,O=C(NC1CC(=O)c2ccccc21)c1cccc(Cc2n[nH]c(=O)c3ccccc23)c1,0.0
O=C(NC1CC1)c1cc(F)c(N2CCN(Cc3ccc4c5c(c(=O)[nH]c4c3)CCCN5)CC2)c(F)c1,8.01,1,0.0,8.01,8.01,2019,2019,1,1,O=C(NC1CC1)c1ccc(N2CCN(Cc3ccc4c5c(c(=O)[nH]c4c3)CCCN5)CC2)cc1,0.0
O=C(NC1CC1)c1ccc(N2CCN(C(=O)CCc3nc4c(Cl)cccc4c(=O)[nH]3)CC2)c(Cl)c1,7.57,1,0.0,7.57,7.57,2021,2021,1,1,O=C(NC1CC1)c1ccc(N2CCN(C(=O)CCc3nc4ccccc4c(=O)[nH]3)CC2)cc1,0.0
O=C(NC1CC1)c1ccc(N2CCN(C(=O)CCc3nc4ccccc4c(=O)[nH]3)CC2)c(Cl)c1,7.58,1,0.0,7.58,7.58,2021,2021,1,1,O=C(NC1CC1)c1ccc(N2CCN(C(=O)CCc3nc4ccccc4c(=O)[nH]3)CC2)cc1,0.0
O=C(NC1CC1)c1ccc(N2CCN(Cc3ccc4c5c(c(=O)[nH]c4c3)CCCN5)CC2)c(Br)c1,8.14,1,0.0,8.14,8.14,2019,2019,1,1,O=C(NC1CC1)c1ccc(N2CCN(Cc3ccc4c5c(c(=O)[nH]c4c3)CCCN5)CC2)cc1,0.0
O=C(NC1CC1)c1ccc(N2CCN(Cc3ccc4c5c(c(=O)[nH]c4c3)CCCN5)CC2)c(Cl)c1,7.98,1,0.0,7.98,7.98,2019,2019,1,1,O=C(NC1CC1)c1ccc(N2CCN(Cc3ccc4c5c(c(=O)[nH]c4c3)CCCN5)CC2)cc1,0.0
O=C(NC1CC1)c1ccc(N2CCN(Cc3ccc4c5c(c(=O)[nH]c4c3)CCCN5)CC2)c(F)c1,8.52,1,0.0,8.52,8.52,2019,2019,1,1,O=C(NC1CC1)c1ccc(N2CCN(Cc3ccc4c5c(c(=O)[nH]c4c3)CCCN5)CC2)cc1,0.0
O=C(NC1CC1)c1ccc(N2CCN(Cc3ccc4c5c(c(=O)[nH]c4c3)CCCN5)CC2)cc1Cl,7.66,1,0.0,7.66,7.66,2019,2019,1,1,O=C(NC1CC1)c1ccc(N2CCN(Cc3ccc4c5c(c(=O)[nH]c4c3)CCCN5)CC2)cc1,0.0
O=C(NC1CC1)c1ccc(N2CCN(Cc3ccc4c5c(c(=O)[nH]c4c3)CCCN5)CC2)cc1F,8.18,1,0.0,8.18,8.18,2019,2019,1,1,O=C(NC1CC1)c1ccc(N2CCN(Cc3ccc4c5c(c(=O)[nH]c4c3)CCCN5)CC2)cc1,0.0
O=C(NC1CC1)c1ccc(N2CCN(Cc3ccc4c5c(c(=O)[nH]c4c3)CCCN5)CC2)nc1,8.13,1,0.0,8.13,8.13,2019,2019,1,1,O=C(NC1CC1)c1ccc(N2CCN(Cc3ccc4c5c(c(=O)[nH]c4c3)CCCN5)CC2)nc1,0.0
O=C(NC1CC1)c1ccc(N2CCN(Cc3cnc4c(c3)[nH]c(=O)c3ccoc34)CC2)cn1,7.96,1,0.0,7.96,7.96,2023,2023,1,1,O=C(NC1CC1)c1ccc(N2CCN(Cc3cnc4c(c3)[nH]c(=O)c3ccoc34)CC2)cn1,0.0
O=C(NC1CC1)c1ccc(N2CCN(Cc3cnc4cc(C5CC5)c(=O)[nH]c4c3)CC2)cn1,8.285,2,0.0070710678118646965,8.28,8.29,2023,2023,1,1,O=C(NC1CC1)c1ccc(N2CCN(Cc3cnc4cc(C5CC5)c(=O)[nH]c4c3)CC2)cn1,0.009999999999999787
O=C(NC1CC1)c1ccc(N2CCN(Cc3cnc4cc(C5CC5)c(=O)[nH]c4c3)[C@H]3C[C@H]32)cn1,8.48,1,0.0,8.48,8.48,2023,2023,1,1,O=C(NC1CC1)c1ccc(N2CCN(Cc3cnc4cc(C5CC5)c(=O)[nH]c4c3)C3CC32)cn1,0.0
O=C(NC1CC1)c1ccc(N2CCN(Cc3cnc4cc(Cl)c(=O)[nH]c4c3)CC2)cn1,8.42,1,0.0,8.42,8.42,2023,2023,1,1,O=C(NC1CC1)c1ccc(N2CCN(Cc3cnc4ccc(=O)[nH]c4c3)CC2)cn1,0.0
O=C(NC1CCC1)c1ccc(N2CCN(C(=O)CCc3nc(=O)c4ccccc4[nH]3)CC2)c(Cl)c1,7.29,1,0.0,7.29,7.29,2021,2021,1,1,O=C(NC1CCC1)c1ccc(N2CCN(C(=O)CCc3nc(=O)c4ccccc4[nH]3)CC2)cc1,0.0
O=C(NC1CCCC1)C1CCN(C(=O)c2cccc(Cc3nnc(O)c4ccccc34)c2)CC1,7.82,1,0.0,7.82,7.82,2006,2006,1,1,O=C(NC1CCCC1)C1CCN(C(=O)c2cccc(Cc3nncc4ccccc34)c2)CC1,0.0
O=C(NC1CNC(=O)c2ccccc21)c1cc(Cc2n[nH]c(=O)c3ccccc23)ccc1F,4.06,1,0.0,4.06,4.06,2013,2013,1,1,O=C(NC1CNC(=O)c2ccccc21)c1cccc(Cc2n[nH]c(=O)c3ccccc23)c1,0.0
O=C(NC1COC1)c1ccc(N2CCN(Cc3cnc4cc(C5CC5)c(=O)[nH]c4c3)CC2)cn1,8.12,1,0.0,8.12,8.12,2023,2023,1,1,O=C(NC1COC1)c1ccc(N2CCN(Cc3cnc4cc(C5CC5)c(=O)[nH]c4c3)CC2)cn1,0.0
O=C(NCC(=O)N1CCc2cccc3c2C1CNC3=O)c1cc(Cc2n[nH]c(=O)c3ccccc23)ccc1F,7.48,1,0.0,7.48,7.48,2013,2013,1,1,O=C(NCC(=O)N1CCc2cccc3c2C1CNC3=O)c1cccc(Cc2n[nH]c(=O)c3ccccc23)c1,0.0
O=C(NCC1=Nc2cccc3c(=O)[nH]nc(c23)N1)c1ccc([N+](=O)[O-])cc1,8.0,1,0.0,8.0,8.0,2014,2014,1,1,O=C(NCC1=Nc2cccc3c(=O)[nH]nc(c23)N1)c1ccccc1,0.0
O=C(NCCC1(N2CCOCC2)CCCC1)c1cc2[nH]c(=O)c3ccccc3n2n1,7.05,1,0.0,7.05,7.05,2009,2009,1,1,O=C(NCCC1(N2CCOCC2)CCCC1)c1cc2[nH]c(=O)c3ccccc3n2n1,0.0
O=C(NCCCN1CCOCC1)c1cc2[nH]c(=O)c3ccccc3n2n1,6.85,1,0.0,6.85,6.85,2009,2009,1,1,O=C(NCCCN1CCOCC1)c1cc2[nH]c(=O)c3ccccc3n2n1,0.0
O=C(NCCN1CCCCC1)c1ccc2[nH]c(=O)c3c(c2c1)CCSC3,7.24,1,0.0,7.24,7.24,2012,2012,1,1,O=C(NCCN1CCCCC1)c1ccc2[nH]c(=O)c3c(c2c1)CCSC3,0.0
O=C(NCCN1CCCCC1)c1ccc2[nH]c(=O)c3cccnc3c2c1,5.98,1,0.0,5.98,5.98,2014,2014,1,1,O=C(NCCN1CCCCC1)c1ccc2[nH]c(=O)c3cccnc3c2c1,0.0
O=C(NCCN1CCN(c2ccccc2)CC1)c1ccc2[nH]c(=O)c3c(c2c1)CCSC3,6.78,1,0.0,6.78,6.78,2012,2012,1,1,O=C(NCCN1CCN(c2ccccc2)CC1)c1ccc2[nH]c(=O)c3c(c2c1)CCSC3,0.0
O=C(NCCN1CCN(c2ccncc2)CC1)c1ccc2[nH]c(=O)c3c(c2c1)CCSC3,7.36,1,0.0,7.36,7.36,2012,2012,1,1,O=C(NCCN1CCN(c2ccncc2)CC1)c1ccc2[nH]c(=O)c3c(c2c1)CCSC3,0.0
O=C(NCCN1CCNCC1)c1ccc2[nH]c(=O)c3c(c2c1)CCSC3,7.44,1,0.0,7.44,7.44,2012,2012,1,1,O=C(NCCN1CCNCC1)c1ccc2[nH]c(=O)c3c(c2c1)CCSC3,0.0
O=C(NCCN1CCOCC1)c1cc2[nH]c(=O)c3ccccc3n2n1,6.85,1,0.0,6.85,6.85,2009,2009,1,1,O=C(NCCN1CCOCC1)c1cc2[nH]c(=O)c3ccccc3n2n1,0.0
O=C(NCCN1CCOCC1)c1ccc2[nH]c(=O)c3c(c2c1)CCSC3,7.22,1,0.0,7.22,7.22,2012,2012,1,1,O=C(NCCN1CCOCC1)c1ccc2[nH]c(=O)c3c(c2c1)CCSC3,0.0
O=C(NCCN1CCOCC1)c1ccc2[nH]c3c4c(c5c(c3c2c1)CNC5=O)CCC4,6.79,1,0.0,6.79,6.79,2006,2006,1,1,O=C(NCCN1CCOCC1)c1ccc2[nH]c3c4c(c5c(c3c2c1)CNC5=O)CCC4,0.0
O=C(NCCN1CCOCC1)c1ccc2c(c1)nc(O)c1cc(F)ccc12,7.85,1,0.0,7.85,7.85,2001,2001,1,1,O=C(NCCN1CCOCC1)c1ccc2c(c1)ncc1ccccc12,0.0
O=C(NCCN1CCOCC1)c1ccc2c(c1)nc(O)c1ccccc12,7.46,1,0.0,7.46,7.46,2001,2001,1,1,O=C(NCCN1CCOCC1)c1ccc2c(c1)ncc1ccccc12,0.0
O=C(NCCc1ccccc1)c1ccc2c(c1)nc(O)c1cc(F)ccc12,6.82,1,0.0,6.82,6.82,2001,2001,1,1,O=C(NCCc1ccccc1)c1ccc2c(c1)ncc1ccccc12,0.0
O=C(NCCc1cccs1)C1CCN(C(=O)c2cccc(Cc3nnc(O)c4ccccc34)c2)CC1,8.1,1,0.0,8.1,8.1,2006,2006,1,1,O=C(NCCc1cccs1)C1CCN(C(=O)c2cccc(Cc3nncc4ccccc34)c2)CC1,0.0
O=C(NCCn1ccnn1)c1ccc2[nH]c3c4c(c5c(c3c2c1)CNC5=O)CCC4,6.98,1,0.0,6.98,6.98,2006,2006,1,1,O=C(NCCn1ccnn1)c1ccc2[nH]c3c4c(c5c(c3c2c1)CNC5=O)CCC4,0.0
O=C(N[C@@H]1C[C@@H](O)c2ccccc21)c1cc(Cc2n[nH]c(=O)c3ccccc23)ccc1F,6.24,1,0.0,6.24,6.24,2013,2013,1,1,O=C(NC1CCc2ccccc21)c1cccc(Cc2n[nH]c(=O)c3ccccc23)c1,0.0
O=C(N[C@@H]1C[C@H](O)c2ccccc21)c1cc(Cc2n[nH]c(=O)c3ccccc23)ccc1F,5.32,1,0.0,5.32,5.32,2013,2013,1,1,O=C(NC1CCc2ccccc21)c1cccc(Cc2n[nH]c(=O)c3ccccc23)c1,0.0
O=C(Nc1ccc(C(F)(F)F)cc1)c1ccc(NC(=O)N2CCN(C(=O)c3cc(Cc4n[nH]c(=O)c5ccccc45)ccc3F)CC2)cc1,8.39,1,0.0,8.39,8.39,2022,2022,1,1,O=C(Nc1ccccc1)c1ccc(NC(=O)N2CCN(C(=O)c3cccc(Cc4n[nH]c(=O)c5ccccc45)c3)CC2)cc1,0.0
O=C(Nc1ccc(F)cc1)c1ccc(NC(=O)N2CCN(C(=O)c3cc(Cc4n[nH]c(=O)c5ccccc45)ccc3F)CC2)cc1,8.81,1,0.0,8.81,8.81,2022,2022,1,1,O=C(Nc1ccccc1)c1ccc(NC(=O)N2CCN(C(=O)c3cccc(Cc4n[nH]c(=O)c5ccccc45)c3)CC2)cc1,0.0
O=C(Nc1cccc(Cc2n[nH]c(=O)c3ccccc23)c1)C1CC1,7.26,1,0.0,7.26,7.26,2005,2005,1,1,O=C(Nc1cccc(Cc2n[nH]c(=O)c3ccccc23)c1)C1CC1,0.0
O=C(Nc1cccc(Cc2n[nH]c(=O)c3ccccc23)c1)c1ccc(-c2ccsc2)s1,7.25,1,0.0,7.25,7.25,2005,2005,1,1,O=C(Nc1cccc(Cc2n[nH]c(=O)c3ccccc23)c1)c1ccc(-c2ccsc2)s1,0.0
O=C(Nc1cccc(Cc2nnc(O)c3ccccc23)c1)C(F)(F)F,7.89,1,0.0,7.89,7.89,2005,2005,1,1,c1ccc(Cc2nncc3ccccc23)cc1,0.0
O=C(Nc1cccc(Cc2nnc(O)c3ccccc23)c1)c1ccc(-n2cccn2)nc1,7.33,1,0.0,7.33,7.33,2005,2005,1,1,O=C(Nc1cccc(Cc2nncc3ccccc23)c1)c1ccc(-n2cccn2)nc1,0.0
O=C(Nc1cccc2c(=O)[nH]ccc12)c1ccc(C(F)(F)F)cc1,4.97,1,0.0,4.97,4.97,2011,2011,1,1,O=C(Nc1cccc2c(=O)[nH]ccc12)c1ccccc1,0.0
O=C(Nc1cccc2c(=O)[nH]ccc12)c1ccc(Cl)cc1,4.95,1,0.0,4.95,4.95,2011,2011,1,1,O=C(Nc1cccc2c(=O)[nH]ccc12)c1ccccc1,0.0
O=C(Nc1cccc2c(=O)[nH]ccc12)c1ccc(F)cc1,4.75,1,0.0,4.75,4.75,2011,2011,1,1,O=C(Nc1cccc2c(=O)[nH]ccc12)c1ccccc1,0.0
O=C(Nc1cccc2c(=O)[nH]ccc12)c1ccc(I)cc1,5.12,1,0.0,5.12,5.12,2011,2011,1,1,O=C(Nc1cccc2c(=O)[nH]ccc12)c1ccccc1,0.0
O=C(Nc1cccc2c(=O)[nH]ccc12)c1ccc([N+](=O)[O-])cc1,5.52,1,0.0,5.52,5.52,2011,2011,1,1,O=C(Nc1cccc2c(=O)[nH]ccc12)c1ccccc1,0.0
O=C(Nc1cccc2c(=O)[nH]ccc12)c1ccccc1,4.86,1,0.0,4.86,4.86,2011,2011,1,1,O=C(Nc1cccc2c(=O)[nH]ccc12)c1ccccc1,0.0
O=C(Nc1cccc2c(=O)[nH]ccc12)c1ccccc1I,5.35,1,0.0,5.35,5.35,2011,2011,1,1,O=C(Nc1cccc2c(=O)[nH]ccc12)c1ccccc1,0.0
O=C(Nc1cccc2c(=O)[nH]ccc12)c1cccs1,4.65,1,0.0,4.65,4.65,2011,2011,1,1,O=C(Nc1cccc2c(=O)[nH]ccc12)c1cccs1,0.0
O=C(Nc1ccccc1F)c1ccc(NC(=O)N2CCN(C(=O)c3cc(Cc4n[nH]c(=O)c5ccccc45)ccc3F)CC2)cc1,9.01,1,0.0,9.01,9.01,2022,2022,1,1,O=C(Nc1ccccc1)c1ccc(NC(=O)N2CCN(C(=O)c3cccc(Cc4n[nH]c(=O)c5ccccc45)c3)CC2)cc1,0.0
O=C(Nc1nc(-c2ccccc2)cs1)c1ccncc1,6.12,1,0.0,6.12,6.12,2009,2009,1,1,O=C(Nc1nc(-c2ccccc2)cs1)c1ccncc1,0.0
O=C(O)/C=C/c1cccc2c(=O)[nH]ccc12,5.18,1,0.0,5.18,5.18,2011,2011,1,1,O=c1[nH]ccc2ccccc12,0.0
O=C(O)CCC(=O)c1ccc2[nH]c3c4c(c5c(c3c2c1)C(=O)NC5=O)CCC4,8.52,1,0.0,8.52,8.52,2012,2012,1,1,O=C1NC(=O)c2c1c1c(c3[nH]c4ccccc4c23)CCC1,0.0
O=C(O)CCCC(=O)N1CCc2cccc3c2C1CNC3=O,7.82,1,0.0,7.82,7.82,2010,2010,1,1,O=C1NCC2NCCc3cccc1c32,0.0
O=C(O)CCc1cccc2c(=O)[nH]ccc12,5.07,1,0.0,5.07,5.07,2011,2011,1,1,O=c1[nH]ccc2ccccc12,0.0
O=C(O)CNc1cccc2c(=O)[nH]ccc12,5.8,1,0.0,5.8,5.8,2011,2011,1,1,O=c1[nH]ccc2ccccc12,0.0
O=C(O)c1ccc2[nH]c(=O)c3c(c2c1)CCSC3,7.11,1,0.0,7.11,7.11,2012,2012,1,1,O=c1[nH]c2ccccc2c2c1CSCC2,0.0
O=C(O)c1ccc2[nH]c3c4c(c5c(c3c2c1)CNC5=O)CCC4,7.1,1,0.0,7.1,7.1,2006,2006,1,1,O=C1NCc2c1c1c(c3[nH]c4ccccc4c23)CCC1,0.0
O=C(O)c1ccc2c(c1)[nH]c(=O)c1ccccc12,7.16,1,0.0,7.16,7.16,2015,2015,1,1,O=c1[nH]c2ccccc2c2ccccc12,0.0
O=C(O)c1ccc2c(c1)[nH]c(=O)c1ccncc12,6.0,1,0.0,6.0,6.0,2015,2015,1,1,O=c1[nH]c2ccccc2c2cnccc12,0.0
O=C(O)c1ccc2c(c1)nc(OCCCO)c1ccccc12,6.4,1,0.0,6.4,6.4,2015,2015,1,1,c1ccc2c(c1)cnc1ccccc12,0.0
O=C(O)c1ccc2c3ccccc3c(=O)n(CCCO)c2c1,7.22,1,0.0,7.22,7.22,2015,2015,1,1,O=c1[nH]c2ccccc2c2ccccc12,0.0
O=C(O)c1cccc2nc(O)c3ccccc3c12,5.7,1,0.0,5.7,5.7,2001,2001,1,1,c1ccc2c(c1)cnc1ccccc12,0.0
O=C(OCc1ccccc1)N1CCN(Cc2c(O)cc(O)c3c(=O)cc(-c4ccc(O)cc4)oc23)CC1,7.36,1,0.0,7.36,7.36,2021,2021,1,1,O=C(OCc1ccccc1)N1CCN(Cc2cccc3c(=O)cc(-c4ccccc4)oc23)CC1,0.0
O=C(Oc1cccc2c(O)nccc12)c1ccccc1,5.39,1,0.0,5.39,5.39,2011,2011,1,1,O=C(Oc1cccc2cnccc12)c1ccccc1,0.0
O=C([C@@H]1CCCN1)N1CCc2c(nc(O)c3ccccc23)C1,7.51,1,0.0,7.51,7.51,2003,2003,1,1,O=C(C1CCCN1)N1CCc2c(ncc3ccccc23)C1,0.0
O=C([O-])c1ccc2c(c1)nc(O)c1cc(F)ccc12,7.68,1,0.0,7.68,7.68,2001,2001,1,1,c1ccc2c(c1)cnc1ccccc12,0.0
O=C([O-])c1ccc2c(c1)nc(O)c1ccccc12,7.24,1,0.0,7.24,7.24,2001,2001,1,1,c1ccc2c(c1)cnc1ccccc12,0.0
O=C(c1cc(Cc2c[nH]c(=O)c3c(Cl)c(Cl)cn23)ccc1F)N1CCCNCC1,8.8,1,0.0,8.8,8.8,2010,2010,1,1,O=C(c1cccc(Cc2c[nH]c(=O)c3cccn23)c1)N1CCCNCC1,0.0
O=C(c1cc(Cc2c[nH]c(=O)c3c(Cl)cc(Cl)n23)ccc1F)N1CCCNCC1,8.4,1,0.0,8.4,8.4,2010,2010,1,1,O=C(c1cccc(Cc2c[nH]c(=O)c3cccn23)c1)N1CCCNCC1,0.0
O=C(c1cc(Cc2c[nH]c(=O)c3cc(Cl)c(Cl)n23)ccc1F)N1CCC(N2CCC2)CC1,9.0,1,0.0,9.0,9.0,2010,2010,1,1,O=C(c1cccc(Cc2c[nH]c(=O)c3cccn23)c1)N1CCC(N2CCC2)CC1,0.0
O=C(c1cc(Cc2c[nH]c(=O)c3cc(Cl)c(Cl)n23)ccc1F)N1CCC(N2CCCC2)CC1,8.27,1,0.0,8.27,8.27,2010,2010,1,1,O=C(c1cccc(Cc2c[nH]c(=O)c3cccn23)c1)N1CCC(N2CCCC2)CC1,0.0
O=C(c1cc(Cc2c[nH]c(=O)c3cc(Cl)c(Cl)n23)ccc1F)N1CCC2(CC1)NCNC2=O,8.05,1,0.0,8.05,8.05,2010,2010,1,1,O=C(c1cccc(Cc2c[nH]c(=O)c3cccn23)c1)N1CCC2(CC1)NCNC2=O,0.0
O=C(c1cc(Cc2c[nH]c(=O)c3cc(Cl)c(Cl)n23)ccc1F)N1CCC2(CCCCN2)CC1,8.21,1,0.0,8.21,8.21,2010,2010,1,1,O=C(c1cccc(Cc2c[nH]c(=O)c3cccn23)c1)N1CCC2(CCCCN2)CC1,0.0
O=C(c1cc(Cc2c[nH]c(=O)c3cc(Cl)c(Cl)n23)ccc1F)N1CCC2(CCCN2)CC1,8.6,1,0.0,8.6,8.6,2010,2010,1,1,O=C(c1cccc(Cc2c[nH]c(=O)c3cccn23)c1)N1CCC2(CCCN2)CC1,0.0
O=C(c1cc(Cc2c[nH]c(=O)c3cc(Cl)c(Cl)n23)ccc1F)N1CCC2(CCN2)CC1,8.09,1,0.0,8.09,8.09,2010,2010,1,1,O=C(c1cccc(Cc2c[nH]c(=O)c3cccn23)c1)N1CCC2(CCN2)CC1,0.0
O=C(c1cc(Cc2c[nH]c(=O)c3cc(Cl)c(Cl)n23)ccc1F)N1CCCCC1,6.7,1,0.0,6.7,6.7,2010,2010,1,1,O=C(c1cccc(Cc2c[nH]c(=O)c3cccn23)c1)N1CCCCC1,0.0
O=C(c1cc(Cc2c[nH]c(=O)c3cc(Cl)c(Cl)n23)ccc1F)N1CCCNCC1,8.59,1,0.0,8.59,8.59,2010,2010,1,1,O=C(c1cccc(Cc2c[nH]c(=O)c3cccn23)c1)N1CCCNCC1,0.0
O=C(c1cc(Cc2c[nH]c(=O)c3cc(Cl)c(Cl)n23)ccc1F)N1CCN(C(=O)C2CCCC2)CC1,8.43,1,0.0,8.43,8.43,2010,2010,1,1,O=C(c1cccc(Cc2c[nH]c(=O)c3cccn23)c1)N1CCN(C(=O)C2CCCC2)CC1,0.0
O=C(c1cc(Cc2c[nH]c(=O)c3cc(Cl)c(Cl)n23)ccc1F)N1CCN(C2CCCCC2)CC1,7.85,1,0.0,7.85,7.85,2010,2010,1,1,O=C(c1cccc(Cc2c[nH]c(=O)c3cccn23)c1)N1CCN(C2CCCCC2)CC1,0.0
O=C(c1cc(Cc2c[nH]c(=O)c3cc(Cl)c(Cl)n23)ccc1F)N1CCN(CCO)CC1,7.89,1,0.0,7.89,7.89,2010,2010,1,1,O=C(c1cccc(Cc2c[nH]c(=O)c3cccn23)c1)N1CCNCC1,0.0
O=C(c1cc(Cc2c[nH]c(=O)c3cc(Cl)c(Cl)n23)ccc1F)N1CCN(c2cc3ccccc3cn2)CC1,8.74,1,0.0,8.74,8.74,2010,2010,1,1,O=C(c1cccc(Cc2c[nH]c(=O)c3cccn23)c1)N1CCN(c2cc3ccccc3cn2)CC1,0.0
O=C(c1cc(Cc2c[nH]c(=O)c3cc(Cl)c(Cl)n23)ccc1F)N1CCN(c2ccccc2F)CC1,7.62,1,0.0,7.62,7.62,2010,2010,1,1,O=C(c1cccc(Cc2c[nH]c(=O)c3cccn23)c1)N1CCN(c2ccccc2)CC1,0.0
O=C(c1cc(Cc2c[nH]c(=O)c3cc(Cl)c(Cl)n23)ccc1F)N1CCN(c2ccccn2)CC1,8.55,1,0.0,8.55,8.55,2010,2010,1,1,O=C(c1cccc(Cc2c[nH]c(=O)c3cccn23)c1)N1CCN(c2ccccn2)CC1,0.0
O=C(c1cc(Cc2c[nH]c(=O)c3cc(Cl)c(Cl)n23)ccc1F)N1CCN(c2cccnc2)CC1,7.92,1,0.0,7.92,7.92,2010,2010,1,1,O=C(c1cccc(Cc2c[nH]c(=O)c3cccn23)c1)N1CCN(c2cccnc2)CC1,0.0
O=C(c1cc(Cc2c[nH]c(=O)c3cc(Cl)c(Cl)n23)ccc1F)N1CCN(c2ncc3ccccc3n2)CC1,9.0,1,0.0,9.0,9.0,2010,2010,1,1,O=C(c1cccc(Cc2c[nH]c(=O)c3cccn23)c1)N1CCN(c2ncc3ccccc3n2)CC1,0.0
O=C(c1cc(Cc2c[nH]c(=O)c3cc(Cl)c(Cl)n23)ccc1F)N1CCN(c2ncccn2)CC1,8.51,1,0.0,8.51,8.51,2010,2010,1,1,O=C(c1cccc(Cc2c[nH]c(=O)c3cccn23)c1)N1CCN(c2ncccn2)CC1,0.0
O=C(c1cc(Cc2c[nH]c(=O)c3cc(Cl)c(Cl)n23)ccc1F)N1CCN(c2ncnc3ccccc23)CC1,8.85,1,0.0,8.85,8.85,2010,2010,1,1,O=C(c1cccc(Cc2c[nH]c(=O)c3cccn23)c1)N1CCN(c2ncnc3ccccc23)CC1,0.0
O=C(c1cc(Cc2c[nH]c(=O)c3cc(Cl)c(Cl)n23)ccc1F)N1CCNCC1,8.64,1,0.0,8.64,8.64,2010,2010,1,1,O=C(c1cccc(Cc2c[nH]c(=O)c3cccn23)c1)N1CCNCC1,0.0
O=C(c1cc(Cc2c[nH]c(=O)c3cc(Cl)c(Cl)n23)ccc1F)N1CCOCC1,7.23,1,0.0,7.23,7.23,2010,2010,1,1,O=C(c1cccc(Cc2c[nH]c(=O)c3cccn23)c1)N1CCOCC1,0.0
O=C(c1cc(Cc2c[nH]c(=O)c3cc(Cl)cn23)ccc1F)N1CCCNCC1,9.0,1,0.0,9.0,9.0,2010,2010,1,1,O=C(c1cccc(Cc2c[nH]c(=O)c3cccn23)c1)N1CCCNCC1,0.0
O=C(c1cc(Cc2c[nH]c(=O)c3cccn23)ccc1F)N1CCCNCC1,8.74,1,0.0,8.74,8.74,2010,2010,1,1,O=C(c1cccc(Cc2c[nH]c(=O)c3cccn23)c1)N1CCCNCC1,0.0
O=C(c1cc(Cc2n[nH]c(=O)c3ccccc23)cc(F)c1F)N1CCN(C(=O)C2CC2)CC1,7.95,1,0.0,7.95,7.95,2017,2017,1,1,O=C(c1cccc(Cc2n[nH]c(=O)c3ccccc23)c1)N1CCN(C(=O)C2CC2)CC1,0.0
O=C(c1cc(Cc2n[nH]c(=O)c3ccccc23)cc(F)c1F)N1CCN(C(=O)C2CCCO2)CC1,8.62,1,0.0,8.62,8.62,2017,2017,1,1,O=C(c1cccc(Cc2n[nH]c(=O)c3ccccc23)c1)N1CCN(C(=O)C2CCCO2)CC1,0.0
O=C(c1cc(Cc2n[nH]c(=O)c3ccccc23)cc(F)c1F)N1CCN(C(=O)N2CCOCC2)CC1,8.64,1,0.0,8.64,8.64,2017,2017,1,1,O=C(c1cccc(Cc2n[nH]c(=O)c3ccccc23)c1)N1CCN(C(=O)N2CCOCC2)CC1,0.0
O=C(c1cc(Cc2n[nH]c(=O)c3ccccc23)cc(F)c1F)N1CCN(C2CCCC2)CC1,8.59,1,0.0,8.59,8.59,2017,2017,1,1,O=C(c1cccc(Cc2n[nH]c(=O)c3ccccc23)c1)N1CCN(C2CCCC2)CC1,0.0
O=C(c1cc(Cc2n[nH]c(=O)c3ccccc23)cc(F)c1F)N1CCN(C2CCCCC2)CC1,8.46,1,0.0,8.46,8.46,2017,2017,1,1,O=C(c1cccc(Cc2n[nH]c(=O)c3ccccc23)c1)N1CCN(C2CCCCC2)CC1,0.0
O=C(c1cc(Cc2n[nH]c(=O)c3ccccc23)cc(F)c1F)N1CCN(C2CCCCCC2)CC1,9.1,1,0.0,9.1,9.1,2017,2017,1,1,O=C(c1cccc(Cc2n[nH]c(=O)c3ccccc23)c1)N1CCN(C2CCCCCC2)CC1,0.0
O=C(c1cc(Cc2n[nH]c(=O)c3ccccc23)cc(F)c1F)N1CCN(CC2CC2)CC1,8.01,1,0.0,8.01,8.01,2017,2017,1,1,O=C(c1cccc(Cc2n[nH]c(=O)c3ccccc23)c1)N1CCN(CC2CC2)CC1,0.0
O=C(c1cc(Cc2n[nH]c(=O)c3ccccc23)cc(F)c1F)N1CCN(Cc2ccccc2)CC1,7.01,1,0.0,7.01,7.01,2017,2017,1,1,O=C(c1cccc(Cc2n[nH]c(=O)c3ccccc23)c1)N1CCN(Cc2ccccc2)CC1,0.0
O=C(c1cc(Cc2n[nH]c(=O)c3ccccc23)cc(F)c1F)N1CCN(Cc2cccnc2)CC1,6.8,1,0.0,6.8,6.8,2017,2017,1,1,O=C(c1cccc(Cc2n[nH]c(=O)c3ccccc23)c1)N1CCN(Cc2cccnc2)CC1,0.0
O=C(c1cc(Cc2n[nH]c(=O)c3ccccc23)cc(F)c1F)N1CCN(c2ccc(Br)cc2)CC1,7.08,1,0.0,7.08,7.08,2017,2017,1,1,O=C(c1cccc(Cc2n[nH]c(=O)c3ccccc23)c1)N1CCN(c2ccccc2)CC1,0.0
O=C(c1cc(Cc2n[nH]c(=O)c3ccccc23)cc(F)c1F)N1CCN(c2ccc(Cl)cc2)CC1,6.99,1,0.0,6.99,6.99,2017,2017,1,1,O=C(c1cccc(Cc2n[nH]c(=O)c3ccccc23)c1)N1CCN(c2ccccc2)CC1,0.0
O=C(c1cc(Cc2n[nH]c(=O)c3ccccc23)cc(F)c1F)N1CCN(c2ccc(F)cc2)CC1,9.4,1,0.0,9.4,9.4,2017,2017,1,1,O=C(c1cccc(Cc2n[nH]c(=O)c3ccccc23)c1)N1CCN(c2ccccc2)CC1,0.0
O=C(c1cc(Cc2n[nH]c(=O)c3ccccc23)cc(F)c1F)N1CCN(c2ccc(O)cc2)CC1,9.22,1,0.0,9.22,9.22,2017,2017,1,1,O=C(c1cccc(Cc2n[nH]c(=O)c3ccccc23)c1)N1CCN(c2ccccc2)CC1,0.0
O=C(c1cc(Cc2n[nH]c(=O)c3ccccc23)cc(F)c1F)N1CCN(c2ccc([N+](=O)[O-])cc2)CC1,9.4,1,0.0,9.4,9.4,2017,2017,1,1,O=C(c1cccc(Cc2n[nH]c(=O)c3ccccc23)c1)N1CCN(c2ccccc2)CC1,0.0
O=C(c1cc(Cc2n[nH]c(=O)c3ccccc23)cc(F)c1F)N1CCN(c2cccc(C(F)(F)F)c2)CC1,9.1,1,0.0,9.1,9.1,2017,2017,1,1,O=C(c1cccc(Cc2n[nH]c(=O)c3ccccc23)c1)N1CCN(c2ccccc2)CC1,0.0
O=C(c1cc(Cc2n[nH]c(=O)c3ccccc23)cc(F)c1F)N1CCN(c2cccc(Cl)c2)CC1,8.38,1,0.0,8.38,8.38,2017,2017,1,1,O=C(c1cccc(Cc2n[nH]c(=O)c3ccccc23)c1)N1CCN(c2ccccc2)CC1,0.0
O=C(c1cc(Cc2n[nH]c(=O)c3ccccc23)cc(F)c1F)N1CCN(c2ccccc2)CC1,9.3,1,0.0,9.3,9.3,2017,2017,1,1,O=C(c1cccc(Cc2n[nH]c(=O)c3ccccc23)c1)N1CCN(c2ccccc2)CC1,0.0
O=C(c1cc(Cc2n[nH]c(=O)c3ccccc23)cc(F)c1F)N1CCN(c2ccccc2F)CC1,7.25,1,0.0,7.25,7.25,2017,2017,1,1,O=C(c1cccc(Cc2n[nH]c(=O)c3ccccc23)c1)N1CCN(c2ccccc2)CC1,0.0
O=C(c1cc(Cc2n[nH]c(=O)c3ccccc23)cc(F)c1F)N1CCN(c2ccccc2O)CC1,9.05,1,0.0,9.05,9.05,2017,2017,1,1,O=C(c1cccc(Cc2n[nH]c(=O)c3ccccc23)c1)N1CCN(c2ccccc2)CC1,0.0
O=C(c1cc(Cc2n[nH]c(=O)c3ccccc23)cc(F)c1F)N1CCN(c2ccccn2)CC1,10.0,1,0.0,10.0,10.0,2017,2017,1,1,O=C(c1cccc(Cc2n[nH]c(=O)c3ccccc23)c1)N1CCN(c2ccccn2)CC1,0.0
O=C(c1cc(Cc2n[nH]c(=O)c3ccccc23)cc(F)c1F)N1CCN(c2ccncc2)CC1,9.05,1,0.0,9.05,9.05,2017,2017,1,1,O=C(c1cccc(Cc2n[nH]c(=O)c3ccccc23)c1)N1CCN(c2ccncc2)CC1,0.0
O=C(c1cc(Cc2n[nH]c(=O)c3ccccc23)cc(F)c1F)N1CCN(c2ncc(Br)cn2)CC1,6.76,1,0.0,6.76,6.76,2017,2017,1,1,O=C(c1cccc(Cc2n[nH]c(=O)c3ccccc23)c1)N1CCN(c2ncccn2)CC1,0.0
O=C(c1cc(Cc2n[nH]c(=O)c3ccccc23)cc(F)c1F)N1CCN(c2ncc(C(F)(F)F)cn2)CC1,7.15,1,0.0,7.15,7.15,2017,2017,1,1,O=C(c1cccc(Cc2n[nH]c(=O)c3ccccc23)c1)N1CCN(c2ncccn2)CC1,0.0
O=C(c1cc(Cc2n[nH]c(=O)c3ccccc23)cc(F)c1F)N1CCN(c2nccc(Br)n2)CC1,6.96,1,0.0,6.96,6.96,2017,2017,1,1,O=C(c1cccc(Cc2n[nH]c(=O)c3ccccc23)c1)N1CCN(c2ncccn2)CC1,0.0
O=C(c1cc(Cc2n[nH]c(=O)c3ccccc23)cc(F)c1F)N1CCN(c2ncccn2)CC1,8.54,1,0.0,8.54,8.54,2017,2017,1,1,O=C(c1cccc(Cc2n[nH]c(=O)c3ccccc23)c1)N1CCN(c2ncccn2)CC1,0.0
O=C(c1cc(Cc2n[nH]c(=O)c3ccccc23)cc(F)c1F)N1CCN(c2nccs2)CC1,9.7,1,0.0,9.7,9.7,2017,2017,1,1,O=C(c1cccc(Cc2n[nH]c(=O)c3ccccc23)c1)N1CCN(c2nccs2)CC1,0.0
O=C(c1cc(Cc2n[nH]c(=O)c3ccccc23)cc(F)c1F)N1CCN(c2nsc3ccccc23)CC1,7.28,1,0.0,7.28,7.28,2017,2017,1,1,O=C(c1cccc(Cc2n[nH]c(=O)c3ccccc23)c1)N1CCN(c2nsc3ccccc23)CC1,0.0
O=C(c1cc(Cc2n[nH]c(=O)c3ccccc23)ccc1C(F)(F)F)N1CCN(c2cc3nc[nH]c3cn2)CC1,8.1,1,0.0,8.1,8.1,2019,2019,1,1,O=C(c1cccc(Cc2n[nH]c(=O)c3ccccc23)c1)N1CCN(c2cc3nc[nH]c3cn2)CC1,0.0
O=C(c1cc(Cc2n[nH]c(=O)c3ccccc23)ccc1C(F)(F)F)N1CCN(c2ccc3[nH]c(=O)[nH]c3n2)CC1,8.22,1,0.0,8.22,8.22,2019,2019,1,1,O=C(c1cccc(Cc2n[nH]c(=O)c3ccccc23)c1)N1CCN(c2ccc3[nH]c(=O)[nH]c3n2)CC1,0.0
O=C(c1cc(Cc2n[nH]c(=O)c3ccccc23)ccc1C(F)(F)F)N1CCN(c2ccc3[nH]cnc3n2)CC1,8.7,1,0.0,8.7,8.7,2019,2019,1,1,O=C(c1cccc(Cc2n[nH]c(=O)c3ccccc23)c1)N1CCN(c2ccc3[nH]cnc3n2)CC1,0.0
O=C(c1cc(Cc2n[nH]c(=O)c3ccccc23)ccc1C(F)(F)F)N1CCN(c2ccc3[nH]nnc3n2)CC1,8.15,1,0.0,8.15,8.15,2019,2019,1,1,O=C(c1cccc(Cc2n[nH]c(=O)c3ccccc23)c1)N1CCN(c2ccc3[nH]nnc3n2)CC1,0.0
O=C(c1cc(Cc2n[nH]c(=O)c3ccccc23)ccc1C(F)(F)F)N1CCN(c2cnc3[nH]cnc3c2)CC1,8.7,1,0.0,8.7,8.7,2019,2019,1,1,O=C(c1cccc(Cc2n[nH]c(=O)c3ccccc23)c1)N1CCN(c2cnc3[nH]cnc3c2)CC1,0.0
O=C(c1cc(Cc2n[nH]c(=O)c3ccccc23)ccc1F)N1CCC(c2nc3ccccc3[nH]2)CC1,9.2,1,0.0,9.2,9.2,2021,2021,1,1,O=C(c1cccc(Cc2n[nH]c(=O)c3ccccc23)c1)N1CCC(c2nc3ccccc3[nH]2)CC1,0.0
O=C(c1cc(Cc2n[nH]c(=O)c3ccccc23)ccc1F)N1CCCN(C(=O)C2CC2)CC1,7.92,1,0.0,7.92,7.92,2008,2008,1,1,O=C(c1cccc(Cc2n[nH]c(=O)c3ccccc23)c1)N1CCCN(C(=O)C2CC2)CC1,0.0
O=C(c1cc(Cc2n[nH]c(=O)c3ccccc23)ccc1F)N1CCCN(C(=O)N2CCOCC2)CC1,8.1,1,0.0,8.1,8.1,2008,2008,1,1,O=C(c1cccc(Cc2n[nH]c(=O)c3ccccc23)c1)N1CCCN(C(=O)N2CCOCC2)CC1,0.0
O=C(c1cc(Cc2n[nH]c(=O)c3ccccc23)ccc1F)N1CCCN(CCO)CC1,8.15,1,0.0,8.15,8.15,2008,2008,1,1,O=C(c1cccc(Cc2n[nH]c(=O)c3ccccc23)c1)N1CCCNCC1,0.0
O=C(c1cc(Cc2n[nH]c(=O)c3ccccc23)ccc1F)N1CCCNCC1,8.15,1,0.0,8.15,8.15,2006,2006,1,1,O=C(c1cccc(Cc2n[nH]c(=O)c3ccccc23)c1)N1CCCNCC1,0.0
O=C(c1cc(Cc2n[nH]c(=O)c3ccccc23)ccc1F)N1CCN(C(=O)C2CCCC2)CC1,8.7,1,0.0,8.7,8.7,2008,2008,1,1,O=C(c1cccc(Cc2n[nH]c(=O)c3ccccc23)c1)N1CCN(C(=O)C2CCCC2)CC1,0.0
O=C(c1cc(Cc2n[nH]c(=O)c3ccccc23)ccc1F)N1CCN(C(=O)C2CCCCC2)CC1,7.82,1,0.0,7.82,7.82,2008,2008,1,1,O=C(c1cccc(Cc2n[nH]c(=O)c3ccccc23)c1)N1CCN(C(=O)C2CCCCC2)CC1,0.0
O=C(c1cc(Cc2n[nH]c(=O)c3ccccc23)ccc1F)N1CCN(C(=O)C2CCCO2)CC1,8.52,1,0.0,8.52,8.52,2008,2008,1,1,O=C(c1cccc(Cc2n[nH]c(=O)c3ccccc23)c1)N1CCN(C(=O)C2CCCO2)CC1,0.0
O=C(c1cc(Cc2n[nH]c(=O)c3ccccc23)ccc1F)N1CCN(C(=O)C2CCOC2)CC1,8.7,1,0.0,8.7,8.7,2008,2008,1,1,O=C(c1cccc(Cc2n[nH]c(=O)c3ccccc23)c1)N1CCN(C(=O)C2CCOC2)CC1,0.0
O=C(c1cc(Cc2n[nH]c(=O)c3ccccc23)ccc1F)N1CCN(C(=O)N2CCOCC2)CC1,8.22,1,0.0,8.22,8.22,2008,2008,1,1,O=C(c1cccc(Cc2n[nH]c(=O)c3ccccc23)c1)N1CCN(C(=O)N2CCOCC2)CC1,0.0
O=C(c1cc(Cc2n[nH]c(=O)c3ccccc23)ccc1F)N1CCN(CC2CC2)CC1,8.4,1,0.0,8.4,8.4,2008,2008,1,1,O=C(c1cccc(Cc2n[nH]c(=O)c3ccccc23)c1)N1CCN(CC2CC2)CC1,0.0
O=C(c1cc(Cc2n[nH]c(=O)c3ccccc23)ccc1F)N1CCN(CCO)CC1,7.92,1,0.0,7.92,7.92,2008,2008,1,1,O=C(c1cccc(Cc2n[nH]c(=O)c3ccccc23)c1)N1CCNCC1,0.0
O=C(c1cc(Cc2n[nH]c(=O)c3ccccc23)ccc1F)N1CCN(S(=O)(=O)c2ccc(I)cc2)CC1,7.65,1,0.0,7.65,7.65,2015,2015,1,1,O=C(c1cccc(Cc2n[nH]c(=O)c3ccccc23)c1)N1CCN(S(=O)(=O)c2ccccc2)CC1,0.0
O=C(c1cc(Cc2n[nH]c(=O)c3ccccc23)ccc1F)N1CCN(c2cc3nc[nH]c3cn2)CC1,8.52,1,0.0,8.52,8.52,2019,2019,1,1,O=C(c1cccc(Cc2n[nH]c(=O)c3ccccc23)c1)N1CCN(c2cc3nc[nH]c3cn2)CC1,0.0
O=C(c1cc(Cc2n[nH]c(=O)c3ccccc23)ccc1F)N1CCN(c2ccc3[nH]c(=O)[nH]c3n2)CC1,9.0,1,0.0,9.0,9.0,2019,2019,1,1,O=C(c1cccc(Cc2n[nH]c(=O)c3ccccc23)c1)N1CCN(c2ccc3[nH]c(=O)[nH]c3n2)CC1,0.0
O=C(c1cc(Cc2n[nH]c(=O)c3ccccc23)ccc1F)N1CCN(c2ccc3[nH]c(C(F)(F)F)nc3n2)CC1,8.22,1,0.0,8.22,8.22,2019,2019,1,1,O=C(c1cccc(Cc2n[nH]c(=O)c3ccccc23)c1)N1CCN(c2ccc3[nH]cnc3n2)CC1,0.0
O=C(c1cc(Cc2n[nH]c(=O)c3ccccc23)ccc1F)N1CCN(c2ccc3[nH]cnc3n2)CC1,9.0,1,0.0,9.0,9.0,2019,2019,1,1,O=C(c1cccc(Cc2n[nH]c(=O)c3ccccc23)c1)N1CCN(c2ccc3[nH]cnc3n2)CC1,0.0
O=C(c1cc(Cc2n[nH]c(=O)c3ccccc23)ccc1F)N1CCN(c2ccc3[nH]nnc3n2)CC1,8.7,1,0.0,8.7,8.7,2019,2019,1,1,O=C(c1cccc(Cc2n[nH]c(=O)c3ccccc23)c1)N1CCN(c2ccc3[nH]nnc3n2)CC1,0.0
O=C(c1cc(Cc2n[nH]c(=O)c3ccccc23)ccc1F)N1CCN(c2ccccc2)CC1,8.3,1,0.0,8.3,8.3,2008,2008,1,1,O=C(c1cccc(Cc2n[nH]c(=O)c3ccccc23)c1)N1CCN(c2ccccc2)CC1,0.0
O=C(c1cc(Cc2n[nH]c(=O)c3ccccc23)ccc1F)N1CCN(c2ccccn2)CC1,8.7,1,0.0,8.7,8.7,2008,2008,1,1,O=C(c1cccc(Cc2n[nH]c(=O)c3ccccc23)c1)N1CCN(c2ccccn2)CC1,0.0
O=C(c1cc(Cc2n[nH]c(=O)c3ccccc23)ccc1F)N1CCN(c2cnc3[nH]cnc3c2)CC1,8.1,1,0.0,8.1,8.1,2019,2019,1,1,O=C(c1cccc(Cc2n[nH]c(=O)c3ccccc23)c1)N1CCN(c2cnc3[nH]cnc3c2)CC1,0.0
O=C(c1cc(Cc2n[nH]c(=O)c3ccccc23)ccc1F)N1CCN(c2nc(-c3ccc4[nH]ccc4c3)nc(N3CCOCC3)n2)CC1,9.16,1,0.0,9.16,9.16,2020,2020,1,1,O=C(c1cccc(Cc2n[nH]c(=O)c3ccccc23)c1)N1CCN(c2nc(-c3ccc4[nH]ccc4c3)nc(N3CCOCC3)n2)CC1,0.0
O=C(c1cc(Cc2n[nH]c(=O)c3ccccc23)ccc1F)N1CCN(c2nc(-c3ccc4cn[nH]c4c3)nc(N3CCOCC3)n2)CC1,9.17,1,0.0,9.17,9.17,2020,2020,1,1,O=C(c1cccc(Cc2n[nH]c(=O)c3ccccc23)c1)N1CCN(c2nc(-c3ccc4cn[nH]c4c3)nc(N3CCOCC3)n2)CC1,0.0
O=C(c1cc(Cc2n[nH]c(=O)c3ccccc23)ccc1F)N1CCN(c2nc(-c3cccc4[nH]ccc34)nc(N3CCOCC3)n2)CC1,9.19,1,0.0,9.19,9.19,2020,2020,1,1,O=C(c1cccc(Cc2n[nH]c(=O)c3ccccc23)c1)N1CCN(c2nc(-c3cccc4[nH]ccc34)nc(N3CCOCC3)n2)CC1,0.0
O=C(c1cc(Cc2n[nH]c(=O)c3ccccc23)ccc1F)N1CCN(c2nc(-c3cccc4[nH]ncc34)nc(N3CCOCC3)n2)CC1,9.36,1,0.0,9.36,9.36,2020,2020,1,1,O=C(c1cccc(Cc2n[nH]c(=O)c3ccccc23)c1)N1CCN(c2nc(-c3cccc4[nH]ncc34)nc(N3CCOCC3)n2)CC1,0.0
O=C(c1cc(Cc2n[nH]c(=O)c3ccccc23)ccc1F)N1CCN(c2nc3ccccc3[nH]2)CC1,9.72,1,0.0,9.72,9.72,2021,2021,1,1,O=C(c1cccc(Cc2n[nH]c(=O)c3ccccc23)c1)N1CCN(c2nc3ccccc3[nH]2)CC1,0.0
O=C(c1cc(Cc2n[nH]c(=O)c3ccccc23)ccc1F)N1CCN(c2ncc3[nH]cnc3n2)CC1,7.96,1,0.0,7.96,7.96,2019,2019,1,1,O=C(c1cccc(Cc2n[nH]c(=O)c3ccccc23)c1)N1CCN(c2ncc3[nH]cnc3n2)CC1,0.0
O=C(c1cc(Cc2n[nH]c(=O)c3ccccc23)ccc1F)N1CCN(c2ncccn2)CC1,8.52,1,0.0,8.52,8.52,2008,2008,1,1,O=C(c1cccc(Cc2n[nH]c(=O)c3ccccc23)c1)N1CCN(c2ncccn2)CC1,0.0
O=C(c1cc(Cc2n[nH]c(=O)c3ccccc23)ccc1F)N1CCNCC1,8.3,1,0.0,8.3,8.3,2008,2008,1,1,O=C(c1cccc(Cc2n[nH]c(=O)c3ccccc23)c1)N1CCNCC1,0.0
O=C(c1cc(Cc2n[nH]c(=O)c3ccccc23)ccc1F)N1CCc2c(nc(-c3cccc4[nH]ccc34)nc2N2CCOCC2)C1,8.31,1,0.0,8.31,8.31,2020,2020,1,1,O=C(c1cccc(Cc2n[nH]c(=O)c3ccccc23)c1)N1CCc2c(nc(-c3cccc4[nH]ccc34)nc2N2CCOCC2)C1,0.0
O=C(c1cc(Cc2n[nH]c(=O)c3ccccc23)ccc1F)N1CCc2c(nc(-c3cccc4[nH]ncc34)nc2N2CCOCC2)C1,8.21,1,0.0,8.21,8.21,2020,2020,1,1,O=C(c1cccc(Cc2n[nH]c(=O)c3ccccc23)c1)N1CCc2c(nc(-c3cccc4[nH]ncc34)nc2N2CCOCC2)C1,0.0
O=C(c1cc(Cc2n[nH]c(=O)c3ccccc23)ccc1F)N1CCc2cccc3c2C1CC3F,6.25,1,0.0,6.25,6.25,2013,2013,1,1,O=C(c1cccc(Cc2n[nH]c(=O)c3ccccc23)c1)N1CCc2cccc3c2C1CC3,0.0
O=C(c1cc(Cc2n[nH]c(=O)c3ccccc23)ccc1F)N1CCc2cccc3c2C1CC3O,4.06,1,0.0,4.06,4.06,2013,2013,1,1,O=C(c1cccc(Cc2n[nH]c(=O)c3ccccc23)c1)N1CCc2cccc3c2C1CC3,0.0
O=C(c1cc(Cc2n[nH]c(=O)c3ccccc23)ccc1F)N1CCc2ccccc2C1C1CC1,6.74,1,0.0,6.74,6.74,2023,2023,1,1,O=C(c1cccc(Cc2n[nH]c(=O)c3ccccc23)c1)N1CCc2ccccc2C1C1CC1,0.0
O=C(c1cc(Cc2n[nH]c(=O)c3ccccc23)ccc1F)N1CCn2c(nc3ccc(Cl)cc32)C1,9.4,1,0.0,9.4,9.4,2021,2021,1,1,O=C(c1cccc(Cc2n[nH]c(=O)c3ccccc23)c1)N1CCn2c(nc3ccccc32)C1,0.0
O=C(c1cc(Cc2n[nH]c(=O)c3ccccc23)ccc1F)N1CCn2c(nc3ccc(F)cc32)C1,9.29,1,0.0,9.29,9.29,2021,2021,1,1,O=C(c1cccc(Cc2n[nH]c(=O)c3ccccc23)c1)N1CCn2c(nc3ccccc32)C1,0.0
O=C(c1cc(Cc2n[nH]c(=O)c3ccccc23)ccc1F)N1CCn2c(nc3ccccc32)C1,9.31,1,0.0,9.31,9.31,2021,2021,1,1,O=C(c1cccc(Cc2n[nH]c(=O)c3ccccc23)c1)N1CCn2c(nc3ccccc32)C1,0.0
O=C(c1cc(Cc2n[nH]c(=O)c3ccccc23)ccc1F)N1CCn2c(nnc2-c2ccc(C(F)(F)CO)o2)C1,8.25,1,0.0,8.25,8.25,2023,2023,1,1,O=C(c1cccc(Cc2n[nH]c(=O)c3ccccc23)c1)N1CCn2c(nnc2-c2ccco2)C1,0.0
O=C(c1cc(Cc2n[nH]c(=O)c3ccccc23)ccc1F)N1CCn2c(nnc2-c2ccc(C(F)(F)F)o2)C1,7.21,1,0.0,7.21,7.21,2023,2023,1,1,O=C(c1cccc(Cc2n[nH]c(=O)c3ccccc23)c1)N1CCn2c(nnc2-c2ccco2)C1,0.0
O=C(c1cc(Cc2n[nH]c(=O)c3ccccc23)ccc1F)N1CCn2c(nnc2-c2ccc(C(F)F)o2)C1,7.64,1,0.0,7.64,7.64,2023,2023,1,1,O=C(c1cccc(Cc2n[nH]c(=O)c3ccccc23)c1)N1CCn2c(nnc2-c2ccco2)C1,0.0
O=C(c1cc(Cc2n[nH]c(=O)c3ccccc23)ccc1F)N1CCn2c(nnc2-c2ccc(C3CCOCC3)o2)C1,8.63,1,0.0,8.63,8.63,2023,2023,1,1,O=C(c1cccc(Cc2n[nH]c(=O)c3ccccc23)c1)N1CCn2c(nnc2-c2ccc(C3CCOCC3)o2)C1,0.0
O=C(c1cc(Cc2n[nH]c(=O)c3ccccc23)ccc1F)N1CCn2c(nnc2-c2ccc(C3COC3)o2)C1,8.21,1,0.0,8.21,8.21,2023,2023,1,1,O=C(c1cccc(Cc2n[nH]c(=O)c3ccccc23)c1)N1CCn2c(nnc2-c2ccc(C3COC3)o2)C1,0.0
O=C(c1cc(Cc2n[nH]c(=O)c3ccccc23)ccc1F)N1CCn2c(nnc2-c2ccc(CN3CCC3)o2)C1,9.02,1,0.0,9.02,9.02,2023,2023,1,1,O=C(c1cccc(Cc2n[nH]c(=O)c3ccccc23)c1)N1CCn2c(nnc2-c2ccc(CN3CCC3)o2)C1,0.0
O=C(c1cc(Cc2n[nH]c(=O)c3ccccc23)ccc1F)N1CCn2c(nnc2-c2ccc(CN3CCCC3)o2)C1,8.9,1,0.0,8.9,8.9,2023,2023,1,1,O=C(c1cccc(Cc2n[nH]c(=O)c3ccccc23)c1)N1CCn2c(nnc2-c2ccc(CN3CCCC3)o2)C1,0.0
O=C(c1cc(Cc2n[nH]c(=O)c3ccccc23)ccc1F)N1CCn2c(nnc2-c2ccc(CN3CCCCC3)o2)C1,9.77,1,0.0,9.77,9.77,2023,2023,1,1,O=C(c1cccc(Cc2n[nH]c(=O)c3ccccc23)c1)N1CCn2c(nnc2-c2ccc(CN3CCCCC3)o2)C1,0.0
O=C(c1cc(Cc2n[nH]c(=O)c3ccccc23)ccc1F)N1CCn2c(nnc2-c2ccc(CN3CCOCC3)o2)C1,8.89,1,0.0,8.89,8.89,2023,2023,1,1,O=C(c1cccc(Cc2n[nH]c(=O)c3ccccc23)c1)N1CCn2c(nnc2-c2ccc(CN3CCOCC3)o2)C1,0.0
O=C(c1cc(Cc2n[nH]c(=O)c3ccccc23)ccc1F)N1CCn2c(nnc2-c2ccc(CN3CCSCC3)o2)C1,10.7,1,0.0,10.7,10.7,2023,2023,1,1,O=C(c1cccc(Cc2n[nH]c(=O)c3ccccc23)c1)N1CCn2c(nnc2-c2ccc(CN3CCSCC3)o2)C1,0.0
O=C(c1cc(Cc2n[nH]c(=O)c3ccccc23)ccc1F)N1CCn2c(nnc2-c2ccc(Cl)o2)C1,9.13,1,0.0,9.13,9.13,2023,2023,1,1,O=C(c1cccc(Cc2n[nH]c(=O)c3ccccc23)c1)N1CCn2c(nnc2-c2ccco2)C1,0.0
O=C(c1cc(Cc2n[nH]c(=O)c3ccccc23)ccc1F)N1CCn2c(nnc2-c2ccc([N+](=O)[O-])o2)C1,7.33,1,0.0,7.33,7.33,2023,2023,1,1,O=C(c1cccc(Cc2n[nH]c(=O)c3ccccc23)c1)N1CCn2c(nnc2-c2ccco2)C1,0.0
O=C(c1cc(Cc2n[nH]c(=O)c3ccccc23)ccc1F)N1CCn2c(nnc2-c2ccco2)C1,9.59,1,0.0,9.59,9.59,2023,2023,1,1,O=C(c1cccc(Cc2n[nH]c(=O)c3ccccc23)c1)N1CCn2c(nnc2-c2ccco2)C1,0.0
O=C(c1cc(Cc2n[nH]c(=O)c3ccccc23)ccc1F)N1CCn2c(nnc2-c2ccno2)C1,9.01,1,0.0,9.01,9.01,2023,2023,1,1,O=C(c1cccc(Cc2n[nH]c(=O)c3ccccc23)c1)N1CCn2c(nnc2-c2ccno2)C1,0.0
O=C(c1cc(Cc2n[nH]c(=O)c3ccccc23)ccc1F)N1CCn2c(nnc2-c2ccoc2)C1,9.36,1,0.0,9.36,9.36,2023,2023,1,1,O=C(c1cccc(Cc2n[nH]c(=O)c3ccccc23)c1)N1CCn2c(nnc2-c2ccoc2)C1,0.0
O=C(c1cc(Cc2n[nH]c(=O)c3ccccc23)ccc1F)N1CCn2c(nnc2C(F)(F)F)C1,7.82,1,0.0,7.82,7.82,2016,2016,1,1,O=C(c1cccc(Cc2n[nH]c(=O)c3ccccc23)c1)N1CCn2cnnc2C1,0.0
O=C(c1cc(Cc2n[nH]c(=O)c3ccccc23)ccc1F)N1CCn2c(nnc2C2CCOC2)C1,8.72,1,0.0,8.72,8.72,2023,2023,1,1,O=C(c1cccc(Cc2n[nH]c(=O)c3ccccc23)c1)N1CCn2c(nnc2C2CCOC2)C1,0.0
O=C(c1cc(Cc2n[nH]c(=O)c3ccccc23)ccc1F)N1CCn2cccc2C1,8.3,1,0.0,8.3,8.3,2016,2016,1,1,O=C(c1cccc(Cc2n[nH]c(=O)c3ccccc23)c1)N1CCn2cccc2C1,0.0
O=C(c1cc(Cc2n[nH]c(=O)c3ccccc23)ccc1F)N1CCn2nc(C(F)(F)F)nc2C1,7.99,1,0.0,7.99,7.99,2016,2016,1,1,O=C(c1cccc(Cc2n[nH]c(=O)c3ccccc23)c1)N1CCn2ncnc2C1,0.0
O=C(c1cc(Cc2n[nH]c(=O)c3ccccc23)ccc1F)N1Cc2cccc3c2C(C1)NCC3,5.86,1,0.0,5.86,5.86,2013,2013,1,1,O=C(c1cccc(Cc2n[nH]c(=O)c3ccccc23)c1)N1Cc2cccc3c2C(C1)NCC3,0.0
O=C(c1cc(Cc2nnc(O)c3ccccc23)ccc1F)N1CCCN(C2CCCCC2)CC1,8.3,1,0.0,8.3,8.3,2006,2006,1,1,O=C(c1cccc(Cc2nncc3ccccc23)c1)N1CCCN(C2CCCCC2)CC1,0.0
O=C(c1cc(Cc2nnc(O)c3ccccc23)ccc1F)N1CCCN(CC2CC2)CC1,8.3,1,0.0,8.3,8.3,2006,2006,1,1,O=C(c1cccc(Cc2nncc3ccccc23)c1)N1CCCN(CC2CC2)CC1,0.0
O=C(c1cc(Oc2n[nH]c(=O)c3ccccc23)ccc1F)N1CCN(C(=O)C2CCC(F)(F)CC2)CC1,7.89,1,0.0,7.89,7.89,2015,2015,1,1,O=C(c1cccc(Oc2n[nH]c(=O)c3ccccc23)c1)N1CCN(C(=O)C2CCCCC2)CC1,0.0
O=C(c1cc(Oc2n[nH]c(=O)c3ccccc23)ccc1F)N1CCN(C(=O)C2CCCCC2)CC1,7.77,1,0.0,7.77,7.77,2015,2015,1,1,O=C(c1cccc(Oc2n[nH]c(=O)c3ccccc23)c1)N1CCN(C(=O)C2CCCCC2)CC1,0.0
O=C(c1cc(Oc2n[nH]c(=O)c3ccccc23)ccc1F)N1CCN(C(=O)N2CCCCC2)CC1,8.05,1,0.0,8.05,8.05,2015,2015,1,1,O=C(c1cccc(Oc2n[nH]c(=O)c3ccccc23)c1)N1CCN(C(=O)N2CCCCC2)CC1,0.0
O=C(c1cc(Oc2n[nH]c(=O)c3ccccc23)ccc1F)N1CCN(C(=O)c2ccccc2[N+](=O)[O-])CC1,7.82,1,0.0,7.82,7.82,2015,2015,1,1,O=C(c1ccccc1)N1CCN(C(=O)c2cccc(Oc3n[nH]c(=O)c4ccccc34)c2)CC1,0.0
O=C(c1cc2[nH]c(=O)c3ccccc3n2n1)N1CCC(CN2CCOCC2)CC1,5.96,1,0.0,5.96,5.96,2009,2009,1,1,O=C(c1cc2[nH]c(=O)c3ccccc3n2n1)N1CCC(CN2CCOCC2)CC1,0.0
O=C(c1cc2[nH]c(=O)c3ccccc3n2n1)N1CCCC(CN2CCOCC2)C1,6.16,1,0.0,6.16,6.16,2009,2009,1,1,O=C(c1cc2[nH]c(=O)c3ccccc3n2n1)N1CCCC(CN2CCOCC2)C1,0.0
O=C(c1cc2[nH]c(=O)c3ccccc3n2n1)N1CCCNCC1,7.52,1,0.0,7.52,7.52,2009,2009,1,1,O=C(c1cc2[nH]c(=O)c3ccccc3n2n1)N1CCCNCC1,0.0
O=C(c1cc2[nH]c(=O)c3ccccc3n2n1)N1CCN(CC2CC2)CC1,6.52,1,0.0,6.52,6.52,2009,2009,1,1,O=C(c1cc2[nH]c(=O)c3ccccc3n2n1)N1CCN(CC2CC2)CC1,0.0
O=C(c1cc2[nH]c(=O)c3ccccc3n2n1)N1CCN2CCC[C@H]2C1,6.22,1,0.0,6.22,6.22,2009,2009,1,1,O=C(c1cc2[nH]c(=O)c3ccccc3n2n1)N1CCN2CCCC2C1,0.0
O=C(c1ccc(-c2cc3[nH]c(=O)c4ccccc4n3n2)cc1)N1CCN2CCC[C@H]2C1,5.6,1,0.0,5.6,5.6,2009,2009,1,1,O=C(c1ccc(-c2cc3[nH]c(=O)c4ccccc4n3n2)cc1)N1CCN2CCCC2C1,0.0
O=C(c1ccc(Br)cc1)N1CCN(C(=O)c2csc(Cc3n[nH]c(=O)c4ccccc34)c2)CC1,7.14,1,0.0,7.14,7.14,2014,2014,1,1,O=C(c1ccccc1)N1CCN(C(=O)c2csc(Cc3n[nH]c(=O)c4ccccc34)c2)CC1,0.0
O=C(c1ccc(Cl)cc1)C1CCN(C2CCN(Cc3nc4c(c(=O)[nH]3)COCC4)C2=O)CC1,4.78,1,0.0,4.78,4.78,2015,2015,1,1,O=C(c1ccccc1)C1CCN(C2CCN(Cc3nc4c(c(=O)[nH]3)COCC4)C2=O)CC1,0.0
O=C(c1ccc(Cl)cc1)N1CCN(Cc2c(O)cc(O)c3c(=O)cc(-c4ccc(O)cc4)oc23)CC1,7.25,1,0.0,7.25,7.25,2021,2021,1,1,O=C(c1ccccc1)N1CCN(Cc2cccc3c(=O)cc(-c4ccccc4)oc23)CC1,0.0
O=C(c1ccc(F)cc1)C1CCN(C2CCN(Cc3nc4c(c(=O)[nH]3)COCC4)C2=O)CC1,4.63,1,0.0,4.63,4.63,2015,2015,1,1,O=C(c1ccccc1)C1CCN(C2CCN(Cc3nc4c(c(=O)[nH]3)COCC4)C2=O)CC1,0.0
O=C(c1ccc(F)cc1)C1CCN(CC(=O)N(Cc2nc3c(c(=O)[nH]2)COCC3)Cc2cccs2)CC1,6.85,1,0.0,6.85,6.85,2013,2013,1,1,O=C(c1ccccc1)C1CCN(CC(=O)N(Cc2nc3c(c(=O)[nH]2)COCC3)Cc2cccs2)CC1,0.0
O=C(c1ccc(F)cc1)C1CCN([C@H]2CCN(Cc3nc4c(c(=O)[nH]3)COCC4)C2=O)CC1,4.43,1,0.0,4.43,4.43,2015,2015,1,1,O=C(c1ccccc1)C1CCN(C2CCN(Cc3nc4c(c(=O)[nH]3)COCC4)C2=O)CC1,0.0
O=C(c1ccc(I)cc1)N1CCN(C(=O)c2cc(Cc3n[nH]c(=O)c4ccccc34)ccc2F)CC1,8.48,1,0.0,8.48,8.48,2015,2015,1,1,O=C(c1ccccc1)N1CCN(C(=O)c2cccc(Cc3n[nH]c(=O)c4ccccc34)c2)CC1,0.0
O=C(c1ccc2[nH]c(=O)c3c(c2c1)CCSC3)N1CCCCC1,6.76,1,0.0,6.76,6.76,2012,2012,1,1,O=C(c1ccc2[nH]c(=O)c3c(c2c1)CCSC3)N1CCCCC1,0.0
O=C(c1ccc2[nH]c(=O)c3c(c2c1)CCSC3)N1CCN(C2CCCC2)CC1,7.33,1,0.0,7.33,7.33,2012,2012,1,1,O=C(c1ccc2[nH]c(=O)c3c(c2c1)CCSC3)N1CCN(C2CCCC2)CC1,0.0
O=C(c1ccc2[nH]c(=O)c3c(c2c1)CCSC3)N1CCN(C2CCCCC2)CC1,7.17,1,0.0,7.17,7.17,2012,2012,1,1,O=C(c1ccc2[nH]c(=O)c3c(c2c1)CCSC3)N1CCN(C2CCCCC2)CC1,0.0
O=C(c1ccc2[nH]c(=O)c3c(c2c1)CCSC3)N1CCN(C2CCCCCC2)CC1,7.17,1,0.0,7.17,7.17,2012,2012,1,1,O=C(c1ccc2[nH]c(=O)c3c(c2c1)CCSC3)N1CCN(C2CCCCCC2)CC1,0.0
O=C(c1ccc2[nH]c(=O)c3c(c2c1)CCSC3)N1CCN(CCCC(F)(F)F)CC1,6.87,1,0.0,6.87,6.87,2012,2012,1,1,O=C(c1ccc2[nH]c(=O)c3c(c2c1)CCSC3)N1CCNCC1,0.0
O=C(c1ccc2[nH]c(=O)c3c(c2c1)CCSC3)N1CCN(CCc2ccccc2)CC1,7.72,1,0.0,7.72,7.72,2012,2012,1,1,O=C(c1ccc2[nH]c(=O)c3c(c2c1)CCSC3)N1CCN(CCc2ccccc2)CC1,0.0
O=C(c1ccc2[nH]c(=O)c3c(c2c1)CCSC3)N1CCN(Cc2ccccc2)CC1,6.73,1,0.0,6.73,6.73,2012,2012,1,1,O=C(c1ccc2[nH]c(=O)c3c(c2c1)CCSC3)N1CCN(Cc2ccccc2)CC1,0.0
O=C(c1ccc2[nH]c(=O)c3c(c2c1)CCSC3)N1CCN(c2ccccc2)CC1,6.63,1,0.0,6.63,6.63,2012,2012,1,1,O=C(c1ccc2[nH]c(=O)c3c(c2c1)CCSC3)N1CCN(c2ccccc2)CC1,0.0
O=C(c1ccc2[nH]c(=O)c3c(c2c1)CCSC3)N1CCN(c2ccncc2)CC1,7.7,1,0.0,7.7,7.7,2012,2012,1,1,O=C(c1ccc2[nH]c(=O)c3c(c2c1)CCSC3)N1CCN(c2ccncc2)CC1,0.0
O=C(c1ccc2[nH]c(=O)c3c(c2c1)CCSC3)N1CCNCC1,8.1,1,0.0,8.1,8.1,2012,2012,1,1,O=C(c1ccc2[nH]c(=O)c3c(c2c1)CCSC3)N1CCNCC1,0.0
O=C(c1cccc(-c2cc3[nH]c(=O)c4ccccc4n3n2)c1)N1CCN2CCC[C@H]2C1,6.3,1,0.0,6.3,6.3,2009,2009,1,1,O=C(c1cccc(-c2cc3[nH]c(=O)c4ccccc4n3n2)c1)N1CCN2CCCC2C1,0.0
O=C(c1cccc(C(F)(F)F)c1)N1CCN(Cc2c(O)cc(O)c3c(=O)cc(-c4ccc(O)cc4)oc23)CC1,7.38,1,0.0,7.38,7.38,2021,2021,1,1,O=C(c1ccccc1)N1CCN(Cc2cccc3c(=O)cc(-c4ccccc4)oc23)CC1,0.0
O=C(c1cccc(Cc2n[nH]c(=O)c3ccccc23)c1)N1CCCN(C(=O)N2CCOCC2)CC1,7.7,1,0.0,7.7,7.7,2008,2008,1,1,O=C(c1cccc(Cc2n[nH]c(=O)c3ccccc23)c1)N1CCCN(C(=O)N2CCOCC2)CC1,0.0
O=C(c1cccc(Cc2n[nH]c(=O)c3ccccc23)c1)N1CCCN(CCO)CC1,7.75,1,0.0,7.75,7.75,2008,2008,1,1,O=C(c1cccc(Cc2n[nH]c(=O)c3ccccc23)c1)N1CCCNCC1,0.0
O=C(c1cccc(Cc2n[nH]c(=O)c3ccccc23)c1)N1CCCN(Cc2ccccc2)CC1,7.75,1,0.0,7.75,7.75,2008,2008,1,1,O=C(c1cccc(Cc2n[nH]c(=O)c3ccccc23)c1)N1CCCN(Cc2ccccc2)CC1,0.0
O=C(c1cccc(Cc2n[nH]c(=O)c3ccccc23)c1)N1CCN(C(=O)C2CCCC2)CC1,8.1,1,0.0,8.1,8.1,2008,2008,1,1,O=C(c1cccc(Cc2n[nH]c(=O)c3ccccc23)c1)N1CCN(C(=O)C2CCCC2)CC1,0.0
O=C(c1cccc(Cc2n[nH]c(=O)c3ccccc23)c1)N1CCN(C(=O)N2CCOCC2)CC1,8.1,1,0.0,8.1,8.1,2008,2008,1,1,O=C(c1cccc(Cc2n[nH]c(=O)c3ccccc23)c1)N1CCN(C(=O)N2CCOCC2)CC1,0.0
O=C(c1cccc(Cc2n[nH]c(=O)c3ccccc23)c1)N1CCN(CCO)CC1,7.41,1,0.0,7.41,7.41,2008,2008,1,1,O=C(c1cccc(Cc2n[nH]c(=O)c3ccccc23)c1)N1CCNCC1,0.0
O=C(c1cccc(Cc2n[nH]c(=O)c3ccccc23)c1)N1CCN(c2ccc3[nH]c(=O)[nH]c3n2)CC1,8.7,1,0.0,8.7,8.7,2019,2019,1,1,O=C(c1cccc(Cc2n[nH]c(=O)c3ccccc23)c1)N1CCN(c2ccc3[nH]c(=O)[nH]c3n2)CC1,0.0
O=C(c1cccc(Cc2n[nH]c(=O)c3ccccc23)c1)N1CCN(c2ccc3[nH]c(C(F)(F)F)nc3n2)CC1,8.0,1,0.0,8.0,8.0,2019,2019,1,1,O=C(c1cccc(Cc2n[nH]c(=O)c3ccccc23)c1)N1CCN(c2ccc3[nH]cnc3n2)CC1,0.0
O=C(c1cccc(Cc2n[nH]c(=O)c3ccccc23)c1)N1CCN(c2ccc3[nH]cnc3n2)CC1,9.0,1,0.0,9.0,9.0,2019,2019,1,1,O=C(c1cccc(Cc2n[nH]c(=O)c3ccccc23)c1)N1CCN(c2ccc3[nH]cnc3n2)CC1,0.0
O=C(c1cccc(Cc2n[nH]c(=O)c3ccccc23)c1)N1CCN(c2ccc3[nH]nnc3n2)CC1,8.3,1,0.0,8.3,8.3,2019,2019,1,1,O=C(c1cccc(Cc2n[nH]c(=O)c3ccccc23)c1)N1CCN(c2ccc3[nH]nnc3n2)CC1,0.0
O=C(c1cccc(Cc2n[nH]c(=O)c3ccccc23)c1)N1CCN(c2ccccc2)CC1,7.29,1,0.0,7.29,7.29,2008,2008,1,1,O=C(c1cccc(Cc2n[nH]c(=O)c3ccccc23)c1)N1CCN(c2ccccc2)CC1,0.0
O=C(c1cccc(Cc2n[nH]c(=O)c3ccccc23)c1)N1CCN(c2ccccn2)CC1,8.0,1,0.0,8.0,8.0,2008,2008,1,1,O=C(c1cccc(Cc2n[nH]c(=O)c3ccccc23)c1)N1CCN(c2ccccn2)CC1,0.0
O=C(c1cccc(Cc2n[nH]c(=O)c3ccccc23)c1)N1CCN(c2ncccn2)CC1,8.7,1,0.0,8.7,8.7,2008,2008,1,1,O=C(c1cccc(Cc2n[nH]c(=O)c3ccccc23)c1)N1CCN(c2ncccn2)CC1,0.0
O=C(c1cccc(Cc2n[nH]c(=O)c3ccccc23)c1)N1CCNCC1,8.25,2,0.6363961030678921,7.8,8.7,2006,2008,2,2,O=C(c1cccc(Cc2n[nH]c(=O)c3ccccc23)c1)N1CCNCC1,0.8999999999999995
O=C(c1cccc(Cc2n[nH]c(=O)c3ccccc23)c1)N1CCn2c(nnc2C(F)(F)F)C1,8.64,1,0.0,8.64,8.64,2016,2016,1,1,O=C(c1cccc(Cc2n[nH]c(=O)c3ccccc23)c1)N1CCn2cnnc2C1,0.0
O=C(c1cccc(Cc2nnc(O)c3ccccc23)c1)N1CCC(C(=O)N2CCCCC2)CC1,7.82,1,0.0,7.82,7.82,2006,2006,1,1,O=C(c1cccc(Cc2nncc3ccccc23)c1)N1CCC(C(=O)N2CCCCC2)CC1,0.0
O=C(c1cccc(Cc2nnc(O)c3ccccc23)c1)N1CCCN(C2CCCCC2)CC1,8.22,1,0.0,8.22,8.22,2006,2006,1,1,O=C(c1cccc(Cc2nncc3ccccc23)c1)N1CCCN(C2CCCCC2)CC1,0.0
O=C(c1cccc(Cc2nnc(O)c3ccccc23)c1)N1CCCN(CC2CC2)CC1,7.85,1,0.0,7.85,7.85,2006,2006,1,1,O=C(c1cccc(Cc2nncc3ccccc23)c1)N1CCCN(CC2CC2)CC1,0.0
O=C(c1cccc(Cc2nnc(O)c3ccccc23)c1)N1CCCN(S(=O)(=O)c2ccc(-c3ccccc3)cc2)CC1,8.22,1,0.0,8.22,8.22,2006,2006,1,1,O=C(c1cccc(Cc2nncc3ccccc23)c1)N1CCCN(S(=O)(=O)c2ccc(-c3ccccc3)cc2)CC1,0.0
O=C(c1cccc(Cc2nnc(O)c3ccccc23)c1)N1CCCN(S(=O)(=O)c2cccc(C(F)(F)F)c2)CC1,8.1,1,0.0,8.1,8.1,2006,2006,1,1,O=C(c1cccc(Cc2nncc3ccccc23)c1)N1CCCN(S(=O)(=O)c2ccccc2)CC1,0.0
O=C(c1cccc(Cc2nnc(O)c3ccccc23)c1)N1CCCNCC1,8.05,1,0.0,8.05,8.05,2006,2006,1,1,O=C(c1cccc(Cc2nncc3ccccc23)c1)N1CCCNCC1,0.0
O=C(c1cccc(Cc2nnc(O)c3ccccc23)c1)N1CCOCC1,7.4,1,0.0,7.4,7.4,2006,2006,1,1,O=C(c1cccc(Cc2nncc3ccccc23)c1)N1CCOCC1,0.0
O=C(c1cccc(Cc2nnc(O)c3ccccc23)c1)N1CCc2ccccc2C1,8.1,1,0.0,8.1,8.1,2006,2006,1,1,O=C(c1cccc(Cc2nncc3ccccc23)c1)N1CCc2ccccc2C1,0.0
O=C(c1cccc(Cl)c1)N1CCCN(CC2=Nc3cccc4c(=O)[nH]nc(c34)N2)CC1,7.54,1,0.0,7.54,7.54,2014,2014,1,1,O=C(c1ccccc1)N1CCCN(CC2=Nc3cccc4c(=O)[nH]nc(c34)N2)CC1,0.0
O=C(c1cccc(F)c1F)C1CCN(Cc2c(O)cc(O)c3c(=O)cc(-c4ccc(O)cc4)oc23)CC1,7.1,1,0.0,7.1,7.1,2021,2021,1,1,O=C(c1ccccc1)C1CCN(Cc2cccc3c(=O)cc(-c4ccccc4)oc23)CC1,0.0
O=C(c1cccc(I)c1)N1CCN(C(=O)c2cc(Cc3n[nH]c(=O)c4ccccc34)ccc2F)CC1,8.41,1,0.0,8.41,8.41,2015,2015,1,1,O=C(c1ccccc1)N1CCN(C(=O)c2cccc(Cc3n[nH]c(=O)c4ccccc34)c2)CC1,0.0
O=C(c1ccccc1)N1CCN(C(=O)c2cc(Cc3n[nH]c(=O)c4ccccc34)cc(F)c2F)CC1,8.21,1,0.0,8.21,8.21,2017,2017,1,1,O=C(c1ccccc1)N1CCN(C(=O)c2cccc(Cc3n[nH]c(=O)c4ccccc34)c2)CC1,0.0
O=C(c1ccccc1)N1CCN(C(=O)c2cc(Cc3n[nH]c(=O)c4ccccc34)ccc2F)CC1,8.22,1,0.0,8.22,8.22,2008,2008,1,1,O=C(c1ccccc1)N1CCN(C(=O)c2cccc(Cc3n[nH]c(=O)c4ccccc34)c2)CC1,0.0
O=C(c1ccccc1)N1CCN(C(=O)c2cccc(Cc3n[nH]c(=O)c4ccccc34)c2)CC1,7.96,1,0.0,7.96,7.96,2008,2008,1,1,O=C(c1ccccc1)N1CCN(C(=O)c2cccc(Cc3n[nH]c(=O)c4ccccc34)c2)CC1,0.0
O=C(c1ccccc1)N1CCN(Cc2c(O)cc(O)c3c(=O)cc(-c4ccc(O)cc4)oc23)CC1,7.29,1,0.0,7.29,7.29,2021,2021,1,1,O=C(c1ccccc1)N1CCN(Cc2cccc3c(=O)cc(-c4ccccc4)oc23)CC1,0.0
O=C(c1ccccc1C(F)(F)F)N1CCCN(CC2=Nc3cccc4c(=O)[nH]nc(c34)N2)CC1,7.37,1,0.0,7.37,7.37,2014,2014,1,1,O=C(c1ccccc1)N1CCCN(CC2=Nc3cccc4c(=O)[nH]nc(c34)N2)CC1,0.0
O=C(c1ccccn1)N1CCN(C(=O)c2cc(Cc3c[nH]c(=O)c4cc(Cl)c(Cl)n34)ccc2F)CC1,8.62,1,0.0,8.62,8.62,2010,2010,1,1,O=C(c1cccc(Cc2c[nH]c(=O)c3cccn23)c1)N1CCN(C(=O)c2ccccn2)CC1,0.0
O=C(c1ccccn1)N1CCN(Cc2c(O)cc(O)c3c(=O)cc(-c4ccc(O)cc4)oc23)CC1,7.66,1,0.0,7.66,7.66,2021,2021,1,1,O=C(c1ccccn1)N1CCN(Cc2cccc3c(=O)cc(-c4ccccc4)oc23)CC1,0.0
O=C(c1cccnc1)N1CCN(Cc2c(O)cc(O)c3c(=O)cc(-c4ccc(O)cc4)oc23)CC1,7.58,1,0.0,7.58,7.58,2021,2021,1,1,O=C(c1cccnc1)N1CCN(Cc2cccc3c(=O)cc(-c4ccccc4)oc23)CC1,0.0
O=C(c1ccco1)N1CCN(Cc2c(O)cc(O)c3c(=O)cc(-c4ccc(O)cc4)oc23)CC1,7.86,1,0.0,7.86,7.86,2021,2021,1,1,O=C(c1ccco1)N1CCN(Cc2cccc3c(=O)cc(-c4ccccc4)oc23)CC1,0.0
O=C(c1cccs1)N1CCN(Cc2c(O)cc(O)c3c(=O)cc(-c4ccc(O)cc4)oc23)CC1,7.8,1,0.0,7.8,7.8,2021,2021,1,1,O=C(c1cccs1)N1CCN(Cc2cccc3c(=O)cc(-c4ccccc4)oc23)CC1,0.0
O=C(c1ccncc1)N1CCN(C(=O)c2csc(Cc3n[nH]c(=O)c4ccccc34)c2)CC1,6.97,1,0.0,6.97,6.97,2014,2014,1,1,O=C(c1ccncc1)N1CCN(C(=O)c2csc(Cc3n[nH]c(=O)c4ccccc34)c2)CC1,0.0
O=C(c1ccncc1)N1CCN(Cc2c(O)cc(O)c3c(=O)cc(-c4ccc(O)cc4)oc23)CC1,7.56,1,0.0,7.56,7.56,2021,2021,1,1,O=C(c1ccncc1)N1CCN(Cc2cccc3c(=O)cc(-c4ccccc4)oc23)CC1,0.0
O=C(c1csc(Cc2n[nH]c(=O)c3ccccc23)c1)N1CCN(C(=O)C2CC2)CC1,6.98,1,0.0,6.98,6.98,2014,2014,1,1,O=C(c1csc(Cc2n[nH]c(=O)c3ccccc23)c1)N1CCN(C(=O)C2CC2)CC1,0.0
O=C(c1csc(Cc2n[nH]c(=O)c3ccccc23)c1)N1CCN(C(=O)c2ccc3c(c2)OCO3)CC1,7.4,1,0.0,7.4,7.4,2014,2014,1,1,O=C(c1csc(Cc2n[nH]c(=O)c3ccccc23)c1)N1CCN(C(=O)c2ccc3c(c2)OCO3)CC1,0.0
O=C(c1csc(Cc2n[nH]c(=O)c3ccccc23)c1)N1CCN(C(=O)c2ccccn2)CC1,7.34,1,0.0,7.34,7.34,2014,2014,1,1,O=C(c1csc(Cc2n[nH]c(=O)c3ccccc23)c1)N1CCN(C(=O)c2ccccn2)CC1,0.0
O=C(c1csc(Cc2n[nH]c(=O)c3ccccc23)c1)N1CCN(C(=O)c2cccs2)CC1,7.96,1,0.0,7.96,7.96,2014,2014,1,1,O=C(c1csc(Cc2n[nH]c(=O)c3ccccc23)c1)N1CCN(C(=O)c2cccs2)CC1,0.0
O=C(c1ncc[nH]1)N1CCN(C(=O)c2cc(Cc3c[nH]c(=O)c4cc(Cl)c(Cl)n34)ccc2F)CC1,8.51,1,0.0,8.51,8.51,2010,2010,1,1,O=C(c1cccc(Cc2c[nH]c(=O)c3cccn23)c1)N1CCN(C(=O)c2ncc[nH]2)CC1,0.0
O=C1C2CC2C(=O)N1c1cc(Cc2nnc(O)c3ccccc23)ccc1F,8.3,1,0.0,8.3,8.3,2005,2005,1,1,O=C1C2CC2C(=O)N1c1cccc(Cc2nncc3ccccc23)c1,0.0
O=C1C=CC(=O)N1c1cccc(Cc2nnc(O)c3ccccc23)c1,7.89,1,0.0,7.89,7.89,2005,2005,1,1,O=C1C=CC(=O)N1c1cccc(Cc2nncc3ccccc23)c1,0.0
O=C1CC(c2ccccc2)C(=O)N1c1cc(Cc2n[nH]c(=O)c3ccccc23)ccc1F,8.17,1,0.0,8.17,8.17,2005,2005,1,1,O=C1CC(c2ccccc2)C(=O)N1c1cccc(Cc2n[nH]c(=O)c3ccccc23)c1,0.0
O=C1CC2c3c(cccc31)CCN2C(=O)c1cc(Cc2n[nH]c(=O)c3ccccc23)ccc1F,5.46,1,0.0,5.46,5.46,2013,2013,1,1,O=C1CC2c3c(cccc31)CCN2C(=O)c1cccc(Cc2n[nH]c(=O)c3ccccc23)c1,0.0
O=C1CCC(=O)N1c1cc(Cc2n[nH]c(=O)c3ccccc23)ccc1Cl,7.72,1,0.0,7.72,7.72,2005,2005,1,1,O=C1CCC(=O)N1c1cccc(Cc2n[nH]c(=O)c3ccccc23)c1,0.0
O=C1CCC(=O)N1c1cc(Cc2n[nH]c(=O)c3ccccc23)ccc1F,8.3,1,0.0,8.3,8.3,2005,2005,1,1,O=C1CCC(=O)N1c1cccc(Cc2n[nH]c(=O)c3ccccc23)c1,0.0
O=C1CCC(=O)N1c1cccc(Cc2n[nH]c(=O)c3ccccc23)c1,7.92,1,0.0,7.92,7.92,2005,2005,1,1,O=C1CCC(=O)N1c1cccc(Cc2n[nH]c(=O)c3ccccc23)c1,0.0
O=C1CCC(c2ccc3[nH]c4c5c(c6c(c4c3c2)C(=O)NC6=O)CCC5)=NN1,7.77,1,0.0,7.77,7.77,2012,2012,1,1,O=C1CCC(c2ccc3[nH]c4c5c(c6c(c4c3c2)C(=O)NC6=O)CCC5)=NN1,0.0
O=C1CCCC(=O)N1c1cc(Cc2n[nH]c(=O)c3ccccc23)ccc1F,8.39,1,0.0,8.39,8.39,2005,2005,1,1,O=C1CCCC(=O)N1c1cccc(Cc2n[nH]c(=O)c3ccccc23)c1,0.0
O=C1CCCN1c1cccc(Cc2n[nH]c(=O)c3ccccc23)c1,6.92,1,0.0,6.92,6.92,2005,2005,1,1,O=C1CCCN1c1cccc(Cc2n[nH]c(=O)c3ccccc23)c1,0.0
O=C1CCN(Cc2ccc3c(c2)-c2n[nH]c(=O)c4cccc(c24)O3)CC1,6.92,1,0.0,6.92,6.92,2013,2013,1,1,O=C1CCN(Cc2ccc3c(c2)-c2n[nH]c(=O)c4cccc(c24)O3)CC1,0.0
O=C1CCc2cc(-c3ccccc3F)ccc2C2(CCCCC2)N1,7.7,1,0.0,7.7,7.7,2022,2022,1,1,O=C1CCc2cc(-c3ccccc3)ccc2C2(CCCCC2)N1,0.0
O=C1CN(Cc2ccc3c(c2)-c2n[nH]c(=O)c4cccc(c24)O3)CCN1,7.7,1,0.0,7.7,7.7,2013,2013,1,1,O=C1CN(Cc2ccc3c(c2)-c2n[nH]c(=O)c4cccc(c24)O3)CCN1,0.0
O=C1CN(Cc2cn(-c3ccccc3F)nn2)C2(CCCCC2)c2ccccc21,7.84,1,0.0,7.84,7.84,2022,2022,1,1,O=C1CN(Cc2cn(-c3ccccc3)nn2)C2(CCCCC2)c2ccccc21,0.0
O=C1NC(=O)/C(=C/c2cn(Cc3ccc(Cl)cc3Cl)c3ccccc23)S1,5.11,1,0.0,5.11,5.11,2017,2017,1,1,O=C1NC(=O)C(=Cc2cn(Cc3ccccc3)c3ccccc23)S1,0.0
O=C1NC(=O)/C(=C/c2cn(Cc3ccc(F)cc3)c3ccccc23)S1,5.3,1,0.0,5.3,5.3,2017,2017,1,1,O=C1NC(=O)C(=Cc2cn(Cc3ccccc3)c3ccccc23)S1,0.0
O=C1NC(=O)/C(=C/c2cn(Cc3cccc(C(F)(F)F)c3)c3ccccc23)S1,5.51,1,0.0,5.51,5.51,2017,2017,1,1,O=C1NC(=O)C(=Cc2cn(Cc3ccccc3)c3ccccc23)S1,0.0
O=C1NC(=O)/C(=C/c2cn(Cc3cccc(Cl)c3)c3ccccc23)S1,5.32,1,0.0,5.32,5.32,2017,2017,1,1,O=C1NC(=O)C(=Cc2cn(Cc3ccccc3)c3ccccc23)S1,0.0
O=C1NC(=O)/C(=C/c2cn(Cc3ccccc3Cl)c3ccccc23)S1,5.87,1,0.0,5.87,5.87,2017,2017,1,1,O=C1NC(=O)C(=Cc2cn(Cc3ccccc3)c3ccccc23)S1,0.0
O=C1NC(=O)c2cccc3cccc1c23,5.85,1,0.0,5.85,5.85,2001,2001,1,1,O=C1NC(=O)c2cccc3cccc1c23,0.0
O=C1NC(CCCN2CC=C(c3ccccc3)CC2)=NC2CCCC12,6.6,1,0.0,6.6,6.6,2005,2005,1,1,O=C1NC(CCCN2CC=C(c3ccccc3)CC2)=NC2CCCC12,0.0
O=C1NC(CCCN2CC=C(c3ccccc3)CC2)=NC2CCCCC12,7.7,1,0.0,7.7,7.7,2005,2005,1,1,O=C1NC(CCCN2CC=C(c3ccccc3)CC2)=NC2CCCCC12,0.0
O=C1NC(CCCN2CC=C(c3ccccc3)CC2)=NC2CCCCCC12,6.3,1,0.0,6.3,6.3,2005,2005,1,1,O=C1NC(CCCN2CC=C(c3ccccc3)CC2)=NC2CCCCCC12,0.0
O=C1NC(CCCN2CC=C(c3ccccc3)CC2)=NC2CCNCC12,5.07,1,0.0,5.07,5.07,2005,2005,1,1,O=C1NC(CCCN2CC=C(c3ccccc3)CC2)=NC2CCNCC12,0.0
O=C1NC(CCCN2CC=C(c3ccccc3)CC2)=NC2CCOCC12,6.7,1,0.0,6.7,6.7,2005,2005,1,1,O=C1NC(CCCN2CC=C(c3ccccc3)CC2)=NC2CCOCC12,0.0
O=C1NC(CCCN2CC=C(c3ccccc3)CC2)=NC2CCSCC12,8.05,1,0.0,8.05,8.05,2005,2005,1,1,O=C1NC(CCCN2CC=C(c3ccccc3)CC2)=NC2CCSCC12,0.0
O=C1NC(CCCl)Oc2ccccc21,5.07,1,0.0,5.07,5.07,2001,2001,1,1,O=C1NCOc2ccccc21,0.0
O=C1NC2CCCCC2c2ccccc21,5.12,1,0.0,5.12,5.12,2003,2003,1,1,O=C1NC2CCCCC2c2ccccc21,0.0
O=C1NCC2NCCc3cccc1c32,6.85,1,0.0,6.85,6.85,2010,2010,1,1,O=C1NCC2NCCc3cccc1c32,0.0
O=C1NCC2c3c(cccc31)CCN2C(=O)C1CCCC1,7.96,1,0.0,7.96,7.96,2010,2010,1,1,O=C1NCC2c3c(cccc31)CCN2C(=O)C1CCCC1,0.0
O=C1NCC2c3c(cccc31)CCN2C(=O)C1CCCN1C(=O)c1cc(Cc2n[nH]c(=O)c3ccccc23)ccc1F,7.35,1,0.0,7.35,7.35,2013,2013,1,1,O=C1NCC2c3c(cccc31)CCN2C(=O)C1CCCN1C(=O)c1cccc(Cc2n[nH]c(=O)c3ccccc23)c1,0.0
O=C1NCC2c3c(cccc31)CCN2C(=O)C1CCN(C(=O)c2cc(Cc3n[nH]c(=O)c4ccccc34)ccc2F)CC1,8.72,1,0.0,8.72,8.72,2013,2013,1,1,O=C1NCC2c3c(cccc31)CCN2C(=O)C1CCN(C(=O)c2cccc(Cc3n[nH]c(=O)c4ccccc34)c2)CC1,0.0
O=C1NCC2c3c(cccc31)CCN2C(=O)C1CCNC1,9.0,1,0.0,9.0,9.0,2010,2010,1,1,O=C1NCC2c3c(cccc31)CCN2C(=O)C1CCNC1,0.0
O=C1NCC2c3c(cccc31)CCN2C(=O)C1CNC1,9.0,1,0.0,9.0,9.0,2010,2010,1,1,O=C1NCC2c3c(cccc31)CCN2C(=O)C1CNC1,0.0
O=C1NCC2c3c(cccc31)CCN2C(=O)CCc1ccccc1,8.4,1,0.0,8.4,8.4,2010,2010,1,1,O=C1NCC2c3c(cccc31)CCN2C(=O)CCc1ccccc1,0.0
O=C1NCC2c3c(cccc31)CCN2C(=O)CCc1cnccn1,8.22,1,0.0,8.22,8.22,2010,2010,1,1,O=C1NCC2c3c(cccc31)CCN2C(=O)CCc1cnccn1,0.0
O=C1NCC2c3c(cccc31)CCN2C(=O)CCn1cnc2ccccc21,9.0,1,0.0,9.0,9.0,2010,2010,1,1,O=C1NCC2c3c(cccc31)CCN2C(=O)CCn1cnc2ccccc21,0.0
O=C1NCC2c3c(cccc31)CCN2C(=O)CN1CCC(c2ccccc2)CC1,9.3,1,0.0,9.3,9.3,2010,2010,1,1,O=C1NCC2c3c(cccc31)CCN2C(=O)CN1CCC(c2ccccc2)CC1,0.0
O=C1NCC2c3c(cccc31)CCN2C(=O)CN1CCCCC1,8.22,1,0.0,8.22,8.22,2010,2010,1,1,O=C1NCC2c3c(cccc31)CCN2C(=O)CN1CCCCC1,0.0
O=C1NCC2c3c(cccc31)CCN2C(=O)CN1CCN(c2ccccc2)CC1,7.96,1,0.0,7.96,7.96,2010,2010,1,1,O=C1NCC2c3c(cccc31)CCN2C(=O)CN1CCN(c2ccccc2)CC1,0.0
O=C1NCC2c3c(cccc31)CCN2C(=O)Cc1ccc(Br)cc1,8.15,1,0.0,8.15,8.15,2010,2010,1,1,O=C1NCC2c3c(cccc31)CCN2C(=O)Cc1ccccc1,0.0
O=C1NCC2c3c(cccc31)CCN2C(=O)Cc1ccc(Cl)cc1,8.3,1,0.0,8.3,8.3,2010,2010,1,1,O=C1NCC2c3c(cccc31)CCN2C(=O)Cc1ccccc1,0.0
O=C1NCC2c3c(cccc31)CCN2C(=O)Cc1ccc(OCc2ccccc2)cc1,7.8,1,0.0,7.8,7.8,2010,2010,1,1,O=C1NCC2c3c(cccc31)CCN2C(=O)Cc1ccc(OCc2ccccc2)cc1,0.0
O=C1NCC2c3c(cccc31)CCN2C(=O)Cc1cccc(Cl)c1,8.3,1,0.0,8.3,8.3,2010,2010,1,1,O=C1NCC2c3c(cccc31)CCN2C(=O)Cc1ccccc1,0.0
O=C1NCC2c3c(cccc31)CCN2C(=O)Cc1ccccc1,8.1,1,0.0,8.1,8.1,2010,2010,1,1,O=C1NCC2c3c(cccc31)CCN2C(=O)Cc1ccccc1,0.0
O=C1NCC2c3c(cccc31)CCN2C(=O)Cc1ccccc1Cl,7.8,1,0.0,7.8,7.8,2010,2010,1,1,O=C1NCC2c3c(cccc31)CCN2C(=O)Cc1ccccc1,0.0
O=C1NCC2c3c(cccc31)CCN2C(=O)Cc1ccccn1,7.89,1,0.0,7.89,7.89,2010,2010,1,1,O=C1NCC2c3c(cccc31)CCN2C(=O)Cc1ccccn1,0.0
O=C1NCC2c3c(cccc31)CCN2C(=O)Cc1cccnc1,9.0,1,0.0,9.0,9.0,2010,2010,1,1,O=C1NCC2c3c(cccc31)CCN2C(=O)Cc1cccnc1,0.0
O=C1NCC2c3c(cccc31)CCN2C(=O)Cc1ccncc1,8.0,1,0.0,8.0,8.0,2010,2010,1,1,O=C1NCC2c3c(cccc31)CCN2C(=O)Cc1ccncc1,0.0
O=C1NCC2c3c(cccc31)CCN2C(=O)NCc1ccccc1,7.92,1,0.0,7.92,7.92,2010,2010,1,1,O=C1NCC2c3c(cccc31)CCN2C(=O)NCc1ccccc1,0.0
O=C1NCC2c3c(cccc31)CCN2C(=O)Nc1ccccc1,7.96,1,0.0,7.96,7.96,2010,2010,1,1,O=C1NCC2c3c(cccc31)CCN2C(=O)Nc1ccccc1,0.0
O=C1NCC2c3c(cccc31)CCN2C(=O)OCc1ccccc1,7.85,1,0.0,7.85,7.85,2010,2010,1,1,O=C1NCC2c3c(cccc31)CCN2C(=O)OCc1ccccc1,0.0
O=C1NCC2c3c(cccc31)CCN2C(=O)Oc1ccccc1,8.05,1,0.0,8.05,8.05,2010,2010,1,1,O=C1NCC2c3c(cccc31)CCN2C(=O)Oc1ccccc1,0.0
O=C1NCC2c3c(cccc31)CCN2C(=O)[C@@H]1CCCN1,8.4,1,0.0,8.4,8.4,2010,2010,1,1,O=C1NCC2c3c(cccc31)CCN2C(=O)C1CCCN1,0.0
O=C1NCC2c3c(cccc31)CCN2C(=O)c1cc(Cc2n[nH]c(=O)c3c2CCCC3)ccc1F,8.74,1,0.0,8.74,8.74,2013,2013,1,1,O=C1NCC2c3c(cccc31)CCN2C(=O)c1cccc(Cc2n[nH]c(=O)c3c2CCCC3)c1,0.0
O=C1NCC2c3c(cccc31)CCN2C(=O)c1cc(Cc2n[nH]c(=O)c3ccccc23)ccc1F,9.51,1,0.0,9.51,9.51,2013,2013,1,1,O=C1NCC2c3c(cccc31)CCN2C(=O)c1cccc(Cc2n[nH]c(=O)c3ccccc23)c1,0.0
O=C1NCC2c3c(cccc31)CCN2C(=O)c1ccc(C(=O)N2CCCNCC2)cc1,6.89,1,0.0,6.89,6.89,2010,2010,1,1,O=C1NCC2c3c(cccc31)CCN2C(=O)c1ccc(C(=O)N2CCCNCC2)cc1,0.0
O=C1NCC2c3c(cccc31)CCN2C(=O)c1ccc(Cl)cc1,8.15,1,0.0,8.15,8.15,2010,2010,1,1,O=C1NCC2c3c(cccc31)CCN2C(=O)c1ccccc1,0.0
O=C1NCC2c3c(cccc31)CCN2C(=O)c1cccc(C(=O)N2CCCNCC2)c1,7.3,1,0.0,7.3,7.3,2010,2010,1,1,O=C1NCC2c3c(cccc31)CCN2C(=O)c1cccc(C(=O)N2CCCNCC2)c1,0.0
O=C1NCC2c3c(cccc31)CCN2C(=O)c1cccc(Cl)c1,7.43,1,0.0,7.43,7.43,2010,2010,1,1,O=C1NCC2c3c(cccc31)CCN2C(=O)c1ccccc1,0.0
O=C1NCC2c3c(cccc31)CCN2C(=O)c1ccccc1,8.4,1,0.0,8.4,8.4,2010,2010,1,1,O=C1NCC2c3c(cccc31)CCN2C(=O)c1ccccc1,0.0
O=C1NCC2c3c(cccc31)CCN2C(=O)c1ccccc1Cl,7.46,1,0.0,7.46,7.46,2010,2010,1,1,O=C1NCC2c3c(cccc31)CCN2C(=O)c1ccccc1,0.0
O=C1NCC2c3c(cccc31)CCN2CC(=O)N1CC2CCCNC2C1,5.03,1,0.0,5.03,5.03,2013,2013,1,1,O=C1NCC2c3c(cccc31)CCN2CC(=O)N1CC2CCCNC2C1,0.0
O=C1NCC2c3c(cccc31)CCN2CC(=O)N1CCC2CNCC21,5.03,1,0.0,5.03,5.03,2013,2013,1,1,O=C1NCC2c3c(cccc31)CCN2CC(=O)N1CCC2CNCC21,0.0
O=C1NCC2c3c(cccc31)CCN2CC(=O)N1C[C@H]2CNC[C@H]2C1,5.06,1,0.0,5.06,5.06,2013,2013,1,1,O=C1NCC2c3c(cccc31)CCN2CC(=O)N1CC2CNCC2C1,0.0
O=C1NCC2c3c(cccc31)CCN2Cc1ccccc1,6.72,1,0.0,6.72,6.72,2010,2010,1,1,O=C1NCC2c3c(cccc31)CCN2Cc1ccccc1,0.0
O=C1NCC2c3c(cccc31)CCN2S(=O)(=O)Cc1ccccc1,7.08,1,0.0,7.08,7.08,2010,2010,1,1,O=C1NCC2c3c(cccc31)CCN2S(=O)(=O)Cc1ccccc1,0.0
O=C1NCCc2c(-c3ccc(CN4CCCC4)cc3)[nH]c3cccc1c23,8.25,1,0.0,8.25,8.25,2010,2010,1,1,O=C1NCCc2c(-c3ccc(CN4CCCC4)cc3)[nH]c3cccc1c23,0.0
O=C1NCCc2c(-c3ccc(CN4CCN(CCO)CC4)cc3)[nH]c3cc(F)cc1c23,8.81,1,0.0,8.81,8.81,2022,2022,1,1,O=C1NCCc2c(-c3ccc(CN4CCNCC4)cc3)[nH]c3cccc1c23,0.0
O=C1NCCc2c(-c3ccc(CN4CCN(c5ncccn5)CC4)cc3)[nH]c3cc(F)cc1c23,8.92,1,0.0,8.92,8.92,2022,2022,1,1,O=C1NCCc2c(-c3ccc(CN4CCN(c5ncccn5)CC4)cc3)[nH]c3cccc1c23,0.0
O=C1NCCc2c(O)cccc21,6.85,1,0.0,6.85,6.85,2020,2020,1,1,O=C1NCCc2ccccc21,0.0
O=C1NCCc2ccc(Br)cc21,4.0,1,0.0,4.0,4.0,2015,2015,1,1,O=C1NCCc2ccccc21,0.0
O=C1NCCc2ccc(C(F)(F)F)cc21,4.0,1,0.0,4.0,4.0,2015,2015,1,1,O=C1NCCc2ccccc21,0.0
O=C1NCCc2ccc(Cl)cc21,4.0,1,0.0,4.0,4.0,2015,2015,1,1,O=C1NCCc2ccccc21,0.0
O=C1NCCc2ccc(F)cc21,4.0,1,0.0,4.0,4.0,2015,2015,1,1,O=C1NCCc2ccccc21,0.0
O=C1NCCc2ccccc21,4.0,1,0.0,4.0,4.0,2015,2015,1,1,O=C1NCCc2ccccc21,0.0
O=C1NCCn2c(-c3cc4c(s3)CCNC4)nc3cc(F)cc1c32,7.6,1,0.0,7.6,7.6,2018,2018,1,1,O=C1NCCn2c(-c3cc4c(s3)CCNC4)nc3cccc1c32,0.0
O=C1NCCn2c(-c3cc4c(s3)CNCC4)nc3cc(F)cc1c32,7.6,1,0.0,7.6,7.6,2018,2018,1,1,O=C1NCCn2c(-c3cc4c(s3)CNCC4)nc3cccc1c32,0.0
O=C1NCCn2c(-c3ccc(CN4CCCC4)cc3)nc3cncc1c32,7.7,1,0.0,7.7,7.7,2016,2016,1,1,O=C1NCCn2c(-c3ccc(CN4CCCC4)cc3)nc3cncc1c32,0.0
O=C1NCCn2c(-c3ccc(CN4CCCCC4)cc3)nc3cncc1c32,7.54,1,0.0,7.54,7.54,2016,2016,1,1,O=C1NCCn2c(-c3ccc(CN4CCCCC4)cc3)nc3cncc1c32,0.0
O=C1NCCn2c(-c3ccc(N4CCNCC4)cc3)nc3cncc1c32,7.7,1,0.0,7.7,7.7,2016,2016,1,1,O=C1NCCn2c(-c3ccc(N4CCNCC4)cc3)nc3cncc1c32,0.0
O=C1NCCn2c(-c3ccc(OCCF)cc3)nc3cccc1c32,8.2,1,0.0,8.2,8.2,2014,2014,1,1,O=C1NCCn2c(-c3ccccc3)nc3cccc1c32,0.0
O=C1NCCn2c(-c3ccc(OCc4cn(CCF)nn4)cc3)nc3cccc1c32,7.66,1,0.0,7.66,7.66,2014,2014,1,1,O=C1NCCn2c(-c3ccc(OCc4c[nH]nn4)cc3)nc3cccc1c32,0.0
O=C1NCCn2c(-c3ccccc3)nc3cncc1c32,6.96,1,0.0,6.96,6.96,2016,2016,1,1,O=C1NCCn2c(-c3ccccc3)nc3cncc1c32,0.0
O=C1NCCn2c(C3CCN(Cc4ccccc4)CC3)nc3cncc1c32,6.99,1,0.0,6.99,6.99,2016,2016,1,1,O=C1NCCn2c(C3CCN(Cc4ccccc4)CC3)nc3cncc1c32,0.0
O=C1NCCn2c(C3CCNCC3)nc3cncc1c32,7.27,1,0.0,7.27,7.27,2016,2016,1,1,O=C1NCCn2c(C3CCNCC3)nc3cncc1c32,0.0
O=C1NCCn2c(CCc3ccccc3)nc3cccc1c32,7.58,1,0.0,7.58,7.58,2009,2009,1,1,O=C1NCCn2c(CCc3ccccc3)nc3cccc1c32,0.0
O=C1NCCn2c(CN3CCCCC3)cc3cccc1c32,6.96,1,0.0,6.96,6.96,2009,2009,1,1,O=C1NCCn2c(CN3CCCCC3)cc3cccc1c32,0.0
O=C1NCCn2cnc3cccc1c32,6.52,1,0.0,6.52,6.52,2009,2009,1,1,O=C1NCCn2cnc3cccc1c32,0.0
O=C1NCc2c1c1c(c3[nH]c4ccc(Br)cc4c23)CCC1,7.52,1,0.0,7.52,7.52,2006,2006,1,1,O=C1NCc2c1c1c(c3[nH]c4ccccc4c23)CCC1,0.0
O=C1NCc2c1c1c(c3[nH]c4ccc(C(=O)N5CCOCC5)cc4c23)CCC1,7.08,1,0.0,7.08,7.08,2006,2006,1,1,O=C1NCc2c1c1c(c3[nH]c4ccc(C(=O)N5CCOCC5)cc4c23)CCC1,0.0
O=C1NCc2c1c1c(c3[nH]c4ccc(Cl)cc4c23)CCC1,6.92,1,0.0,6.92,6.92,2006,2006,1,1,O=C1NCc2c1c1c(c3[nH]c4ccccc4c23)CCC1,0.0
O=C1NCc2c1c1c(c3[nH]c4ccccc4c23)CCC1,7.25,1,0.0,7.25,7.25,2006,2006,1,1,O=C1NCc2c1c1c(c3[nH]c4ccccc4c23)CCC1,0.0
O=C1NCc2cccc3cccc1c23,6.27,1,0.0,6.27,6.27,2010,2010,1,1,O=C1NCc2cccc3cccc1c23,0.0
O=C1NN=C2CC(c3ccccc3)Cc3[nH]c4cc(F)cc1c4c32,8.24,1,0.0,8.24,8.24,2016,2016,1,1,O=C1NN=C2CC(c3ccccc3)Cc3[nH]c4cccc1c4c32,0.0
O=C1NN=C2CC(c3ccccc3)Cc3[nH]c4cccc1c4c32,8.2,1,0.0,8.2,8.2,2016,2016,1,1,O=C1NN=C2CC(c3ccccc3)Cc3[nH]c4cccc1c4c32,0.0
O=C1NN=C2CCCCc3[nH]c4cc(F)cc1c4c32,8.19,1,0.0,8.19,8.19,2016,2016,1,1,O=C1NN=C2CCCCc3[nH]c4cccc1c4c32,0.0
O=C1NN=C2CCCCc3[nH]c4cccc1c4c32,8.17,1,0.0,8.17,8.17,2016,2016,1,1,O=C1NN=C2CCCCc3[nH]c4cccc1c4c32,0.0
O=C1NN=C2CCCc3[nH]c4cc(F)cc1c4c32,8.22,1,0.0,8.22,8.22,2016,2016,1,1,O=C1NN=C2CCCc3[nH]c4cccc1c4c32,0.0
O=C1NN=C2CCCc3c2c2c1cccc2n3CCN(Cc1ccccc1)Cc1ccccc1,6.1,1,0.0,6.1,6.1,2016,2016,1,1,O=C1NN=C2CCCc3c2c2c1cccc2n3CCN(Cc1ccccc1)Cc1ccccc1,0.0
O=C1NN=C2CCCc3c2c2c1cccc2n3CCN1CCCCC1,8.0,1,0.0,8.0,8.0,2016,2016,1,1,O=C1NN=C2CCCc3c2c2c1cccc2n3CCN1CCCCC1,0.0
O=C1NN=C2CCCc3c2c2c1cccc2n3CCN1CCOCC1,6.46,1,0.0,6.46,6.46,2016,2016,1,1,O=C1NN=C2CCCc3c2c2c1cccc2n3CCN1CCOCC1,0.0
O=C1NN=C2CN(C(=O)C3CC3)Cc3[nH]c4cc(F)cc1c4c32,8.64,1,0.0,8.64,8.64,2016,2016,1,1,O=C1NN=C2CN(C(=O)C3CC3)Cc3[nH]c4cccc1c4c32,0.0
O=C1NN=C2CN(C(=O)C3CC3)Cc3[nH]c4cccc1c4c32,8.48,1,0.0,8.48,8.48,2016,2016,1,1,O=C1NN=C2CN(C(=O)C3CC3)Cc3[nH]c4cccc1c4c32,0.0
O=C1NN=C2CN(C(=O)OCc3ccccc3)Cc3[nH]c4cc(F)cc1c4c32,8.15,1,0.0,8.15,8.15,2016,2016,1,1,O=C1NN=C2CN(C(=O)OCc3ccccc3)Cc3[nH]c4cccc1c4c32,0.0
O=C1NN=C2CN(C(=O)OCc3ccccc3)Cc3[nH]c4cccc1c4c32,8.05,1,0.0,8.05,8.05,2016,2016,1,1,O=C1NN=C2CN(C(=O)OCc3ccccc3)Cc3[nH]c4cccc1c4c32,0.0
O=C1NN=C2CN(C3CCCCC3)Cc3[nH]c4cccc1c4c32,8.04,1,0.0,8.04,8.04,2016,2016,1,1,O=C1NN=C2CN(C3CCCCC3)Cc3[nH]c4cccc1c4c32,0.0
O=C1NN=C2CNCc3[nH]c4cc(F)cc1c4c32,8.07,1,0.0,8.07,8.07,2016,2016,1,1,O=C1NN=C2CNCc3[nH]c4cccc1c4c32,0.0
O=C1N[C@@H]2N(Cc3ccccc3C23CCOCC3)c2ccccc21,5.71,1,0.0,5.71,5.71,2013,2013,1,1,O=C1NC2N(Cc3ccccc3C23CCOCC3)c2ccccc21,0.0
O=C1N[C@H]2Cc3ccccc3CN2c2ccccc21,5.72,1,0.0,5.72,5.72,2013,2013,1,1,O=C1NC2Cc3ccccc3CN2c2ccccc21,0.0
O=C1Nc2cc(Cl)ccc2C1C1CCN(C(=O)CCCc2nc3ccccc3c(=O)[nH]2)CC1,5.13,1,0.0,5.13,5.13,2016,2016,1,1,O=C1Nc2ccccc2C1C1CCN(C(=O)CCCc2nc3ccccc3c(=O)[nH]2)CC1,0.0
O=C1Nc2ccc(Br)cc2/C1=C1/Nc2ccccc2/C1=N\OCCCC(=O)N1CCN(C(=O)c2cc(Cc3n[nH]c(=O)c4ccccc34)ccc2F)CC1,8.33,1,0.0,8.33,8.33,2023,2023,1,1,O=C1Nc2ccccc2C1=C1Nc2ccccc2C1=NOCCCC(=O)N1CCN(C(=O)c2cccc(Cc3n[nH]c(=O)c4ccccc34)c2)CC1,0.0
O=C1Nc2ccc(F)cc2/C1=C1/Nc2ccccc2/C1=N\OCCCC(=O)N1CCN(C(=O)c2cc(Cc3n[nH]c(=O)c4ccccc34)ccc2F)CC1,8.65,1,0.0,8.65,8.65,2023,2023,1,1,O=C1Nc2ccccc2C1=C1Nc2ccccc2C1=NOCCCC(=O)N1CCN(C(=O)c2cccc(Cc3n[nH]c(=O)c4ccccc34)c2)CC1,0.0
O=C1Nc2ccccc2/C1=C1/Nc2ccc(F)cc2/C1=N\OCCCC(=O)N1CCN(C(=O)c2cc(Cc3n[nH]c(=O)c4ccccc34)ccc2F)CC1,8.35,1,0.0,8.35,8.35,2023,2023,1,1,O=C1Nc2ccccc2C1=C1Nc2ccccc2C1=NOCCCC(=O)N1CCN(C(=O)c2cccc(Cc3n[nH]c(=O)c4ccccc34)c2)CC1,0.0
O=C1Nc2ccccc2/C1=C1/Nc2ccccc2/C1=N\OCCCC(=O)N1CCN(C(=O)c2ccc(Cc3n[nH]c(=O)c4ccccc34)cc2F)CC1,8.72,1,0.0,8.72,8.72,2023,2023,1,1,O=C1Nc2ccccc2C1=C1Nc2ccccc2C1=NOCCCC(=O)N1CCN(C(=O)c2ccc(Cc3n[nH]c(=O)c4ccccc34)cc2)CC1,0.0
O=C1c2ccccc2C(=O)N1c1cccc(Cc2nnc(O)c3ccccc23)c1,6.75,1,0.0,6.75,6.75,2005,2005,1,1,O=C1c2ccccc2C(=O)N1c1cccc(Cc2nncc3ccccc23)c1,0.0
O=C1c2ccccc2C2(O)c3ccc(Br)cc3CCN12,6.86,1,0.0,6.86,6.86,2015,2015,1,1,O=C1c2ccccc2C2c3ccccc3CCN12,0.0
O=CN1Cc2c(c3c(c4[nH]c5ccccc5c24)CCC3)C1=O,5.52,1,0.0,5.52,5.52,2006,2006,1,1,O=C1NCc2c1c1c(c3[nH]c4ccccc4c23)CCC1,0.0
O=S(=O)(CCN1CCC(N2CCCC2)CC1)N1CCc2c(nc(O)c3ccccc23)C1,6.46,1,0.0,6.46,6.46,2003,2003,1,1,O=S(=O)(CCN1CCC(N2CCCC2)CC1)N1CCc2c(ncc3ccccc23)C1,0.0
O=S(=O)(CCN1CCC(N2CCCC2)CC1)N1CCc2nc(O)c3ccccc3c2C1,6.45,1,0.0,6.45,6.45,2003,2003,1,1,O=S(=O)(CCN1CCC(N2CCCC2)CC1)N1CCc2ncc3ccccc3c2C1,0.0
O=S(=O)(CCN1CCCCC1)N1CCc2c(nc(O)c3ccccc23)C1,6.42,1,0.0,6.42,6.42,2003,2003,1,1,O=S(=O)(CCN1CCCCC1)N1CCc2c(ncc3ccccc23)C1,0.0
O=S(=O)(CCN1CCCCC1)N1CCc2nc(O)c3ccccc3c2C1,6.68,1,0.0,6.68,6.68,2003,2003,1,1,O=S(=O)(CCN1CCCCC1)N1CCc2ncc3ccccc3c2C1,0.0
O=S(=O)(NCC(c1ccccc1)c1ccccc1)c1ccc2nc(O)c3ccccc3c2c1,4.85,1,0.0,4.85,4.85,2001,2001,1,1,O=S(=O)(NCC(c1ccccc1)c1ccccc1)c1ccc2ncc3ccccc3c2c1,0.0
O=S(=O)(NCCCN1CCOCC1)c1cc2c(cc1F)-c1nc(O)c3ccccc3c1C2,8.0,1,0.0,8.0,8.0,2005,2005,1,1,O=S(=O)(NCCCN1CCOCC1)c1ccc2c(c1)Cc1c-2ncc2ccccc12,0.0
O=S(=O)(NCCCNN1CCOCC1)c1cc2c(cc1F)-c1nc(O)c3ccccc3c1C2,6.35,1,0.0,6.35,6.35,2005,2005,1,1,O=S(=O)(NCCCNN1CCOCC1)c1ccc2c(c1)Cc1c-2ncc2ccccc12,0.0
O=S(=O)(NCCCn1ccnc1)c1ccc2c(c1)Cc1c-2nc(O)c2ccccc12,6.41,1,0.0,6.41,6.41,2005,2005,1,1,O=S(=O)(NCCCn1ccnc1)c1ccc2c(c1)Cc1c-2ncc2ccccc12,0.0
O=S(=O)(NCCN1CCCCC1)c1ccc2nc(O)c3ccccc3c2c1,7.48,2,0.05656854249492354,7.44,7.52,2001,2001,1,1,O=S(=O)(NCCN1CCCCC1)c1ccc2ncc3ccccc3c2c1,0.07999999999999918
O=S(=O)(O)c1ccc2c(c1)nc(O)c1cc(F)ccc12,8.0,1,0.0,8.0,8.0,2001,2001,1,1,c1ccc2c(c1)cnc1ccccc12,0.0
O=S(=O)([O-])c1ccc2c(c1)Cc1c-2nc(O)c2ccccc12,6.16,1,0.0,6.16,6.16,2005,2005,1,1,c1ccc2c(c1)Cc1c-2ncc2ccccc12,0.0
O=S(=O)(c1cc2c(cc1F)-c1nc(O)c3ccccc3c1C2)n1ccnc1,6.3,1,0.0,6.3,6.3,2005,2005,1,1,O=S(=O)(c1ccc2c(c1)Cc1c-2ncc2ccccc12)n1ccnc1,0.0
O=[N+]([O-])c1ccc(-c2nc(O)c3cccc(O)c3n2)cc1,6.98,1,0.0,6.98,6.98,2016,2016,1,1,c1ccc(-c2ncc3ccccc3n2)cc1,0.0
O=[N+]([O-])c1ccc2c(c1)-c1nc(O)c3ccccc3c1C2,6.3,1,0.0,6.3,6.3,2005,2005,1,1,c1ccc2c(c1)Cc1c-2ncc2ccccc12,0.0
O=[N+]([O-])c1ccc2c(c1)Cc1c-2nc(O)c2ccccc12,6.52,1,0.0,6.52,6.52,2005,2005,1,1,c1ccc2c(c1)Cc1c-2ncc2ccccc12,0.0
O=[N+]([O-])c1ccc2c(c1)nc(O)c1cc([N+](=O)[O-])ccc12,4.46,1,0.0,4.46,4.46,2001,2001,1,1,c1ccc2c(c1)cnc1ccccc12,0.0
O=[N+]([O-])c1ccc2nc(O)c3ccccc3c2c1,6.635,2,0.24748737341529137,6.46,6.81,2001,2001,2,2,c1ccc2c(c1)cnc1ccccc12,0.34999999999999964
O=[N+]([O-])c1ccc2ncnc(O)c2c1,4.6,1,0.0,4.6,4.6,2012,2012,1,1,c1ccc2ncncc2c1,0.0
O=[N+]([O-])c1cccc2c1nc(O)c1ccccc12,5.21,1,0.0,5.21,5.21,2001,2001,1,1,c1ccc2c(c1)cnc1ccccc12,0.0
O=c1[nH]c(-c2ccc(Br)cc2)nc2c(O)cccc12,6.89,1,0.0,6.89,6.89,2016,2016,1,1,O=c1[nH]c(-c2ccccc2)nc2ccccc12,0.0
O=c1[nH]c(-c2ccc(C(F)(F)F)cc2)nc2c1CCCC2,4.95,1,0.0,4.95,4.95,2013,2013,1,1,O=c1[nH]c(-c2ccccc2)nc2c1CCCC2,0.0
O=c1[nH]c(-c2ccc(C(F)(F)F)cc2)nc2c1CCSC2,5.255,2,0.007071067811865324,5.25,5.26,2013,2013,1,1,O=c1[nH]c(-c2ccccc2)nc2c1CCSC2,0.009999999999999787
O=c1[nH]c(-c2ccc(C(F)(F)F)cc2)nc2c1SCCC2,4.98,1,0.0,4.98,4.98,2013,2013,1,1,O=c1[nH]c(-c2ccccc2)nc2c1SCCC2,0.0
O=c1[nH]c(-c2ccc(Cl)cc2)nc2c(O)cccc12,6.19,1,0.0,6.19,6.19,2016,2016,1,1,O=c1[nH]c(-c2ccccc2)nc2ccccc12,0.0
O=c1[nH]c(-c2ccc(F)cc2)nc2c(O)cccc12,5.87,1,0.0,5.87,5.87,2016,2016,1,1,O=c1[nH]c(-c2ccccc2)nc2ccccc12,0.0
O=c1[nH]c(-c2ccc(O)cc2)nc2ccccc12,5.19,1,0.0,5.19,5.19,2016,2016,1,1,O=c1[nH]c(-c2ccccc2)nc2ccccc12,0.0
O=c1[nH]c(=O)c2ccccc2[nH]1,5.09,1,0.0,5.09,5.09,2001,2001,1,1,O=c1[nH]c(=O)c2ccccc2[nH]1,0.0
O=c1[nH]c(=O)n(CCCCN2CC=C(c3ccccc3)CC2)c2cccc(F)c12,7.22,1,0.0,7.22,7.22,2004,2004,1,1,O=c1[nH]c(=O)n(CCCCN2CC=C(c3ccccc3)CC2)c2ccccc12,0.0
O=c1[nH]c(=O)n(CCCCN2CCN(c3ncccn3)CC2)c2c1CCCC2,5.52,1,0.0,5.52,5.52,2002,2002,1,1,O=c1[nH]c(=O)n(CCCCN2CCN(c3ncccn3)CC2)c2c1CCCC2,0.0
O=c1[nH]c(C2=CC(N3CC=C(c4ccc(F)cc4)CC3)CC2)nc2c(Cl)cccc12,7.44,1,0.0,7.44,7.44,2007,2007,1,1,O=c1[nH]c(C2=CC(N3CC=C(c4ccccc4)CC3)CC2)nc2ccccc12,0.0
O=c1[nH]c(C2=CC(N3CC=C(c4ccc(F)cc4)CC3)CC2)nc2ccccc12,7.75,1,0.0,7.75,7.75,2007,2007,1,1,O=c1[nH]c(C2=CC(N3CC=C(c4ccccc4)CC3)CC2)nc2ccccc12,0.0
O=c1[nH]c(C2=CC(N3CC=C(c4ccccc4)CC3)CC2)nc2ccccc12,7.8,1,0.0,7.8,7.8,2007,2007,1,1,O=c1[nH]c(C2=CC(N3CC=C(c4ccccc4)CC3)CC2)nc2ccccc12,0.0
O=c1[nH]c(C2=CC(N3CC=C(c4ccccc4)CC3)CCC2)nc2ccccc12,6.8,1,0.0,6.8,6.8,2007,2007,1,1,O=c1[nH]c(C2=CC(N3CC=C(c4ccccc4)CC3)CCC2)nc2ccccc12,0.0
O=c1[nH]c(C2=CC(N3CCN(c4ccc(Cl)cc4)CC3)CC2)nc2ccccc12,7.6,1,0.0,7.6,7.6,2007,2007,1,1,O=c1[nH]c(C2=CC(N3CCN(c4ccccc4)CC3)CC2)nc2ccccc12,0.0
O=c1[nH]c(C2=CC(N3CCN(c4ccc(F)cc4)CC3)CC2)nc2c(Cl)cccc12,7.6,1,0.0,7.6,7.6,2007,2007,1,1,O=c1[nH]c(C2=CC(N3CCN(c4ccccc4)CC3)CC2)nc2ccccc12,0.0
O=c1[nH]c(C2=C[C@@H](N3CC=C(c4ccccc4)CC3)CC2)nc2c(Cl)cccc12,7.82,1,0.0,7.82,7.82,2007,2007,1,1,O=c1[nH]c(C2=CC(N3CC=C(c4ccccc4)CC3)CC2)nc2ccccc12,0.0
O=c1[nH]c(C2=C[C@@H](N3CCC(c4ccc(F)cc4)CC3)CC2)nc2c(Cl)cccc12,7.46,1,0.0,7.46,7.46,2007,2007,1,1,O=c1[nH]c(C2=CC(N3CCC(c4ccccc4)CC3)CC2)nc2ccccc12,0.0
O=c1[nH]c(C2=C[C@@H](N3CCC(c4ccccc4)CC3)CC2)nc2c(Cl)cccc12,8.06,1,0.0,8.06,8.06,2007,2007,1,1,O=c1[nH]c(C2=CC(N3CCC(c4ccccc4)CC3)CC2)nc2ccccc12,0.0
O=c1[nH]c(C2=C[C@H](N3CC=C(c4ccccc4)CC3)CC2)nc2c(Cl)cccc12,6.54,1,0.0,6.54,6.54,2007,2007,1,1,O=c1[nH]c(C2=CC(N3CC=C(c4ccccc4)CC3)CC2)nc2ccccc12,0.0
O=c1[nH]c(C2=C[C@H](N3CCC(c4ccc(F)cc4)CC3)CC2)nc2c(Cl)cccc12,6.59,1,0.0,6.59,6.59,2007,2007,1,1,O=c1[nH]c(C2=CC(N3CCC(c4ccccc4)CC3)CC2)nc2ccccc12,0.0
O=c1[nH]c(C2CCC(N3CCC(c4ccccc4)CC3)C2)nc2ccccc12,6.3100000000000005,2,0.07071067811865482,6.26,6.36,2007,2007,1,1,O=c1[nH]c(C2CCC(N3CCC(c4ccccc4)CC3)C2)nc2ccccc12,0.10000000000000053
O=c1[nH]c(C2CCCC(N3CC=C(c4ccccc4)CC3)C2)nc2ccccc12,5.75,1,0.0,5.75,5.75,2007,2007,1,1,O=c1[nH]c(C2CCCC(N3CC=C(c4ccccc4)CC3)C2)nc2ccccc12,0.0
O=c1[nH]c(CCCCN2CC=C(c3ccc(F)cc3)CC2)nc2c(Cl)cccc12,7.89,1,0.0,7.89,7.89,2011,2011,1,1,O=c1[nH]c(CCCCN2CC=C(c3ccccc3)CC2)nc2ccccc12,0.0
O=c1[nH]c(CCCN2CC=C(c3ccc(Cl)cc3)CC2)nc2ccccc12,7.845000000000001,2,0.2899137802864849,7.64,8.05,2004,2007,2,2,O=c1[nH]c(CCCN2CC=C(c3ccccc3)CC2)nc2ccccc12,0.41000000000000103
O=c1[nH]c(CCCN2CC=C(c3ccc(F)cc3)CC2)nc2c(Cl)cccc12,7.89,1,0.0,7.89,7.89,2004,2004,1,1,O=c1[nH]c(CCCN2CC=C(c3ccccc3)CC2)nc2ccccc12,0.0
O=c1[nH]c(CCCN2CC=C(c3ccccc3)CC2)nc2c(Cl)cccc12,7.58,1,0.0,7.58,7.58,2004,2004,1,1,O=c1[nH]c(CCCN2CC=C(c3ccccc3)CC2)nc2ccccc12,0.0
O=c1[nH]c(CCCN2CC=C(c3ccccc3)CC2)nc2c1CCC2,6.6,1,0.0,6.6,6.6,2009,2009,1,1,O=c1[nH]c(CCCN2CC=C(c3ccccc3)CC2)nc2c1CCC2,0.0
O=c1[nH]c(CCCN2CC=C(c3ccccc3)CC2)nc2cccc(Cl)c12,6.68,2,0.7212489168102785,6.17,7.19,2004,2009,2,2,O=c1[nH]c(CCCN2CC=C(c3ccccc3)CC2)nc2ccccc12,1.0200000000000005
O=c1[nH]c(CCCN2CC=C(c3ccccc3)CC2)nc2ccccc12,7.74,2,0.0848528137423861,7.68,7.8,2004,2009,2,2,O=c1[nH]c(CCCN2CC=C(c3ccccc3)CC2)nc2ccccc12,0.1200000000000001
O=c1[nH]c(CCCN2CCC(c3ccc(Cl)cc3)CC2)nc2ccccc12,6.41,1,0.0,6.41,6.41,2013,2013,1,1,O=c1[nH]c(CCCN2CCC(c3ccccc3)CC2)nc2ccccc12,0.0
O=c1[nH]c(CCCN2CCC(c3ccc(F)cc3)CC2)nc2c(Cl)cccc12,7.609999999999999,2,0.39597979746446665,7.33,7.89,2007,2023,2,2,O=c1[nH]c(CCCN2CCC(c3ccccc3)CC2)nc2ccccc12,0.5599999999999996
O=c1[nH]c(CCCN2CCC(c3ccccc3)CC2)nc2c(Cl)cccc12,7.3149999999999995,2,0.4596194077712558,6.99,7.64,2007,2023,2,2,O=c1[nH]c(CCCN2CCC(c3ccccc3)CC2)nc2ccccc12,0.6499999999999995
O=c1[nH]c(CCCN2CCC(c3ccccc3)CC2)nc2cccc(Cl)c12,7.17,1,0.0,7.17,7.17,2023,2023,1,1,O=c1[nH]c(CCCN2CCC(c3ccccc3)CC2)nc2ccccc12,0.0
O=c1[nH]c(CCCN2CCC(c3ccccc3)CC2)nc2ccccc12,7.34,3,0.2914332399252586,7.1,7.68,2004,2023,3,3,O=c1[nH]c(CCCN2CCC(c3ccccc3)CC2)nc2ccccc12,0.5800000000000001
O=c1[nH]c(CCCN2CCN(c3ccc(F)cc3)CC2)nc2ccccc12,7.11,1,0.0,7.11,7.11,2013,2013,1,1,O=c1[nH]c(CCCN2CCN(c3ccccc3)CC2)nc2ccccc12,0.0
O=c1[nH]c(CCCN2CCN(c3cccc(Cl)c3)CC2)nc2ccccc12,6.0,1,0.0,6.0,6.0,2013,2013,1,1,O=c1[nH]c(CCCN2CCN(c3ccccc3)CC2)nc2ccccc12,0.0
O=c1[nH]c(CCCN2CCN(c3ccccc3)CC2)nc2cccc(Cl)c12,7.96,1,0.0,7.96,7.96,2023,2023,1,1,O=c1[nH]c(CCCN2CCN(c3ccccc3)CC2)nc2ccccc12,0.0
O=c1[nH]c(N2CC(N3CC=C(c4ccccc4)CC3)C2)nc2ccccc12,6.3,1,0.0,6.3,6.3,2007,2007,1,1,O=c1[nH]c(N2CC(N3CC=C(c4ccccc4)CC3)C2)nc2ccccc12,0.0
O=c1[nH]c(N2CCC(N3CC=C(c4ccccc4)CC3)C2)nc2ccccc12,6.52,1,0.0,6.52,6.52,2007,2007,1,1,O=c1[nH]c(N2CCC(N3CC=C(c4ccccc4)CC3)C2)nc2ccccc12,0.0
O=c1[nH]c(N2CCC(N3CC=C(c4ccccc4)CC3)CC2)nc2ccccc12,6.88,1,0.0,6.88,6.88,2007,2007,1,1,O=c1[nH]c(N2CCC(N3CC=C(c4ccccc4)CC3)CC2)nc2ccccc12,0.0
O=c1[nH]c(NCCN2CCN(c3n[nH]c4ccccc34)CC2)nc2ccccc12,8.0,1,0.0,8.0,8.0,2010,2010,1,1,O=c1[nH]c(NCCN2CCN(c3n[nH]c4ccccc34)CC2)nc2ccccc12,0.0
O=c1[nH]c([C@H]2CC[C@@H](N3CC=C(c4ccccc4)CC3)CC2)nc2ccccc12,5.8,1,0.0,5.8,5.8,2007,2007,1,1,O=c1[nH]c(C2CCC(N3CC=C(c4ccccc4)CC3)CC2)nc2ccccc12,0.0
O=c1[nH]c([C@H]2CC[C@H](N3CC=C(c4ccccc4)CC3)CC2)nc2ccccc12,5.08,1,0.0,5.08,5.08,2007,2007,1,1,O=c1[nH]c(C2CCC(N3CC=C(c4ccccc4)CC3)CC2)nc2ccccc12,0.0
O=c1[nH]c2c(c(=O)[nH]1)C(c1cccs1)c1[nH]c(=S)[nH]c(=S)c1O2,4.96,1,0.0,4.96,4.96,2022,2022,1,1,O=c1[nH]c2c(c(=O)[nH]1)C(c1cccs1)c1[nH]c(=S)[nH]c(=S)c1O2,0.0
O=c1[nH]c2c(c(=O)[nH]1)C(c1cccs1)c1[nH]c(=S)n(-c3ccccc3)c(=O)c1O2,5.44,1,0.0,5.44,5.44,2022,2022,1,1,O=c1[nH]c2c(c(=O)[nH]1)C(c1cccs1)c1[nH]c(=S)n(-c3ccccc3)c(=O)c1O2,0.0
O=c1[nH]c2c(nc3c4ccccc4ccn32)c2ccccc12,5.39,1,0.0,5.39,5.39,2009,2009,1,1,O=c1[nH]c2c(nc3c4ccccc4ccn32)c2ccccc12,0.0
O=c1[nH]c2c(nc3cc(Cl)ccn32)c2ccccc12,5.23,1,0.0,5.23,5.23,2009,2009,1,1,O=c1[nH]c2c(nc3ccccn32)c2ccccc12,0.0
O=c1[nH]c2c(nc3cc(S(=O)(=O)NCCCN4CCOCC4)ccn32)c2ccccc12,7.44,1,0.0,7.44,7.44,2009,2009,1,1,O=c1[nH]c2c(nc3cc(S(=O)(=O)NCCCN4CCOCC4)ccn32)c2ccccc12,0.0
O=c1[nH]c2c(nc3ccc(Br)cn32)c2ccccc12,4.92,1,0.0,4.92,4.92,2009,2009,1,1,O=c1[nH]c2c(nc3ccccn32)c2ccccc12,0.0
O=c1[nH]c2c(nc3ccc(Cl)cn32)c2ccccc12,4.83,1,0.0,4.83,4.83,2009,2009,1,1,O=c1[nH]c2c(nc3ccccn32)c2ccccc12,0.0
O=c1[nH]c2c(nc3ccccn32)c2ccccc12,6.07,1,0.0,6.07,6.07,2009,2009,1,1,O=c1[nH]c2c(nc3ccccn32)c2ccccc12,0.0
O=c1[nH]c2c(nc3cnccn32)c2ccccc12,5.49,1,0.0,5.49,5.49,2009,2009,1,1,O=c1[nH]c2c(nc3cnccn32)c2ccccc12,0.0
O=c1[nH]c2c(nc3ncccn32)c2ccccc12,5.24,1,0.0,5.24,5.24,2009,2009,1,1,O=c1[nH]c2c(nc3ncccn32)c2ccccc12,0.0
O=c1[nH]c2cc(-c3ccc(Br)cc3)nn2c2ccccc12,6.16,1,0.0,6.16,6.16,2009,2009,1,1,O=c1[nH]c2cc(-c3ccccc3)nn2c2ccccc12,0.0
O=c1[nH]c2cc(-c3ccc(Cl)cc3)nn2c2ccccc12,6.3,1,0.0,6.3,6.3,2009,2009,1,1,O=c1[nH]c2cc(-c3ccccc3)nn2c2ccccc12,0.0
O=c1[nH]c2cc(-c3cccc(Br)c3)nn2c2ccccc12,6.22,1,0.0,6.22,6.22,2009,2009,1,1,O=c1[nH]c2cc(-c3ccccc3)nn2c2ccccc12,0.0
O=c1[nH]c2cc(-c3cccc(Cl)c3)nn2c2ccccc12,6.3,1,0.0,6.3,6.3,2009,2009,1,1,O=c1[nH]c2cc(-c3ccccc3)nn2c2ccccc12,0.0
O=c1[nH]c2cc(-c3ccccc3)nn2c2ccccc12,7.0,1,0.0,7.0,7.0,2009,2009,1,1,O=c1[nH]c2cc(-c3ccccc3)nn2c2ccccc12,0.0
O=c1[nH]c2cc(-c3ccco3)nn2c2ccccc12,6.7,1,0.0,6.7,6.7,2009,2009,1,1,O=c1[nH]c2cc(-c3ccco3)nn2c2ccccc12,0.0
O=c1[nH]c2cc(-c3cccs3)nn2c2ccccc12,6.82,1,0.0,6.82,6.82,2009,2009,1,1,O=c1[nH]c2cc(-c3cccs3)nn2c2ccccc12,0.0
O=c1[nH]c2cc(-c3nnn[nH]3)ccc2c2ccccc12,7.52,1,0.0,7.52,7.52,2015,2015,1,1,O=c1[nH]c2cc(-c3nnn[nH]3)ccc2c2ccccc12,0.0
O=c1[nH]c2cc(C3CCCCC3)nn2c2ccccc12,6.7,1,0.0,6.7,6.7,2009,2009,1,1,O=c1[nH]c2cc(C3CCCCC3)nn2c2ccccc12,0.0
O=c1[nH]c2cc(CN3C4CCC3CN(c3ccc(Cl)nn3)C4)ccc2c2c1CCCN2,8.32,1,0.0,8.32,8.32,2019,2019,1,1,O=c1[nH]c2cc(CN3C4CCC3CN(c3cccnn3)C4)ccc2c2c1CCCN2,0.0
O=c1[nH]c2cc(CN3C4CCC3CN(c3cnccn3)C4)ccc2c2c1CCCN2,8.09,1,0.0,8.09,8.09,2019,2019,1,1,O=c1[nH]c2cc(CN3C4CCC3CN(c3cnccn3)C4)ccc2c2c1CCCN2,0.0
O=c1[nH]c2cc(CN3CCCC3)ccc2c2c1CCCN2,6.67,2,0.7778174593052021,6.12,7.22,2014,2014,1,1,O=c1[nH]c2cc(CN3CCCC3)ccc2c2c1CCCN2,1.0999999999999996
O=c1[nH]c2cc(CN3CCCCC3)ccc2c2c1CCCN2,6.89,1,0.0,6.89,6.89,2014,2014,1,1,O=c1[nH]c2cc(CN3CCCCC3)ccc2c2c1CCCN2,0.0
O=c1[nH]c2cc(CN3CCN(c4cc(C(F)(F)F)ccn4)CC3)ccc2c2c1CCCN2,7.54,1,0.0,7.54,7.54,2019,2019,1,1,O=c1[nH]c2cc(CN3CCN(c4ccccn4)CC3)ccc2c2c1CCCN2,0.0
O=c1[nH]c2cc(CN3CCN(c4ccc(C(F)(F)F)c(Cl)c4)CC3)ccc2c2c1CCCN2,6.75,1,0.0,6.75,6.75,2019,2019,1,1,O=c1[nH]c2cc(CN3CCN(c4ccccc4)CC3)ccc2c2c1CCCN2,0.0
O=c1[nH]c2cc(CN3CCN(c4ccc(C(F)(F)F)cc4)CC3)ccc2c2c1CCCN2,7.76,1,0.0,7.76,7.76,2019,2019,1,1,O=c1[nH]c2cc(CN3CCN(c4ccccc4)CC3)ccc2c2c1CCCN2,0.0
O=c1[nH]c2cc(CN3CCN(c4ccc(C(F)(F)F)cc4Cl)CC3)ccc2c2c1CCCN2,6.95,1,0.0,6.95,6.95,2019,2019,1,1,O=c1[nH]c2cc(CN3CCN(c4ccccc4)CC3)ccc2c2c1CCCN2,0.0
O=c1[nH]c2cc(CN3CCN(c4ccc(C(F)(F)F)cn4)CC3)ccc2c2c1CCCN2,7.85,1,0.0,7.85,7.85,2019,2019,1,1,O=c1[nH]c2cc(CN3CCN(c4ccccn4)CC3)ccc2c2c1CCCN2,0.0
O=c1[nH]c2cc(CN3CCN(c4ccc(Cl)cn4)CC3)cc(F)c2c2c1CCCN2,6.8,1,0.0,6.8,6.8,2019,2019,1,1,O=c1[nH]c2cc(CN3CCN(c4ccccn4)CC3)ccc2c2c1CCCN2,0.0
O=c1[nH]c2cc(CN3CCN(c4ccc(Cl)cn4)CC3)ccc2c2c1CCCN2,8.32,1,0.0,8.32,8.32,2019,2019,1,1,O=c1[nH]c2cc(CN3CCN(c4ccccn4)CC3)ccc2c2c1CCCN2,0.0
O=c1[nH]c2cc(CN3CCN(c4ccc(Cl)nn4)CC3)cc(F)c2c2c1CCCN2,8.33,1,0.0,8.33,8.33,2019,2019,1,1,O=c1[nH]c2cc(CN3CCN(c4cccnn4)CC3)ccc2c2c1CCCN2,0.0
O=c1[nH]c2cc(CN3CCN(c4ccc(Cl)nn4)CC3)ccc2c2c1CCCN2,8.49,1,0.0,8.49,8.49,2019,2019,1,1,O=c1[nH]c2cc(CN3CCN(c4cccnn4)CC3)ccc2c2c1CCCN2,0.0
O=c1[nH]c2cc(CN3CCN(c4ccc(F)cc4)CC3)cc(F)c2c2c1CCCN2,8.1,1,0.0,8.1,8.1,2019,2019,1,1,O=c1[nH]c2cc(CN3CCN(c4ccccc4)CC3)ccc2c2c1CCCN2,0.0
O=c1[nH]c2cc(CN3CCN(c4ccc(F)cc4)CC3)ccc2c2c1CCCN2,8.19,1,0.0,8.19,8.19,2019,2019,1,1,O=c1[nH]c2cc(CN3CCN(c4ccccc4)CC3)ccc2c2c1CCCN2,0.0
O=c1[nH]c2cc(CN3CCN(c4ccc(F)cn4)CC3)cc(CO)c2c2c1CCCN2,7.94,1,0.0,7.94,7.94,2019,2019,1,1,O=c1[nH]c2cc(CN3CCN(c4ccccn4)CC3)ccc2c2c1CCCN2,0.0
O=c1[nH]c2cc(CN3CCN(c4ccc(F)cn4)CC3)cc(F)c2c2c1CCCN2,8.07,1,0.0,8.07,8.07,2019,2019,1,1,O=c1[nH]c2cc(CN3CCN(c4ccccn4)CC3)ccc2c2c1CCCN2,0.0
O=c1[nH]c2cc(CN3CCN(c4ccc(F)cn4)CC3)cnc2cc1C1CC1,8.5,1,0.0,8.5,8.5,2023,2023,1,1,O=c1[nH]c2cc(CN3CCN(c4ccccn4)CC3)cnc2cc1C1CC1,0.0
O=c1[nH]c2cc(CN3CCN(c4ccc([N+](=O)[O-])c(F)c4)CC3)ccc2c2c1CCCN2,8.32,1,0.0,8.32,8.32,2019,2019,1,1,O=c1[nH]c2cc(CN3CCN(c4ccccc4)CC3)ccc2c2c1CCCN2,0.0
O=c1[nH]c2cc(CN3CCN(c4ccc([N+](=O)[O-])cc4F)CC3)cc(F)c2c2c1CCCN2,8.13,1,0.0,8.13,8.13,2019,2019,1,1,O=c1[nH]c2cc(CN3CCN(c4ccccc4)CC3)ccc2c2c1CCCN2,0.0
O=c1[nH]c2cc(CN3CCN(c4ccc([N+](=O)[O-])cc4F)CC3)ccc2c2c1CCCN2,8.71,1,0.0,8.71,8.71,2019,2019,1,1,O=c1[nH]c2cc(CN3CCN(c4ccccc4)CC3)ccc2c2c1CCCN2,0.0
O=c1[nH]c2cc(CN3CCN(c4ccc5[nH]ncc5c4)CC3)ccc2c2c1CCCN2,8.25,1,0.0,8.25,8.25,2019,2019,1,1,O=c1[nH]c2cc(CN3CCN(c4ccc5[nH]ncc5c4)CC3)ccc2c2c1CCCN2,0.0
O=c1[nH]c2cc(CN3CCN(c4ccc5c(n4)OCC5)CC3)ccc2c2c1CCCN2,7.69,1,0.0,7.69,7.69,2019,2019,1,1,O=c1[nH]c2cc(CN3CCN(c4ccc5c(n4)OCC5)CC3)ccc2c2c1CCCN2,0.0
O=c1[nH]c2cc(CN3CCN(c4ccc5cc[nH]c5c4)CC3)ccc2c2c1CCCN2,8.6,1,0.0,8.6,8.6,2019,2019,1,1,O=c1[nH]c2cc(CN3CCN(c4ccc5cc[nH]c5c4)CC3)ccc2c2c1CCCN2,0.0
O=c1[nH]c2cc(CN3CCN(c4ccc5cn[nH]c5c4)CC3)ccc2c2c1CCCN2,8.31,1,0.0,8.31,8.31,2019,2019,1,1,O=c1[nH]c2cc(CN3CCN(c4ccc5cn[nH]c5c4)CC3)ccc2c2c1CCCN2,0.0
O=c1[nH]c2cc(CN3CCN(c4ccc5oncc5c4)CC3)ccc2c2c1CCCN2,7.35,1,0.0,7.35,7.35,2019,2019,1,1,O=c1[nH]c2cc(CN3CCN(c4ccc5oncc5c4)CC3)ccc2c2c1CCCN2,0.0
O=c1[nH]c2cc(CN3CCN(c4ccccn4)CC3)cc(CO)c2c2c1CCCN2,8.04,1,0.0,8.04,8.04,2019,2019,1,1,O=c1[nH]c2cc(CN3CCN(c4ccccn4)CC3)ccc2c2c1CCCN2,0.0
O=c1[nH]c2cc(CN3CCN(c4ccccn4)CC3)cc(F)c2c2c1CCCN2,8.14,1,0.0,8.14,8.14,2019,2019,1,1,O=c1[nH]c2cc(CN3CCN(c4ccccn4)CC3)ccc2c2c1CCCN2,0.0
O=c1[nH]c2cc(CN3CCN(c4ccccn4)CC3)ccc2c2c1CCCN2,7.85,1,0.0,7.85,7.85,2019,2019,1,1,O=c1[nH]c2cc(CN3CCN(c4ccccn4)CC3)ccc2c2c1CCCN2,0.0
O=c1[nH]c2cc(CN3CCN(c4cnccn4)CC3)cc(F)c2c2c1CCCN2,8.13,1,0.0,8.13,8.13,2019,2019,1,1,O=c1[nH]c2cc(CN3CCN(c4cnccn4)CC3)ccc2c2c1CCCN2,0.0
O=c1[nH]c2cc(CN3CCN(c4cnccn4)CC3)ccc2c2c1CCCN2,8.31,1,0.0,8.31,8.31,2019,2019,1,1,O=c1[nH]c2cc(CN3CCN(c4cnccn4)CC3)ccc2c2c1CCCN2,0.0
O=c1[nH]c2cc(CN3CCN(c4nc5cc(Cl)ccc5o4)CC3)ccc2c2c1CCCN2,7.8,1,0.0,7.8,7.8,2019,2019,1,1,O=c1[nH]c2cc(CN3CCN(c4nc5ccccc5o4)CC3)ccc2c2c1CCCN2,0.0
O=c1[nH]c2cc(CN3CCN(c4nc5cccnc5o4)CC3)ccc2c2c1CCCN2,7.53,1,0.0,7.53,7.53,2019,2019,1,1,O=c1[nH]c2cc(CN3CCN(c4nc5cccnc5o4)CC3)ccc2c2c1CCCN2,0.0
O=c1[nH]c2cc(CN3CCN(c4nc5ncccc5o4)CC3)ccc2c2c1CCCN2,7.11,1,0.0,7.11,7.11,2019,2019,1,1,O=c1[nH]c2cc(CN3CCN(c4nc5ncccc5o4)CC3)ccc2c2c1CCCN2,0.0
O=c1[nH]c2cc(CN3CCN(c4ncc(Cl)cc4Cl)CC3)ccc2c2c1CCCN2,7.89,1,0.0,7.89,7.89,2019,2019,1,1,O=c1[nH]c2cc(CN3CCN(c4ccccn4)CC3)ccc2c2c1CCCN2,0.0
O=c1[nH]c2cc(CN3CCN(c4ncccc4C(F)(F)F)CC3)ccc2c2c1CCCN2,7.87,1,0.0,7.87,7.87,2019,2019,1,1,O=c1[nH]c2cc(CN3CCN(c4ccccn4)CC3)ccc2c2c1CCCN2,0.0
O=c1[nH]c2cc(CN3CCN(c4nccs4)CC3)ccc2c2c1CCCN2,8.3,1,0.0,8.3,8.3,2019,2019,1,1,O=c1[nH]c2cc(CN3CCN(c4nccs4)CC3)ccc2c2c1CCCN2,0.0
O=c1[nH]c2cc(CN3CCOCC3)ccc2c2c1CCCN2,6.21,1,0.0,6.21,6.21,2014,2014,1,1,O=c1[nH]c2cc(CN3CCOCC3)ccc2c2c1CCCN2,0.0
O=c1[nH]c2cc(CN3C[C@@H]4C[C@H]3CN4c3ccc(Cl)nn3)cc(F)c2c2c1CCCN2,7.36,1,0.0,7.36,7.36,2019,2019,1,1,O=c1[nH]c2cc(CN3CC4CC3CN4c3cccnn3)ccc2c2c1CCCN2,0.0
O=c1[nH]c2cc(CN3C[C@@H]4C[C@H]3CN4c3ccc([N+](=O)[O-])cc3F)ccc2c2c1CCCN2,7.99,1,0.0,7.99,7.99,2019,2019,1,1,O=c1[nH]c2cc(CN3CC4CC3CN4c3ccccc3)ccc2c2c1CCCN2,0.0
O=c1[nH]c2cc(CN3C[C@@H]4C[C@H]3CN4c3cnccn3)cc(F)c2c2c1CCCN2,7.09,1,0.0,7.09,7.09,2019,2019,1,1,O=c1[nH]c2cc(CN3CC4CC3CN4c3cnccn3)ccc2c2c1CCCN2,0.0
O=c1[nH]c2cc(Cc3nnn[nH]3)ccc2c2c1CCCN2,6.31,1,0.0,6.31,6.31,2014,2014,1,1,O=c1[nH]c2cc(Cc3nnn[nH]3)ccc2c2c1CCCN2,0.0
O=c1[nH]c2cc(Cn3cccc3)ccc2c2c1CCCN2,5.81,1,0.0,5.81,5.81,2014,2014,1,1,O=c1[nH]c2cc(Cn3cccc3)ccc2c2c1CCCN2,0.0
O=c1[nH]c2cc(Cn3ccnc3)ccc2c2c1CCCN2,6.27,1,0.0,6.27,6.27,2014,2014,1,1,O=c1[nH]c2cc(Cn3ccnc3)ccc2c2c1CCCN2,0.0
O=c1[nH]c2cc(OCCN3CCCCC3)ccc2c2c1CCCN2,5.45,1,0.0,5.45,5.45,2014,2014,1,1,O=c1[nH]c2cc(OCCN3CCCCC3)ccc2c2c1CCCN2,0.0
O=c1[nH]c2ccc(CCCN3CC=C(c4ccccc4)CC3)cc2c2ccccc12,7.13,2,0.2969848480983499,6.92,7.34,2005,2009,2,2,O=c1[nH]c2ccc(CCCN3CC=C(c4ccccc4)CC3)cc2c2ccccc12,0.41999999999999993
O=c1[nH]c2ccc(CCN3CC=C(c4ccccc4)CC3)cc2c2ccccc12,7.34,1,0.0,7.34,7.34,2009,2009,1,1,O=c1[nH]c2ccc(CCN3CC=C(c4ccccc4)CC3)cc2c2ccccc12,0.0
O=c1[nH]c2ccc(O)cc2c2c1CSCC2,7.0,1,0.0,7.0,7.0,2010,2010,1,1,O=c1[nH]c2ccccc2c2c1CSCC2,0.0
O=c1[nH]c2ccc(OC3CCCNC3)cc2c2c1CSCC2,7.55,1,0.0,7.55,7.55,2010,2010,1,1,O=c1[nH]c2ccc(OC3CCCNC3)cc2c2c1CSCC2,0.0
O=c1[nH]c2ccc(OC3CCN(CCN4CCCCC4)CC3)cc2c2c1CSCC2,6.76,1,0.0,6.76,6.76,2010,2010,1,1,O=c1[nH]c2ccc(OC3CCN(CCN4CCCCC4)CC3)cc2c2c1CSCC2,0.0
O=c1[nH]c2ccc(OC3CCN(CCO)CC3)cc2c2c1CSCC2,7.54,1,0.0,7.54,7.54,2010,2010,1,1,O=c1[nH]c2ccc(OC3CCNCC3)cc2c2c1CSCC2,0.0
O=c1[nH]c2ccc(OC3CCN(CCc4ccccc4)CC3)cc2c2c1CSCC2,7.42,1,0.0,7.42,7.42,2010,2010,1,1,O=c1[nH]c2ccc(OC3CCN(CCc4ccccc4)CC3)cc2c2c1CSCC2,0.0
O=c1[nH]c2ccc(OC3CCN(Cc4ccccc4)CC3)cc2c2c1CSCC2,7.28,1,0.0,7.28,7.28,2010,2010,1,1,O=c1[nH]c2ccc(OC3CCN(Cc4ccccc4)CC3)cc2c2c1CSCC2,0.0
O=c1[nH]c2ccc(OC3CCN(c4ccccc4)CC3)cc2c2c1CSCC2,6.16,1,0.0,6.16,6.16,2010,2010,1,1,O=c1[nH]c2ccc(OC3CCN(c4ccccc4)CC3)cc2c2c1CSCC2,0.0
O=c1[nH]c2ccc(OCCCCN3CCCCC3)cc2c2c1CCCN2,5.54,1,0.0,5.54,5.54,2014,2014,1,1,O=c1[nH]c2ccc(OCCCCN3CCCCC3)cc2c2c1CCCN2,0.0
O=c1[nH]c2ccc(OCCN3CCC(c4ccccc4)CC3)cc2c2c1CCCN2,5.84,1,0.0,5.84,5.84,2014,2014,1,1,O=c1[nH]c2ccc(OCCN3CCC(c4ccccc4)CC3)cc2c2c1CCCN2,0.0
O=c1[nH]c2ccc(OCCN3CCCCC3)cc2c2c1CCCN2,6.34,1,0.0,6.34,6.34,2014,2014,1,1,O=c1[nH]c2ccc(OCCN3CCCCC3)cc2c2c1CCCN2,0.0
O=c1[nH]c2ccc(OCCN3CCNCC3)cc2c2c1CCCN2,5.83,1,0.0,5.83,5.83,2014,2014,1,1,O=c1[nH]c2ccc(OCCN3CCNCC3)cc2c2c1CCCN2,0.0
O=c1[nH]c2ccc(OCCN3CCOCC3)cc2c2c1CCCN2,5.58,1,0.0,5.58,5.58,2014,2014,1,1,O=c1[nH]c2ccc(OCCN3CCOCC3)cc2c2c1CCCN2,0.0
O=c1[nH]c2ccc(OCCO)cc2c2c1CCCN2,5.97,1,0.0,5.97,5.97,2014,2014,1,1,O=c1[nH]c2ccccc2c2c1CCCN2,0.0
O=c1[nH]c2ccccc2c2ccccc12,6.46,3,0.12489995996796772,6.28,6.52,2001,2003,3,3,O=c1[nH]c2ccccc2c2ccccc12,0.23999999999999932
O=c1[nH]c2cccnc2c2ccccc12,6.94,1,0.0,6.94,6.94,2003,2003,1,1,O=c1[nH]c2cccnc2c2ccccc12,0.0
O=c1[nH]cc(-c2ccccc2)c2ccccc12,6.05,1,0.0,6.05,6.05,2010,2010,1,1,O=c1[nH]cc(-c2ccccc2)c2ccccc12,0.0
O=c1[nH]ccc2c(Br)cccc12,6.57,1,0.0,6.57,6.57,2010,2010,1,1,O=c1[nH]ccc2ccccc12,0.0
O=c1[nH]cnc2c(C(F)(F)F)cccc12,4.6,1,0.0,4.6,4.6,2012,2012,1,1,O=c1[nH]cnc2ccccc12,0.0
O=c1[nH]cnc2c(Cl)cccc12,5.25,1,0.0,5.25,5.25,2012,2012,1,1,O=c1[nH]cnc2ccccc12,0.0
O=c1[nH]cnc2c(F)cccc12,4.73,1,0.0,4.73,4.73,2012,2012,1,1,O=c1[nH]cnc2ccccc12,0.0
O=c1[nH]cnc2cc(C(F)(F)F)ccc12,5.12,1,0.0,5.12,5.12,2012,2012,1,1,O=c1[nH]cnc2ccccc12,0.0
O=c1[nH]cnc2ccc(Cl)cc12,4.96,1,0.0,4.96,4.96,2012,2012,1,1,O=c1[nH]cnc2ccccc12,0.0
O=c1[nH]cnc2ccc(F)cc12,5.04,1,0.0,5.04,5.04,2012,2012,1,1,O=c1[nH]cnc2ccccc12,0.0
O=c1[nH]cnc2ccc(I)cc12,4.6,1,0.0,4.6,4.6,2012,2012,1,1,O=c1[nH]cnc2ccccc12,0.0
O=c1[nH]cnc2ccc(O)cc12,4.6,1,0.0,4.6,4.6,2012,2012,1,1,O=c1[nH]cnc2ccccc12,0.0
O=c1[nH]cnc2cccc(Cl)c12,5.5,1,0.0,5.5,5.5,2012,2012,1,1,O=c1[nH]cnc2ccccc12,0.0
O=c1[nH]cnc2cccc(F)c12,5.15,1,0.0,5.15,5.15,2012,2012,1,1,O=c1[nH]cnc2ccccc12,0.0
O=c1[nH]cnc2ccccc12,5.02,3,0.21999999999999997,4.8,5.24,2001,2012,3,3,O=c1[nH]cnc2ccccc12,0.4400000000000004
O=c1[nH]nc(CCCCN2CC=C(c3ccccc3)CC2)c2ccccc12,7.19,1,0.0,7.19,7.19,2005,2005,1,1,O=c1[nH]nc(CCCCN2CC=C(c3ccccc3)CC2)c2ccccc12,0.0
O=c1[nH]nc(Cc2ccc(F)c(P3(=O)CCN(c4cccc(C(F)(F)F)n4)CC3)c2)c2ccccc12,6.26,1,0.0,6.26,6.26,2022,2022,1,1,O=c1[nH]nc(Cc2cccc(P3(=O)CCN(c4ccccn4)CC3)c2)c2ccccc12,0.0
O=c1[nH]nc(Cc2ccc(F)c(P3(=O)CCN(c4ncc(C(F)(F)F)cc4Cl)CC3)c2)c2ccccc12,6.26,1,0.0,6.26,6.26,2022,2022,1,1,O=c1[nH]nc(Cc2cccc(P3(=O)CCN(c4ccccn4)CC3)c2)c2ccccc12,0.0
O=c1[nH]nc(Cc2ccc(F)c(P3(=O)CCN(c4ncccc4C(F)(F)F)CC3)c2)c2ccccc12,6.26,1,0.0,6.26,6.26,2022,2022,1,1,O=c1[nH]nc(Cc2cccc(P3(=O)CCN(c4ccccn4)CC3)c2)c2ccccc12,0.0
O=c1[nH]nc(Cc2ccccc2)c2ccccc12,6.11,1,0.0,6.11,6.11,2005,2005,1,1,O=c1[nH]nc(Cc2ccccc2)c2ccccc12,0.0
O=c1[nH]nc2c3c(c(Br)ccc13)NC1=C2CCCC1,7.77,1,0.0,7.77,7.77,2016,2016,1,1,O=c1[nH]nc2c3c(cccc13)NC1=C2CCCC1,0.0
O=c1[nH]nc2c3c(c(Br)ccc13)NC1=C2CCCCC1,7.17,1,0.0,7.17,7.17,2016,2016,1,1,O=c1[nH]nc2c3c(cccc13)NC1=C2CCCCC1,0.0
O=c1[nH]nc2c3c(c(Cl)ccc13)NC1=C2CCCC1,7.99,1,0.0,7.99,7.99,2016,2016,1,1,O=c1[nH]nc2c3c(cccc13)NC1=C2CCCC1,0.0
O=c1[nH]nc2c3c(c(Cl)ccc13)NC1=C2CCCCC1,7.28,1,0.0,7.28,7.28,2016,2016,1,1,O=c1[nH]nc2c3c(cccc13)NC1=C2CCCCC1,0.0
O=c1[nH]nc2c3c(cccc13)N=C(CN1CC=C(c3ccc(F)cc3)CC1)N2,8.22,1,0.0,8.22,8.22,2014,2014,1,1,O=c1[nH]nc2c3c(cccc13)N=C(CN1CC=C(c3ccccc3)CC1)N2,0.0
O=c1[nH]nc2c3c(cccc13)N=C(CN1CC=C(c3ccccc3)CC1)N2,7.92,1,0.0,7.92,7.92,2014,2014,1,1,O=c1[nH]nc2c3c(cccc13)N=C(CN1CC=C(c3ccccc3)CC1)N2,0.0
O=c1[nH]nc2c3c(cccc13)N=C(CN1CCC(Cc3ccccc3)CC1)N2,7.46,1,0.0,7.46,7.46,2014,2014,1,1,O=c1[nH]nc2c3c(cccc13)N=C(CN1CCC(Cc3ccccc3)CC1)N2,0.0
O=c1[nH]nc2c3c(cccc13)N=C(CN1CCC(O)CC1)N2,7.46,1,0.0,7.46,7.46,2014,2014,1,1,O=c1[nH]nc2c3c(cccc13)N=C(CN1CCCCC1)N2,0.0
O=c1[nH]nc2c3c(cccc13)N=C(CN1CCC(c3c[nH]c4ccccc34)CC1)N2,7.89,1,0.0,7.89,7.89,2014,2014,1,1,O=c1[nH]nc2c3c(cccc13)N=C(CN1CCC(c3c[nH]c4ccccc34)CC1)N2,0.0
O=c1[nH]nc2c3c(cccc13)N=C(CN1CCC(c3ccccc3)CC1)N2,7.72,1,0.0,7.72,7.72,2014,2014,1,1,O=c1[nH]nc2c3c(cccc13)N=C(CN1CCC(c3ccccc3)CC1)N2,0.0
O=c1[nH]nc2c3c(cccc13)N=C(CN1CCC3(CC1)OCCO3)N2,7.7,1,0.0,7.7,7.7,2014,2014,1,1,O=c1[nH]nc2c3c(cccc13)N=C(CN1CCC3(CC1)OCCO3)N2,0.0
O=c1[nH]nc2c3c(cccc13)N=C(CN1CCCN(Cc3ccc(F)cc3)CC1)N2,7.58,1,0.0,7.58,7.58,2014,2014,1,1,O=c1[nH]nc2c3c(cccc13)N=C(CN1CCCN(Cc3ccccc3)CC1)N2,0.0
O=c1[nH]nc2c3c(cccc13)N=C(CN1CCCN(Cc3ccccc3)CC1)N2,7.41,1,0.0,7.41,7.41,2014,2014,1,1,O=c1[nH]nc2c3c(cccc13)N=C(CN1CCCN(Cc3ccccc3)CC1)N2,0.0
O=c1[nH]nc2c3c(cccc13)N=C(CN1CCCN(S(=O)(=O)c3ccc(-c4ccccc4)cc3)CC1)N2,7.66,1,0.0,7.66,7.66,2014,2014,1,1,O=c1[nH]nc2c3c(cccc13)N=C(CN1CCCN(S(=O)(=O)c3ccc(-c4ccccc4)cc3)CC1)N2,0.0
O=c1[nH]nc2c3c(cccc13)N=C(CN1CCCN(S(=O)(=O)c3ccc(Cl)cc3)CC1)N2,7.62,1,0.0,7.62,7.62,2014,2014,1,1,O=c1[nH]nc2c3c(cccc13)N=C(CN1CCCN(S(=O)(=O)c3ccccc3)CC1)N2,0.0
O=c1[nH]nc2c3c(cccc13)N=C(CN1CCCN(S(=O)(=O)c3cccc(C(F)(F)F)c3)CC1)N2,7.96,1,0.0,7.96,7.96,2014,2014,1,1,O=c1[nH]nc2c3c(cccc13)N=C(CN1CCCN(S(=O)(=O)c3ccccc3)CC1)N2,0.0
O=c1[nH]nc2c3c(cccc13)N=C(CN1CCCN(S(=O)(=O)c3cccc(F)c3)CC1)N2,7.57,1,0.0,7.57,7.57,2014,2014,1,1,O=c1[nH]nc2c3c(cccc13)N=C(CN1CCCN(S(=O)(=O)c3ccccc3)CC1)N2,0.0
O=c1[nH]nc2c3c(cccc13)N=C(CN1CCCN(S(=O)(=O)c3ccccc3)CC1)N2,7.7,1,0.0,7.7,7.7,2014,2014,1,1,O=c1[nH]nc2c3c(cccc13)N=C(CN1CCCN(S(=O)(=O)c3ccccc3)CC1)N2,0.0
O=c1[nH]nc2c3c(cccc13)N=C(CN1CCCNCC1)N2,7.39,1,0.0,7.39,7.39,2014,2014,1,1,O=c1[nH]nc2c3c(cccc13)N=C(CN1CCCNCC1)N2,0.0
O=c1[nH]nc2c3c(cccc13)N=C(CN1CCN(Cc3ccccc3)CC1)N2,7.41,1,0.0,7.41,7.41,2014,2014,1,1,O=c1[nH]nc2c3c(cccc13)N=C(CN1CCN(Cc3ccccc3)CC1)N2,0.0
O=c1[nH]nc2c3c(cccc13)N=C(CN1CCN(S(=O)(=O)c3ccc(Cl)cc3)CC1)N2,7.75,1,0.0,7.75,7.75,2014,2014,1,1,O=c1[nH]nc2c3c(cccc13)N=C(CN1CCN(S(=O)(=O)c3ccccc3)CC1)N2,0.0
O=c1[nH]nc2c3c(cccc13)N=C(CN1CCN(S(=O)(=O)c3ccc(F)cc3)CC1)N2,7.57,1,0.0,7.57,7.57,2014,2014,1,1,O=c1[nH]nc2c3c(cccc13)N=C(CN1CCN(S(=O)(=O)c3ccccc3)CC1)N2,0.0
O=c1[nH]nc2c3c(cccc13)N=C(CN1CCN(S(=O)(=O)c3cccc(C(F)(F)F)c3)CC1)N2,7.85,1,0.0,7.85,7.85,2014,2014,1,1,O=c1[nH]nc2c3c(cccc13)N=C(CN1CCN(S(=O)(=O)c3ccccc3)CC1)N2,0.0
O=c1[nH]nc2c3c(cccc13)N=C(CN1CCN(S(=O)(=O)c3cccc(F)c3)CC1)N2,7.82,1,0.0,7.82,7.82,2014,2014,1,1,O=c1[nH]nc2c3c(cccc13)N=C(CN1CCN(S(=O)(=O)c3ccccc3)CC1)N2,0.0
O=c1[nH]nc2c3c(cccc13)N=C(CN1CCN(S(=O)(=O)c3ccccc3)CC1)N2,7.64,1,0.0,7.64,7.64,2014,2014,1,1,O=c1[nH]nc2c3c(cccc13)N=C(CN1CCN(S(=O)(=O)c3ccccc3)CC1)N2,0.0
O=c1[nH]nc2c3c(cccc13)N=C(CN1CCN(c3ccc(Cl)cc3)CC1)N2,8.05,1,0.0,8.05,8.05,2014,2014,1,1,O=c1[nH]nc2c3c(cccc13)N=C(CN1CCN(c3ccccc3)CC1)N2,0.0
O=c1[nH]nc2c3c(cccc13)N=C(CN1CCN(c3ccc(F)cc3)CC1)N2,7.51,1,0.0,7.51,7.51,2014,2014,1,1,O=c1[nH]nc2c3c(cccc13)N=C(CN1CCN(c3ccccc3)CC1)N2,0.0
O=c1[nH]nc2c3c(cccc13)N=C(CN1CCN(c3ccccc3)CC1)N2,7.64,1,0.0,7.64,7.64,2014,2014,1,1,O=c1[nH]nc2c3c(cccc13)N=C(CN1CCN(c3ccccc3)CC1)N2,0.0
O=c1[nH]nc2c3c(cccc13)N=C(CN1CCN(c3ccccn3)CC1)N2,7.89,1,0.0,7.89,7.89,2014,2014,1,1,O=c1[nH]nc2c3c(cccc13)N=C(CN1CCN(c3ccccn3)CC1)N2,0.0
O=c1[nH]nc2c3c(cccc13)N=C(CN1CCN(c3ccncc3)CC1)N2,7.82,1,0.0,7.82,7.82,2014,2014,1,1,O=c1[nH]nc2c3c(cccc13)N=C(CN1CCN(c3ccncc3)CC1)N2,0.0
O=c1[nH]nc2c3c(cccc13)N=C(CN1CCc3ccccc3C1)N2,7.68,1,0.0,7.68,7.68,2014,2014,1,1,O=c1[nH]nc2c3c(cccc13)N=C(CN1CCc3ccccc3C1)N2,0.0
O=c1[nH]nc2c3c(cccc13)N=C(CN1Cc3ccccc3C1)N2,7.92,1,0.0,7.92,7.92,2014,2014,1,1,O=c1[nH]nc2c3c(cccc13)N=C(CN1Cc3ccccc3C1)N2,0.0
O=c1[nH]nc2c3c(cccc13)N=C(CNC1CN3CCC1CC3)N2,7.46,1,0.0,7.46,7.46,2014,2014,1,1,O=c1[nH]nc2c3c(cccc13)N=C(CNC1CN3CCC1CC3)N2,0.0
O=c1[nH]nc2c3c(cccc13)N=C(CNCCc1ccc(Cl)c(Cl)c1)N2,7.77,1,0.0,7.77,7.77,2014,2014,1,1,O=c1[nH]nc2c3c(cccc13)N=C(CNCCc1ccccc1)N2,0.0
O=c1[nH]nc2c3c(cccc13)N=C(CNCCc1cccc(C(F)(F)F)c1)N2,7.75,1,0.0,7.75,7.75,2014,2014,1,1,O=c1[nH]nc2c3c(cccc13)N=C(CNCCc1ccccc1)N2,0.0
O=c1[nH]nc2c3c(cccc13)N=C(CNCCc1cccc(F)c1)N2,7.5,1,0.0,7.5,7.5,2014,2014,1,1,O=c1[nH]nc2c3c(cccc13)N=C(CNCCc1ccccc1)N2,0.0
O=c1[nH]nc2c3c(cccc13)N=C(CNCCc1ccccc1)N2,7.36,1,0.0,7.36,7.36,2014,2014,1,1,O=c1[nH]nc2c3c(cccc13)N=C(CNCCc1ccccc1)N2,0.0
O=c1[nH]nc2c3c(cccc13)N=C(CNCCc1ccccc1F)N2,7.55,1,0.0,7.55,7.55,2014,2014,1,1,O=c1[nH]nc2c3c(cccc13)N=C(CNCCc1ccccc1)N2,0.0
O=c1[nH]nc2c3c(cccc13)N=C(CNCCc1ccncc1)N2,7.42,1,0.0,7.42,7.42,2014,2014,1,1,O=c1[nH]nc2c3c(cccc13)N=C(CNCCc1ccncc1)N2,0.0
O=c1[nH]nc2c3c(cccc13)N=C(CNCc1ccc(Cl)c(Cl)c1)N2,7.75,1,0.0,7.75,7.75,2014,2014,1,1,O=c1[nH]nc2c3c(cccc13)N=C(CNCc1ccccc1)N2,0.0
O=c1[nH]nc2c3c(cccc13)N=C(CNCc1cccc(C(F)(F)F)c1)N2,7.68,1,0.0,7.68,7.68,2014,2014,1,1,O=c1[nH]nc2c3c(cccc13)N=C(CNCc1ccccc1)N2,0.0
O=c1[nH]nc2c3c(cccc13)N=C(CNS(=O)(=O)c1ccccc1)N2,7.58,2,0.0848528137423861,7.52,7.64,2014,2014,1,1,O=c1[nH]nc2c3c(cccc13)N=C(CNS(=O)(=O)c1ccccc1)N2,0.1200000000000001
O=c1[nH]nc2c3c(cccc13)N=C(COc1ccccc1)N2,7.72,1,0.0,7.72,7.72,2014,2014,1,1,O=c1[nH]nc2c3c(cccc13)N=C(COc1ccccc1)N2,0.0
O=c1[nH]nc2c3c(cccc13)N=C1CN(Cc3ccccc3)CCN12,7.23,1,0.0,7.23,7.23,2018,2018,1,1,O=c1[nH]nc2c3c(cccc13)N=C1CN(Cc3ccccc3)CCN12,0.0
O=c1[nH]nc2c3c(cccc13)N=C1CNCCN12,7.04,1,0.0,7.04,7.04,2018,2018,1,1,O=c1[nH]nc2c3c(cccc13)N=C1CNCCN12,0.0
O=c1[nH]nc2c3c(cccc13)NC(c1ccc(CN3CCC3)cc1)C2c1ccc(F)cc1,8.51,1,0.0,8.51,8.51,2016,2016,1,1,O=c1[nH]nc2c3c(cccc13)NC(c1ccc(CN3CCC3)cc1)C2c1ccccc1,0.0
O=c1[nH]nc2c3c(cccc13)NC(c1ccc(CN3CCC3)cc1)C2c1ccccc1,8.44,1,0.0,8.44,8.44,2016,2016,1,1,O=c1[nH]nc2c3c(cccc13)NC(c1ccc(CN3CCC3)cc1)C2c1ccccc1,0.0
O=c1[nH]nc2c3c(cccc13)NC(c1ccc(CN3CCCC3)cc1)C2c1ccc(F)cc1,8.7,1,0.0,8.7,8.7,2016,2016,1,1,O=c1[nH]nc2c3c(cccc13)NC(c1ccc(CN3CCCC3)cc1)C2c1ccccc1,0.0
O=c1[nH]nc2c3c(cccc13)NC(c1ccc(CN3CCCC3)cc1)C2c1ccccc1,8.4,1,0.0,8.4,8.4,2016,2016,1,1,O=c1[nH]nc2c3c(cccc13)NC(c1ccc(CN3CCCC3)cc1)C2c1ccccc1,0.0
O=c1[nH]nc2c3c(cccc13)NC(c1ccc(F)cc1)C2c1nccs1,8.13,1,0.0,8.13,8.13,2016,2016,1,1,O=c1[nH]nc2c3c(cccc13)NC(c1ccccc1)C2c1nccs1,0.0
O=c1[nH]nc2c3c(cccc13)NC(c1ccccc1)C2c1ccccc1,8.21,1,0.0,8.21,8.21,2016,2016,1,1,O=c1[nH]nc2c3c(cccc13)NC(c1ccccc1)C2c1ccccc1,0.0
O=c1[nH]nc2c3c(cccc13)NC(c1ccccn1)C2c1ccccn1,6.97,1,0.0,6.97,6.97,2016,2016,1,1,O=c1[nH]nc2c3c(cccc13)NC(c1ccccn1)C2c1ccccn1,0.0
O=c1[nH]nc2c3c(cccc13)NC(c1cccnc1)C2C1CCCNC1,6.98,1,0.0,6.98,6.98,2016,2016,1,1,O=c1[nH]nc2c3c(cccc13)NC(c1cccnc1)C2C1CCCNC1,0.0
O=c1[nH]nc2c3c(cccc13)NC(c1cccnc1)C2c1cccnc1,7.75,1,0.0,7.75,7.75,2016,2016,1,1,O=c1[nH]nc2c3c(cccc13)NC(c1cccnc1)C2c1cccnc1,0.0
O=c1[nH]nc2c3c(cccc13)NC(c1ccncc1)C2c1ccncc1,7.65,1,0.0,7.65,7.65,2016,2016,1,1,O=c1[nH]nc2c3c(cccc13)NC(c1ccncc1)C2c1ccncc1,0.0
O=c1[nH]nc2c3c(cccc13)NC1=C2CCC1,8.22,1,0.0,8.22,8.22,2016,2016,1,1,O=c1[nH]nc2c3c(cccc13)NC1=C2CCC1,0.0
O=c1[nH]nc2c3c(cccc13)NC1=C2CCCC1,8.21,1,0.0,8.21,8.21,2016,2016,1,1,O=c1[nH]nc2c3c(cccc13)NC1=C2CCCC1,0.0
O=c1[nH]nc2c3c(cccc13)NC1=C2CCCCC1,8.31,1,0.0,8.31,8.31,2016,2016,1,1,O=c1[nH]nc2c3c(cccc13)NC1=C2CCCCC1,0.0
O=c1[nH]nc2c3c(cccc13)NC1=C2CCCCCC1,8.23,1,0.0,8.23,8.23,2016,2016,1,1,O=c1[nH]nc2c3c(cccc13)NC1=C2CCCCCC1,0.0
O=c1[nH]nc2c3c(cccc13)NC1=C2CCN(Cc2ccccc2)C1,8.06,1,0.0,8.06,8.06,2016,2016,1,1,O=c1[nH]nc2c3c(cccc13)NC1=C2CCN(Cc2ccccc2)C1,0.0
O=c1[nH]nc2c3c(cccc13)NC1=C2CCNC1,8.12,1,0.0,8.12,8.12,2016,2016,1,1,O=c1[nH]nc2c3c(cccc13)NC1=C2CCNC1,0.0
O=c1[nH]nc2c3c(cccc13)NC1=C2c2ccccc2CC1,7.26,1,0.0,7.26,7.26,2016,2016,1,1,O=c1[nH]nc2c3c(cccc13)NC1=C2c2ccccc2CC1,0.0
O=c1[nH]nc2c3c(cccc13)N[C@@H](c1ccc(CN3CCC3)cc1)[C@@H]2c1ccc(F)cc1,8.25,1,0.0,8.25,8.25,2016,2016,1,1,O=c1[nH]nc2c3c(cccc13)NC(c1ccc(CN3CCC3)cc1)C2c1ccccc1,0.0
O=c1[nH]nc2c3c(cccc13)N[C@H](c1ccc(CN3CCC3)cc1)[C@H]2c1ccc(F)cc1,8.96,1,0.0,8.96,8.96,2016,2016,1,1,O=c1[nH]nc2c3c(cccc13)NC(c1ccc(CN3CCC3)cc1)C2c1ccccc1,0.0
O=c1[nH]nc2c3c(cccc13)Oc1ccc(CN3CC(O)C3)cc1-2,7.52,1,0.0,7.52,7.52,2013,2013,1,1,O=c1[nH]nc2c3c(cccc13)Oc1ccc(CN3CCC3)cc1-2,0.0
O=c1[nH]nc2c3c(cccc13)Oc1ccc(CN3CCC(CCO)CC3)cc1-2,7.0,1,0.0,7.0,7.0,2013,2013,1,1,O=c1[nH]nc2c3c(cccc13)Oc1ccc(CN3CCCCC3)cc1-2,0.0
O=c1[nH]nc2c3c(cccc13)Oc1ccc(CN3CCC(O)C3)cc1-2,7.0,1,0.0,7.0,7.0,2013,2013,1,1,O=c1[nH]nc2c3c(cccc13)Oc1ccc(CN3CCCC3)cc1-2,0.0
O=c1[nH]nc2c3c(cccc13)Oc1ccc(CN3CCC4(CC3)OCCO4)cc1-2,7.0,1,0.0,7.0,7.0,2013,2013,1,1,O=c1[nH]nc2c3c(cccc13)Oc1ccc(CN3CCC4(CC3)OCCO4)cc1-2,0.0
O=c1[nH]nc2c3c(cccc13)Oc1ccc(CN3CCCC(O)C3)cc1-2,7.3,1,0.0,7.3,7.3,2013,2013,1,1,O=c1[nH]nc2c3c(cccc13)Oc1ccc(CN3CCCCC3)cc1-2,0.0
O=c1[nH]nc2c3c(cccc13)Oc1ccc(CN3CCN(c4ncccn4)CC3)cc1-2,7.52,1,0.0,7.52,7.52,2013,2013,1,1,O=c1[nH]nc2c3c(cccc13)Oc1ccc(CN3CCN(c4ncccn4)CC3)cc1-2,0.0
O=c1[nH]nc2c3c(cccc13)Oc1ccc(CNC3CCC(O)CC3)cc1-2,7.52,1,0.0,7.52,7.52,2013,2013,1,1,O=c1[nH]nc2c3c(cccc13)Oc1ccc(CNC3CCCCC3)cc1-2,0.0
O=c1[nH]nc2c3c(cccc13)Oc1ccc(CNCCN3CCOCC3)cc1-2,7.3,1,0.0,7.3,7.3,2013,2013,1,1,O=c1[nH]nc2c3c(cccc13)Oc1ccc(CNCCN3CCOCC3)cc1-2,0.0
O=c1cc(-c2ccc(F)cc2)oc2ccccc12,5.0,2,0.0,5.0,5.0,2013,2013,1,1,O=c1cc(-c2ccccc2)oc2ccccc12,0.0
O=c1cc(-c2ccc(O)c(-c3c(O)cc(O)c4c(=O)cc(-c5ccc(O)cc5)oc34)c2)oc2cc(O)cc(O)c12,6.715,2,0.021213203435596288,6.7,6.73,2021,2022,2,2,O=c1cc(-c2cccc(-c3cccc4c(=O)cc(-c5ccccc5)oc34)c2)oc2ccccc12,0.03000000000000025
O=c1cc(-c2ccc(O)c(O)c2)oc2cc(O)cc(O)c12,5.375,2,0.007071067811865324,5.37,5.38,2013,2013,1,1,O=c1cc(-c2ccccc2)oc2ccccc12,0.009999999999999787
O=c1cc(-c2ccc(O)c(O)c2)oc2cc(O)ccc12,5.12,2,0.0,5.12,5.12,2013,2013,1,1,O=c1cc(-c2ccccc2)oc2ccccc12,0.0
O=c1cc(-c2ccc(O)c(O)c2)oc2ccccc12,5.895,2,0.007071067811865638,5.89,5.9,2013,2013,1,1,O=c1cc(-c2ccccc2)oc2ccccc12,0.010000000000000675
O=c1cc(-c2ccc(O)cc2)oc2c(CN3CC=C(c4ccccc4)CC3)c(O)cc(O)c12,6.86,1,0.0,6.86,6.86,2021,2021,1,1,O=c1cc(-c2ccccc2)oc2c(CN3CC=C(c4ccccc4)CC3)cccc12,0.0
O=c1cc(-c2ccc(O)cc2)oc2c(CN3CCC(CO)CC3)c(O)cc(O)c12,7.1,1,0.0,7.1,7.1,2021,2021,1,1,O=c1cc(-c2ccccc2)oc2c(CN3CCCCC3)cccc12,0.0
O=c1cc(-c2ccc(O)cc2)oc2c(CN3CCC(c4ccccc4)CC3)c(O)cc(O)c12,7.14,1,0.0,7.14,7.14,2021,2021,1,1,O=c1cc(-c2ccccc2)oc2c(CN3CCC(c4ccccc4)CC3)cccc12,0.0
O=c1cc(-c2ccc(O)cc2)oc2c(CN3CCN(CC4CC4)CC3)c(O)cc(O)c12,7.26,1,0.0,7.26,7.26,2021,2021,1,1,O=c1cc(-c2ccccc2)oc2c(CN3CCN(CC4CC4)CC3)cccc12,0.0
O=c1cc(-c2ccc(O)cc2)oc2c(CN3CCN(CC4CCCCC4)CC3)c(O)cc(O)c12,7.23,1,0.0,7.23,7.23,2021,2021,1,1,O=c1cc(-c2ccccc2)oc2c(CN3CCN(CC4CCCCC4)CC3)cccc12,0.0
O=c1cc(-c2ccc(O)cc2)oc2c(CN3CCN(CC4CCCO4)CC3)c(O)cc(O)c12,7.39,1,0.0,7.39,7.39,2021,2021,1,1,O=c1cc(-c2ccccc2)oc2c(CN3CCN(CC4CCCO4)CC3)cccc12,0.0
O=c1cc(-c2ccc(O)cc2)oc2c(CN3CCN(Cc4ccc(C(F)(F)F)cc4)CC3)c(O)cc(O)c12,7.53,1,0.0,7.53,7.53,2021,2021,1,1,O=c1cc(-c2ccccc2)oc2c(CN3CCN(Cc4ccccc4)CC3)cccc12,0.0
O=c1cc(-c2ccc(O)cc2)oc2c(CN3CCN(Cc4ccc(Cl)cc4)CC3)c(O)cc(O)c12,7.5,1,0.0,7.5,7.5,2021,2021,1,1,O=c1cc(-c2ccccc2)oc2c(CN3CCN(Cc4ccccc4)CC3)cccc12,0.0
O=c1cc(-c2ccc(O)cc2)oc2c(CN3CCN(Cc4ccc(F)cc4)CC3)c(O)cc(O)c12,7.46,1,0.0,7.46,7.46,2021,2021,1,1,O=c1cc(-c2ccccc2)oc2c(CN3CCN(Cc4ccccc4)CC3)cccc12,0.0
O=c1cc(-c2ccc(O)cc2)oc2c(CN3CCN(Cc4ccco4)CC3)c(O)cc(O)c12,7.75,1,0.0,7.75,7.75,2021,2021,1,1,O=c1cc(-c2ccccc2)oc2c(CN3CCN(Cc4ccco4)CC3)cccc12,0.0
O=c1cc(-c2ccc(O)cc2)oc2c(CN3CCN(Cc4cccs4)CC3)c(O)cc(O)c12,7.83,1,0.0,7.83,7.83,2021,2021,1,1,O=c1cc(-c2ccccc2)oc2c(CN3CCN(Cc4cccs4)CC3)cccc12,0.0
O=c1cc(-c2ccc(O)cc2)oc2c(CN3CCN(Cc4ccncc4)CC3)c(O)cc(O)c12,7.7,1,0.0,7.7,7.7,2021,2021,1,1,O=c1cc(-c2ccccc2)oc2c(CN3CCN(Cc4ccncc4)CC3)cccc12,0.0
O=c1cc(-c2ccc(O)cc2)oc2c(CN3CCN(Cc4ccoc4)CC3)c(O)cc(O)c12,7.36,1,0.0,7.36,7.36,2021,2021,1,1,O=c1cc(-c2ccccc2)oc2c(CN3CCN(Cc4ccoc4)CC3)cccc12,0.0
O=c1cc(-c2ccc(O)cc2)oc2c(CN3CCN(Cc4ccsc4)CC3)c(O)cc(O)c12,7.3,1,0.0,7.3,7.3,2021,2021,1,1,O=c1cc(-c2ccccc2)oc2c(CN3CCN(Cc4ccsc4)CC3)cccc12,0.0
O=c1cc(-c2ccc(O)cc2)oc2c(CN3CCN(c4ccc(C(F)(F)F)cc4)CC3)c(O)cc(O)c12,7.3,1,0.0,7.3,7.3,2021,2021,1,1,O=c1cc(-c2ccccc2)oc2c(CN3CCN(c4ccccc4)CC3)cccc12,0.0
O=c1cc(-c2ccc(O)cc2)oc2c(CN3CCN(c4ccc(Cl)cc4)CC3)c(O)cc(O)c12,7.22,1,0.0,7.22,7.22,2021,2021,1,1,O=c1cc(-c2ccccc2)oc2c(CN3CCN(c4ccccc4)CC3)cccc12,0.0
O=c1cc(-c2ccc(O)cc2)oc2c(CN3CCN(c4ccc(F)cc4)CC3)c(O)cc(O)c12,7.29,1,0.0,7.29,7.29,2021,2021,1,1,O=c1cc(-c2ccccc2)oc2c(CN3CCN(c4ccccc4)CC3)cccc12,0.0
O=c1cc(-c2ccc(O)cc2)oc2c(CN3CCN(c4ccc(O)cc4)CC3)c(O)cc(O)c12,7.4,1,0.0,7.4,7.4,2021,2021,1,1,O=c1cc(-c2ccccc2)oc2c(CN3CCN(c4ccccc4)CC3)cccc12,0.0
O=c1cc(-c2ccc(O)cc2)oc2c(CN3CCN(c4ccccc4)CC3)c(O)cc(O)c12,7.45,1,0.0,7.45,7.45,2021,2021,1,1,O=c1cc(-c2ccccc2)oc2c(CN3CCN(c4ccccc4)CC3)cccc12,0.0
O=c1cc(-c2ccc(O)cc2)oc2c(CN3CCN(c4ccccc4O)CC3)c(O)cc(O)c12,7.43,1,0.0,7.43,7.43,2021,2021,1,1,O=c1cc(-c2ccccc2)oc2c(CN3CCN(c4ccccc4)CC3)cccc12,0.0
O=c1cc(-c2ccc(O)cc2)oc2c(CN3CCN(c4cncnc4)CC3)c(O)cc(O)c12,7.53,1,0.0,7.53,7.53,2021,2021,1,1,O=c1cc(-c2ccccc2)oc2c(CN3CCN(c4cncnc4)CC3)cccc12,0.0
O=c1cc(-c2ccc(O)cc2)oc2cc(O)cc(O)c12,4.0,1,0.0,4.0,4.0,2013,2013,1,1,O=c1cc(-c2ccccc2)oc2ccccc12,0.0
O=c1cc(-c2ccc([N+](=O)[O-])cc2)oc2ccccc12,5.575,2,0.007071067811865324,5.57,5.58,2013,2013,1,1,O=c1cc(-c2ccccc2)oc2ccccc12,0.009999999999999787
O=c1cc(-c2cccc(-c3c(O)cc(O)c4c(=O)cc(-c5ccc(C(F)(F)F)cc5)oc34)c2)oc2cc(O)cc(O)c12,6.3,1,0.0,6.3,6.3,2021,2021,1,1,O=c1cc(-c2cccc(-c3cccc4c(=O)cc(-c5ccccc5)oc34)c2)oc2ccccc12,0.0
O=c1cc(-c2cccc(-c3c(O)cc(O)c4c(=O)cc(-c5ccc(F)cc5)oc34)c2)oc2cc(O)cc(O)c12,6.75,1,0.0,6.75,6.75,2021,2021,1,1,O=c1cc(-c2cccc(-c3cccc4c(=O)cc(-c5ccccc5)oc34)c2)oc2ccccc12,0.0
O=c1cc(-c2cccc(-c3c(O)cc(O)c4c(=O)cc(-c5ccc(O)c(O)c5)oc34)c2)oc2cc(O)cc(O)c12,6.19,1,0.0,6.19,6.19,2021,2021,1,1,O=c1cc(-c2cccc(-c3cccc4c(=O)cc(-c5ccccc5)oc34)c2)oc2ccccc12,0.0
O=c1cc(-c2cccc(-c3c(O)cc(O)c4c(=O)cc(-c5ccc(O)cc5)oc34)c2)oc2cc(O)cc(O)c12,6.71,1,0.0,6.71,6.71,2021,2021,1,1,O=c1cc(-c2cccc(-c3cccc4c(=O)cc(-c5ccccc5)oc34)c2)oc2ccccc12,0.0
O=c1cc(-c2cccc(-c3c(O)cc(O)c4c(=O)cc(-c5ccco5)oc34)c2)oc2cc(O)cc(O)c12,6.41,1,0.0,6.41,6.41,2021,2021,1,1,O=c1cc(-c2cccc(-c3cccc4c(=O)cc(-c5ccco5)oc34)c2)oc2ccccc12,0.0
O=c1cc(-c2cccc(-c3c(O)cc(O)c4c(=O)cc(-c5cccs5)oc34)c2)oc2cc(O)cc(O)c12,6.7,1,0.0,6.7,6.7,2021,2021,1,1,O=c1cc(-c2cccc(-c3cccc4c(=O)cc(-c5cccs5)oc34)c2)oc2ccccc12,0.0
O=c1cc(-c2cccc(O)c2)oc2cc(O)ccc12,5.02,2,0.0,5.02,5.02,2013,2013,1,1,O=c1cc(-c2ccccc2)oc2ccccc12,0.0
O=c1cc(-c2cccc(O)c2)oc2ccccc12,5.615,2,0.007071067811865324,5.61,5.62,2013,2013,1,1,O=c1cc(-c2ccccc2)oc2ccccc12,0.009999999999999787
O=c1cc(-c2ccccc2)oc2ccccc12,5.855,2,0.007071067811866266,5.85,5.86,2013,2013,1,1,O=c1cc(-c2ccccc2)oc2ccccc12,0.010000000000000675
Oc1ccc(-c2nc(O)c3cccc(O)c3n2)cc1,6.07,1,0.0,6.07,6.07,2016,2016,1,1,c1ccc(-c2ncc3ccccc3n2)cc1,0.0
Oc1ccc(C2=CCN(CCCc3nc(O)c4ccccc4n3)CC2)cc1,7.92,1,0.0,7.92,7.92,2004,2004,1,1,C1=C(c2ccccc2)CCN(CCCc2ncc3ccccc3n2)C1,0.0
Oc1cccc2c(O)nccc12,6.41,1,0.0,6.41,6.41,2001,2001,1,1,c1ccc2cnccc2c1,0.0
Oc1nc(-c2ccc(C(F)(F)F)cc2)nc2c(O)cccc12,5.51,1,0.0,5.51,5.51,2016,2016,1,1,c1ccc(-c2ncc3ccccc3n2)cc1,0.0
Oc1nc(-c2ccc(C(F)(F)F)cc2)nc2c1CSCC2,5.86,1,0.0,5.86,5.86,2013,2013,1,1,c1ccc(-c2ncc3c(n2)CCSC3)cc1,0.0
Oc1nc(-c2ccccc2)nc2c(O)cccc12,5.99,1,0.0,5.99,5.99,2016,2016,1,1,c1ccc(-c2ncc3ccccc3n2)cc1,0.0
Oc1nc(-c2ccccc2)nc2ccccc12,5.54,1,0.0,5.54,5.54,2016,2016,1,1,c1ccc(-c2ncc3ccccc3n2)cc1,0.0
Oc1nc(CCCN2CC=C(c3ccc(-[n+]4ccccc4)cc3)CC2)nc2ccccc12,7.92,1,0.0,7.92,7.92,2004,2004,1,1,C1=C(c2ccc(-[n+]3ccccc3)cc2)CCN(CCCc2ncc3ccccc3n2)C1,0.0
Oc1nc(CCCN2CC=C(c3ccc(-c4ccccc4)cc3)CC2)nc2ccccc12,7.47,1,0.0,7.47,7.47,2004,2004,1,1,C1=C(c2ccc(-c3ccccc3)cc2)CCN(CCCc2ncc3ccccc3n2)C1,0.0
Oc1nc(CCCN2CC=C(c3ccc(C(F)(F)F)cc3)CC2)nc2ccccc12,7.6,1,0.0,7.6,7.6,2004,2004,1,1,C1=C(c2ccccc2)CCN(CCCc2ncc3ccccc3n2)C1,0.0
Oc1nc(CCCN2CC=C(c3cccc(F)c3)CC2)nc2ccccc12,7.64,1,0.0,7.64,7.64,2004,2004,1,1,C1=C(c2ccccc2)CCN(CCCc2ncc3ccccc3n2)C1,0.0
Oc1nc(CCCN2CC=C(c3ccccc3)CC2)nc2c(Cl)cc(Cl)cc12,7.41,1,0.0,7.41,7.41,2004,2004,1,1,C1=C(c2ccccc2)CCN(CCCc2ncc3ccccc3n2)C1,0.0
Oc1nc(CCCN2CC=C(c3ccccc3)CC2)nc2cc(Cl)ccc12,6.6,1,0.0,6.6,6.6,2004,2004,1,1,C1=C(c2ccccc2)CCN(CCCc2ncc3ccccc3n2)C1,0.0
Oc1nc(CCCN2CC=C(c3ccccc3)CC2)nc2ccc(Cl)cc12,7.57,1,0.0,7.57,7.57,2004,2004,1,1,C1=C(c2ccccc2)CCN(CCCc2ncc3ccccc3n2)C1,0.0
Oc1nc(CCCN2CC=C(c3ccccc3)CC2)nc2cccc(F)c12,7.8,1,0.0,7.8,7.8,2004,2004,1,1,C1=C(c2ccccc2)CCN(CCCc2ncc3ccccc3n2)C1,0.0
Oc1nc(CCCN2CC=C(c3ccccc3F)CC2)nc2ccccc12,7.43,1,0.0,7.43,7.43,2004,2004,1,1,C1=C(c2ccccc2)CCN(CCCc2ncc3ccccc3n2)C1,0.0
Oc1nc(CCCN2CCC3=C(CCc4ccccc43)C2)nc2ccccc12,7.92,1,0.0,7.92,7.92,2004,2004,1,1,c1ccc2c(c1)CCC1=C2CCN(CCCc2ncc3ccccc3n2)C1,0.0
Oc1nc(CCCN2CCCCC2)nc2ccccc12,5.96,1,0.0,5.96,5.96,2004,2004,1,1,c1ccc2nc(CCCN3CCCCC3)ncc2c1,0.0
Oc1nc(CCCN2CCN(c3ccccc3)CC2)nc2ccccc12,7.15,1,0.0,7.15,7.15,2004,2004,1,1,c1ccc(N2CCN(CCCc3ncc4ccccc4n3)CC2)cc1,0.0
Oc1nc(CCCN2CCc3c([nH]c4ccccc34)C2)nc2ccccc12,7.13,1,0.0,7.13,7.13,2004,2004,1,1,c1ccc2nc(CCCN3CCc4c([nH]c5ccccc45)C3)ncc2c1,0.0
Oc1nc2c(c3ccc(F)cc13)CNCC2,7.7,1,0.0,7.7,7.7,2003,2003,1,1,c1ccc2c3c(ncc2c1)CCNC3,0.0
Oc1nc2c(c3ccccc13)CCCC2,6.78,1,0.0,6.78,6.78,2003,2003,1,1,c1ccc2c3c(ncc2c1)CCCC3,0.0
Oc1nc2c(c3ccccc13)CCNC2,7.52,1,0.0,7.52,7.52,2003,2003,1,1,c1ccc2c3c(ncc2c1)CNCC3,0.0
Oc1nc2c(c3ccccc13)CNCC2,7.46,1,0.0,7.46,7.46,2003,2003,1,1,c1ccc2c3c(ncc2c1)CCNC3,0.0
Oc1nc2c(c3ccccc13)Cc1cc(F)ccc1-2,6.19,1,0.0,6.19,6.19,2005,2005,1,1,c1ccc2c(c1)Cc1c-2ncc2ccccc12,0.0
Oc1nc2c(c3ccccc13)Cc1ccc(F)cc1-2,6.3,1,0.0,6.3,6.3,2005,2005,1,1,c1ccc2c(c1)Cc1c-2ncc2ccccc12,0.0
Oc1nc2cc(CN3CC=C(c4ccccc4)CC3)ccc2c2ccccc12,7.8,1,0.0,7.8,7.8,2005,2005,1,1,C1=C(c2ccccc2)CCN(Cc2ccc3c(c2)ncc2ccccc23)C1,0.0
Oc1nc2cc(CN3CCOCC3)ccc2c2ccccc12,7.64,1,0.0,7.64,7.64,2005,2005,1,1,c1ccc2c(c1)cnc1cc(CN3CCOCC3)ccc12,0.0
Oc1nc2cc(Cl)ccc2c2ccc(Cl)cc12,6.62,1,0.0,6.62,6.62,2001,2001,1,1,c1ccc2c(c1)cnc1ccccc12,0.0
Oc1nc2ccc(CCCCN3CC=C(c4ccccc4)CC3)cc2c2ccccc12,6.92,1,0.0,6.92,6.92,2005,2005,1,1,C1=C(c2ccccc2)CCN(CCCCc2ccc3ncc4ccccc4c3c2)C1,0.0
Oc1nc2ccc(N3CCC(N4CCCC4)CC3)nc2c2ccccc12,7.12,1,0.0,7.12,7.12,2003,2003,1,1,c1ccc2c(c1)cnc1ccc(N3CCC(N4CCCC4)CC3)nc12,0.0
Oc1nc2ccc(N3CCN(CC4CC4)CC3)nc2c2ccccc12,7.15,1,0.0,7.15,7.15,2003,2003,1,1,c1ccc2c(c1)cnc1ccc(N3CCN(CC4CC4)CC3)nc12,0.0
Oc1nc2ccc(N3CCNCC3)nc2c2ccccc12,7.24,1,0.0,7.24,7.24,2003,2003,1,1,c1ccc2c(c1)cnc1ccc(N3CCNCC3)nc12,0.0
Oc1nc2ccc(N3C[C@H]4C[C@@H]3CN4)nc2c2ccccc12,7.38,1,0.0,7.38,7.38,2003,2003,1,1,c1ccc2c(c1)cnc1ccc(N3CC4CC3CN4)nc12,0.0
Oc1nc2ccc(NCCN3CCOCC3)nc2c2ccccc12,6.47,1,0.0,6.47,6.47,2003,2003,1,1,c1ccc2c(c1)cnc1ccc(NCCN3CCOCC3)nc12,0.0
Oc1nc2ccccc2c2cccnc12,4.85,1,0.0,4.85,4.85,2003,2003,1,1,c1ccc2c(c1)ncc1ncccc12,0.0
Oc1nc2ccccc2c2ccncc12,5.58,1,0.0,5.58,5.58,2003,2003,1,1,c1ccc2c(c1)ncc1cnccc12,0.0
Oc1nc2ccccc2c2ncccc12,5.54,1,0.0,5.54,5.54,2003,2003,1,1,c1cnc2c(c1)cnc1ccccc12,0.0
Oc1nc2ccncc2c2ccccc12,6.89,1,0.0,6.89,6.89,2003,2003,1,1,c1ccc2c(c1)cnc1ccncc12,0.0
Oc1nc2cnccc2c2ccccc12,6.77,1,0.0,6.77,6.77,2003,2003,1,1,c1ccc2c(c1)cnc1cnccc12,0.0
Oc1nc2ncccc2c2ccccc12,6.51,1,0.0,6.51,6.51,2003,2003,1,1,c1ccc2c(c1)cnc1ncccc12,0.0
Oc1ncnc2ccsc12,4.85,1,0.0,4.85,4.85,2013,2013,1,1,c1ncc2sccc2n1,0.0
Oc1nnc(CCCCCN2CCOCC2)c2ccccc12,6.92,1,0.0,6.92,6.92,2005,2005,1,1,c1ccc2c(CCCCCN3CCOCC3)nncc2c1,0.0
Oc1nnc(CCCCN2CCOCC2)c2ccccc12,6.02,1,0.0,6.02,6.02,2005,2005,1,1,c1ccc2c(CCCCN3CCOCC3)nncc2c1,0.0
Oc1nncc2ccccc12,4.92,1,0.0,4.92,4.92,2001,2001,1,1,c1ccc2cnncc2c1,0.0
[2H]C([2H])(c1cnc2cc(C)c(=O)[nH]c2c1)N1CCN(c2ccc(C#N)cn2)CC1,8.5,1,0.0,8.5,8.5,2023,2023,1,1,O=c1ccc2ncc(CN3CCN(c4ccccn4)CC3)cc2[nH]1,0.0
