"pair_key","target_pair","method","method_key","source_seed","within_seed_rank","compound_id","canonical_smiles","predicted_target_1","predicted_target_2","min_predicted_activity","mean_predicted_activity","qed","sa","logp","source_file","BRD4","EGFR","PARP1","VEGFR2","target_1_vina","target_2_vina","dual_worst_vina","dual_mean_vina","dual_pass","nearest_train_similarity","average_novelty_1_minus_tanimoto","exact_training_structure_novel"
"pairA","EGFR/VEGFR2","CLOVER-Mol","own","42","1","CLV_AS42_01","Cc1ccsc1CCC(=O)Nc1cccc(NC(=O)Nc2ncco2)c1","7.695891380310059","7.718175411224365","7.695891380310059","7.707033395767212","0.6039073046838308","2.4890571817713543","4.259820000000001","results/own_method_v4/common_seeds_42_51_10240/v4_b_raw_mean_seed42/evaluation/quality_constrained/quality_annotated_molecules.csv","","-7.8","","-10.5","-7.8","-10.5","-7.8","-9.15","True","0.4545454545454545","0.5454545454545455","True"
"pairA","EGFR/VEGFR2","CLOVER-Mol","own","42","2","CLV_AS42_02","Cc1ccsc1NC(=O)Nc1ccnc(OCc2ccco2)c1","7.67216682434082","7.745736122131348","7.67216682434082","7.708951473236084","0.7327684237522079","2.487586156441113","4.267520000000002","results/own_method_v4/common_seeds_42_51_10240/v4_b_raw_mean_seed42/evaluation/quality_constrained/quality_annotated_molecules.csv","","-7.4","","-9.0","-7.4","-9.0","-7.4","-8.2","True","0.4307692307692308","0.5692307692307692","True"
"pairA","EGFR/VEGFR2","CLOVER-Mol","own","42","3","CLV_AS42_03","Cc1ccsc1NC(=O)Nc1cc(NC(=O)c2ccco2)ccn1","7.641073703765869","7.673609733581543","7.641073703765869","7.657341718673706","0.6688665416420515","2.4010983558294843","3.940820000000002","results/own_method_v4/common_seeds_42_51_10240/v4_b_raw_mean_seed42/evaluation/quality_constrained/quality_annotated_molecules.csv","","-7.7","","-9.7","-7.7","-9.7","-7.7","-8.7","True","0.5333333333333333","0.4666666666666667","True"
"pairA","EGFR/VEGFR2","CLOVER-Mol","own","42","4","CLV_AS42_04","Cc1ccsc1NC(=O)c1ccnc(NC(=O)Nc2ccco2)c1","7.599571704864502","7.638731479644775","7.599571704864502","7.619151592254639","0.6688665416420515","2.5825351451271423","3.940820000000001","results/own_method_v4/common_seeds_42_51_10240/v4_b_raw_mean_seed42/evaluation/quality_constrained/quality_annotated_molecules.csv","","-7.9","","-9.7","-7.9","-9.7","-7.9","-8.8","True","0.46875","0.53125","True"
"pairA","EGFR/VEGFR2","CLOVER-Mol","own","42","5","CLV_AS42_05","Cc1ccsc1C(C)NC(=O)Nc1ccnc(NCc2ccco2)c1","7.729640960693359","7.4447550773620605","7.4447550773620605","7.58719801902771","0.6057309352278958","2.920736999403694","4.539320000000003","results/own_method_v4/common_seeds_42_51_10240/v4_b_raw_mean_seed42/evaluation/quality_constrained/quality_annotated_molecules.csv","","-7.4","","-8.9","-7.4","-8.9","-7.4","-8.15","True","0.4626865671641791","0.5373134328358209","True"
"pairA","EGFR/VEGFR2","CLOVER-Mol","own","42","6","CLV_AS42_06","O=C(NCc1ccco1)Nc1cc(Nc2nccs2)cnn1","7.441394805908203","7.527501106262207","7.441394805908203","7.484447956085205","0.6679757475533912","2.649947499198591","2.5914","results/own_method_v4/common_seeds_42_51_10240/v4_b_raw_mean_seed42/evaluation/quality_constrained/quality_annotated_molecules.csv","","-6.9","","-8.3","-6.9","-8.3","-6.9","-7.6000000000000005","False","0.5932203389830508","0.4067796610169492","True"
"pairA","EGFR/VEGFR2","CLOVER-Mol","own","42","7","CLV_AS42_07","Cc1ccsc1C(C)NC(=O)Nc1ccnc(S(C)(=O)=O)c1","7.8671183586120605","7.426963806152344","7.426963806152344","7.647041082382202","0.8962909712553959","2.9773895050291923","2.7377200000000004","results/own_method_v4/common_seeds_42_51_10240/v4_b_raw_mean_seed42/evaluation/quality_constrained/quality_annotated_molecules.csv","","-6.6","","-8.3","-6.6","-8.3","-6.6","-7.45","False","0.4838709677419355","0.5161290322580645","True"
"pairA","EGFR/VEGFR2","CLOVER-Mol","own","42","8","CLV_AS42_08","Cc1ccsc1C(C)NC(=O)Nc1ccnc(NC(=O)N(C)C)c1","7.825150966644287","7.424498081207275","7.424498081207275","7.624824523925781","0.7918022628209395","2.95783307770658","3.4277200000000017","results/own_method_v4/common_seeds_42_51_10240/v4_b_raw_mean_seed42/evaluation/quality_constrained/quality_annotated_molecules.csv","","-7.1","","-8.9","-7.1","-8.9","-7.1","-8.0","True","0.46774193548387094","0.532258064516129","True"
"pairA","EGFR/VEGFR2","CLOVER-Mol","own","42","9","CLV_AS42_09","CC(NC(=O)NCc1ccco1)c1cccc(Nc2ncco2)c1","7.413176536560059","7.407673358917236","7.407673358917236","7.410424947738647","0.6437871280478217","2.8943800507335524","3.571600000000002","results/own_method_v4/common_seeds_42_51_10240/v4_b_raw_mean_seed42/evaluation/quality_constrained/quality_annotated_molecules.csv","","-7.6","","-9.2","-7.6","-9.2","-7.6","-8.399999999999999","True","0.631578947368421","0.368421052631579","True"
"pairA","EGFR/VEGFR2","CLOVER-Mol","own","42","10","CLV_AS42_10","CS(=O)(=O)NCc1cc(Nc2nccs2)ccn1","7.404788494110107","7.448500633239746","7.404788494110107","7.426644563674927","0.8650784190431247","2.4957937065349007","1.3308999999999995","results/own_method_v4/common_seeds_42_51_10240/v4_b_raw_mean_seed42/evaluation/quality_constrained/quality_annotated_molecules.csv","","-6.2","","-7.1","-6.2","-7.1","-6.2","-6.65","False","0.45098039215686275","0.5490196078431373","True"
"pairA","EGFR/VEGFR2","CLOVER-Mol","own","43","1","CLV_AS43_01","Cc1ccsc1C(=O)N(C)C(=O)Nc1ccnc(Cc2nccs2)c1","7.870290756225586","7.520555019378662","7.520555019378662","7.695422887802124","0.7556970345664299","2.8404313011820594","3.802920000000002","results/own_method_v4/common_seeds_42_51_10240/v4_b_raw_mean_seed43/evaluation/quality_constrained/quality_annotated_molecules.csv","","-7.2","","-8.1","-7.2","-8.1","-7.2","-7.65","True","0.5","0.5","True"
"pairA","EGFR/VEGFR2","CLOVER-Mol","own","43","2","CLV_AS43_02","Cc1ccsc1CNC(=O)Nc1ccnc(Oc2ccc(N(C)C)cn2)c1","7.650007247924805","7.507686138153076","7.507686138153076","7.57884669303894","0.6718715100218962","2.6304885992006586","4.026520000000001","results/own_method_v4/common_seeds_42_51_10240/v4_b_raw_mean_seed43/evaluation/quality_constrained/quality_annotated_molecules.csv","","-7.3","","-9.4","-7.3","-9.4","-7.3","-8.35","True","0.5806451612903226","0.4193548387096774","True"
"pairA","EGFR/VEGFR2","CLOVER-Mol","own","43","3","CLV_AS43_03","Cc1ccsc1Cc1cc(NC(=O)NCc2ccno2)ccn1","7.870278835296631","7.506519317626953","7.506519317626953","7.688399076461792","0.7524791782723372","2.760330588128829","3.3520200000000004","results/own_method_v4/common_seeds_42_51_10240/v4_b_raw_mean_seed43/evaluation/quality_constrained/quality_annotated_molecules.csv","","-7.4","","-9.2","-7.4","-9.2","-7.4","-8.3","True","0.5","0.5","True"
"pairA","EGFR/VEGFR2","CLOVER-Mol","own","43","4","CLV_AS43_04","CS(=O)(=O)c1nocc1S(=O)(=O)Nc1ccnc(Nc2ccncc2)c1","7.649509906768799","7.473395824432373","7.473395824432373","7.561452865600586","0.6325655030589767","2.8993656327724064","1.4125","results/own_method_v4/common_seeds_42_51_10240/v4_b_raw_mean_seed43/evaluation/quality_constrained/quality_annotated_molecules.csv","","-6.9","","-8.1","-6.9","-8.1","-6.9","-7.5","False","0.40384615384615385","0.5961538461538461","True"
"pairA","EGFR/VEGFR2","CLOVER-Mol","own","43","5","CLV_AS43_05","Cc1ccsc1NC(=O)c1ccnc(S(=O)(=O)N2CCCC2)c1","7.825103282928467","7.434442043304443","7.434442043304443","7.629772663116455","0.9176918181652198","2.477828767056673","2.4883200000000008","results/own_method_v4/common_seeds_42_51_10240/v4_b_raw_mean_seed43/evaluation/quality_constrained/quality_annotated_molecules.csv","","-8.3","","-8.3","-8.3","-8.3","-8.3","-8.3","True","0.5333333333333333","0.4666666666666667","True"
"pairA","EGFR/VEGFR2","CLOVER-Mol","own","43","6","CLV_AS43_06","Cc1ccsc1S(=O)(=O)NCC(=O)Nc1ccnc(C(F)F)c1","7.888085842132568","7.397103309631348","7.397103309631348","7.642594575881958","0.826372660517038","2.693816696050757","2.30612","results/own_method_v4/common_seeds_42_51_10240/v4_b_raw_mean_seed43/evaluation/quality_constrained/quality_annotated_molecules.csv","","-7.3","","-8.4","-7.3","-8.4","-7.3","-7.85","True","0.453125","0.546875","True"
"pairA","EGFR/VEGFR2","CLOVER-Mol","own","43","7","CLV_AS43_07","CCS(=O)(=O)N(C)CC(=O)Nc1ccnc(CN2CCNC2=O)c1","7.38023567199707","7.467100143432617","7.38023567199707","7.423667907714844","0.7050500607952257","2.6888069298641444","-0.1731999999999986","results/own_method_v4/common_seeds_42_51_10240/v4_b_raw_mean_seed43/evaluation/quality_constrained/quality_annotated_molecules.csv","","-6.6","","-7.7","-6.6","-7.7","-6.6","-7.15","False","0.47540983606557374","0.5245901639344263","True"
"pairA","EGFR/VEGFR2","CLOVER-Mol","own","43","8","CLV_AS43_08","CCS(=O)(=O)Nc1cc(Nc2nccs2)ccn1","7.37655782699585","7.379171848297119","7.37655782699585","7.377864837646484","0.8774685949906846","2.527656149973815","2.0433","results/own_method_v4/common_seeds_42_51_10240/v4_b_raw_mean_seed43/evaluation/quality_constrained/quality_annotated_molecules.csv","","-6.6","","-7.2","-6.6","-7.2","-6.6","-6.9","False","0.4680851063829787","0.5319148936170213","True"
"pairA","EGFR/VEGFR2","CLOVER-Mol","own","43","9","CLV_AS43_09","Cc1ccsc1CNC(=O)Nc1ccnc(OC2CCC2)c1","7.68278169631958","7.367016315460205","7.367016315460205","7.524899005889893","0.8834794340721719","2.420312368175768","3.704520000000002","results/own_method_v4/common_seeds_42_51_10240/v4_b_raw_mean_seed43/evaluation/quality_constrained/quality_annotated_molecules.csv","","-6.9","","-9.0","-6.9","-9.0","-6.9","-7.95","False","0.6065573770491803","0.39344262295081966","True"
"pairA","EGFR/VEGFR2","CLOVER-Mol","own","43","10","CLV_AS43_10","CCS(=O)(=O)NCc1cc(Nc2nc(Cc3ccco3)oc2C)ccn1","7.384609222412109","7.296126842498779","7.296126842498779","7.340368032455444","0.621737928203969","2.996991859526032","2.744720000000001","results/own_method_v4/common_seeds_42_51_10240/v4_b_raw_mean_seed43/evaluation/quality_constrained/quality_annotated_molecules.csv","","-7.7","","-9.0","-7.7","-9.0","-7.7","-8.35","True","0.37142857142857144","0.6285714285714286","True"
"pairA","EGFR/VEGFR2","CLOVER-Mol","own","44","1","CLV_AS44_01","Cc1ccsc1C(C)C(=O)Nc1ccnc(NC(=O)Nc2ccoc2)c1","7.810352802276611","7.711636066436768","7.711636066436768","7.7609944343566895","0.6188339013824706","3.244400543751002","4.430720000000002","results/own_method_v4/common_seeds_42_51_10240/v4_b_raw_mean_seed44/evaluation/quality_constrained/quality_annotated_molecules.csv","","-8.0","","-9.1","-8.0","-9.1","-8.0","-8.55","True","0.4193548387096774","0.5806451612903226","True"
"pairA","EGFR/VEGFR2","CLOVER-Mol","own","44","2","CLV_AS44_02","Cc1ccsc1NC(=O)Nc1ccnc(OC(C)C)c1","7.7497239112854","7.711312770843506","7.711312770843506","7.730518341064453","0.8981050872324792","2.4382251360507787","3.8827200000000017","results/own_method_v4/common_seeds_42_51_10240/v4_b_raw_mean_seed44/evaluation/quality_constrained/quality_annotated_molecules.csv","","-6.6","","-8.3","-6.6","-8.3","-6.6","-7.45","False","0.4918032786885246","0.5081967213114754","True"
"pairA","EGFR/VEGFR2","CLOVER-Mol","own","44","3","CLV_AS44_03","Cc1ccsc1NC(=O)Nc1ccnc(S(C)(=O)=O)c1","7.829132556915283","7.704343795776367","7.704343795776367","7.766738176345825","0.9112640730384928","2.524991879307521","2.4990200000000007","results/own_method_v4/common_seeds_42_51_10240/v4_b_raw_mean_seed44/evaluation/quality_constrained/quality_annotated_molecules.csv","","-7.0","","-8.3","-7.0","-8.3","-7.0","-7.65","True","0.4629629629629629","0.5370370370370371","True"
"pairA","EGFR/VEGFR2","CLOVER-Mol","own","44","4","CLV_AS44_04","Cc1ccsc1NC(=O)Nc1ccnc(Oc2ccncn2)c1","7.687067985534668","7.727100372314453","7.687067985534668","7.70708417892456","0.7628195487815368","2.636767097887727","3.6778200000000014","results/own_method_v4/common_seeds_42_51_10240/v4_b_raw_mean_seed44/evaluation/quality_constrained/quality_annotated_molecules.csv","","-7.5","","-8.7","-7.5","-8.7","-7.5","-8.1","True","0.45614035087719296","0.543859649122807","True"
"pairA","EGFR/VEGFR2","CLOVER-Mol","own","44","5","CLV_AS44_05","Cc1ccsc1NC(=O)Nc1ccnc(Nc2nccs2)c1","7.931587696075439","7.6843647956848145","7.6843647956848145","7.807976245880127","0.6659378685017576","2.5660647033406043","4.295620000000001","results/own_method_v4/common_seeds_42_51_10240/v4_b_raw_mean_seed44/evaluation/quality_constrained/quality_annotated_molecules.csv","","-7.0","","-8.7","-7.0","-8.7","-7.0","-7.85","True","0.5283018867924528","0.4716981132075472","True"
"pairA","EGFR/VEGFR2","CLOVER-Mol","own","44","6","CLV_AS44_06","Cc1ccsc1C(=O)Nc1ccnc(NC(=O)Nc2ccncc2F)c1","7.693659782409668","7.684364318847656","7.684364318847656","7.689012050628662","0.6483545233487262","2.3880978886320605","3.881920000000001","results/own_method_v4/common_seeds_42_51_10240/v4_b_raw_mean_seed44/evaluation/quality_constrained/quality_annotated_molecules.csv","","-8.1","","-10.1","-8.1","-10.1","-8.1","-9.1","True","0.5178571428571429","0.4821428571428571","True"
"pairA","EGFR/VEGFR2","CLOVER-Mol","own","44","7","CLV_AS44_07","Cc1ccsc1NC(=O)Nc1ccnc(N(C)S(C)(=O)=O)c1","7.818093299865723","7.682168006896973","7.682168006896973","7.750130653381348","0.894339095705661","2.653294895648296","2.49132","results/own_method_v4/common_seeds_42_51_10240/v4_b_raw_mean_seed44/evaluation/quality_constrained/quality_annotated_molecules.csv","","-7.0","","-8.2","-7.0","-8.2","-7.0","-7.6","True","0.41379310344827586","0.5862068965517242","True"
"pairA","EGFR/VEGFR2","CLOVER-Mol","own","44","8","CLV_AS44_08","Cc1ccsc1C(=O)Nc1cc(NC(=O)Nc2ccco2)ccn1","7.721858501434326","7.674402236938477","7.674402236938477","7.698130369186401","0.6688665416420515","2.515114409341189","3.940820000000001","results/own_method_v4/common_seeds_42_51_10240/v4_b_raw_mean_seed44/evaluation/quality_constrained/quality_annotated_molecules.csv","","-7.6","","-9.4","-7.6","-9.4","-7.6","-8.5","True","0.5","0.5","True"
"pairA","EGFR/VEGFR2","CLOVER-Mol","own","44","9","CLV_AS44_09","Cc1ccsc1C(=O)Nc1ccnc(NC(=O)Nc2ccco2)c1","7.707940101623535","7.672394275665283","7.672394275665283","7.690167188644409","0.6688665416420516","2.5162140748930284","3.94082","results/own_method_v4/common_seeds_42_51_10240/v4_b_raw_mean_seed44/evaluation/quality_constrained/quality_annotated_molecules.csv","","-7.8","","-9.2","-7.8","-9.2","-7.8","-8.5","True","0.5","0.5","True"
"pairA","EGFR/VEGFR2","CLOVER-Mol","own","44","10","CLV_AS44_10","Cc1ccsc1NC(=O)Nc1ccnc(OCc2ccco2)c1","7.67216682434082","7.745736122131348","7.67216682434082","7.708951473236084","0.7327684237522079","2.487586156441113","4.267520000000002","results/own_method_v4/common_seeds_42_51_10240/v4_b_raw_mean_seed44/evaluation/quality_constrained/quality_annotated_molecules.csv","","-7.4","","-9.0","-7.4","-9.0","-7.4","-8.2","True","0.4307692307692308","0.5692307692307692","True"
"pairA","EGFR/VEGFR2","CLOVER-Mol","own","45","1","CLV_AS45_01","Cc1nnc(NC(=O)Nc2ccnc(-c3sccc3C)c2)s1","7.644468784332275","7.639442443847656","7.639442443847656","7.641955614089966","0.7620382884663961","2.539729950593351","3.9224400000000017","results/own_method_v4/common_seeds_42_51_10240/v4_b_raw_mean_seed45/evaluation/quality_constrained/quality_annotated_molecules.csv","","-7.3","","-8.9","-7.3","-8.9","-7.3","-8.1","True","0.58","0.42000000000000004","True"
"pairA","EGFR/VEGFR2","CLOVER-Mol","own","45","2","CLV_AS45_02","Cc1ccsc1NC(=O)Nc1ccnc(NCc2ccco2)c1","7.680696964263916","7.626056671142578","7.626056671142578","7.653376817703247","0.6521982839350332","2.451966409024351","4.300620000000002","results/own_method_v4/common_seeds_42_51_10240/v4_b_raw_mean_seed45/evaluation/quality_constrained/quality_annotated_molecules.csv","","-7.4","","-9.4","-7.4","-9.4","-7.4","-8.4","True","0.4761904761904761","0.523809523809524","True"
"pairA","EGFR/VEGFR2","CLOVER-Mol","own","45","3","CLV_AS45_03","Cc1ccsc1C(C)NC(=O)Nc1cc(-c2ncco2)ncn1","7.768260478973389","7.501004219055176","7.501004219055176","7.634632349014282","0.7651308862817445","3.23738480193515","3.384220000000001","results/own_method_v4/common_seeds_42_51_10240/v4_b_raw_mean_seed45/evaluation/quality_constrained/quality_annotated_molecules.csv","","-7.0","","-8.3","-7.0","-8.3","-7.0","-7.65","True","0.4714285714285714","0.5285714285714286","True"
"pairA","EGFR/VEGFR2","CLOVER-Mol","own","45","4","CLV_AS45_04","CCOc1ccnc(NC(=O)Nc2ncnc3scnc23)c1","7.7038655281066895","7.499781131744385","7.499781131744385","7.601823329925537","0.7665607167243744","2.584761337955989","2.524","results/own_method_v4/common_seeds_42_51_10240/v4_b_raw_mean_seed45/evaluation/quality_constrained/quality_annotated_molecules.csv","","-6.4","","-8.6","-6.4","-8.6","-6.4","-7.5","False","0.46551724137931033","0.5344827586206897","True"
"pairA","EGFR/VEGFR2","CLOVER-Mol","own","45","5","CLV_AS45_05","Cc1ccsc1C(NC(=O)Nc1ccnc(NC(=O)N(C)C)c1)C1CC1","7.776060581207275","7.449118137359619","7.449118137359619","7.612589359283447","0.7445989545587364","3.137599868075327","3.817820000000002","results/own_method_v4/common_seeds_42_51_10240/v4_b_raw_mean_seed45/evaluation/quality_constrained/quality_annotated_molecules.csv","","-7.3","","-8.7","-7.3","-8.7","-7.3","-8.0","True","0.5074626865671642","0.4925373134328358","True"
"pairA","EGFR/VEGFR2","CLOVER-Mol","own","45","6","CLV_AS45_06","CC(c1cnccn1)N1Cc2ccc(NC(=O)Cc3ccco3)cc2C1=O","7.711708068847656","7.375418186187744","7.375418186187744","7.5435631275177","0.7537536516669645","3.082178736899392","2.9678000000000013","results/own_method_v4/common_seeds_42_51_10240/v4_b_raw_mean_seed45/evaluation/quality_constrained/quality_annotated_molecules.csv","","-8.5","","-9.1","-8.5","-9.1","-8.5","-8.8","True","0.4025974025974026","0.5974025974025974","True"
"pairA","EGFR/VEGFR2","CLOVER-Mol","own","45","7","CLV_AS45_07","COC(=O)Nc1cc(NC(=O)Nc2ccc3ncsc3c2)ccn1","7.311244487762451","7.66274356842041","7.311244487762451","7.486994028091431","0.6746832444901291","2.338782636765938","3.5136000000000003","results/own_method_v4/common_seeds_42_51_10240/v4_b_raw_mean_seed45/evaluation/quality_constrained/quality_annotated_molecules.csv","","-7.3","","-9.7","-7.3","-9.7","-7.3","-8.5","True","0.5686274509803921","0.43137254901960786","True"
"pairA","EGFR/VEGFR2","CLOVER-Mol","own","45","8","CLV_AS45_08","CN(Cc1ccco1)C(=O)Nc1cccc(Nc2nccs2)c1","7.306783676147461","7.435020446777344","7.306783676147461","7.370902061462402","0.7381440387113598","2.2564938487488053","4.143600000000002","results/own_method_v4/common_seeds_42_51_10240/v4_b_raw_mean_seed45/evaluation/quality_constrained/quality_annotated_molecules.csv","","-7.0","","-8.6","-7.0","-8.6","-7.0","-7.8","True","0.625","0.375","True"
"pairA","EGFR/VEGFR2","CLOVER-Mol","own","45","9","CLV_AS45_09","CCCS(=O)(=O)c1cc(Nc2ccc(NC(=O)C3CC3)cn2)ccn1","7.299827575683594","7.510170459747314","7.299827575683594","7.404999017715454","0.7872146590440657","2.4719389284843363","2.7524000000000006","results/own_method_v4/common_seeds_42_51_10240/v4_b_raw_mean_seed45/evaluation/quality_constrained/quality_annotated_molecules.csv","","-7.9","","-9.1","-7.9","-9.1","-7.9","-8.5","True","0.5254237288135594","0.47457627118644063","True"
"pairA","EGFR/VEGFR2","CLOVER-Mol","own","45","10","CLV_AS45_10","Cc1cccc(NC(=O)N2CCCC(c3noc(-c4ccco4)n3)C2)c1","7.293975353240967","7.376577854156494","7.293975353240967","7.33527660369873","0.7685517460937854","2.783550171719053","4.049520000000002","results/own_method_v4/common_seeds_42_51_10240/v4_b_raw_mean_seed45/evaluation/quality_constrained/quality_annotated_molecules.csv","","-9.2","","-10.7","-9.2","-10.7","-9.2","-9.95","True","0.6461538461538462","0.3538461538461538","True"
"pairA","EGFR/VEGFR2","CLOVER-Mol","own","46","1","CLV_AS46_01","Cc1ccsc1COC(=O)c1cc(NC(=O)Nc2ccco2)ccn1","7.777420520782471","7.654451847076416","7.654451847076416","7.715936183929443","0.6721141601428786","2.6426300823304896","4.045520000000002","results/own_method_v4/common_seeds_42_51_10240/v4_b_raw_mean_seed46/evaluation/quality_constrained/quality_annotated_molecules.csv","","-7.9","","-8.9","-7.9","-8.9","-7.9","-8.4","True","0.4461538461538462","0.5538461538461539","True"
"pairA","EGFR/VEGFR2","CLOVER-Mol","own","46","2","CLV_AS46_02","Cc1ccsc1NC(=O)Nc1cccc(-c2ncco2)c1","7.609740257263184","7.654479026794434","7.609740257263184","7.632109642028809","0.7549428898798043","2.396486747796608","4.355520000000002","results/own_method_v4/common_seeds_42_51_10240/v4_b_raw_mean_seed46/evaluation/quality_constrained/quality_annotated_molecules.csv","","-7.5","","-9.6","-7.5","-9.6","-7.5","-8.55","True","0.603448275862069","0.39655172413793105","True"
"pairA","EGFR/VEGFR2","CLOVER-Mol","own","46","3","CLV_AS46_03","CCCOc1cc(NC(=O)Nc2ncnc3[nH]cnc23)ccn1","7.804461479187012","7.541689395904541","7.541689395904541","7.673075437545776","0.6642015049784133","2.648730588128828","2.1807","results/own_method_v4/common_seeds_42_51_10240/v4_b_raw_mean_seed46/evaluation/quality_constrained/quality_annotated_molecules.csv","","-7.0","","-9.1","-7.0","-9.1","-7.0","-8.05","True","0.5","0.5","True"
"pairA","EGFR/VEGFR2","CLOVER-Mol","own","46","4","CLV_AS46_04","Cc1ccsc1-c1csc(NC(=O)Nc2cc(F)ccn2)n1","7.70131254196167","7.522435188293457","7.522435188293457","7.6118738651275635","0.7477425366362962","2.56889039015379","4.358120000000001","results/own_method_v4/common_seeds_42_51_10240/v4_b_raw_mean_seed46/evaluation/quality_constrained/quality_annotated_molecules.csv","","-7.6","","-8.3","-7.6","-8.3","-7.6","-7.95","True","0.4603174603174603","0.5396825396825398","True"
"pairA","EGFR/VEGFR2","CLOVER-Mol","own","46","5","CLV_AS46_05","Cc1cccc(NC(=O)NCc2ccnc(Nc3nccs3)c2)c1","7.4103193283081055","7.414199352264404","7.4103193283081055","7.412259340286255","0.6583105737534533","2.1861591776163927","3.9118200000000014","results/own_method_v4/common_seeds_42_51_10240/v4_b_raw_mean_seed46/evaluation/quality_constrained/quality_annotated_molecules.csv","","-7.9","","-9.3","-7.9","-9.3","-7.9","-8.600000000000001","True","0.631578947368421","0.368421052631579","True"
"pairA","EGFR/VEGFR2","CLOVER-Mol","own","46","6","CLV_AS46_06","Cn1cnnc1CNC(=O)Nc1ccnc(Nc2nccs2)c1","7.371197700500488","7.387594699859619","7.371197700500488","7.379396200180054","0.6570829106638956","2.612893848748806","1.7318999999999989","results/own_method_v4/common_seeds_42_51_10240/v4_b_raw_mean_seed46/evaluation/quality_constrained/quality_annotated_molecules.csv","","-7.3","","-8.3","-7.3","-8.3","-7.3","-7.800000000000001","True","0.559322033898305","0.44067796610169496","True"
"pairA","EGFR/VEGFR2","CLOVER-Mol","own","46","7","CLV_AS46_07","O=C(COC(=O)Nc1cc(Nc2nccs2)ncn1)Nc1ccco1","7.606203556060791","7.357771873474121","7.357771873474121","7.481987714767456","0.6106983668757213","2.767512774638181","2.4569","results/own_method_v4/common_seeds_42_51_10240/v4_b_raw_mean_seed46/evaluation/quality_constrained/quality_annotated_molecules.csv","","-7.2","","-8.6","-7.2","-8.6","-7.2","-7.9","True","0.43548387096774194","0.564516129032258","True"
"pairA","EGFR/VEGFR2","CLOVER-Mol","own","46","8","CLV_AS46_08","COc1cnc(NC(=O)c2sccc2C)cc1NC(=O)c1ccco1","7.590747833251953","7.308080673217773","7.308080673217773","7.449414253234863","0.728133155510205","2.3539145081159702","3.557720000000001","results/own_method_v4/common_seeds_42_51_10240/v4_b_raw_mean_seed46/evaluation/quality_constrained/quality_annotated_molecules.csv","","-7.5","","-8.8","-7.5","-8.8","-7.5","-8.15","True","0.5892857142857143","0.4107142857142857","True"
"pairA","EGFR/VEGFR2","CLOVER-Mol","own","46","9","CLV_AS46_09","CCS(=O)(=O)NC(C)c1cc(Nc2ncco2)ncn1","7.296165943145752","7.359795570373535","7.296165943145752","7.3279807567596436","0.8240402720996884","3.5031496355415657","1.2084999999999997","results/own_method_v4/common_seeds_42_51_10240/v4_b_raw_mean_seed46/evaluation/quality_constrained/quality_annotated_molecules.csv","","-6.4","","-7.1","-6.4","-7.1","-6.4","-6.75","False","0.36507936507936506","0.6349206349206349","True"
"pairA","EGFR/VEGFR2","CLOVER-Mol","own","46","10","CLV_AS46_10","CCS(=O)(=O)N(C)c1ccnc(Nc2nccs2)c1","7.28884744644165","7.619652271270752","7.28884744644165","7.454249858856201","0.9142479552957646","2.673929349910585","2.0676","results/own_method_v4/common_seeds_42_51_10240/v4_b_raw_mean_seed46/evaluation/quality_constrained/quality_annotated_molecules.csv","","-6.2","","-6.7","-6.2","-6.7","-6.2","-6.45","False","0.41818181818181815","0.5818181818181818","True"
"pairA","EGFR/VEGFR2","CLOVER-Mol","own","47","1","CLV_AS47_01","Cc1ccsc1C(=O)Nc1cc(NC(=O)Nc2nccs2)ccn1","7.749337196350098","7.653639316558838","7.653639316558838","7.701488256454468","0.6599349416277681","2.395272937769283","3.8043200000000015","results/own_method_v4/common_seeds_42_51_10240/v4_b_raw_mean_seed47/evaluation/quality_constrained/quality_annotated_molecules.csv","","-7.4","","-9.1","-7.4","-9.1","-7.4","-8.25","True","0.5769230769230769","0.42307692307692313","True"
"pairA","EGFR/VEGFR2","CLOVER-Mol","own","47","2","CLV_AS47_02","Cc1ccsc1NC(=O)Nc1cc(N(C)S(C)(=O)=O)ccn1","7.794497489929199","7.633155345916748","7.633155345916748","7.713826417922974","0.894339095705661","2.615139511032911","2.49132","results/own_method_v4/common_seeds_42_51_10240/v4_b_raw_mean_seed47/evaluation/quality_constrained/quality_annotated_molecules.csv","","-6.9","","-8.3","-6.9","-8.3","-6.9","-7.6000000000000005","False","0.4406779661016949","0.5593220338983051","True"
"pairA","EGFR/VEGFR2","CLOVER-Mol","own","47","3","CLV_AS47_03","Cc1ccsc1C(=O)Nc1ccnc(N(C)S(C)(=O)=O)c1","7.777410984039307","7.617603302001953","7.617603302001953","7.69750714302063","0.9333912340628684","2.4845998957358137","2.09962","results/own_method_v4/common_seeds_42_51_10240/v4_b_raw_mean_seed47/evaluation/quality_constrained/quality_annotated_molecules.csv","","-7.4","","-7.7","-7.4","-7.7","-7.4","-7.550000000000001","True","0.5686274509803921","0.43137254901960786","True"
"pairA","EGFR/VEGFR2","CLOVER-Mol","own","47","4","CLV_AS47_04","Cc1ccccc1NC(=O)Nc1ccnc(NC(=O)c2sccc2C)c1","7.648251533508301","7.545289516448975","7.545289516448975","7.596770524978638","0.6280282612630158","2.1217633771975475","4.656240000000002","results/own_method_v4/common_seeds_42_51_10240/v4_b_raw_mean_seed47/evaluation/quality_constrained/quality_annotated_molecules.csv","","-8.2","","-9.9","-8.2","-9.9","-8.2","-9.05","True","0.5185185185185185","0.4814814814814815","True"
"pairA","EGFR/VEGFR2","CLOVER-Mol","own","47","5","CLV_AS47_05","Cc1ccsc1-c1cc(N(C)S(=O)(=O)N(C)Cc2ccco2)ccn1","7.517397880554199","7.512063980102539","7.512063980102539","7.514730930328369","0.6590951835633474","2.8923042032096085","3.5245200000000025","results/own_method_v4/common_seeds_42_51_10240/v4_b_raw_mean_seed47/evaluation/quality_constrained/quality_annotated_molecules.csv","","-7.0","","-7.5","-7.0","-7.5","-7.0","-7.25","True","0.4406779661016949","0.5593220338983051","True"
"pairA","EGFR/VEGFR2","CLOVER-Mol","own","47","6","CLV_AS47_06","Cc1ccsc1CNc1cc(S(=O)(=O)N(C)c2ccccc2)ccn1","7.497732162475586","7.512652397155762","7.497732162475586","7.505192279815674","0.7119995453701164","2.355964128917704","3.888720000000002","results/own_method_v4/common_seeds_42_51_10240/v4_b_raw_mean_seed47/evaluation/quality_constrained/quality_annotated_molecules.csv","","-7.8","","-8.9","-7.8","-8.9","-7.8","-8.35","True","0.46551724137931033","0.5344827586206897","True"
"pairA","EGFR/VEGFR2","CLOVER-Mol","own","47","7","CLV_AS47_07","Cc1ccsc1CN(Cc1cc(-c2ncco2)c(F)cc1F)C(=O)N1CCC1","7.614590644836426","7.45708703994751","7.45708703994751","7.535838842391968","0.6138553053068907","2.841639482345233","4.817620000000004","results/own_method_v4/common_seeds_42_51_10240/v4_b_raw_mean_seed47/evaluation/quality_constrained/quality_annotated_molecules.csv","","-8.0","","-8.1","-8.0","-8.1","-8.0","-8.05","True","0.3815789473684211","0.618421052631579","True"
"pairA","EGFR/VEGFR2","CLOVER-Mol","own","47","8","CLV_AS47_08","NS(=O)(=O)c1cc(NC(=O)Nc2sccc2-c2ccco2)ccn1","7.445108413696289","7.701777458190918","7.445108413696289","7.5734429359436035","0.65566902634781","2.7056092745782543","2.694500000000001","results/own_method_v4/common_seeds_42_51_10240/v4_b_raw_mean_seed47/evaluation/quality_constrained/quality_annotated_molecules.csv","","-7.4","","-9.5","-7.4","-9.5","-7.4","-8.45","True","0.4","0.6","True"
"pairA","EGFR/VEGFR2","CLOVER-Mol","own","47","9","CLV_AS47_09","Cc1ccsc1C(=O)Nc1ccnc(NS(=O)(=O)N2CCCC2)c1","7.836616992950439","7.434624195098877","7.434624195098877","7.635620594024658","0.8502271716292057","2.4169190030850416","2.45632","results/own_method_v4/common_seeds_42_51_10240/v4_b_raw_mean_seed47/evaluation/quality_constrained/quality_annotated_molecules.csv","","-7.9","","-8.8","-7.9","-8.8","-7.9","-8.350000000000001","True","0.5370370370370371","0.4629629629629629","True"
"pairA","EGFR/VEGFR2","CLOVER-Mol","own","47","10","CLV_AS47_10","Cc1ccsc1-c1cc(NC(=O)c2ccco2)ccn1","7.533539772033691","7.417843341827393","7.417843341827393","7.475691556930542","0.7915551385420775","2.337655848441836","3.963820000000002","results/own_method_v4/common_seeds_42_51_10240/v4_b_raw_mean_seed47/evaluation/quality_constrained/quality_annotated_molecules.csv","","-7.4","","-8.0","-7.4","-8.0","-7.4","-7.7","True","0.5925925925925926","0.40740740740740744","True"
"pairA","EGFR/VEGFR2","CLOVER-Mol","own","48","1","CLV_AS48_01","Cc1ccsc1NC(=O)Nc1ccnc(S(=O)(=O)N(C)C)c1","7.830955982208252","7.694037914276123","7.694037914276123","7.7624969482421875","0.8935270590559228","2.635594895648296","2.34582","results/own_method_v4/common_seeds_42_51_10240/v4_b_raw_mean_seed48/evaluation/quality_constrained/quality_annotated_molecules.csv","","-7.0","","-8.3","-7.0","-8.3","-7.0","-7.65","True","0.4561403508771929","0.5438596491228072","True"
"pairA","EGFR/VEGFR2","CLOVER-Mol","own","48","2","CLV_AS48_02","Cc1ccnc(NC(=O)Nc2ccnc(-c3sccc3C)c2)c1","7.704814910888672","7.662108898162842","7.662108898162842","7.683461904525757","0.7469144941822299","2.42758452821859","4.4659400000000025","results/own_method_v4/common_seeds_42_51_10240/v4_b_raw_mean_seed48/evaluation/quality_constrained/quality_annotated_molecules.csv","","-8.0","","-10.0","-8.0","-10.0","-8.0","-9.0","True","0.6041666666666666","0.39583333333333337","True"
"pairA","EGFR/VEGFR2","CLOVER-Mol","own","48","3","CLV_AS48_03","Cc1ccsc1NC(=O)Nc1ccnc(NC(=O)NC2CC2)c1","7.708106994628906","7.657970428466797","7.657970428466797","7.683038711547852","0.6914472855632284","2.401879417944249","3.3794200000000005","results/own_method_v4/common_seeds_42_51_10240/v4_b_raw_mean_seed48/evaluation/quality_constrained/quality_annotated_molecules.csv","","-7.6","","-9.1","-7.6","-9.1","-7.6","-8.35","True","0.5166666666666667","0.4833333333333333","True"
"pairA","EGFR/VEGFR2","CLOVER-Mol","own","48","4","CLV_AS48_04","Cc1ccsc1NC(=O)Nc1ccnc(S(=O)(=O)NC(C)(C)C)c1","7.798690319061279","7.655808448791504","7.655808448791504","7.727249383926392","0.7714611292145162","2.682204638309546","3.172320000000002","results/own_method_v4/common_seeds_42_51_10240/v4_b_raw_mean_seed48/evaluation/quality_constrained/quality_annotated_molecules.csv","","-7.2","","-8.4","-7.2","-8.4","-7.2","-7.800000000000001","True","0.45","0.55","True"
"pairA","EGFR/VEGFR2","CLOVER-Mol","own","48","5","CLV_AS48_05","Cc1ccsc1NC(=O)Nc1ccnc(S(C)=O)c1","8.127253532409668","7.649807929992676","7.649807929992676","7.888530731201172","0.9143441725136292","3.2357851058807405","2.8329200000000005","results/own_method_v4/common_seeds_42_51_10240/v4_b_raw_mean_seed48/evaluation/quality_constrained/quality_annotated_molecules.csv","","-6.4","","-8.4","-6.4","-8.4","-6.4","-7.4","False","0.43636363636363634","0.5636363636363637","True"
"pairA","EGFR/VEGFR2","CLOVER-Mol","own","48","6","CLV_AS48_06","Cc1ccsc1NC(=O)Nc1ccnc(SC(F)F)c1","7.785816669464111","7.647055149078369","7.647055149078369","7.71643590927124","0.8217189176143261","2.7173982129738548","4.410220000000002","results/own_method_v4/common_seeds_42_51_10240/v4_b_raw_mean_seed48/evaluation/quality_constrained/quality_annotated_molecules.csv","","-6.7","","-8.4","-6.7","-8.4","-6.7","-7.550000000000001","False","0.45161290322580644","0.5483870967741935","True"
"pairA","EGFR/VEGFR2","CLOVER-Mol","own","48","7","CLV_AS48_07","Cc1ccsc1NC(=O)Nc1ccnc(OC2CCC2)c1","7.635344982147217","7.710676193237305","7.635344982147217","7.673010587692261","0.8961135715044484","2.4690943896629385","4.026820000000002","results/own_method_v4/common_seeds_42_51_10240/v4_b_raw_mean_seed48/evaluation/quality_constrained/quality_annotated_molecules.csv","","-7.2","","-8.9","-7.2","-8.9","-7.2","-8.05","True","0.5517241379310345","0.4482758620689655","True"
"pairA","EGFR/VEGFR2","CLOVER-Mol","own","48","8","CLV_AS48_08","Cc1ccsc1NC(=O)Nc1ccnc(-n2cccc2)c1","7.626770496368408","7.672032356262207","7.626770496368408","7.649401426315308","0.7704579934600376","2.518768715009724","3.8862200000000016","results/own_method_v4/common_seeds_42_51_10240/v4_b_raw_mean_seed48/evaluation/quality_constrained/quality_annotated_molecules.csv","","-7.1","","-8.7","-7.1","-8.7","-7.1","-7.8999999999999995","True","0.42105263157894735","0.5789473684210527","True"
"pairA","EGFR/VEGFR2","CLOVER-Mol","own","48","9","CLV_AS48_09","Cc1ccsc1C(=O)Nc1ccnc(-c2ncco2)c1","7.650816440582275","7.599250793457031","7.599250793457031","7.625033617019653","0.8008517547907039","2.5092407290784404","3.358820000000001","results/own_method_v4/common_seeds_42_51_10240/v4_b_raw_mean_seed48/evaluation/quality_constrained/quality_annotated_molecules.csv","","-7.1","","-8.1","-7.1","-8.1","-7.1","-7.6","True","0.5294117647058824","0.47058823529411764","True"
"pairA","EGFR/VEGFR2","CLOVER-Mol","own","48","10","CLV_AS48_10","Cc1ccsc1-c1ccnc(NC(=O)Nc2nccs2)c1","7.752276420593262","7.555383205413818","7.555383205413818","7.65382981300354","0.7600111825009421","2.470681703660416","4.219020000000001","results/own_method_v4/common_seeds_42_51_10240/v4_b_raw_mean_seed48/evaluation/quality_constrained/quality_annotated_molecules.csv","","-7.2","","-9.0","-7.2","-9.0","-7.2","-8.1","True","0.5490196078431373","0.4509803921568627","True"
"pairA","EGFR/VEGFR2","CLOVER-Mol","own","49","1","CLV_AS49_01","Cc1ccsc1NC(=O)Nc1ccnc(OCc2ccccn2)c1","7.693033695220947","7.714172840118408","7.693033695220947","7.703603267669678","0.7339160418567245","2.4190514853086995","4.069520000000002","results/own_method_v4/common_seeds_42_51_10240/v4_b_raw_mean_seed49/evaluation/quality_constrained/quality_annotated_molecules.csv","","-7.7","","-10.1","-7.7","-10.1","-7.7","-8.9","True","0.5161290322580645","0.4838709677419355","True"
"pairA","EGFR/VEGFR2","CLOVER-Mol","own","49","2","CLV_AS49_02","Cc1ccsc1NC(=O)Nc1ccnc(-n2ccnc2)c1","7.733860015869141","7.689891815185547","7.689891815185547","7.711875915527344","0.7792728271972088","2.5547550958420064","3.28122","results/own_method_v4/common_seeds_42_51_10240/v4_b_raw_mean_seed49/evaluation/quality_constrained/quality_annotated_molecules.csv","","-7.2","","-8.8","-7.2","-8.8","-7.2","-8.0","True","0.5535714285714286","0.4464285714285714","True"
"pairA","EGFR/VEGFR2","CLOVER-Mol","own","49","3","CLV_AS49_03","CCn1nccc1NC(=O)Nc1cc(Nc2nccs2)ccn1","7.389596462249756","7.65488338470459","7.389596462249756","7.522239923477173","0.6679695837597612","2.5896033780254992","3.1421","results/own_method_v4/common_seeds_42_51_10240/v4_b_raw_mean_seed49/evaluation/quality_constrained/quality_annotated_molecules.csv","","-7.0","","-8.1","-7.0","-8.1","-7.0","-7.55","True","0.4444444444444444","0.5555555555555556","True"
"pairA","EGFR/VEGFR2","CLOVER-Mol","own","49","4","CLV_AS49_04","Cc1ccsc1C(=O)Nc1ccnc(N(C)C)c1","7.710419178009033","7.362473011016846","7.362473011016846","7.5364460945129395","0.9237092709756632","2.2551074259919144","2.76982","results/own_method_v4/common_seeds_42_51_10240/v4_b_raw_mean_seed49/evaluation/quality_constrained/quality_annotated_molecules.csv","","-6.8","","-7.6","-6.8","-7.6","-6.8","-7.199999999999999","False","0.5714285714285714","0.4285714285714286","True"
"pairA","EGFR/VEGFR2","CLOVER-Mol","own","49","5","CLV_AS49_05","CS(=O)(=O)NCCc1cc(Nc2ncccn2)ccn1","7.361294746398926","7.37026834487915","7.361294746398926","7.365781545639038","0.813775415907764","2.3728987913428554","0.7068999999999996","results/own_method_v4/common_seeds_42_51_10240/v4_b_raw_mean_seed49/evaluation/quality_constrained/quality_annotated_molecules.csv","","-6.6","","-7.8","-6.6","-7.8","-6.6","-7.199999999999999","False","0.4528301886792453","0.5471698113207547","True"
"pairA","EGFR/VEGFR2","CLOVER-Mol","own","49","6","CLV_AS49_06","O=C(Nc1ccc2occc2c1)c1nc2c(c(=O)o1)CCC2","7.865682125091553","7.36110258102417","7.36110258102417","7.613392353057861","0.7850207481601965","2.622284414879065","2.522","results/own_method_v4/common_seeds_42_51_10240/v4_b_raw_mean_seed49/evaluation/quality_constrained/quality_annotated_molecules.csv","","-8.3","","-11.2","-8.3","-11.2","-8.3","-9.75","True","0.45901639344262296","0.540983606557377","True"
"pairA","EGFR/VEGFR2","CLOVER-Mol","own","49","7","CLV_AS49_07","CC(C)CC(=O)Nc1ccnc(Nc2ccnc(-c3ccco3)c2)c1","7.356521606445312","7.455756187438965","7.356521606445312","7.406138896942139","0.6942462973657931","2.393747390022797","4.464800000000003","results/own_method_v4/common_seeds_42_51_10240/v4_b_raw_mean_seed49/evaluation/quality_constrained/quality_annotated_molecules.csv","","-7.7","","-9.8","-7.7","-9.8","-7.7","-8.75","True","0.5166666666666667","0.4833333333333333","True"
"pairA","EGFR/VEGFR2","CLOVER-Mol","own","49","8","CLV_AS49_08","Cc1ccsc1CN(C)C(=O)NCc1ccnc(-n2ccnc2)c1","7.5258636474609375","7.323400020599365","7.323400020599365","7.424631834030151","0.7758717621636533","2.5786341417826613","2.9788200000000016","results/own_method_v4/common_seeds_42_51_10240/v4_b_raw_mean_seed49/evaluation/quality_constrained/quality_annotated_molecules.csv","","-7.1","","-8.5","-7.1","-8.5","-7.1","-7.8","True","0.6885245901639344","0.3114754098360656","True"
"pairA","EGFR/VEGFR2","CLOVER-Mol","own","49","9","CLV_AS49_09","Cc1cccc(NC(=O)Nc2ccc(Nc3ncco3)nc2)c1","7.272518634796143","7.7566304206848145","7.272518634796143","7.5145745277404785","0.682061854103936","2.357777430838357","3.765620000000001","results/own_method_v4/common_seeds_42_51_10240/v4_b_raw_mean_seed49/evaluation/quality_constrained/quality_annotated_molecules.csv","","-8.0","","-9.8","-8.0","-9.8","-8.0","-8.9","True","0.5172413793103449","0.48275862068965514","True"
"pairA","EGFR/VEGFR2","CLOVER-Mol","own","49","10","CLV_AS49_10","CN(C)S(=O)(=O)Nc1ccnc(Nc2ccc3cc[nH]c3n2)c1","7.260720729827881","7.298312664031982","7.260720729827881","7.279516696929932","0.6621860066298173","2.72011515758922","1.9197999999999995","results/own_method_v4/common_seeds_42_51_10240/v4_b_raw_mean_seed49/evaluation/quality_constrained/quality_annotated_molecules.csv","","-7.5","","-8.5","-7.5","-8.5","-7.5","-8.0","True","0.38181818181818183","0.6181818181818182","True"
"pairA","EGFR/VEGFR2","CLOVER-Mol","own","50","1","CLV_AS50_01","CCS(=O)(=O)Nc1ccc2cnnc(N3CCCCC3)c2c1","7.40705680847168","7.434465408325195","7.40705680847168","7.420761108398437","0.9358890255199466","2.3948991813625806","2.3817000000000004","results/own_method_v4/common_seeds_42_51_10240/v4_b_raw_mean_seed50/evaluation/quality_constrained/quality_annotated_molecules.csv","","-8.1","","-8.0","-8.1","-8.0","-8.0","-8.05","True","0.4423076923076923","0.5576923076923077","True"
"pairA","EGFR/VEGFR2","CLOVER-Mol","own","50","2","CLV_AS50_02","CCS(=O)(=O)Nc1cc(Nc2nccs2)ccn1","7.37655782699585","7.379171848297119","7.37655782699585","7.377864837646484","0.8774685949906846","2.527656149973815","2.0433","results/own_method_v4/common_seeds_42_51_10240/v4_b_raw_mean_seed50/evaluation/quality_constrained/quality_annotated_molecules.csv","","-6.6","","-7.2","-6.6","-7.2","-6.6","-6.9","False","0.4680851063829787","0.5319148936170213","True"
"pairA","EGFR/VEGFR2","CLOVER-Mol","own","50","3","CLV_AS50_03","CCS(=O)(=O)c1cc(Nc2ncccn2)c(-c2ccco2)o1","7.327091693878174","7.338294982910156","7.327091693878174","7.332693338394165","0.7716341529522995","2.9428991813625824","2.8668000000000013","results/own_method_v4/common_seeds_42_51_10240/v4_b_raw_mean_seed50/evaluation/quality_constrained/quality_annotated_molecules.csv","","-7.4","","-7.7","-7.4","-7.7","-7.4","-7.550000000000001","True","0.3728813559322034","0.6271186440677966","True"
"pairA","EGFR/VEGFR2","CLOVER-Mol","own","50","4","CLV_AS50_04","CN(C)S(=O)(=O)Cc1cc(-c2ccco2)nc(Nc2nccs2)n1","7.401546478271484","7.307998657226562","7.307998657226562","7.354772567749023","0.715111365436167","2.845121491772824","2.3281","results/own_method_v4/common_seeds_42_51_10240/v4_b_raw_mean_seed50/evaluation/quality_constrained/quality_annotated_molecules.csv","","-6.9","","-7.1","-6.9","-7.1","-6.9","-7.0","False","0.43283582089552236","0.5671641791044777","True"
"pairA","EGFR/VEGFR2","CLOVER-Mol","own","50","5","CLV_AS50_05","Cc1ccsc1CNC(=O)NC(C)c1ccnc(-n2cnnn2)c1","7.705288887023926","7.303956508636475","7.303956508636475","7.5046226978302","0.7381576551971988","3.1154348715648945","1.98762","results/own_method_v4/common_seeds_42_51_10240/v4_b_raw_mean_seed50/evaluation/quality_constrained/quality_annotated_molecules.csv","","-7.8","","-9.6","-7.8","-9.6","-7.8","-8.7","True","0.5230769230769231","0.4769230769230769","True"
"pairA","EGFR/VEGFR2","CLOVER-Mol","own","50","6","CLV_AS50_06","CCS(=O)(=O)Nc1ccnc(Nc2nccs2)c1","7.298818111419678","7.448367595672607","7.298818111419678","7.373592853546143","0.8774685949906846","2.489478774408205","2.0433","results/own_method_v4/common_seeds_42_51_10240/v4_b_raw_mean_seed50/evaluation/quality_constrained/quality_annotated_molecules.csv","","-6.3","","-7.0","-6.3","-7.0","-6.3","-6.65","False","0.45454545454545453","0.5454545454545454","True"
"pairA","EGFR/VEGFR2","CLOVER-Mol","own","50","7","CLV_AS50_07","CS(=O)(=O)NC(C(=O)Nc1ccnc(N2CCOC2=O)c1)c1ccco1","7.291537761688232","7.372523784637451","7.291537761688232","7.332030773162842","0.7597050109025688","3.278131717390396","0.8601999999999996","results/own_method_v4/common_seeds_42_51_10240/v4_b_raw_mean_seed50/evaluation/quality_constrained/quality_annotated_molecules.csv","","-7.4","","-8.5","-7.4","-8.5","-7.4","-7.95","True","0.42857142857142855","0.5714285714285714","True"
"pairA","EGFR/VEGFR2","CLOVER-Mol","own","50","8","CLV_AS50_08","COC(=O)Nc1cc(Cc2nnc3n2CCC3)ccn1","7.473274707794189","7.285403728485107","7.285403728485107","7.379339218139648","0.9133963563047716","2.5039720288131875","1.3884","results/own_method_v4/common_seeds_42_51_10240/v4_b_raw_mean_seed50/evaluation/quality_constrained/quality_annotated_molecules.csv","","-7.3","","-8.8","-7.3","-8.8","-7.3","-8.05","True","0.5076923076923077","0.49230769230769234","True"
"pairA","EGFR/VEGFR2","CLOVER-Mol","own","50","9","CLV_AS50_09","CCc1cc(NC(=O)Nc2ccnc(NC(=O)OC)c2)no1","7.280923366546631","7.672252178192139","7.280923366546631","7.476587772369385","0.7980310991085366","2.4575518931669063","2.4543","results/own_method_v4/common_seeds_42_51_10240/v4_b_raw_mean_seed50/evaluation/quality_constrained/quality_annotated_molecules.csv","","-7.0","","-8.8","-7.0","-8.8","-7.0","-7.9","True","0.4576271186440678","0.5423728813559322","True"
"pairA","EGFR/VEGFR2","CLOVER-Mol","own","50","10","CLV_AS50_10","CNS(=O)(=O)c1cc(-c2cc(Nc3ccco3)ncn2)on1","7.259709358215332","7.361203193664551","7.259709358215332","7.310456275939941","0.7220373355122919","3.2568420385054377","1.3762999999999996","results/own_method_v4/common_seeds_42_51_10240/v4_b_raw_mean_seed50/evaluation/quality_constrained/quality_annotated_molecules.csv","","-7.6","","-8.5","-7.6","-8.5","-7.6","-8.05","True","0.35294117647058826","0.6470588235294117","True"
"pairA","EGFR/VEGFR2","CLOVER-Mol","own","51","1","CLV_AS51_01","Cc1cccc(NC(=O)Nc2nccc3[nH]cnc23)c1","7.663725852966309","7.67727518081665","7.663725852966309","7.670500516891479","0.667234214062442","2.247312081863585","2.9103200000000005","results/own_method_v4/common_seeds_42_51_10240/v4_b_raw_mean_seed51/evaluation/quality_constrained/quality_annotated_molecules.csv","","-7.6","","-9.8","-7.6","-9.8","-7.6","-8.7","True","0.5185185185185185","0.4814814814814815","True"
"pairA","EGFR/VEGFR2","CLOVER-Mol","own","51","2","CLV_AS51_02","Cc1ccsc1C(=O)Nc1cc(NC(=O)Nc2ccncc2)ccn1","7.690884590148926","7.659393787384033","7.659393787384033","7.675139188766479","0.6655286874162583","2.262726236176644","3.74282","results/own_method_v4/common_seeds_42_51_10240/v4_b_raw_mean_seed51/evaluation/quality_constrained/quality_annotated_molecules.csv","","-7.9","","-9.6","-7.9","-9.6","-7.9","-8.75","True","0.5882352941176471","0.4117647058823529","True"
"pairA","EGFR/VEGFR2","CLOVER-Mol","own","51","3","CLV_AS51_03","COc1cc(NC(=O)Nc2ccc(NC(=O)c3sccc3C)cc2)ccn1","7.63605260848999","7.663448333740234","7.63605260848999","7.649750471115112","0.6113638714572568","2.136655632167692","4.356420000000001","results/own_method_v4/common_seeds_42_51_10240/v4_b_raw_mean_seed51/evaluation/quality_constrained/quality_annotated_molecules.csv","","-8.0","","-9.9","-8.0","-9.9","-8.0","-8.95","True","0.6","0.4","True"
"pairA","EGFR/VEGFR2","CLOVER-Mol","own","51","4","CLV_AS51_04","Cc1ccsc1C(=O)Nc1cc(NC(=O)c2ncc[nH]2)ccn1","7.69940185546875","7.61565637588501","7.61565637588501","7.65752911567688","0.6856610700493778","2.543006905840967","2.67922","results/own_method_v4/common_seeds_42_51_10240/v4_b_raw_mean_seed51/evaluation/quality_constrained/quality_annotated_molecules.csv","","-7.6","","-8.9","-7.6","-8.9","-7.6","-8.25","True","0.49122807017543857","0.5087719298245614","True"
"pairA","EGFR/VEGFR2","CLOVER-Mol","own","51","5","CLV_AS51_05","Cc1ccsc1C(=O)Nc1cc(NC(=O)Nc2ccoc2)ccn1","7.732072830200195","7.607907772064209","7.607907772064209","7.669990301132202","0.6688665416420515","2.577953874224132","3.940820000000001","results/own_method_v4/common_seeds_42_51_10240/v4_b_raw_mean_seed51/evaluation/quality_constrained/quality_annotated_molecules.csv","","-7.7","","-9.3","-7.7","-9.3","-7.7","-8.5","True","0.49122807017543857","0.5087719298245614","True"
"pairA","EGFR/VEGFR2","CLOVER-Mol","own","51","6","CLV_AS51_06","Cc1ccsc1C(=O)NCc1ccnc(-c2ncco2)c1","7.570197105407715","7.484012603759766","7.484012603759766","7.52710485458374","0.8037200534234556","2.5081049066868992","3.036520000000001","results/own_method_v4/common_seeds_42_51_10240/v4_b_raw_mean_seed51/evaluation/quality_constrained/quality_annotated_molecules.csv","","-7.3","","-8.9","-7.3","-8.9","-7.3","-8.1","True","0.6296296296296297","0.37037037037037035","True"
"pairA","EGFR/VEGFR2","CLOVER-Mol","own","51","7","CLV_AS51_07","Cc1ccsc1C(=O)Nc1cc(NC(=O)Nc2ccccn2)ccn1","7.433934211730957","7.533524990081787","7.433934211730957","7.483729600906372","0.6655286874162583","2.261218543868951","3.74282","results/own_method_v4/common_seeds_42_51_10240/v4_b_raw_mean_seed51/evaluation/quality_constrained/quality_annotated_molecules.csv","","-8.1","","-10.0","-8.1","-10.0","-8.1","-9.05","True","0.5714285714285714","0.4285714285714286","True"
"pairA","EGFR/VEGFR2","CLOVER-Mol","own","51","8","CLV_AS51_08","Cc1ccsc1C(=O)Nc1cc(NC(=O)c2ccco2)ccn1","7.610250949859619","7.357036590576172","7.357036590576172","7.483643770217895","0.7672916447295262","2.2356600526941133","3.549120000000001","results/own_method_v4/common_seeds_42_51_10240/v4_b_raw_mean_seed51/evaluation/quality_constrained/quality_annotated_molecules.csv","","-7.3","","-9.2","-7.3","-9.2","-7.3","-8.25","True","0.5862068965517241","0.4137931034482759","True"
"pairA","EGFR/VEGFR2","CLOVER-Mol","own","51","9","CLV_AS51_09","Cc1ccsc1CC(=O)N1CCN(Cc2cc(-c3ccco3)no2)CC1","7.73438835144043","7.34522819519043","7.34522819519043","7.53980827331543","0.6892059425515596","2.567603376103337","3.1914200000000017","results/own_method_v4/common_seeds_42_51_10240/v4_b_raw_mean_seed51/evaluation/quality_constrained/quality_annotated_molecules.csv","","-7.5","","-8.7","-7.5","-8.7","-7.5","-8.1","True","0.5303030303030303","0.4696969696969697","True"
"pairA","EGFR/VEGFR2","CLOVER-Mol","own","51","10","CLV_AS51_10","Cc1ccsc1CCC(=O)Nc1cc(Nc2ccco2)ncn1","7.839304447174072","7.340829372406006","7.340829372406006","7.590066909790039","0.720058518812679","2.7928959153389314","3.7544200000000014","results/own_method_v4/common_seeds_42_51_10240/v4_b_raw_mean_seed51/evaluation/quality_constrained/quality_annotated_molecules.csv","","-7.4","","-9.2","-7.4","-9.2","-7.4","-8.3","True","0.5","0.5","True"
"pairA","EGFR/VEGFR2","POLYGON","polygon_original","42","1","POL_AS42_01","Cc1ccsc1NC(=O)c1cc(-c2ccco2)on1","7.820465911666644","7.333705017333329","7.333705017333329","7.577085464499986","0.7925303197175158","2.480884468000042","3.556820000000002","results/baselines/polygon_original/formal_10240_seed42/anytime/budget_10240/quality_constrained/quality_annotated_molecules.csv","","-7.5","","-8.6","-7.5","-8.6","-7.5","-8.05","True","0.7","0.30000000000000004","True"
"pairA","EGFR/VEGFR2","POLYGON","polygon_original","42","2","POL_AS42_02","CC(=O)Nc1cc(-c2ccnc(Nc3nccs3)c2)on1","7.290896841166687","7.290139533499996","7.290139533499996","7.290518187333341","0.7693533213292403","2.553781325350202","2.8951","results/baselines/polygon_original/formal_10240_seed42/anytime/budget_10240/quality_constrained/quality_annotated_molecules.csv","","-7.5","","-8.7","-7.5","-8.7","-7.5","-8.1","True","0.4912280701754385","0.5087719298245614","True"
"pairA","EGFR/VEGFR2","POLYGON","polygon_original","42","3","POL_AS42_03","CCCC(=O)Nc1cccc(Nc2nccc(N(C)S(C)(=O)=O)n2)c1","7.266845753300019","7.529767731633369","7.266845753300019","7.398306742466694","0.7823951927099951","2.305143543868949","2.3546","results/baselines/polygon_original/formal_10240_seed42/anytime/budget_10240/quality_constrained/quality_annotated_molecules.csv","","-7.6","","-8.7","-7.6","-8.7","-7.6","-8.149999999999999","True","0.5185185185185185","0.4814814814814815","True"
"pairA","EGFR/VEGFR2","POLYGON","polygon_original","42","4","POL_AS42_04","Cc1csc(CNC(=O)Nc2ccnc(Nc3nccs3)c2)n1","7.333227869433355","7.256007298933344","7.256007298933344","7.294617584183349","0.6586502884392713","2.527260553685659","3.368320000000001","results/baselines/polygon_original/formal_10240_seed42/anytime/budget_10240/quality_constrained/quality_annotated_molecules.csv","","-6.8","","-8.4","-6.8","-8.4","-6.8","-7.6","False","0.6","0.4","True"
"pairA","EGFR/VEGFR2","POLYGON","polygon_original","42","5","POL_AS42_05","COC(C)C(NC(=O)c1cc2cncnc2o1)c1ccncc1","7.363587868816649","7.222899327666678","7.222899327666678","7.293243598241663","0.775854747885464","3.537055915872388","2.1238","results/baselines/polygon_original/formal_10240_seed42/anytime/budget_10240/quality_constrained/quality_annotated_molecules.csv","","-7.0","","-7.6","-7.0","-7.6","-7.0","-7.3","True","0.453125","0.546875","True"
"pairA","EGFR/VEGFR2","POLYGON","polygon_original","42","6","POL_AS42_06","O=c1nccc2n1CCN(CCNc1cccc(F)c1)C2","7.21619739150715","7.369273307000027","7.21619739150715","7.292735349253588","0.9214039985931554","2.541129118540619","1.3100999999999994","results/baselines/polygon_original/formal_10240_seed42/anytime/budget_10240/quality_constrained/quality_annotated_molecules.csv","","-6.9","","-8.3","-6.9","-8.3","-6.9","-7.6000000000000005","False","0.453125","0.546875","True"
"pairA","EGFR/VEGFR2","POLYGON","polygon_original","42","7","POL_AS42_07","Cc1cc(S(=O)(=O)N2CCOCC2)cc(Nc2nccc(C)n2)n1","7.263820254833362","7.198149369666694","7.198149369666694","7.230984812250028","0.8869944470475011","2.472254749691375","1.25294","results/baselines/polygon_original/formal_10240_seed42/anytime/budget_10240/quality_constrained/quality_annotated_molecules.csv","","-7.7","","-8.4","-7.7","-8.4","-7.7","-8.05","True","0.5576923076923077","0.4423076923076923","True"
"pairA","EGFR/VEGFR2","POLYGON","polygon_original","42","8","POL_AS42_08","O=S(=O)(Cc1cc(Nc2ncccn2)cs1)NCc1ccoc1","7.154768174683337","7.269672779333353","7.154768174683337","7.212220477008345","0.6793804968069118","2.9508825973136723","2.494300000000001","results/baselines/polygon_original/formal_10240_seed42/anytime/budget_10240/quality_constrained/quality_annotated_molecules.csv","","-6.7","","-7.7","-6.7","-7.7","-6.7","-7.2","False","0.4827586206896552","0.5172413793103448","True"
"pairA","EGFR/VEGFR2","POLYGON","polygon_original","42","9","POL_AS42_09","CCC(CC)c1cccc(NC(=O)NCc2ncn(C)n2)c1","7.150689675333343","7.268470529000007","7.150689675333343","7.209580102166675","0.8611016749926074","2.5587762107847727","3.040400000000001","results/baselines/polygon_original/formal_10240_seed42/anytime/budget_10240/quality_constrained/quality_annotated_molecules.csv","","-7.1","","-9.0","-7.1","-9.0","-7.1","-8.05","True","0.8","0.19999999999999996","True"
"pairA","EGFR/VEGFR2","POLYGON","polygon_original","42","10","POL_AS42_10","CS(=O)(=O)NCc1csc(Nc2ccc3ccoc3c2)n1","7.1397007125000025","7.219277079500016","7.1397007125000025","7.179488896000009","0.7539356997378309","2.525589005047556","2.682100000000001","results/baselines/polygon_original/formal_10240_seed42/anytime/budget_10240/quality_constrained/quality_annotated_molecules.csv","","-6.7","","-8.8","-6.7","-8.8","-6.7","-7.75","False","0.43333333333333335","0.5666666666666667","True"
"pairA","EGFR/VEGFR2","POLYGON","polygon_original","43","1","POL_AS43_01","Cc1ccsc1C(=O)Nc1cc(-c2ccccn2)ccn1","7.6429401996666515","7.18872066383334","7.18872066383334","7.4158304317499955","0.7999984929197766","2.146014364442257","3.7658200000000015","results/baselines/polygon_original/formal_10240_seed43/anytime/budget_10240/quality_constrained/quality_annotated_molecules.csv","","-7.7","","-9.2","-7.7","-9.2","-7.7","-8.45","True","0.6346153846153846","0.3653846153846154","True"
"pairA","EGFR/VEGFR2","POLYGON","polygon_original","43","2","POL_AS43_02","CC(C)NC(=O)NCc1ccnc(N2CCCCC(C)OC2=O)c1","7.2130850274333405","7.188141602666677","7.188141602666677","7.200613315050009","0.8866811836251213","2.890143452406507","2.8046000000000006","results/baselines/polygon_original/formal_10240_seed43/anytime/budget_10240/quality_constrained/quality_annotated_molecules.csv","","-7.9","","-9.0","-7.9","-9.0","-7.9","-8.45","True","0.5238095238095238","0.47619047619047616","True"
"pairA","EGFR/VEGFR2","POLYGON","polygon_original","43","3","POL_AS43_03","Cc1nccc(CNC(=O)Nc2cccc(Nc3ncccn3)c2)n1","7.165491161500023","7.130775579466692","7.130775579466692","7.148133370483357","0.6619001892707894","2.2537635649437657","2.64032","results/baselines/polygon_original/formal_10240_seed43/anytime/budget_10240/quality_constrained/quality_annotated_molecules.csv","","-7.8","","-9.5","-7.8","-9.5","-7.8","-8.65","True","0.5961538461538461","0.40384615384615385","True"
"pairA","EGFR/VEGFR2","POLYGON","polygon_original","43","4","POL_AS43_04","Cc1noc(C(C)S(=O)(=O)NCc2cccc(-c3ccco3)c2)n1","7.12334246750001","7.193821691000022","7.12334246750001","7.158582079250016","0.7360641233630526","3.0669967346378844","2.818620000000001","results/baselines/polygon_original/formal_10240_seed43/anytime/budget_10240/quality_constrained/quality_annotated_molecules.csv","","-7.7","","-8.9","-7.7","-8.9","-7.7","-8.3","True","0.45161290322580644","0.5483870967741935","True"
"pairA","EGFR/VEGFR2","POLYGON","polygon_original","43","5","POL_AS43_05","Cc1csc(C2CCN(S(=O)(=O)Nc3cccc4cnncc34)CC2)n1","7.098801100000008","7.120044567000031","7.098801100000008","7.10942283350002","0.7411298818986015","2.758610412540584","2.931020000000001","results/baselines/polygon_original/formal_10240_seed43/anytime/budget_10240/quality_constrained/quality_annotated_molecules.csv","","-8.1","","-8.4","-8.1","-8.4","-8.1","-8.25","True","0.5344827586206896","0.4655172413793104","True"
"pairA","EGFR/VEGFR2","POLYGON","polygon_original","43","6","POL_AS43_06","O=S(=O)(NC1CC1)c1ccccc1Nc1ccnc2occc12","7.241762479666669","7.097690701000021","7.097690701000021","7.169726590333345","0.7515036795461353","2.5238971156311774","3.012100000000001","results/baselines/polygon_original/formal_10240_seed43/anytime/budget_10240/quality_constrained/quality_annotated_molecules.csv","","-8.7","","-8.3","-8.7","-8.3","-8.3","-8.5","True","0.5217391304347826","0.4782608695652174","True"
"pairA","EGFR/VEGFR2","POLYGON","polygon_original","43","7","POL_AS43_07","O=C(Nc1cc(-c2ccco2)no1)c1csc(N2CCCC2=O)n1","7.093817744399988","7.084448887916679","7.084448887916679","7.089133316158334","0.7807043437144263","2.707419397396613","2.770200000000001","results/baselines/polygon_original/formal_10240_seed43/anytime/budget_10240/quality_constrained/quality_annotated_molecules.csv","","-7.8","","-9.2","-7.8","-9.2","-7.8","-8.5","True","0.5671641791044776","0.4328358208955224","True"
"pairA","EGFR/VEGFR2","POLYGON","polygon_original","43","8","POL_AS43_08","Cc1noc(C)c1S(=O)(=O)N1CCC(Nc2nncc3ccccc23)CC1","7.08023008900001","7.754015513000029","7.08023008900001","7.417122801000019","0.7337376298009636","2.5245457420578017","2.49984","results/baselines/polygon_original/formal_10240_seed43/anytime/budget_10240/quality_constrained/quality_annotated_molecules.csv","","-8.7","","-8.8","-8.7","-8.8","-8.7","-8.75","True","0.6491228070175439","0.3508771929824561","True"
"pairA","EGFR/VEGFR2","POLYGON","polygon_original","43","9","POL_AS43_09","CC(C)c1cccc(NC(=O)c2cccnc2N2CCCC2)c1","7.071652264792852","7.070093846000012","7.070093846000012","7.070873055396432","0.9261512768683368","1.9146243883584493","4.057500000000003","results/baselines/polygon_original/formal_10240_seed43/anytime/budget_10240/quality_constrained/quality_annotated_molecules.csv","","-7.8","","-10.4","-7.8","-10.4","-7.8","-9.1","True","0.7924528301886793","0.2075471698113207","True"
"pairA","EGFR/VEGFR2","POLYGON","polygon_original","43","10","POL_AS43_10","O=C(NCc1nnc2n1CCC2)Nc1ccc(Cc2ccco2)c(F)c1","7.056248858666661","7.341965891999995","7.056248858666661","7.199107375333329","0.7369418829499698","2.481749934807791","2.868900000000001","results/baselines/polygon_original/formal_10240_seed43/anytime/budget_10240/quality_constrained/quality_annotated_molecules.csv","","-7.9","","-10.2","-7.9","-10.2","-7.9","-9.05","True","0.6885245901639344","0.3114754098360656","True"
"pairA","EGFR/VEGFR2","POLYGON","polygon_original","44","1","POL_AS44_01","CC(C)C(C)NC(=O)Nc1ccc2c(NC(=O)N3CCCC3)nccc2c1","7.182314270933328","7.368519275266691","7.182314270933328","7.27541677310001","0.7604015243363509","2.750157777696652","4.028500000000003","results/baselines/polygon_original/formal_10240_seed44/anytime/budget_10240/quality_constrained/quality_annotated_molecules.csv","","-8.3","","-10.3","-8.3","-10.3","-8.3","-9.3","True","0.5087719298245614","0.49122807017543857","True"
"pairA","EGFR/VEGFR2","POLYGON","polygon_original","44","2","POL_AS44_02","CCS(=O)(=O)Nc1cc(Nc2ccnc3ccccc23)ncn1","7.202536331000013","7.179153014000015","7.179153014000015","7.190844672500013","0.7464051185826319","2.374106905840968","2.53","results/baselines/polygon_original/formal_10240_seed44/anytime/budget_10240/quality_constrained/quality_annotated_molecules.csv","","-7.7","","-8.7","-7.7","-8.7","-7.7","-8.2","True","0.4693877551020408","0.5306122448979592","True"
"pairA","EGFR/VEGFR2","POLYGON","polygon_original","44","3","POL_AS44_03","O=C(NCc1ccco1)Nc1cc(Nc2cccc(F)c2)ccn1","7.176915298333347","7.340811931500007","7.176915298333347","7.258863614916677","0.6646427870126318","2.170481375418591","3.879000000000002","results/baselines/polygon_original/formal_10240_seed44/anytime/budget_10240/quality_constrained/quality_annotated_molecules.csv","","-8.0","","-9.8","-8.0","-9.8","-8.0","-8.9","True","0.62","0.38","True"
"pairA","EGFR/VEGFR2","POLYGON","polygon_original","44","4","POL_AS44_04","O=C(NCc1ccco1)Nc1ccnc(Nc2ccccn2)c1","7.159979506300024","7.354558093300007","7.159979506300024","7.257268799800015","0.6731411065755583","2.203586831797365","3.134900000000001","results/baselines/polygon_original/formal_10240_seed44/anytime/budget_10240/quality_constrained/quality_annotated_molecules.csv","","-7.7","","-9.2","-7.7","-9.2","-7.7","-8.45","True","0.6346153846153846","0.3653846153846154","True"
"pairA","EGFR/VEGFR2","POLYGON","polygon_original","44","5","POL_AS44_05","Cc1cccc(Nc2ccnc(C(=O)Nc3nccsc3=O)c2)c1","7.1504183794166565","7.266195835050004","7.1504183794166565","7.20830710723333","0.7630166783888472","2.469327787267609","3.2026200000000014","results/baselines/polygon_original/formal_10240_seed44/anytime/budget_10240/quality_constrained/quality_annotated_molecules.csv","","-8.7","","-9.8","-8.7","-9.8","-8.7","-9.25","True","0.5","0.5","True"
"pairA","EGFR/VEGFR2","POLYGON","polygon_original","44","6","POL_AS44_06","Cc1cc(NC2CC2)nc(NC(=O)Nc2ccc3occc3c2)n1","7.139727674823814","7.512516576800023","7.139727674823814","7.326122125811919","0.6798402457275408","2.413911064859583","3.749520000000001","results/baselines/polygon_original/formal_10240_seed44/anytime/budget_10240/quality_constrained/quality_annotated_molecules.csv","","-7.6","","-10.1","-7.6","-10.1","-7.6","-8.85","True","0.4528301886792453","0.5471698113207547","True"
"pairA","EGFR/VEGFR2","POLYGON","polygon_original","44","7","POL_AS44_07","COC(=O)Nc1cc(N(C)C(C)c2ccco2)ncn1","7.134101877999999","7.249176680500004","7.134101877999999","7.191639279250001","0.923400533450584","3.1357246355415658","2.4453000000000005","results/baselines/polygon_original/formal_10240_seed44/anytime/budget_10240/quality_constrained/quality_annotated_molecules.csv","","-6.3","","-8.1","-6.3","-8.1","-6.3","-7.199999999999999","False","0.5185185185185185","0.4814814814814815","True"
"pairA","EGFR/VEGFR2","POLYGON","polygon_original","44","8","POL_AS44_08","Cc1ccnn1-c1nccc(C(F)(F)C(=O)NCc2cc(C(C)(C)C)on2)n1","7.278117071833327","7.128887873000016","7.128887873000016","7.203502472416671","0.7191504129247079","3.17359056164568","2.6644200000000007","results/baselines/polygon_original/formal_10240_seed44/anytime/budget_10240/quality_constrained/quality_annotated_molecules.csv","","-7.9","","-9.6","-7.9","-9.6","-7.9","-8.75","True","0.4","0.6","True"
"pairA","EGFR/VEGFR2","POLYGON","polygon_original","44","9","POL_AS44_09","Cc1cc(C(C)C)nc(NC(=O)NCc2ccco2)n1","7.111365500333327","7.121203330500007","7.111365500333327","7.116284415416667","0.89799692610741","2.332245190995833","2.8231200000000003","results/baselines/polygon_original/formal_10240_seed44/anytime/budget_10240/quality_constrained/quality_annotated_molecules.csv","","-6.8","","-8.3","-6.8","-8.3","-6.8","-7.550000000000001","False","0.6153846153846154","0.3846153846153846","True"
"pairA","EGFR/VEGFR2","POLYGON","polygon_original","44","10","POL_AS44_10","Cc1cc2nc(N3CCN(S(=O)(=O)C(F)F)CC3)nc(-c3ccco3)n2n1","7.147222776999983","7.084388183000026","7.084388183000026","7.115805480000004","0.6547068408521549","2.8943694841052263","1.36712","results/baselines/polygon_original/formal_10240_seed44/anytime/budget_10240/quality_constrained/quality_annotated_molecules.csv","","-8.4","","-7.8","-8.4","-7.8","-7.8","-8.1","True","0.42857142857142855","0.5714285714285714","True"
"pairA","EGFR/VEGFR2","POLYGON","polygon_original","45","1","POL_AS45_01","COc1cc(NC(=O)Nc2ccc3c(c2)N(C(=O)N(C)C(C)C)C3)ccn1","7.799673735283303","7.740685701600012","7.740685701600012","7.770179718441657","0.8633003833752751","2.61234750029956","3.514400000000002","results/baselines/polygon_original/formal_10240_seed45/anytime/budget_10240/quality_constrained/quality_annotated_molecules.csv","","-7.6","","-9.4","-7.6","-9.4","-7.6","-8.5","True","0.4366197183098591","0.563380281690141","True"
"pairA","EGFR/VEGFR2","POLYGON","polygon_original","45","2","POL_AS45_02","Cc1ccsc1C(=O)NC(C)c1cc(-c2ncco2)no1","7.742846326333312","7.541860909666652","7.541860909666652","7.642353617999982","0.8001583358524533","3.2506059221207595","3.190520000000001","results/baselines/polygon_original/formal_10240_seed45/anytime/budget_10240/quality_constrained/quality_annotated_molecules.csv","","-7.0","","-7.2","-7.0","-7.2","-7.0","-7.1","True","0.4838709677419355","0.5161290322580645","True"
"pairA","EGFR/VEGFR2","POLYGON","polygon_original","45","3","POL_AS45_03","Cn1cnc(CNC(=O)Nc2cccc(-c3ccco3)c2)n1","7.336816767666683","7.276017563666671","7.276017563666671","7.306417165666675","0.7740486451450418","2.4493394629559866","2.3968","results/baselines/polygon_original/formal_10240_seed45/anytime/budget_10240/quality_constrained/quality_annotated_molecules.csv","","-7.6","","-9.4","-7.6","-9.4","-7.6","-8.5","True","0.7368421052631579","0.26315789473684215","True"
"pairA","EGFR/VEGFR2","POLYGON","polygon_original","45","4","POL_AS45_04","O=S(=O)(NC1CC1)c1ccc(-c2ccco2)cc1Nc1nccs1","7.479858755000005","7.22690051300002","7.22690051300002","7.353379634000012","0.7008536061463648","2.490217419374634","3.5874000000000024","results/baselines/polygon_original/formal_10240_seed45/anytime/budget_10240/quality_constrained/quality_annotated_molecules.csv","","-7.6","","-7.7","-7.6","-7.7","-7.6","-7.65","True","0.4393939393939394","0.5606060606060606","True"
"pairA","EGFR/VEGFR2","POLYGON","polygon_original","45","5","POL_AS45_05","Cc1ccsc1C(=O)Nc1ccc2ccnc(N(C)C)c2c1","7.778676923049978","7.206233019466682","7.206233019466682","7.492454971258329","0.7970688433351418","2.2814913472611984","3.923020000000002","results/baselines/polygon_original/formal_10240_seed45/anytime/budget_10240/quality_constrained/quality_annotated_molecules.csv","","-8.0","","-9.1","-8.0","-9.1","-8.0","-8.55","True","0.5294117647058824","0.47058823529411764","True"
"pairA","EGFR/VEGFR2","POLYGON","polygon_original","45","6","POL_AS45_06","NC(=O)c1ccc(F)cc1Nc1nc(-c2ccco2)nc(N2CCCCC2)n1","7.338625704999983","7.1985364970000125","7.1985364970000125","7.268581100999998","0.6974586926318521","2.4469015617566807","3.1035000000000004","results/baselines/polygon_original/formal_10240_seed45/anytime/budget_10240/quality_constrained/quality_annotated_molecules.csv","","-9.0","","-9.2","-9.0","-9.2","-9.0","-9.1","True","0.4507042253521127","0.5492957746478873","True"
"pairA","EGFR/VEGFR2","POLYGON","polygon_original","45","7","POL_AS45_07","Cc1ccsc1NC(=O)NCc1ccnc(OC2CC(C)C2)c1","7.604316860166642","7.190664230566671","7.190664230566671","7.397490545366656","0.8717536110597796","2.585877761139514","3.950520000000002","results/baselines/polygon_original/formal_10240_seed45/anytime/budget_10240/quality_constrained/quality_annotated_molecules.csv","","-7.7","","-9.4","-7.7","-9.4","-7.7","-8.55","True","0.5873015873015873","0.4126984126984127","True"
"pairA","EGFR/VEGFR2","POLYGON","polygon_original","45","8","POL_AS45_08","CNS(=O)(=O)Nc1ccnc(Nc2ccc3nc(C)ccc3n2)c1","7.181519820300023","7.268911640000022","7.181519820300023","7.225215730150023","0.652643271211655","2.561322170505856","1.9529199999999995","results/baselines/polygon_original/formal_10240_seed45/anytime/budget_10240/quality_constrained/quality_annotated_molecules.csv","","-7.7","","-9.4","-7.7","-9.4","-7.7","-8.55","True","0.35384615384615387","0.6461538461538461","True"
"pairA","EGFR/VEGFR2","POLYGON","polygon_original","45","9","POL_AS45_09","COC(=O)CCC(=O)Nc1cc(Nc2nccs2)ccn1","7.163410737933343","7.418537819966678","7.163410737933343","7.29097427895001","0.7945007622085792","2.3161082358167864","2.1734","results/baselines/polygon_original/formal_10240_seed45/anytime/budget_10240/quality_constrained/quality_annotated_molecules.csv","","-6.7","","-7.5","-6.7","-7.5","-6.7","-7.1","False","0.6326530612244898","0.36734693877551017","True"
"pairA","EGFR/VEGFR2","POLYGON","polygon_original","45","10","POL_AS45_10","CC(C)c1cccc(C(N)C(=O)Nc2ccnc(-c3ccco3)n2)c1","7.150538556083322","7.332172080000014","7.150538556083322","7.241355318041668","0.743478363530966","2.866766874809977","3.498500000000001","results/baselines/polygon_original/formal_10240_seed45/anytime/budget_10240/quality_constrained/quality_annotated_molecules.csv","","-7.9","","-9.2","-7.9","-9.2","-7.9","-8.55","True","0.4626865671641791","0.5373134328358209","True"
"pairA","EGFR/VEGFR2","POLYGON","polygon_original","46","1","POL_AS46_01","CCC(C)n1ncnc1NC(=O)Nc1ccc(F)c(C(F)(F)F)c1","7.421781719273815","7.425545802999999","7.421781719273815","7.423663761136907","0.8213320657378588","3.067674099761448","4.051000000000003","results/baselines/polygon_original/formal_10240_seed46/anytime/budget_10240/quality_constrained/quality_annotated_molecules.csv","","-7.2","","-9.5","-7.2","-9.5","-7.2","-8.35","True","0.5370370370370371","0.4629629629629629","True"
"pairA","EGFR/VEGFR2","POLYGON","polygon_original","46","2","POL_AS46_02","COC(=O)Nc1ccnc(NC(=O)Nc2cc3c(F)cccc3s2)n1","7.369948330233334","7.484060941133348","7.369948330233334","7.427004635683341","0.6602539264445997","2.5888681375850933","3.652700000000001","results/baselines/polygon_original/formal_10240_seed46/anytime/budget_10240/quality_constrained/quality_annotated_molecules.csv","","-8.0","","-10.0","-8.0","-10.0","-8.0","-9.0","True","0.4354838709677419","0.5645161290322581","True"
"pairA","EGFR/VEGFR2","POLYGON","polygon_original","46","3","POL_AS46_03","Cc1ccnc(NC(=O)CS(=O)(=O)c2sccc2C)c1","7.833540325966635","7.294200997466678","7.294200997466678","7.563870661716656","0.938738928380242","2.560108242943885","2.17234","results/baselines/polygon_original/formal_10240_seed46/anytime/budget_10240/quality_constrained/quality_annotated_molecules.csv","","-6.9","","-8.4","-6.9","-8.4","-6.9","-7.65","False","0.6458333333333334","0.35416666666666663","True"
"pairA","EGFR/VEGFR2","POLYGON","polygon_original","46","4","POL_AS46_04","COC(=O)Nc1cc(NC(=O)c2ccncc2C(C)C)ccn1","7.232427505923808","7.432376505","7.232427505923808","7.332402005461904","0.9044470346134208","2.354528234512294","3.030600000000001","results/baselines/polygon_original/formal_10240_seed46/anytime/budget_10240/quality_constrained/quality_annotated_molecules.csv","","-7.1","","-8.9","-7.1","-8.9","-7.1","-8.0","True","0.5","0.5","True"
"pairA","EGFR/VEGFR2","POLYGON","polygon_original","46","5","POL_AS46_05","O=C(Nc1ccc2c(F)cccc2c1)Nc1nccs1","7.194059063816668","7.313339810333338","7.194059063816668","7.253699437075003","0.7458637957044078","2.0575720288131887","4.0794000000000015","results/baselines/polygon_original/formal_10240_seed46/anytime/budget_10240/quality_constrained/quality_annotated_molecules.csv","","-7.8","","-9.2","-7.8","-9.2","-7.8","-8.5","True","0.6956521739130435","0.30434782608695654","True"
"pairA","EGFR/VEGFR2","POLYGON","polygon_original","46","6","POL_AS46_06","Cc1ccnc(NC(=O)c2csc(Nc3nccs3)n2)c1","7.24520560296668","7.163179708050014","7.163179708050014","7.204192655508347","0.7715377867775047","2.437321552336332","3.2989200000000007","results/baselines/polygon_original/formal_10240_seed46/anytime/budget_10240/quality_constrained/quality_annotated_molecules.csv","","-6.7","","-8.5","-6.7","-8.5","-6.7","-7.6","False","0.6078431372549019","0.3921568627450981","True"
"pairA","EGFR/VEGFR2","POLYGON","polygon_original","46","7","POL_AS46_07","COC(=O)NCCc1cc(Nc2nc[nH]n2)nc(-c2ccco2)n1","7.106173881750012","7.140881423500002","7.106173881750012","7.123527652625008","0.6197761935445203","3.0927440127812265","1.4967999999999997","results/baselines/polygon_original/formal_10240_seed46/anytime/budget_10240/quality_constrained/quality_annotated_molecules.csv","","-7.3","","-7.7","-7.3","-7.7","-7.3","-7.5","True","0.4266666666666667","0.5733333333333333","True"
"pairA","EGFR/VEGFR2","POLYGON","polygon_original","46","8","POL_AS46_08","O=S(=O)(NCc1ccco1)c1cccc(Nc2ncccn2)c1","7.105679142000015","7.29559040250003","7.105679142000015","7.200634772250023","0.7195693372724413","2.1513622758440984","2.2917000000000005","results/baselines/polygon_original/formal_10240_seed46/anytime/budget_10240/quality_constrained/quality_annotated_molecules.csv","","-7.6","","-8.5","-7.6","-8.5","-7.6","-8.05","True","0.6274509803921569","0.37254901960784315","True"
"pairA","EGFR/VEGFR2","POLYGON","polygon_original","46","9","POL_AS46_09","Cc1ccsc1-c1cc(NC(=O)NCc2cscn2)cnn1","7.631842707833318","7.098393556999981","7.098393556999981","7.365118132416649","0.768600663380685","2.848333693725218","3.2917200000000006","results/baselines/polygon_original/formal_10240_seed46/anytime/budget_10240/quality_constrained/quality_annotated_molecules.csv","","-7.1","","-8.5","-7.1","-8.5","-7.1","-7.8","True","0.5423728813559322","0.4576271186440678","True"
"pairA","EGFR/VEGFR2","POLYGON","polygon_original","46","10","POL_AS46_10","Cc1coc(=O)n1CCC(=O)Nc1cc(Nc2nccs2)ccn1","7.096179990266675","7.497529850666682","7.096179990266675","7.296854920466679","0.7109898228330451","2.860573941113765","2.3736200000000007","results/baselines/polygon_original/formal_10240_seed46/anytime/budget_10240/quality_constrained/quality_annotated_molecules.csv","","-7.3","","-8.8","-7.3","-8.8","-7.3","-8.05","True","0.5166666666666667","0.4833333333333333","True"
"pairA","EGFR/VEGFR2","POLYGON","polygon_original","47","1","POL_AS47_01","Cc1cc(NC(=O)Nc2ccc(-c3nc(C4CC4)no3)o2)ccn1","7.452304229166663","7.72943386522382","7.452304229166663","7.590869047195241","0.7594465501676134","2.7512916668662726","3.554420000000002","results/baselines/polygon_original/formal_10240_seed47/anytime/budget_10240/quality_constrained/quality_annotated_molecules.csv","","-8.0","","-10.1","-8.0","-10.1","-8.0","-9.05","True","0.4558823529411764","0.5441176470588236","True"
"pairA","EGFR/VEGFR2","POLYGON","polygon_original","47","2","POL_AS47_02","O=C(Nc1sccc1-c1ccco1)c1cc2nccnc2s1","7.365879612733325","7.244949386666661","7.244949386666661","7.305414499699993","0.6101104428943624","2.6860880909145664","4.265100000000002","results/baselines/polygon_original/formal_10240_seed47/anytime/budget_10240/quality_constrained/quality_annotated_molecules.csv","","-7.7","","-7.9","-7.7","-7.9","-7.7","-7.800000000000001","True","0.4666666666666667","0.5333333333333333","True"
"pairA","EGFR/VEGFR2","POLYGON","polygon_original","47","3","POL_AS47_03","CCS(=O)(=O)Nc1ccnc(Nc2cnn(C3CCOCC3)n2)c1","7.305681183766683","7.17122796400001","7.17122796400001","7.238454573883346","0.8107033186487824","3.0181913324181124","1.5297999999999998","results/baselines/polygon_original/formal_10240_seed47/anytime/budget_10240/quality_constrained/quality_annotated_molecules.csv","","-7.3","","-8.3","-7.3","-8.3","-7.3","-7.800000000000001","True","0.4153846153846154","0.5846153846153845","True"
"pairA","EGFR/VEGFR2","POLYGON","polygon_original","47","4","POL_AS47_04","COC(=O)c1nc(Cc2cc(NS(C)(=O)=O)ccn2)cs1","7.121201768190467","7.470184818133352","7.121201768190467","7.295693293161909","0.8309251719753616","2.599843620432169","1.287","results/baselines/polygon_original/formal_10240_seed47/anytime/budget_10240/quality_constrained/quality_annotated_molecules.csv","","-6.2","","-7.5","-6.2","-7.5","-6.2","-6.85","False","0.42592592592592593","0.5740740740740741","True"
"pairA","EGFR/VEGFR2","POLYGON","polygon_original","47","5","POL_AS47_05","O=C(Nc1c[nH]c(=O)cn1)c1cccc(OCC(=O)N2CCCCC2)c1","7.120948661083319","7.173160979999997","7.120948661083319","7.147054820541658","0.8428875173315064","2.321841797155969","1.413499999999999","results/baselines/polygon_original/formal_10240_seed47/anytime/budget_10240/quality_constrained/quality_annotated_molecules.csv","","-8.1","","-10.2","-8.1","-10.2","-8.1","-9.149999999999999","True","0.5833333333333334","0.41666666666666663","True"
"pairA","EGFR/VEGFR2","POLYGON","polygon_original","47","6","POL_AS47_06","CS(=O)(=O)N1CCCCC1CC(=O)Nc1ccnc(Cc2ccco2)c1","7.10488307754046","7.722401970500007","7.10488307754046","7.413642524020234","0.8344452905417625","3.014344826495286","2.4081","results/baselines/polygon_original/formal_10240_seed47/anytime/budget_10240/quality_constrained/quality_annotated_molecules.csv","","-7.7","","-9.3","-7.7","-9.3","-7.7","-8.5","True","0.4925373134328358","0.5074626865671642","True"
"pairA","EGFR/VEGFR2","POLYGON","polygon_original","47","7","POL_AS47_07","CC(C)c1csc(Nc2ccc3ncn(C)c3c2)n1","7.101815266999999","7.178169301500003","7.101815266999999","7.139992284250001","0.7860690816173117","2.4451950973706715","3.8968000000000025","results/baselines/polygon_original/formal_10240_seed47/anytime/budget_10240/quality_constrained/quality_annotated_molecules.csv","","-6.8","","-8.1","-6.8","-8.1","-6.8","-7.449999999999999","False","0.4153846153846154","0.5846153846153845","True"
"pairA","EGFR/VEGFR2","POLYGON","polygon_original","47","8","POL_AS47_08","CN(C)c1nc2ccc(NC(=O)C3CSc4nccnc4N3)cc2[nH]1","7.098332992673813","7.100572005499988","7.098332992673813","7.0994524990869","0.6602180075652025","3.537415845557539","1.9437999999999995","results/baselines/polygon_original/formal_10240_seed47/anytime/budget_10240/quality_constrained/quality_annotated_molecules.csv","","-7.5","","-8.1","-7.5","-8.1","-7.5","-7.8","True","0.39473684210526316","0.6052631578947368","True"
"pairA","EGFR/VEGFR2","POLYGON","polygon_original","47","9","POL_AS47_09","Cc1noc(C(C)S(=O)(=O)c2cc(-c3ccoc3)on2)n1","7.203028453000001","7.076963087000012","7.076963087000012","7.139995770000006","0.7201637222274333","3.714922962537969","2.16092","results/baselines/polygon_original/formal_10240_seed47/anytime/budget_10240/quality_constrained/quality_annotated_molecules.csv","","-7.1","","-8.1","-7.1","-8.1","-7.1","-7.6","True","0.5","0.5","True"
"pairA","EGFR/VEGFR2","POLYGON","polygon_original","47","10","POL_AS47_10","Cc1ccsc1CN(CCO)C(=O)Nc1cnc2occc2c1","7.751730728333315","7.070907214000007","7.070907214000007","7.411318971166661","0.7522192235370675","2.774569143603204","3.224120000000001","results/baselines/polygon_original/formal_10240_seed47/anytime/budget_10240/quality_constrained/quality_annotated_molecules.csv","","-7.0","","-7.4","-7.0","-7.4","-7.0","-7.2","True","0.44776119402985076","0.5522388059701493","True"
"pairA","EGFR/VEGFR2","POLYGON","polygon_original","48","1","POL_AS48_01","CSc1cccc2cnc(Nc3nncs3)cc12","7.605993012333358","7.571242278000004","7.571242278000004","7.588617645166681","0.740124175500271","2.74191034616608","3.551800000000001","results/baselines/polygon_original/formal_10240_seed48/anytime/budget_10240/quality_constrained/quality_annotated_molecules.csv","","-7.5","","-7.8","-7.5","-7.8","-7.5","-7.65","True","0.4150943396226415","0.5849056603773586","True"
"pairA","EGFR/VEGFR2","POLYGON","polygon_original","48","2","POL_AS48_02","COc1cc(Nc2nccs2)ccc1NC(=O)NCc1ccco1","7.399774750166692","7.393968322999989","7.393968322999989","7.39687153658334","0.6326766885369871","2.21533302377024","3.8100000000000014","results/baselines/polygon_original/formal_10240_seed48/anytime/budget_10240/quality_constrained/quality_annotated_molecules.csv","","-7.0","","-8.0","-7.0","-8.0","-7.0","-7.5","True","0.639344262295082","0.360655737704918","True"
"pairA","EGFR/VEGFR2","POLYGON","polygon_original","48","3","POL_AS48_03","O=S(=O)(NCc1ccco1)c1cccc(Nc2nccs2)c1","7.296360148500015","7.355158864500027","7.296360148500015","7.325759506500021","0.7233422213139011","2.2296810494944506","2.9582000000000006","results/baselines/polygon_original/formal_10240_seed48/anytime/budget_10240/quality_constrained/quality_annotated_molecules.csv","","-7.1","","-8.2","-7.1","-8.2","-7.1","-7.6499999999999995","True","0.5818181818181818","0.4181818181818182","True"
"pairA","EGFR/VEGFR2","POLYGON","polygon_original","48","4","POL_AS48_04","O=C(Nc1cccc(N2CCOC2=O)c1)c1ccnc2ccsc12","7.303203780307136","7.28637436100001","7.28637436100001","7.294789070653573","0.7925586785447526","2.4130956611328767","3.505200000000002","results/baselines/polygon_original/formal_10240_seed48/anytime/budget_10240/quality_constrained/quality_annotated_molecules.csv","","-8.0","","-9.8","-8.0","-9.8","-8.0","-8.9","True","0.6166666666666667","0.3833333333333333","True"
"pairA","EGFR/VEGFR2","POLYGON","polygon_original","48","5","POL_AS48_05","COc1cc(NC(=O)Nc2sccc2-c2ccco2)ncn1","7.268459267249995","7.567953467500003","7.268459267249995","7.418206367374999","0.7692136612735158","2.594985857186757","3.450700000000001","results/baselines/polygon_original/formal_10240_seed48/anytime/budget_10240/quality_constrained/quality_annotated_molecules.csv","","-7.0","","-8.4","-7.0","-8.4","-7.0","-7.7","True","0.5818181818181818","0.4181818181818182","True"
"pairA","EGFR/VEGFR2","POLYGON","polygon_original","48","6","POL_AS48_06","O=C(Nc1cccc(N2CCOC2=O)c1)Nc1ncc(-c2nccs2)s1","7.259459340857137","7.296359165","7.259459340857137","7.277909252928568","0.7083854439047659","2.6451199752936194","3.867200000000002","results/baselines/polygon_original/formal_10240_seed48/anytime/budget_10240/quality_constrained/quality_annotated_molecules.csv","","-7.6","","-10.4","-7.6","-10.4","-7.6","-9.0","True","0.6086956521739131","0.3913043478260869","True"
"pairA","EGFR/VEGFR2","POLYGON","polygon_original","48","7","POL_AS48_07","O=C(NCc1ccco1)Nc1cccc(Nc2ncccn2)c1","7.205662139000023","7.2992377301666815","7.205662139000023","7.252449934583352","0.6731411065755583","2.0667664698064137","3.134900000000001","results/baselines/polygon_original/formal_10240_seed48/anytime/budget_10240/quality_constrained/quality_annotated_molecules.csv","","-7.9","","-9.4","-7.9","-9.4","-7.9","-8.65","True","0.7142857142857143","0.2857142857142857","True"
"pairA","EGFR/VEGFR2","POLYGON","polygon_original","48","8","POL_AS48_08","CNC(=O)c1ncnc(Nc2cccc(-c3ccco3)c2)c1F","7.49844878650002","7.189432541266678","7.189432541266678","7.343940663883348","0.7739238190902906","2.440188724022784","2.978900000000001","results/baselines/polygon_original/formal_10240_seed48/anytime/budget_10240/quality_constrained/quality_annotated_molecules.csv","","-7.8","","-9.8","-7.8","-9.8","-7.8","-8.8","True","0.4057971014492754","0.5942028985507246","True"
"pairA","EGFR/VEGFR2","POLYGON","polygon_original","48","9","POL_AS48_09","NC(=O)c1nccnc1Nc1ccnc(-c2ccco2)c1","7.186321445633333","7.199490713000014","7.186321445633333","7.192906079316673","0.7567308695081387","2.5002852345557507","1.9740999999999995","results/baselines/polygon_original/formal_10240_seed48/anytime/budget_10240/quality_constrained/quality_annotated_molecules.csv","","-7.8","","-8.3","-7.8","-8.3","-7.8","-8.05","True","0.421875","0.578125","True"
"pairA","EGFR/VEGFR2","POLYGON","polygon_original","48","10","POL_AS48_10","CS(=O)(=O)c1ccnc(Nc2cncc3ccccc23)c1","7.162012294000028","7.45517272300003","7.162012294000028","7.308592508500029","0.8048374972625654","2.221172081970632","2.7769000000000013","results/baselines/polygon_original/formal_10240_seed48/anytime/budget_10240/quality_constrained/quality_annotated_molecules.csv","","-7.9","","-8.7","-7.9","-8.7","-7.9","-8.3","True","0.46938775510204084","0.5306122448979591","True"
"pairA","EGFR/VEGFR2","POLYGON","polygon_original","49","1","POL_AS49_01","Cc1csnc1C(NC(=O)Nc1ccnc(Oc2cccnc2)c1)C1CC1","7.548517308299967","7.546200686833361","7.546200686833361","7.547358997566664","0.6641874224351193","3.3927302161893333","4.306620000000002","results/baselines/polygon_original/formal_10240_seed49/anytime/budget_10240/quality_constrained/quality_annotated_molecules.csv","","-7.4","","-9.4","-7.4","-9.4","-7.4","-8.4","True","0.4868421052631579","0.513157894736842","True"
"pairA","EGFR/VEGFR2","POLYGON","polygon_original","49","2","POL_AS49_02","Cc1ccsc1C(=O)Nc1cc(-c2ccco2)no1","7.8360664616666496","7.387697449499992","7.387697449499992","7.611881955583321","0.7925303197175159","2.511512160307735","3.556820000000001","results/baselines/polygon_original/formal_10240_seed49/anytime/budget_10240/quality_constrained/quality_annotated_molecules.csv","","-7.2","","-8.8","-7.2","-8.8","-7.2","-8.0","True","0.76","0.24","True"
"pairA","EGFR/VEGFR2","POLYGON","polygon_original","49","3","POL_AS49_03","Cc1ccsc1CNC(=O)N(C)Cc1ccnc(N(C)C)c1","7.541648885833301","7.360396755200007","7.360396755200007","7.451022820516654","0.9220086448676442","2.5024542525209323","2.8591200000000008","results/baselines/polygon_original/formal_10240_seed49/anytime/budget_10240/quality_constrained/quality_annotated_molecules.csv","","-6.5","","-8.0","-6.5","-8.0","-6.5","-7.25","False","0.6071428571428571","0.3928571428571429","True"
"pairA","EGFR/VEGFR2","POLYGON","polygon_original","49","4","POL_AS49_04","CC(CNC(=O)NCc1cnc2n1CCC2)c1cc(-c2ccco2)no1","7.234605471333318","7.473047122000012","7.234605471333318","7.353826296666665","0.7082838756461405","3.465322034067232","2.680200000000001","results/baselines/polygon_original/formal_10240_seed49/anytime/budget_10240/quality_constrained/quality_annotated_molecules.csv","","-7.7","","-10.1","-7.7","-10.1","-7.7","-8.9","True","0.41975308641975306","0.5802469135802469","True"
"pairA","EGFR/VEGFR2","POLYGON","polygon_original","49","5","POL_AS49_05","CCCn1nc(Nc2ccnc(S(C)(=O)=O)c2)cc1N1CCCC1","7.268268624250004","7.22519973900002","7.22519973900002","7.246734181625012","0.8626681203899291","2.793642306252462","2.4354000000000005","results/baselines/polygon_original/formal_10240_seed49/anytime/budget_10240/quality_constrained/quality_annotated_molecules.csv","","-7.1","","-8.4","-7.1","-8.4","-7.1","-7.75","True","0.3709677419354839","0.6290322580645161","True"
"pairA","EGFR/VEGFR2","POLYGON","polygon_original","49","6","POL_AS49_06","O=C(Nc1cccc(C(F)F)c1)Nc1nc(-c2ccco2)cs1","7.219537004857135","7.585963463833342","7.219537004857135","7.4027502343452385","0.7060360154375469","2.2974432694773306","4.984700000000002","results/baselines/polygon_original/formal_10240_seed49/anytime/budget_10240/quality_constrained/quality_annotated_molecules.csv","","-7.7","","-9.7","-7.7","-9.7","-7.7","-8.7","True","0.5517241379310345","0.4482758620689655","True"
"pairA","EGFR/VEGFR2","POLYGON","polygon_original","49","7","POL_AS49_07","O=C(NCc1ccco1)Nc1cccc(Nc2ncccn2)c1","7.205662139000021","7.29923773016668","7.205662139000021","7.25244993458335","0.6731411065755583","2.0667664698064137","3.134900000000001","results/baselines/polygon_original/formal_10240_seed49/anytime/budget_10240/quality_constrained/quality_annotated_molecules.csv","","-7.9","","-9.4","-7.9","-9.4","-7.9","-8.65","True","0.7142857142857143","0.2857142857142857","True"
"pairA","EGFR/VEGFR2","POLYGON","polygon_original","49","8","POL_AS49_08","O=C(Nc1ccnc(C(F)F)c1)Nc1nc(-c2ccco2)cs1","7.195637666357125","7.662286715633344","7.195637666357125","7.428962190995234","0.7407742932459327","2.524025087659149","4.379700000000001","results/baselines/polygon_original/formal_10240_seed49/anytime/budget_10240/quality_constrained/quality_annotated_molecules.csv","","-7.2","","-9.6","-7.2","-9.6","-7.2","-8.4","True","0.5535714285714286","0.4464285714285714","True"
"pairA","EGFR/VEGFR2","POLYGON","polygon_original","49","9","POL_AS49_09","O=C(NCc1ccco1)Nc1ccnc(Nc2ccccc2F)c1","7.174468174466694","7.308748043299996","7.174468174466694","7.241608108883344","0.6646427870126318","2.1140741226713384","3.879000000000002","results/baselines/polygon_original/formal_10240_seed49/anytime/budget_10240/quality_constrained/quality_annotated_molecules.csv","","-7.8","","-9.9","-7.8","-9.9","-7.8","-8.85","True","0.5964912280701754","0.4035087719298246","True"
"pairA","EGFR/VEGFR2","POLYGON","polygon_original","49","10","POL_AS49_10","CCc1nc2ccc(NC(=O)Nc3sccc3C)cc2nc1C","7.660061517299968","7.171657127333351","7.171657127333351","7.41585932231666","0.743664763156669","2.43087539427561","4.514540000000003","results/baselines/polygon_original/formal_10240_seed49/anytime/budget_10240/quality_constrained/quality_annotated_molecules.csv","","-8.1","","-9.7","-8.1","-9.7","-8.1","-8.899999999999999","True","0.48148148148148145","0.5185185185185186","True"
"pairA","EGFR/VEGFR2","POLYGON","polygon_original","50","1","POL_AS50_01","O=C(NCc1ccco1)Nc1cccc(Nc2nccs2)c1","7.435544514333356","7.371585143166678","7.371585143166678","7.403564828750017","0.6689992057368248","2.1395335347015507","3.801400000000002","results/baselines/polygon_original/formal_10240_seed50/anytime/budget_10240/quality_constrained/quality_annotated_molecules.csv","","-7.2","","-8.7","-7.2","-8.7","-7.2","-7.949999999999999","True","0.6481481481481481","0.35185185185185186","True"
"pairA","EGFR/VEGFR2","POLYGON","polygon_original","50","2","POL_AS50_02","Cc1ccsc1CNC(=O)Nc1ccnc(C2CC2)c1","7.699377742966644","7.293061487533331","7.293061487533331","7.496219615249988","0.9015001525719766","2.4128267265655268","3.6506200000000018","results/baselines/polygon_original/formal_10240_seed50/anytime/budget_10240/quality_constrained/quality_annotated_molecules.csv","","-6.7","","-8.3","-6.7","-8.3","-6.7","-7.5","False","0.5769230769230769","0.42307692307692313","True"
"pairA","EGFR/VEGFR2","POLYGON","polygon_original","50","3","POL_AS50_03","Cc1[nH]c(=O)cc(Nc2ccc(-c3nccs3)cn2)c1C","7.238322216833358","7.189696623000004","7.189696623000004","7.214009419916681","0.7783688072802416","2.690833620432169","3.253840000000001","results/baselines/polygon_original/formal_10240_seed50/anytime/budget_10240/quality_constrained/quality_annotated_molecules.csv","","-7.9","","-8.8","-7.9","-8.8","-7.9","-8.350000000000001","True","0.390625","0.609375","True"
"pairA","EGFR/VEGFR2","POLYGON","polygon_original","50","4","POL_AS50_04","COc1ccnc(OCC(=O)N(CCN2CCOCC2)C2CC2)c1","7.7029917449999745","7.151194667666673","7.151194667666673","7.427093206333324","0.6999226430436095","2.4016200949599185","0.7922000000000005","results/baselines/polygon_original/formal_10240_seed50/anytime/budget_10240/quality_constrained/quality_annotated_molecules.csv","","-6.3","","-7.4","-6.3","-7.4","-6.3","-6.85","False","0.49295774647887325","0.5070422535211268","True"
"pairA","EGFR/VEGFR2","POLYGON","polygon_original","50","5","POL_AS50_05","Cc1csc(Nc2cc3c(NC(=O)N(C)C)cccc3cn2)n1","7.802385980333362","7.117080499999997","7.117080499999997","7.459733240166679","0.7666754569313988","2.446434210843657","3.836820000000001","results/baselines/polygon_original/formal_10240_seed50/anytime/budget_10240/quality_constrained/quality_annotated_molecules.csv","","-8.0","","-8.6","-8.0","-8.6","-8.0","-8.3","True","0.453125","0.546875","True"
"pairA","EGFR/VEGFR2","POLYGON","polygon_original","50","6","POL_AS50_06","COCC(CO)NC(=O)Nc1ccnc(N2CCCCCC2=O)c1","7.10307802999048","7.389199052166683","7.10307802999048","7.246138541078581","0.7220260120204439","2.908889947307566","1.1173999999999993","results/baselines/polygon_original/formal_10240_seed50/anytime/budget_10240/quality_constrained/quality_annotated_molecules.csv","","-7.8","","-7.7","-7.8","-7.7","-7.7","-7.75","True","0.5074626865671642","0.4925373134328358","True"
"pairA","EGFR/VEGFR2","POLYGON","polygon_original","50","7","POL_AS50_07","Cc1csc(Nc2cccc(NS(=O)(=O)Cc3ccco3)c2)n1","7.0971763430000046","7.294631855000019","7.0971763430000046","7.195904099000012","0.7082166019048612","2.4055481645822265","3.7300200000000014","results/baselines/polygon_original/formal_10240_seed50/anytime/budget_10240/quality_constrained/quality_annotated_molecules.csv","","-7.2","","-8.2","-7.2","-8.2","-7.2","-7.699999999999999","True","0.4918032786885246","0.5081967213114754","True"
"pairA","EGFR/VEGFR2","POLYGON","polygon_original","50","8","POL_AS50_08","Cc1ccsc1C(=O)Nc1nccc2cc(F)cnc12","7.347849406249979","7.094376503066673","7.094376503066673","7.221112954658325","0.7856852601311507","2.421197576767957","3.3911200000000017","results/baselines/polygon_original/formal_10240_seed50/anytime/budget_10240/quality_constrained/quality_annotated_molecules.csv","","-7.6","","-8.6","-7.6","-8.6","-7.6","-8.1","True","0.5178571428571429","0.4821428571428571","True"
"pairA","EGFR/VEGFR2","POLYGON","polygon_original","50","9","POL_AS50_09","CS(=O)(=O)Nc1ccc(-c2ccco2)cc1Nc1ccccn1","7.2929079216666945","7.0852978380000105","7.0852978380000105","7.189102879833353","0.7486912330644527","2.2666145981486583","3.456700000000001","results/baselines/polygon_original/formal_10240_seed50/anytime/budget_10240/quality_constrained/quality_annotated_molecules.csv","","-7.6","","-8.4","-7.6","-8.4","-7.6","-8.0","True","0.45","0.55","True"
"pairA","EGFR/VEGFR2","POLYGON","polygon_original","50","10","POL_AS50_10","CCN(Cc1ccco1)C(=O)Nc1cccnc1-n1nc(C)cc1C","7.082508726000005","7.220436937450008","7.082508726000005","7.151472831725006","0.7713161251289564","2.4330735547031868","3.5311400000000024","results/baselines/polygon_original/formal_10240_seed50/anytime/budget_10240/quality_constrained/quality_annotated_molecules.csv","","-7.7","","-7.7","-7.7","-7.7","-7.7","-7.7","True","0.6129032258064516","0.3870967741935484","True"
"pairA","EGFR/VEGFR2","POLYGON","polygon_original","51","1","POL_AS51_01","O=C(NCc1csc(-c2ncon2)c1)NCc1ccco1","7.133291101999981","7.253348265666658","7.133291101999981","7.19331968383332","0.7546161035310267","2.7881222804817973","2.3905000000000003","results/baselines/polygon_original/formal_10240_seed51/anytime/budget_10240/quality_constrained/quality_annotated_molecules.csv","","-6.9","","-8.4","-6.9","-8.4","-6.9","-7.65","False","0.509090909090909","0.49090909090909096","True"
"pairA","EGFR/VEGFR2","POLYGON","polygon_original","51","2","POL_AS51_02","O=C(Nc1ccccn1)c1cnc2c(c1)c(-c1ccco1)nn2C(F)F","7.13757572233332","7.117309258666673","7.117309258666673","7.1274424904999965","0.602712290891618","2.692710104848276","3.7337000000000025","results/baselines/polygon_original/formal_10240_seed51/anytime/budget_10240/quality_constrained/quality_annotated_molecules.csv","","-9.1","","-9.6","-9.1","-9.6","-9.1","-9.35","True","0.4923076923076923","0.5076923076923077","True"
"pairA","EGFR/VEGFR2","POLYGON","polygon_original","51","3","POL_AS51_03","CC(C)(C)OC(=O)Nc1cc(C(=O)NC2CC2)ccn1","7.081913990099996","7.124002021323809","7.081913990099996","7.102958005711903","0.8881395484248814","2.038779897955539","2.3208","results/baselines/polygon_original/formal_10240_seed51/anytime/budget_10240/quality_constrained/quality_annotated_molecules.csv","","-6.9","","-8.3","-6.9","-8.3","-6.9","-7.6000000000000005","False","0.6521739130434783","0.34782608695652173","True"
"pairA","EGFR/VEGFR2","POLYGON","polygon_original","51","4","POL_AS51_04","Cc1cc(-c2csc(NC(=O)c3sccc3C)n2)ccn1","7.673917046666642","7.081819326666671","7.081819326666671","7.377868186666657","0.7901785183783164","2.2754766973552467","4.135740000000002","results/baselines/polygon_original/formal_10240_seed51/anytime/budget_10240/quality_constrained/quality_annotated_molecules.csv","","-7.3","","-8.5","-7.3","-8.5","-7.3","-7.9","True","0.6862745098039216","0.3137254901960784","True"
"pairA","EGFR/VEGFR2","POLYGON","polygon_original","51","5","POL_AS51_05","Cc1csc(-n2nc(NC(=O)NC(C)c3ccccc3)cc2C)n1","7.07773665699999","7.128855744666681","7.07773665699999","7.103296200833336","0.7574141251576378","2.7722915310179737","3.8283400000000025","results/baselines/polygon_original/formal_10240_seed51/anytime/budget_10240/quality_constrained/quality_annotated_molecules.csv","","-7.9","","-9.5","-7.9","-9.5","-7.9","-8.7","True","0.6153846153846154","0.3846153846153846","True"
"pairA","EGFR/VEGFR2","POLYGON","polygon_original","51","6","POL_AS51_06","O=C(Nc1ccco1)Nc1ncnc2[nH]cnc12","7.618576814083312","7.0692536589999975","7.0692536589999975","7.343915236541655","0.6338039704026326","2.86136346663052","1.5898999999999996","results/baselines/polygon_original/formal_10240_seed51/anytime/budget_10240/quality_constrained/quality_annotated_molecules.csv","","-7.2","","-8.2","-7.2","-8.2","-7.2","-7.699999999999999","True","0.5098039215686274","0.4901960784313726","True"
"pairA","EGFR/VEGFR2","POLYGON","polygon_original","51","7","POL_AS51_07","O=C(Nc1cccc(N2CCCCc3ncnn3C2)c1)c1ccon1","7.0685434253333375","7.062454142333344","7.062454142333344","7.065498783833341","0.788203649567051","2.8265479097733177","2.3188000000000004","results/baselines/polygon_original/formal_10240_seed51/anytime/budget_10240/quality_constrained/quality_annotated_molecules.csv","","-8.7","","-8.7","-8.7","-8.7","-8.7","-8.7","True","0.6842105263157895","0.3157894736842105","True"
"pairA","EGFR/VEGFR2","POLYGON","polygon_original","51","8","POL_AS51_08","Cc1nccc(CNC(=O)Nc2cccc(C(C)n3cccn3)c2)n1","7.057476541749993","7.17614223580001","7.057476541749993","7.1168093887750015","0.7500906458042746","2.928686999403693","2.9125200000000016","results/baselines/polygon_original/formal_10240_seed51/anytime/budget_10240/quality_constrained/quality_annotated_molecules.csv","","-7.8","","-9.4","-7.8","-9.4","-7.8","-8.6","True","0.5645161290322581","0.4354838709677419","True"
"pairA","EGFR/VEGFR2","POLYGON","polygon_original","51","9","POL_AS51_09","CNC(=O)CC1CCN(C(=O)Nc2cc(-c3ccco3)nn2C)CC1","7.048163597333327","7.364983130833345","7.048163597333327","7.206573364083336","0.8870105030836329","2.544675504865701","2.0601","results/baselines/polygon_original/formal_10240_seed51/anytime/budget_10240/quality_constrained/quality_annotated_molecules.csv","","-7.7","","-9.2","-7.7","-9.2","-7.7","-8.45","True","0.5384615384615384","0.46153846153846156","True"
"pairA","EGFR/VEGFR2","POLYGON","polygon_original","51","10","POL_AS51_10","O=C(Nc1cccc(C(F)(F)F)c1)c1csc(-c2ccco2)n1","7.040906776590453","7.185610826416682","7.040906776590453","7.113258801503568","0.7546300938090156","2.1521778794827107","4.674200000000002","results/baselines/polygon_original/formal_10240_seed51/anytime/budget_10240/quality_constrained/quality_annotated_molecules.csv","","-7.5","","-9.7","-7.5","-9.7","-7.5","-8.6","True","0.6981132075471698","0.30188679245283023","True"
"pairA","EGFR/VEGFR2","REINVENT4","reinvent4","42","1","RNV_AS42_01","COCC(=O)NC(C)CCc1cc(Cl)ccn1","6.8615757933999895","7.220080872966666","6.8615757933999895","7.040828333183328","0.8447595743030492","2.6679428115160526","1.8187","results/baselines/reinvent4/formal_10240_seed42/anytime/budget_10240/quality_constrained/quality_annotated_molecules.csv","","-5.7","","-7.2","-5.7","-7.2","-5.7","-6.45","False","0.5","0.5","True"
"pairA","EGFR/VEGFR2","REINVENT4","reinvent4","42","2","RNV_AS42_02","Cc1ccnc(CC(C)NS(C)(=O)=O)c1","6.818182775999991","7.164102180000013","6.818182775999991","6.991142478000002","0.8315663608162897","2.803035420492506","0.8702199999999998","results/baselines/reinvent4/formal_10240_seed42/anytime/budget_10240/quality_constrained/quality_annotated_molecules.csv","","-6.2","","-7.1","-6.2","-7.1","-6.2","-6.65","False","0.5","0.5","True"
"pairA","EGFR/VEGFR2","REINVENT4","reinvent4","42","3","RNV_AS42_03","CS(=O)CC(Nc1cc(F)ccn1)c1ccccc1","6.811212626999993","7.155831068000008","6.811212626999993","6.9835218475000005","0.9141137254443544","3.260737347495332","2.752400000000001","results/baselines/reinvent4/formal_10240_seed42/anytime/budget_10240/quality_constrained/quality_annotated_molecules.csv","","-7.1","","-7.6","-7.1","-7.6","-7.1","-7.35","True","0.4615384615384615","0.5384615384615385","True"
"pairA","EGFR/VEGFR2","REINVENT4","reinvent4","42","4","RNV_AS42_04","CCCCS(=O)(=O)N1CCCN(CCOc2ccc(OC)cc2)CC1","6.799330722999998","6.832012528500004","6.799330722999998","6.815671625750001","0.6669980202608438","2.009662070412828","2.2116000000000007","results/baselines/reinvent4/formal_10240_seed42/anytime/budget_10240/quality_constrained/quality_annotated_molecules.csv","","-6.6","","-7.3","-6.6","-7.3","-6.6","-6.949999999999999","False","0.7083333333333334","0.29166666666666663","True"
"pairA","EGFR/VEGFR2","REINVENT4","reinvent4","42","5","RNV_AS42_05","CCCc1cc(CCNC(=O)Cc2ccon2)ncn1","6.7930577130000005","6.967982410666676","6.7930577130000005","6.880520061833338","0.8231619064174021","2.661283434648732","1.3184999999999998","results/baselines/reinvent4/formal_10240_seed42/anytime/budget_10240/quality_constrained/quality_annotated_molecules.csv","","-6.8","","-8.0","-6.8","-8.0","-6.8","-7.4","False","0.5555555555555556","0.4444444444444444","True"
"pairA","EGFR/VEGFR2","REINVENT4","reinvent4","42","6","RNV_AS42_06","CCc1cccc(NCc2nncc(N3CCCC(N(CC)CCO)CC3)n2)c1","6.782254865740485","7.14326535900001","6.782254865740485","6.962760112370248","0.6723820691812544","3.146758102330695","2.7192000000000016","results/baselines/reinvent4/formal_10240_seed42/anytime/budget_10240/quality_constrained/quality_annotated_molecules.csv","","-7.5","","-9.0","-7.5","-9.0","-7.5","-8.25","True","0.4","0.6","True"
"pairA","EGFR/VEGFR2","REINVENT4","reinvent4","42","7","RNV_AS42_07","CNC(=O)CCN1CCN(CCOC)CCOC1","6.798652381999974","6.776471170500008","6.776471170500008","6.787561776249991","0.687557813556518","2.3570661047249466","-0.6393999999999975","results/baselines/reinvent4/formal_10240_seed42/anytime/budget_10240/quality_constrained/quality_annotated_molecules.csv","","-5.8","","-6.5","-5.8","-6.5","-5.8","-6.15","False","0.5681818181818182","0.43181818181818177","True"
"pairA","EGFR/VEGFR2","REINVENT4","reinvent4","42","8","RNV_AS42_08","COCCN1CCC(C(=O)CC2OCCO2)CC1","6.7645656969999735","6.770230281000021","6.7645656969999735","6.767397988999997","0.6999699724095255","2.559130514749312","0.6769000000000003","results/baselines/reinvent4/formal_10240_seed42/anytime/budget_10240/quality_constrained/quality_annotated_molecules.csv","","-5.5","","-6.6","-5.5","-6.6","-5.5","-6.05","False","0.4090909090909091","0.5909090909090908","True"
"pairA","EGFR/VEGFR2","REINVENT4","reinvent4","42","9","RNV_AS42_09","CCC(C)CC(=O)C1CCN(CCOC)CC1","6.813471817999985","6.76418909200002","6.76418909200002","6.788830455000003","0.6850170218732122","2.6378701437582777","2.3501000000000003","results/baselines/reinvent4/formal_10240_seed42/anytime/budget_10240/quality_constrained/quality_annotated_molecules.csv","","-5.3","","-6.5","-5.3","-6.5","-5.3","-5.9","False","0.4","0.6","True"
"pairA","EGFR/VEGFR2","REINVENT4","reinvent4","42","10","RNV_AS42_10","COCc1ccc(NC(=O)CCC(=O)n2cccn2)cc1","7.344419454633328","6.758624724850003","6.758624724850003","7.051522089741665","0.8825539009927711","2.175592851201401","2.0886","results/baselines/reinvent4/formal_10240_seed42/anytime/budget_10240/quality_constrained/quality_annotated_molecules.csv","","-6.7","","-8.5","-6.7","-8.5","-6.7","-7.6","False","0.5357142857142857","0.4642857142857143","True"
"pairA","EGFR/VEGFR2","REINVENT4","reinvent4","43","1","RNV_AS43_01","Cc1cc(C)nc(NC(=O)Nc2ccnn2C)n1","7.030166208483319","7.06897893500001","7.030166208483319","7.049572571741665","0.8399065503584532","2.375220041376529","1.47094","results/baselines/reinvent4/formal_10240_seed43/anytime/budget_10240/quality_constrained/quality_annotated_molecules.csv","","-6.3","","-7.9","-6.3","-7.9","-6.3","-7.1","False","0.5813953488372093","0.41860465116279066","True"
"pairA","EGFR/VEGFR2","REINVENT4","reinvent4","43","2","RNV_AS43_02","CCc1cc(C(=O)Nc2nncc3ccccc23)[nH]n1","6.994438134083339","7.97288349700003","6.994438134083339","7.483660815541684","0.7613608899980713","2.603468580537326","2.1676","results/baselines/reinvent4/formal_10240_seed43/anytime/budget_10240/quality_constrained/quality_annotated_molecules.csv","","-7.9","","-8.7","-7.9","-8.7","-7.9","-8.3","True","0.5636363636363636","0.4363636363636364","True"
"pairA","EGFR/VEGFR2","REINVENT4","reinvent4","43","3","RNV_AS43_03","CCc1ccnc(NCCN2CCOC2=O)c1","7.222927382800011","6.986533635000024","6.986533635000024","7.104730508900017","0.8401154842297088","2.410134713708688","1.5081","results/baselines/reinvent4/formal_10240_seed43/anytime/budget_10240/quality_constrained/quality_annotated_molecules.csv","","-6.2","","-7.5","-6.2","-7.5","-6.2","-6.85","False","0.5471698113207547","0.4528301886792453","True"
"pairA","EGFR/VEGFR2","REINVENT4","reinvent4","43","4","RNV_AS43_04","O=C1NCCN1Cc1cc(N2CCCC2=O)ccn1","7.082871792766672","6.959578437500011","6.959578437500011","7.021225115133341","0.8711244663990816","2.547492020447592","0.7335999999999998","results/baselines/reinvent4/formal_10240_seed43/anytime/budget_10240/quality_constrained/quality_annotated_molecules.csv","","-7.0","","-8.3","-7.0","-8.3","-7.0","-7.65","True","0.43636363636363634","0.5636363636363637","True"
"pairA","EGFR/VEGFR2","REINVENT4","reinvent4","43","5","RNV_AS43_05","CCc1nc(C(=O)NCc2cc(C(C)CC)no2)cs1","6.9405250940499945","7.038601606666679","6.9405250940499945","6.9895633503583365","0.8880950192810978","3.077508976200905","3.1370000000000022","results/baselines/reinvent4/formal_10240_seed43/anytime/budget_10240/quality_constrained/quality_annotated_molecules.csv","","-7.1","","-7.9","-7.1","-7.9","-7.1","-7.5","True","0.5333333333333333","0.4666666666666667","True"
"pairA","EGFR/VEGFR2","REINVENT4","reinvent4","43","6","RNV_AS43_06","c1cnn(-c2ccc(Nc3nccs3)nn2)c1","6.986408187000002","6.92152652199999","6.92152652199999","6.953967354499996","0.761246482226884","2.5665272153247187","1.8624","results/baselines/reinvent4/formal_10240_seed43/anytime/budget_10240/quality_constrained/quality_annotated_molecules.csv","","-6.6","","-7.8","-6.6","-7.8","-6.6","-7.199999999999999","False","0.5555555555555556","0.4444444444444444","True"
"pairA","EGFR/VEGFR2","REINVENT4","reinvent4","43","7","RNV_AS43_07","O=C1NCCCN1Cc1ccnc(-c2cccs2)c1","6.889077215900003","7.238614919000017","6.889077215900003","7.06384606745001","0.934249361748062","2.432138229238804","2.7254","results/baselines/reinvent4/formal_10240_seed43/anytime/budget_10240/quality_constrained/quality_annotated_molecules.csv","","-7.1","","-8.4","-7.1","-8.4","-7.1","-7.75","True","0.49019607843137253","0.5098039215686274","True"
"pairA","EGFR/VEGFR2","REINVENT4","reinvent4","43","8","RNV_AS43_08","CC(C)c1cc(NC(=O)N(C)CCN2CCNC2=O)no1","7.150780963166665","6.871395803000008","6.871395803000008","7.011088383083337","0.8559839230973328","2.8418099334295164","1.2868999999999997","results/baselines/reinvent4/formal_10240_seed43/anytime/budget_10240/quality_constrained/quality_annotated_molecules.csv","","-6.3","","-7.7","-6.3","-7.7","-6.3","-7.0","False","0.5964912280701754","0.4035087719298246","True"
"pairA","EGFR/VEGFR2","REINVENT4","reinvent4","43","9","RNV_AS43_09","CC(Nc1cnc(CN2CCOC2)nn1)c1cccc2cnccc12","6.851745595999996","7.051665353000007","6.851745595999996","6.9517054745000015","0.7663583462140422","3.307595471337166","2.3826","results/baselines/reinvent4/formal_10240_seed43/anytime/budget_10240/quality_constrained/quality_annotated_molecules.csv","","-7.9","","-9.6","-7.9","-9.6","-7.9","-8.75","True","0.4084507042253521","0.5915492957746479","True"
"pairA","EGFR/VEGFR2","REINVENT4","reinvent4","43","10","RNV_AS43_10","Cn1cc(NCc2ncc(Nc3cccc(C(F)(F)F)n3)nn2)cn1","6.827706946333334","6.838849980000004","6.827706946333334","6.833278463166669","0.7295192745167893","2.949088505949124","2.3746","results/baselines/reinvent4/formal_10240_seed43/anytime/budget_10240/quality_constrained/quality_annotated_molecules.csv","","-7.1","","-9.0","-7.1","-9.0","-7.1","-8.05","True","0.4827586206896552","0.5172413793103448","True"
"pairA","EGFR/VEGFR2","REINVENT4","reinvent4","44","1","RNV_AS44_01","COCC(CCCc1cncnn1)OC(C)C","7.0485396421666575","7.083449384250004","7.0485396421666575","7.065994513208331","0.6898551215686771","3.480924460452223","1.6343","results/baselines/reinvent4/formal_10240_seed44/anytime/budget_10240/quality_constrained/quality_annotated_molecules.csv","","-5.2","","-6.6","-5.2","-6.6","-5.2","-5.9","False","0.3617021276595745","0.6382978723404256","True"
"pairA","EGFR/VEGFR2","REINVENT4","reinvent4","44","2","RNV_AS44_02","O=C(Nc1cnn(CCO)c1)Nc1ccccc1-c1nnc2n1CCC2","6.918726593916663","6.852201352999995","6.852201352999995","6.885463973458329","0.6469118283785791","2.4933260481681145","1.7240999999999995","results/baselines/reinvent4/formal_10240_seed44/anytime/budget_10240/quality_constrained/quality_annotated_molecules.csv","","-8.3","","-9.3","-8.3","-9.3","-8.3","-8.8","True","0.5","0.5","True"
"pairA","EGFR/VEGFR2","REINVENT4","reinvent4","44","3","RNV_AS44_03","CCn1nnc(Nc2ccccc2)c1S(=O)(=O)c1nccs1","7.146575212000009","6.847587699450001","6.847587699450001","6.997081455725005","0.7694870920154828","2.8417826978460976","2.3309","results/baselines/reinvent4/formal_10240_seed44/anytime/budget_10240/quality_constrained/quality_annotated_molecules.csv","","-7.1","","-7.2","-7.1","-7.2","-7.1","-7.15","True","0.3934426229508196","0.6065573770491803","True"
"pairA","EGFR/VEGFR2","REINVENT4","reinvent4","44","4","RNV_AS44_04","COC(=O)c1ccnc(NC(c2ccccc2)c2ccccn2)c1","6.83194111845236","7.242655829000009","6.83194111845236","7.037298473726185","0.7296180337430397","2.5396910397445414","3.464700000000001","results/baselines/reinvent4/formal_10240_seed44/anytime/budget_10240/quality_constrained/quality_annotated_molecules.csv","","-7.8","","-8.0","-7.8","-8.0","-7.8","-7.9","True","0.5882352941176471","0.4117647058823529","True"
"pairA","EGFR/VEGFR2","REINVENT4","reinvent4","44","5","RNV_AS44_05","O=C(NCC1CC1)c1cccnc1-c1ccco1","6.83145858911905","6.8957549760000045","6.83145858911905","6.863606782559527","0.8956656826685865","2.162552704098424","2.4814","results/baselines/reinvent4/formal_10240_seed44/anytime/budget_10240/quality_constrained/quality_annotated_molecules.csv","","-6.5","","-7.8","-6.5","-7.8","-6.5","-7.15","False","0.5660377358490566","0.4339622641509434","True"
"pairA","EGFR/VEGFR2","REINVENT4","reinvent4","44","6","RNV_AS44_06","O=C(Cc1cc(Br)ccn1)NCC1CC1","6.816991432783328","7.09227744491667","6.816991432783328","6.954634438849999","0.9068114617779164","2.209857294628092","1.9128","results/baselines/reinvent4/formal_10240_seed44/anytime/budget_10240/quality_constrained/quality_annotated_molecules.csv","","-5.8","","-7.1","-5.8","-7.1","-5.8","-6.449999999999999","False","0.5714285714285714","0.4285714285714286","True"
"pairA","EGFR/VEGFR2","REINVENT4","reinvent4","44","7","RNV_AS44_07","O=C(CC1CCCC1c1ncccn1)Nc1cccnc1","6.8441844240000185","6.811526523000005","6.811526523000005","6.827855473500012","0.9359273972327894","3.1393348366445046","2.7841000000000005","results/baselines/reinvent4/formal_10240_seed44/anytime/budget_10240/quality_constrained/quality_annotated_molecules.csv","","-7.4","","-8.5","-7.4","-8.5","-7.4","-7.95","True","0.5333333333333333","0.4666666666666667","True"
"pairA","EGFR/VEGFR2","REINVENT4","reinvent4","44","8","RNV_AS44_08","CCC(=O)OC(CC1Nc2nccnc2C1=O)C(=O)Nc1ccccc1","6.8093903889666745","6.9155734137499945","6.8093903889666745","6.862481901358335","0.7611356171246791","3.4857923910089728","1.804","results/baselines/reinvent4/formal_10240_seed44/anytime/budget_10240/quality_constrained/quality_annotated_molecules.csv","","-7.8","","-8.6","-7.8","-8.6","-7.8","-8.2","True","0.47619047619047616","0.5238095238095238","True"
"pairA","EGFR/VEGFR2","REINVENT4","reinvent4","44","9","RNV_AS44_09","COC(C)C(NC(=O)c1ncccn1)c1ccncc1","6.809138806907926","6.940315550300005","6.809138806907926","6.874727178603965","0.8893457626421921","3.2747792331004444","1.3776","results/baselines/reinvent4/formal_10240_seed44/anytime/budget_10240/quality_constrained/quality_annotated_molecules.csv","","-6.5","","-6.3","-6.5","-6.3","-6.3","-6.4","False","0.4897959183673469","0.5102040816326531","True"
"pairA","EGFR/VEGFR2","REINVENT4","reinvent4","44","10","RNV_AS44_10","O=C(CCC(Nc1ccccn1)c1ccccc1)Nc1cn[nH]c1","6.804046741252378","6.868509096999999","6.804046741252378","6.836277919126188","0.6228252338902449","2.752008464291825","3.376800000000001","results/baselines/reinvent4/formal_10240_seed44/anytime/budget_10240/quality_constrained/quality_annotated_molecules.csv","","-8.0","","-8.4","-8.0","-8.4","-8.0","-8.2","True","0.5892857142857143","0.4107142857142857","True"
"pairA","EGFR/VEGFR2","REINVENT4","reinvent4","45","1","RNV_AS45_01","CC(C(=O)Nc1cc(Cl)ccn1)N1CCOC1=O","7.288776813816669","7.258854440666671","7.258854440666671","7.273815627241669","0.9029066422376412","2.9676277276805045","1.5141999999999995","results/baselines/reinvent4/formal_10240_seed45/anytime/budget_10240/quality_constrained/quality_annotated_molecules.csv","","-6.6","","-8.2","-6.6","-8.2","-6.6","-7.3999999999999995","False","0.5272727272727272","0.4727272727272728","True"
"pairA","EGFR/VEGFR2","REINVENT4","reinvent4","45","2","RNV_AS45_02","COc1ccnc(NC(=O)c2sccc2C)c1","7.557884066666641","7.129512337966669","7.129512337966669","7.343698202316655","0.9082019011169278","2.069602158763633","2.7124200000000007","results/baselines/reinvent4/formal_10240_seed45/anytime/budget_10240/quality_constrained/quality_annotated_molecules.csv","","-6.2","","-8.0","-6.2","-8.0","-6.2","-7.1","False","0.7674418604651163","0.2325581395348837","True"
"pairA","EGFR/VEGFR2","REINVENT4","reinvent4","45","3","RNV_AS45_03","CCCOc1nc(Nc2ncccn2)n(C2CC2CC(C)C)n1","6.927373075866659","6.970575582250003","6.927373075866659","6.948974329058331","0.8054906859367494","3.79572304873952","3.207600000000002","results/baselines/reinvent4/formal_10240_seed45/anytime/budget_10240/quality_constrained/quality_annotated_molecules.csv","","-7.1","","-7.5","-7.1","-7.5","-7.1","-7.3","True","0.3076923076923077","0.6923076923076923","True"
"pairA","EGFR/VEGFR2","REINVENT4","reinvent4","45","4","RNV_AS45_04","c1cnnc(Nc2ncc(C3CC3C3CCCCC3)nn2)c1","6.8236821590000005","6.885680564000002","6.8236821590000005","6.854681361500001","0.9339440548625484","3.6693234161692265","3.0890000000000013","results/baselines/reinvent4/formal_10240_seed45/anytime/budget_10240/quality_constrained/quality_annotated_molecules.csv","","-7.5","","-8.1","-7.5","-8.1","-7.5","-7.8","True","0.35","0.65","True"
"pairA","EGFR/VEGFR2","REINVENT4","reinvent4","45","5","RNV_AS45_05","Cc1csc(OC(C)C(=O)N2CCn3cccc3C2C)n1","6.802059682799991","6.809767315500012","6.802059682799991","6.805913499150002","0.8755567287836553","3.612493910539445","2.6237200000000005","results/baselines/reinvent4/formal_10240_seed45/anytime/budget_10240/quality_constrained/quality_annotated_molecules.csv","","-6.5","","-6.8","-6.5","-6.8","-6.5","-6.65","False","0.5737704918032787","0.42622950819672134","True"
"pairA","EGFR/VEGFR2","REINVENT4","reinvent4","45","6","RNV_AS45_06","Cc1cccc(NC(=O)c2cccnn2)c1","6.770229102423797","6.826034384000002","6.770229102423797","6.7981317432119","0.8300376575246393","1.853723726184452","2.03732","results/baselines/reinvent4/formal_10240_seed45/anytime/budget_10240/quality_constrained/quality_annotated_molecules.csv","","-7.2","","-8.3","-7.2","-8.3","-7.2","-7.75","True","0.7027027027027027","0.29729729729729726","True"
"pairA","EGFR/VEGFR2","REINVENT4","reinvent4","45","7","RNV_AS45_07","COCCN1CCCCCCCCCOCC1","6.765398202999985","6.762681097999993","6.762681097999993","6.7640396504999885","0.7604974166871954","2.2732690373752984","2.6957000000000013","results/baselines/reinvent4/formal_10240_seed45/anytime/budget_10240/quality_constrained/quality_annotated_molecules.csv","","-5.6","","-5.8","-5.6","-5.8","-5.6","-5.699999999999999","False","0.4864864864864865","0.5135135135135135","True"
"pairA","EGFR/VEGFR2","REINVENT4","reinvent4","45","8","RNV_AS45_08","CC(CO)NC(=O)c1ccnc(Cc2ccccc2)c1","6.743139031149986","7.065197995000014","6.743139031149986","6.904168513075","0.8702990227655916","2.378031821776382","1.783","results/baselines/reinvent4/formal_10240_seed45/anytime/budget_10240/quality_constrained/quality_annotated_molecules.csv","","-7.2","","-8.6","-7.2","-8.6","-7.2","-7.9","True","0.5918367346938775","0.40816326530612246","True"
"pairA","EGFR/VEGFR2","REINVENT4","reinvent4","45","9","RNV_AS45_09","COCC1CCn2cc(NC(=O)c3scnc3C)nc21","6.741411306500004","6.776813780999998","6.741411306500004","6.7591125437500015","0.9359055882418612","3.605775141614441","2.03402","results/baselines/reinvent4/formal_10240_seed45/anytime/budget_10240/quality_constrained/quality_annotated_molecules.csv","","-6.4","","-7.7","-6.4","-7.7","-6.4","-7.050000000000001","False","0.46875","0.53125","True"
"pairA","EGFR/VEGFR2","REINVENT4","reinvent4","45","10","RNV_AS45_10","Cc1nccnc1-c1cc(NC(=O)C(C)C)ccn1","6.718938904500001","7.032142124500015","6.718938904500001","6.875540514500008","0.9154415944792051","2.3319345748743","2.4415200000000006","results/baselines/reinvent4/formal_10240_seed45/anytime/budget_10240/quality_constrained/quality_annotated_molecules.csv","","-7.1","","-8.6","-7.1","-8.6","-7.1","-7.85","True","0.5208333333333334","0.47916666666666663","True"
"pairA","EGFR/VEGFR2","REINVENT4","reinvent4","46","1","RNV_AS46_01","CNC(=O)c1cccc(C(NCc2ccccn2)C(C)C)c1","6.909532683935705","7.143597254600013","6.909532683935705","7.026564969267859","0.8617114835502726","2.515188959123485","2.928100000000001","results/baselines/reinvent4/formal_10240_seed46/anytime/budget_10240/quality_constrained/quality_annotated_molecules.csv","","-7.4","","-9.2","-7.4","-9.2","-7.4","-8.3","True","0.5636363636363636","0.4363636363636364","True"
"pairA","EGFR/VEGFR2","REINVENT4","reinvent4","46","2","RNV_AS46_02","CNC(=O)c1ccccc1Nc1ccc(COC)cn1","7.029750936416693","6.908724038999994","6.908724038999994","6.969237487708343","0.8757725190317421","1.97893441887322","2.3312","results/baselines/reinvent4/formal_10240_seed46/anytime/budget_10240/quality_constrained/quality_annotated_molecules.csv","","-6.5","","-8.7","-6.5","-8.7","-6.5","-7.6","False","0.490566037735849","0.509433962264151","True"
"pairA","EGFR/VEGFR2","REINVENT4","reinvent4","46","3","RNV_AS46_03","O=C(c1cscc1NCC1CCCC1)N1CCc2sccc2C1","6.919311000999991","6.858535186500014","6.858535186500014","6.888923093750003","0.8765959875221719","2.7018691847385394","4.610200000000003","results/baselines/reinvent4/formal_10240_seed46/anytime/budget_10240/quality_constrained/quality_annotated_molecules.csv","","-6.9","","-9.2","-6.9","-9.2","-6.9","-8.05","False","0.543859649122807","0.45614035087719296","True"
"pairA","EGFR/VEGFR2","REINVENT4","reinvent4","46","4","RNV_AS46_04","CC(Nc1ccccn1)c1cccc(NC(=O)NCc2cccnc2)c1","6.870701864902381","6.855111149999992","6.855111149999992","6.862906507451187","0.6302598430169959","2.493234584674516","3.971400000000002","results/baselines/reinvent4/formal_10240_seed46/anytime/budget_10240/quality_constrained/quality_annotated_molecules.csv","","-8.3","","-10.8","-8.3","-10.8","-8.3","-9.55","True","0.65","0.35","True"
"pairA","EGFR/VEGFR2","REINVENT4","reinvent4","46","5","RNV_AS46_05","COc1ccc(F)cc1Nc1c(F)cc(C(N)=O)cc1C(=O)N=c1nccccn1","6.9120969630000095","6.833214251999992","6.833214251999992","6.8726556075000005","0.6651346371850835","2.8467015052656635","2.3469999999999995","results/baselines/reinvent4/formal_10240_seed46/anytime/budget_10240/quality_constrained/quality_annotated_molecules.csv","","-8.8","","-9.6","-8.8","-9.6","-8.8","-9.2","True","0.46875","0.53125","True"
"pairA","EGFR/VEGFR2","REINVENT4","reinvent4","46","6","RNV_AS46_06","CNC(=O)c1cnc(C(=O)NCc2cccc(C(C)N(C)C)c2)s1","7.006395942149994","6.817431571000018","6.817431571000018","6.9119137565750055","0.8395111443218943","2.9325428679163696","2.0553000000000003","results/baselines/reinvent4/formal_10240_seed46/anytime/budget_10240/quality_constrained/quality_annotated_molecules.csv","","-7.1","","-9.3","-7.1","-9.3","-7.1","-8.2","True","0.4461538461538462","0.5538461538461539","True"
"pairA","EGFR/VEGFR2","REINVENT4","reinvent4","46","7","RNV_AS46_07","Cc1ncccc1C(=O)NCC(c1cccnc1)N1CCc2ccccc2C1","6.921875912666663","6.816202704000008","6.816202704000008","6.869039308333336","0.7464734290228578","2.716206112767761","3.314420000000002","results/baselines/reinvent4/formal_10240_seed46/anytime/budget_10240/quality_constrained/quality_annotated_molecules.csv","","-8.8","","-9.4","-8.8","-9.4","-8.8","-9.100000000000001","True","0.5373134328358209","0.4626865671641791","True"
"pairA","EGFR/VEGFR2","REINVENT4","reinvent4","46","8","RNV_AS46_08","Brc1ccccc1Nc1ccnnc1-c1cccnn1","6.85431052083334","6.815279248750013","6.815279248750013","6.834794884791677","0.797850146770374","2.626427138285832","3.439700000000001","results/baselines/reinvent4/formal_10240_seed46/anytime/budget_10240/quality_constrained/quality_annotated_molecules.csv","","-7.9","","-7.2","-7.9","-7.2","-7.2","-7.550000000000001","True","0.4444444444444444","0.5555555555555556","True"
"pairA","EGFR/VEGFR2","REINVENT4","reinvent4","46","9","RNV_AS46_09","O=C(Nc1ncccc1Cl)c1cncc2ccccc12","6.78766085349999","7.327449613000008","6.78766085349999","7.057555233249999","0.7825330829769773","2.0268884744365288","3.5355000000000016","results/baselines/reinvent4/formal_10240_seed46/anytime/budget_10240/quality_constrained/quality_annotated_molecules.csv","","-8.6","","-8.9","-8.6","-8.9","-8.6","-8.75","True","0.6428571428571429","0.3571428571428571","True"
"pairA","EGFR/VEGFR2","REINVENT4","reinvent4","46","10","RNV_AS46_10","O=C(NCc1ccccn1)Nc1cccc(CN2CCCCC2)c1","6.7822112682857245","6.816226583999992","6.7822112682857245","6.799218926142858","0.8861866850121803","1.8755833998730085","3.389200000000001","results/baselines/reinvent4/formal_10240_seed46/anytime/budget_10240/quality_constrained/quality_annotated_molecules.csv","","-7.7","","-9.8","-7.7","-9.8","-7.7","-8.75","True","0.6785714285714286","0.3214285714285714","True"
"pairA","EGFR/VEGFR2","REINVENT4","reinvent4","47","1","RNV_AS47_01","CC(CNCc1ncnn1C)Cc1cc(Cl)ccn1","6.936197823633325","6.903245670000012","6.903245670000012","6.919721746816668","0.8765057728389355","3.1218802195720823","1.8319","results/baselines/reinvent4/formal_10240_seed47/anytime/budget_10240/quality_constrained/quality_annotated_molecules.csv","","-6.2","","-7.4","-6.2","-7.4","-6.2","-6.800000000000001","False","0.5","0.5","True"
"pairA","EGFR/VEGFR2","REINVENT4","reinvent4","47","2","RNV_AS47_02","CCC(NCc1cc(S(C)(=O)=O)ccn1)c1ccnn1C","6.8868150945833255","7.223722871000015","6.8868150945833255","7.05526898279167","0.8739893485455064","3.1186599539509974","1.4594999999999996","results/baselines/reinvent4/formal_10240_seed47/anytime/budget_10240/quality_constrained/quality_annotated_molecules.csv","","-6.5","","-7.7","-6.5","-7.7","-6.5","-7.1","False","0.453125","0.546875","True"
"pairA","EGFR/VEGFR2","REINVENT4","reinvent4","47","3","RNV_AS47_03","O=C(NCCC(c1ccc(F)cc1)c1ccco1)NCc1ccccn1","6.972967609619047","6.829612418999991","6.829612418999991","6.901290014309519","0.6781898077961966","2.6776835725287693","3.8351000000000015","results/baselines/reinvent4/formal_10240_seed47/anytime/budget_10240/quality_constrained/quality_annotated_molecules.csv","","-7.6","","-9.5","-7.6","-9.5","-7.6","-8.55","True","0.6","0.4","True"
"pairA","EGFR/VEGFR2","REINVENT4","reinvent4","47","4","RNV_AS47_04","CCC(C)CCCc1ccnc(NC)c1","6.804759745549983","6.848439680000014","6.804759745549983","6.826599712774998","0.7703181624279017","2.642475750162836","3.492100000000001","results/baselines/reinvent4/formal_10240_seed47/anytime/budget_10240/quality_constrained/quality_annotated_molecules.csv","","-6.0","","-7.6","-6.0","-7.6","-6.0","-6.8","False","0.4489795918367347","0.5510204081632653","True"
"pairA","EGFR/VEGFR2","REINVENT4","reinvent4","47","5","RNV_AS47_05","CCC(C)c1nc(C2CCCN(C(=O)CC(C)C)C2)cc(=O)n1C","6.869358359166674","6.792482452000008","6.792482452000008","6.830920405583341","0.8320188727871772","3.432045902240911","3.0459000000000014","results/baselines/reinvent4/formal_10240_seed47/anytime/budget_10240/quality_constrained/quality_annotated_molecules.csv","","-7.1","","-8.2","-7.1","-8.2","-7.1","-7.6499999999999995","True","0.4915254237288136","0.5084745762711864","True"
"pairA","EGFR/VEGFR2","REINVENT4","reinvent4","47","6","RNV_AS47_06","CCNc1ncnnc1CNC(C)C(=O)NC","6.827130811690475","6.784074391642865","6.784074391642865","6.805602601666671","0.6201932057421504","3.3398288998957577","-0.4724999999999986","results/baselines/reinvent4/formal_10240_seed47/anytime/budget_10240/quality_constrained/quality_annotated_molecules.csv","","-5.7","","-6.8","-5.7","-6.8","-5.7","-6.25","False","0.42857142857142855","0.5714285714285714","True"
"pairA","EGFR/VEGFR2","REINVENT4","reinvent4","47","7","RNV_AS47_07","Cc1ccc(CNC(=O)Nc2ccc3c(C)ccnc3c2)o1","6.752047206433332","7.238854064633333","6.752047206433332","6.995450635533333","0.7726526121874993","2.104354126417526","3.766340000000002","results/baselines/reinvent4/formal_10240_seed47/anytime/budget_10240/quality_constrained/quality_annotated_molecules.csv","","-7.8","","-10.0","-7.8","-10.0","-7.8","-8.9","True","0.5","0.5","True"
"pairA","EGFR/VEGFR2","REINVENT4","reinvent4","47","8","RNV_AS47_08","COCCN1CCCN(CCNC(=O)C(C)(C)C)CC1","6.744688168","6.780994663999999","6.744688168","6.762841415999999","0.7840447187791904","2.0924883828040244","0.8028000000000008","results/baselines/reinvent4/formal_10240_seed47/anytime/budget_10240/quality_constrained/quality_annotated_molecules.csv","","-5.6","","-6.9","-5.6","-6.9","-5.6","-6.25","False","0.65","0.35","True"
"pairA","EGFR/VEGFR2","REINVENT4","reinvent4","47","9","RNV_AS47_09","CCn1nnnc1CNCn1ncnc1NC","6.732732089916657","6.747205827000013","6.732732089916657","6.739968958458334","0.6695474956662162","3.2539871469896937","-0.9264999999999995","results/baselines/reinvent4/formal_10240_seed47/anytime/budget_10240/quality_constrained/quality_annotated_molecules.csv","","-5.9","","-6.6","-5.9","-6.6","-5.9","-6.25","False","0.3877551020408163","0.6122448979591837","True"
"pairA","EGFR/VEGFR2","REINVENT4","reinvent4","47","10","RNV_AS47_10","Cc1ccc(Nc2cccnn2)cc1Br","6.7211098998833405","6.783210910249991","6.7211098998833405","6.752160405066666","0.9038889319567236","2.186796088392469","3.291120000000001","results/baselines/reinvent4/formal_10240_seed47/anytime/budget_10240/quality_constrained/quality_annotated_molecules.csv","","-7.0","","-8.0","-7.0","-8.0","-7.0","-7.5","True","0.5681818181818182","0.43181818181818177","True"
"pairA","EGFR/VEGFR2","REINVENT4","reinvent4","48","1","RNV_AS48_01","CCCS(=O)(=O)Nc1ccnc(NC)c1","6.965747192257141","7.294153133000006","6.965747192257141","7.129950162628574","0.7974202267735678","2.3295379968526984","1.275","results/baselines/reinvent4/formal_10240_seed48/anytime/budget_10240/quality_constrained/quality_annotated_molecules.csv","","-5.7","","-6.3","-5.7","-6.3","-5.7","-6.0","False","0.5111111111111111","0.48888888888888893","True"
"pairA","EGFR/VEGFR2","REINVENT4","reinvent4","48","2","RNV_AS48_02","CC(C)c1ccc(C(=O)NCCc2nncn2CCO)s1","7.395241813899981","6.903837454000013","6.903837454000013","7.149539633949997","0.8106507791316785","2.6624141549823648","1.4278000000000002","results/baselines/reinvent4/formal_10240_seed48/anytime/budget_10240/quality_constrained/quality_annotated_molecules.csv","","-7.1","","-8.2","-7.1","-8.2","-7.1","-7.6499999999999995","True","0.492063492063492","0.507936507936508","True"
"pairA","EGFR/VEGFR2","REINVENT4","reinvent4","48","3","RNV_AS48_03","CNc1cc(NC(C)c2cnnn2C)ccn1","6.851484528666653","6.905042692000015","6.851484528666653","6.878263610333335","0.8342037323383482","3.3688946527599155","1.4248999999999998","results/baselines/reinvent4/formal_10240_seed48/anytime/budget_10240/quality_constrained/quality_annotated_molecules.csv","","-6.8","","-7.0","-6.8","-7.0","-6.8","-6.9","False","0.35","0.65","True"
"pairA","EGFR/VEGFR2","REINVENT4","reinvent4","48","4","RNV_AS48_04","CCNc1ccc(C(=O)NCCc2cc(C)ccn2)c(C)c1","6.833903005999994","7.357001962466663","6.833903005999994","7.095452484233329","0.8611670900220431","2.076217649990728","3.1027400000000016","results/baselines/reinvent4/formal_10240_seed48/anytime/budget_10240/quality_constrained/quality_annotated_molecules.csv","","-7.1","","-9.3","-7.1","-9.3","-7.1","-8.2","True","0.5961538461538461","0.40384615384615385","True"
"pairA","EGFR/VEGFR2","REINVENT4","reinvent4","48","5","RNV_AS48_05","CC(C)c1cccc(NC(=O)CCn2cnc3ccccc32)c1","6.810333773883332","7.012334090500017","6.810333773883332","6.911333932191674","0.7680421760817672","1.9235614512955124","4.188500000000003","results/baselines/reinvent4/formal_10240_seed48/anytime/budget_10240/quality_constrained/quality_annotated_molecules.csv","","-8.2","","-9.8","-8.2","-9.8","-8.2","-9.0","True","0.7115384615384616","0.28846153846153844","True"
"pairA","EGFR/VEGFR2","REINVENT4","reinvent4","48","6","RNV_AS48_06","CCNCc1nc(C)nn1-c1ccc(NCC)nc1","6.833772037833353","6.796031929999999","6.796031929999999","6.814901983916676","0.8238048852882628","2.6162771486527223","1.5120199999999997","results/baselines/reinvent4/formal_10240_seed48/anytime/budget_10240/quality_constrained/quality_annotated_molecules.csv","","-6.4","","-7.0","-6.4","-7.0","-6.4","-6.7","False","0.4","0.6","True"
"pairA","EGFR/VEGFR2","REINVENT4","reinvent4","48","7","RNV_AS48_07","CC(C)c1noc(CN=c2n(C)nnn2-c2cc(Cl)ccn2)n1","6.787133613666666","6.875138377666687","6.787133613666666","6.831135995666676","0.7117623908672905","3.356098826228271","1.2614999999999996","results/baselines/reinvent4/formal_10240_seed48/anytime/budget_10240/quality_constrained/quality_annotated_molecules.csv","","-7.4","","-8.5","-7.4","-8.5","-7.4","-7.95","True","0.39705882352941174","0.6029411764705883","True"
"pairA","EGFR/VEGFR2","REINVENT4","reinvent4","48","8","RNV_AS48_08","CC(C)c1cccc(NC(C)c2ccon2)c1","6.774916913907151","7.012798568000009","6.774916913907151","6.89385774095358","0.8631615442136829","2.8201081142983764","3.9711000000000025","results/baselines/reinvent4/formal_10240_seed48/anytime/budget_10240/quality_constrained/quality_annotated_molecules.csv","","-7.2","","-8.1","-7.2","-8.1","-7.2","-7.65","True","0.4230769230769231","0.5769230769230769","True"
"pairA","EGFR/VEGFR2","REINVENT4","reinvent4","48","9","RNV_AS48_09","CCC(C)Nc1cc(Nc2cnn(C)c2)ncn1","6.800756390000001","6.773270424999998","6.773270424999998","6.7870134075","0.8458613632545444","2.9976388589022225","2.1640999999999995","results/baselines/reinvent4/formal_10240_seed48/anytime/budget_10240/quality_constrained/quality_annotated_molecules.csv","","-6.2","","-7.4","-6.2","-7.4","-6.2","-6.800000000000001","False","0.43636363636363634","0.5636363636363637","True"
"pairA","EGFR/VEGFR2","REINVENT4","reinvent4","48","10","RNV_AS48_10","COC(=O)CCCc1occc1C(C)OCCn1nc(C)cc1C","6.761394538133341","7.37461957716668","6.761394538133341","7.068007057650011","0.6578445360701711","3.2285310528657485","3.3664400000000017","results/baselines/reinvent4/formal_10240_seed48/anytime/budget_10240/quality_constrained/quality_annotated_molecules.csv","","-6.9","","-7.9","-6.9","-7.9","-6.9","-7.4","False","0.47540983606557374","0.5245901639344263","True"
"pairA","EGFR/VEGFR2","REINVENT4","reinvent4","49","1","RNV_AS49_01","Cc1ccc(NC(=O)NCc2ccon2)c(C(C)C)c1","6.898513051416664","7.166517943000002","6.898513051416664","7.032515497208333","0.8964240677930428","2.3198355756112186","3.4281200000000025","results/baselines/reinvent4/formal_10240_seed49/anytime/budget_10240/quality_constrained/quality_annotated_molecules.csv","","-7.4","","-7.9","-7.4","-7.9","-7.4","-7.65","True","0.5185185185185185","0.4814814814814815","True"
"pairA","EGFR/VEGFR2","REINVENT4","reinvent4","49","2","RNV_AS49_02","CCCC(=O)Nc1nccc2c1CCN(CCn1nc(CCC)nc1C)C2","6.8283011065166725","7.017754258300037","6.8283011065166725","6.923027682408355","0.7731525703279839","2.811035252547313","2.73092","results/baselines/reinvent4/formal_10240_seed49/anytime/budget_10240/quality_constrained/quality_annotated_molecules.csv","","-7.6","","-9.5","-7.6","-9.5","-7.6","-8.55","True","0.3783783783783784","0.6216216216216216","True"
"pairA","EGFR/VEGFR2","REINVENT4","reinvent4","49","3","RNV_AS49_03","CCc1nnc(Nc2nccnc2NCc2ccccn2)s1","7.125871031766666","6.801699572000006","6.801699572000006","6.963785301883336","0.72283333105476","2.603648090914568","2.6412000000000004","results/baselines/reinvent4/formal_10240_seed49/anytime/budget_10240/quality_constrained/quality_annotated_molecules.csv","","-7.1","","-8.3","-7.1","-8.3","-7.1","-7.7","True","0.5882352941176471","0.4117647058823529","True"
"pairA","EGFR/VEGFR2","REINVENT4","reinvent4","49","4","RNV_AS49_04","O=C(Cc1cccs1)c1ccccc1Nc1ccccn1","6.78869718333334","6.916737076999999","6.78869718333334","6.852717130166669","0.7128357223927168","2.073191759389985","4.312100000000003","results/baselines/reinvent4/formal_10240_seed49/anytime/budget_10240/quality_constrained/quality_annotated_molecules.csv","","-7.5","","-8.9","-7.5","-8.9","-7.5","-8.2","True","0.5490196078431373","0.4509803921568627","True"
"pairA","EGFR/VEGFR2","REINVENT4","reinvent4","49","5","RNV_AS49_05","O=C(CCN1CCCC1=O)Nc1cc(F)ccc1OCCc1ccco1","6.78587054549999","7.33939038600001","6.78587054549999","7.06263046575","0.785536524347086","2.260220874079046","2.991200000000001","results/baselines/reinvent4/formal_10240_seed49/anytime/budget_10240/quality_constrained/quality_annotated_molecules.csv","","-7.4","","-8.8","-7.4","-8.8","-7.4","-8.100000000000001","True","0.6612903225806451","0.33870967741935487","True"
"pairA","EGFR/VEGFR2","REINVENT4","reinvent4","49","6","RNV_AS49_06","CCc1cnn(Cc2cccc(NC(=O)NCC3CC3)c2)c1","6.76206736971666","6.841822750999991","6.76206736971666","6.801945060358325","0.8609277893596594","2.122947533010933","3.025300000000001","results/baselines/reinvent4/formal_10240_seed49/anytime/budget_10240/quality_constrained/quality_annotated_molecules.csv","","-7.3","","-9.1","-7.3","-9.1","-7.3","-8.2","True","0.5789473684210527","0.42105263157894735","True"
"pairA","EGFR/VEGFR2","REINVENT4","reinvent4","49","7","RNV_AS49_07","c1csc(NCCN2CCc3ccnn3CC2)n1","6.969625161999996","6.747082142999992","6.747082142999992","6.858353652499995","0.9032192661516518","2.885648759325248","1.3098","results/baselines/reinvent4/formal_10240_seed49/anytime/budget_10240/quality_constrained/quality_annotated_molecules.csv","","-6.2","","-7.1","-6.2","-7.1","-6.2","-6.65","False","0.43333333333333335","0.5666666666666667","True"
"pairA","EGFR/VEGFR2","REINVENT4","reinvent4","49","8","RNV_AS49_08","c1ccc(OCCN2CCCCCOc3ccccc3CC2)cc1","6.744360049000004","6.994671937999994","6.744360049000004","6.869515993499999","0.841842306616279","2.2839224133709166","4.172800000000003","results/baselines/reinvent4/formal_10240_seed49/anytime/budget_10240/quality_constrained/quality_annotated_molecules.csv","","-7.2","","-8.5","-7.2","-8.5","-7.2","-7.85","True","0.5652173913043478","0.4347826086956522","True"
"pairA","EGFR/VEGFR2","REINVENT4","reinvent4","49","9","RNV_AS49_09","Cc1cc(C)n(CC(=O)Nc2ccc(S(=O)(=O)N3CCCC3)cc2)n1","6.7903945706666775","6.7429513130000105","6.7429513130000105","6.766672941833344","0.8806675881422437","1.9936868405722468","1.92314","results/baselines/reinvent4/formal_10240_seed49/anytime/budget_10240/quality_constrained/quality_annotated_molecules.csv","","-7.7","","-9.0","-7.7","-9.0","-7.7","-8.35","True","0.62","0.38","True"
"pairA","EGFR/VEGFR2","REINVENT4","reinvent4","49","10","RNV_AS49_10","c1ccc(OCCN2CCCCCCC2)cc1","6.742028339000011","6.771884109999991","6.742028339000011","6.756956224500001","0.7906280946384676","1.5166140931527732","3.331500000000002","results/baselines/reinvent4/formal_10240_seed49/anytime/budget_10240/quality_constrained/quality_annotated_molecules.csv","","-6.5","","-8.2","-6.5","-8.2","-6.5","-7.35","False","0.6944444444444444","0.3055555555555556","True"
"pairA","EGFR/VEGFR2","REINVENT4","reinvent4","50","1","RNV_AS50_01","c1cc(NCc2ccc3c(c2)CCC3)c2ccncc2c1","6.9734457595333135","6.962435121000012","6.962435121000012","6.967940440266663","0.7683679297406006","2.023716147904697","4.335600000000003","results/baselines/reinvent4/formal_10240_seed50/anytime/budget_10240/quality_constrained/quality_annotated_molecules.csv","","-8.4","","-10.5","-8.4","-10.5","-8.4","-9.45","True","0.6170212765957447","0.3829787234042553","True"
"pairA","EGFR/VEGFR2","REINVENT4","reinvent4","50","2","RNV_AS50_02","CCc1ccnc(Nc2nc[nH]c2C(=O)NC)c1","6.9558995755833415","7.271917171733344","6.9558995755833415","7.113908373658343","0.7613832293792754","2.6366308106073006","1.4703","results/baselines/reinvent4/formal_10240_seed50/anytime/budget_10240/quality_constrained/quality_annotated_molecules.csv","","-6.6","","-8.1","-6.6","-8.1","-6.6","-7.35","False","0.4181818181818181","0.5818181818181819","True"
"pairA","EGFR/VEGFR2","REINVENT4","reinvent4","50","3","RNV_AS50_03","COCc1nccc(C)c1CNS(=O)NCc1cnccn1","7.167594122999978","6.933567718000011","6.933567718000011","7.0505809204999945","0.7500342252752036","3.7275429116225984","0.7845199999999994","results/baselines/reinvent4/formal_10240_seed50/anytime/budget_10240/quality_constrained/quality_annotated_molecules.csv","","-6.3","","-7.5","-6.3","-7.5","-6.3","-6.9","False","0.423728813559322","0.576271186440678","True"
"pairA","EGFR/VEGFR2","REINVENT4","reinvent4","50","4","RNV_AS50_04","CC(C)C(NC(=O)c1cncc2ccccc12)C1OCCO1","6.884054042799991","7.104480288000013","6.884054042799991","6.994267165400002","0.9414005699715092","3.169197856677544","2.3621","results/baselines/reinvent4/formal_10240_seed50/anytime/budget_10240/quality_constrained/quality_annotated_molecules.csv","","-8.0","","-8.8","-8.0","-8.8","-8.0","-8.4","True","0.4915254237288136","0.5084745762711864","True"
"pairA","EGFR/VEGFR2","REINVENT4","reinvent4","50","5","RNV_AS50_05","OCCN1CCNCc2c(ncnc2Nc2ncccn2)C1","7.599759536333312","6.859440007000013","6.859440007000013","7.2295997716666625","0.7203189516189035","2.798325013991491","-0.0923","results/baselines/reinvent4/formal_10240_seed50/anytime/budget_10240/quality_constrained/quality_annotated_molecules.csv","","-7.0","","-7.3","-7.0","-7.3","-7.0","-7.15","True","0.36666666666666664","0.6333333333333333","True"
"pairA","EGFR/VEGFR2","REINVENT4","reinvent4","50","6","RNV_AS50_06","CCCOc1cc(CCOc2ccc(NC)nn2)ncn1","6.853374777999992","6.885444596499989","6.853374777999992","6.86940968724999","0.791853077518845","2.634763166459912","1.7185999999999997","results/baselines/reinvent4/formal_10240_seed50/anytime/budget_10240/quality_constrained/quality_annotated_molecules.csv","","-6.7","","-7.8","-6.7","-7.8","-6.7","-7.25","False","0.4444444444444444","0.5555555555555556","True"
"pairA","EGFR/VEGFR2","REINVENT4","reinvent4","50","7","RNV_AS50_07","COc1cc(NCc2ccccn2)cnc1CN1CCNC1=O","7.087259658702389","6.842840036000011","6.842840036000011","6.9650498473512","0.8470417838229767","2.58931818858807","1.6224999999999998","results/baselines/reinvent4/formal_10240_seed50/anytime/budget_10240/quality_constrained/quality_annotated_molecules.csv","","-7.0","","-8.4","-7.0","-8.4","-7.0","-7.7","True","0.4915254237288136","0.5084745762711864","True"
"pairA","EGFR/VEGFR2","REINVENT4","reinvent4","50","8","RNV_AS50_08","Cn1ncc2ccccc2c1=NS(N)(=O)=O","6.908873869799996","6.835619607000017","6.835619607000017","6.872246738400007","0.7376378880214077","2.848469454369312","-0.3225000000000002","results/baselines/reinvent4/formal_10240_seed50/anytime/budget_10240/quality_constrained/quality_annotated_molecules.csv","","-6.5","","-6.9","-6.5","-6.9","-6.5","-6.7","False","0.425531914893617","0.574468085106383","True"
"pairA","EGFR/VEGFR2","REINVENT4","reinvent4","50","9","RNV_AS50_09","CNc1cc(C(=O)Nc2cccc(S(C)(=O)=O)c2)ccn1","6.833064632183326","7.295232079666674","6.833064632183326","7.064148355925","0.8986330154233159","1.9718083419175816","1.7791","results/baselines/reinvent4/formal_10240_seed50/anytime/budget_10240/quality_constrained/quality_annotated_molecules.csv","","-7.5","","-8.4","-7.5","-8.4","-7.5","-7.95","True","0.6888888888888889","0.3111111111111111","True"
"pairA","EGFR/VEGFR2","REINVENT4","reinvent4","50","10","RNV_AS50_10","CCN1CCN(c2cnc(Nc3ccccn3)cn2)CC1","7.23103006033334","6.828666768000008","6.828666768000008","7.029848414166674","0.9229756777754178","2.2420210397870086","1.7571","results/baselines/reinvent4/formal_10240_seed50/anytime/budget_10240/quality_constrained/quality_annotated_molecules.csv","","-6.8","","-7.5","-6.8","-7.5","-6.8","-7.15","False","0.5","0.5","True"
"pairA","EGFR/VEGFR2","REINVENT4","reinvent4","51","1","RNV_AS51_01","CCc1nnc(Nc2cnccn2)cc1OC","7.0003509076499935","6.988474692000002","6.988474692000002","6.994412799824998","0.8608146584176823","2.6767296901608084","1.5811999999999995","results/baselines/reinvent4/formal_10240_seed51/anytime/budget_10240/quality_constrained/quality_annotated_molecules.csv","","-6.2","","-6.9","-6.2","-6.9","-6.2","-6.550000000000001","False","0.42","0.5800000000000001","True"
"pairA","EGFR/VEGFR2","REINVENT4","reinvent4","51","2","RNV_AS51_02","Nc1ccnc(C(=O)NCC2CCCCC2)c1","6.932239652966666","7.00371958875","6.932239652966666","6.967979620858333","0.8383569584844556","2.062093269438673","1.9739","results/baselines/reinvent4/formal_10240_seed51/anytime/budget_10240/quality_constrained/quality_annotated_molecules.csv","","-7.2","","-8.5","-7.2","-8.5","-7.2","-7.85","True","0.6595744680851063","0.34042553191489366","True"
"pairA","EGFR/VEGFR2","REINVENT4","reinvent4","51","3","RNV_AS51_03","CC(C)N(Cc1ccn(C)n1)C(=O)Nc1nccc2ccccc12","6.94833640886667","6.926091487000035","6.926091487000035","6.937213947933353","0.80005923765527","2.4903850664334577","3.410800000000002","results/baselines/reinvent4/formal_10240_seed51/anytime/budget_10240/quality_constrained/quality_annotated_molecules.csv","","-7.7","","-8.3","-7.7","-8.3","-7.7","-8.0","True","0.484375","0.515625","True"
"pairA","EGFR/VEGFR2","REINVENT4","reinvent4","51","4","RNV_AS51_04","CNS(=O)(=O)c1cc(NC(C)=O)ccn1","6.892680790123808","7.137626237600001","6.892680790123808","7.015153513861904","0.7601223160098788","2.3256061957269942","-0.0519000000000005","results/baselines/reinvent4/formal_10240_seed51/anytime/budget_10240/quality_constrained/quality_annotated_molecules.csv","","-6.1","","-6.9","-6.1","-6.9","-6.1","-6.5","False","0.5","0.5","True"
"pairA","EGFR/VEGFR2","REINVENT4","reinvent4","51","5","RNV_AS51_05","CNC(C)c1ccnc(CNC(=O)N2CCc3ccccc32)c1","6.879405623916648","7.260358820000007","6.879405623916648","7.069882221958327","0.9125379658761188","2.7434337529841013","2.6343000000000005","results/baselines/reinvent4/formal_10240_seed51/anytime/budget_10240/quality_constrained/quality_annotated_molecules.csv","","-7.8","","-9.5","-7.8","-9.5","-7.8","-8.65","True","0.5737704918032787","0.42622950819672134","True"
"pairA","EGFR/VEGFR2","REINVENT4","reinvent4","51","6","RNV_AS51_06","CC(NCc1cccnc1)c1cccc(NC(=O)NCc2ccccn2)c1","6.860028950202383","6.843211529000002","6.843211529000002","6.851620239601193","0.6001303044169517","2.5132013793980814","3.6491000000000016","results/baselines/reinvent4/formal_10240_seed51/anytime/budget_10240/quality_constrained/quality_annotated_molecules.csv","","-8.1","","-10.3","-8.1","-10.3","-8.1","-9.2","True","0.6785714285714286","0.3214285714285714","True"
"pairA","EGFR/VEGFR2","REINVENT4","reinvent4","51","7","RNV_AS51_07","CC(C)(CO)N1CCN(C(=O)c2nccc3cnccc23)CC1","6.832209747333348","6.83260573680003","6.832209747333348","6.832407742066689","0.9204532752314576","2.56108462504484","1.1584999999999992","results/baselines/reinvent4/formal_10240_seed51/anytime/budget_10240/quality_constrained/quality_annotated_molecules.csv","","-7.9","","-7.9","-7.9","-7.9","-7.9","-7.9","True","0.5283018867924528","0.4716981132075472","True"
"pairA","EGFR/VEGFR2","REINVENT4","reinvent4","51","8","RNV_AS51_08","CC(NCC1c2ccccc2CN1C(C)Nc1ccccn1)N1CCCCC1","6.828946312235704","6.846934008499999","6.828946312235704","6.837940160367852","0.765631981003097","3.850772785938529","3.8179000000000025","results/baselines/reinvent4/formal_10240_seed51/anytime/budget_10240/quality_constrained/quality_annotated_molecules.csv","","-8.0","","-9.1","-8.0","-9.1","-8.0","-8.55","True","0.37142857142857144","0.6285714285714286","True"
"pairA","EGFR/VEGFR2","REINVENT4","reinvent4","51","9","RNV_AS51_09","Cc1cccc(C(=O)NCCc2ccnc(C(F)F)c2)n1","6.8057278099","7.194005657466672","6.8057278099","6.999866733683335","0.9211722982417798","2.319334624343512","2.695120000000001","results/baselines/reinvent4/formal_10240_seed51/anytime/budget_10240/quality_constrained/quality_annotated_molecules.csv","","-7.5","","-9.1","-7.5","-9.1","-7.5","-8.3","True","0.6078431372549019","0.3921568627450981","True"
"pairA","EGFR/VEGFR2","REINVENT4","reinvent4","51","10","RNV_AS51_10","Clc1ccc(-c2ccc(Nc3ncccn3)nc2)cc1","6.92807850883335","6.787386525999984","6.787386525999984","6.857732517416666","0.7904963744612046","1.964092848846457","3.9356000000000018","results/baselines/reinvent4/formal_10240_seed51/anytime/budget_10240/quality_constrained/quality_annotated_molecules.csv","","-8.0","","-9.6","-8.0","-9.6","-8.0","-8.8","True","0.47619047619047616","0.5238095238095238","True"
"pairA","EGFR/VEGFR2","DrugEx v2","drugex_v2","42","1","DRX_AS42_01","CC(C(=O)Nc1cc(Cl)ccc1F)n1nc(-c2ccco2)oc1=O","7.240629192749997","7.485679063000007","7.240629192749997","7.363154127875002","0.7796391156056396","2.8771631998232685","3.0885000000000007","results/baselines/drugex_v2/formal_10240_seed42/anytime/budget_10240/quality_constrained/quality_annotated_molecules.csv","","-7.7","","-9.9","-7.7","-9.9","-7.7","-8.8","True","0.8392857142857143","0.1607142857142857","True"
"pairA","EGFR/VEGFR2","DrugEx v2","drugex_v2","42","2","DRX_AS42_02","Cc1ccsc1CNC(=O)Nc1ccnc(C(=O)N(C)C)c1","7.747901935633307","7.231359725183332","7.231359725183332","7.48963083040832","0.9092225901913692","2.33610973801904","2.4750200000000007","results/baselines/drugex_v2/formal_10240_seed42/anytime/budget_10240/quality_constrained/quality_annotated_molecules.csv","","-7.0","","-8.2","-7.0","-8.2","-7.0","-7.6","True","0.6851851851851852","0.31481481481481477","True"
"pairA","EGFR/VEGFR2","DrugEx v2","drugex_v2","42","3","DRX_AS42_03","O=C(Nc1cccc(N2CCOC2=O)c1)c1ccnc2ccccc12","7.068561454316666","7.25688687400001","7.068561454316666","7.1627241641583375","0.7967931558540784","2.0664137230048816","3.4437000000000024","results/baselines/drugex_v2/formal_10240_seed42/anytime/budget_10240/quality_constrained/quality_annotated_molecules.csv","","-9.3","","-10.7","-9.3","-10.7","-9.3","-10.0","True","0.6785714285714286","0.3214285714285714","True"
"pairA","EGFR/VEGFR2","DrugEx v2","drugex_v2","42","4","DRX_AS42_04","Cc1cc(NC(=O)c2sc(-c3ccco3)nc2C)ccn1","7.027642303183332","7.1938712524666615","7.027642303183332","7.110756777824997","0.800934792804559","2.2956482358167847","3.6672400000000014","results/baselines/drugex_v2/formal_10240_seed42/anytime/budget_10240/quality_constrained/quality_annotated_molecules.csv","","-7.3","","-8.9","-7.3","-8.9","-7.3","-8.1","True","0.7346938775510204","0.26530612244897955","True"
"pairA","EGFR/VEGFR2","DrugEx v2","drugex_v2","42","5","DRX_AS42_05","COCC(C)NC(=O)c1cc(-c2ccco2)nc2c1cnn2C","7.011275384166659","7.288334293000006","7.011275384166659","7.149804838583332","0.7785776689699214","2.839250654544079","1.993","results/baselines/drugex_v2/formal_10240_seed42/anytime/budget_10240/quality_constrained/quality_annotated_molecules.csv","","-7.6","","-7.8","-7.6","-7.8","-7.6","-7.699999999999999","True","0.8166666666666667","0.18333333333333335","True"
"pairA","EGFR/VEGFR2","DrugEx v2","drugex_v2","42","6","DRX_AS42_06","Cc1cccc(Nc2ccc(S(=O)(=O)N3CCCC3)cn2)n1","7.4073071246666915","6.9963805139999975","6.9963805139999975","7.2018438193333445","0.9360546034129724","2.150723357186756","2.3131200000000005","results/baselines/drugex_v2/formal_10240_seed42/anytime/budget_10240/quality_constrained/quality_annotated_molecules.csv","","-7.4","","-9.5","-7.4","-9.5","-7.4","-8.45","True","0.9761904761904762","0.023809523809523836","True"
"pairA","EGFR/VEGFR2","DrugEx v2","drugex_v2","42","7","DRX_AS42_07","Cc1ccsc1C(=O)N1CCC(C(=O)Nc2cccnc2)CC1","7.1264706410999885","6.990724280000017","6.990724280000017","7.058597460550002","0.9415473106117748","2.090139073673134","2.942420000000001","results/baselines/drugex_v2/formal_10240_seed42/anytime/budget_10240/quality_constrained/quality_annotated_molecules.csv","","-8.0","","-8.9","-8.0","-8.9","-8.0","-8.45","True","0.7647058823529411","0.23529411764705888","True"
"pairA","EGFR/VEGFR2","DrugEx v2","drugex_v2","42","8","DRX_AS42_08","O=c1[nH]c(Nc2nccs2)nc2c1CCCC2","7.083748605583339","6.911934797","6.911934797","6.997841701291669","0.8505052249654876","2.797603504917479","1.8488","results/baselines/drugex_v2/formal_10240_seed42/anytime/budget_10240/quality_constrained/quality_annotated_molecules.csv","","-6.9","","-8.0","-6.9","-8.0","-6.9","-7.45","False","0.6","0.4","True"
"pairA","EGFR/VEGFR2","DrugEx v2","drugex_v2","42","9","DRX_AS42_09","Cc1ccnc(Nc2ccc(NC(=O)CC3CCCO3)cc2Cl)n1","6.90943807653336","7.081746962666677","6.90943807653336","6.995592519600018","0.8630558035557867","2.664620155845832","3.6896200000000015","results/baselines/drugex_v2/formal_10240_seed42/anytime/budget_10240/quality_constrained/quality_annotated_molecules.csv","","-7.7","","-9.4","-7.7","-9.4","-7.7","-8.55","True","0.5294117647058824","0.47058823529411764","True"
"pairA","EGFR/VEGFR2","DrugEx v2","drugex_v2","42","10","DRX_AS42_10","CC(c1cccnc1)N1CCN(C(=O)Cc2cn3ccsc3n2)CC1","7.3351196971333135","6.907739098000005","6.907739098000005","7.12142939756666","0.7202114814049392","2.9877631585185505","2.2387000000000006","results/baselines/drugex_v2/formal_10240_seed42/anytime/budget_10240/quality_constrained/quality_annotated_molecules.csv","","-7.4","","-8.3","-7.4","-8.3","-7.4","-7.8500000000000005","True","0.6307692307692307","0.36923076923076925","True"
"pairA","EGFR/VEGFR2","DrugEx v2","drugex_v2","43","1","DRX_AS43_01","O=C(NCCc1csc(N2CCCC2)n1)c1cc(-c2ccco2)n[nH]1","7.028835392816659","7.1047503875000295","7.028835392816659","7.066792890158345","0.708195879322917","2.560166620792028","2.698900000000001","results/baselines/drugex_v2/formal_10240_seed43/anytime/budget_10240/quality_constrained/quality_annotated_molecules.csv","","-7.6","","-9.2","-7.6","-9.2","-7.6","-8.399999999999999","True","0.6","0.4","True"
"pairA","EGFR/VEGFR2","DrugEx v2","drugex_v2","43","2","DRX_AS43_02","Cc1ccnc(NC(=O)c2cc(C(C)C)nc3c2cnn3C(C)C)c1","6.997978943633325","7.398178320000012","6.997978943633325","7.198078631816669","0.7779877676766129","2.449775650892361","4.091320000000003","results/baselines/drugex_v2/formal_10240_seed43/anytime/budget_10240/quality_constrained/quality_annotated_molecules.csv","","-8.2","","-9.8","-8.2","-9.8","-8.2","-9.0","True","0.8113207547169812","0.18867924528301883","True"
"pairA","EGFR/VEGFR2","DrugEx v2","drugex_v2","43","3","DRX_AS43_03","CC(C)NC(=O)C(C)N1CCN(C(=O)c2c[nH]c(=O)cn2)CC1","7.554804820999975","6.991254359000002","6.991254359000002","7.273029589999989","0.7745486866988124","2.862491195541544","-0.5591999999999984","results/baselines/drugex_v2/formal_10240_seed43/anytime/budget_10240/quality_constrained/quality_annotated_molecules.csv","","-7.1","","-7.2","-7.1","-7.2","-7.1","-7.15","True","0.5357142857142857","0.4642857142857143","True"
"pairA","EGFR/VEGFR2","DrugEx v2","drugex_v2","43","4","DRX_AS43_04","CC(C)n1cc2cc(N3CCCC3)cc(NC(=O)c3ccco3)c2n1","6.951648501566657","6.940090953000008","6.940090953000008","6.945869727283332","0.7789462815188757","2.585224313099719","4.062700000000003","results/baselines/drugex_v2/formal_10240_seed43/anytime/budget_10240/quality_constrained/quality_annotated_molecules.csv","","-8.1","","-8.9","-8.1","-8.9","-8.1","-8.5","True","0.5","0.5","True"
"pairA","EGFR/VEGFR2","DrugEx v2","drugex_v2","43","5","DRX_AS43_05","O=C(Cn1ccc(-c2ccco2)n1)Nc1ccc(F)cc1Cl","6.935512645133333","7.237620787266668","6.935512645133333","7.0865667162","0.7993396518351604","2.1974991813625824","3.574300000000002","results/baselines/drugex_v2/formal_10240_seed43/anytime/budget_10240/quality_constrained/quality_annotated_molecules.csv","","-7.3","","-9.1","-7.3","-9.1","-7.3","-8.2","True","0.6206896551724138","0.3793103448275862","True"
"pairA","EGFR/VEGFR2","DrugEx v2","drugex_v2","43","6","DRX_AS43_06","COC(=O)c1cc(NC(=O)NCc2nnc3n2CCC3)ccc1F","6.9306424395166655","7.043011959499993","6.9306424395166655","6.98682719950833","0.8258340072043355","2.283647736116716","1.4716999999999991","results/baselines/drugex_v2/formal_10240_seed43/anytime/budget_10240/quality_constrained/quality_annotated_molecules.csv","","-7.7","","-9.3","-7.7","-9.3","-7.7","-8.5","True","0.7636363636363637","0.23636363636363633","True"
"pairA","EGFR/VEGFR2","DrugEx v2","drugex_v2","43","7","DRX_AS43_07","Cc1nc(C(C)C)sc1C(=O)Nc1ccc2c(C)nn(C)c2c1","6.929026283083325","7.055492774999999","6.929026283083325","6.992259529041663","0.7896567340680761","2.4078738389079","4.0223400000000025","results/baselines/drugex_v2/formal_10240_seed43/anytime/budget_10240/quality_constrained/quality_annotated_molecules.csv","","-7.7","","-9.7","-7.7","-9.7","-7.7","-8.7","True","0.6153846153846154","0.3846153846153846","True"
"pairA","EGFR/VEGFR2","DrugEx v2","drugex_v2","43","8","DRX_AS43_08","CC(C)c1ccc2c(=O)c(S(=O)(=O)N(C)Cc3nccs3)c[nH]c2n1","7.070038904166662","6.927559622500026","6.927559622500026","6.9987992633333445","0.7349417120283795","2.9580639452067423","2.3237000000000005","results/baselines/drugex_v2/formal_10240_seed43/anytime/budget_10240/quality_constrained/quality_annotated_molecules.csv","","-6.9","","-7.6","-6.9","-7.6","-6.9","-7.25","False","0.417910447761194","0.582089552238806","True"
"pairA","EGFR/VEGFR2","DrugEx v2","drugex_v2","43","9","DRX_AS43_09","COC(=O)CCn1ccc(=O)c2ccc(-c3csc(C(C)C)n3)cc21","6.918350565333328","7.071198921999997","6.918350565333328","6.994774743666662","0.6523071659665959","2.4821732141986192","3.8115000000000014","results/baselines/drugex_v2/formal_10240_seed43/anytime/budget_10240/quality_constrained/quality_annotated_molecules.csv","","-8.0","","-8.5","-8.0","-8.5","-8.0","-8.25","True","0.5689655172413793","0.43103448275862066","True"
"pairA","EGFR/VEGFR2","DrugEx v2","drugex_v2","43","10","DRX_AS43_10","COc1cc(CCNC(=O)NCc2cc(Cl)ccn2)ccc1C","6.918027125183331","7.231429483666668","6.918027125183331","7.074728304424999","0.8534921979708108","2.0884749209028275","3.0939200000000016","results/baselines/drugex_v2/formal_10240_seed43/anytime/budget_10240/quality_constrained/quality_annotated_molecules.csv","","-7.1","","-9.5","-7.1","-9.5","-7.1","-8.3","True","0.6491228070175439","0.3508771929824561","True"
"pairA","EGFR/VEGFR2","DrugEx v2","drugex_v2","44","1","DRX_AS44_01","Cc1cc(NC(=O)c2ccc(NC(=O)c3sccc3C)cc2)ccn1","7.504982763616634","7.335572620633341","7.335572620633341","7.420277692124987","0.7374542984255535","2.0109725796219298","4.264540000000003","results/baselines/drugex_v2/formal_10240_seed44/anytime/budget_10240/quality_constrained/quality_annotated_molecules.csv","","-8.0","","-9.7","-8.0","-9.7","-8.0","-8.85","True","0.6666666666666666","0.33333333333333337","True"
"pairA","EGFR/VEGFR2","DrugEx v2","drugex_v2","44","2","DRX_AS44_02","Cc1cc(C)n(C(C)C(=O)NC(c2ccncc2)C(C)C)n1","7.269379634749999","7.32129449916667","7.269379634749999","7.295337066958334","0.9231946657584994","3.102678171413981","2.9694400000000014","results/baselines/drugex_v2/formal_10240_seed44/anytime/budget_10240/quality_constrained/quality_annotated_molecules.csv","","-6.8","","-7.1","-6.8","-7.1","-6.8","-6.949999999999999","False","0.56","0.43999999999999995","True"
"pairA","EGFR/VEGFR2","DrugEx v2","drugex_v2","44","3","DRX_AS44_03","COCCN(CC(C)C)C(=O)Cc1ccnc(OC)c1","7.5941391339999775","7.174750126666683","7.174750126666683","7.384444630333331","0.7279280789946704","2.2762419492375923","1.7636999999999998","results/baselines/drugex_v2/formal_10240_seed44/anytime/budget_10240/quality_constrained/quality_annotated_molecules.csv","","-6.0","","-6.6","-6.0","-6.6","-6.0","-6.3","False","0.64","0.36","True"
"pairA","EGFR/VEGFR2","DrugEx v2","drugex_v2","44","4","DRX_AS44_04","Cc1cc(NC(=O)C(C)NC(c2ccccc2)C(C)C)c2ncccc2c1","7.06396660143571","7.241710090500011","7.06396660143571","7.152838345967861","0.6592969212712103","2.8797529623000635","4.8571200000000045","results/baselines/drugex_v2/formal_10240_seed44/anytime/budget_10240/quality_constrained/quality_annotated_molecules.csv","","-8.1","","-9.0","-8.1","-9.0","-8.1","-8.55","True","0.6727272727272727","0.32727272727272727","True"
"pairA","EGFR/VEGFR2","DrugEx v2","drugex_v2","44","5","DRX_AS44_05","Cc1c(C(=O)Nc2ccc3ncccc3c2)cnn1-c1nccs1","6.987319234823806","7.037052558000015","6.987319234823806","7.012185896411911","0.6223406026347302","2.3121374193746345","3.437720000000001","results/baselines/drugex_v2/formal_10240_seed44/anytime/budget_10240/quality_constrained/quality_annotated_molecules.csv","","-7.9","","-9.1","-7.9","-9.1","-7.9","-8.5","True","0.5806451612903226","0.4193548387096774","True"
"pairA","EGFR/VEGFR2","DrugEx v2","drugex_v2","44","6","DRX_AS44_06","O=C(CCCN1CCOC1=O)NCc1ccnc(OC2CCC2)c1","7.030677278800009","6.974439198666683","6.974439198666683","7.0025582387333465","0.7852499086933442","2.4661190916154343","1.8615","results/baselines/drugex_v2/formal_10240_seed44/anytime/budget_10240/quality_constrained/quality_annotated_molecules.csv","","-6.7","","-8.8","-6.7","-8.8","-6.7","-7.75","False","0.85","0.15000000000000002","True"
"pairA","EGFR/VEGFR2","DrugEx v2","drugex_v2","44","7","DRX_AS44_07","CC(NS(=O)(=O)c1cccc2cnccc12)c1ccccc1","7.041782939799998","6.958543703000015","6.958543703000015","7.000163321400007","0.8040722529364309","2.384604450084137","3.274300000000002","results/baselines/drugex_v2/formal_10240_seed44/anytime/budget_10240/quality_constrained/quality_annotated_molecules.csv","","-8.0","","-9.3","-8.0","-9.3","-8.0","-8.65","True","0.8780487804878049","0.12195121951219512","True"
"pairA","EGFR/VEGFR2","DrugEx v2","drugex_v2","44","8","DRX_AS44_08","CC(C1CC1)N(C)S(=O)(=O)c1cccc2cnccc12","6.980853516466663","6.956894396500018","6.956894396500018","6.968873956483341","0.8695322438768711","2.7883922928842217","2.6538000000000013","results/baselines/drugex_v2/formal_10240_seed44/anytime/budget_10240/quality_constrained/quality_annotated_molecules.csv","","-6.9","","-7.0","-6.9","-7.0","-6.9","-6.95","False","1.0","0.0","False"
"pairA","EGFR/VEGFR2","DrugEx v2","drugex_v2","44","9","DRX_AS44_09","CC(C)CNC(=O)COc1nncc2ccccc12","6.948921826499995","7.561372591000033","6.948921826499995","7.255147208750014","0.8886155655850785","2.172520738396312","1.7807999999999995","results/baselines/drugex_v2/formal_10240_seed44/anytime/budget_10240/quality_constrained/quality_annotated_molecules.csv","","-7.1","","-8.4","-7.1","-8.4","-7.1","-7.75","True","1.0","0.0","False"
"pairA","EGFR/VEGFR2","DrugEx v2","drugex_v2","44","10","DRX_AS44_10","Cc1cc(C)n2ncc(C(=O)Nc3ccnc(N(C)C)n3)c2n1","6.938834412666674","7.214049279800014","6.938834412666674","7.076441846233344","0.7874643657110456","2.538669099896911","1.4544399999999995","results/baselines/drugex_v2/formal_10240_seed44/anytime/budget_10240/quality_constrained/quality_annotated_molecules.csv","","-7.3","","-9.3","-7.3","-9.3","-7.3","-8.3","True","0.660377358490566","0.339622641509434","True"
"pairA","EGFR/VEGFR2","DrugEx v2","drugex_v2","45","1","DRX_AS45_01","COc1cc(OC)nc(NC(=O)c2cccc3ccccc23)n1","7.096684982466656","7.322467596700007","7.096684982466656","7.209576289583332","0.8019115052244318","2.0461754373094987","2.899300000000001","results/baselines/drugex_v2/formal_10240_seed45/anytime/budget_10240/quality_constrained/quality_annotated_molecules.csv","","-7.8","","-9.2","-7.8","-9.2","-7.8","-8.5","True","0.6829268292682927","0.31707317073170727","True"
"pairA","EGFR/VEGFR2","DrugEx v2","drugex_v2","45","2","DRX_AS45_02","CNc1cc(S(=O)(=O)NC(C)C(=O)N2CCCCC2)ccn1","7.06659488146665","7.417206191966687","7.06659488146665","7.241900536716669","0.8350764079142243","2.7171860750165813","0.8025999999999991","results/baselines/drugex_v2/formal_10240_seed45/anytime/budget_10240/quality_constrained/quality_annotated_molecules.csv","","-6.5","","-8.1","-6.5","-8.1","-6.5","-7.3","False","0.6274509803921569","0.37254901960784315","True"
"pairA","EGFR/VEGFR2","DrugEx v2","drugex_v2","45","3","DRX_AS45_03","O=C(Nc1nc(-c2ccco2)cs1)N1CCN(CC(F)F)CC1","7.02059952213333","7.026408418000012","7.02059952213333","7.023503970066671","0.928082347719022","2.4526376750717365","2.817700000000001","results/baselines/drugex_v2/formal_10240_seed45/anytime/budget_10240/quality_constrained/quality_annotated_molecules.csv","","-7.0","","-8.4","-7.0","-8.4","-7.0","-7.7","True","0.5901639344262295","0.4098360655737705","True"
"pairA","EGFR/VEGFR2","DrugEx v2","drugex_v2","45","4","DRX_AS45_04","O=C(c1c[nH]c(=O)cn1)N1CCC(Oc2cccc(Cl)c2)C1","7.352102379833323","6.996542907666671","6.996542907666671","7.174322643749997","0.9343200393043954","2.8725231314028203","1.7167999999999994","results/baselines/drugex_v2/formal_10240_seed45/anytime/budget_10240/quality_constrained/quality_annotated_molecules.csv","","-7.3","","-9.3","-7.3","-9.3","-7.3","-8.3","True","0.7192982456140351","0.2807017543859649","True"
"pairA","EGFR/VEGFR2","DrugEx v2","drugex_v2","45","5","DRX_AS45_05","N#Cc1cccc(CNC(=O)c2c[nH]c(=O)cn2)c1","7.044184884233332","6.982758099999987","6.982758099999987","7.013471492116659","0.8360595301102978","2.306866892242466","0.57158","results/baselines/drugex_v2/formal_10240_seed45/anytime/budget_10240/quality_constrained/quality_annotated_molecules.csv","","-7.3","","-8.9","-7.3","-8.9","-7.3","-8.1","True","0.6666666666666666","0.33333333333333337","True"
"pairA","EGFR/VEGFR2","DrugEx v2","drugex_v2","45","6","DRX_AS45_06","Cc1ccc(-c2cc(C(=O)Nc3ccon3)no2)cc1F","6.954482870483328","6.950699447300001","6.950699447300001","6.952591158891664","0.8003455677140774","2.3791036204321703","3.029420000000001","results/baselines/drugex_v2/formal_10240_seed45/anytime/budget_10240/quality_constrained/quality_annotated_molecules.csv","","-8.3","","-9.8","-8.3","-9.8","-8.3","-9.05","True","0.75","0.25","True"
"pairA","EGFR/VEGFR2","DrugEx v2","drugex_v2","45","7","DRX_AS45_07","Cc1cc(C)nc(NC(=O)c2cccc(NC(=O)c3ccco3)c2)n1","6.935982533233328","7.207736341000015","6.935982533233328","7.071859437116672","0.7623926849547906","2.0309753965233384","3.191040000000001","results/baselines/drugex_v2/formal_10240_seed45/anytime/budget_10240/quality_constrained/quality_annotated_molecules.csv","","-8.3","","-10.5","-8.3","-10.5","-8.3","-9.4","True","0.7291666666666666","0.27083333333333337","True"
"pairA","EGFR/VEGFR2","DrugEx v2","drugex_v2","45","8","DRX_AS45_08","COc1cccc2c(Nc3ccc(C(N)=O)cn3)cccc12","6.918738464666677","7.052383366999986","6.918738464666677","6.985560915833331","0.7746105435411568","1.963409071472471","3.0859000000000005","results/baselines/drugex_v2/formal_10240_seed45/anytime/budget_10240/quality_constrained/quality_annotated_molecules.csv","","-8.0","","-9.5","-8.0","-9.5","-8.0","-8.75","True","0.5172413793103449","0.48275862068965514","True"
"pairA","EGFR/VEGFR2","DrugEx v2","drugex_v2","45","9","DRX_AS45_09","CCC(C(=O)Nc1nccs1)N1Cc2ccccc2S1(=O)=O","6.910579816916647","7.143270736100016","6.910579816916647","7.026925276508331","0.9260581799892476","3.1708490087512766","2.0647","results/baselines/drugex_v2/formal_10240_seed45/anytime/budget_10240/quality_constrained/quality_annotated_molecules.csv","","-7.3","","-7.0","-7.3","-7.0","-7.0","-7.15","True","0.6","0.4","True"
"pairA","EGFR/VEGFR2","DrugEx v2","drugex_v2","45","10","DRX_AS45_10","CS(=O)(=O)N1CCC(NC(=O)Nc2ccc3ncccc3c2)CC1","6.906148673959518","6.961989974000001","6.906148673959518","6.93406932397976","0.8843923911765332","2.106349772315811","1.7802999999999998","results/baselines/drugex_v2/formal_10240_seed45/anytime/budget_10240/quality_constrained/quality_annotated_molecules.csv","","-7.9","","-9.0","-7.9","-9.0","-7.9","-8.45","True","0.6792452830188679","0.3207547169811321","True"
"pairA","EGFR/VEGFR2","DrugEx v2","drugex_v2","46","1","DRX_AS46_01","COc1ccc(Cl)cc1C(=O)Nc1nccc2c1ncn2C1CC1","7.587777416433307","7.411011384666659","7.411011384666659","7.499394400549983","0.7848609901989013","2.315648641094091","3.680500000000002","results/baselines/drugex_v2/formal_10240_seed46/anytime/budget_10240/quality_constrained/quality_annotated_molecules.csv","","-7.3","","-8.8","-7.3","-8.8","-7.3","-8.05","True","0.5172413793103449","0.48275862068965514","True"
"pairA","EGFR/VEGFR2","DrugEx v2","drugex_v2","46","2","DRX_AS46_02","Cc1ccsc1CNC(=O)NCc1ccnc(OC(C)(C)C)c1","7.581516348833314","7.3302097419666685","7.3302097419666685","7.455863045399991","0.8780937697759731","2.4960683787430646","3.6282200000000016","results/baselines/drugex_v2/formal_10240_seed46/anytime/budget_10240/quality_constrained/quality_annotated_molecules.csv","","-7.3","","-8.4","-7.3","-8.4","-7.3","-7.85","True","0.78","0.21999999999999997","True"
"pairA","EGFR/VEGFR2","DrugEx v2","drugex_v2","46","3","DRX_AS46_03","CCCN1CCN(C(=O)c2nc(-c3ccco3)n(-c3cccc(F)c3)n2)CC1","7.082375344999995","7.051235514000014","7.051235514000014","7.066805429500004","0.6777836820751814","2.400166519021637","2.834200000000001","results/baselines/drugex_v2/formal_10240_seed46/anytime/budget_10240/quality_constrained/quality_annotated_molecules.csv","","-7.8","","-9.4","-7.8","-9.4","-7.8","-8.6","True","0.5625","0.4375","True"
"pairA","EGFR/VEGFR2","DrugEx v2","drugex_v2","46","4","DRX_AS46_04","CCCNC(=O)C(C)Sc1nncc2ccccc12","7.02325300266667","7.305089328000017","7.02325300266667","7.164171165333343","0.8523009162238262","2.659959706751568","2.6366000000000005","results/baselines/drugex_v2/formal_10240_seed46/anytime/budget_10240/quality_constrained/quality_annotated_molecules.csv","","-7.1","","-7.5","-7.1","-7.5","-7.1","-7.3","True","0.673469387755102","0.326530612244898","True"
"pairA","EGFR/VEGFR2","DrugEx v2","drugex_v2","46","5","DRX_AS46_05","CC(C)c1ccc(NC(=O)N2CCC(Cn3ccnn3)CC2)cc1Cl","7.121016010307136","6.964008143000006","6.964008143000006","7.042512076653571","0.8947410280876614","2.468061420358657","3.999000000000003","results/baselines/drugex_v2/formal_10240_seed46/anytime/budget_10240/quality_constrained/quality_annotated_molecules.csv","","-7.7","","-8.8","-7.7","-8.8","-7.7","-8.25","True","0.6507936507936508","0.3492063492063492","True"
"pairA","EGFR/VEGFR2","DrugEx v2","drugex_v2","46","6","DRX_AS46_06","CC(C)c1cccc(NC(=O)CNC(=O)c2cc(Cl)ccn2)c1","6.957002594023805","7.287611442383339","6.957002594023805","7.122307018203572","0.8832446341218462","1.956064051819988","3.226900000000001","results/baselines/drugex_v2/formal_10240_seed46/anytime/budget_10240/quality_constrained/quality_annotated_molecules.csv","","-7.6","","-9.4","-7.6","-9.4","-7.6","-8.5","True","0.7450980392156863","0.2549019607843137","True"
"pairA","EGFR/VEGFR2","DrugEx v2","drugex_v2","46","7","DRX_AS46_07","CC(C)Oc1ccc(C#N)cc1NC(=O)c1c[nH]c(=O)cn1","7.268188687999983","6.9242043036666505","6.9242043036666505","7.096196495833317","0.8924165231493782","2.462693092369607","1.6810799999999997","results/baselines/drugex_v2/formal_10240_seed46/anytime/budget_10240/quality_constrained/quality_annotated_molecules.csv","","-7.1","","-7.5","-7.1","-7.5","-7.1","-7.3","True","0.6607142857142857","0.3392857142857143","True"
"pairA","EGFR/VEGFR2","DrugEx v2","drugex_v2","46","8","DRX_AS46_08","CCOC(=O)c1cc2occc2nc1-c1ccc(S(C)(=O)=O)cc1","6.982512094833336","6.922162091666675","6.922162091666675","6.952337093250005","0.6754926742836886","2.2930702322334167","3.075000000000002","results/baselines/drugex_v2/formal_10240_seed46/anytime/budget_10240/quality_constrained/quality_annotated_molecules.csv","","-7.2","","-7.1","-7.2","-7.1","-7.1","-7.15","True","0.5454545454545454","0.4545454545454546","True"
"pairA","EGFR/VEGFR2","DrugEx v2","drugex_v2","46","9","DRX_AS46_09","Cc1cc(S(C)(=O)=O)ccc1-c1csc(Nc2ccccn2)n1","7.169755238166691","6.914630665999979","6.914630665999979","7.042192952083335","0.7811025275919447","2.2125002463466146","3.6606200000000015","results/baselines/drugex_v2/formal_10240_seed46/anytime/budget_10240/quality_constrained/quality_annotated_molecules.csv","","-8.0","","-8.6","-8.0","-8.6","-8.0","-8.3","True","0.6226415094339622","0.37735849056603776","True"
"pairA","EGFR/VEGFR2","DrugEx v2","drugex_v2","46","10","DRX_AS46_10","CC(C)n1cc(NC(=O)Nc2ccc(F)c(Cl)c2)cn1","6.914140237607138","7.203128706380975","6.914140237607138","7.058634471994056","0.9021715166395878","2.132002788398431","3.9005000000000014","results/baselines/drugex_v2/formal_10240_seed46/anytime/budget_10240/quality_constrained/quality_annotated_molecules.csv","","-6.9","","-8.6","-6.9","-8.6","-6.9","-7.75","False","0.62","0.38","True"
"pairA","EGFR/VEGFR2","DrugEx v2","drugex_v2","47","1","DRX_AS47_01","CC(C)c1ccsc1C(=O)Nc1ccnc(S(N)(=O)=O)c1","7.11940292420714","7.468955043800012","7.11940292420714","7.294178984003576","0.8988690173698973","2.5931998957358147","2.1662","results/baselines/drugex_v2/formal_10240_seed47/anytime/budget_10240/quality_constrained/quality_annotated_molecules.csv","","-7.1","","-8.8","-7.1","-8.8","-7.1","-7.95","True","0.6938775510204082","0.30612244897959184","True"
"pairA","EGFR/VEGFR2","DrugEx v2","drugex_v2","47","2","DRX_AS47_02","COc1cc(C)ccc1Nc1nccc(CCNC(=O)C2CC2)n1","7.126650700999997","7.0925654082000245","7.0925654082000245","7.109608054600011","0.8177748769761258","2.142223527971918","2.60592","results/baselines/drugex_v2/formal_10240_seed47/anytime/budget_10240/quality_constrained/quality_annotated_molecules.csv","","-7.2","","-8.8","-7.2","-8.8","-7.2","-8.0","True","0.5964912280701754","0.4035087719298246","True"
"pairA","EGFR/VEGFR2","DrugEx v2","drugex_v2","47","3","DRX_AS47_03","COc1ccccc1Nc1ncccc1C(=O)NCc1ccccn1","6.971739747016677","6.974968344000012","6.971739747016677","6.973354045508344","0.7240409557323532","1.9563007619932904","3.158800000000001","results/baselines/drugex_v2/formal_10240_seed47/anytime/budget_10240/quality_constrained/quality_annotated_molecules.csv","","-7.9","","-8.7","-7.9","-8.7","-7.9","-8.3","True","0.7735849056603774","0.2264150943396226","True"
"pairA","EGFR/VEGFR2","DrugEx v2","drugex_v2","47","4","DRX_AS47_04","Cn1cnc(CNC(=O)Nc2ccc(Cl)c(NC(=O)C3CC3)c2)n1","6.955824072333338","7.029007323999994","6.955824072333338","6.992415698166666","0.7700733272346905","2.391534985390708","2.1387","results/baselines/drugex_v2/formal_10240_seed47/anytime/budget_10240/quality_constrained/quality_annotated_molecules.csv","","-7.2","","-8.8","-7.2","-8.8","-7.2","-8.0","True","0.7547169811320755","0.24528301886792447","True"
"pairA","EGFR/VEGFR2","DrugEx v2","drugex_v2","47","5","DRX_AS47_05","COC(=O)Cn1c(CC(F)(F)F)nc2cc(F)ccc21","7.206238741199992","6.921758916199986","6.921758916199986","7.063998828699988","0.6440060218189176","2.336728615904258","2.4532000000000007","results/baselines/drugex_v2/formal_10240_seed47/anytime/budget_10240/quality_constrained/quality_annotated_molecules.csv","","-6.7","","-6.5","-6.7","-6.5","-6.5","-6.6","False","1.0","0.0","False"
"pairA","EGFR/VEGFR2","DrugEx v2","drugex_v2","47","6","DRX_AS47_06","Cn1c(Cn2ncc3ccccc3c2=O)cc(=O)n(C)c1=O","6.885127303999986","6.996804917000014","6.885127303999986","6.9409661105","0.658481890346504","2.367869637136316","-0.1578000000000001","results/baselines/drugex_v2/formal_10240_seed47/anytime/budget_10240/quality_constrained/quality_annotated_molecules.csv","","-7.5","","-8.3","-7.5","-8.3","-7.5","-7.9","True","1.0","0.0","False"
"pairA","EGFR/VEGFR2","DrugEx v2","drugex_v2","47","7","DRX_AS47_07","COC(=O)CCCC(=O)N1CCN(C(C)c2cccnc2)CC1","7.454244882833316","6.884282132000009","6.884282132000009","7.169263507416662","0.7458623058674726","2.5933813054316524","1.6300999999999997","results/baselines/drugex_v2/formal_10240_seed47/anytime/budget_10240/quality_constrained/quality_annotated_molecules.csv","","-6.8","","-7.8","-6.8","-7.8","-6.8","-7.3","False","0.7692307692307693","0.23076923076923073","True"
"pairA","EGFR/VEGFR2","DrugEx v2","drugex_v2","47","8","DRX_AS47_08","COc1ccc(NC(=O)NCc2ncn(C)n2)cc1C(F)(F)F","7.009364420666681","6.870331795899982","6.870331795899982","6.939848108283331","0.9006346572059661","2.5012628498969107","2.1642","results/baselines/drugex_v2/formal_10240_seed47/anytime/budget_10240/quality_constrained/quality_annotated_molecules.csv","","-6.8","","-8.6","-6.8","-8.6","-6.8","-7.699999999999999","False","0.7692307692307693","0.23076923076923073","True"
"pairA","EGFR/VEGFR2","DrugEx v2","drugex_v2","47","9","DRX_AS47_09","Clc1ccc(CNc2nncc3ccccc23)c(Cl)c1","6.8687889675000005","7.925054440000014","6.8687889675000005","7.396921703750007","0.7711666718969721","2.0824258749670346","4.548700000000001","results/baselines/drugex_v2/formal_10240_seed47/anytime/budget_10240/quality_constrained/quality_annotated_molecules.csv","","-8.1","","-9.7","-8.1","-9.7","-8.1","-8.899999999999999","True","0.5102040816326531","0.4897959183673469","True"
"pairA","EGFR/VEGFR2","DrugEx v2","drugex_v2","47","10","DRX_AS47_10","CC(c1ccccc1)S(=O)(=O)c1ccc2ncccc2c1","6.8681404008690405","6.950348326000007","6.8681404008690405","6.909244363434524","0.739035893300616","2.497418999043836","3.769700000000002","results/baselines/drugex_v2/formal_10240_seed47/anytime/budget_10240/quality_constrained/quality_annotated_molecules.csv","","-8.0","","-9.3","-8.0","-9.3","-8.0","-8.65","True","0.5490196078431373","0.4509803921568627","True"
"pairA","EGFR/VEGFR2","DrugEx v2","drugex_v2","48","1","DRX_AS48_01","CCOC(=O)C(C)NS(=O)(=O)c1cccc2cnccc12","6.972044297133345","7.084300773000025","6.972044297133345","7.028172535066685","0.8453271521632768","2.582687274905904","1.4647","results/baselines/drugex_v2/formal_10240_seed48/anytime/budget_10240/quality_constrained/quality_annotated_molecules.csv","","-7.2","","-7.7","-7.2","-7.7","-7.2","-7.45","True","0.7058823529411765","0.2941176470588235","True"
"pairA","EGFR/VEGFR2","DrugEx v2","drugex_v2","48","2","DRX_AS48_02","CCc1nc(Nc2nc3ccccc3o2)ncc1C(=O)OC","6.961173142250007","7.034049224000013","6.961173142250007","6.997611183125009","0.7403786975006765","2.3863892912526907","2.710400000000001","results/baselines/drugex_v2/formal_10240_seed48/anytime/budget_10240/quality_constrained/quality_annotated_molecules.csv","","-7.5","","-8.8","-7.5","-8.8","-7.5","-8.15","True","0.6727272727272727","0.32727272727272727","True"
"pairA","EGFR/VEGFR2","DrugEx v2","drugex_v2","48","3","DRX_AS48_03","CC(C)(C)OC(=O)Nc1cc(CC(=O)N2CCCC2)cnn1","6.986631577833333","6.924103444","6.924103444","6.955367510916666","0.9228288759742844","2.399475185686125","1.9885","results/baselines/drugex_v2/formal_10240_seed48/anytime/budget_10240/quality_constrained/quality_annotated_molecules.csv","","-7.4","","-8.6","-7.4","-8.6","-7.4","-8.0","True","0.5","0.5","True"
"pairA","EGFR/VEGFR2","DrugEx v2","drugex_v2","48","4","DRX_AS48_04","O=C(c1c[nH]c(=O)cn1)N1CCN(Cc2nnnn2C2CC2)CC1","7.19063401916665","6.917998028000007","6.917998028000007","7.054316023583328","0.7686473217212066","2.67318330566226","-0.9506999999999995","results/baselines/drugex_v2/formal_10240_seed48/anytime/budget_10240/quality_constrained/quality_annotated_molecules.csv","","-7.3","","-9.0","-7.3","-9.0","-7.3","-8.15","True","0.5964912280701754","0.4035087719298246","True"
"pairA","EGFR/VEGFR2","DrugEx v2","drugex_v2","48","5","DRX_AS48_05","Cc1cccc(NC(=O)c2cccc3cnccc23)c1","6.90919261436665","7.582331162000007","6.90919261436665","7.245761888183329","0.7629621961121291","1.7265248139590756","3.7955200000000016","results/baselines/drugex_v2/formal_10240_seed48/anytime/budget_10240/quality_constrained/quality_annotated_molecules.csv","","-8.5","","-10.1","-8.5","-10.1","-8.5","-9.3","True","0.58","0.42000000000000004","True"
"pairA","EGFR/VEGFR2","DrugEx v2","drugex_v2","48","6","DRX_AS48_06","CC(C(=O)Nc1cccc2cnccc12)N1CCCC1=O","6.920222770833329","6.896559880000012","6.896559880000012","6.9083913254166704","0.9388189255377388","2.6126651528899902","2.1842","results/baselines/drugex_v2/formal_10240_seed48/anytime/budget_10240/quality_constrained/quality_annotated_molecules.csv","","-7.7","","-9.0","-7.7","-9.0","-7.7","-8.35","True","0.65","0.35","True"
"pairA","EGFR/VEGFR2","DrugEx v2","drugex_v2","48","7","DRX_AS48_07","CC(OC(=O)CCn1cnc2sccc2c1=O)c1cccc(F)c1","6.991877961999991","6.8818041105","6.8818041105","6.936841036249996","0.6652537303484071","2.819912119253269","3.2916000000000016","results/baselines/drugex_v2/formal_10240_seed48/anytime/budget_10240/quality_constrained/quality_annotated_molecules.csv","","-7.6","","-9.0","-7.6","-9.0","-7.6","-8.3","True","0.75","0.25","True"
"pairA","EGFR/VEGFR2","DrugEx v2","drugex_v2","48","8","DRX_AS48_08","CCC(NS(=O)(=O)c1ccc2c(ccn2C)c1)c1nccs1","6.866411179666668","6.948409417000005","6.866411179666668","6.907410298333336","0.7792051483873144","2.942968115451027","3.064400000000002","results/baselines/drugex_v2/formal_10240_seed48/anytime/budget_10240/quality_constrained/quality_annotated_molecules.csv","","-6.8","","-7.8","-6.8","-7.8","-6.8","-7.3","False","0.6111111111111112","0.38888888888888884","True"
"pairA","EGFR/VEGFR2","DrugEx v2","drugex_v2","48","9","DRX_AS48_09","CC(NC(c1ccccc1)C(C)C)C(=O)NCc1cc[nH]n1","6.888408506083329","6.865158616750001","6.865158616750001","6.876783561416666","0.7351736934891198","3.3336185436224177","2.4013","results/baselines/drugex_v2/formal_10240_seed48/anytime/budget_10240/quality_constrained/quality_annotated_molecules.csv","","-7.2","","-8.9","-7.2","-8.9","-7.2","-8.05","True","0.6304347826086957","0.3695652173913043","True"
"pairA","EGFR/VEGFR2","DrugEx v2","drugex_v2","48","10","DRX_AS48_10","CN(CCCc1cnn(C)c1)S(=O)(=O)c1cccc2cnccc12","6.856102743800002","7.057329648000015","6.856102743800002","6.956716195900008","0.6875232448116718","2.428397057383684","2.2216","results/baselines/drugex_v2/formal_10240_seed48/anytime/budget_10240/quality_constrained/quality_annotated_molecules.csv","","-6.9","","-8.3","-6.9","-8.3","-6.9","-7.6000000000000005","False","0.660377358490566","0.339622641509434","True"
"pairA","EGFR/VEGFR2","DrugEx v2","drugex_v2","49","1","DRX_AS49_01","Cc1cc(C)nc(N2CCC(CNC(=O)NCc3ccco3)CC2)n1","7.0296399790000015","7.1789286400000165","7.0296399790000015","7.104284309500009","0.8709064630842914","2.338112774638182","2.40224","results/baselines/drugex_v2/formal_10240_seed49/anytime/budget_10240/quality_constrained/quality_annotated_molecules.csv","","-7.7","","-8.9","-7.7","-8.9","-7.7","-8.3","True","0.6206896551724138","0.3793103448275862","True"
"pairA","EGFR/VEGFR2","DrugEx v2","drugex_v2","49","2","DRX_AS49_02","COC(=O)c1ccc(C(C)Sc2nncs2)s1","7.396854240999989","7.023411699892864","7.023411699892864","7.210132970446427","0.6376998437290725","3.2854109989137603","3.2395000000000023","results/baselines/drugex_v2/formal_10240_seed49/anytime/budget_10240/quality_constrained/quality_annotated_molecules.csv","","-5.8","","-7.0","-5.8","-7.0","-5.8","-6.4","False","0.6","0.4","True"
"pairA","EGFR/VEGFR2","DrugEx v2","drugex_v2","49","3","DRX_AS49_03","O=C(NCCc1nc2ccccc2s1)c1c[nH]c(=O)cn1","7.41152548173333","6.977501913000007","6.977501913000007","7.194513697366668","0.761114378612507","2.379256230772649","1.3521","results/baselines/drugex_v2/formal_10240_seed49/anytime/budget_10240/quality_constrained/quality_annotated_molecules.csv","","-7.2","","-8.8","-7.2","-8.8","-7.2","-8.0","True","0.6666666666666666","0.33333333333333337","True"
"pairA","EGFR/VEGFR2","DrugEx v2","drugex_v2","49","4","DRX_AS49_04","Cc1cc(C)n(CC2CCCN2C(=O)c2cc(-c3ccco3)on2)n1","6.973826562000011","7.348243372533352","6.973826562000011","7.161034967266682","0.729331511595535","3.042406230172924","3.052740000000002","results/baselines/drugex_v2/formal_10240_seed49/anytime/budget_10240/quality_constrained/quality_annotated_molecules.csv","","-7.6","","-9.0","-7.6","-9.0","-7.6","-8.3","True","1.0","0.0","False"
"pairA","EGFR/VEGFR2","DrugEx v2","drugex_v2","49","5","DRX_AS49_05","Cc1ccc(C(C)NS(=O)(=O)c2cccc3cnccc23)o1","6.972337189299999","6.98918051500002","6.972337189299999","6.980758852150009","0.8021617304558257","2.7433088102401086","3.175720000000001","results/baselines/drugex_v2/formal_10240_seed49/anytime/budget_10240/quality_constrained/quality_annotated_molecules.csv","","-7.6","","-8.7","-7.6","-8.7","-7.6","-8.149999999999999","True","1.0","0.0","False"
"pairA","EGFR/VEGFR2","DrugEx v2","drugex_v2","49","6","DRX_AS49_06","Cc1cc(C)nc(C2CCN(C(=O)NC(C)Cc3ccco3)C2)n1","6.970752916000002","7.221720976250018","6.970752916000002","7.0962369461250105","0.9366309116940872","3.215395039031724","2.8165400000000016","results/baselines/drugex_v2/formal_10240_seed49/anytime/budget_10240/quality_constrained/quality_annotated_molecules.csv","","-7.0","","-7.4","-7.0","-7.4","-7.0","-7.2","True","0.6290322580645161","0.3709677419354839","True"
"pairA","EGFR/VEGFR2","DrugEx v2","drugex_v2","49","7","DRX_AS49_07","COC(=O)CNC(=O)c1cccnc1Nc1cccc(C)c1","6.961049002249981","7.179542490000005","6.961049002249981","7.070295746124993","0.8258113515790655","1.9415414713306784","2.03642","results/baselines/drugex_v2/formal_10240_seed49/anytime/budget_10240/quality_constrained/quality_annotated_molecules.csv","","-7.1","","-8.7","-7.1","-8.7","-7.1","-7.8999999999999995","True","0.5862068965517241","0.4137931034482759","True"
"pairA","EGFR/VEGFR2","DrugEx v2","drugex_v2","49","8","DRX_AS49_08","Brc1ccc2ncc(Nc3ccccn3)nc2c1","7.153039090666674","6.939377042749991","6.939377042749991","7.046208066708332","0.7864226288611571","2.173839228604397","3.5309000000000017","results/baselines/drugex_v2/formal_10240_seed49/anytime/budget_10240/quality_constrained/quality_annotated_molecules.csv","","-7.3","","-9.1","-7.3","-9.1","-7.3","-8.2","True","0.6216216216216216","0.3783783783783784","True"
"pairA","EGFR/VEGFR2","DrugEx v2","drugex_v2","49","9","DRX_AS49_09","CNc1ccc(S(=O)(=O)NCCc2cnn(C)c2)cn1","6.931855868333325","6.925753874999996","6.925753874999996","6.92880487166666","0.8039252224552542","2.383335026160669","0.3777999999999992","results/baselines/drugex_v2/formal_10240_seed49/anytime/budget_10240/quality_constrained/quality_annotated_molecules.csv","","-6.6","","-7.4","-6.6","-7.4","-6.6","-7.0","False","0.6956521739130435","0.30434782608695654","True"
"pairA","EGFR/VEGFR2","DrugEx v2","drugex_v2","49","10","DRX_AS49_10","Cc1cccc(Nc2ccc(S(=O)(=O)N3CCOCC3)cn2)n1","7.423062774666691","6.9244719609999965","6.9244719609999965","7.173767367833344","0.9130891975958316","2.233148863882924","1.5495199999999998","results/baselines/drugex_v2/formal_10240_seed49/anytime/budget_10240/quality_constrained/quality_annotated_molecules.csv","","-8.1","","-8.6","-8.1","-8.6","-8.1","-8.35","True","1.0","0.0","False"
"pairA","EGFR/VEGFR2","DrugEx v2","drugex_v2","50","1","DRX_AS50_01","O=c1oc(-c2ccco2)nn1CC(O)c1cccc(F)c1","7.098638470199998","7.414368038000022","7.098638470199998","7.256503254100011","0.7940860600087936","2.8849128451976807","1.969","results/baselines/drugex_v2/formal_10240_seed50/anytime/budget_10240/quality_constrained/quality_annotated_molecules.csv","","-7.3","","-9.2","-7.3","-9.2","-7.3","-8.25","True","1.0","0.0","False"
"pairA","EGFR/VEGFR2","DrugEx v2","drugex_v2","50","2","DRX_AS50_02","Cc1cnc(Nc2ccc3c(c2)N(S(C)(=O)=O)CC3)nc1","7.169174194000017","7.015497004000021","7.015497004000021","7.092335599000019","0.9363524869351944","2.3800629163904485","1.85072","results/baselines/drugex_v2/formal_10240_seed50/anytime/budget_10240/quality_constrained/quality_annotated_molecules.csv","","-7.4","","-8.3","-7.4","-8.3","-7.4","-7.8500000000000005","True","0.5882352941176471","0.4117647058823529","True"
"pairA","EGFR/VEGFR2","DrugEx v2","drugex_v2","50","3","DRX_AS50_03","CC(C)Cc1nnc(C(=O)Nc2nncc3ccccc23)o1","6.998899014750015","7.989508320000032","6.998899014750015","7.494203667375023","0.7946437800418665","2.620767313230713","2.4636000000000005","results/baselines/drugex_v2/formal_10240_seed50/anytime/budget_10240/quality_constrained/quality_annotated_molecules.csv","","-8.3","","-9.4","-8.3","-9.4","-8.3","-8.850000000000001","True","0.5087719298245614","0.49122807017543857","True"
"pairA","EGFR/VEGFR2","DrugEx v2","drugex_v2","50","4","DRX_AS50_04","COc1ccc(C(=O)NC(c2ccncc2)C(C)C)cc1F","6.986548395788882","7.3645096053000065","6.986548395788882","7.175529000544444","0.9211385739690192","2.4222947761515137","3.3564000000000025","results/baselines/drugex_v2/formal_10240_seed50/anytime/budget_10240/quality_constrained/quality_annotated_molecules.csv","","-6.9","","-7.5","-6.9","-7.5","-6.9","-7.2","False","0.6122448979591837","0.3877551020408163","True"
"pairA","EGFR/VEGFR2","DrugEx v2","drugex_v2","50","5","DRX_AS50_05","CCC(C)NC(=O)NCCn1nc(-c2ccco2)oc1=O","7.009505189666675","6.982763836000009","6.982763836000009","6.996134512833342","0.832878762790643","2.929979807388033","1.1939999999999995","results/baselines/drugex_v2/formal_10240_seed50/anytime/budget_10240/quality_constrained/quality_annotated_molecules.csv","","-6.8","","-8.1","-6.8","-8.1","-6.8","-7.449999999999999","False","0.6071428571428571","0.3928571428571429","True"
"pairA","EGFR/VEGFR2","DrugEx v2","drugex_v2","50","6","DRX_AS50_06","Cc1cc(C)n(CC2CCCN2C(=O)C(C)NC(=O)c2ccco2)n1","6.9657711020000095","7.286404376666693","6.9657711020000095","7.126087739333351","0.89825884897407","3.1513595668873844","1.90244","results/baselines/drugex_v2/formal_10240_seed50/anytime/budget_10240/quality_constrained/quality_annotated_molecules.csv","","-6.8","","-9.1","-6.8","-9.1","-6.8","-7.949999999999999","False","0.6774193548387096","0.32258064516129037","True"
"pairA","EGFR/VEGFR2","DrugEx v2","drugex_v2","50","7","DRX_AS50_07","O=C(CNC(=O)c1ccccn1)NCc1cc(-c2ccco2)on1","6.963588510985711","7.01414630625001","6.963588510985711","6.98886740861786","0.7077887097511398","2.310125771022985","1.3757999999999997","results/baselines/drugex_v2/formal_10240_seed50/anytime/budget_10240/quality_constrained/quality_annotated_molecules.csv","","-7.3","","-9.0","-7.3","-9.0","-7.3","-8.15","True","0.7307692307692307","0.2692307692307693","True"
"pairA","EGFR/VEGFR2","DrugEx v2","drugex_v2","50","8","DRX_AS50_08","O=S(=O)(c1cccc(Nc2ccccn2)c1)N1CCOCC1","6.950447974666676","6.922868790999987","6.922868790999987","6.936658382833331","0.9309475053124828","1.988225761032912","1.8461","results/baselines/drugex_v2/formal_10240_seed50/anytime/budget_10240/quality_constrained/quality_annotated_molecules.csv","","-7.6","","-8.3","-7.6","-8.3","-7.6","-7.95","True","0.660377358490566","0.339622641509434","True"
"pairA","EGFR/VEGFR2","DrugEx v2","drugex_v2","50","9","DRX_AS50_09","CC(NS(C)(=O)=O)C(=O)Nc1ccc(-n2ncc3ccccc32)cc1","6.912761711633332","6.937594891999998","6.912761711633332","6.925178301816665","0.7284387895988922","2.557104636766331","1.9017","results/baselines/drugex_v2/formal_10240_seed50/anytime/budget_10240/quality_constrained/quality_annotated_molecules.csv","","-7.9","","-9.0","-7.9","-9.0","-7.9","-8.45","True","0.7058823529411765","0.2941176470588235","True"
"pairA","EGFR/VEGFR2","DrugEx v2","drugex_v2","50","10","DRX_AS50_10","CNc1ncccc1C(=O)NCCS(=O)(=O)N1CCCCC1","6.913303935019046","6.910891444000024","6.910891444000024","6.912097689509535","0.8015425083365866","2.2203360122736058","0.6688000000000003","results/baselines/drugex_v2/formal_10240_seed50/anytime/budget_10240/quality_constrained/quality_annotated_molecules.csv","","-6.9","","-8.0","-6.9","-8.0","-6.9","-7.45","False","0.6181818181818182","0.38181818181818183","True"
"pairA","EGFR/VEGFR2","DrugEx v2","drugex_v2","51","1","DRX_AS51_01","COC(=O)Nc1cccc(NC(=O)Nc2cccc(C)c2)n1","7.151253334157131","7.4120170723333425","7.151253334157131","7.281635203245237","0.8111584009767705","1.9984379973852668","3.212320000000001","results/baselines/drugex_v2/formal_10240_seed51/anytime/budget_10240/quality_constrained/quality_annotated_molecules.csv","","-7.9","","-9.3","-7.9","-9.3","-7.9","-8.600000000000001","True","0.5869565217391305","0.4130434782608695","True"
"pairA","EGFR/VEGFR2","DrugEx v2","drugex_v2","51","2","DRX_AS51_02","Nc1ccnc(C(=O)Nc2ccc(F)c(Cl)c2)c1","7.088499819773808","7.108729675983334","7.088499819773808","7.098614747878571","0.8771857514839055","1.9324948106073023","2.708600000000001","results/baselines/drugex_v2/formal_10240_seed51/anytime/budget_10240/quality_constrained/quality_annotated_molecules.csv","","-7.4","","-8.9","-7.4","-8.9","-7.4","-8.15","True","1.0","0.0","False"
"pairA","EGFR/VEGFR2","DrugEx v2","drugex_v2","51","3","DRX_AS51_03","Cc1cc(C)nc(NC(=O)Nc2cc(S(C)(=O)=O)ccc2F)n1","7.079331822500004","7.250755911000009","7.079331822500004","7.165043866750006","0.8362198639051731","2.1580546613113025","2.28004","results/baselines/drugex_v2/formal_10240_seed51/anytime/budget_10240/quality_constrained/quality_annotated_molecules.csv","","-7.5","","-9.6","-7.5","-9.6","-7.5","-8.55","True","0.6304347826086957","0.3695652173913043","True"
"pairA","EGFR/VEGFR2","DrugEx v2","drugex_v2","51","4","DRX_AS51_04","COc1cc(CNC(=O)CCN2CCOC2=O)ccn1","7.053345327766672","7.056102959666684","7.053345327766672","7.054724143716678","0.8220981813471834","2.3218744998448795","0.5487","results/baselines/drugex_v2/formal_10240_seed51/anytime/budget_10240/quality_constrained/quality_annotated_molecules.csv","","-6.5","","-7.7","-6.5","-7.7","-6.5","-7.1","False","0.7333333333333333","0.2666666666666667","True"
"pairA","EGFR/VEGFR2","DrugEx v2","drugex_v2","51","5","DRX_AS51_05","CNC(=O)c1cc(NC(=O)NCc2cc(Cl)ccn2)ccc1F","7.031155648140482","7.40136487179999","7.031155648140482","7.216260259970236","0.8020323923145343","2.1337578018199874","2.555400000000001","results/baselines/drugex_v2/formal_10240_seed51/anytime/budget_10240/quality_constrained/quality_annotated_molecules.csv","","-7.5","","-9.7","-7.5","-9.7","-7.5","-8.6","True","0.75","0.25","True"
"pairA","EGFR/VEGFR2","DrugEx v2","drugex_v2","51","6","DRX_AS51_06","COCc1cc(C)nc(Nc2ccc(Cl)cn2)n1","7.013568714250017","7.01930505099999","7.013568714250017","7.016436882625003","0.920055611856418","2.324239860381056","2.723420000000001","results/baselines/drugex_v2/formal_10240_seed51/anytime/budget_10240/quality_constrained/quality_annotated_molecules.csv","","-6.3","","-8.3","-6.3","-8.3","-6.3","-7.300000000000001","False","0.46153846153846156","0.5384615384615384","True"
"pairA","EGFR/VEGFR2","DrugEx v2","drugex_v2","51","7","DRX_AS51_07","O=C(Nc1ccc(-n2cncn2)c(F)c1)c1csc(-c2ccco2)n1","7.009682340757124","7.314008611916663","7.009682340757124","7.161845476336893","0.6064622705288103","2.416594334174535","3.375200000000002","results/baselines/drugex_v2/formal_10240_seed51/anytime/budget_10240/quality_constrained/quality_annotated_molecules.csv","","-7.7","","-10.1","-7.7","-10.1","-7.7","-8.9","True","0.6666666666666666","0.33333333333333337","True"
"pairA","EGFR/VEGFR2","DrugEx v2","drugex_v2","51","8","DRX_AS51_08","CC(=O)Nc1cc(S(=O)(=O)NCc2nc(C3CC3)no2)cc2occc12","6.992619285500009","7.204383295000012","6.992619285500009","7.09850129025001","0.6743253289380097","2.693101565332997","2.1301","results/baselines/drugex_v2/formal_10240_seed51/anytime/budget_10240/quality_constrained/quality_annotated_molecules.csv","","-7.7","","-9.0","-7.7","-9.0","-7.7","-8.35","True","0.5223880597014925","0.4776119402985075","True"
"pairA","EGFR/VEGFR2","DrugEx v2","drugex_v2","51","9","DRX_AS51_09","COc1ccccc1Nc1ccc(S(=O)(=O)N2CCC2)cn1","7.310279231000035","6.955767755000011","6.955767755000011","7.133023493000023","0.9148040743219028","1.9316682703381216","2.2282","results/baselines/drugex_v2/formal_10240_seed51/anytime/budget_10240/quality_constrained/quality_annotated_molecules.csv","","-7.3","","-8.7","-7.3","-8.7","-7.3","-8.0","True","0.9545454545454546","0.045454545454545414","True"
"pairA","EGFR/VEGFR2","DrugEx v2","drugex_v2","51","10","DRX_AS51_10","CNc1cc(C(=O)N2CCC3(CCCC3)C2)ccn1","6.938575342133332","6.958578026300024","6.938575342133332","6.948576684216677","0.8873725534327244","2.8566904759823366","2.5296000000000003","results/baselines/drugex_v2/formal_10240_seed51/anytime/budget_10240/quality_constrained/quality_annotated_molecules.csv","","-6.9","","-8.8","-6.9","-8.8","-6.9","-7.8500000000000005","False","0.6739130434782609","0.32608695652173914","True"
"pairA","EGFR/VEGFR2","MO-LSO","mo_lso","42","1","MLS_AS42_01","CCc1cc(Nc2cccc(NC(C)c3ccncc3)c2)ccn1","7.106860037066665","7.097453233000017","7.097453233000017","7.1021566350333405","0.6745186785110964","2.660223786997289","4.955700000000004","results/baselines/mo_lso/formal_10240_seed42/anytime/budget_10240/quality_constrained/quality_annotated_molecules.csv","","-7.7","","-9.5","-7.7","-9.5","-7.7","-8.6","True","0.56","0.43999999999999995","True"
"pairA","EGFR/VEGFR2","MO-LSO","mo_lso","42","2","MLS_AS42_02","CCc1cc(Nc2cccc(NC(C)c3cccnc3)c2)ccn1","7.187438161533335","7.068076736000019","7.068076736000019","7.127757448766677","0.6745186785110964","2.6462609298544315","4.955700000000004","results/baselines/mo_lso/formal_10240_seed42/anytime/budget_10240/quality_constrained/quality_annotated_molecules.csv","","-7.9","","-9.8","-7.9","-9.8","-7.9","-8.850000000000001","True","0.5849056603773585","0.41509433962264153","True"
"pairA","EGFR/VEGFR2","MO-LSO","mo_lso","42","3","MLS_AS42_03","COC(=O)Nc1cc(C(C)NC(=O)c2cn[nH]c2C)ccn1","7.053557835549996","7.188786977466666","7.053557835549996","7.121172406508331","0.7973838663980574","2.85649654159918","1.7824199999999997","results/baselines/mo_lso/formal_10240_seed42/anytime/budget_10240/quality_constrained/quality_annotated_molecules.csv","","-8.1","","-8.7","-8.1","-8.7","-8.1","-8.399999999999999","True","0.5357142857142857","0.4642857142857143","True"
"pairA","EGFR/VEGFR2","MO-LSO","mo_lso","42","4","MLS_AS42_04","CNS(=O)(=O)c1ccc(NCC(=O)c2nccc(N3CCCC3=O)n2)cc1C","7.01383336794049","7.127950501000033","7.01383336794049","7.070891934470261","0.6643868872783586","2.750883876023611","1.1147199999999995","results/baselines/mo_lso/formal_10240_seed42/anytime/budget_10240/quality_constrained/quality_annotated_molecules.csv","","-8.1","","-9.6","-8.1","-9.6","-8.1","-8.85","True","0.43661971830985913","0.5633802816901409","True"
"pairA","EGFR/VEGFR2","MO-LSO","mo_lso","42","5","MLS_AS42_05","CCCC(C(NCC)c1cncnc1NC)N1CCc2ccccc2C1","7.189214527333326","7.011857489333356","7.011857489333356","7.100536008333341","0.7617450843126186","3.60118568830627","3.395900000000002","results/baselines/mo_lso/formal_10240_seed42/anytime/budget_10240/quality_constrained/quality_annotated_molecules.csv","","-6.7","","-6.9","-6.7","-6.9","-6.7","-6.800000000000001","False","0.38461538461538464","0.6153846153846154","True"
"pairA","EGFR/VEGFR2","MO-LSO","mo_lso","42","6","MLS_AS42_06","CCN(C(=O)c1ccccc1COC)c1cccc(Nc2nccs2)c1","7.150337574500016","6.994239503750017","6.994239503750017","7.072288539125017","0.657562737150721","2.3310559510021225","4.699800000000004","results/baselines/mo_lso/formal_10240_seed42/anytime/budget_10240/quality_constrained/quality_annotated_molecules.csv","","-7.3","","-9.0","-7.3","-9.0","-7.3","-8.15","True","0.4477611940298507","0.5522388059701493","True"
"pairA","EGFR/VEGFR2","MO-LSO","mo_lso","42","7","MLS_AS42_07","CCC(C(=O)Nc1ncnc2c1CCCC2)N1CCc2sccc2C1","6.977947775833323","6.955304134000013","6.955304134000013","6.966625954916668","0.913949641085848","3.196364001511175","3.192300000000002","results/baselines/mo_lso/formal_10240_seed42/anytime/budget_10240/quality_constrained/quality_annotated_molecules.csv","","-7.5","","-8.3","-7.5","-8.3","-7.5","-7.9","True","0.49230769230769234","0.5076923076923077","True"
"pairA","EGFR/VEGFR2","MO-LSO","mo_lso","42","8","MLS_AS42_08","O=C1CCCC(c2cccc(Nc3nc4ccccc4o3)c2)NC1","6.954122644500012","6.985288499000014","6.954122644500012","6.969705571750014","0.7642160837075771","3.0060444339559647","3.9551000000000025","results/baselines/mo_lso/formal_10240_seed42/anytime/budget_10240/quality_constrained/quality_annotated_molecules.csv","","-8.5","","-10.5","-8.5","-10.5","-8.5","-9.5","True","0.453125","0.546875","True"
"pairA","EGFR/VEGFR2","MO-LSO","mo_lso","42","9","MLS_AS42_09","CC(OC(=O)Nc1ccn(C(F)F)n1)C(=O)Nn1cnc2cc3c(cc21)OCCO3","7.130452682833333","6.926080898999993","6.926080898999993","7.028266790916663","0.6458312972596463","3.533001357051214","2.1064","results/baselines/mo_lso/formal_10240_seed42/anytime/budget_10240/quality_constrained/quality_annotated_molecules.csv","","-8.1","","-10.1","-8.1","-10.1","-8.1","-9.1","True","0.42028985507246375","0.5797101449275363","True"
"pairA","EGFR/VEGFR2","MO-LSO","mo_lso","42","10","MLS_AS42_10","CCC(NC(=O)c1ccnc(N2CCC(N)CC2)n1)n1cnc2cc(F)c(F)cc21","6.9840234837333375","6.923668427800012","6.923668427800012","6.953845955766674","0.6634307715201807","3.412116289177912","2.3706000000000005","results/baselines/mo_lso/formal_10240_seed42/anytime/budget_10240/quality_constrained/quality_annotated_molecules.csv","","-8.7","","-9.8","-8.7","-9.8","-8.7","-9.25","True","0.3972602739726027","0.6027397260273972","True"
"pairA","EGFR/VEGFR2","MO-LSO","mo_lso","43","1","MLS_AS43_01","CNS(=O)(=O)c1cccc(NC(=O)C(C)Oc2cncc3ccccc23)c1","7.1778049282333365","7.151920750000009","7.151920750000009","7.164862839116672","0.6796043322833586","2.634413040854545","2.5489000000000006","results/baselines/mo_lso/formal_10240_seed43/anytime/budget_10240/quality_constrained/quality_annotated_molecules.csv","","-8.1","","-8.8","-8.1","-8.8","-8.1","-8.45","True","0.5660377358490566","0.4339622641509434","True"
"pairA","EGFR/VEGFR2","MO-LSO","mo_lso","43","2","MLS_AS43_02","CCCc1cc(NC(C)(CC)CNS(C)(=O)=O)ccn1","7.127103625966662","7.368556628000004","7.127103625966662","7.247830126983333","0.7714778202142872","3.264449635541566","2.1639","results/baselines/mo_lso/formal_10240_seed43/anytime/budget_10240/quality_constrained/quality_annotated_molecules.csv","","-6.3","","-6.4","-6.3","-6.4","-6.3","-6.35","False","0.3818181818181818","0.6181818181818182","True"
"pairA","EGFR/VEGFR2","MO-LSO","mo_lso","43","3","MLS_AS43_03","Cc1cccc(N(C)C(=O)c2cccc(Nc3ccccc3F)n2)c1","7.28650848983336","7.099140001999995","7.099140001999995","7.192824245916677","0.7606566574584991","2.1123049739881274","4.549320000000003","results/baselines/mo_lso/formal_10240_seed43/anytime/budget_10240/quality_constrained/quality_annotated_molecules.csv","","-8.3","","-10.1","-8.3","-10.1","-8.3","-9.2","True","0.673469387755102","0.326530612244898","True"
"pairA","EGFR/VEGFR2","MO-LSO","mo_lso","43","4","MLS_AS43_04","CCNS(=O)(=O)c1cc(C(=O)C(C)OC)c2nc[nH]c(=O)c2c1","7.094061832166665","7.010644356700003","7.010644356700003","7.052353094433334","0.7372887535856697","3.2288014046872373","0.438899999999999","results/baselines/mo_lso/formal_10240_seed43/anytime/budget_10240/quality_constrained/quality_annotated_molecules.csv","","-7.4","","-6.7","-7.4","-6.7","-6.7","-7.050000000000001","False","0.3968253968253968","0.6031746031746033","True"
"pairA","EGFR/VEGFR2","MO-LSO","mo_lso","43","5","MLS_AS43_05","CCOC(Cn1c(C)coc1=O)c1cccc(Nc2nccc(C)n2)c1","7.00514924200001","7.219497111000023","7.00514924200001","7.112323176500016","0.7004025242846309","3.3050223732728314","3.369540000000001","results/baselines/mo_lso/formal_10240_seed43/anytime/budget_10240/quality_constrained/quality_annotated_molecules.csv","","-7.7","","-8.5","-7.7","-8.5","-7.7","-8.1","True","0.35714285714285715","0.6428571428571428","True"
"pairA","EGFR/VEGFR2","MO-LSO","mo_lso","43","6","MLS_AS43_06","CCN1CCN(C(=O)C(Cc2cncc3ccccc23)Nc2cnc(=O)[nH]n2)CC1","6.968537898000005","6.9594207320000185","6.9594207320000185","6.963979315000012","0.6251254041615887","3.1707160956999907","0.9003999999999993","results/baselines/mo_lso/formal_10240_seed43/anytime/budget_10240/quality_constrained/quality_annotated_molecules.csv","","-8.1","","-8.1","-8.1","-8.1","-8.1","-8.1","True","0.44594594594594594","0.5540540540540541","True"
"pairA","EGFR/VEGFR2","MO-LSO","mo_lso","43","7","MLS_AS43_07","O=C1CCCC(c2cccc(Nc3nc4ccccc4o3)c2)NC1","6.95412264450001","6.985288499000017","6.95412264450001","6.969705571750014","0.7642160837075771","3.0060444339559647","3.9551000000000025","results/baselines/mo_lso/formal_10240_seed43/anytime/budget_10240/quality_constrained/quality_annotated_molecules.csv","","-8.5","","-10.5","-8.5","-10.5","-8.5","-9.5","True","0.453125","0.546875","True"
"pairA","EGFR/VEGFR2","MO-LSO","mo_lso","43","8","MLS_AS43_08","Cc1c(C(C)C)cc(C(=O)Nc2ccco2)nc1NC1CCN(C)C1=O","6.902221547949994","7.120843499666678","6.902221547949994","7.011532523808336","0.8598063950422926","3.4468171757676345","3.001320000000001","results/baselines/mo_lso/formal_10240_seed43/anytime/budget_10240/quality_constrained/quality_annotated_molecules.csv","","-8.1","","-9.2","-8.1","-9.2","-8.1","-8.649999999999999","True","0.4722222222222222","0.5277777777777778","True"
"pairA","EGFR/VEGFR2","MO-LSO","mo_lso","43","9","MLS_AS43_09","CCCc1cc(NC(C)CNC(C)(C)C)ccn1","6.9010542616666575","6.9823258202000105","6.9010542616666575","6.941690040933334","0.8125326571005939","2.95633293961143","3.2226000000000017","results/baselines/mo_lso/formal_10240_seed43/anytime/budget_10240/quality_constrained/quality_annotated_molecules.csv","","-6.0","","-7.3","-6.0","-7.3","-6.0","-6.65","False","0.3448275862068966","0.6551724137931034","True"
"pairA","EGFR/VEGFR2","MO-LSO","mo_lso","43","10","MLS_AS43_10","Cc1cnn(C2CCCCN2c2ncncc2Nc2ccncc2C(C)C)c1","7.154027627999996","6.899975368000004","6.899975368000004","7.027001498000001","0.7089703685225777","3.6008507865221926","4.432620000000004","results/baselines/mo_lso/formal_10240_seed43/anytime/budget_10240/quality_constrained/quality_annotated_molecules.csv","","-7.4","","-7.5","-7.4","-7.5","-7.4","-7.45","True","0.34285714285714286","0.6571428571428571","True"
"pairA","EGFR/VEGFR2","MO-LSO","mo_lso","44","1","MLS_AS44_01","CCc1ccnc(C)c1Nc1cc(C(C)N)ccn1","7.243045645133338","7.1373028280000135","7.1373028280000135","7.190174236566676","0.8818760998997687","2.983939242310349","3.1107200000000006","results/baselines/mo_lso/formal_10240_seed44/anytime/budget_10240/quality_constrained/quality_annotated_molecules.csv","","-7.1","","-7.2","-7.1","-7.2","-7.1","-7.15","True","0.3508771929824561","0.6491228070175439","True"
"pairA","EGFR/VEGFR2","MO-LSO","mo_lso","44","2","MLS_AS44_02","CC(C)Cc1cc(C(=O)NC(c2ccncc2)C(C)C)ncn1","7.21968763075555","7.006416773133323","7.006416773133323","7.113052201944437","0.8891536261932939","2.893611353508577","3.1972000000000014","results/baselines/mo_lso/formal_10240_seed44/anytime/budget_10240/quality_constrained/quality_annotated_molecules.csv","","-6.9","","-8.5","-6.9","-8.5","-6.9","-7.7","False","0.48","0.52","True"
"pairA","EGFR/VEGFR2","MO-LSO","mo_lso","44","3","MLS_AS44_03","CC(C)N(C)S(=O)(=O)Nc1nccc(Cc2cc(C3CCCC3)ccn2)n1","6.995390591599988","7.187005532833359","6.995390591599988","7.091198062216673","0.7859435498889153","2.830819281676078","3.116900000000002","results/baselines/mo_lso/formal_10240_seed44/anytime/budget_10240/quality_constrained/quality_annotated_molecules.csv","","-7.9","","-8.5","-7.9","-8.5","-7.9","-8.2","True","0.421875","0.578125","True"
"pairA","EGFR/VEGFR2","MO-LSO","mo_lso","44","4","MLS_AS44_04","CCc1ccnc(C)c1Nc1ncc(C(C)NC)cc1C","7.280203165333338","6.957026086000002","6.957026086000002","7.11861462566667","0.8790872922705975","3.074502659521289","3.679840000000002","results/baselines/mo_lso/formal_10240_seed44/anytime/budget_10240/quality_constrained/quality_annotated_molecules.csv","","-6.7","","-7.8","-6.7","-7.8","-6.7","-7.25","False","0.3448275862068966","0.6551724137931034","True"
"pairA","EGFR/VEGFR2","MO-LSO","mo_lso","44","5","MLS_AS44_05","O=C1CCCC(c2cccc(Nc3nc4ccccc4o3)c2)NC1","6.954122644500007","6.985288499000015","6.954122644500007","6.969705571750011","0.7642160837075771","3.0060444339559647","3.9551000000000025","results/baselines/mo_lso/formal_10240_seed44/anytime/budget_10240/quality_constrained/quality_annotated_molecules.csv","","-8.5","","-10.5","-8.5","-10.5","-8.5","-9.5","True","0.453125","0.546875","True"
"pairA","EGFR/VEGFR2","MO-LSO","mo_lso","44","6","MLS_AS44_06","Cc1cc(Nc2nc(C(C)C)c3c(C)ccnc3c2C)nc(C(C)NS(C)(=O)=O)c1","7.154380889000015","6.953398624000015","6.953398624000015","7.053889756500015","0.6040825975250875","3.543696761777208","4.427260000000003","results/baselines/mo_lso/formal_10240_seed44/anytime/budget_10240/quality_constrained/quality_annotated_molecules.csv","","-8.3","","-9.0","-8.3","-9.0","-8.3","-8.65","True","0.34375","0.65625","True"
"pairA","EGFR/VEGFR2","MO-LSO","mo_lso","44","7","MLS_AS44_07","CNc1ccnc(C(C)Nc2cc(C(C)C)ccn2)c1","6.95305386985712","6.995185768000017","6.95305386985712","6.9741198189285685","0.8669796057848266","2.977057602574533","3.814800000000002","results/baselines/mo_lso/formal_10240_seed44/anytime/budget_10240/quality_constrained/quality_annotated_molecules.csv","","-7.1","","-8.9","-7.1","-8.9","-7.1","-8.0","True","0.3584905660377358","0.6415094339622642","True"
"pairA","EGFR/VEGFR2","MO-LSO","mo_lso","44","8","MLS_AS44_08","CC(Oc1ccccc1C(=O)N1CCNC(C)(CNc2ccccn2)C1)N1CCCCCC1=O","6.916909289285726","7.117297777999992","6.916909289285726","7.017103533642858","0.6534807110189461","3.693027633494826","3.1252000000000013","results/baselines/mo_lso/formal_10240_seed44/anytime/budget_10240/quality_constrained/quality_annotated_molecules.csv","","-8.4","","-8.4","-8.4","-8.4","-8.4","-8.4","True","0.3670886075949367","0.6329113924050633","True"
"pairA","EGFR/VEGFR2","MO-LSO","mo_lso","44","9","MLS_AS44_09","COCc1ccc2cnncc2c1NC(=O)CC(C)(C)C","6.884763498833332","7.306007168400018","6.884763498833332","7.095385333616675","0.9378570751329812","2.7102666973552463","3.150900000000002","results/baselines/mo_lso/formal_10240_seed44/anytime/budget_10240/quality_constrained/quality_annotated_molecules.csv","","-7.0","","-7.0","-7.0","-7.0","-7.0","-7.0","True","0.4406779661016949","0.5593220338983051","True"
"pairA","EGFR/VEGFR2","MO-LSO","mo_lso","44","10","MLS_AS44_10","NC(=O)c1ccncc1Nc1cnc(Cl)nc1N1C=Cc2ccccc2C1","7.098472309","6.876129594000002","6.876129594000002","6.987300951500001","0.6754911233027604","3.0053585062167194","3.3584000000000014","results/baselines/mo_lso/formal_10240_seed44/anytime/budget_10240/quality_constrained/quality_annotated_molecules.csv","","-9.2","","-8.2","-9.2","-8.2","-8.2","-8.7","True","0.38571428571428573","0.6142857142857143","True"
"pairA","EGFR/VEGFR2","MO-LSO","mo_lso","45","1","MLS_AS45_01","CC(O)c1cnc(C(=O)NCC(C)c2cccc3ccncc23)s1","6.943210132033328","6.9480140770000105","6.943210132033328","6.94561210451667","0.7466720177413925","3.4330810118824004","3.278100000000002","results/baselines/mo_lso/formal_10240_seed45/anytime/budget_10240/quality_constrained/quality_annotated_molecules.csv","","-7.6","","-9.8","-7.6","-9.8","-7.6","-8.7","True","0.4736842105263157","0.5263157894736843","True"
"pairA","EGFR/VEGFR2","MO-LSO","mo_lso","45","2","MLS_AS45_02","CCCc1csc(-c2nccc(NC(CNC(C)=O)C(C)(C)C(C)C)n2)c1","7.119838137166658","6.943006119966678","6.943006119966678","7.031422128566668","0.6500223258826208","3.539965831094179","4.756400000000004","results/baselines/mo_lso/formal_10240_seed45/anytime/budget_10240/quality_constrained/quality_annotated_molecules.csv","","-7.2","","-8.3","-7.2","-8.3","-7.2","-7.75","True","0.4","0.6","True"
"pairA","EGFR/VEGFR2","MO-LSO","mo_lso","45","3","MLS_AS45_03","CC(C)c1nnc(S(=O)(=O)CC(=O)Nc2cccc3cnccc23)o1","7.0120346412000005","6.919875541000022","6.919875541000022","6.965955091100011","0.740975484394645","2.565101785627192","2.1536","results/baselines/mo_lso/formal_10240_seed45/anytime/budget_10240/quality_constrained/quality_annotated_molecules.csv","","-7.9","","-9.1","-7.9","-9.1","-7.9","-8.5","True","0.5333333333333333","0.4666666666666667","True"
"pairA","EGFR/VEGFR2","MO-LSO","mo_lso","45","4","MLS_AS45_04","CCc1nnc(C(=O)c2cc(NC(C)(C)c3cc(C)c(C)s3)ccn2)o1","6.913996525323805","7.2196927953166705","6.913996525323805","7.066844660320237","0.6522457428426086","3.236637181771353","4.283540000000003","results/baselines/mo_lso/formal_10240_seed45/anytime/budget_10240/quality_constrained/quality_annotated_molecules.csv","","-8.4","","-8.8","-8.4","-8.8","-8.4","-8.600000000000001","True","0.4084507042253521","0.5915492957746479","True"
"pairA","EGFR/VEGFR2","MO-LSO","mo_lso","45","5","MLS_AS45_05","CCCC(C)C(C)CC(Nc1cc(N2CCCC2)ccn1)C(=O)NCC","6.9098854809000025","7.007000005000019","6.9098854809000025","6.958442742950011","0.6605059757022315","3.4884261476353604","4.060800000000003","results/baselines/mo_lso/formal_10240_seed45/anytime/budget_10240/quality_constrained/quality_annotated_molecules.csv","","-6.9","","-7.2","-6.9","-7.2","-6.9","-7.050000000000001","False","0.40625","0.59375","True"
"pairA","EGFR/VEGFR2","MO-LSO","mo_lso","45","6","MLS_AS45_06","CCc1cc(-c2ccnc3c(Nc4ccncc4)cncc23)ccn1","6.962704438383335","6.909468778333348","6.909468778333348","6.936086608358342","0.6019585155519407","2.5474113193367263","4.392800000000002","results/baselines/mo_lso/formal_10240_seed45/anytime/budget_10240/quality_constrained/quality_annotated_molecules.csv","","-8.4","","-9.3","-8.4","-9.3","-8.4","-8.850000000000001","True","0.3770491803278688","0.6229508196721312","True"
"pairA","EGFR/VEGFR2","MO-LSO","mo_lso","45","7","MLS_AS45_07","CCCc1csc(-c2nccc(NC(CNC(C)=O)C(C)C(C)(C)C)n2)c1","7.059397560666659","6.905281530166675","6.905281530166675","6.982339545416666","0.6842939813551105","3.719319424713896","4.756400000000004","results/baselines/mo_lso/formal_10240_seed45/anytime/budget_10240/quality_constrained/quality_annotated_molecules.csv","","-7.6","","-8.5","-7.6","-8.5","-7.6","-8.05","True","0.4","0.6","True"
"pairA","EGFR/VEGFR2","MO-LSO","mo_lso","45","8","MLS_AS45_08","CC1CN(C(=O)NCC(C)c2cccc(Nc3ccccn3)c2)CCN1","6.905348517583332","6.899313765000001","6.899313765000001","6.902331141291667","0.7729904111725862","3.1343561498447308","2.9320000000000013","results/baselines/mo_lso/formal_10240_seed45/anytime/budget_10240/quality_constrained/quality_annotated_molecules.csv","","-8.1","","-9.9","-8.1","-9.9","-8.1","-9.0","True","0.4166666666666667","0.5833333333333333","True"
"pairA","EGFR/VEGFR2","MO-LSO","mo_lso","45","9","MLS_AS45_09","CCC(=O)CC(Nc1ccc2cncc(C)c2c1)N1CCCC1C","7.053970407583326","6.883462869000005","6.883462869000005","6.968716638291665","0.8669902548236742","3.582358839936699","4.134720000000003","results/baselines/mo_lso/formal_10240_seed45/anytime/budget_10240/quality_constrained/quality_annotated_molecules.csv","","-8.0","","-8.1","-8.0","-8.1","-8.0","-8.05","True","0.3333333333333333","0.6666666666666667","True"
"pairA","EGFR/VEGFR2","MO-LSO","mo_lso","45","10","MLS_AS45_10","COc1ccc(NC(=O)c2nc3ccc(C(C)O)cc3o2)cc1N1CCCC1","6.8792548260071404","6.923515080399993","6.8792548260071404","6.901384953203567","0.6999550326754337","2.797647923274329","3.742200000000002","results/baselines/mo_lso/formal_10240_seed45/anytime/budget_10240/quality_constrained/quality_annotated_molecules.csv","","-7.9","","-10.3","-7.9","-10.3","-7.9","-9.100000000000001","True","0.4444444444444444","0.5555555555555556","True"
"pairA","EGFR/VEGFR2","MO-LSO","mo_lso","46","1","MLS_AS46_01","CCCC(=O)Nc1ccnc(Cc2cncc(Nc3ccncc3Cl)c2)c1","7.125130010833344","7.40545027713336","7.125130010833344","7.265290143983352","0.6248615213154661","2.5052070269267794","4.598000000000003","results/baselines/mo_lso/formal_10240_seed46/anytime/budget_10240/quality_constrained/quality_annotated_molecules.csv","","-7.9","","-9.2","-7.9","-9.2","-7.9","-8.55","True","0.4776119402985074","0.5223880597014926","True"
"pairA","EGFR/VEGFR2","MO-LSO","mo_lso","46","2","MLS_AS46_02","CC(=O)N(C)c1ccccc1C(=O)Nc1nccc2oc(C)nc12","7.5394396433166495","7.053053053500017","7.053053053500017","7.296246348408333","0.8000499040528707","2.5199404962977106","2.766220000000001","results/baselines/mo_lso/formal_10240_seed46/anytime/budget_10240/quality_constrained/quality_annotated_molecules.csv","","-7.4","","-9.3","-7.4","-9.3","-7.4","-8.350000000000001","True","0.4626865671641791","0.5373134328358209","True"
"pairA","EGFR/VEGFR2","MO-LSO","mo_lso","46","3","MLS_AS46_03","CCCOC(C)CNc1ccnc(Cc2cc(N3CCCCC3)c(Cl)cn2)c1","7.1447169530238","7.050404938000013","7.050404938000013","7.097560945511907","0.643411243300143","3.1765208719922784","4.938100000000004","results/baselines/mo_lso/formal_10240_seed46/anytime/budget_10240/quality_constrained/quality_annotated_molecules.csv","","-7.2","","-8.9","-7.2","-8.9","-7.2","-8.05","True","0.3116883116883117","0.6883116883116883","True"
"pairA","EGFR/VEGFR2","MO-LSO","mo_lso","46","4","MLS_AS46_04","CC(N)CNC(=O)c1nncc2ccc(F)cc12","7.044184539333345","7.145096656000019","7.044184539333345","7.094640597666682","0.8432327280561214","2.878151112295889","0.8459000000000001","results/baselines/mo_lso/formal_10240_seed46/anytime/budget_10240/quality_constrained/quality_annotated_molecules.csv","","-7.4","","-8.2","-7.4","-8.2","-7.4","-7.8","True","0.4482758620689655","0.5517241379310345","True"
"pairA","EGFR/VEGFR2","MO-LSO","mo_lso","46","5","MLS_AS46_05","CCc1cc(Nc2ccnc(-c3ccccn3)c2)ccn1","7.139478798716676","7.0346438700000125","7.0346438700000125","7.087061334358344","0.7861458050115114","2.2593979628639307","3.8446000000000016","results/baselines/mo_lso/formal_10240_seed46/anytime/budget_10240/quality_constrained/quality_annotated_molecules.csv","","-7.5","","-9.1","-7.5","-9.1","-7.5","-8.3","True","0.4166666666666667","0.5833333333333333","True"
"pairA","EGFR/VEGFR2","MO-LSO","mo_lso","46","6","MLS_AS46_06","CC(NC(=O)c1nccc2cc(NC(N)=O)ccc12)c1ccco1","7.007451061616654","7.1975058221333335","7.007451061616654","7.102478441874993","0.6849806292255852","2.7377168703844905","2.809400000000001","results/baselines/mo_lso/formal_10240_seed46/anytime/budget_10240/quality_constrained/quality_annotated_molecules.csv","","-8.2","","-10.0","-8.2","-10.0","-8.2","-9.1","True","0.4918032786885246","0.5081967213114754","True"
"pairA","EGFR/VEGFR2","MO-LSO","mo_lso","46","7","MLS_AS46_07","CCCc1ccnc(NC2(C(=O)Nc3ccnc4c3ccn4CC)CCOCC2)c1","6.9596375428","7.068930915666678","6.9596375428","7.01428422923334","0.6186267756332882","2.9396888868495967","4.003500000000003","results/baselines/mo_lso/formal_10240_seed46/anytime/budget_10240/quality_constrained/quality_annotated_molecules.csv","","-8.0","","-8.8","-8.0","-8.8","-8.0","-8.4","True","0.358974358974359","0.641025641025641","True"
"pairA","EGFR/VEGFR2","MO-LSO","mo_lso","46","8","MLS_AS46_08","CC(=O)N(c1ccc(Nc2nccs2)cc1)C(C)C(=O)N1CCCC1","7.0997678616666695","6.946127736450007","6.946127736450007","7.022947799058338","0.8909600898296617","2.8870622160884167","3.250500000000001","results/baselines/mo_lso/formal_10240_seed46/anytime/budget_10240/quality_constrained/quality_annotated_molecules.csv","","-7.4","","-8.1","-7.4","-8.1","-7.4","-7.75","True","0.4262295081967213","0.5737704918032787","True"
"pairA","EGFR/VEGFR2","MO-LSO","mo_lso","46","9","MLS_AS46_09","COc1nccc(F)c1OC1(c2cncc(Nc3cncc(Cl)c3)c2)OCCO1","6.9397881173833404","6.982551386000012","6.9397881173833404","6.961169751691676","0.6486497381400823","3.3660363500926547","3.652400000000002","results/baselines/mo_lso/formal_10240_seed46/anytime/budget_10240/quality_constrained/quality_annotated_molecules.csv","","-8.0","","-8.9","-8.0","-8.9","-8.0","-8.45","True","0.30985915492957744","0.6901408450704225","True"
"pairA","EGFR/VEGFR2","MO-LSO","mo_lso","46","10","MLS_AS46_10","CCOc1ccccc1S(=O)(=O)Nc1ncnc2c(N3CCOCC3)ccnc12","6.939412605983343","6.990060409000019","6.939412605983343","6.964736507491681","0.6520367543526592","2.551579207235511","2.0609","results/baselines/mo_lso/formal_10240_seed46/anytime/budget_10240/quality_constrained/quality_annotated_molecules.csv","","-7.7","","-8.5","-7.7","-8.5","-7.7","-8.1","True","0.4492753623188406","0.5507246376811594","True"
"pairA","EGFR/VEGFR2","MO-LSO","mo_lso","47","1","MLS_AS47_01","CC(CNc1nnco1)C1CCCN(c2cncc3ccncc23)C1","7.041549858200002","7.1050334940000175","7.041549858200002","7.073291676100009","0.7657522239809714","3.8902220379298544","2.977400000000001","results/baselines/mo_lso/formal_10240_seed47/anytime/budget_10240/quality_constrained/quality_annotated_molecules.csv","","-7.7","","-9.0","-7.7","-9.0","-7.7","-8.35","True","0.3552631578947368","0.6447368421052633","True"
"pairA","EGFR/VEGFR2","MO-LSO","mo_lso","47","2","MLS_AS47_02","CC(=O)NCC(c1cccc(F)c1)c1nccc2ccccc12","7.001136405999998","7.025606959000015","7.001136405999998","7.013371682500006","0.7992673304036073","2.661607179557528","3.6419000000000015","results/baselines/mo_lso/formal_10240_seed47/anytime/budget_10240/quality_constrained/quality_annotated_molecules.csv","","-8.8","","-8.8","-8.8","-8.8","-8.8","-8.8","True","0.4736842105263157","0.5263157894736843","True"
"pairA","EGFR/VEGFR2","MO-LSO","mo_lso","47","3","MLS_AS47_03","CCN(C(=O)c1ccccc1COC)c1cccc(Nc2nccs2)c1","7.150337574500015","6.994239503750018","6.994239503750018","7.072288539125017","0.657562737150721","2.3310559510021225","4.699800000000004","results/baselines/mo_lso/formal_10240_seed47/anytime/budget_10240/quality_constrained/quality_annotated_molecules.csv","","-7.3","","-9.0","-7.3","-9.0","-7.3","-8.15","True","0.4477611940298507","0.5522388059701493","True"
"pairA","EGFR/VEGFR2","MO-LSO","mo_lso","47","4","MLS_AS47_04","Fc1nnc(Cc2ccnc(Nc3cc4cccnc4cn3)c2)o1","7.086002600000013","6.979017082000027","6.979017082000027","7.03250984100002","0.6175688182893486","2.858523811573983","2.8813000000000004","results/baselines/mo_lso/formal_10240_seed47/anytime/budget_10240/quality_constrained/quality_annotated_molecules.csv","","-8.2","","-10.3","-8.2","-10.3","-8.2","-9.25","True","0.3559322033898305","0.6440677966101696","True"
"pairA","EGFR/VEGFR2","MO-LSO","mo_lso","47","5","MLS_AS47_05","Fc1nnc(Cc2nnc(Nc3cc4cccnc4cn3)o2)o1","6.984628772500017","6.969662213999998","6.969662213999998","6.977145493250007","0.6022031280928153","3.125942261661617","1.8693","results/baselines/mo_lso/formal_10240_seed47/anytime/budget_10240/quality_constrained/quality_annotated_molecules.csv","","-8.4","","-9.8","-8.4","-9.8","-8.4","-9.100000000000001","True","0.38461538461538464","0.6153846153846154","True"
"pairA","EGFR/VEGFR2","MO-LSO","mo_lso","47","6","MLS_AS47_06","CCn1cc(C(=O)NCCC(=O)N2CCCC(c3cc(N)ccn3)C2)nn1","6.963516061590487","7.195013659000011","6.963516061590487","7.079264860295249","0.7751603526849377","3.09454891287726","0.8013","results/baselines/mo_lso/formal_10240_seed47/anytime/budget_10240/quality_constrained/quality_annotated_molecules.csv","","-8.0","","-9.9","-8.0","-9.9","-8.0","-8.95","True","0.4788732394366197","0.5211267605633803","True"
"pairA","EGFR/VEGFR2","MO-LSO","mo_lso","47","7","MLS_AS47_07","CNc1cc(C(=O)N2CCNC(C)(C(C)C)C2)ncn1","6.91754683325","7.097281928000012","6.91754683325","7.007414380625006","0.8615905802025218","3.5294006844926145","0.9783999999999996","results/baselines/mo_lso/formal_10240_seed47/anytime/budget_10240/quality_constrained/quality_annotated_molecules.csv","","-6.6","","-8.0","-6.6","-8.0","-6.6","-7.3","False","0.373134328358209","0.6268656716417911","True"
"pairA","EGFR/VEGFR2","MO-LSO","mo_lso","47","8","MLS_AS47_08","CCNc1ccc(NC(=O)c2nnc(C(C)OC)o2)cc1C(C)C","6.909853742040466","6.978390441400011","6.909853742040466","6.944122091720239","0.8052677349202855","3.101805804979306","3.584500000000002","results/baselines/mo_lso/formal_10240_seed47/anytime/budget_10240/quality_constrained/quality_annotated_molecules.csv","","-7.4","","-8.5","-7.4","-8.5","-7.4","-7.95","True","0.3709677419354839","0.6290322580645161","True"
"pairA","EGFR/VEGFR2","MO-LSO","mo_lso","47","9","MLS_AS47_09","Cc1cnc(C2CCCN(c3nnco3)C2)nc1Nc1cccc(Cl)c1","7.4422368990000285","6.906630843999998","6.906630843999998","7.174433871500013","0.7442229953500985","3.269978309370874","3.949020000000002","results/baselines/mo_lso/formal_10240_seed47/anytime/budget_10240/quality_constrained/quality_annotated_molecules.csv","","-8.5","","-10.5","-8.5","-10.5","-8.5","-9.5","True","0.375","0.625","True"
"pairA","EGFR/VEGFR2","MO-LSO","mo_lso","47","10","MLS_AS47_10","Fc1nnc(Cc2ccnc(Nc3cc4cnccc4cn3)c2)o1","7.1972568123666845","6.906251444000023","6.906251444000023","7.051754128183354","0.6175688182893486","2.9326767909889355","2.8813000000000004","results/baselines/mo_lso/formal_10240_seed47/anytime/budget_10240/quality_constrained/quality_annotated_molecules.csv","","-8.7","","-10.1","-8.7","-10.1","-8.7","-9.399999999999999","True","0.3620689655172414","0.6379310344827587","True"
"pairA","EGFR/VEGFR2","MO-LSO","mo_lso","48","1","MLS_AS48_01","Cc1ccnc(Nc2cc(Oc3ccncc3F)ccn2)c1C(C)N","7.693396677916651","7.1165476055","7.1165476055","7.404972141708326","0.7336239349197597","3.157107069826229","3.8747200000000017","results/baselines/mo_lso/formal_10240_seed48/anytime/budget_10240/quality_constrained/quality_annotated_molecules.csv","","-7.7","","-8.6","-7.7","-8.6","-7.7","-8.15","True","0.3428571428571428","0.6571428571428573","True"
"pairA","EGFR/VEGFR2","MO-LSO","mo_lso","48","2","MLS_AS48_02","c1cncc(Nc2cc(-c3nnco3)nc(N3CCCCC3)c2)c1","7.023046912000001","7.094881784","7.023046912000001","7.058964348","0.7893039286500476","2.6358116501438644","3.260500000000002","results/baselines/mo_lso/formal_10240_seed48/anytime/budget_10240/quality_constrained/quality_annotated_molecules.csv","","-8.1","","-8.2","-8.1","-8.2","-8.1","-8.149999999999999","True","0.4354838709677419","0.5645161290322581","True"
"pairA","EGFR/VEGFR2","MO-LSO","mo_lso","48","3","MLS_AS48_03","Cc1cc(NC(C)C)cc(Nc2cc3ncccc3cn2)n1","7.096491539800013","7.017946420999991","7.017946420999991","7.057218980400002","0.7636239157002019","2.527411269274669","3.897120000000002","results/baselines/mo_lso/formal_10240_seed48/anytime/budget_10240/quality_constrained/quality_annotated_molecules.csv","","-7.6","","-9.5","-7.6","-9.5","-7.6","-8.55","True","0.4098360655737705","0.5901639344262295","True"
"pairA","EGFR/VEGFR2","MO-LSO","mo_lso","48","4","MLS_AS48_04","CCN(C(=O)c1ccccc1COC)c1cccc(Nc2nccs2)c1","7.150337574500017","6.994239503750018","6.994239503750018","7.072288539125017","0.657562737150721","2.3310559510021225","4.699800000000004","results/baselines/mo_lso/formal_10240_seed48/anytime/budget_10240/quality_constrained/quality_annotated_molecules.csv","","-7.3","","-9.0","-7.3","-9.0","-7.3","-8.15","True","0.4477611940298507","0.5522388059701493","True"
"pairA","EGFR/VEGFR2","MO-LSO","mo_lso","48","5","MLS_AS48_05","CC(C)C(Nc1ccc2c(c1)NCC(=O)N2)c1ccncc1","6.989772175540479","7.291763064000015","6.989772175540479","7.140767619770247","0.8099862912537961","3.048993461073149","3.2548000000000004","results/baselines/mo_lso/formal_10240_seed48/anytime/budget_10240/quality_constrained/quality_annotated_molecules.csv","","-7.9","","-8.4","-7.9","-8.4","-7.9","-8.15","True","0.43548387096774194","0.564516129032258","True"
"pairA","EGFR/VEGFR2","MO-LSO","mo_lso","48","6","MLS_AS48_06","CC(OCC1CCCCO1)C(=O)Nc1cccc2cnncc12","6.971078755000005","7.083973282000018","6.971078755000005","7.027526018500012","0.917636155348698","3.1590114528727007","2.5425000000000004","results/baselines/mo_lso/formal_10240_seed48/anytime/budget_10240/quality_constrained/quality_annotated_molecules.csv","","-7.7","","-9.0","-7.7","-9.0","-7.7","-8.35","True","0.75","0.25","True"
"pairA","EGFR/VEGFR2","MO-LSO","mo_lso","48","7","MLS_AS48_07","Cc1ccncc1-c1ccnc(Nc2cc3c(C)nccc3cn2)c1","7.762944492716699","6.966149764000011","6.966149764000011","7.364547128358355","0.6021913531739016","2.569342068631858","4.4472400000000025","results/baselines/mo_lso/formal_10240_seed48/anytime/budget_10240/quality_constrained/quality_annotated_molecules.csv","","-8.5","","-10.3","-8.5","-10.3","-8.5","-9.4","True","0.36923076923076925","0.6307692307692307","True"
"pairA","EGFR/VEGFR2","MO-LSO","mo_lso","48","8","MLS_AS48_08","CC(C)c1n[nH]c(Nc2ccc(N3CCCCC3)nc2)n1","6.957985977500013","6.951260191500003","6.951260191500003","6.9546230845000085","0.9036668242637906","2.5202463947070743","3.0570000000000013","results/baselines/mo_lso/formal_10240_seed48/anytime/budget_10240/quality_constrained/quality_annotated_molecules.csv","","-7.8","","-9.3","-7.8","-9.3","-7.8","-8.55","True","0.4727272727272727","0.5272727272727273","True"
"pairA","EGFR/VEGFR2","MO-LSO","mo_lso","48","9","MLS_AS48_09","CC(C)c1ncn(-c2nnc(Nc3cnc4cccnc4c3)o2)n1","6.938865240200011","7.098752388000015","6.938865240200011","7.018808814100013","0.6102195066068878","3.077726869924083","2.460500000000001","results/baselines/mo_lso/formal_10240_seed48/anytime/budget_10240/quality_constrained/quality_annotated_molecules.csv","","-8.1","","-9.9","-8.1","-9.9","-8.1","-9.0","True","0.31746031746031744","0.6825396825396826","True"
"pairA","EGFR/VEGFR2","MO-LSO","mo_lso","48","10","MLS_AS48_10","CC(C)(C)Nc1ccnc(Nc2nccc3ncncc23)c1","6.936542914683348","6.923646275000006","6.923646275000006","6.930094594841677","0.7710273478038419","2.6473826978460977","3.373800000000001","results/baselines/mo_lso/formal_10240_seed48/anytime/budget_10240/quality_constrained/quality_annotated_molecules.csv","","-7.5","","-8.4","-7.5","-8.4","-7.5","-7.95","True","0.4074074074074074","0.5925925925925926","True"
"pairA","EGFR/VEGFR2","MO-LSO","mo_lso","49","1","MLS_AS49_01","COC(=O)Nc1cc(C(C)NC(=O)c2cc(C)n[nH]2)ccn1","7.024057976216667","7.139763306166668","7.024057976216667","7.081910641191668","0.7973838663980574","3.0279709426080066","1.7824199999999997","results/baselines/mo_lso/formal_10240_seed49/anytime/budget_10240/quality_constrained/quality_annotated_molecules.csv","","-7.4","","-8.3","-7.4","-8.3","-7.4","-7.8500000000000005","True","0.5689655172413793","0.43103448275862066","True"
"pairA","EGFR/VEGFR2","MO-LSO","mo_lso","49","2","MLS_AS49_02","Cc1ccnc(C(=O)Nc2cccc(C(C)Nc3cccnn3)c2)c1","6.969209391266654","7.077338419500008","6.969209391266654","7.023273905383331","0.7454819686402555","2.715694691711386","3.6054200000000014","results/baselines/mo_lso/formal_10240_seed49/anytime/budget_10240/quality_constrained/quality_annotated_molecules.csv","","-8.3","","-10.9","-8.3","-10.9","-8.3","-9.600000000000001","True","0.6792452830188679","0.3207547169811321","True"
"pairA","EGFR/VEGFR2","MO-LSO","mo_lso","49","3","MLS_AS49_03","CNc1ccc(Nc2nnc(Cl)o2)cn1","7.091642132750007","6.947611545999992","6.947611545999992","7.019626839374999","0.8310985063104422","2.854035802167065","1.9032999999999995","results/baselines/mo_lso/formal_10240_seed49/anytime/budget_10240/quality_constrained/quality_annotated_molecules.csv","","-6.3","","-7.1","-6.3","-7.1","-6.3","-6.699999999999999","False","0.4761904761904761","0.523809523809524","True"
"pairA","EGFR/VEGFR2","MO-LSO","mo_lso","49","4","MLS_AS49_04","CC1CNCC(C(=O)c2cccc(Nc3nccc(F)c3Cl)c2)O1","6.917914215266666","7.217419582000015","6.917914215266666","7.067666898633341","0.8300167175498677","3.546187799212718","3.1773000000000007","results/baselines/mo_lso/formal_10240_seed49/anytime/budget_10240/quality_constrained/quality_annotated_molecules.csv","","-8.1","","-9.2","-8.1","-9.2","-8.1","-8.649999999999999","True","0.3787878787878788","0.6212121212121212","True"
"pairA","EGFR/VEGFR2","MO-LSO","mo_lso","49","5","MLS_AS49_05","CCNc1cc(-c2ccnc(NC(C)C(=O)NC)c2)ncn1","6.912627150607145","7.14599312333334","6.912627150607145","7.029310136970242","0.7488826244156429","2.9517269243840314","1.5168","results/baselines/mo_lso/formal_10240_seed49/anytime/budget_10240/quality_constrained/quality_annotated_molecules.csv","","-7.3","","-8.6","-7.3","-8.6","-7.3","-7.949999999999999","True","0.5357142857142857","0.4642857142857143","True"
"pairA","EGFR/VEGFR2","MO-LSO","mo_lso","49","6","MLS_AS49_06","Cc1cccc(C(=O)N2CCNC(C)(NCc3cccc4ccoc34)C2)n1","7.055358539550019","6.910123596000028","6.910123596000028","6.982741067775024","0.7448456981045595","3.4653941215147768","2.687620000000001","results/baselines/mo_lso/formal_10240_seed49/anytime/budget_10240/quality_constrained/quality_annotated_molecules.csv","","-8.2","","-8.1","-8.2","-8.1","-8.1","-8.149999999999999","True","0.42028985507246375","0.5797101449275363","True"
"pairA","EGFR/VEGFR2","MO-LSO","mo_lso","49","7","MLS_AS49_07","Cc1cc(C)n(-c2nncc3c2nc(C)n3-c2cccc(C(C)O)c2)n1","6.9730207040000085","6.901878022000016","6.901878022000016","6.937449363000012","0.6154152352309986","3.2803983138076767","2.979760000000001","results/baselines/mo_lso/formal_10240_seed49/anytime/budget_10240/quality_constrained/quality_annotated_molecules.csv","","-9.1","","-9.4","-9.1","-9.4","-9.1","-9.25","True","0.4307692307692308","0.5692307692307692","True"
"pairA","EGFR/VEGFR2","MO-LSO","mo_lso","49","8","MLS_AS49_08","CCC(NC(=O)c1csc2c1ncc1ccccc12)C(C)C(C)OC","6.883958116166669","7.084001735000023","6.883958116166669","6.983979925583347","0.7004880770391254","3.6453074879054697","4.628900000000003","results/baselines/mo_lso/formal_10240_seed49/anytime/budget_10240/quality_constrained/quality_annotated_molecules.csv","","-7.6","","-7.1","-7.6","-7.1","-7.1","-7.35","True","0.38235294117647056","0.6176470588235294","True"
"pairA","EGFR/VEGFR2","MO-LSO","mo_lso","49","9","MLS_AS49_09","CC(C)N1CCN(C(=O)CNc2ccc(C(C)n3ccoc3=O)cn2)CC1","7.665196387099966","6.880446584000009","6.880446584000009","7.272821485549988","0.8243062299053978","3.321085712919324","1.4100999999999997","results/baselines/mo_lso/formal_10240_seed49/anytime/budget_10240/quality_constrained/quality_annotated_molecules.csv","","-7.7","","-9.0","-7.7","-9.0","-7.7","-8.35","True","0.3698630136986301","0.6301369863013699","True"
"pairA","EGFR/VEGFR2","MO-LSO","mo_lso","49","10","MLS_AS49_10","CC(N)Cn1cc(NC(=O)Nc2nccc3c2c(C2CC2)nn3C)cn1","6.966975240966672","6.875014906380972","6.875014906380972","6.920995073673822","0.648238425809587","3.363938039835074","2.0333999999999994","results/baselines/mo_lso/formal_10240_seed49/anytime/budget_10240/quality_constrained/quality_annotated_molecules.csv","","-7.4","","-8.9","-7.4","-8.9","-7.4","-8.15","True","0.4426229508196721","0.5573770491803278","True"
"pairA","EGFR/VEGFR2","MO-LSO","mo_lso","50","1","MLS_AS50_01","CC1(CNC(=O)c2cc(Nc3ccccc3)ccn2)CCC1","7.114028299633346","7.141544112750011","7.114028299633346","7.127786206191678","0.8830794077524652","2.165085994549393","3.745200000000003","results/baselines/mo_lso/formal_10240_seed50/anytime/budget_10240/quality_constrained/quality_annotated_molecules.csv","","-7.8","","-8.7","-7.8","-8.7","-7.8","-8.25","True","0.509090909090909","0.49090909090909096","True"
"pairA","EGFR/VEGFR2","MO-LSO","mo_lso","50","2","MLS_AS50_02","CCc1cc(Nc2ccco2)ccn1","7.177880821049995","7.05305907400001","7.05305907400001","7.1154699475250025","0.8041909079723628","2.5819601354107125","2.980600000000001","results/baselines/mo_lso/formal_10240_seed50/anytime/budget_10240/quality_constrained/quality_annotated_molecules.csv","","-5.9","","-7.4","-5.9","-7.4","-5.9","-6.65","False","0.3703703703703703","0.6296296296296298","True"
"pairA","EGFR/VEGFR2","MO-LSO","mo_lso","50","3","MLS_AS50_03","CNc1cnc(Nc2cnc(Nc3csc(OC)n3)s2)o1","7.003710451749986","7.055619400000002","7.003710451749986","7.029664925874994","0.6361111882265682","3.722405789410733","3.1251000000000007","results/baselines/mo_lso/formal_10240_seed50/anytime/budget_10240/quality_constrained/quality_annotated_molecules.csv","","-6.4","","-7.6","-6.4","-7.6","-6.4","-7.0","False","0.2985074626865671","0.7014925373134329","True"
"pairA","EGFR/VEGFR2","MO-LSO","mo_lso","50","4","MLS_AS50_04","CCc1cc(Nc2ccnc(-n3cc4ccncc4n3)c2)ccn1","7.1213746105000055","6.979092917000015","6.979092917000015","7.05023376375001","0.6236997289393533","2.7438289036649923","3.5165000000000006","results/baselines/mo_lso/formal_10240_seed50/anytime/budget_10240/quality_constrained/quality_annotated_molecules.csv","","-8.0","","-9.7","-8.0","-9.7","-8.0","-8.85","True","0.328125","0.671875","True"
"pairA","EGFR/VEGFR2","MO-LSO","mo_lso","50","5","MLS_AS50_05","CC(=O)n1cccc1-c1ccc(CNCC(=O)C(C)Cn2nc(C)cc2C)o1","7.129105605166672","6.971805927200004","6.971805927200004","7.0504557661833385","0.6468274853486347","3.48243191735717","3.216540000000002","results/baselines/mo_lso/formal_10240_seed50/anytime/budget_10240/quality_constrained/quality_annotated_molecules.csv","","-7.4","","-9.3","-7.4","-9.3","-7.4","-8.350000000000001","True","0.4084507042253521","0.5915492957746479","True"
"pairA","EGFR/VEGFR2","MO-LSO","mo_lso","50","6","MLS_AS50_06","CC(CN1CCCC(=O)C1)Nc1cncnc1-c1cccc(C2CCC2)c1","7.054880960199998","6.930609368000011","6.930609368000011","6.992745164100005","0.842952711470074","3.1597402753609307","3.876400000000002","results/baselines/mo_lso/formal_10240_seed50/anytime/budget_10240/quality_constrained/quality_annotated_molecules.csv","","-8.0","","-9.9","-8.0","-9.9","-8.0","-8.95","True","0.3176470588235294","0.6823529411764706","True"
"pairA","EGFR/VEGFR2","MO-LSO","mo_lso","50","7","MLS_AS50_07","CCNc1ccc(NC2=CCN(CC)CC2)cn1","7.120300325833355","6.926513027000002","6.926513027000002","7.023406676416679","0.837345426556789","2.69760004137653","2.5348000000000006","results/baselines/mo_lso/formal_10240_seed50/anytime/budget_10240/quality_constrained/quality_annotated_molecules.csv","","-6.1","","-7.4","-6.1","-7.4","-6.1","-6.75","False","0.3888888888888889","0.6111111111111112","True"
"pairA","EGFR/VEGFR2","MO-LSO","mo_lso","50","8","MLS_AS50_08","CCc1cccc(Nc2ccnc(Nc3ccccn3)c2)c1","6.963722610333346","6.896176764000015","6.896176764000015","6.929949687166681","0.7247293711603247","2.0798949548198937","4.526200000000002","results/baselines/mo_lso/formal_10240_seed50/anytime/budget_10240/quality_constrained/quality_annotated_molecules.csv","","-7.7","","-9.4","-7.7","-9.4","-7.7","-8.55","True","0.47619047619047616","0.5238095238095238","True"
"pairA","EGFR/VEGFR2","MO-LSO","mo_lso","50","9","MLS_AS50_09","CCNc1ccc(Nc2cnc3c(c2)CCN(CC)C3)cc1","6.886788168333344","6.947909399250016","6.886788168333344","6.91734878379168","0.8836110694093215","2.3123101360329112","3.6350000000000025","results/baselines/mo_lso/formal_10240_seed50/anytime/budget_10240/quality_constrained/quality_annotated_molecules.csv","","-7.1","","-8.7","-7.1","-8.7","-7.1","-7.8999999999999995","True","0.36507936507936506","0.6349206349206349","True"
"pairA","EGFR/VEGFR2","MO-LSO","mo_lso","50","10","MLS_AS50_10","CCSc1ccnc(Nc2cccc(Br)c2)c1","7.104176255833329","6.879370260250015","6.879370260250015","6.991773258041672","0.8287092905116066","2.197245859705548","4.699700000000002","results/baselines/mo_lso/formal_10240_seed50/anytime/budget_10240/quality_constrained/quality_annotated_molecules.csv","","-6.1","","-7.9","-6.1","-7.9","-6.1","-7.0","False","0.45652173913043476","0.5434782608695652","True"
"pairA","EGFR/VEGFR2","MO-LSO","mo_lso","51","1","MLS_AS51_01","CCc1cccc2ccnc(Nc3cc(F)ccn3)c12","7.146535994266665","7.116116077000023","7.116116077000023","7.131326035633344","0.7767835047511686","2.392009164091704","4.074900000000002","results/baselines/mo_lso/formal_10240_seed51/anytime/budget_10240/quality_constrained/quality_annotated_molecules.csv","","-8.0","","-8.5","-8.0","-8.5","-8.0","-8.25","True","0.3636363636363636","0.6363636363636365","True"
"pairA","EGFR/VEGFR2","MO-LSO","mo_lso","51","2","MLS_AS51_02","Cc1cccc(CN(Cc2ccnc(NC(=O)OC(C)C)c2)c2ccncc2)c1","7.044785449533319","7.108393032666678","7.044785449533319","7.076589241099999","0.6182501398358047","2.41413313282799","4.948720000000004","results/baselines/mo_lso/formal_10240_seed51/anytime/budget_10240/quality_constrained/quality_annotated_molecules.csv","","-8.2","","-8.8","-8.2","-8.8","-8.2","-8.5","True","0.4677419354838709","0.5322580645161291","True"
"pairA","EGFR/VEGFR2","MO-LSO","mo_lso","51","3","MLS_AS51_03","CC(=O)NCC(c1cccc(F)c1)c1nccc2ccccc12","7.001136405999997","7.025606959000015","7.001136405999997","7.013371682500006","0.7992673304036073","2.661607179557528","3.6419000000000015","results/baselines/mo_lso/formal_10240_seed51/anytime/budget_10240/quality_constrained/quality_annotated_molecules.csv","","-8.8","","-8.8","-8.8","-8.8","-8.8","-8.8","True","0.4736842105263157","0.5263157894736843","True"
"pairA","EGFR/VEGFR2","MO-LSO","mo_lso","51","4","MLS_AS51_04","Fc1cc(Nc2nccc(Cl)n2)cc(F)c1Nc1nnco1","7.101479684","6.969092087000023","6.969092087000023","7.035285885500011","0.7117463923653222","2.950228851692252","3.2784000000000004","results/baselines/mo_lso/formal_10240_seed51/anytime/budget_10240/quality_constrained/quality_annotated_molecules.csv","","-7.6","","-9.1","-7.6","-9.1","-7.6","-8.35","True","0.3220338983050847","0.6779661016949152","True"
"pairA","EGFR/VEGFR2","MO-LSO","mo_lso","51","5","MLS_AS51_05","CC(Sc1ccccn1)c1cccc(Nc2nnc(CN3CCOCC3)o2)c1","7.004289480333333","6.964835759000011","6.964835759000011","6.984562619666672","0.6018568982064104","3.0227530622919385","3.8937000000000017","results/baselines/mo_lso/formal_10240_seed51/anytime/budget_10240/quality_constrained/quality_annotated_molecules.csv","","-7.7","","-10.5","-7.7","-10.5","-7.7","-9.1","True","0.4305555555555556","0.5694444444444444","True"
"pairA","EGFR/VEGFR2","MO-LSO","mo_lso","51","6","MLS_AS51_06","Fc1nccc(Nc2cc(F)c(Nc3nnco3)c(Cl)c2)n1","7.030722171999996","6.960640452000017","6.960640452000017","6.995681312000007","0.7117463923653222","3.1051233571867565","3.2784000000000004","results/baselines/mo_lso/formal_10240_seed51/anytime/budget_10240/quality_constrained/quality_annotated_molecules.csv","","-7.5","","-8.1","-7.5","-8.1","-7.5","-7.8","True","0.32857142857142857","0.6714285714285715","True"
"pairA","EGFR/VEGFR2","MO-LSO","mo_lso","51","7","MLS_AS51_07","Fc1cccc(F)c1Nc1ncc(Nc2nnco2)c(Cl)n1","6.9744975870000125","6.960382253000003","6.960382253000003","6.967439920000008","0.7117463923653222","2.973653027516427","3.2784000000000004","results/baselines/mo_lso/formal_10240_seed51/anytime/budget_10240/quality_constrained/quality_annotated_molecules.csv","","-7.4","","-9.2","-7.4","-9.2","-7.4","-8.3","True","0.3230769230769231","0.676923076923077","True"
"pairA","EGFR/VEGFR2","MO-LSO","mo_lso","51","8","MLS_AS51_08","CCc1ccnc(-c2ccc3c(NC(C)C)ncnc3c2)c1","6.951365196750003","6.896827894999999","6.896827894999999","6.924096545875001","0.7870765785620147","2.266068412131812","4.074500000000002","results/baselines/mo_lso/formal_10240_seed51/anytime/budget_10240/quality_constrained/quality_annotated_molecules.csv","","-7.8","","-9.4","-7.8","-9.4","-7.8","-8.6","True","0.44","0.56","True"
"pairA","EGFR/VEGFR2","MO-LSO","mo_lso","51","9","MLS_AS51_09","CCc1cc(Nc2cc(C(C)Nc3cc(C(C)C)ncn3)ncn2)ncn1","7.37220115524999","6.889154239250012","6.889154239250012","7.130677697250001","0.6548002754604652","3.354692968821316","3.659100000000002","results/baselines/mo_lso/formal_10240_seed51/anytime/budget_10240/quality_constrained/quality_annotated_molecules.csv","","-7.9","","-9.2","-7.9","-9.2","-7.9","-8.55","True","0.5555555555555556","0.4444444444444444","True"
"pairA","EGFR/VEGFR2","MO-LSO","mo_lso","51","10","MLS_AS51_10","Cc1nnc(NCc2ccc3cncc(C(F)F)c3c2)s1","7.095071190533323","6.8821234960000135","6.8821234960000135","6.988597343266669","0.7928345827655912","2.6299590050475548","3.944420000000002","results/baselines/mo_lso/formal_10240_seed51/anytime/budget_10240/quality_constrained/quality_annotated_molecules.csv","","-7.9","","-9.6","-7.9","-9.6","-7.9","-8.75","True","0.56","0.43999999999999995","True"
"pairA","EGFR/VEGFR2","GraphPareto-NSGA-II","graphpareto_nsga2","42","1","GPN_AS42_01","COC1(CCNC(=O)Nc2cc(-c3ccc(CF)cc3F)on2)C=CC(=O)N1","8.026339337499975","7.380297709666652","7.380297709666652","7.703318523583313","0.6714512590821768","3.768984228045508","2.4905","results/baselines/graphpareto_nsga2/formal_10240_seed42/anytime/budget_10240/quality_constrained/quality_annotated_molecules.csv","","-8.1","","-10.4","-8.1","-10.4","-8.1","-9.25","True","0.3896103896103896","0.6103896103896105","True"
"pairA","EGFR/VEGFR2","GraphPareto-NSGA-II","graphpareto_nsga2","42","2","GPN_AS42_02","O=C1C=CC(O)(Cc2cc(-c3cc(-c4ccc(CF)cc4F)on3)on2)N1","7.964878100533303","7.370627400666665","7.370627400666665","7.667752750599984","0.7126903471225752","3.832755706084054","2.5222999999999995","results/baselines/graphpareto_nsga2/formal_10240_seed42/anytime/budget_10240/quality_constrained/quality_annotated_molecules.csv","","-8.5","","-10.5","-8.5","-10.5","-8.5","-9.5","True","0.3648648648648648","0.6351351351351352","True"
"pairA","EGFR/VEGFR2","GraphPareto-NSGA-II","graphpareto_nsga2","42","3","GPN_AS42_03","O=C1C=CC(O)(Cc2cc(-c3ccc(CF)cc3F)on2)N1","7.924501027533304","7.361403279666666","7.361403279666666","7.642952153599985","0.9039620388947166","3.709218735798423","1.8673","results/baselines/graphpareto_nsga2/formal_10240_seed42/anytime/budget_10240/quality_constrained/quality_annotated_molecules.csv","","-8.1","","-9.7","-8.1","-9.7","-8.1","-8.899999999999999","True","0.391304347826087","0.6086956521739131","True"
"pairA","EGFR/VEGFR2","GraphPareto-NSGA-II","graphpareto_nsga2","42","4","GPN_AS42_04","O=C1C=CC(O)(Cc2cc(-c3ccccc3-c3cc(CF)on3)on2)N1","7.794277774449987","7.351331597000009","7.351331597000009","7.572804685724998","0.7286321825873783","3.80302302192148","2.3831999999999995","results/baselines/graphpareto_nsga2/formal_10240_seed42/anytime/budget_10240/quality_constrained/quality_annotated_molecules.csv","","-8.5","","-8.5","-8.5","-8.5","-8.5","-8.5","True","0.3561643835616438","0.6438356164383562","True"
"pairA","EGFR/VEGFR2","GraphPareto-NSGA-II","graphpareto_nsga2","42","5","GPN_AS42_05","O=C1C=CC(O)(CCc2cc(-c3ccc(CF)cc3F)on2)N1","7.910843545533307","7.317285746666661","7.317285746666661","7.614064646099984","0.8859248143683915","3.7370629622363873","2.2574","results/baselines/graphpareto_nsga2/formal_10240_seed42/anytime/budget_10240/quality_constrained/quality_annotated_molecules.csv","","-8.2","","-9.6","-8.2","-9.6","-8.2","-8.899999999999999","True","0.4","0.6","True"
"pairA","EGFR/VEGFR2","GraphPareto-NSGA-II","graphpareto_nsga2","42","6","GPN_AS42_06","O=C1C=CC(O)(c2cc(-c3cc(-c4ccc(CF)cc4F)on3)on2)N1","7.964155047533311","7.307369768666659","7.307369768666659","7.6357624080999855","0.7419277770629935","3.881841915892375","2.4362999999999992","results/baselines/graphpareto_nsga2/formal_10240_seed42/anytime/budget_10240/quality_constrained/quality_annotated_molecules.csv","","-9.0","","-10.5","-9.0","-10.5","-9.0","-9.75","True","0.3472222222222222","0.6527777777777778","True"
"pairA","EGFR/VEGFR2","GraphPareto-NSGA-II","graphpareto_nsga2","42","7","GPN_AS42_07","O=C1C=CC(O)(c2cc(-c3ccc(CF)cc3F)on2)N1","7.918513483533314","7.301646645666661","7.301646645666661","7.6100800645999875","0.9039232529422264","3.781046560973432","1.7812999999999997","results/baselines/graphpareto_nsga2/formal_10240_seed42/anytime/budget_10240/quality_constrained/quality_annotated_molecules.csv","","-7.8","","-9.7","-7.8","-9.7","-7.8","-8.75","True","0.373134328358209","0.6268656716417911","True"
"pairA","EGFR/VEGFR2","GraphPareto-NSGA-II","graphpareto_nsga2","42","8","GPN_AS42_08","O=C1C=CC(O)(Cc2cc(-c3ccc(Cc4ccc(CF)cc4F)cc3F)on2)N1","7.972921601833305","7.258794152000002","7.258794152000002","7.615857876916653","0.6464904930971996","3.623918461123612","3.5972000000000017","results/baselines/graphpareto_nsga2/formal_10240_seed42/anytime/budget_10240/quality_constrained/quality_annotated_molecules.csv","","-8.8","","-10.0","-8.8","-10.0","-8.8","-9.4","True","0.35526315789473684","0.6447368421052632","True"
"pairA","EGFR/VEGFR2","GraphPareto-NSGA-II","graphpareto_nsga2","42","9","GPN_AS42_09","O=C1C=CC(Cc2cc(-c3ccc(CF)cc3F)on2)(c2ccc(F)cc2F)N1","7.876307659833305","7.211210744000008","7.211210744000008","7.543759201916656","0.6458460569289541","3.649538724147901","4.352400000000003","results/baselines/graphpareto_nsga2/formal_10240_seed42/anytime/budget_10240/quality_constrained/quality_annotated_molecules.csv","","-8.7","","-9.1","-8.7","-9.1","-8.7","-8.899999999999999","True","0.4142857142857143","0.5857142857142856","True"
"pairA","EGFR/VEGFR2","GraphPareto-NSGA-II","graphpareto_nsga2","42","10","GPN_AS42_10","O=C1C=CC(O)(c2cc(-c3ccc(Cc4ccc(CF)cc4F)cc3F)on2)N1","7.965854453833312","7.189920721999998","7.189920721999998","7.5778875879166545","0.6874300176924824","3.653559174429327","3.5112000000000023","results/baselines/graphpareto_nsga2/formal_10240_seed42/anytime/budget_10240/quality_constrained/quality_annotated_molecules.csv","","-8.7","","-10.3","-8.7","-10.3","-8.7","-9.5","True","0.34285714285714286","0.6571428571428571","True"
"pairA","EGFR/VEGFR2","GraphPareto-NSGA-II","graphpareto_nsga2","43","1","GPN_AS43_01","COC(=O)c1cnn(Cc2sc(-c3cccnc3)nc2F)c1C1CC1","7.221826490999987","7.394736771000005","7.221826490999987","7.308281630999996","0.6549518148072013","2.8848462524279963","3.253000000000002","results/baselines/graphpareto_nsga2/formal_10240_seed43/anytime/budget_10240/quality_constrained/quality_annotated_molecules.csv","","-6.9","","-7.8","-6.9","-7.8","-6.9","-7.35","False","0.4520547945205479","0.547945205479452","True"
"pairA","EGFR/VEGFR2","GraphPareto-NSGA-II","graphpareto_nsga2","43","2","GPN_AS43_02","CCCNC(=O)c1cnn(Cc2sc(-c3cccnc3)nc2F)c1C1CC1","7.289844712066649","7.189168510999995","7.189168510999995","7.239506611533322","0.6743626294673457","2.843368719080779","3.606200000000002","results/baselines/graphpareto_nsga2/formal_10240_seed43/anytime/budget_10240/quality_constrained/quality_annotated_molecules.csv","","-7.5","","-8.1","-7.5","-8.1","-7.5","-7.8","True","0.5","0.5","True"
"pairA","EGFR/VEGFR2","GraphPareto-NSGA-II","graphpareto_nsga2","43","3","GPN_AS43_03","COCCc1cnn(Cc2sc(-c3cccnc3)nc2F)c1C1CC1","7.168708624499986","7.183094252000008","7.168708624499986","7.175901438249997","0.6467941152959553","3.0058108515612583","3.655300000000002","results/baselines/graphpareto_nsga2/formal_10240_seed43/anytime/budget_10240/quality_constrained/quality_annotated_molecules.csv","","-7.1","","-7.6","-7.1","-7.6","-7.1","-7.35","True","0.4","0.6","True"
"pairA","EGFR/VEGFR2","GraphPareto-NSGA-II","graphpareto_nsga2","43","4","GPN_AS43_04","CCCc1c(NC(=O)Nc2ccc(NC)nc2)cnn1C(C)C1CC1","7.162653128833318","7.239723759999998","7.162653128833318","7.201188444416658","0.7126385435074487","3.187340021381715","3.8873000000000015","results/baselines/graphpareto_nsga2/formal_10240_seed43/anytime/budget_10240/quality_constrained/quality_annotated_molecules.csv","","-7.1","","-7.2","-7.1","-7.2","-7.1","-7.15","True","0.4264705882352941","0.5735294117647058","True"
"pairA","EGFR/VEGFR2","GraphPareto-NSGA-II","graphpareto_nsga2","43","5","GPN_AS43_05","C=Cc1nc(NC)sc1Cn1ncc(C(=O)NCCC(=O)OC)c1C1CC1","7.5778102883333185","7.159694818142862","7.159694818142862","7.368752553238091","0.6384852772850795","3.105054577222637","2.2429","results/baselines/graphpareto_nsga2/formal_10240_seed43/anytime/budget_10240/quality_constrained/quality_annotated_molecules.csv","","-6.9","","-7.4","-6.9","-7.4","-6.9","-7.15","False","0.41025641025641024","0.5897435897435898","True"
"pairA","EGFR/VEGFR2","GraphPareto-NSGA-II","graphpareto_nsga2","43","6","GPN_AS43_06","COC(=O)c1nc(F)c(Cn2ncc(C(=O)Nc3ccc(C)nc3)c2C2CC2)s1","7.578760362599991","7.148111896999994","7.148111896999994","7.363436129799993","0.6211857676102405","2.9933726138289174","3.146720000000002","results/baselines/graphpareto_nsga2/formal_10240_seed43/anytime/budget_10240/quality_constrained/quality_annotated_molecules.csv","","-7.5","","-9.0","-7.5","-9.0","-7.5","-8.25","True","0.582089552238806","0.417910447761194","True"
"pairA","EGFR/VEGFR2","GraphPareto-NSGA-II","graphpareto_nsga2","43","7","GPN_AS43_07","Cc1ccc(NC(=O)c2cnn(Cc3sc(CC(=O)OF)nc3F)c2C2CC2)cn1","7.517429176166654","7.119560967999993","7.119560967999993","7.318495072083323","0.6137133721518873","3.2458795272436856","3.330320000000002","results/baselines/graphpareto_nsga2/formal_10240_seed43/anytime/budget_10240/quality_constrained/quality_annotated_molecules.csv","","-7.5","","-8.9","-7.5","-8.9","-7.5","-8.2","True","0.5571428571428572","0.44285714285714284","True"
"pairA","EGFR/VEGFR2","GraphPareto-NSGA-II","graphpareto_nsga2","43","8","GPN_AS43_08","CCCC(C)n1ncc(NC(=O)Nc2ccc(NC)nc2)c1C1CC1","7.07747011533332","7.209586832999999","7.07747011533332","7.14352847416666","0.7038408933478266","3.176203757645452","4.202300000000002","results/baselines/graphpareto_nsga2/formal_10240_seed43/anytime/budget_10240/quality_constrained/quality_annotated_molecules.csv","","-6.6","","-7.9","-6.6","-7.9","-6.6","-7.25","False","0.4925373134328358","0.5074626865671642","True"
"pairA","EGFR/VEGFR2","GraphPareto-NSGA-II","graphpareto_nsga2","43","9","GPN_AS43_09","CCC(C)n1ncc(NC(=O)Nc2ccc(NC)nc2)c1C1CC1","7.066667317666657","7.321757044000002","7.066667317666657","7.194212180833329","0.7526117807643858","3.144166644140147","3.8122000000000016","results/baselines/graphpareto_nsga2/formal_10240_seed43/anytime/budget_10240/quality_constrained/quality_annotated_molecules.csv","","-6.8","","-7.6","-6.8","-7.6","-6.8","-7.199999999999999","False","0.5806451612903226","0.4193548387096774","True"
"pairA","EGFR/VEGFR2","GraphPareto-NSGA-II","graphpareto_nsga2","43","10","GPN_AS43_10","CNc1ccc(NC(=O)Nc2cnn(C(C)C)c2C2CC2)cn1","7.061258331066656","7.32322576","7.061258331066656","7.1922420455333285","0.7892740355244945","2.6599505902815253","3.422100000000002","results/baselines/graphpareto_nsga2/formal_10240_seed43/anytime/budget_10240/quality_constrained/quality_annotated_molecules.csv","","-6.9","","-7.7","-6.9","-7.7","-6.9","-7.300000000000001","False","0.46774193548387094","0.532258064516129","True"
"pairA","EGFR/VEGFR2","GraphPareto-NSGA-II","graphpareto_nsga2","44","1","GPN_AS44_01","COC(=O)N(C)c1cc(CF)c(-c2ncco2)cc1C","7.588642904333298","7.358567218666653","7.358567218666653","7.473605061499976","0.8638101914461876","3.0003605506361923","3.3221200000000017","results/baselines/graphpareto_nsga2/formal_10240_seed44/anytime/budget_10240/quality_constrained/quality_annotated_molecules.csv","","-6.8","","-7.8","-6.8","-7.8","-6.8","-7.3","False","0.4117647058823529","0.5882352941176471","True"
"pairA","EGFR/VEGFR2","GraphPareto-NSGA-II","graphpareto_nsga2","44","2","GPN_AS44_02","Cc1ccc(-c2ncco2)cc1NC(=O)N(C)CCN1C=NCOC1=O","7.523244223666673","7.344469969733336","7.344469969733336","7.433857096700004","0.8862042884643114","3.319736350170521","2.5517200000000004","results/baselines/graphpareto_nsga2/formal_10240_seed44/anytime/budget_10240/quality_constrained/quality_annotated_molecules.csv","","-7.8","","-9.3","-7.8","-9.3","-7.8","-8.55","True","0.7058823529411765","0.2941176470588235","True"
"pairA","EGFR/VEGFR2","GraphPareto-NSGA-II","graphpareto_nsga2","44","3","GPN_AS44_03","COc1ccc(C(C)N2CC(c3cccc(-c4ccoc4)c3)CC2=O)cn1","7.436209604999976","7.339376928500026","7.339376928500026","7.387793266750001","0.673794395057464","3.324266634053412","4.427300000000004","results/baselines/graphpareto_nsga2/formal_10240_seed44/anytime/budget_10240/quality_constrained/quality_annotated_molecules.csv","","-8.7","","-10.8","-8.7","-10.8","-8.7","-9.75","True","0.44","0.56","True"
"pairA","EGFR/VEGFR2","GraphPareto-NSGA-II","graphpareto_nsga2","44","4","GPN_AS44_04","Cn1nc2c(cc1=O)CN(C(=O)NC(c1ccccc1)C(CF)c1ccccc1)CC2","7.294742387249986","7.526594328000021","7.294742387249986","7.410668357625004","0.6884849770247907","3.425289918002483","3.342600000000002","results/baselines/graphpareto_nsga2/formal_10240_seed44/anytime/budget_10240/quality_constrained/quality_annotated_molecules.csv","","-8.0","","-8.7","-8.0","-8.7","-8.0","-8.35","True","0.5735294117647058","0.42647058823529416","True"
"pairA","EGFR/VEGFR2","GraphPareto-NSGA-II","graphpareto_nsga2","44","5","GPN_AS44_05","Cc1ccc(-c2ncco2)cc1-c1cc(NN2CCOC2=O)ccc1CF","8.17248727259999","7.270960377000005","7.270960377000005","7.721723824799998","0.7156561152572511","3.011321228110212","4.565620000000003","results/baselines/graphpareto_nsga2/formal_10240_seed44/anytime/budget_10240/quality_constrained/quality_annotated_molecules.csv","","-7.7","","-7.4","-7.7","-7.4","-7.4","-7.550000000000001","True","0.45454545454545453","0.5454545454545454","True"
"pairA","EGFR/VEGFR2","GraphPareto-NSGA-II","graphpareto_nsga2","44","6","GPN_AS44_06","CCc1ccc(CF)c(-c2cc(-c3ncco3)ccc2C(N)=O)c1","7.67915669849997","7.257306516999977","7.257306516999977","7.468231607749973","0.7666112208643944","2.5804217180171687","4.139400000000004","results/baselines/graphpareto_nsga2/formal_10240_seed44/anytime/budget_10240/quality_constrained/quality_annotated_molecules.csv","","-7.2","","-9.1","-7.2","-9.1","-7.2","-8.15","True","0.4117647058823529","0.5882352941176471","True"
"pairA","EGFR/VEGFR2","GraphPareto-NSGA-II","graphpareto_nsga2","44","7","GPN_AS44_07","COc1ccc(NC(=O)C2CC(=O)N(C(C)c3ccc(Oc4ncco4)nc3)C2)cn1","7.553971033833309","7.24891086500001","7.24891086500001","7.40144094941666","0.6160043928140558","3.6230472213732696","2.8137000000000008","results/baselines/graphpareto_nsga2/formal_10240_seed44/anytime/budget_10240/quality_constrained/quality_annotated_molecules.csv","","-8.5","","-8.6","-8.5","-8.6","-8.5","-8.55","True","0.6865671641791045","0.31343283582089554","True"
"pairA","EGFR/VEGFR2","GraphPareto-NSGA-II","graphpareto_nsga2","44","8","GPN_AS44_08","CCNc1ccc(CF)c(-c2cc(-c3ncco3)ccc2N2CCOC2=O)c1","8.195647422933327","7.223551590000007","7.223551590000007","7.709599506466667","0.6599800007996813","2.867730621585739","4.866500000000004","results/baselines/graphpareto_nsga2/formal_10240_seed44/anytime/budget_10240/quality_constrained/quality_annotated_molecules.csv","","-8.3","","-7.8","-8.3","-7.8","-7.8","-8.05","True","0.3902439024390244","0.6097560975609756","True"
"pairA","EGFR/VEGFR2","GraphPareto-NSGA-II","graphpareto_nsga2","44","9","GPN_AS44_09","CCNc1ccc(CF)c(-c2cc(-c3ncco3)ccc2CN2CCOC2=O)c1","8.24115664493333","7.170729585000013","7.170729585000013","7.705943114966671","0.6186477336588388","2.8969847017410046","4.862100000000004","results/baselines/graphpareto_nsga2/formal_10240_seed44/anytime/budget_10240/quality_constrained/quality_annotated_molecules.csv","","-8.3","","-6.7","-8.3","-6.7","-6.7","-7.5","False","0.44871794871794873","0.5512820512820513","True"
"pairA","EGFR/VEGFR2","GraphPareto-NSGA-II","graphpareto_nsga2","44","10","GPN_AS44_10","COc1ccc(C(C)N2CN=C(C(=O)Nc3ccc(C)nc3)CC2=O)cn1","7.557144073666648","7.164104722000001","7.164104722000001","7.360624397833325","0.8730717080050979","3.345755550976003","2.12412","results/baselines/graphpareto_nsga2/formal_10240_seed44/anytime/budget_10240/quality_constrained/quality_annotated_molecules.csv","","-7.8","","-10.0","-7.8","-10.0","-7.8","-8.9","True","0.49295774647887325","0.5070422535211268","True"
"pairA","EGFR/VEGFR2","GraphPareto-NSGA-II","graphpareto_nsga2","45","1","GPN_AS45_01","CN(C)C(=O)Nc1cc(Cc2cc(CF)ccn2)c(CF)cc1F","7.752602446166642","7.461563961133333","7.461563961133333","7.607083203649987","0.9007902652072032","2.855646790004005","3.844000000000003","results/baselines/graphpareto_nsga2/formal_10240_seed45/anytime/budget_10240/quality_constrained/quality_annotated_molecules.csv","","-7.6","","-9.2","-7.6","-9.2","-7.6","-8.399999999999999","True","0.4193548387096774","0.5806451612903226","True"
"pairA","EGFR/VEGFR2","GraphPareto-NSGA-II","graphpareto_nsga2","45","2","GPN_AS45_02","CN(C)C(=O)Nc1cc(Cc2cc(F)ccn2)c(CF)cc1F","7.788258659666639","7.442469016333335","7.442469016333335","7.615363837999987","0.9356305201556828","2.756139772973833","3.513600000000002","results/baselines/graphpareto_nsga2/formal_10240_seed45/anytime/budget_10240/quality_constrained/quality_annotated_molecules.csv","","-7.7","","-8.9","-7.7","-8.9","-7.7","-8.3","True","0.45","0.55","True"
"pairA","EGFR/VEGFR2","GraphPareto-NSGA-II","graphpareto_nsga2","45","3","GPN_AS45_03","CCc1ncccc1C(=O)N1COC1c1cc(OC)c(Cc2cc(N)ccn2)cc1CF","7.742967006666649","7.37806850300001","7.37806850300001","7.560517754833329","0.6056000642534631","3.669663460821635","3.818800000000002","results/baselines/graphpareto_nsga2/formal_10240_seed45/anytime/budget_10240/quality_constrained/quality_annotated_molecules.csv","","-7.9","","-8.1","-7.9","-8.1","-7.9","-8.0","True","0.3222222222222222","0.6777777777777778","True"
"pairA","EGFR/VEGFR2","GraphPareto-NSGA-II","graphpareto_nsga2","45","4","GPN_AS45_04","COCc1cc(NC(=O)N(C)CCOc2cc(N)ccn2)c(F)cc1CF","7.906644169333314","7.352601396200008","7.352601396200008","7.629622782766661","0.7349261785180841","2.8105819618380217","2.961500000000001","results/baselines/graphpareto_nsga2/formal_10240_seed45/anytime/budget_10240/quality_constrained/quality_annotated_molecules.csv","","-7.1","","-8.8","-7.1","-8.8","-7.1","-7.95","True","0.4461538461538462","0.5538461538461539","True"
"pairA","EGFR/VEGFR2","GraphPareto-NSGA-II","graphpareto_nsga2","45","5","GPN_AS45_05","Nc1ccnc(C2CN(C(=O)Nc3cc(Cc4cc(CF)no4)c(CF)cc3F)C2)c1","7.898663916499967","7.330196062333337","7.330196062333337","7.614429989416651","0.6160115994352354","3.245888849490992","3.9520000000000026","results/baselines/graphpareto_nsga2/formal_10240_seed45/anytime/budget_10240/quality_constrained/quality_annotated_molecules.csv","","-9.1","","-10.3","-9.1","-10.3","-9.1","-9.7","True","0.37037037037037035","0.6296296296296297","True"
"pairA","EGFR/VEGFR2","GraphPareto-NSGA-II","graphpareto_nsga2","45","6","GPN_AS45_06","C=C(c1cc(F)ccn1)c1cc(NC(=O)N(C)C)c(F)cc1CF","7.838432979833318","7.320123197999989","7.320123197999989","7.579278088916653","0.9183225532821772","2.9226313838716766","3.984300000000003","results/baselines/graphpareto_nsga2/formal_10240_seed45/anytime/budget_10240/quality_constrained/quality_annotated_molecules.csv","","-7.8","","-9.6","-7.8","-9.6","-7.8","-8.7","True","0.4153846153846154","0.5846153846153845","True"
"pairA","EGFR/VEGFR2","GraphPareto-NSGA-II","graphpareto_nsga2","45","7","GPN_AS45_07","CN(C)C(=O)Nc1cc(Cc2cc(N)ccn2)c(CF)cc1F","7.860462728333309","7.294518340533337","7.294518340533337","7.577490534433323","0.90960576588653","2.787610102644164","2.956700000000001","results/baselines/graphpareto_nsga2/formal_10240_seed45/anytime/budget_10240/quality_constrained/quality_annotated_molecules.csv","","-7.5","","-8.8","-7.5","-8.8","-7.5","-8.15","True","0.42105263157894735","0.5789473684210527","True"
"pairA","EGFR/VEGFR2","GraphPareto-NSGA-II","graphpareto_nsga2","45","8","GPN_AS45_08","Nc1ccnc(C2CN(C(=O)Nc3cc(CF)c(CF)cc3F)C2)c1","7.850821808699972","7.290361562000008","7.290361562000008","7.57059168534999","0.8880353415238945","2.95866193851778","3.373200000000001","results/baselines/graphpareto_nsga2/formal_10240_seed45/anytime/budget_10240/quality_constrained/quality_annotated_molecules.csv","","-7.6","","-9.1","-7.6","-9.1","-7.6","-8.35","True","0.4426229508196721","0.5573770491803278","True"
"pairA","EGFR/VEGFR2","GraphPareto-NSGA-II","graphpareto_nsga2","45","9","GPN_AS45_09","C=CN(C)C(=O)Nc1cc(Cc2cc(F)ccn2)c(CF)cc1F","7.813270643333311","7.277024521333332","7.277024521333332","7.545147582333321","0.8966238088883041","3.134839796997011","4.027300000000003","results/baselines/graphpareto_nsga2/formal_10240_seed45/anytime/budget_10240/quality_constrained/quality_annotated_molecules.csv","","-7.5","","-8.8","-7.5","-8.8","-7.5","-8.15","True","0.4153846153846154","0.5846153846153845","True"
"pairA","EGFR/VEGFR2","GraphPareto-NSGA-II","graphpareto_nsga2","45","10","GPN_AS45_10","CN(CCCF)C(=O)Nc1cc(Cc2cc(N)ccn2)c(CF)cc1F","7.709768667333307","7.268218373533337","7.268218373533337","7.488993520433322","0.7851167128389056","2.9721256433098144","3.6865000000000014","results/baselines/graphpareto_nsga2/formal_10240_seed45/anytime/budget_10240/quality_constrained/quality_annotated_molecules.csv","","-7.5","","-8.7","-7.5","-8.7","-7.5","-8.1","True","0.4117647058823529","0.5882352941176471","True"
"pairA","EGFR/VEGFR2","GraphPareto-NSGA-II","graphpareto_nsga2","46","1","GPN_AS46_01","Cc1ccsc1CNC(=O)c1cccnc1NCc1ccnc(C(C)C)c1","7.583751704149979","7.67414359200001","7.583751704149979","7.628947648074995","0.6326995387851602","2.469500986813048","4.512020000000003","results/baselines/graphpareto_nsga2/formal_10240_seed46/anytime/budget_10240/quality_constrained/quality_annotated_molecules.csv","","-7.6","","-10.0","-7.6","-10.0","-7.6","-8.8","True","0.5806451612903226","0.4193548387096774","True"
"pairA","EGFR/VEGFR2","GraphPareto-NSGA-II","graphpareto_nsga2","46","2","GPN_AS46_02","CC(C)c1cc(CNC2=C(C(=O)N3Cc4ccsc4C3)C=CNC=N2)ccn1","7.707322993799974","7.572668599466677","7.572668599466677","7.639995796633325","0.8181440813462855","3.541987031842151","3.255300000000002","results/baselines/graphpareto_nsga2/formal_10240_seed46/anytime/budget_10240/quality_constrained/quality_annotated_molecules.csv","","-8.2","","-10.3","-8.2","-10.3","-8.2","-9.25","True","0.382716049382716","0.617283950617284","True"
"pairA","EGFR/VEGFR2","GraphPareto-NSGA-II","graphpareto_nsga2","46","3","GPN_AS46_03","CC1=C(NC(=O)c2cccnc2NCc2ccnc(C(C)C)c2)N=CNC=C1","7.554118726666649","7.715499909133346","7.554118726666649","7.634809317899998","0.7193577773876297","3.1993456215857403","3.3186000000000018","results/baselines/graphpareto_nsga2/formal_10240_seed46/anytime/budget_10240/quality_constrained/quality_annotated_molecules.csv","","-8.8","","-10.0","-8.8","-10.0","-8.8","-9.4","True","0.4411764705882353","0.5588235294117647","True"
"pairA","EGFR/VEGFR2","GraphPareto-NSGA-II","graphpareto_nsga2","46","4","GPN_AS46_04","Cc1cccnc1NC(=O)C1=C(NCc2ccnc(C(C)C)c2)N=CNC=C1","7.489165050766648","7.494948719133341","7.489165050766648","7.492056884949994","0.7208923971813264","3.3462810062011243","2.993520000000001","results/baselines/graphpareto_nsga2/formal_10240_seed46/anytime/budget_10240/quality_constrained/quality_annotated_molecules.csv","","-8.0","","-10.3","-8.0","-10.3","-8.0","-9.15","True","0.42028985507246375","0.5797101449275363","True"
"pairA","EGFR/VEGFR2","GraphPareto-NSGA-II","graphpareto_nsga2","46","5","GPN_AS46_05","Cc1ccsc1CNC(=O)NCc1ccnc(C(C)C)c1","7.672525513299977","7.454300847466662","7.454300847466662","7.56341318038332","0.8868608292479808","2.3597560063513345","3.574320000000002","results/baselines/graphpareto_nsga2/formal_10240_seed46/anytime/budget_10240/quality_constrained/quality_annotated_molecules.csv","","-7.0","","-8.6","-7.0","-8.6","-7.0","-7.8","True","0.7","0.30000000000000004","True"
"pairA","EGFR/VEGFR2","GraphPareto-NSGA-II","graphpareto_nsga2","46","6","GPN_AS46_06","Cc1ccsc1CNC(=O)C1=CC=CN=C(NCc2ccnc(C(C)C)c2)S1","7.673440113866636","7.434353107166668","7.434353107166668","7.553896610516652","0.7340348343417419","3.3257333138934326","4.481320000000003","results/baselines/graphpareto_nsga2/formal_10240_seed46/anytime/budget_10240/quality_constrained/quality_annotated_molecules.csv","","-8.2","","-8.7","-8.2","-8.7","-8.2","-8.45","True","0.45714285714285713","0.5428571428571429","True"
"pairA","EGFR/VEGFR2","GraphPareto-NSGA-II","graphpareto_nsga2","46","7","GPN_AS46_07","Cc1ccsc1CNC(=O)C1=CSC=CN=C1NCc1ccnc(C(C)C)c1","7.651609483366634","7.425504366666668","7.425504366666668","7.5385569250166515","0.7340348343417419","3.380991583124201","4.481320000000003","results/baselines/graphpareto_nsga2/formal_10240_seed46/anytime/budget_10240/quality_constrained/quality_annotated_molecules.csv","","-7.8","","-8.6","-7.8","-8.6","-7.8","-8.2","True","0.45714285714285713","0.5428571428571429","True"
"pairA","EGFR/VEGFR2","GraphPareto-NSGA-II","graphpareto_nsga2","46","8","GPN_AS46_08","CNC(=O)NC(c1cc(Cc2sccc2C)on1)C(C)OC","7.702485778666648","7.418416094666669","7.418416094666669","7.560450936666658","0.856634216516168","3.8989114248818257","2.640320000000001","results/baselines/graphpareto_nsga2/formal_10240_seed46/anytime/budget_10240/quality_constrained/quality_annotated_molecules.csv","","-7.2","","-8.5","-7.2","-8.5","-7.2","-7.85","True","0.41935483870967744","0.5806451612903225","True"
"pairA","EGFR/VEGFR2","GraphPareto-NSGA-II","graphpareto_nsga2","46","9","GPN_AS46_09","Cc1cccnc1C(C)c1cc(CNC(=O)NCc2sccc2C)ccn1","7.5769401754999794","7.418201024799992","7.418201024799992","7.497570600149986","0.6696893032388292","3.10397868310703","4.306140000000003","results/baselines/graphpareto_nsga2/formal_10240_seed46/anytime/budget_10240/quality_constrained/quality_annotated_molecules.csv","","-8.3","","-9.4","-8.3","-9.4","-8.3","-8.850000000000001","True","0.603448275862069","0.39655172413793105","True"
"pairA","EGFR/VEGFR2","GraphPareto-NSGA-II","graphpareto_nsga2","46","10","GPN_AS46_10","CNC(=O)NC(c1cc(CCc2sccc2C)on1)C(C)OC","7.702545270666648","7.4135969966666675","7.4135969966666675","7.558071133666658","0.8143935652901815","3.805489635277982","2.8347200000000017","results/baselines/graphpareto_nsga2/formal_10240_seed46/anytime/budget_10240/quality_constrained/quality_annotated_molecules.csv","","-7.5","","-9.1","-7.5","-9.1","-7.5","-8.3","True","0.40625","0.59375","True"
"pairA","EGFR/VEGFR2","GraphPareto-NSGA-II","graphpareto_nsga2","47","1","GPN_AS47_01","CC(C)CC1(C(N)=O)CC(c2cc(Cl)ccn2)CN1C(=O)c1ccc(CF)cc1Br","7.783972802266645","7.444401551666673","7.444401551666673","7.614187176966659","0.6199419825512493","3.958548865727144","4.866900000000005","results/baselines/graphpareto_nsga2/formal_10240_seed47/anytime/budget_10240/quality_constrained/quality_annotated_molecules.csv","","-7.8","","-7.9","-7.8","-7.9","-7.8","-7.85","True","0.3209876543209876","0.6790123456790125","True"
"pairA","EGFR/VEGFR2","GraphPareto-NSGA-II","graphpareto_nsga2","47","2","GPN_AS47_02","CC(C)c1ccc(C(C)NS(=O)(=O)CCc2cc(Cl)ccn2)c(F)c1Cl","7.491702054999989","7.406691370000012","7.406691370000012","7.449196712500001","0.6964953398650725","3.230760692251152","4.874000000000004","results/baselines/graphpareto_nsga2/formal_10240_seed47/anytime/budget_10240/quality_constrained/quality_annotated_molecules.csv","","-7.7","","-9.4","-7.7","-9.4","-7.7","-8.55","True","0.4310344827586206","0.5689655172413794","True"
"pairA","EGFR/VEGFR2","GraphPareto-NSGA-II","graphpareto_nsga2","47","3","GPN_AS47_03","CC(C)c1ccc(C(C)NS(=O)(=O)CCc2cc(Cl)ccn2)c(F)c1F","7.433430002999996","7.399901358000009","7.399901358000009","7.416665680500003","0.7480933269202519","3.1689949779654363","4.359700000000004","results/baselines/graphpareto_nsga2/formal_10240_seed47/anytime/budget_10240/quality_constrained/quality_annotated_molecules.csv","","-7.6","","-8.7","-7.6","-8.7","-7.6","-8.149999999999999","True","0.4464285714285714","0.5535714285714286","True"
"pairA","EGFR/VEGFR2","GraphPareto-NSGA-II","graphpareto_nsga2","47","4","GPN_AS47_04","CC(C)c1ccc(C(C)NS(=O)(=O)CCc2cc(F)ccn2)c(F)c1F","7.422687875166651","7.397375970000013","7.397375970000013","7.410031922583332","0.786465469409092","3.208624648295107","3.8454000000000033","results/baselines/graphpareto_nsga2/formal_10240_seed47/anytime/budget_10240/quality_constrained/quality_annotated_molecules.csv","","-7.6","","-8.7","-7.6","-8.7","-7.6","-8.149999999999999","True","0.4807692307692308","0.5192307692307692","True"
"pairA","EGFR/VEGFR2","GraphPareto-NSGA-II","graphpareto_nsga2","47","5","GPN_AS47_05","CC(C)c1ccc(C(C)NS(=O)(=O)CCCc2cc(Cl)ccn2)c(F)c1F","7.401776894333329","7.396777599000007","7.396777599000007","7.399277246666668","0.6750854711079526","3.178394259311648","4.749800000000004","results/baselines/graphpareto_nsga2/formal_10240_seed47/anytime/budget_10240/quality_constrained/quality_annotated_molecules.csv","","-7.3","","-9.5","-7.3","-9.5","-7.3","-8.4","True","0.423728813559322","0.576271186440678","True"
"pairA","EGFR/VEGFR2","GraphPareto-NSGA-II","graphpareto_nsga2","47","6","GPN_AS47_06","CC(Cc1ccc(C(C)C)c(OF)c1)NS(=O)(=O)CCc1cc(Cl)ccn1","7.371148451416659","7.4379823986666675","7.371148451416659","7.404565425041664","0.6667457349032057","3.2457425462708933","4.214800000000003","results/baselines/graphpareto_nsga2/formal_10240_seed47/anytime/budget_10240/quality_constrained/quality_annotated_molecules.csv","","-7.7","","-9.0","-7.7","-9.0","-7.7","-8.35","True","0.4098360655737705","0.5901639344262295","True"
"pairA","EGFR/VEGFR2","GraphPareto-NSGA-II","graphpareto_nsga2","47","7","GPN_AS47_07","Cc1ccnc(CCS(=O)(=O)NC(C)c2ccc(C(C)C)c(F)c2F)c1","7.419072332833318","7.359154201000017","7.359154201000017","7.3891132669166675","0.7869614740263527","3.120420692251152","4.014720000000003","results/baselines/graphpareto_nsga2/formal_10240_seed47/anytime/budget_10240/quality_constrained/quality_annotated_molecules.csv","","-6.9","","-9.3","-6.9","-9.3","-6.9","-8.100000000000001","False","0.45454545454545453","0.5454545454545454","True"
"pairA","EGFR/VEGFR2","GraphPareto-NSGA-II","graphpareto_nsga2","47","8","GPN_AS47_08","Cc1ccnc(CCCS(=O)(=O)NC(C)c2ccc(C(C)C)c(F)c2F)c1","7.372838823833321","7.358044910000014","7.358044910000014","7.365441866916667","0.7192325710373584","3.131816177119866","4.404820000000004","results/baselines/graphpareto_nsga2/formal_10240_seed47/anytime/budget_10240/quality_constrained/quality_annotated_molecules.csv","","-7.0","","-10.1","-7.0","-10.1","-7.0","-8.55","True","0.4107142857142857","0.5892857142857143","True"
"pairA","EGFR/VEGFR2","GraphPareto-NSGA-II","graphpareto_nsga2","47","9","GPN_AS47_09","CN(CCc1cc(Cl)ccn1)C(=O)c1cc(F)c(CF)cc1Br","7.774836775766651","7.35494176371667","7.35494176371667","7.564889269741661","0.7402469889602377","2.660291421325484","4.4208000000000025","results/baselines/graphpareto_nsga2/formal_10240_seed47/anytime/budget_10240/quality_constrained/quality_annotated_molecules.csv","","-7.1","","-8.3","-7.1","-8.3","-7.1","-7.7","True","0.5254237288135594","0.47457627118644063","True"
"pairA","EGFR/VEGFR2","GraphPareto-NSGA-II","graphpareto_nsga2","47","10","GPN_AS47_10","CC(C)c1ccc(C(C)(NS(C)(=O)=O)C(C)c2cc(Cl)ccn2)cc1CF","8.280088266333305","7.336237071400009","7.336237071400009","7.808162668866657","0.7033655288772589","3.824790006834476","4.896000000000004","results/baselines/graphpareto_nsga2/formal_10240_seed47/anytime/budget_10240/quality_constrained/quality_annotated_molecules.csv","","-7.8","","-7.0","-7.8","-7.0","-7.0","-7.4","True","0.3333333333333333","0.6666666666666667","True"
"pairA","EGFR/VEGFR2","GraphPareto-NSGA-II","graphpareto_nsga2","48","1","GPN_AS48_01","Cc1cc(CF)cc(OCF)c1NC(=O)Nc1cccc2cnccc12","7.7502910772499805","7.366946252666666","7.366946252666666","7.558618664958323","0.6781089598913229","2.587901630835802","4.962520000000003","results/baselines/graphpareto_nsga2/formal_10240_seed48/anytime/budget_10240/quality_constrained/quality_annotated_molecules.csv","","-7.7","","-8.9","-7.7","-8.9","-7.7","-8.3","True","0.5245901639344263","0.47540983606557374","True"
"pairA","EGFR/VEGFR2","GraphPareto-NSGA-II","graphpareto_nsga2","48","2","GPN_AS48_02","CCOC1=C(NC(=O)Nc2cccc3ccc(C)nc23)OC=CC(F)=C1","7.667317289166655","7.323604687333332","7.323604687333332","7.495460988249993","0.8591298263653095","3.1142800092141805","4.267620000000003","results/baselines/graphpareto_nsga2/formal_10240_seed48/anytime/budget_10240/quality_constrained/quality_annotated_molecules.csv","","-8.1","","-10.3","-8.1","-10.3","-8.1","-9.2","True","0.5","0.5","True"
"pairA","EGFR/VEGFR2","GraphPareto-NSGA-II","graphpareto_nsga2","48","3","GPN_AS48_03","CCOc1cc(F)c(Br)cc1NC(=O)c1cccc2cnccc12","7.3685411019999805","7.319721777000012","7.319721777000012","7.344131439499996","0.698426489979169","2.1564809940352667","4.787400000000003","results/baselines/graphpareto_nsga2/formal_10240_seed48/anytime/budget_10240/quality_constrained/quality_annotated_molecules.csv","","-8.1","","-9.2","-8.1","-9.2","-8.1","-8.649999999999999","True","0.532258064516129","0.467741935483871","True"
"pairA","EGFR/VEGFR2","GraphPareto-NSGA-II","graphpareto_nsga2","48","4","GPN_AS48_04","CCOC1=C(NC(=O)Nc2cccc3ccc(C)nc23)C=COC(F)=C1","7.498687450166654","7.27240744433333","7.27240744433333","7.385547447249992","0.8591298263653095","3.179240923975094","4.267620000000003","results/baselines/graphpareto_nsga2/formal_10240_seed48/anytime/budget_10240/quality_constrained/quality_annotated_molecules.csv","","-7.9","","-10.0","-7.9","-10.0","-7.9","-8.95","True","0.5","0.5","True"
"pairA","EGFR/VEGFR2","GraphPareto-NSGA-II","graphpareto_nsga2","48","5","GPN_AS48_05","CCOc1cc(F)cc(Br)c1NC(=O)c1cccc2cnccc12","7.255147372749973","7.410552886900017","7.255147372749973","7.332850129824995","0.698426489979169","2.2460472836280285","4.787400000000003","results/baselines/graphpareto_nsga2/formal_10240_seed48/anytime/budget_10240/quality_constrained/quality_annotated_molecules.csv","","-7.9","","-8.1","-7.9","-8.1","-7.9","-8.0","True","0.5","0.5","True"
"pairA","EGFR/VEGFR2","GraphPareto-NSGA-II","graphpareto_nsga2","48","6","GPN_AS48_06","CCOc1cc(F)ccc1NC(=O)NC1=c2nc(C)ccc2=CC=CO1","7.205430913083335","7.245821479333336","7.205430913083335","7.225626196208335","0.8814416844435674","3.079993938528109","2.13962","results/baselines/graphpareto_nsga2/formal_10240_seed48/anytime/budget_10240/quality_constrained/quality_annotated_molecules.csv","","-7.9","","-10.5","-7.9","-10.5","-7.9","-9.2","True","0.532258064516129","0.467741935483871","True"
"pairA","EGFR/VEGFR2","GraphPareto-NSGA-II","graphpareto_nsga2","48","7","GPN_AS48_07","CCOC1=CNC(OF)=CC=C1NC(=O)Nc1c(OF)ccc2ccc(C)nc12","7.529459119833313","7.177110826333345","7.177110826333345","7.353284973083329","0.6730294872411398","3.701042032215408","4.035520000000002","results/baselines/graphpareto_nsga2/formal_10240_seed48/anytime/budget_10240/quality_constrained/quality_annotated_molecules.csv","","-7.9","","-9.3","-7.9","-9.3","-7.9","-8.600000000000001","True","0.375","0.625","True"
"pairA","EGFR/VEGFR2","GraphPareto-NSGA-II","graphpareto_nsga2","48","8","GPN_AS48_08","CCOC1=C(NC(=O)Nc2c(OF)ccc3ccc(C)nc23)NC=CC(OF)=C1","7.517309107999975","7.118138007333334","7.118138007333334","7.317723557666655","0.6730294872411398","3.6982812442229145","4.035520000000002","results/baselines/graphpareto_nsga2/formal_10240_seed48/anytime/budget_10240/quality_constrained/quality_annotated_molecules.csv","","-8.1","","-9.5","-8.1","-9.5","-8.1","-8.8","True","0.37333333333333335","0.6266666666666667","True"
"pairA","EGFR/VEGFR2","GraphPareto-NSGA-II","graphpareto_nsga2","48","9","GPN_AS48_09","Cc1ccc(Br)c(C(=O)NS(=O)(=O)NCCc2cc(N)ccn2)n1","7.114603819166679","7.182547104250005","7.114603819166679","7.148575461708342","0.6457613118205886","2.8298132235704365","0.93662","results/baselines/graphpareto_nsga2/formal_10240_seed48/anytime/budget_10240/quality_constrained/quality_annotated_molecules.csv","","-6.9","","-8.2","-6.9","-8.2","-6.9","-7.55","False","0.375","0.625","True"
"pairA","EGFR/VEGFR2","GraphPareto-NSGA-II","graphpareto_nsga2","48","10","GPN_AS48_10","CCOC1=C(NC(=O)Nc2c(OF)ccc3ccc(C)nc23)C=CNC(OF)=C1","7.5495639662499805","7.099714207000004","7.099714207000004","7.324639086624993","0.6730294872411398","3.7311557282754473","4.035520000000002","results/baselines/graphpareto_nsga2/formal_10240_seed48/anytime/budget_10240/quality_constrained/quality_annotated_molecules.csv","","-7.8","","-8.6","-7.8","-8.6","-7.8","-8.2","True","0.375","0.625","True"
"pairA","EGFR/VEGFR2","GraphPareto-NSGA-II","graphpareto_nsga2","49","1","GPN_AS49_01","CC(C)c1cc(CF)ccc1NC(=O)Nc1ncn(C)n1","8.247406225166642","7.31754485858335","7.31754485858335","7.782475541874996","0.9090457888535368","2.629694018310154","3.0520000000000005","results/baselines/graphpareto_nsga2/formal_10240_seed49/anytime/budget_10240/quality_constrained/quality_annotated_molecules.csv","","-7.1","","-8.2","-7.1","-8.2","-7.1","-7.6499999999999995","True","0.4745762711864407","0.5254237288135593","True"
"pairA","EGFR/VEGFR2","GraphPareto-NSGA-II","graphpareto_nsga2","49","2","GPN_AS49_02","CC(C(=O)NCc1ccco1)c1ncccc1C(=O)Nc1cccc(CF)n1","7.481405400033307","7.280561674500005","7.280561674500005","7.380983537266656","0.6539681963586186","3.0917592694281755","3.2113000000000014","results/baselines/graphpareto_nsga2/formal_10240_seed49/anytime/budget_10240/quality_constrained/quality_annotated_molecules.csv","","-8.0","","-10.5","-8.0","-10.5","-8.0","-9.25","True","0.4927536231884058","0.5072463768115942","True"
"pairA","EGFR/VEGFR2","GraphPareto-NSGA-II","graphpareto_nsga2","49","3","GPN_AS49_03","CC(C)c1cc(CF)ccc1NC(=O)Nc1cccc(CF)n1","7.871948176333321","7.268955698666669","7.268955698666669","7.570451937499994","0.8323908299510222","2.5312138114353715","4.788000000000003","results/baselines/graphpareto_nsga2/formal_10240_seed49/anytime/budget_10240/quality_constrained/quality_annotated_molecules.csv","","-7.1","","-9.1","-7.1","-9.1","-7.1","-8.1","True","0.4210526315789473","0.5789473684210527","True"
"pairA","EGFR/VEGFR2","GraphPareto-NSGA-II","graphpareto_nsga2","49","4","GPN_AS49_04","Cc1cc(NC(=O)Nc2cccc(CF)n2)ccc1C(C)C","7.911906776466652","7.268939928333341","7.268939928333341","7.590423352399997","0.8649150781601452","2.248418186947161","4.626920000000003","results/baselines/graphpareto_nsga2/formal_10240_seed49/anytime/budget_10240/quality_constrained/quality_annotated_molecules.csv","","-7.6","","-9.7","-7.6","-9.7","-7.6","-8.649999999999999","True","0.5294117647058824","0.47058823529411764","True"
"pairA","EGFR/VEGFR2","GraphPareto-NSGA-II","graphpareto_nsga2","49","5","GPN_AS49_05","CC(C(=O)NCCc1ccco1)c1ncccc1C(=O)Nc1cccc(CF)n1","7.49822008053331","7.263122105500004","7.263122105500004","7.380671093016657","0.6091807110751578","3.1368638219123177","3.253800000000002","results/baselines/graphpareto_nsga2/formal_10240_seed49/anytime/budget_10240/quality_constrained/quality_annotated_molecules.csv","","-7.6","","-9.9","-7.6","-9.9","-7.6","-8.75","True","0.4927536231884058","0.5072463768115942","True"
"pairA","EGFR/VEGFR2","GraphPareto-NSGA-II","graphpareto_nsga2","49","6","GPN_AS49_06","CC(C)c1ccc(NC(=O)Nc2cccc(CF)n2)cc1F","7.936657049466651","7.261536459333339","7.261536459333339","7.599096754399994","0.8760327025043315","2.3112910747151307","4.457600000000003","results/baselines/graphpareto_nsga2/formal_10240_seed49/anytime/budget_10240/quality_constrained/quality_annotated_molecules.csv","","-7.5","","-9.4","-7.5","-9.4","-7.5","-8.45","True","0.5283018867924528","0.4716981132075472","True"
"pairA","EGFR/VEGFR2","GraphPareto-NSGA-II","graphpareto_nsga2","49","7","GPN_AS49_07","CCc1ccc(NC(=O)NCc2ncn(C)n2)cc1-c1ccco1","7.451162904833336","7.258645301000006","7.258645301000006","7.354904102916671","0.75505103900065","2.6215070514816574","2.959200000000001","results/baselines/graphpareto_nsga2/formal_10240_seed49/anytime/budget_10240/quality_constrained/quality_annotated_molecules.csv","","-7.4","","-9.0","-7.4","-9.0","-7.4","-8.2","True","0.6551724137931034","0.3448275862068966","True"
"pairA","EGFR/VEGFR2","GraphPareto-NSGA-II","graphpareto_nsga2","49","8","GPN_AS49_08","CC(CF)c1ccc(NC(=O)Nc2cccc(CF)n2)cc1F","7.41879654079998","7.253018119333341","7.253018119333341","7.335907330066661","0.8562741510985045","3.041362795816269","4.407200000000002","results/baselines/graphpareto_nsga2/formal_10240_seed49/anytime/budget_10240/quality_constrained/quality_annotated_molecules.csv","","-7.2","","-8.7","-7.2","-8.7","-7.2","-7.949999999999999","True","0.509090909090909","0.49090909090909096","True"
"pairA","EGFR/VEGFR2","GraphPareto-NSGA-II","graphpareto_nsga2","49","9","GPN_AS49_09","CC(C)c1ccc(NC(=O)Nc2cccc(CF)n2)cc1O","7.25029762196665","7.280010487333339","7.25029762196665","7.265154054649995","0.7981596329025955","2.3725864088891537","4.024100000000003","results/baselines/graphpareto_nsga2/formal_10240_seed49/anytime/budget_10240/quality_constrained/quality_annotated_molecules.csv","","-7.5","","-9.2","-7.5","-9.2","-7.5","-8.35","True","0.4727272727272727","0.5272727272727273","True"
"pairA","EGFR/VEGFR2","GraphPareto-NSGA-II","graphpareto_nsga2","49","10","GPN_AS49_10","CC(F)c1ccc(NC(=O)Nc2cccc(CF)n2)cc1F","7.534537311799983","7.245073361333348","7.245073361333348","7.389805336566665","0.8811123981105191","2.952318735798423","4.364700000000002","results/baselines/graphpareto_nsga2/formal_10240_seed49/anytime/budget_10240/quality_constrained/quality_annotated_molecules.csv","","-7.4","","-9.4","-7.4","-9.4","-7.4","-8.4","True","0.5185185185185185","0.4814814814814815","True"
"pairA","EGFR/VEGFR2","GraphPareto-NSGA-II","graphpareto_nsga2","50","1","GPN_AS50_01","CC(C)C1=C(OCCC(=O)Nc2ncco2)C=C(CF)NC=C1","7.679734609333295","7.643679765000025","7.643679765000025","7.66170718716666","0.8073513007083478","3.72259160729336","2.9002000000000008","results/baselines/graphpareto_nsga2/formal_10240_seed50/anytime/budget_10240/quality_constrained/quality_annotated_molecules.csv","","-6.8","","-8.0","-6.8","-8.0","-6.8","-7.4","False","0.3333333333333333","0.6666666666666667","True"
"pairA","EGFR/VEGFR2","GraphPareto-NSGA-II","graphpareto_nsga2","50","2","GPN_AS50_02","CC(C)c1ccc(CF)cc1C(=O)Nc1ncco1","8.063629671133308","7.600975171000006","7.600975171000006","7.832302421066657","0.9167173186362436","2.679692484888813","3.519800000000002","results/baselines/graphpareto_nsga2/formal_10240_seed50/anytime/budget_10240/quality_constrained/quality_annotated_molecules.csv","","-7.1","","-7.6","-7.1","-7.6","-7.1","-7.35","True","0.3818181818181818","0.6181818181818182","True"
"pairA","EGFR/VEGFR2","GraphPareto-NSGA-II","graphpareto_nsga2","50","3","GPN_AS50_03","CC(C)c1ccc(CF)cc1C(C)C(=O)NC(=O)Nc1ncco1","8.268788653133296","7.562020250666662","7.562020250666662","7.915404451899979","0.8731964304222911","3.374413497287","3.7193000000000014","results/baselines/graphpareto_nsga2/formal_10240_seed50/anytime/budget_10240/quality_constrained/quality_annotated_molecules.csv","","-7.5","","-7.5","-7.5","-7.5","-7.5","-7.5","True","0.373134328358209","0.6268656716417911","True"
"pairA","EGFR/VEGFR2","GraphPareto-NSGA-II","graphpareto_nsga2","50","4","GPN_AS50_04","CC(C)c1ccc(CF)cc1C(F)C(=O)Nc1ncco1","8.232746465999965","7.552375044666668","7.552375044666668","7.892560755333316","0.9090311719616626","3.5063570361791143","3.916800000000002","results/baselines/graphpareto_nsga2/formal_10240_seed50/anytime/budget_10240/quality_constrained/quality_annotated_molecules.csv","","-7.2","","-7.5","-7.2","-7.5","-7.2","-7.35","True","0.35384615384615387","0.6461538461538461","True"
"pairA","EGFR/VEGFR2","GraphPareto-NSGA-II","graphpareto_nsga2","50","5","GPN_AS50_05","CC(F)c1ccc(CF)cc1C(=O)Nc1ncco1","7.736366161066631","7.5028104266666595","7.5028104266666595","7.619588293866645","0.9219270311136968","3.367028356969275","3.4269000000000007","results/baselines/graphpareto_nsga2/formal_10240_seed50/anytime/budget_10240/quality_constrained/quality_annotated_molecules.csv","","-7.1","","-7.2","-7.1","-7.2","-7.1","-7.15","True","0.359375","0.640625","True"
"pairA","EGFR/VEGFR2","GraphPareto-NSGA-II","graphpareto_nsga2","50","6","GPN_AS50_06","Cc1ccc(CF)cc1C(=O)Nc1ncco1","7.617175383666633","7.492280789666664","7.492280789666664","7.554728086666648","0.8878137238230713","2.5043165818405573","2.7048200000000007","results/baselines/graphpareto_nsga2/formal_10240_seed50/anytime/budget_10240/quality_constrained/quality_annotated_molecules.csv","","-7.0","","-7.9","-7.0","-7.9","-7.0","-7.45","True","0.43859649122807015","0.5614035087719298","True"
"pairA","EGFR/VEGFR2","GraphPareto-NSGA-II","graphpareto_nsga2","50","7","GPN_AS50_07","C=C(C)c1ccc(CF)cc1OCC(=O)Nc1ncco1","7.699265882499976","7.482238116999989","7.482238116999989","7.590751999749982","0.8869801880671375","2.7506211953995745","3.194700000000001","results/baselines/graphpareto_nsga2/formal_10240_seed50/anytime/budget_10240/quality_constrained/quality_annotated_molecules.csv","","-6.9","","-7.5","-6.9","-7.5","-6.9","-7.2","False","0.38333333333333336","0.6166666666666667","True"
"pairA","EGFR/VEGFR2","GraphPareto-NSGA-II","graphpareto_nsga2","50","8","GPN_AS50_08","CNC(COc1cc(CF)ccc1C(C)C)C(=O)Nc1ncco1","8.111746852133312","7.4794324499999965","7.4794324499999965","7.7955896510666545","0.7756295995327074","3.294058492590203","2.873","results/baselines/graphpareto_nsga2/formal_10240_seed50/anytime/budget_10240/quality_constrained/quality_annotated_molecules.csv","","-6.8","","-7.9","-6.8","-7.9","-6.8","-7.35","False","0.3611111111111111","0.6388888888888888","True"
"pairA","EGFR/VEGFR2","GraphPareto-NSGA-II","graphpareto_nsga2","50","9","GPN_AS50_09","CC(C)c1ccc(CF)cc1C(C)C(=O)Nc1ncco1","8.2504913651333","7.452590037666665","7.452590037666665","7.8515407013999825","0.90480795650769","3.329152526895294","4.009700000000002","results/baselines/graphpareto_nsga2/formal_10240_seed50/anytime/budget_10240/quality_constrained/quality_annotated_molecules.csv","","-7.2","","-7.0","-7.2","-7.0","-7.0","-7.1","True","0.36507936507936506","0.6349206349206349","True"
"pairA","EGFR/VEGFR2","GraphPareto-NSGA-II","graphpareto_nsga2","50","10","GPN_AS50_10","CC(C)c1ccc(CF)cc1OCCC(=O)Nc1ncco1","8.136124170133305","7.452538535916663","7.452538535916663","7.794331353024984","0.8472846293880766","2.601781917980801","3.675100000000002","results/baselines/graphpareto_nsga2/formal_10240_seed50/anytime/budget_10240/quality_constrained/quality_annotated_molecules.csv","","-6.8","","-7.9","-6.8","-7.9","-6.8","-7.35","False","0.4057971014492754","0.5942028985507246","True"
"pairA","EGFR/VEGFR2","GraphPareto-NSGA-II","graphpareto_nsga2","51","1","GPN_AS51_01","COC(=O)c1ccccc1CCS(=O)(=O)Nn1ncc2ccccc2c1=O","7.774270803799997","7.37116393000004","7.37116393000004","7.572717366900019","0.6390239000660208","2.5771613869392365","1.2990999999999997","results/baselines/graphpareto_nsga2/formal_10240_seed51/anytime/budget_10240/quality_constrained/quality_annotated_molecules.csv","","-8.1","","-9.0","-8.1","-9.0","-8.1","-8.55","True","0.4677419354838709","0.5322580645161291","True"
"pairA","EGFR/VEGFR2","GraphPareto-NSGA-II","graphpareto_nsga2","51","2","GPN_AS51_02","COC(=O)c1ccc(F)cc1CCS(=O)(=O)Nn1ncc2ccccc2c1=O","7.819614409999997","7.336932197000028","7.336932197000028","7.578273303500012","0.6220740418026081","2.682451923360887","1.4381999999999997","results/baselines/graphpareto_nsga2/formal_10240_seed51/anytime/budget_10240/quality_constrained/quality_annotated_molecules.csv","","-8.3","","-9.5","-8.3","-9.5","-8.3","-8.9","True","0.4769230769230769","0.5230769230769231","True"
"pairA","EGFR/VEGFR2","GraphPareto-NSGA-II","graphpareto_nsga2","51","3","GPN_AS51_03","COc1ccc(F)cc1CCS(=O)(=O)NC=Cn1ncc2ccccc2c1=O","7.767554747999997","7.304236594000023","7.304236594000023","7.535895671000009","0.6527730815933545","2.904348537846694","2.1345","results/baselines/graphpareto_nsga2/formal_10240_seed51/anytime/budget_10240/quality_constrained/quality_annotated_molecules.csv","","-8.2","","-9.2","-8.2","-9.2","-8.2","-8.7","True","0.5555555555555556","0.4444444444444444","True"
"pairA","EGFR/VEGFR2","GraphPareto-NSGA-II","graphpareto_nsga2","51","4","GPN_AS51_04","CCN1CS(=O)(=O)N(CCCn2nc(C)cc2C)C1c1cc(Br)ccn1","7.246829157216672","7.266757224750006","7.246829157216672","7.256793190983339","0.6881914900033356","3.795928714229172","2.6711400000000003","results/baselines/graphpareto_nsga2/formal_10240_seed51/anytime/budget_10240/quality_constrained/quality_annotated_molecules.csv","","-7.3","","-8.5","-7.3","-8.5","-7.3","-7.9","True","0.38461538461538464","0.6153846153846154","True"
"pairA","EGFR/VEGFR2","GraphPareto-NSGA-II","graphpareto_nsga2","51","5","GPN_AS51_05","COC(=O)C1=CC=C(F)C=C(CCS(=O)(=O)NC=Cn2ncc3ccccc3c2=O)N1","7.235214714466681","7.261207952000036","7.235214714466681","7.248211333233359","0.6192455169735485","3.775142960896828","1.5316","results/baselines/graphpareto_nsga2/formal_10240_seed51/anytime/budget_10240/quality_constrained/quality_annotated_molecules.csv","","-7.6","","-10.0","-7.6","-10.0","-7.6","-8.8","True","0.36363636363636365","0.6363636363636364","True"
"pairA","EGFR/VEGFR2","GraphPareto-NSGA-II","graphpareto_nsga2","51","6","GPN_AS51_06","CCN1CS(=O)(=O)N(CCn2nc(C)cc2C)C1c1cc(Br)ccn1","7.2255428060500035","7.258521395250004","7.2255428060500035","7.242032100650004","0.7310387773245403","3.8473777184672384","2.281040000000001","results/baselines/graphpareto_nsga2/formal_10240_seed51/anytime/budget_10240/quality_constrained/quality_annotated_molecules.csv","","-7.1","","-7.8","-7.1","-7.8","-7.1","-7.449999999999999","True","0.3770491803278688","0.6229508196721312","True"
"pairA","EGFR/VEGFR2","GraphPareto-NSGA-II","graphpareto_nsga2","51","7","GPN_AS51_07","COC(=O)c1ccc(F)cc1-n1ncc2ccccc2c1=O","7.210841319999999","7.294195879000021","7.210841319999999","7.252518599500011","0.6811526884729678","2.0751858882041265","2.3114","results/baselines/graphpareto_nsga2/formal_10240_seed51/anytime/budget_10240/quality_constrained/quality_annotated_molecules.csv","","-8.2","","-7.5","-8.2","-7.5","-7.5","-7.85","True","0.6122448979591837","0.3877551020408163","True"
"pairA","EGFR/VEGFR2","GraphPareto-NSGA-II","graphpareto_nsga2","51","8","GPN_AS51_08","CCC(C)C(NC(=O)c1cnc2snnc2c1)c1ccccc1","7.203681994816648","7.158190148000008","7.158190148000008","7.180936071408328","0.7776001778287306","3.2417782934947645","3.603500000000002","results/baselines/graphpareto_nsga2/formal_10240_seed51/anytime/budget_10240/quality_constrained/quality_annotated_molecules.csv","","-8.0","","-8.1","-8.0","-8.1","-8.0","-8.05","True","0.6923076923076923","0.3076923076923077","True"
"pairA","EGFR/VEGFR2","GraphPareto-NSGA-II","graphpareto_nsga2","51","9","GPN_AS51_09","COc1ccc(CS(=O)(=O)NC=Cn2ncc3ccc(F)cc3c2=O)cn1","7.228626552000015","7.145432648000005","7.145432648000005","7.18702960000001","0.6839919416232203","3.099638714874459","1.4869999999999997","results/baselines/graphpareto_nsga2/formal_10240_seed51/anytime/budget_10240/quality_constrained/quality_annotated_molecules.csv","","-7.9","","-9.3","-7.9","-9.3","-7.9","-8.600000000000001","True","0.4025974025974026","0.5974025974025974","True"
"pairA","EGFR/VEGFR2","GraphPareto-NSGA-II","graphpareto_nsga2","51","10","GPN_AS51_10","COc1ccc(CS(=O)(=O)NC=Cn2ncc3ccccc3c2=O)cn1","7.123762317166683","7.3554347035000225","7.123762317166683","7.239598510333353","0.7005032057074474","3.000939884474056","1.3478999999999997","results/baselines/graphpareto_nsga2/formal_10240_seed51/anytime/budget_10240/quality_constrained/quality_annotated_molecules.csv","","-7.7","","-8.9","-7.7","-8.9","-7.7","-8.3","True","0.47761194029850745","0.5223880597014925","True"
"pairB","PARP1/BRD4","CLOVER-Mol","own","42","1","CLV_BS42_01","Cc1nncn1-c1cccc(CNC(=O)NCc2ccncc2)c1","7.667705059051514","7.641960144042969","7.641960144042969","7.654832601547241","0.7519429566243703","2.338496540253756","1.97012","results/target_pairs/parp1_brd4_egfr_vegfr2_aligned_20260827/own_method/formal_10240_seed42/anytime/budget_10240/quality_constrained/quality_annotated_molecules.csv","-8.1","","-9.4","","-9.4","-8.1","-8.1","-8.75","True","0.6041666666666666","0.39583333333333337","True"
"pairB","PARP1/BRD4","CLOVER-Mol","own","42","2","CLV_BS42_02","O=C(COCc1nncn1-c1ccc2c(c1)OCO2)Nc1nccs1","7.699985027313232","7.627964973449707","7.627964973449707","7.66397500038147","0.7133951513499869","2.659106745532153","1.6077999999999997","results/target_pairs/parp1_brd4_egfr_vegfr2_aligned_20260827/own_method/formal_10240_seed42/anytime/budget_10240/quality_constrained/quality_annotated_molecules.csv","-7.2","","-8.6","","-8.6","-7.2","-7.2","-7.9","True","0.5873015873015873","0.4126984126984127","True"
"pairB","PARP1/BRD4","CLOVER-Mol","own","42","3","CLV_BS42_03","COc1cc(CSc2nncn2-c2ccc(F)c(F)c2)ccn1","7.716835021972656","7.570244789123535","7.570244789123535","7.643539905548096","0.6705945563850537","2.391754458288519","3.2414000000000014","results/target_pairs/parp1_brd4_egfr_vegfr2_aligned_20260827/own_method/formal_10240_seed42/anytime/budget_10240/quality_constrained/quality_annotated_molecules.csv","-7.8","","-8.9","","-8.9","-7.8","-7.8","-8.35","True","0.5740740740740741","0.42592592592592593","True"
"pairB","PARP1/BRD4","CLOVER-Mol","own","42","4","CLV_BS42_04","Cc1cncc(C(=O)N2Cc3nncn3CC2Cc2ccccc2)c1","7.564481735229492","7.460484981536865","7.460484981536865","7.512483358383179","0.7373439668604029","3.100417742290944","2.2488200000000003","results/target_pairs/parp1_brd4_egfr_vegfr2_aligned_20260827/own_method/formal_10240_seed42/anytime/budget_10240/quality_constrained/quality_annotated_molecules.csv","-8.7","","-10.0","","-10.0","-8.7","-8.7","-9.35","True","0.5151515151515151","0.48484848484848486","True"
"pairB","PARP1/BRD4","CLOVER-Mol","own","42","5","CLV_BS42_05","CC(C)Oc1ccc(-n2cnnc2C2CC2)cc1-n1cncn1","7.779445171356201","7.443174839019775","7.443174839019775","7.611310005187988","0.7239035398781968","2.717680332414393","2.512600000000001","results/target_pairs/parp1_brd4_egfr_vegfr2_aligned_20260827/own_method/formal_10240_seed42/anytime/budget_10240/quality_constrained/quality_annotated_molecules.csv","-8.0","","-8.8","","-8.8","-8.0","-8.0","-8.4","True","0.4153846153846154","0.5846153846153845","True"
"pairB","PARP1/BRD4","CLOVER-Mol","own","42","6","CLV_BS42_06","Cc1ccc(-n2cnnc2CN2CCN(c3ncccn3)CC2)cc1C","7.432069778442383","7.464344978332519","7.432069778442383","7.448207378387451","0.7178318112284697","2.395353578532488","1.99634","results/target_pairs/parp1_brd4_egfr_vegfr2_aligned_20260827/own_method/formal_10240_seed42/anytime/budget_10240/quality_constrained/quality_annotated_molecules.csv","-7.9","","-10.0","","-10.0","-7.9","-7.9","-8.95","True","0.5283018867924528","0.4716981132075472","True"
"pairB","PARP1/BRD4","CLOVER-Mol","own","42","7","CLV_BS42_07","CC(COCc1nncn1-c1ccc2c(c1)OCO2)C1CC1","7.5064802169799805","7.389309883117676","7.389309883117676","7.447895050048828","0.8204245940260645","3.160355033875346","2.5587","results/target_pairs/parp1_brd4_egfr_vegfr2_aligned_20260827/own_method/formal_10240_seed42/anytime/budget_10240/quality_constrained/quality_annotated_molecules.csv","-7.4","","-7.9","","-7.9","-7.4","-7.4","-7.65","True","0.40298507462686567","0.5970149253731343","True"
"pairB","PARP1/BRD4","CLOVER-Mol","own","42","8","CLV_BS42_08","CCCNC(=O)C(C)Sc1nncn1-c1ccc2ccccc2c1","7.386290073394775","7.443009853363037","7.386290073394775","7.414649963378906","0.6985499283989028","2.609267647484627","3.4273000000000025","results/target_pairs/parp1_brd4_egfr_vegfr2_aligned_20260827/own_method/formal_10240_seed42/anytime/budget_10240/quality_constrained/quality_annotated_molecules.csv","-7.2","","-9.5","","-9.5","-7.2","-7.2","-8.35","True","0.7321428571428571","0.2678571428571429","True"
"pairB","PARP1/BRD4","CLOVER-Mol","own","42","9","CLV_BS42_09","O=C(NCc1nncn1-c1ccc(F)c(F)c1)Nc1ccc(F)cc1","7.730909824371338","7.366169929504394","7.366169929504394","7.548539876937866","0.762070964804515","2.1984319512362323","3.0063000000000013","results/target_pairs/parp1_brd4_egfr_vegfr2_aligned_20260827/own_method/formal_10240_seed42/anytime/budget_10240/quality_constrained/quality_annotated_molecules.csv","-8.3","","-10.1","","-10.1","-8.3","-8.3","-9.2","True","0.6666666666666666","0.33333333333333337","True"
"pairB","PARP1/BRD4","CLOVER-Mol","own","42","10","CLV_BS42_10","N#Cc1nncn1-c1ccc(CSc2nnnn2C2CC2)c(C(F)(F)F)c1","7.566355228424072","7.361430168151855","7.361430168151855","7.463892698287964","0.6158650438851118","3.0136941804615027","2.7714800000000013","results/target_pairs/parp1_brd4_egfr_vegfr2_aligned_20260827/own_method/formal_10240_seed42/anytime/budget_10240/quality_constrained/quality_annotated_molecules.csv","-8.3","","-9.1","","-9.1","-8.3","-8.3","-8.7","True","0.5151515151515151","0.48484848484848486","True"
"pairB","PARP1/BRD4","CLOVER-Mol","own","43","1","CLV_BS43_01","Cc1nncn1-c1cccc(C(=O)OCc2ccc(F)c(F)c2)c1","7.580540180206299","7.667015075683594","7.580540180206299","7.623777627944946","0.6898061039382145","2.279457238379159","3.2109200000000016","results/target_pairs/parp1_brd4_egfr_vegfr2_aligned_20260827/own_method/formal_10240_seed43/anytime/budget_10240/quality_constrained/quality_annotated_molecules.csv","-9.1","","-9.6","","-9.6","-9.1","-9.1","-9.35","True","0.492063492063492","0.507936507936508","True"
"pairB","PARP1/BRD4","CLOVER-Mol","own","43","2","CLV_BS43_02","Cc1nncn1-c1cccc(NC(=O)NCc2cnn(C)c2)c1","7.563204765319824","7.79372501373291","7.563204765319824","7.678464889526367","0.766101327375723","2.463609703043764","1.63092","results/target_pairs/parp1_brd4_egfr_vegfr2_aligned_20260827/own_method/formal_10240_seed43/anytime/budget_10240/quality_constrained/quality_annotated_molecules.csv","-7.7","","-9.3","","-9.3","-7.7","-7.7","-8.5","True","0.6551724137931034","0.3448275862068966","True"
"pairB","PARP1/BRD4","CLOVER-Mol","own","43","3","CLV_BS43_03","Cc1ccc(-n2cnnc2NCc2cccc(F)c2)cc1F","7.778409957885742","7.535914897918701","7.535914897918701","7.657162427902222","0.8020562829555081","2.3135673132307133","3.466020000000002","results/target_pairs/parp1_brd4_egfr_vegfr2_aligned_20260827/own_method/formal_10240_seed43/anytime/budget_10240/quality_constrained/quality_annotated_molecules.csv","-9.1","","-9.0","","-9.0","-9.1","-9.0","-9.05","True","0.4833333333333333","0.5166666666666667","True"
"pairB","PARP1/BRD4","CLOVER-Mol","own","43","4","CLV_BS43_04","COc1ccc(CNC(=O)N2CCCC2c2nnc(C3CC3)n2C)cc1","7.664804935455322","7.502631664276123","7.502631664276123","7.583718299865723","0.8950640292106521","2.7784699824204413","2.7478000000000016","results/target_pairs/parp1_brd4_egfr_vegfr2_aligned_20260827/own_method/formal_10240_seed43/anytime/budget_10240/quality_constrained/quality_annotated_molecules.csv","-7.5","","-9.0","","-9.0","-7.5","-7.5","-8.25","True","0.6349206349206349","0.3650793650793651","True"
"pairB","PARP1/BRD4","CLOVER-Mol","own","43","5","CLV_BS43_05","Cc1ccc(CNC(=O)Nc2nncn2-c2ccc(F)c(F)c2)cc1","7.738329887390137","7.477145195007324","7.477145195007324","7.60773754119873","0.7642051426906709","2.309538560120304","3.175620000000001","results/target_pairs/parp1_brd4_egfr_vegfr2_aligned_20260827/own_method/formal_10240_seed43/anytime/budget_10240/quality_constrained/quality_annotated_molecules.csv","-7.9","","-9.8","","-9.8","-7.9","-7.9","-8.850000000000001","True","0.5161290322580645","0.4838709677419355","True"
"pairB","PARP1/BRD4","CLOVER-Mol","own","43","6","CLV_BS43_06","COc1ccc(CNc2nncn2-c2cccc(F)c2)cc1","7.880449771881103","7.4665751457214355","7.4665751457214355","7.673512458801269","0.7864033713353598","2.1658697514175262","3.027100000000001","results/target_pairs/parp1_brd4_egfr_vegfr2_aligned_20260827/own_method/formal_10240_seed43/anytime/budget_10240/quality_constrained/quality_annotated_molecules.csv","-8.2","","-8.9","","-8.9","-8.2","-8.2","-8.55","True","0.6140350877192983","0.38596491228070173","True"
"pairB","PARP1/BRD4","CLOVER-Mol","own","43","7","CLV_BS43_07","CCc1cccc(CCNC(=O)CSc2nncn2-c2cccc(F)c2)c1","7.523445129394531","7.457230091094971","7.457230091094971","7.490337610244751","0.6047809280535517","2.1924490387610973","3.419800000000002","results/target_pairs/parp1_brd4_egfr_vegfr2_aligned_20260827/own_method/formal_10240_seed43/anytime/budget_10240/quality_constrained/quality_annotated_molecules.csv","-7.9","","-9.1","","-9.1","-7.9","-7.9","-8.5","True","0.6551724137931034","0.3448275862068966","True"
"pairB","PARP1/BRD4","CLOVER-Mol","own","43","8","CLV_BS43_08","Cc1cc(=O)[nH]nc1Oc1ccc(Cc2nnnn2C2CC2)cc1","7.4908552169799805","7.452486515045166","7.452486515045166","7.471670866012573","0.7679144657028243","2.672270262183998","1.7828199999999996","results/target_pairs/parp1_brd4_egfr_vegfr2_aligned_20260827/own_method/formal_10240_seed43/anytime/budget_10240/quality_constrained/quality_annotated_molecules.csv","-8.0","","-9.5","","-9.5","-8.0","-8.0","-8.75","True","0.45588235294117646","0.5441176470588236","True"
"pairB","PARP1/BRD4","CLOVER-Mol","own","43","9","CLV_BS43_09","COC(=O)c1ccc(-n2nnc3cc(C4CC4)nnc32)cc1C","7.633324146270752","7.426382541656494","7.426382541656494","7.529853343963623","0.6896240813189863","2.630549713802236","2.18292","results/target_pairs/parp1_brd4_egfr_vegfr2_aligned_20260827/own_method/formal_10240_seed43/anytime/budget_10240/quality_constrained/quality_annotated_molecules.csv","-8.2","","-8.5","","-8.5","-8.2","-8.2","-8.35","True","0.47619047619047616","0.5238095238095238","True"
"pairB","PARP1/BRD4","CLOVER-Mol","own","43","10","CLV_BS43_10","Cc1ccc(-n2cnnc2Cc2cscn2)cc1C","7.420670032501221","7.6820597648620605","7.420670032501221","7.551364898681641","0.7346747629250302","2.6416307617063346","2.931440000000001","results/target_pairs/parp1_brd4_egfr_vegfr2_aligned_20260827/own_method/formal_10240_seed43/anytime/budget_10240/quality_constrained/quality_annotated_molecules.csv","-7.9","","-8.3","","-8.3","-7.9","-7.9","-8.100000000000001","True","0.45614035087719296","0.543859649122807","True"
"pairB","PARP1/BRD4","CLOVER-Mol","own","44","1","CLV_BS44_01","O=c1ccc(Cn2cc(-c3ccc(F)cc3F)nn2)cnc1C1CC1","7.731025218963623","7.6883864402771","7.6883864402771","7.709705829620361","0.7326374125099273","2.583628050911204","2.904200000000001","results/target_pairs/parp1_brd4_egfr_vegfr2_aligned_20260827/own_method/formal_10240_seed44/anytime/budget_10240/quality_constrained/quality_annotated_molecules.csv","-8.9","","-9.4","","-9.4","-8.9","-8.9","-9.15","True","0.3970588235294117","0.6029411764705883","True"
"pairB","PARP1/BRD4","CLOVER-Mol","own","44","2","CLV_BS44_02","Cc1nncn1-c1cccc(CC(=O)NCc2cccnc2)c1","7.7663798332214355","7.674934864044189","7.674934864044189","7.7206573486328125","0.7802809061650205","2.286397407876244","1.82962","results/target_pairs/parp1_brd4_egfr_vegfr2_aligned_20260827/own_method/formal_10240_seed44/anytime/budget_10240/quality_constrained/quality_annotated_molecules.csv","-8.2","","-9.7","","-9.7","-8.2","-8.2","-8.95","True","0.7142857142857143","0.2857142857142857","True"
"pairB","PARP1/BRD4","CLOVER-Mol","own","44","3","CLV_BS44_03","Cc1nncn1-c1ccc(C(=O)N(C)Cc2cccnc2)c(F)c1","7.855064868927002","7.665599822998047","7.665599822998047","7.760332345962524","0.738670003034134","2.4586305415465795","2.3820200000000007","results/target_pairs/parp1_brd4_egfr_vegfr2_aligned_20260827/own_method/formal_10240_seed44/anytime/budget_10240/quality_constrained/quality_annotated_molecules.csv","-8.2","","-9.3","","-9.3","-8.2","-8.2","-8.75","True","0.6","0.4","True"
"pairB","PARP1/BRD4","CLOVER-Mol","own","44","4","CLV_BS44_04","Cc1nncn1-c1cccc(NC(=O)NCc2cccnc2)c1","7.792180061340332","7.65802001953125","7.65802001953125","7.725100040435791","0.7741988531541527","2.272096604202307","2.29242","results/target_pairs/parp1_brd4_egfr_vegfr2_aligned_20260827/own_method/formal_10240_seed44/anytime/budget_10240/quality_constrained/quality_annotated_molecules.csv","-8.2","","-9.4","","-9.4","-8.2","-8.2","-8.8","True","0.75","0.25","True"
"pairB","PARP1/BRD4","CLOVER-Mol","own","44","5","CLV_BS44_05","Cc1nncn1-c1cccc(NC(=O)N(C)Cc2ccncc2)c1","7.688435077667236","7.657080173492432","7.657080173492432","7.672757625579834","0.8009462346121536","2.4023083892743","2.634620000000001","results/target_pairs/parp1_brd4_egfr_vegfr2_aligned_20260827/own_method/formal_10240_seed44/anytime/budget_10240/quality_constrained/quality_annotated_molecules.csv","-8.0","","-9.3","","-9.3","-8.0","-8.0","-8.65","True","0.6896551724137931","0.31034482758620685","True"
"pairB","PARP1/BRD4","CLOVER-Mol","own","44","6","CLV_BS44_06","Cc1nncn1-c1cccc(CNC(=O)NCc2cccc(F)c2)c1","7.771965026855469","7.62206506729126","7.62206506729126","7.697015047073364","0.750666103911789","2.258358928484336","2.714220000000001","results/target_pairs/parp1_brd4_egfr_vegfr2_aligned_20260827/own_method/formal_10240_seed44/anytime/budget_10240/quality_constrained/quality_annotated_molecules.csv","-8.3","","-10.1","","-10.1","-8.3","-8.3","-9.2","True","0.6111111111111112","0.38888888888888884","True"
"pairB","PARP1/BRD4","CLOVER-Mol","own","44","7","CLV_BS44_07","Cc1nncn1-c1cccc(CNC(=O)CSc2ccc(F)cc2)c1","7.731160163879394","7.621029853820801","7.621029853820801","7.676095008850098","0.6895953048665937","2.287737774638181","3.123320000000001","results/target_pairs/parp1_brd4_egfr_vegfr2_aligned_20260827/own_method/formal_10240_seed44/anytime/budget_10240/quality_constrained/quality_annotated_molecules.csv","-8.0","","-9.4","","-9.4","-8.0","-8.0","-8.7","True","0.5892857142857143","0.4107142857142857","True"
"pairB","PARP1/BRD4","CLOVER-Mol","own","44","8","CLV_BS44_08","Cc1nnc2n1CCN2Cc1nncn1-c1ccc(F)c(F)c1","7.677845001220703","7.615739822387695","7.615739822387695","7.646792411804199","0.7317149766927957","2.884595717029777","1.4656199999999993","results/target_pairs/parp1_brd4_egfr_vegfr2_aligned_20260827/own_method/formal_10240_seed44/anytime/budget_10240/quality_constrained/quality_annotated_molecules.csv","-7.9","","-9.3","","-9.3","-7.9","-7.9","-8.600000000000001","True","0.4166666666666667","0.5833333333333333","True"
"pairB","PARP1/BRD4","CLOVER-Mol","own","44","9","CLV_BS44_09","NC(=O)NCc1cnc(N2CCCC2)nc1-c1nncn1-c1cccc(F)c1","7.574429988861084","7.718989849090576","7.574429988861084","7.64670991897583","0.6930923718421774","2.753893014748133","1.6318999999999997","results/target_pairs/parp1_brd4_egfr_vegfr2_aligned_20260827/own_method/formal_10240_seed44/anytime/budget_10240/quality_constrained/quality_annotated_molecules.csv","-8.5","","-10.4","","-10.4","-8.5","-8.5","-9.45","True","0.4444444444444444","0.5555555555555556","True"
"pairB","PARP1/BRD4","CLOVER-Mol","own","44","10","CLV_BS44_10","Cc1nncn1-c1cccc(NC(=O)NCc2ccc3c(c2)COC3)c1","7.574009895324707","7.619593143463135","7.574009895324707","7.596801519393921","0.7587702684722653","2.5464952789373445","2.927620000000001","results/target_pairs/parp1_brd4_egfr_vegfr2_aligned_20260827/own_method/formal_10240_seed44/anytime/budget_10240/quality_constrained/quality_annotated_molecules.csv","-8.7","","-10.9","","-10.9","-8.7","-8.7","-9.8","True","0.609375","0.390625","True"
"pairB","PARP1/BRD4","CLOVER-Mol","own","45","1","CLV_BS45_01","CCNC(=O)c1ccc(-n2cnnc2Cc2cccnc2)cc1C","7.686460018157959","7.687039852142334","7.686460018157959","7.686749935150146","0.7825001335940515","2.3584321350936985","2.3112200000000005","results/target_pairs/parp1_brd4_egfr_vegfr2_aligned_20260827/own_method/formal_10240_seed45/anytime/budget_10240/quality_constrained/quality_annotated_molecules.csv","-8.6","","-8.6","","-8.6","-8.6","-8.6","-8.6","True","0.492063492063492","0.507936507936508","True"
"pairB","PARP1/BRD4","CLOVER-Mol","own","45","2","CLV_BS45_02","O=C(COc1ccc(F)cc1)NCc1nncn1-c1ccc(F)c(F)c1","7.648739814758301","7.600781440734863","7.600781440734863","7.624760627746582","0.7310881384369188","2.207169822103994","2.3798000000000004","results/target_pairs/parp1_brd4_egfr_vegfr2_aligned_20260827/own_method/formal_10240_seed45/anytime/budget_10240/quality_constrained/quality_annotated_molecules.csv","-8.2","","-9.1","","-9.1","-8.2","-8.2","-8.649999999999999","True","0.631578947368421","0.368421052631579","True"
"pairB","PARP1/BRD4","CLOVER-Mol","own","45","3","CLV_BS45_03","CCC(C)N(Cc1cnn(CC)c1)C(=O)NCc1nncn1-c1cccc(C)c1","7.604410171508789","7.5980401039123535","7.5980401039123535","7.601225137710571","0.6344900611998107","3.1400948217088773","3.3024200000000024","results/target_pairs/parp1_brd4_egfr_vegfr2_aligned_20260827/own_method/formal_10240_seed45/anytime/budget_10240/quality_constrained/quality_annotated_molecules.csv","-6.8","","-9.6","","-9.6","-6.8","-6.8","-8.2","False","0.5147058823529411","0.4852941176470589","True"
"pairB","PARP1/BRD4","CLOVER-Mol","own","45","4","CLV_BS45_04","COC(=O)c1cc(-n2cnnc2-c2cnn(C)c2)ccc1C","7.638529777526855","7.501619815826416","7.501619815826416","7.570074796676636","0.6886251532918751","2.500405739320751","1.7628199999999998","results/target_pairs/parp1_brd4_egfr_vegfr2_aligned_20260827/own_method/formal_10240_seed45/anytime/budget_10240/quality_constrained/quality_annotated_molecules.csv","-7.9","","-8.3","","-8.3","-7.9","-7.9","-8.100000000000001","True","0.4375","0.5625","True"
"pairB","PARP1/BRD4","CLOVER-Mol","own","45","5","CLV_BS45_05","CCc1cccc(-n2cnnc2C(=O)NCC(=O)Nc2nncs2)c1","7.489709854125977","7.549624919891357","7.489709854125977","7.519667387008667","0.6813460579804227","2.683139697715104","1.0496999999999994","results/target_pairs/parp1_brd4_egfr_vegfr2_aligned_20260827/own_method/formal_10240_seed45/anytime/budget_10240/quality_constrained/quality_annotated_molecules.csv","-7.6","","-9.8","","-9.8","-7.6","-7.6","-8.7","True","0.5333333333333333","0.4666666666666667","True"
"pairB","PARP1/BRD4","CLOVER-Mol","own","45","6","CLV_BS45_06","CC(=O)N(C)Cc1cccc(-n2cnnc2C2CCC2)c1","7.653944969177246","7.485770225524902","7.485770225524902","7.569857597351074","0.866526533241629","2.4409883401192616","2.513100000000001","results/target_pairs/parp1_brd4_egfr_vegfr2_aligned_20260827/own_method/formal_10240_seed45/anytime/budget_10240/quality_constrained/quality_annotated_molecules.csv","-7.4","","-8.1","","-8.1","-7.4","-7.4","-7.75","True","0.46153846153846156","0.5384615384615384","True"
"pairB","PARP1/BRD4","CLOVER-Mol","own","45","7","CLV_BS45_07","COc1cccc(-n2cnnc2CCNC(=O)CCc2ccccc2)c1","7.573688507080078","7.465869903564453","7.465869903564453","7.519779205322266","0.6778606644112827","2.098774428734915","2.567400000000001","results/target_pairs/parp1_brd4_egfr_vegfr2_aligned_20260827/own_method/formal_10240_seed45/anytime/budget_10240/quality_constrained/quality_annotated_molecules.csv","-8.0","","-9.7","","-9.7","-8.0","-8.0","-8.85","True","0.5873015873015873","0.4126984126984127","True"
"pairB","PARP1/BRD4","CLOVER-Mol","own","45","8","CLV_BS45_08","Fc1ccc(Cn2cc(-c3ccccc3F)nn2)cc1","7.43425989151001","7.484059810638428","7.43425989151001","7.459159851074219","0.7316274008530266","1.9104781296089453","3.271600000000001","results/target_pairs/parp1_brd4_egfr_vegfr2_aligned_20260827/own_method/formal_10240_seed45/anytime/budget_10240/quality_constrained/quality_annotated_molecules.csv","-7.9","","-8.7","","-8.7","-7.9","-7.9","-8.3","True","0.65","0.35","True"
"pairB","PARP1/BRD4","CLOVER-Mol","own","45","9","CLV_BS45_09","Cc1ccc(-n2cnnc2Cc2ccc(N3CCCC3)nn2)cc1F","7.685579776763916","7.426654815673828","7.426654815673828","7.556117296218872","0.7319116820487899","2.5592305828573583","2.6958200000000003","results/target_pairs/parp1_brd4_egfr_vegfr2_aligned_20260827/own_method/formal_10240_seed45/anytime/budget_10240/quality_constrained/quality_annotated_molecules.csv","-8.7","","-9.7","","-9.7","-8.7","-8.7","-9.2","True","0.421875","0.578125","True"
"pairB","PARP1/BRD4","CLOVER-Mol","own","45","10","CLV_BS45_10","Cc1ccc(-n2cnnc2CN(C(=O)c2ccoc2)C(C)C)cc1C","7.404435157775879","7.4092302322387695","7.404435157775879","7.406832695007324","0.7137653277053289","2.675653433978841","3.5279400000000027","results/target_pairs/parp1_brd4_egfr_vegfr2_aligned_20260827/own_method/formal_10240_seed45/anytime/budget_10240/quality_constrained/quality_annotated_molecules.csv","-7.7","","-8.9","","-8.9","-7.7","-7.7","-8.3","True","0.5","0.5","True"
"pairB","PARP1/BRD4","CLOVER-Mol","own","46","1","CLV_BS46_01","COCc1cnn(C)c1-c1nncn1-c1ccc(C)c(C)c1","7.71028995513916","7.720399856567383","7.71028995513916","7.715344905853271","0.741892189877115","2.692375962645814","2.4310400000000003","results/target_pairs/parp1_brd4_egfr_vegfr2_aligned_20260827/own_method/formal_10240_seed46/anytime/budget_10240/quality_constrained/quality_annotated_molecules.csv","-6.9","","-8.1","","-8.1","-6.9","-6.9","-7.5","False","0.423728813559322","0.576271186440678","True"
"pairB","PARP1/BRD4","CLOVER-Mol","own","46","2","CLV_BS46_02","Cc1nncn1-c1cccc(NC(=O)NCc2cccnc2)c1","7.792180061340332","7.65802001953125","7.65802001953125","7.725100040435791","0.7741988531541527","2.272096604202307","2.29242","results/target_pairs/parp1_brd4_egfr_vegfr2_aligned_20260827/own_method/formal_10240_seed46/anytime/budget_10240/quality_constrained/quality_annotated_molecules.csv","-8.2","","-9.4","","-9.4","-8.2","-8.2","-8.8","True","0.75","0.25","True"
"pairB","PARP1/BRD4","CLOVER-Mol","own","46","3","CLV_BS46_03","O=C(NCc1nncn1-c1cccc(CO)c1)c1ccc(F)c(F)c1","7.728600025177002","7.589974880218506","7.589974880218506","7.659287452697754","0.7415653629026135","2.263023283847282","1.9677999999999995","results/target_pairs/parp1_brd4_egfr_vegfr2_aligned_20260827/own_method/formal_10240_seed46/anytime/budget_10240/quality_constrained/quality_annotated_molecules.csv","-8.8","","-9.4","","-9.4","-8.8","-8.8","-9.100000000000001","True","0.625","0.375","True"
"pairB","PARP1/BRD4","CLOVER-Mol","own","46","4","CLV_BS46_04","C=Cc1nncn1-c1cccc(CNC(=O)c2cnc(C(C)(C)C)cn2)c1","7.531778335571289","7.660109996795654","7.531778335571289","7.595944166183472","0.7541308488105272","2.857183451716564","2.9278000000000013","results/target_pairs/parp1_brd4_egfr_vegfr2_aligned_20260827/own_method/formal_10240_seed46/anytime/budget_10240/quality_constrained/quality_annotated_molecules.csv","-8.2","","-10.3","","-10.3","-8.2","-8.2","-9.25","True","0.4626865671641791","0.5373134328358209","True"
"pairB","PARP1/BRD4","CLOVER-Mol","own","46","5","CLV_BS46_05","Cc1cccc(-n2cnnc2SCC(=O)NCc2cccnc2)c1","7.669050216674805","7.512104988098144","7.512104988098144","7.590577602386475","0.6981835605870604","2.1496785182757314","2.37922","results/target_pairs/parp1_brd4_egfr_vegfr2_aligned_20260827/own_method/formal_10240_seed46/anytime/budget_10240/quality_constrained/quality_annotated_molecules.csv","-7.2","","-8.5","","-8.5","-7.2","-7.2","-7.85","True","0.7413793103448276","0.2586206896551724","True"
"pairB","PARP1/BRD4","CLOVER-Mol","own","46","6","CLV_BS46_06","O=C(NCc1nncn1-c1cccc(F)c1)C1(CCc2ccncc2)CC1","7.665605068206787","7.483345031738281","7.483345031738281","7.574475049972534","0.6987777258305947","2.627092234027371","2.8306000000000004","results/target_pairs/parp1_brd4_egfr_vegfr2_aligned_20260827/own_method/formal_10240_seed46/anytime/budget_10240/quality_constrained/quality_annotated_molecules.csv","-8.2","","-10.2","","-10.2","-8.2","-8.2","-9.2","True","0.5076923076923077","0.49230769230769234","True"
"pairB","PARP1/BRD4","CLOVER-Mol","own","46","7","CLV_BS46_07","CC1=NCc2cc(-n3cnnc3SCc3cccc(F)c3)ccc2N1","7.636620044708252","7.477169990539551","7.477169990539551","7.556895017623901","0.7193290991023377","2.7914078220565166","4.042600000000003","results/target_pairs/parp1_brd4_egfr_vegfr2_aligned_20260827/own_method/formal_10240_seed46/anytime/budget_10240/quality_constrained/quality_annotated_molecules.csv","-8.9","","-10.1","","-10.1","-8.9","-8.9","-9.5","True","0.5806451612903226","0.4193548387096774","True"
"pairB","PARP1/BRD4","CLOVER-Mol","own","46","8","CLV_BS46_08","CC(NC(=O)NCc1cccnc1)c1nncn1-c1ccc(O)c(F)c1","7.628204822540283","7.464920043945312","7.464920043945312","7.546562433242798","0.6490132442811379","2.963671645622105","2.0674","results/target_pairs/parp1_brd4_egfr_vegfr2_aligned_20260827/own_method/formal_10240_seed46/anytime/budget_10240/quality_constrained/quality_annotated_molecules.csv","-7.8","","-9.3","","-9.3","-7.8","-7.8","-8.55","True","0.5373134328358209","0.4626865671641791","True"
"pairB","PARP1/BRD4","CLOVER-Mol","own","46","9","CLV_BS46_09","CSc1nncn1-c1cccc(CSc2nnnn2C2CC2)c1","7.497980117797852","7.429474830627441","7.429474830627441","7.4637274742126465","0.6356968282254742","2.624400622571997","2.602900000000001","results/target_pairs/parp1_brd4_egfr_vegfr2_aligned_20260827/own_method/formal_10240_seed46/anytime/budget_10240/quality_constrained/quality_annotated_molecules.csv","-8.1","","-8.5","","-8.5","-8.1","-8.1","-8.3","True","0.6","0.4","True"
"pairB","PARP1/BRD4","CLOVER-Mol","own","46","10","CLV_BS46_10","O=C(CSc1nncn1-c1cccc(F)c1)NCc1ccccc1","7.707075119018555","7.422335147857666","7.422335147857666","7.56470513343811","0.6999819004277129","1.9950565402537543","2.814900000000001","results/target_pairs/parp1_brd4_egfr_vegfr2_aligned_20260827/own_method/formal_10240_seed46/anytime/budget_10240/quality_constrained/quality_annotated_molecules.csv","-7.5","","-8.8","","-8.8","-7.5","-7.5","-8.15","True","0.7959183673469388","0.20408163265306123","True"
"pairB","PARP1/BRD4","CLOVER-Mol","own","47","1","CLV_BS47_01","COC(=O)Cc1nncn1-c1cccc(Cn2ncnc2C)c1","7.596014976501465","7.804378509521484","7.596014976501465","7.700196743011475","0.651329279850753","2.7282810317150936","0.9310199999999992","results/target_pairs/parp1_brd4_egfr_vegfr2_aligned_20260827/own_method/formal_10240_seed47/anytime/budget_10240/quality_constrained/quality_annotated_molecules.csv","-7.6","","-8.1","","-8.1","-7.6","-7.6","-7.85","True","0.4242424242424242","0.5757575757575758","True"
"pairB","PARP1/BRD4","CLOVER-Mol","own","47","2","CLV_BS47_02","COC(=O)CSc1nncn1-c1cccc(CCC(C)(C)O)c1","7.505038261413574","7.738749980926514","7.505038261413574","7.621894121170044","0.6175217834429522","2.443355638358449","2.2359","results/target_pairs/parp1_brd4_egfr_vegfr2_aligned_20260827/own_method/formal_10240_seed47/anytime/budget_10240/quality_constrained/quality_annotated_molecules.csv","-7.5","","-8.4","","-8.4","-7.5","-7.5","-7.95","True","0.6727272727272727","0.32727272727272727","True"
"pairB","PARP1/BRD4","CLOVER-Mol","own","47","3","CLV_BS47_03","Cc1ccc(-n2cnnc2SCc2nnc(C)n2CC2CC2)cc1C","7.540995121002197","7.481460094451904","7.481460094451904","7.511227607727051","0.6342582941946023","2.604330976154973","3.486360000000002","results/target_pairs/parp1_brd4_egfr_vegfr2_aligned_20260827/own_method/formal_10240_seed47/anytime/budget_10240/quality_constrained/quality_annotated_molecules.csv","-7.2","","-9.6","","-9.6","-7.2","-7.2","-8.4","True","0.5666666666666667","0.43333333333333335","True"
"pairB","PARP1/BRD4","CLOVER-Mol","own","47","4","CLV_BS47_04","Cc1ccc(CSc2nncn2-c2cccc(F)c2)cc1F","7.7143402099609375","7.472499847412109","7.472499847412109","7.593420028686523","0.6774388699729673","2.1590486319120323","4.146220000000002","results/target_pairs/parp1_brd4_egfr_vegfr2_aligned_20260827/own_method/formal_10240_seed47/anytime/budget_10240/quality_constrained/quality_annotated_molecules.csv","-8.2","","-9.6","","-9.6","-8.2","-8.2","-8.899999999999999","True","0.64","0.36","True"
"pairB","PARP1/BRD4","CLOVER-Mol","own","47","5","CLV_BS47_05","COc1ccc(CSc2nncn2-c2cccc(C(N)=O)c2)cc1","7.540413379669189","7.441834926605225","7.441834926605225","7.491124153137207","0.6976123263444326","2.069551198638848","2.6671000000000005","results/target_pairs/parp1_brd4_egfr_vegfr2_aligned_20260827/own_method/formal_10240_seed47/anytime/budget_10240/quality_constrained/quality_annotated_molecules.csv","-8.2","","-9.3","","-9.3","-8.2","-8.2","-8.75","True","0.8461538461538461","0.15384615384615385","True"
"pairB","PARP1/BRD4","CLOVER-Mol","own","47","6","CLV_BS47_06","Cc1cccc(C)c1NC(=O)Cc1nncn1-c1cccc(F)c1","7.386549949645996","7.4774699211120605","7.386549949645996","7.432009935379028","0.801518898257002","2.242490043809024","3.2044400000000017","results/target_pairs/parp1_brd4_egfr_vegfr2_aligned_20260827/own_method/formal_10240_seed47/anytime/budget_10240/quality_constrained/quality_annotated_molecules.csv","-8.5","","-9.9","","-9.9","-8.5","-8.5","-9.2","True","0.56","0.43999999999999995","True"
"pairB","PARP1/BRD4","CLOVER-Mol","own","47","7","CLV_BS47_07","Cc1nnnn1-c1nncn1-c1cccc(Cc2ccc(O)cc2)c1","7.358439922332764","7.568246841430664","7.358439922332764","7.463343381881714","0.6122998392349405","2.597007822056515","1.84782","results/target_pairs/parp1_brd4_egfr_vegfr2_aligned_20260827/own_method/formal_10240_seed47/anytime/budget_10240/quality_constrained/quality_annotated_molecules.csv","-9.2","","-10.5","","-10.5","-9.2","-9.2","-9.85","True","0.4528301886792453","0.5471698113207547","True"
"pairB","PARP1/BRD4","CLOVER-Mol","own","47","8","CLV_BS47_08","FC(F)(F)c1cccnc1-n1cc(-c2ccsc2C2CC2)nn1","7.3559250831604","7.663959980010986","7.3559250831604","7.509942531585693","0.7166292734156814","2.9257433232696908","4.287000000000002","results/target_pairs/parp1_brd4_egfr_vegfr2_aligned_20260827/own_method/formal_10240_seed47/anytime/budget_10240/quality_constrained/quality_annotated_molecules.csv","-7.2","","-8.5","","-8.5","-7.2","-7.2","-7.85","True","0.43103448275862066","0.5689655172413793","True"
"pairB","PARP1/BRD4","CLOVER-Mol","own","47","9","CLV_BS47_09","CCOc1nncn1-c1cccc(CNC(=O)NC2CCCCC2)c1","7.344610214233398","7.745120048522949","7.344610214233398","7.544865131378174","0.8449635324770834","2.4816750507182643","2.7979000000000003","results/target_pairs/parp1_brd4_egfr_vegfr2_aligned_20260827/own_method/formal_10240_seed47/anytime/budget_10240/quality_constrained/quality_annotated_molecules.csv","-7.2","","-9.1","","-9.1","-7.2","-7.2","-8.15","True","0.5737704918032787","0.42622950819672134","True"
"pairB","PARP1/BRD4","CLOVER-Mol","own","47","10","CLV_BS47_10","CS(=O)(=O)N(CCCO)c1nncn1Cc1cccc(F)c1","7.342484951019287","7.481884956359863","7.342484951019287","7.412184953689575","0.8045457189577286","2.714536471940855","0.6138999999999999","results/target_pairs/parp1_brd4_egfr_vegfr2_aligned_20260827/own_method/formal_10240_seed47/anytime/budget_10240/quality_constrained/quality_annotated_molecules.csv","-7.3","","-7.8","","-7.8","-7.3","-7.3","-7.55","True","0.4576271186440678","0.5423728813559322","True"
"pairB","PARP1/BRD4","CLOVER-Mol","own","48","1","CLV_BS48_01","Cc1ccc(-n2cnnc2C)cc1CNC(=O)Cc1cccnc1","7.834145069122314","7.669950008392334","7.669950008392334","7.752047538757324","0.7812342163126593","2.4217311317492154","2.13804","results/target_pairs/parp1_brd4_egfr_vegfr2_aligned_20260827/own_method/formal_10240_seed48/anytime/budget_10240/quality_constrained/quality_annotated_molecules.csv","-8.4","","-9.6","","-9.6","-8.4","-8.4","-9.0","True","0.65","0.35","True"
"pairB","PARP1/BRD4","CLOVER-Mol","own","48","2","CLV_BS48_02","Cc1ccc(NCc2nncn2-c2ccc3nonc3c2)cc1","7.529950141906738","7.517603397369385","7.517603397369385","7.523776769638061","0.6240665308657756","2.474454252611844","2.724020000000001","results/target_pairs/parp1_brd4_egfr_vegfr2_aligned_20260827/own_method/formal_10240_seed48/anytime/budget_10240/quality_constrained/quality_annotated_molecules.csv","-7.7","","-9.9","","-9.9","-7.7","-7.7","-8.8","True","0.4897959183673469","0.5102040816326531","True"
"pairB","PARP1/BRD4","CLOVER-Mol","own","48","3","CLV_BS48_03","CC(=O)NCc1cccc(CSc2nncn2-c2ccc(F)c(C)c2)c1","7.731379985809326","7.493289947509766","7.493289947509766","7.612334966659546","0.6731679213234244","2.27642865786283","3.643220000000002","results/target_pairs/parp1_brd4_egfr_vegfr2_aligned_20260827/own_method/formal_10240_seed48/anytime/budget_10240/quality_constrained/quality_annotated_molecules.csv","-8.1","","-10.0","","-10.0","-8.1","-8.1","-9.05","True","0.59375","0.40625","True"
"pairB","PARP1/BRD4","CLOVER-Mol","own","48","4","CLV_BS48_04","CCSc1nncn1-c1cccc(C(=O)NCc2cccnc2)c1","7.782070159912109","7.471519947052002","7.471519947052002","7.626795053482056","0.6991659037150562","2.209171485308701","2.704300000000001","results/target_pairs/parp1_brd4_egfr_vegfr2_aligned_20260827/own_method/formal_10240_seed48/anytime/budget_10240/quality_constrained/quality_annotated_molecules.csv","-8.0","","-8.8","","-8.8","-8.0","-8.0","-8.4","True","0.5873015873015873","0.4126984126984127","True"
"pairB","PARP1/BRD4","CLOVER-Mol","own","48","5","CLV_BS48_05","O=c1cnc(NCc2nncn2-c2cccc(F)c2)n[nH]1","7.461605072021484","7.590601444244385","7.461605072021484","7.526103258132935","0.7241393811607918","2.744926344265714","0.4967999999999997","results/target_pairs/parp1_brd4_egfr_vegfr2_aligned_20260827/own_method/formal_10240_seed48/anytime/budget_10240/quality_constrained/quality_annotated_molecules.csv","-7.6","","-9.4","","-9.4","-7.6","-7.6","-8.5","True","0.5172413793103449","0.48275862068965514","True"
"pairB","PARP1/BRD4","CLOVER-Mol","own","48","6","CLV_BS48_06","O=C(NCc1ccco1)c1cn(-c2ccc(F)c(F)c2)c2nnnn12","7.646843910217285","7.408490180969238","7.408490180969238","7.527667045593262","0.6086799397839471","2.8392185438689506","1.7161999999999995","results/target_pairs/parp1_brd4_egfr_vegfr2_aligned_20260827/own_method/formal_10240_seed48/anytime/budget_10240/quality_constrained/quality_annotated_molecules.csv","-8.8","","-9.7","","-9.7","-8.8","-8.8","-9.25","True","0.5151515151515151","0.48484848484848486","True"
"pairB","PARP1/BRD4","CLOVER-Mol","own","48","7","CLV_BS48_07","Cc1ccc(-n2cnnc2CNCC2CC2)cc1-c1nncn1C1CC1","7.4003520011901855","7.444505214691162","7.4003520011901855","7.422428607940674","0.7097976570512585","2.8317845663867374","2.6687200000000004","results/target_pairs/parp1_brd4_egfr_vegfr2_aligned_20260827/own_method/formal_10240_seed48/anytime/budget_10240/quality_constrained/quality_annotated_molecules.csv","-7.8","","-8.3","","-8.3","-7.8","-7.8","-8.05","True","0.42424242424242425","0.5757575757575757","True"
"pairB","PARP1/BRD4","CLOVER-Mol","own","48","8","CLV_BS48_08","Cn1cc(CSc2nncn2-c2ccc3c(c2)CCNC3)cn1","7.397524833679199","7.429790019989014","7.397524833679199","7.413657426834106","0.7425863545492307","2.745107872521345","1.9388","results/target_pairs/parp1_brd4_egfr_vegfr2_aligned_20260827/own_method/formal_10240_seed48/anytime/budget_10240/quality_constrained/quality_annotated_molecules.csv","-8.3","","-9.2","","-9.2","-8.3","-8.3","-8.75","True","0.47058823529411764","0.5294117647058824","True"
"pairB","PARP1/BRD4","CLOVER-Mol","own","48","9","CLV_BS48_09","Cc1ccc(-n2cnnc2-c2nnnn2C2CC2)cc1C","7.538608074188232","7.388965129852295","7.388965129852295","7.463786602020264","0.7323702835213891","2.6492028512014016","1.87254","results/target_pairs/parp1_brd4_egfr_vegfr2_aligned_20260827/own_method/formal_10240_seed48/anytime/budget_10240/quality_constrained/quality_annotated_molecules.csv","-7.3","","-8.7","","-8.7","-7.3","-7.3","-8.0","True","0.5344827586206896","0.4655172413793104","True"
"pairB","PARP1/BRD4","CLOVER-Mol","own","48","10","CLV_BS48_10","Cc1ccccc1C(=O)N1Cc2cnn(Cc3ccncc3)c2C12CCC2","7.431399822235107","7.378180027008057","7.378180027008057","7.404789924621582","0.7177417429558934","3.2272899795029417","3.6700200000000014","results/target_pairs/parp1_brd4_egfr_vegfr2_aligned_20260827/own_method/formal_10240_seed48/anytime/budget_10240/quality_constrained/quality_annotated_molecules.csv","-8.1","","-9.9","","-9.9","-8.1","-8.1","-9.0","True","0.3939393939393939","0.6060606060606061","True"
"pairB","PARP1/BRD4","CLOVER-Mol","own","49","1","CLV_BS49_01","O=C(NCc1nncn1-c1ccc(F)c(F)c1)c1cnccn1","7.743529796600342","7.651110172271728","7.651110172271728","7.697319984436035","0.7831205323560597","2.435875437309498","1.2654999999999994","results/target_pairs/parp1_brd4_egfr_vegfr2_aligned_20260827/own_method/formal_10240_seed49/anytime/budget_10240/quality_constrained/quality_annotated_molecules.csv","-8.0","","-9.1","","-9.1","-8.0","-8.0","-8.55","True","0.5","0.5","True"
"pairB","PARP1/BRD4","CLOVER-Mol","own","49","2","CLV_BS49_02","COc1ccc(-n2cnnc2N2CCN(C(=O)NC(C)C)CC2)cc1C","7.608500003814697","7.635129928588867","7.608500003814697","7.621814966201782","0.9023325114989168","2.477848878294008","1.8243199999999995","results/target_pairs/parp1_brd4_egfr_vegfr2_aligned_20260827/own_method/formal_10240_seed49/anytime/budget_10240/quality_constrained/quality_annotated_molecules.csv","-7.1","","-9.6","","-9.6","-7.1","-7.1","-8.35","True","0.4915254237288136","0.5084745762711864","True"
"pairB","PARP1/BRD4","CLOVER-Mol","own","49","3","CLV_BS49_03","COCc1cccc(CNC(=O)NCc2nncn2-c2cccc(F)c2)c1","7.712395191192627","7.605134963989258","7.605134963989258","7.658765077590942","0.6706797939403737","2.312251997340981","2.5522","results/target_pairs/parp1_brd4_egfr_vegfr2_aligned_20260827/own_method/formal_10240_seed49/anytime/budget_10240/quality_constrained/quality_annotated_molecules.csv","-7.8","","-9.3","","-9.3","-7.8","-7.8","-8.55","True","0.6551724137931034","0.3448275862068966","True"
"pairB","PARP1/BRD4","CLOVER-Mol","own","49","4","CLV_BS49_04","Cc1nncn1-c1cccc(NCc2ccc(F)cc2)c1","7.775899887084961","7.563095092773437","7.563095092773437","7.669497489929199","0.7978681547004688","2.151577794454869","3.326920000000001","results/target_pairs/parp1_brd4_egfr_vegfr2_aligned_20260827/own_method/formal_10240_seed49/anytime/budget_10240/quality_constrained/quality_annotated_molecules.csv","-8.2","","-8.9","","-8.9","-8.2","-8.2","-8.55","True","0.6730769230769231","0.32692307692307687","True"
"pairB","PARP1/BRD4","CLOVER-Mol","own","49","5","CLV_BS49_05","Cn1cc(N2CCOC(c3nncn3-c3ccc(F)c(F)c3)C2)cn1","7.666170120239258","7.5626349449157715","7.5626349449157715","7.614402532577515","0.724415434025016","3.343027384019077","1.8569","results/target_pairs/parp1_brd4_egfr_vegfr2_aligned_20260827/own_method/formal_10240_seed49/anytime/budget_10240/quality_constrained/quality_annotated_molecules.csv","-8.0","","-9.4","","-9.4","-8.0","-8.0","-8.7","True","0.4166666666666667","0.5833333333333333","True"
"pairB","PARP1/BRD4","CLOVER-Mol","own","49","6","CLV_BS49_06","Cc1cccc(-n2cnnc2NCc2cnn(-c3cnccn3)c2)c1","7.5589599609375","7.796750068664551","7.5589599609375","7.677855014801025","0.6025884809180073","2.746172857798264","2.16352","results/target_pairs/parp1_brd4_egfr_vegfr2_aligned_20260827/own_method/formal_10240_seed49/anytime/budget_10240/quality_constrained/quality_annotated_molecules.csv","-8.3","","-9.2","","-9.2","-8.3","-8.3","-8.75","True","0.46774193548387094","0.532258064516129","True"
"pairB","PARP1/BRD4","CLOVER-Mol","own","49","7","CLV_BS49_07","Cc1cccc(N2CCN(Cc3nncn3-c3cccc(CC#N)c3)C2=O)c1","7.545899868011475","7.580405235290527","7.545899868011475","7.563152551651001","0.6894499965824712","2.6576348950900144","3.0840000000000014","results/target_pairs/parp1_brd4_egfr_vegfr2_aligned_20260827/own_method/formal_10240_seed49/anytime/budget_10240/quality_constrained/quality_annotated_molecules.csv","-8.8","","-10.2","","-10.2","-8.8","-8.8","-9.5","True","0.5","0.5","True"
"pairB","PARP1/BRD4","CLOVER-Mol","own","49","8","CLV_BS49_08","NC(=O)NCc1cccc(-n2cnnc2-c2ccccc2)c1","7.617539882659912","7.543570041656494","7.543570041656494","7.580554962158203","0.7720754975225742","2.124725039879064","2.1026","results/target_pairs/parp1_brd4_egfr_vegfr2_aligned_20260827/own_method/formal_10240_seed49/anytime/budget_10240/quality_constrained/quality_annotated_molecules.csv","-8.9","","-9.9","","-9.9","-8.9","-8.9","-9.4","True","0.5","0.5","True"
"pairB","PARP1/BRD4","CLOVER-Mol","own","49","9","CLV_BS49_09","Cc1nncn1-c1cccc(CNC(=O)CSc2nncn2C)c1","7.532925128936768","7.667974948883057","7.532925128936768","7.600450038909912","0.674468582422649","2.550530462852896","1.1127199999999993","results/target_pairs/parp1_brd4_egfr_vegfr2_aligned_20260827/own_method/formal_10240_seed49/anytime/budget_10240/quality_constrained/quality_annotated_molecules.csv","-8.0","","-9.7","","-9.7","-8.0","-8.0","-8.85","True","0.6964285714285714","0.3035714285714286","True"
"pairB","PARP1/BRD4","CLOVER-Mol","own","49","10","CLV_BS49_10","CCN(Cc1cccc(-n2cnnc2C)c1)Cc1nnnn1C1CC1","7.520084857940674","7.631959915161133","7.520084857940674","7.576022386550903","0.6548615933600799","2.757822390022797","1.91922","results/target_pairs/parp1_brd4_egfr_vegfr2_aligned_20260827/own_method/formal_10240_seed49/anytime/budget_10240/quality_constrained/quality_annotated_molecules.csv","-8.7","","-9.3","","-9.3","-8.7","-8.7","-9.0","True","0.515625","0.484375","True"
"pairB","PARP1/BRD4","CLOVER-Mol","own","50","1","CLV_BS50_01","Cc1cc(-n2cnnc2SCc2cccnc2)ccn1","7.688594818115234","7.750130176544189","7.688594818115234","7.719362497329712","0.6889562272759748","2.394198976616993","2.6580200000000005","results/target_pairs/parp1_brd4_egfr_vegfr2_aligned_20260827/own_method/formal_10240_seed50/anytime/budget_10240/quality_constrained/quality_annotated_molecules.csv","-7.3","","-8.2","","-8.2","-7.3","-7.3","-7.75","True","0.6101694915254238","0.38983050847457623","True"
"pairB","PARP1/BRD4","CLOVER-Mol","own","50","2","CLV_BS50_02","COc1ccc(-n2cnnc2Cn2cnnc2C2CC2)cc1C","7.661929130554199","7.771940231323242","7.661929130554199","7.716934680938721","0.721516063782337","2.6755922205262817","2.10152","results/target_pairs/parp1_brd4_egfr_vegfr2_aligned_20260827/own_method/formal_10240_seed50/anytime/budget_10240/quality_constrained/quality_annotated_molecules.csv","-8.4","","-8.4","","-8.4","-8.4","-8.4","-8.4","True","0.4426229508196721","0.5573770491803278","True"
"pairB","PARP1/BRD4","CLOVER-Mol","own","50","3","CLV_BS50_03","CC(=O)NCc1nncn1-c1cccc(COc2cccc(C)c2)c1","7.589680194854736","7.71504020690918","7.589680194854736","7.652360200881958","0.7513976214193988","2.212628159253565","2.790820000000001","results/target_pairs/parp1_brd4_egfr_vegfr2_aligned_20260827/own_method/formal_10240_seed50/anytime/budget_10240/quality_constrained/quality_annotated_molecules.csv","-8.4","","-9.7","","-9.7","-8.4","-8.4","-9.05","True","0.65","0.35","True"
"pairB","PARP1/BRD4","CLOVER-Mol","own","50","4","CLV_BS50_04","CS(=O)(=O)NCc1cccc(-n2cnnc2-c2ccc(C#N)cn2)c1","7.579625129699707","7.622340202331543","7.579625129699707","7.600982666015625","0.737498529589197","2.596577130001126","1.2501799999999998","results/target_pairs/parp1_brd4_egfr_vegfr2_aligned_20260827/own_method/formal_10240_seed50/anytime/budget_10240/quality_constrained/quality_annotated_molecules.csv","-8.7","","-9.7","","-9.7","-8.7","-8.7","-9.2","True","0.45588235294117646","0.5441176470588236","True"
"pairB","PARP1/BRD4","CLOVER-Mol","own","50","5","CLV_BS50_05","Cc1ccc(-n2cnnc2S(=O)(=O)Cc2cnn(C)c2)cc1C","7.536224842071533","7.647270202636719","7.536224842071533","7.591747522354126","0.7248758412192456","2.6986505902815257","1.5915399999999995","results/target_pairs/parp1_brd4_egfr_vegfr2_aligned_20260827/own_method/formal_10240_seed50/anytime/budget_10240/quality_constrained/quality_annotated_molecules.csv","-7.3","","-8.8","","-8.8","-7.3","-7.3","-8.05","True","0.5714285714285714","0.4285714285714286","True"
"pairB","PARP1/BRD4","CLOVER-Mol","own","50","6","CLV_BS50_06","CC(=O)C1c2cc(-n3cnnc3C)ccc2Cc2nnnn21","7.5543999671936035","7.534305095672607","7.534305095672607","7.5443525314331055","0.688887764711893","3.7526022522819407","0.6448199999999996","results/target_pairs/parp1_brd4_egfr_vegfr2_aligned_20260827/own_method/formal_10240_seed50/anytime/budget_10240/quality_constrained/quality_annotated_molecules.csv","-8.1","","-10.0","","-10.0","-8.1","-8.1","-9.05","True","0.3384615384615385","0.6615384615384615","True"
"pairB","PARP1/BRD4","CLOVER-Mol","own","50","7","CLV_BS50_07","COCc1cccc(-n2cnnc2SCc2nncn2C)c1","7.5029449462890625","7.642185211181641","7.5029449462890625","7.572565078735352","0.6462510766903671","2.6050870591098345","1.8345","results/target_pairs/parp1_brd4_egfr_vegfr2_aligned_20260827/own_method/formal_10240_seed50/anytime/budget_10240/quality_constrained/quality_annotated_molecules.csv","-7.6","","-8.3","","-8.3","-7.6","-7.6","-7.95","True","0.5357142857142857","0.4642857142857143","True"
"pairB","PARP1/BRD4","CLOVER-Mol","own","50","8","CLV_BS50_08","Cn1nnnc1SCc1nncn1-c1ccc2c(c1)CCCC2","7.595099925994873","7.4929399490356445","7.4929399490356445","7.544019937515259","0.6820654833386224","2.6686852480869554","1.9619","results/target_pairs/parp1_brd4_egfr_vegfr2_aligned_20260827/own_method/formal_10240_seed50/anytime/budget_10240/quality_constrained/quality_annotated_molecules.csv","-8.5","","-9.7","","-9.7","-8.5","-8.5","-9.1","True","0.5172413793103449","0.48275862068965514","True"
"pairB","PARP1/BRD4","CLOVER-Mol","own","50","9","CLV_BS50_09","Cc1cccc(-n2cnnc2SCC(=O)NCc2ccccc2)c1","7.502840042114258","7.483590126037598","7.483590126037598","7.493215084075928","0.7020887388541251","1.96647016662738","2.984220000000001","results/target_pairs/parp1_brd4_egfr_vegfr2_aligned_20260827/own_method/formal_10240_seed50/anytime/budget_10240/quality_constrained/quality_annotated_molecules.csv","-7.5","","-8.3","","-8.3","-7.5","-7.5","-7.9","True","0.8823529411764706","0.11764705882352944","True"
"pairB","PARP1/BRD4","CLOVER-Mol","own","50","10","CLV_BS50_10","COc1cccc(-n2cnnc2SCc2ccncc2)c1","7.514790058135986","7.463170051574707","7.463170051574707","7.488980054855347","0.6778273734760542","2.1383490794892417","2.9632000000000014","results/target_pairs/parp1_brd4_egfr_vegfr2_aligned_20260827/own_method/formal_10240_seed50/anytime/budget_10240/quality_constrained/quality_annotated_molecules.csv","-7.5","","-8.6","","-8.6","-7.5","-7.5","-8.05","True","0.7291666666666666","0.27083333333333337","True"
"pairB","PARP1/BRD4","CLOVER-Mol","own","51","1","CLV_BS51_01","Cc1ccc(OC(=O)Cc2nncn2-c2ccc3c(c2)CCC3)cn1","7.647066116333008","7.6740217208862305","7.647066116333008","7.660543918609619","0.6860430130768876","2.611254186650827","2.607520000000001","results/target_pairs/parp1_brd4_egfr_vegfr2_aligned_20260827/own_method/formal_10240_seed51/anytime/budget_10240/quality_constrained/quality_annotated_molecules.csv","-8.4","","-9.5","","-9.5","-8.4","-8.4","-8.95","True","0.4626865671641791","0.5373134328358209","True"
"pairB","PARP1/BRD4","CLOVER-Mol","own","51","2","CLV_BS51_02","Cc1cnn(Cc2nncn2-c2ccc(F)c(C3CC3)c2)c1","7.662868976593018","7.639050006866455","7.639050006866455","7.650959491729736","0.74374572114438","2.678516763780163","2.8370200000000017","results/target_pairs/parp1_brd4_egfr_vegfr2_aligned_20260827/own_method/formal_10240_seed51/anytime/budget_10240/quality_constrained/quality_annotated_molecules.csv","-7.8","","-9.1","","-9.1","-7.8","-7.8","-8.45","True","0.3934426229508196","0.6065573770491803","True"
"pairB","PARP1/BRD4","CLOVER-Mol","own","51","3","CLV_BS51_03","Cc1nncn1-c1cccc(CN2CCOC(c3cccnc3)C2)c1","7.63807487487793","7.658374786376953","7.63807487487793","7.648224830627441","0.7332830773126108","3.000557009798704","2.54422","results/target_pairs/parp1_brd4_egfr_vegfr2_aligned_20260827/own_method/formal_10240_seed51/anytime/budget_10240/quality_constrained/quality_annotated_molecules.csv","-8.0","","-10.2","","-10.2","-8.0","-8.0","-9.1","True","0.6206896551724138","0.3793103448275862","True"
"pairB","PARP1/BRD4","CLOVER-Mol","own","51","4","CLV_BS51_04","CCn1cnnc1-c1nccn1-c1ccc(F)c(F)c1","7.631344795227051","7.659245014190674","7.631344795227051","7.645294904708862","0.7372653023904804","2.648699601059453","2.4289000000000005","results/target_pairs/parp1_brd4_egfr_vegfr2_aligned_20260827/own_method/formal_10240_seed51/anytime/budget_10240/quality_constrained/quality_annotated_molecules.csv","-6.7","","-8.1","","-8.1","-6.7","-6.7","-7.4","False","0.46","0.54","True"
"pairB","PARP1/BRD4","CLOVER-Mol","own","51","5","CLV_BS51_05","Cc1nncn1-c1cccc(NC(=O)c2cn(-c3ccc(F)cc3)nn2)c1","7.761380195617676","7.619164943695068","7.619164943695068","7.690272569656372","0.6017002983848962","2.444864423376483","2.54782","results/target_pairs/parp1_brd4_egfr_vegfr2_aligned_20260827/own_method/formal_10240_seed51/anytime/budget_10240/quality_constrained/quality_annotated_molecules.csv","-8.6","","-10.6","","-10.6","-8.6","-8.6","-9.6","True","0.6557377049180327","0.34426229508196726","True"
"pairB","PARP1/BRD4","CLOVER-Mol","own","51","6","CLV_BS51_06","Cc1nncn1-c1cccc(NC(=O)NCc2cccc(F)c2)c1","7.783744812011719","7.611700057983398","7.611700057983398","7.697722434997559","0.7742947901958004","2.2041177538227945","3.036520000000001","results/target_pairs/parp1_brd4_egfr_vegfr2_aligned_20260827/own_method/formal_10240_seed51/anytime/budget_10240/quality_constrained/quality_annotated_molecules.csv","-8.3","","-9.8","","-9.8","-8.3","-8.3","-9.05","True","0.6724137931034483","0.3275862068965517","True"
"pairB","PARP1/BRD4","CLOVER-Mol","own","51","7","CLV_BS51_07","Cn1cnc(-c2nncn2-c2ccc(F)c(F)c2)c1","7.605124950408935","7.734614849090576","7.605124950408935","7.669869899749756","0.7080169288560753","2.689323302498876","1.946","results/target_pairs/parp1_brd4_egfr_vegfr2_aligned_20260827/own_method/formal_10240_seed51/anytime/budget_10240/quality_constrained/quality_annotated_molecules.csv","-7.0","","-8.3","","-8.3","-7.0","-7.0","-7.65","True","0.4","0.6","True"
"pairB","PARP1/BRD4","CLOVER-Mol","own","51","8","CLV_BS51_08","COc1ccc(-n2cnnc2NC(=O)Cc2cn(C)nc2C)cc1F","7.638654232025146","7.588729858398437","7.588729858398437","7.613692045211791","0.7602250167364638","2.6817160713414765","1.6381199999999998","results/target_pairs/parp1_brd4_egfr_vegfr2_aligned_20260827/own_method/formal_10240_seed51/anytime/budget_10240/quality_constrained/quality_annotated_molecules.csv","-8.0","","-9.1","","-9.1","-8.0","-8.0","-8.55","True","0.4492753623188406","0.5507246376811594","True"
"pairB","PARP1/BRD4","CLOVER-Mol","own","51","9","CLV_BS51_09","Cc1ccc(-n2c(-c3nc(C)sc3C)nc3[nH]nnc32)cc1","7.57997989654541","7.610821723937988","7.57997989654541","7.595400810241699","0.6169195944688113","2.960584895648294","3.1923600000000008","results/target_pairs/parp1_brd4_egfr_vegfr2_aligned_20260827/own_method/formal_10240_seed51/anytime/budget_10240/quality_constrained/quality_annotated_molecules.csv","-8.2","","-9.4","","-9.4","-8.2","-8.2","-8.8","True","0.34782608695652173","0.6521739130434783","True"
"pairB","PARP1/BRD4","CLOVER-Mol","own","51","10","CLV_BS51_10","CS(=O)c1nncn1-c1cccc(CNC(=O)c2ccc(F)cc2)c1","7.739580154418945","7.564599990844727","7.564599990844727","7.652090072631836","0.757496972428613","2.859133938731972","2.0738000000000003","results/target_pairs/parp1_brd4_egfr_vegfr2_aligned_20260827/own_method/formal_10240_seed51/anytime/budget_10240/quality_constrained/quality_annotated_molecules.csv","-8.1","","-9.6","","-9.6","-8.1","-8.1","-8.85","True","0.5517241379310345","0.4482758620689655","True"
"pairB","PARP1/BRD4","POLYGON","polygon_original","42","1","POL_BS42_01","Cc1nncn1-c1cccc(NC(=O)NCc2cccnc2)c1","7.792180000000017","7.65802000000004","7.65802000000004","7.725100000000028","0.7741988531541527","2.272096604202307","2.29242","results/target_pairs/parp1_brd4_egfr_vegfr2_aligned_20260827/baselines/polygon_original/formal_10240_seed42/anytime/budget_10240/quality_constrained/quality_annotated_molecules.csv","-8.2","","-9.4","","-9.4","-8.2","-8.2","-8.8","True","0.75","0.25","True"
"pairB","PARP1/BRD4","POLYGON","polygon_original","42","2","POL_BS42_02","Cc1ccc(-n2cccc2-c2nnnn2-c2cccnc2)cc1O","7.521880000000018","7.5400450000000445","7.521880000000018","7.530962500000031","0.6275207247186884","2.6690378589350736","2.5290200000000014","results/target_pairs/parp1_brd4_egfr_vegfr2_aligned_20260827/baselines/polygon_original/formal_10240_seed42/anytime/budget_10240/quality_constrained/quality_annotated_molecules.csv","-7.2","","-9.7","","-9.7","-7.2","-7.2","-8.45","True","0.4193548387096774","0.5806451612903226","True"
"pairB","PARP1/BRD4","POLYGON","polygon_original","42","3","POL_BS42_03","NC(=O)c1ccccc1NCc1nncn1-c1ccc2c(c1)OCO2","7.501729999999992","7.684575000000047","7.501729999999992","7.59315250000002","0.7342752477265365","2.366873364733019","1.707","results/target_pairs/parp1_brd4_egfr_vegfr2_aligned_20260827/baselines/polygon_original/formal_10240_seed42/anytime/budget_10240/quality_constrained/quality_annotated_molecules.csv","-8.6","","-10.0","","-10.0","-8.6","-8.6","-9.3","True","0.4915254237288136","0.5084745762711864","True"
"pairB","PARP1/BRD4","POLYGON","polygon_original","42","4","POL_BS42_04","Cn1cc(-c2cccc(C(=O)N(Cc3ccncc3)C3CC3)c2F)nn1","7.429525000000028","7.702144000000056","7.429525000000028","7.565834500000042","0.7090217229289573","2.558398096532267","2.821000000000001","results/target_pairs/parp1_brd4_egfr_vegfr2_aligned_20260827/baselines/polygon_original/formal_10240_seed42/anytime/budget_10240/quality_constrained/quality_annotated_molecules.csv","-8.3","","-8.9","","-8.9","-8.3","-8.3","-8.600000000000001","True","0.6065573770491803","0.39344262295081966","True"
"pairB","PARP1/BRD4","POLYGON","polygon_original","42","5","POL_BS42_05","O=C(OCc1nncn1-c1ccc2c(c1)CCO2)c1cnco1","7.521455000000008","7.401725000000024","7.401725000000024","7.461590000000016","0.674668641707855","2.918567601028132","1.5472","results/target_pairs/parp1_brd4_egfr_vegfr2_aligned_20260827/baselines/polygon_original/formal_10240_seed42/anytime/budget_10240/quality_constrained/quality_annotated_molecules.csv","-8.3","","-8.8","","-8.8","-8.3","-8.3","-8.55","True","0.4411764705882353","0.5588235294117647","True"
"pairB","PARP1/BRD4","POLYGON","polygon_original","42","6","POL_BS42_06","CC1=C2N=NN(c3cccc(F)c3)C=C2Cn2nnnc2N=N1","7.375650000000034","7.372970000000042","7.372970000000042","7.374310000000039","0.808397357382807","3.908811185143753","2.912300000000001","results/target_pairs/parp1_brd4_egfr_vegfr2_aligned_20260827/baselines/polygon_original/formal_10240_seed42/anytime/budget_10240/quality_constrained/quality_annotated_molecules.csv","-8.0","","-10.2","","-10.2","-8.0","-8.0","-9.1","True","0.3387096774193548","0.6612903225806452","True"
"pairB","PARP1/BRD4","POLYGON","polygon_original","42","7","POL_BS42_07","c1ccc(CSc2nncn2-c2ccc3c(c2)NCO3)cc1","7.399030000000009","7.361900000000028","7.361900000000028","7.380465000000019","0.7492125988795345","2.505715664879064","3.321400000000001","results/target_pairs/parp1_brd4_egfr_vegfr2_aligned_20260827/baselines/polygon_original/formal_10240_seed42/anytime/budget_10240/quality_constrained/quality_annotated_molecules.csv","-8.4","","-8.5","","-8.5","-8.4","-8.4","-8.45","True","0.6923076923076923","0.3076923076923077","True"
"pairB","PARP1/BRD4","POLYGON","polygon_original","42","8","POL_BS42_08","Cc1cc(-n2cnnc2CNC(=O)c2cn[nH]c2C)ccc1F","7.855790000000011","7.361330000000014","7.361330000000014","7.608560000000013","0.766576094469815","2.542946163506379","1.6763399999999995","results/target_pairs/parp1_brd4_egfr_vegfr2_aligned_20260827/baselines/polygon_original/formal_10240_seed42/anytime/budget_10240/quality_constrained/quality_annotated_molecules.csv","-8.2","","-9.4","","-9.4","-8.2","-8.2","-8.8","True","0.5166666666666667","0.4833333333333333","True"
"pairB","PARP1/BRD4","POLYGON","polygon_original","42","9","POL_BS42_09","CC(C)C(=O)NCc1nncn1-c1ccc2c(c1)OCCO2","7.720569999999983","7.293295000000032","7.293295000000032","7.506932500000007","0.9210505351388016","2.4312706099340087","1.3106999999999993","results/target_pairs/parp1_brd4_egfr_vegfr2_aligned_20260827/baselines/polygon_original/formal_10240_seed42/anytime/budget_10240/quality_constrained/quality_annotated_molecules.csv","-7.6","","-8.4","","-8.4","-7.6","-7.6","-8.0","True","0.5254237288135594","0.47457627118644063","True"
"pairB","PARP1/BRD4","POLYGON","polygon_original","42","10","POL_BS42_10","Cc1nnc2n1CCN(C(=O)C1CCN(c3cn[nH]c(=O)c3)C1)C2","7.250080000000029","7.4874950000000435","7.250080000000029","7.368787500000036","0.8000700465646889","3.29408838327058","-0.4614799999999988","results/target_pairs/parp1_brd4_egfr_vegfr2_aligned_20260827/baselines/polygon_original/formal_10240_seed42/anytime/budget_10240/quality_constrained/quality_annotated_molecules.csv","-8.7","","-9.3","","-9.3","-8.7","-8.7","-9.0","True","0.559322033898305","0.44067796610169496","True"
"pairB","PARP1/BRD4","POLYGON","polygon_original","43","1","POL_BS43_01","Cc1nnnn1CCSc1nncn1-c1ccc(F)c(F)c1","7.614185000000007","7.423840000000032","7.423840000000032","7.51901250000002","0.6645303049769431","2.6689629176263168","1.6327200000000002","results/target_pairs/parp1_brd4_egfr_vegfr2_aligned_20260827/baselines/polygon_original/formal_10240_seed43/anytime/budget_10240/quality_constrained/quality_annotated_molecules.csv","-7.8","","-9.7","","-9.7","-7.8","-7.8","-8.75","True","0.492063492063492","0.507936507936508","True"
"pairB","PARP1/BRD4","POLYGON","polygon_original","43","2","POL_BS43_02","COc1nncn1-c1cccc(NC(=O)NCc2ccncc2)c1","7.391095000000026","7.481605000000041","7.391095000000026","7.436350000000033","0.7483686432491511","2.4352574193746346","1.9926","results/target_pairs/parp1_brd4_egfr_vegfr2_aligned_20260827/baselines/polygon_original/formal_10240_seed43/anytime/budget_10240/quality_constrained/quality_annotated_molecules.csv","-8.0","","-9.7","","-9.7","-8.0","-8.0","-8.85","True","0.6415094339622641","0.3584905660377359","True"
"pairB","PARP1/BRD4","POLYGON","polygon_original","43","3","POL_BS43_03","c1cc2c(cc1-n1cnnc1-c1nnnn1C1CCOCC1)CCC2","7.386478000000022","7.396935000000034","7.386478000000022","7.391706500000028","0.7240395584480425","2.855349082330489","1.7609999999999992","results/target_pairs/parp1_brd4_egfr_vegfr2_aligned_20260827/baselines/polygon_original/formal_10240_seed43/anytime/budget_10240/quality_constrained/quality_annotated_molecules.csv","-7.6","","-10.1","","-10.1","-7.6","-7.6","-8.85","True","0.4","0.6","True"
"pairB","PARP1/BRD4","POLYGON","polygon_original","43","4","POL_BS43_04","CC(C)CNC(=O)CSc1nncn1-c1ccc2c(c1)CCC2","7.624550000000016","7.350075000000027","7.350075000000027","7.487312500000021","0.8272889874774236","2.332608304442365","2.620300000000001","results/target_pairs/parp1_brd4_egfr_vegfr2_aligned_20260827/baselines/polygon_original/formal_10240_seed43/anytime/budget_10240/quality_constrained/quality_annotated_molecules.csv","-7.4","","-8.8","","-8.8","-7.4","-7.4","-8.100000000000001","True","0.6779661016949152","0.3220338983050848","True"
"pairB","PARP1/BRD4","POLYGON","polygon_original","43","5","POL_BS43_05","COC(=O)C(Sc1nncn1-c1ccc2c(c1)OCO2)C(F)(F)F","7.600899999999993","7.28374500000002","7.28374500000002","7.442322500000007","0.6103183998055871","3.316313601660238","2.192","results/target_pairs/parp1_brd4_egfr_vegfr2_aligned_20260827/baselines/polygon_original/formal_10240_seed43/anytime/budget_10240/quality_constrained/quality_annotated_molecules.csv","-6.8","","-8.3","","-8.3","-6.8","-6.8","-7.550000000000001","False","0.47692307692307695","0.523076923076923","True"
"pairB","PARP1/BRD4","POLYGON","polygon_original","43","6","POL_BS43_06","O=C(COc1ccc(Cc2nncn2C2CC2)cc1)Nc1nncs1","7.540755000000006","7.259610833333344","7.259610833333344","7.400182916666675","0.6962986810342466","2.540471889495926","2.0728","results/target_pairs/parp1_brd4_egfr_vegfr2_aligned_20260827/baselines/polygon_original/formal_10240_seed43/anytime/budget_10240/quality_constrained/quality_annotated_molecules.csv","-7.1","","-8.9","","-8.9","-7.1","-7.1","-8.0","True","0.559322033898305","0.44067796610169496","True"
"pairB","PARP1/BRD4","POLYGON","polygon_original","43","7","POL_BS43_07","CC(=O)c1nnn2nc(OCc3ccccc3)nnc12","7.366085000000019","7.258495000000012","7.258495000000012","7.312290000000015","0.6435528401443434","2.7577982887601387","0.6958999999999997","results/target_pairs/parp1_brd4_egfr_vegfr2_aligned_20260827/baselines/polygon_original/formal_10240_seed43/anytime/budget_10240/quality_constrained/quality_annotated_molecules.csv","-7.8","","-8.4","","-8.4","-7.8","-7.8","-8.1","True","0.5","0.5","True"
"pairB","PARP1/BRD4","POLYGON","polygon_original","43","8","POL_BS43_08","Cc1cccn2c(C(=O)N(C)Cc3ccccc3)nnc12","7.257720000000025","7.276969999999996","7.257720000000025","7.26734500000001","0.7394708040671506","2.332169774278324","2.30992","results/target_pairs/parp1_brd4_egfr_vegfr2_aligned_20260827/baselines/polygon_original/formal_10240_seed43/anytime/budget_10240/quality_constrained/quality_annotated_molecules.csv","-7.7","","-8.6","","-8.6","-7.7","-7.7","-8.15","True","0.4897959183673469","0.5102040816326531","True"
"pairB","PARP1/BRD4","POLYGON","polygon_original","43","9","POL_BS43_09","O=C(Cc1cn(-c2ccc(=O)[nH]c2)nn1)N1CCN2C(=O)CCCC2C1","7.618955000000004","7.251686666666702","7.251686666666702","7.435320833333353","0.8145968877608126","3.287264868075328","-0.2785999999999993","results/target_pairs/parp1_brd4_egfr_vegfr2_aligned_20260827/baselines/polygon_original/formal_10240_seed43/anytime/budget_10240/quality_constrained/quality_annotated_molecules.csv","-8.0","","-9.7","","-9.7","-8.0","-8.0","-8.85","True","0.47058823529411764","0.5294117647058824","True"
"pairB","PARP1/BRD4","POLYGON","polygon_original","43","10","POL_BS43_10","Cc1nn(C)c2nnn(Cc3ccccc3)c(=O)c12","7.27415500000001","7.2453600000000336","7.2453600000000336","7.259757500000022","0.6815648331464835","2.249748943524517","0.8817199999999997","results/target_pairs/parp1_brd4_egfr_vegfr2_aligned_20260827/baselines/polygon_original/formal_10240_seed43/anytime/budget_10240/quality_constrained/quality_annotated_molecules.csv","-7.6","","-8.4","","-8.4","-7.6","-7.6","-8.0","True","0.5416666666666666","0.45833333333333337","True"
"pairB","PARP1/BRD4","POLYGON","polygon_original","44","1","POL_BS44_01","Cc1nncn1-c1cccc(CC(=O)Nc2nncs2)c1","7.620010000000018","7.682570000000032","7.620010000000018","7.651290000000025","0.790827049349976","2.589626974782737","1.6084199999999995","results/target_pairs/parp1_brd4_egfr_vegfr2_aligned_20260827/baselines/polygon_original/formal_10240_seed44/anytime/budget_10240/quality_constrained/quality_annotated_molecules.csv","-7.9","","-9.4","","-9.4","-7.9","-7.9","-8.65","True","0.5833333333333334","0.41666666666666663","True"
"pairB","PARP1/BRD4","POLYGON","polygon_original","44","2","POL_BS44_02","Cc1nn(C)c(C)c1CC(=O)Nc1nncn1-c1ccc2c(c1)COC2","7.615279999999999","7.652130000000029","7.615279999999999","7.633705000000014","0.7739927445395278","2.858831568465739","1.82904","results/target_pairs/parp1_brd4_egfr_vegfr2_aligned_20260827/baselines/polygon_original/formal_10240_seed44/anytime/budget_10240/quality_constrained/quality_annotated_molecules.csv","-9.0","","-9.9","","-9.9","-9.0","-9.0","-9.45","True","0.546875","0.453125","True"
"pairB","PARP1/BRD4","POLYGON","polygon_original","44","3","POL_BS44_03","O=C(NCc1nncn1-c1ccc2c(c1)OCCO2)c1cnns1","7.7036935714285795","7.389135000000026","7.389135000000026","7.546414285714302","0.7469616486562619","2.769647105181786","0.8199999999999992","results/target_pairs/parp1_brd4_egfr_vegfr2_aligned_20260827/baselines/polygon_original/formal_10240_seed44/anytime/budget_10240/quality_constrained/quality_annotated_molecules.csv","-7.9","","-9.3","","-9.3","-7.9","-7.9","-8.600000000000001","True","0.559322033898305","0.44067796610169496","True"
"pairB","PARP1/BRD4","POLYGON","polygon_original","44","4","POL_BS44_04","Cc1nnnn1-c1ccc(OCC(=O)Nc2nncs2)cc1","7.4910700000000014","7.360515000000022","7.360515000000022","7.425792500000012","0.7424897658670586","2.33025388603291","0.8397199999999998","results/target_pairs/parp1_brd4_egfr_vegfr2_aligned_20260827/baselines/polygon_original/formal_10240_seed44/anytime/budget_10240/quality_constrained/quality_annotated_molecules.csv","-7.9","","-9.4","","-9.4","-7.9","-7.9","-8.65","True","0.5925925925925926","0.40740740740740744","True"
"pairB","PARP1/BRD4","POLYGON","polygon_original","44","5","POL_BS44_05","CN(C(=O)CSc1nncn1-c1cccc(F)c1)C1CC1","7.329091000000035","7.465200000000026","7.329091000000035","7.397145500000031","0.7940767781179858","2.320252225386538","2.1193","results/target_pairs/parp1_brd4_egfr_vegfr2_aligned_20260827/baselines/polygon_original/formal_10240_seed44/anytime/budget_10240/quality_constrained/quality_annotated_molecules.csv","-6.9","","-7.8","","-7.8","-6.9","-6.9","-7.35","False","0.7843137254901961","0.21568627450980393","True"
"pairB","PARP1/BRD4","POLYGON","polygon_original","44","6","POL_BS44_06","NC(=O)CSc1nncn1-c1ccc2c(c1)OCO2","7.684964999999973","7.312410000000027","7.312410000000027","7.498687500000001","0.8220769585609806","2.360996915552489","0.5733999999999997","results/target_pairs/parp1_brd4_egfr_vegfr2_aligned_20260827/baselines/polygon_original/formal_10240_seed44/anytime/budget_10240/quality_constrained/quality_annotated_molecules.csv","-7.4","","-7.8","","-7.8","-7.4","-7.4","-7.6","True","0.6862745098039216","0.3137254901960784","True"
"pairB","PARP1/BRD4","POLYGON","polygon_original","44","7","POL_BS44_07","CS(=O)(=O)N(Cc1ccccc1)Cc1nnnn1-c1ccccc1","7.27855333333335","7.259905000000035","7.259905000000035","7.269229166666692","0.679312775519538","2.1519699277358377","1.624099999999999","results/target_pairs/parp1_brd4_egfr_vegfr2_aligned_20260827/baselines/polygon_original/formal_10240_seed44/anytime/budget_10240/quality_constrained/quality_annotated_molecules.csv","-7.8","","-8.4","","-8.4","-7.8","-7.8","-8.1","True","0.5652173913043478","0.4347826086956522","True"
"pairB","PARP1/BRD4","POLYGON","polygon_original","44","8","POL_BS44_08","CC(C1CC1c1nccs1)n1nnnc1COC(=O)c1ccccn1","7.244755000000008","7.615095000000052","7.244755000000008","7.429925000000029","0.6249881757553459","3.911726292662356","2.2463000000000006","results/target_pairs/parp1_brd4_egfr_vegfr2_aligned_20260827/baselines/polygon_original/formal_10240_seed44/anytime/budget_10240/quality_constrained/quality_annotated_molecules.csv","-7.6","","-8.5","","-8.5","-7.6","-7.6","-8.05","True","0.3918918918918919","0.6081081081081081","True"
"pairB","PARP1/BRD4","POLYGON","polygon_original","44","9","POL_BS44_09","Cc1nnc2c(ncn2CC(=O)N2CCN(c3nccs3)C2)c1C","7.2180400000000065","7.491987500000012","7.2180400000000065","7.355013750000009","0.7109816213538873","2.9840595598428603","1.2059399999999991","results/target_pairs/parp1_brd4_egfr_vegfr2_aligned_20260827/baselines/polygon_original/formal_10240_seed44/anytime/budget_10240/quality_constrained/quality_annotated_molecules.csv","-7.3","","-8.8","","-8.8","-7.3","-7.3","-8.05","True","0.47692307692307695","0.523076923076923","True"
"pairB","PARP1/BRD4","POLYGON","polygon_original","44","10","POL_BS44_10","Cn1cc(C2CCC2)c2nnc(SCc3ccc(F)cc3)n21","7.192829999999991","7.248187500000011","7.192829999999991","7.22050875","0.6873906085788338","2.804235445098845","3.766700000000003","results/target_pairs/parp1_brd4_egfr_vegfr2_aligned_20260827/baselines/polygon_original/formal_10240_seed44/anytime/budget_10240/quality_constrained/quality_annotated_molecules.csv","-8.2","","-8.9","","-8.9","-8.2","-8.2","-8.55","True","0.5384615384615384","0.46153846153846156","True"
"pairB","PARP1/BRD4","POLYGON","polygon_original","45","1","POL_BS45_01","CCOCc1nn(Cc2ccccc2)c(=O)c2nnc(C3CC3)n12","7.39529666666666","7.510325000000035","7.39529666666666","7.452810833333347","0.6900780622255069","2.614415412685672","1.7481999999999998","results/target_pairs/parp1_brd4_egfr_vegfr2_aligned_20260827/baselines/polygon_original/formal_10240_seed45/anytime/budget_10240/quality_constrained/quality_annotated_molecules.csv","-7.0","","-8.5","","-8.5","-7.0","-7.0","-7.75","True","0.4310344827586206","0.5689655172413794","True"
"pairB","PARP1/BRD4","POLYGON","polygon_original","45","2","POL_BS45_02","CCc1cccc(-n2cnnc2S(=O)(=O)N2CCOCC2)c1","7.494730000000008","7.378820000000033","7.378820000000033","7.43677500000002","0.8338496020260685","2.529516763780164","0.8505999999999998","results/target_pairs/parp1_brd4_egfr_vegfr2_aligned_20260827/baselines/polygon_original/formal_10240_seed45/anytime/budget_10240/quality_constrained/quality_annotated_molecules.csv","-6.7","","-8.7","","-8.7","-6.7","-6.7","-7.699999999999999","False","0.490566037735849","0.509433962264151","True"
"pairB","PARP1/BRD4","POLYGON","polygon_original","45","3","POL_BS45_03","CCn1nnc2nc(NCc3cccc(OC4CCCC4)c3)nnc21","7.669525000000009","7.373477500000039","7.373477500000039","7.521501250000024","0.7377646934960849","2.664815477340884","2.569700000000001","results/target_pairs/parp1_brd4_egfr_vegfr2_aligned_20260827/baselines/polygon_original/formal_10240_seed45/anytime/budget_10240/quality_constrained/quality_annotated_molecules.csv","-8.4","","-9.1","","-9.1","-8.4","-8.4","-8.75","True","0.5076923076923077","0.49230769230769234","True"
"pairB","PARP1/BRD4","POLYGON","polygon_original","45","4","POL_BS45_04","Cc1nnc(SCC(=O)N(C)Cc2ccc(=O)[nH]c2)n1C(C)C","7.345485000000031","7.509780000000054","7.345485000000031","7.427632500000042","0.8108659039854704","2.662645267479329","1.6064199999999995","results/target_pairs/parp1_brd4_egfr_vegfr2_aligned_20260827/baselines/polygon_original/formal_10240_seed45/anytime/budget_10240/quality_constrained/quality_annotated_molecules.csv","-6.8","","-8.4","","-8.4","-6.8","-6.8","-7.6","False","0.5166666666666667","0.4833333333333333","True"
"pairB","PARP1/BRD4","POLYGON","polygon_original","45","5","POL_BS45_05","CCCC1CN(c2nnc(SCc3ccc(=O)[nH]c3)o2)CCO1","7.319020000000028","7.342881666666708","7.319020000000028","7.330950833333368","0.808221837155279","3.3890949678885995","2.0555","results/target_pairs/parp1_brd4_egfr_vegfr2_aligned_20260827/baselines/polygon_original/formal_10240_seed45/anytime/budget_10240/quality_constrained/quality_annotated_molecules.csv","-7.3","","-9.0","","-9.0","-7.3","-7.3","-8.15","True","0.4025974025974026","0.5974025974025974","True"
"pairB","PARP1/BRD4","POLYGON","polygon_original","45","6","POL_BS45_06","CC(Cc1cccc(C#N)c1)n1nnc(-c2cccc(=O)[nH]2)n1","7.29342000000002","7.446624166666721","7.29342000000002","7.370022083333371","0.7904140362208145","3.2968435431938925","1.70378","results/target_pairs/parp1_brd4_egfr_vegfr2_aligned_20260827/baselines/polygon_original/formal_10240_seed45/anytime/budget_10240/quality_constrained/quality_annotated_molecules.csv","-9.0","","-10.4","","-10.4","-9.0","-9.0","-9.7","True","0.423728813559322","0.576271186440678","True"
"pairB","PARP1/BRD4","POLYGON","polygon_original","45","7","POL_BS45_07","Cn1cnc(-n2cc(CN(C(=O)Nc3nncs3)C3CC3)cn2)n1","7.46406500000004","7.282183333333356","7.282183333333356","7.373124166666698","0.7405560195791685","3.1419799611806534","1.0488","results/target_pairs/parp1_brd4_egfr_vegfr2_aligned_20260827/baselines/polygon_original/formal_10240_seed45/anytime/budget_10240/quality_constrained/quality_annotated_molecules.csv","-7.3","","-8.0","","-8.0","-7.3","-7.3","-7.65","True","0.5538461538461539","0.4461538461538461","True"
"pairB","PARP1/BRD4","POLYGON","polygon_original","45","8","POL_BS45_08","COC(=O)c1c(C)nn(-c2nncn2-c2cccc(F)c2)c1C1CC1","7.280480000000026","7.618695000000045","7.280480000000026","7.449587500000035","0.681922977375734","2.7563567306821373","2.564520000000001","results/target_pairs/parp1_brd4_egfr_vegfr2_aligned_20260827/baselines/polygon_original/formal_10240_seed45/anytime/budget_10240/quality_constrained/quality_annotated_molecules.csv","-7.2","","-8.8","","-8.8","-7.2","-7.2","-8.0","True","0.463768115942029","0.536231884057971","True"
"pairB","PARP1/BRD4","POLYGON","polygon_original","45","9","POL_BS45_09","CS(=O)(=O)N(CC(N)=O)c1nnnn1-c1cccc(F)c1","7.379080000000034","7.245455000000041","7.245455000000041","7.312267500000037","0.7586713212955793","2.634303539460509","-0.9472999999999998","results/target_pairs/parp1_brd4_egfr_vegfr2_aligned_20260827/baselines/polygon_original/formal_10240_seed45/anytime/budget_10240/quality_constrained/quality_annotated_molecules.csv","-6.2","","-8.1","","-8.1","-6.2","-6.2","-7.15","False","0.5087719298245614","0.49122807017543857","True"
"pairB","PARP1/BRD4","POLYGON","polygon_original","45","10","POL_BS45_10","Cc1cc(N2CCN(C)C2=O)ccc1-c1nnnn1-c1ncon1","7.453750000000018","7.228940666666687","7.228940666666687","7.341345333333352","0.7033523590330183","3.0907291250602524","0.8925199999999998","results/target_pairs/parp1_brd4_egfr_vegfr2_aligned_20260827/baselines/polygon_original/formal_10240_seed45/anytime/budget_10240/quality_constrained/quality_annotated_molecules.csv","-7.4","","-9.6","","-9.6","-7.4","-7.4","-8.5","True","0.35714285714285715","0.6428571428571428","True"
"pairB","PARP1/BRD4","POLYGON","polygon_original","46","1","POL_BS46_01","Cn1ncnc1SCc1nncn1-c1ccc2c(c1)OCO2","7.587764999999987","7.547665000000034","7.547665000000034","7.56771500000001","0.6733156617970208","2.811365960737053","1.4168","results/target_pairs/parp1_brd4_egfr_vegfr2_aligned_20260827/baselines/polygon_original/formal_10240_seed46/anytime/budget_10240/quality_constrained/quality_annotated_molecules.csv","-7.4","","-8.2","","-8.2","-7.4","-7.4","-7.8","True","0.5483870967741935","0.4516129032258065","True"
"pairB","PARP1/BRD4","POLYGON","polygon_original","46","2","POL_BS46_02","Cc1nncn1-c1cccc(CNCc2nncs2)c1","7.537965000000018","7.62461000000004","7.537965000000018","7.581287500000029","0.7731408317304791","2.842251127855583","1.7170199999999998","results/target_pairs/parp1_brd4_egfr_vegfr2_aligned_20260827/baselines/polygon_original/formal_10240_seed46/anytime/budget_10240/quality_constrained/quality_annotated_molecules.csv","-7.6","","-9.1","","-9.1","-7.6","-7.6","-8.35","True","0.421875","0.578125","True"
"pairB","PARP1/BRD4","POLYGON","polygon_original","46","3","POL_BS46_03","Cn1c(C2CCCC2)nnc1C1CCCCN1C(=O)Cc1ccccc1","7.700890000000036","7.525286666666721","7.525286666666721","7.613088333333378","0.8415300622844681","2.7493410624073107","3.769000000000003","results/target_pairs/parp1_brd4_egfr_vegfr2_aligned_20260827/baselines/polygon_original/formal_10240_seed46/anytime/budget_10240/quality_constrained/quality_annotated_molecules.csv","-7.9","","-9.9","","-9.9","-7.9","-7.9","-8.9","True","0.6481481481481481","0.35185185185185186","True"
"pairB","PARP1/BRD4","POLYGON","polygon_original","46","4","POL_BS46_04","O=c1cc(-c2nnnn2Cc2cccc(F)c2)cn[nH]1","7.49028500000001","7.556441666666715","7.49028500000001","7.523363333333362","0.7541878867362661","2.4851913922084137","0.6107999999999991","results/target_pairs/parp1_brd4_egfr_vegfr2_aligned_20260827/baselines/polygon_original/formal_10240_seed46/anytime/budget_10240/quality_constrained/quality_annotated_molecules.csv","-7.9","","-8.6","","-8.6","-7.9","-7.9","-8.25","True","0.46296296296296297","0.537037037037037","True"
"pairB","PARP1/BRD4","POLYGON","polygon_original","46","5","POL_BS46_05","O=C(NCc1nncn1-c1ccc2c(c1)CCN2)c1cccs1","7.998380000000002","7.363894000000029","7.363894000000029","7.681137000000016","0.7714631668508667","2.5900961078154623","2.2268","results/target_pairs/parp1_brd4_egfr_vegfr2_aligned_20260827/baselines/polygon_original/formal_10240_seed46/anytime/budget_10240/quality_constrained/quality_annotated_molecules.csv","-7.8","","-9.1","","-9.1","-7.8","-7.8","-8.45","True","0.5384615384615384","0.46153846153846156","True"
"pairB","PARP1/BRD4","POLYGON","polygon_original","46","6","POL_BS46_06","CS(=O)(=O)N1CCCC1c1nncn1-c1ccc2c(c1)OCO2","7.497875000000007","7.346020000000028","7.346020000000028","7.421947500000018","0.8338863404798158","3.118500885851235","1.0924999999999994","results/target_pairs/parp1_brd4_egfr_vegfr2_aligned_20260827/baselines/polygon_original/formal_10240_seed46/anytime/budget_10240/quality_constrained/quality_annotated_molecules.csv","-6.9","","-8.7","","-8.7","-6.9","-6.9","-7.8","False","0.6181818181818182","0.38181818181818183","True"
"pairB","PARP1/BRD4","POLYGON","polygon_original","46","7","POL_BS46_07","CC(=O)N1CCCC1c1nncn1-c1ccc2ccccc2c1","7.345110000000007","7.512015000000031","7.345110000000007","7.4285625000000195","0.7307663395234372","2.812427459277808","3.103900000000002","results/target_pairs/parp1_brd4_egfr_vegfr2_aligned_20260827/baselines/polygon_original/formal_10240_seed46/anytime/budget_10240/quality_constrained/quality_annotated_molecules.csv","-8.2","","-9.6","","-9.6","-8.2","-8.2","-8.899999999999999","True","0.5245901639344263","0.47540983606557374","True"
"pairB","PARP1/BRD4","POLYGON","polygon_original","46","8","POL_BS46_08","c1ccc(OCc2nncn2-c2ccc3c(c2)OCO3)cc1","7.338509999999991","7.686660000000043","7.338509999999991","7.512585000000017","0.740126506636008","2.203517063480464","2.575","results/target_pairs/parp1_brd4_egfr_vegfr2_aligned_20260827/baselines/polygon_original/formal_10240_seed46/anytime/budget_10240/quality_constrained/quality_annotated_molecules.csv","-8.2","","-8.3","","-8.3","-8.2","-8.2","-8.25","True","0.5272727272727272","0.4727272727272728","True"
"pairB","PARP1/BRD4","POLYGON","polygon_original","46","9","POL_BS46_09","CC(CC#N)Sc1nncn1-c1ccc2c(c1)OCCO2","7.543100000000012","7.327515000000033","7.327515000000033","7.435307500000023","0.8076543607191223","3.1393767039618687","2.43278","results/target_pairs/parp1_brd4_egfr_vegfr2_aligned_20260827/baselines/polygon_original/formal_10240_seed46/anytime/budget_10240/quality_constrained/quality_annotated_molecules.csv","-6.9","","-8.1","","-8.1","-6.9","-6.9","-7.5","False","0.543859649122807","0.45614035087719296","True"
"pairB","PARP1/BRD4","POLYGON","polygon_original","46","10","POL_BS46_10","CCOc1cc(-n2nnnc2C)ccc1NC(=O)Nc1nncs1","7.681490000000013","7.264400000000023","7.264400000000023","7.472945000000018","0.7232502191255041","2.525978623388012","1.86492","results/target_pairs/parp1_brd4_egfr_vegfr2_aligned_20260827/baselines/polygon_original/formal_10240_seed46/anytime/budget_10240/quality_constrained/quality_annotated_molecules.csv","-7.2","","-8.3","","-8.3","-7.2","-7.2","-7.75","True","0.484375","0.515625","True"
"pairB","PARP1/BRD4","POLYGON","polygon_original","47","1","POL_BS47_01","CNC(=O)CSc1nncn1-c1ccc(-c2ncncc2C2CC2)c(C)c1","7.610794000000035","7.572160000000021","7.572160000000021","7.591477000000028","0.6620093168396637","2.7219055822176426","2.7482200000000008","results/target_pairs/parp1_brd4_egfr_vegfr2_aligned_20260827/baselines/polygon_original/formal_10240_seed47/anytime/budget_10240/quality_constrained/quality_annotated_molecules.csv","-8.0","","-9.3","","-9.3","-8.0","-8.0","-8.65","True","0.5522388059701493","0.4477611940298507","True"
"pairB","PARP1/BRD4","POLYGON","polygon_original","47","2","POL_BS47_02","Fc1cccc(-n2cnnc2C2CN(Cc3ccncc3)CCO2)c1","7.755485000000014","7.543545000000052","7.543545000000052","7.649515000000033","0.7303937203206575","3.0105505648922595","2.3749","results/target_pairs/parp1_brd4_egfr_vegfr2_aligned_20260827/baselines/polygon_original/formal_10240_seed47/anytime/budget_10240/quality_constrained/quality_annotated_molecules.csv","-7.2","","-10.0","","-10.0","-7.2","-7.2","-8.6","True","0.5142857142857142","0.48571428571428577","True"
"pairB","PARP1/BRD4","POLYGON","polygon_original","47","3","POL_BS47_03","Cc1nncn1-c1cccc(CNS(=O)(=O)N2CCc3cscc3C2)c1","7.600505000000036","7.498212500000029","7.498212500000029","7.549358750000032","0.7240639013473046","3.035291643309815","2.02992","results/target_pairs/parp1_brd4_egfr_vegfr2_aligned_20260827/baselines/polygon_original/formal_10240_seed47/anytime/budget_10240/quality_constrained/quality_annotated_molecules.csv","-8.2","","-10.4","","-10.4","-8.2","-8.2","-9.3","True","0.4626865671641791","0.5373134328358209","True"
"pairB","PARP1/BRD4","POLYGON","polygon_original","47","4","POL_BS47_04","Cc1ccccc1NCc1nncn1-c1ccc2[nH]nnc2c1","7.478915000000007","7.765170000000041","7.478915000000007","7.622042500000024","0.6048075467259205","2.702205157589219","2.4591200000000004","results/target_pairs/parp1_brd4_egfr_vegfr2_aligned_20260827/baselines/polygon_original/formal_10240_seed47/anytime/budget_10240/quality_constrained/quality_annotated_molecules.csv","-8.7","","-10.0","","-10.0","-8.7","-8.7","-9.35","True","0.515625","0.484375","True"
"pairB","PARP1/BRD4","POLYGON","polygon_original","47","5","POL_BS47_05","O=C(NCc1nncn1-c1ccc2c(c1)OCO2)Nc1ccccc1","7.476290000000001","7.463410000000038","7.463410000000038","7.46985000000002","0.7623719396240393","2.228438970064376","2.3176999999999994","results/target_pairs/parp1_brd4_egfr_vegfr2_aligned_20260827/baselines/polygon_original/formal_10240_seed47/anytime/budget_10240/quality_constrained/quality_annotated_molecules.csv","-8.3","","-9.3","","-9.3","-8.3","-8.3","-8.8","True","0.6862745098039216","0.3137254901960784","True"
"pairB","PARP1/BRD4","POLYGON","polygon_original","47","6","POL_BS47_06","Cc1ccc(-n2cnnc2-c2cccs2)cc1N(C)S(C)(=O)=O","7.622080000000007","7.443635000000023","7.443635000000023","7.532857500000015","0.7268777262877364","2.628827032589218","2.700020000000001","results/target_pairs/parp1_brd4_egfr_vegfr2_aligned_20260827/baselines/polygon_original/formal_10240_seed47/anytime/budget_10240/quality_constrained/quality_annotated_molecules.csv","-6.6","","-8.3","","-8.3","-6.6","-6.6","-7.45","False","0.39655172413793105","0.603448275862069","True"
"pairB","PARP1/BRD4","POLYGON","polygon_original","47","7","POL_BS47_07","O=c1ccc(-c2nnc(NCc3ccc4c(c3)OCCO4)n2C2CC2)n[nH]1","7.433155000000026","7.450839166666706","7.433155000000026","7.441997083333366","0.708199612997454","2.785892271477749","1.7465999999999997","results/target_pairs/parp1_brd4_egfr_vegfr2_aligned_20260827/baselines/polygon_original/formal_10240_seed47/anytime/budget_10240/quality_constrained/quality_annotated_molecules.csv","-8.2","","-10.4","","-10.4","-8.2","-8.2","-9.3","True","0.453125","0.546875","True"
"pairB","PARP1/BRD4","POLYGON","polygon_original","47","8","POL_BS47_08","CCn1nnnc1CSc1nncn1-c1ccc2c(c1)COC2","7.558580000000018","7.3998900000000285","7.3998900000000285","7.479235000000023","0.6573164521181035","2.8429390942408013","1.5962","results/target_pairs/parp1_brd4_egfr_vegfr2_aligned_20260827/baselines/polygon_original/formal_10240_seed47/anytime/budget_10240/quality_constrained/quality_annotated_molecules.csv","-8.5","","-9.0","","-9.0","-8.5","-8.5","-8.75","True","0.5555555555555556","0.4444444444444444","True"
"pairB","PARP1/BRD4","POLYGON","polygon_original","47","9","POL_BS47_09","O=c1ccc(-c2nnc(-c3cccc(-n4cncn4)c3)n2C2CC2)c[nH]1","7.39418100000004","7.612956666666722","7.39418100000004","7.503568833333379","0.6118684075908274","2.684299125091192","2.215999999999999","results/target_pairs/parp1_brd4_egfr_vegfr2_aligned_20260827/baselines/polygon_original/formal_10240_seed47/anytime/budget_10240/quality_constrained/quality_annotated_molecules.csv","-8.1","","-9.9","","-9.9","-8.1","-8.1","-9.0","True","0.4307692307692308","0.5692307692307692","True"
"pairB","PARP1/BRD4","POLYGON","polygon_original","47","10","POL_BS47_10","O=C(NCc1nncn1-c1ccc2c(c1)OCCO2)NCc1nncn1C1CC1","7.500183000000026","7.394100000000026","7.394100000000026","7.447141500000026","0.636568161095564","2.816138948670547","0.9642999999999996","results/target_pairs/parp1_brd4_egfr_vegfr2_aligned_20260827/baselines/polygon_original/formal_10240_seed47/anytime/budget_10240/quality_constrained/quality_annotated_molecules.csv","-8.4","","-10.1","","-10.1","-8.4","-8.4","-9.25","True","0.5873015873015873","0.4126984126984127","True"
"pairB","PARP1/BRD4","POLYGON","polygon_original","48","1","POL_BS48_01","Cc1cccn2c(N3CCN(C(=O)c4cnno4)CC3)nnc12","7.5418550000000035","7.65619500000003","7.5418550000000035","7.599025000000017","0.6750754873349758","2.9504589463377844","0.3831199999999997","results/target_pairs/parp1_brd4_egfr_vegfr2_aligned_20260827/baselines/polygon_original/formal_10240_seed48/anytime/budget_10240/quality_constrained/quality_annotated_molecules.csv","-7.2","","-10.0","","-10.0","-7.2","-7.2","-8.6","True","0.4915254237288136","0.5084745762711864","True"
"pairB","PARP1/BRD4","POLYGON","polygon_original","48","2","POL_BS48_02","Cc1ccc(NCc2nncn2-c2ccc3c(c2)OCO3)cc1","7.650185","7.447273333333364","7.447273333333364","7.548729166666682","0.8027506380044417","2.255357193788313","2.916520000000001","results/target_pairs/parp1_brd4_egfr_vegfr2_aligned_20260827/baselines/polygon_original/formal_10240_seed48/anytime/budget_10240/quality_constrained/quality_annotated_molecules.csv","-8.4","","-8.8","","-8.8","-8.4","-8.4","-8.600000000000001","True","0.5254237288135594","0.47457627118644063","True"
"pairB","PARP1/BRD4","POLYGON","polygon_original","48","3","POL_BS48_03","Cc1csc(C(=O)NCc2nncn2-c2ccc(F)c(F)c2)n1","7.764210000000006","7.422250000000024","7.422250000000024","7.593230000000014","0.7935487243966034","2.5742299504886272","2.2404200000000003","results/target_pairs/parp1_brd4_egfr_vegfr2_aligned_20260827/baselines/polygon_original/formal_10240_seed48/anytime/budget_10240/quality_constrained/quality_annotated_molecules.csv","-7.7","","-9.2","","-9.2","-7.7","-7.7","-8.45","True","0.4754098360655737","0.5245901639344264","True"
"pairB","PARP1/BRD4","POLYGON","polygon_original","48","4","POL_BS48_04","Cc1ccc(-n2cnnc2-c2nc(N(C)C)nc(C)c2C)cc1C","7.581793999999998","7.402340000000035","7.402340000000035","7.492067000000016","0.7416161266445354","2.686524412381626","3.0239800000000017","results/target_pairs/parp1_brd4_egfr_vegfr2_aligned_20260827/baselines/polygon_original/formal_10240_seed48/anytime/budget_10240/quality_constrained/quality_annotated_molecules.csv","-7.8","","-9.1","","-9.1","-7.8","-7.8","-8.45","True","0.39344262295081966","0.6065573770491803","True"
"pairB","PARP1/BRD4","POLYGON","polygon_original","48","5","POL_BS48_05","Cc1ccc(-n2cnnc2-c2nnc(SC(C)C#N)n2C2CC2)cc1C","7.519960000000037","7.399135000000041","7.399135000000041","7.459547500000038","0.6435734656722557","3.2867106425748007","3.481720000000002","results/target_pairs/parp1_brd4_egfr_vegfr2_aligned_20260827/baselines/polygon_original/formal_10240_seed48/anytime/budget_10240/quality_constrained/quality_annotated_molecules.csv","-7.6","","-9.8","","-9.8","-7.6","-7.6","-8.7","True","0.5517241379310345","0.4482758620689655","True"
"pairB","PARP1/BRD4","POLYGON","polygon_original","48","6","POL_BS48_06","Fc1ccc(-n2cnnc2CSc2nnnn2C2CC2)cc1F","7.612973000000022","7.351805000000025","7.351805000000025","7.482389000000023","0.6653248357367461","2.6855383743724364","2.1592","results/target_pairs/parp1_brd4_egfr_vegfr2_aligned_20260827/baselines/polygon_original/formal_10240_seed48/anytime/budget_10240/quality_constrained/quality_annotated_molecules.csv","-8.5","","-8.7","","-8.7","-8.5","-8.5","-8.6","True","0.6346153846153846","0.3653846153846154","True"
"pairB","PARP1/BRD4","POLYGON","polygon_original","48","7","POL_BS48_07","Cc1cc(C2CC2c2nncn2-c2ccc3c(c2)NC(=O)CO3)[nH]n1","7.637480000000014","7.281465000000019","7.281465000000019","7.459472500000016","0.7611442028075781","3.9357668617842654","1.90082","results/target_pairs/parp1_brd4_egfr_vegfr2_aligned_20260827/baselines/polygon_original/formal_10240_seed48/anytime/budget_10240/quality_constrained/quality_annotated_molecules.csv","-7.9","","-10.4","","-10.4","-7.9","-7.9","-9.15","True","0.4714285714285714","0.5285714285714286","True"
"pairB","PARP1/BRD4","POLYGON","polygon_original","48","8","POL_BS48_08","Cc1nnc(NCCN2CCN(c3cc(=O)[nH]n3C)CC2)s1","7.256365000000006","7.3649057142857455","7.256365000000006","7.310635357142876","0.8125460322440478","2.866916763780164","0.1074199999999994","results/target_pairs/parp1_brd4_egfr_vegfr2_aligned_20260827/baselines/polygon_original/formal_10240_seed48/anytime/budget_10240/quality_constrained/quality_annotated_molecules.csv","-6.6","","-8.3","","-8.3","-6.6","-6.6","-7.45","False","0.4098360655737705","0.5901639344262295","True"
"pairB","PARP1/BRD4","POLYGON","polygon_original","48","9","POL_BS48_09","O=C(NCc1ccccn1)c1ccnn2c(-c3ccncc3)nnc12","7.22491500000003","7.462655000000011","7.22491500000003","7.343785000000021","0.6085661831372826","2.419878886904293","1.5113","results/target_pairs/parp1_brd4_egfr_vegfr2_aligned_20260827/baselines/polygon_original/formal_10240_seed48/anytime/budget_10240/quality_constrained/quality_annotated_molecules.csv","-8.2","","-9.0","","-9.0","-8.2","-8.2","-8.6","True","0.5737704918032787","0.42622950819672134","True"
"pairB","PARP1/BRD4","POLYGON","polygon_original","48","10","POL_BS48_10","Cc1nnc(NCc2cnn3c2SCCC3=O)s1","7.223440000000012","7.295942051282096","7.223440000000012","7.259691025641054","0.9244184465876284","3.1436245975895485","1.7911199999999998","results/target_pairs/parp1_brd4_egfr_vegfr2_aligned_20260827/baselines/polygon_original/formal_10240_seed48/anytime/budget_10240/quality_constrained/quality_annotated_molecules.csv","-6.8","","-7.8","","-7.8","-6.8","-6.8","-7.3","False","0.4339622641509434","0.5660377358490566","True"
"pairB","PARP1/BRD4","POLYGON","polygon_original","49","1","POL_BS49_01","Cc1cccn1Cc1nncn1-c1ccc(F)c(F)c1","7.72832000000002","7.595740000000041","7.595740000000041","7.66203000000003","0.7358421761733641","2.5769498034886027","2.703720000000001","results/target_pairs/parp1_brd4_egfr_vegfr2_aligned_20260827/baselines/polygon_original/formal_10240_seed49/anytime/budget_10240/quality_constrained/quality_annotated_molecules.csv","-8.0","","-8.7","","-8.7","-8.0","-8.0","-8.35","True","0.4333333333333333","0.5666666666666667","True"
"pairB","PARP1/BRD4","POLYGON","polygon_original","49","2","POL_BS49_02","O=c1ccc2cc(-n3nnnc3-c3ccco3)ccc2[nH]1","7.59592","7.541136666666705","7.541136666666705","7.568528333333353","0.6035743077983801","2.4630860521939564","1.7638","results/target_pairs/parp1_brd4_egfr_vegfr2_aligned_20260827/baselines/polygon_original/formal_10240_seed49/anytime/budget_10240/quality_constrained/quality_annotated_molecules.csv","-8.4","","-9.2","","-9.2","-8.4","-8.4","-8.8","True","0.4210526315789473","0.5789473684210527","True"
"pairB","PARP1/BRD4","POLYGON","polygon_original","49","3","POL_BS49_03","Cc1nc(CNC(=O)c2ccc(-n3nnnn3)cc2)c(C)s1","7.527325000000012","7.5366000000000355","7.527325000000012","7.531962500000024","0.7727471598967098","2.8184024780658774","1.0606399999999998","results/target_pairs/parp1_brd4_egfr_vegfr2_aligned_20260827/baselines/polygon_original/formal_10240_seed49/anytime/budget_10240/quality_constrained/quality_annotated_molecules.csv","-7.8","","-8.8","","-8.8","-7.8","-7.8","-8.3","True","0.6862745098039216","0.3137254901960784","True"
"pairB","PARP1/BRD4","POLYGON","polygon_original","49","4","POL_BS49_04","O=C(NCc1cccc(-n2cnnc2-c2cccnc2)c1)c1ccco1","7.675645","7.507255000000023","7.507255000000023","7.591450000000012","0.6009889945089348","2.3358562626904344","2.8523000000000014","results/target_pairs/parp1_brd4_egfr_vegfr2_aligned_20260827/baselines/polygon_original/formal_10240_seed49/anytime/budget_10240/quality_constrained/quality_annotated_molecules.csv","-9.0","","-9.8","","-9.8","-9.0","-9.0","-9.4","True","0.55","0.44999999999999996","True"
"pairB","PARP1/BRD4","POLYGON","polygon_original","49","5","POL_BS49_05","CCN(Cc1ccccc1)C(=O)N1CCCC1c1nnc(C)n1C","7.612775000000033","7.482945000000062","7.482945000000062","7.547860000000048","0.8674540290175342","2.8395756939139023","2.902520000000001","results/target_pairs/parp1_brd4_egfr_vegfr2_aligned_20260827/baselines/polygon_original/formal_10240_seed49/anytime/budget_10240/quality_constrained/quality_annotated_molecules.csv","-7.5","","-8.6","","-8.6","-7.5","-7.5","-8.05","True","0.48484848484848486","0.5151515151515151","True"
"pairB","PARP1/BRD4","POLYGON","polygon_original","49","6","POL_BS49_06","Cc1cccc(-n2cnnc2SCc2ccc(CC(N)=O)cc2)c1","7.475320000000024","7.540190000000038","7.475320000000024","7.507755000000031","0.70143801427599","2.1556100615151017","2.8958200000000005","results/target_pairs/parp1_brd4_egfr_vegfr2_aligned_20260827/baselines/polygon_original/formal_10240_seed49/anytime/budget_10240/quality_constrained/quality_annotated_molecules.csv","-8.5","","-10.0","","-10.0","-8.5","-8.5","-9.25","True","0.6491228070175439","0.3508771929824561","True"
"pairB","PARP1/BRD4","POLYGON","polygon_original","49","7","POL_BS49_07","CC(C)(C)NC(=O)CSc1nncn1-c1ccc2cccnc2c1","7.4321500000000125","7.675650000000033","7.4321500000000125","7.553900000000023","0.7388634389820866","2.38348461394477","2.822300000000001","results/target_pairs/parp1_brd4_egfr_vegfr2_aligned_20260827/baselines/polygon_original/formal_10240_seed49/anytime/budget_10240/quality_constrained/quality_annotated_molecules.csv","-7.2","","-8.9","","-8.9","-7.2","-7.2","-8.05","True","0.6551724137931034","0.3448275862068966","True"
"pairB","PARP1/BRD4","POLYGON","polygon_original","49","8","POL_BS49_08","O=C(NCc1nncn1C1CC1)c1cccn1-c1ccc(F)c(F)c1","7.604098000000021","7.430640000000033","7.430640000000033","7.517369000000027","0.7744420530290598","2.5813132080076286","2.6119000000000003","results/target_pairs/parp1_brd4_egfr_vegfr2_aligned_20260827/baselines/polygon_original/formal_10240_seed49/anytime/budget_10240/quality_constrained/quality_annotated_molecules.csv","-7.2","","-8.9","","-8.9","-7.2","-7.2","-8.05","True","0.6","0.4","True"
"pairB","PARP1/BRD4","POLYGON","polygon_original","49","9","POL_BS49_09","Cc1ccc(-n2cnnc2C(=O)OCc2nnnn2C2CC2)cc1C","7.628747999999996","7.424140000000026","7.424140000000026","7.526444000000011","0.6501795815341197","2.7854211170000447","1.5625399999999996","results/target_pairs/parp1_brd4_egfr_vegfr2_aligned_20260827/baselines/polygon_original/formal_10240_seed49/anytime/budget_10240/quality_constrained/quality_annotated_molecules.csv","-8.6","","-9.4","","-9.4","-8.6","-8.6","-9.0","True","0.53125","0.46875","True"
"pairB","PARP1/BRD4","POLYGON","polygon_original","49","10","POL_BS49_10","CSc1nncn1-c1cccc(C(=O)N(C)Cc2ccncc2)c1","7.611120000000031","7.4040000000000274","7.4040000000000274","7.507560000000029","0.6688010495050858","2.346576616699048","2.6564000000000005","results/target_pairs/parp1_brd4_egfr_vegfr2_aligned_20260827/baselines/polygon_original/formal_10240_seed49/anytime/budget_10240/quality_constrained/quality_annotated_molecules.csv","-7.7","","-8.4","","-8.4","-7.7","-7.7","-8.05","True","0.6181818181818182","0.38181818181818183","True"
"pairB","PARP1/BRD4","POLYGON","polygon_original","50","1","POL_BS50_01","CCOCc1cccc(-n2cnnc2CNC(=O)CC2CC2)c1","7.579270000000007","7.496815000000037","7.496815000000037","7.538042500000023","0.8109586374329213","2.3842544582885203","2.2200999999999995","results/target_pairs/parp1_brd4_egfr_vegfr2_aligned_20260827/baselines/polygon_original/formal_10240_seed50/anytime/budget_10240/quality_constrained/quality_annotated_molecules.csv","-7.2","","-7.8","","-7.8","-7.2","-7.2","-7.5","True","0.6101694915254238","0.38983050847457623","True"
"pairB","PARP1/BRD4","POLYGON","polygon_original","50","2","POL_BS50_02","NC(=O)COC(=O)c1nncn1-c1cccc(F)c1","7.449080000000018","7.456330000000038","7.449080000000018","7.452705000000028","0.7861678029238905","2.498072746137","0.0484999999999997","results/target_pairs/parp1_brd4_egfr_vegfr2_aligned_20260827/baselines/polygon_original/formal_10240_seed50/anytime/budget_10240/quality_constrained/quality_annotated_molecules.csv","-7.3","","-7.8","","-7.8","-7.3","-7.3","-7.55","True","0.5660377358490566","0.4339622641509434","True"
"pairB","PARP1/BRD4","POLYGON","polygon_original","50","3","POL_BS50_03","CC(=O)Nc1cc(CO)c(-c2nncn2-c2cccc(F)c2)[nH]1","7.429810000000018","7.518165000000034","7.429810000000018","7.473987500000026","0.6844264447745867","2.9529137374708743","1.8522","results/target_pairs/parp1_brd4_egfr_vegfr2_aligned_20260827/baselines/polygon_original/formal_10240_seed50/anytime/budget_10240/quality_constrained/quality_annotated_molecules.csv","-7.4","","-8.9","","-8.9","-7.4","-7.4","-8.15","True","0.4705882352941176","0.5294117647058825","True"
"pairB","PARP1/BRD4","POLYGON","polygon_original","50","4","POL_BS50_04","COn1ccc(CC(=O)NCc2nncn2-c2cccc(C)c2)c1","7.410190000000033","7.705665000000046","7.410190000000033","7.557927500000039","0.741109773609307","2.796486315695704","1.2945199999999992","results/target_pairs/parp1_brd4_egfr_vegfr2_aligned_20260827/baselines/polygon_original/formal_10240_seed50/anytime/budget_10240/quality_constrained/quality_annotated_molecules.csv","-7.6","","-9.0","","-9.0","-7.6","-7.6","-8.3","True","0.5538461538461539","0.4461538461538461","True"
"pairB","PARP1/BRD4","POLYGON","polygon_original","50","5","POL_BS50_05","COC(=O)C(C)CN1CC(c2nncn2-c2cccc(F)c2)C1","7.356300000000031","7.4640500000000385","7.356300000000031","7.410175000000034","0.7840669267458966","3.06535125735473","1.6146999999999991","results/target_pairs/parp1_brd4_egfr_vegfr2_aligned_20260827/baselines/polygon_original/formal_10240_seed50/anytime/budget_10240/quality_constrained/quality_annotated_molecules.csv","-7.0","","-8.2","","-8.2","-7.0","-7.0","-7.6","True","0.4393939393939394","0.5606060606060606","True"
"pairB","PARP1/BRD4","POLYGON","polygon_original","50","6","POL_BS50_06","CC(C)n1nnc2c3c(nnc21)CCC3NC(=O)c1ccco1","7.337795000000016","7.340195000000015","7.337795000000016","7.338995000000015","0.7916332289475735","3.481584801935151","1.8125","results/target_pairs/parp1_brd4_egfr_vegfr2_aligned_20260827/baselines/polygon_original/formal_10240_seed50/anytime/budget_10240/quality_constrained/quality_annotated_molecules.csv","-7.9","","-8.8","","-8.8","-7.9","-7.9","-8.350000000000001","True","0.43283582089552236","0.5671641791044777","True"
"pairB","PARP1/BRD4","POLYGON","polygon_original","50","7","POL_BS50_07","CN(CCc1ccco1)C(=O)NCc1nncn1-c1cccc(F)c1","7.330720000000036","7.483120000000044","7.330720000000036","7.40692000000004","0.745496606918866","2.5532954669458743","2.3835000000000006","results/target_pairs/parp1_brd4_egfr_vegfr2_aligned_20260827/baselines/polygon_original/formal_10240_seed50/anytime/budget_10240/quality_constrained/quality_annotated_molecules.csv","-7.3","","-9.2","","-9.2","-7.3","-7.3","-8.25","True","0.5538461538461539","0.4461538461538461","True"
"pairB","PARP1/BRD4","POLYGON","polygon_original","50","8","POL_BS50_08","Cc1nn(C)c2nnc(NC(=O)c3ccco3)cc12","7.458050000000016","7.284220000000014","7.284220000000014","7.371135000000015","0.7517355504625356","2.4599668922424662","1.5170199999999998","results/target_pairs/parp1_brd4_egfr_vegfr2_aligned_20260827/baselines/polygon_original/formal_10240_seed50/anytime/budget_10240/quality_constrained/quality_annotated_molecules.csv","-7.5","","-8.3","","-8.3","-7.5","-7.5","-7.9","True","0.6730769230769231","0.32692307692307687","True"
"pairB","PARP1/BRD4","POLYGON","polygon_original","50","9","POL_BS50_09","Cc1nnc(S(=O)(=O)CC2CSc3nnc(C)n32)s1","7.238665000000013","7.266767500000059","7.238665000000013","7.252716250000036","0.8291020923781793","3.743946789480161","0.8671399999999999","results/target_pairs/parp1_brd4_egfr_vegfr2_aligned_20260827/baselines/polygon_original/formal_10240_seed50/anytime/budget_10240/quality_constrained/quality_annotated_molecules.csv","-6.8","","-7.7","","-7.7","-6.8","-6.8","-7.25","False","0.4727272727272727","0.5272727272727273","True"
"pairB","PARP1/BRD4","POLYGON","polygon_original","50","10","POL_BS50_10","CC(C)c1nnn(Cc2ccc(NC(=O)c3ccsn3)cc2)n1","7.228490000000038","7.261127500000054","7.228490000000038","7.244808750000046","0.7777094171862873","2.7220041086381688","2.5536000000000003","results/target_pairs/parp1_brd4_egfr_vegfr2_aligned_20260827/baselines/polygon_original/formal_10240_seed50/anytime/budget_10240/quality_constrained/quality_annotated_molecules.csv","-8.2","","-8.4","","-8.4","-8.2","-8.2","-8.3","True","0.4032258064516129","0.5967741935483871","True"
"pairB","PARP1/BRD4","POLYGON","polygon_original","51","1","POL_BS51_01","Cc1nncn1-c1cccc(CNC(=O)NCc2cccc(F)c2)c1","7.77196500000001","7.622065000000038","7.622065000000038","7.697015000000023","0.750666103911789","2.258358928484336","2.714220000000001","results/target_pairs/parp1_brd4_egfr_vegfr2_aligned_20260827/baselines/polygon_original/formal_10240_seed51/anytime/budget_10240/quality_constrained/quality_annotated_molecules.csv","-8.3","","-10.1","","-10.1","-8.3","-8.3","-9.2","True","0.6111111111111112","0.38888888888888884","True"
"pairB","PARP1/BRD4","POLYGON","polygon_original","51","2","POL_BS51_02","Cc1cccc(-n2cc(Cc3nnc(C4CC4)o3)ccc2=O)c1","7.524530000000019","7.743982500000062","7.524530000000019","7.634256250000041","0.7431604564086719","2.460131381365443","2.9971200000000016","results/target_pairs/parp1_brd4_egfr_vegfr2_aligned_20260827/baselines/polygon_original/formal_10240_seed51/anytime/budget_10240/quality_constrained/quality_annotated_molecules.csv","-8.8","","-9.4","","-9.4","-8.8","-8.8","-9.100000000000001","True","0.5","0.5","True"
"pairB","PARP1/BRD4","POLYGON","polygon_original","51","3","POL_BS51_03","CS(=O)(=O)N(Cc1cccnc1)c1nncn1-c1ccccc1","7.408998333333349","7.52021500000002","7.408998333333349","7.464606666666684","0.7104733715269732","2.531369842903903","1.6285","results/target_pairs/parp1_brd4_egfr_vegfr2_aligned_20260827/baselines/polygon_original/formal_10240_seed51/anytime/budget_10240/quality_constrained/quality_annotated_molecules.csv","-6.6","","-8.5","","-8.5","-6.6","-6.6","-7.55","False","0.5094339622641509","0.49056603773584906","True"
"pairB","PARP1/BRD4","POLYGON","polygon_original","51","4","POL_BS51_04","Fc1cccc(-n2cnnc2-c2ccc3nc[nH]c3c2)c1","7.34650500000004","7.665330000000036","7.34650500000004","7.505917500000038","0.6134083284004233","2.4377297246505325","2.949700000000001","results/target_pairs/parp1_brd4_egfr_vegfr2_aligned_20260827/baselines/polygon_original/formal_10240_seed51/anytime/budget_10240/quality_constrained/quality_annotated_molecules.csv","-9.3","","-8.9","","-8.9","-9.3","-8.9","-9.100000000000001","True","0.4528301886792453","0.5471698113207547","True"
"pairB","PARP1/BRD4","POLYGON","polygon_original","51","5","POL_BS51_05","c1nnc(NCc2nncn2-c2ccc3c(c2)OCO3)s1","7.762894999999983","7.341565000000034","7.341565000000034","7.552230000000009","0.7802759928090124","2.739606257794808","1.4595999999999998","results/target_pairs/parp1_brd4_egfr_vegfr2_aligned_20260827/baselines/polygon_original/formal_10240_seed51/anytime/budget_10240/quality_constrained/quality_annotated_molecules.csv","-7.7","","-8.2","","-8.2","-7.7","-7.7","-7.949999999999999","True","0.46551724137931033","0.5344827586206897","True"
"pairB","PARP1/BRD4","POLYGON","polygon_original","51","6","POL_BS51_06","Cc1cccc(CNC(=O)c2cnn3c(OC(C)C)nnc3c2C)c1","7.344935000000009","7.322004166666666","7.322004166666666","7.333469583333338","0.7720669974031439","2.612210357055764","2.4583400000000006","results/target_pairs/parp1_brd4_egfr_vegfr2_aligned_20260827/baselines/polygon_original/formal_10240_seed51/anytime/budget_10240/quality_constrained/quality_annotated_molecules.csv","-8.7","","-9.6","","-9.6","-8.7","-8.7","-9.149999999999999","True","0.5223880597014925","0.4776119402985075","True"
"pairB","PARP1/BRD4","POLYGON","polygon_original","51","7","POL_BS51_07","C=C(C)NCc1cccc(NC(=O)c2csc(-c3cocn3)n2)c1","7.298425000000012","7.270232000000014","7.270232000000014","7.284328500000013","0.7154547797650987","2.730006717033497","3.673600000000002","results/target_pairs/parp1_brd4_egfr_vegfr2_aligned_20260827/baselines/polygon_original/formal_10240_seed51/anytime/budget_10240/quality_constrained/quality_annotated_molecules.csv","-7.2","","-8.7","","-8.7","-7.2","-7.2","-7.949999999999999","True","0.515625","0.484375","True"
"pairB","PARP1/BRD4","POLYGON","polygon_original","51","8","POL_BS51_08","CNC(=O)CS(=O)(=O)c1nncn1-c1cccc(F)c1","7.336828571428601","7.251905000000036","7.251905000000036","7.294366785714319","0.8521879074798383","2.6661672639229064","-0.0739000000000003","results/target_pairs/parp1_brd4_egfr_vegfr2_aligned_20260827/baselines/polygon_original/formal_10240_seed51/anytime/budget_10240/quality_constrained/quality_annotated_molecules.csv","-6.4","","-8.3","","-8.3","-6.4","-6.4","-7.3500000000000005","False","0.7755102040816326","0.22448979591836737","True"
"pairB","PARP1/BRD4","POLYGON","polygon_original","51","9","POL_BS51_09","CC(=O)C(C)Sc1nncn1-c1ccc2[nH]ncc2c1","7.770940000000001","7.23052400000002","7.23052400000002","7.500732000000011","0.7444664457942984","3.0623694735982463","2.2132","results/target_pairs/parp1_brd4_egfr_vegfr2_aligned_20260827/baselines/polygon_original/formal_10240_seed51/anytime/budget_10240/quality_constrained/quality_annotated_molecules.csv","-7.2","","-8.4","","-8.4","-7.2","-7.2","-7.800000000000001","True","0.5517241379310345","0.4482758620689655","True"
"pairB","PARP1/BRD4","POLYGON","polygon_original","51","10","POL_BS51_10","O=C(CSc1nccn1-c1ccncc1)Nc1nncs1","7.195170000000027","7.242830000000025","7.195170000000027","7.219000000000026","0.7226271418940281","2.504707144005371","1.8496","results/target_pairs/parp1_brd4_egfr_vegfr2_aligned_20260827/baselines/polygon_original/formal_10240_seed51/anytime/budget_10240/quality_constrained/quality_annotated_molecules.csv","-6.7","","-8.0","","-8.0","-6.7","-6.7","-7.35","False","0.7636363636363637","0.23636363636363633","True"
"pairB","PARP1/BRD4","REINVENT4","reinvent4","42","1","RNV_BS42_01","COCc1cccn1-c1cccc(Cn2cc(C)nn2)c1","7.357180000000034","7.860110000000052","7.357180000000034","7.608645000000044","0.722212572975511","2.55902470492145","2.5719200000000004","results/target_pairs/parp1_brd4_egfr_vegfr2_aligned_20260827/baselines/reinvent4/formal_10240_seed42/anytime/budget_10240/quality_constrained/quality_annotated_molecules.csv","-7.6","","-7.9","","-7.9","-7.6","-7.6","-7.75","True","0.3770491803278688","0.6229508196721312","True"
"pairB","PARP1/BRD4","REINVENT4","reinvent4","42","2","RNV_BS42_02","COc1cccc(Cn2cc(-c3cnccc3C)nn2)c1","7.352725000000031","7.5844200000000495","7.352725000000031","7.46857250000004","0.7370487939295847","2.1842297490576428","2.705420000000001","results/target_pairs/parp1_brd4_egfr_vegfr2_aligned_20260827/baselines/reinvent4/formal_10240_seed42/anytime/budget_10240/quality_constrained/quality_annotated_molecules.csv","-8.1","","-8.7","","-8.7","-8.1","-8.1","-8.399999999999999","True","0.5576923076923077","0.4423076923076923","True"
"pairB","PARP1/BRD4","REINVENT4","reinvent4","42","3","RNV_BS42_03","COCc1c(COc2cnccc2Cl)nnn1-c1ccc(C)cc1","7.344100000000012","7.265120000000023","7.265120000000023","7.304610000000017","0.6858760134908445","2.5308649110134294","3.349520000000002","results/target_pairs/parp1_brd4_egfr_vegfr2_aligned_20260827/baselines/reinvent4/formal_10240_seed42/anytime/budget_10240/quality_constrained/quality_annotated_molecules.csv","-7.2","","-8.2","","-8.2","-7.2","-7.2","-7.699999999999999","True","0.5094339622641509","0.49056603773584906","True"
"pairB","PARP1/BRD4","REINVENT4","reinvent4","42","4","RNV_BS42_04","O=C(NCc1ccnc(-n2ccnc2)c1)Nc1nncs1","7.268820000000033","7.25443500000002","7.25443500000002","7.261627500000026","0.7596201128683734","2.577180593136884","1.4405","results/target_pairs/parp1_brd4_egfr_vegfr2_aligned_20260827/baselines/reinvent4/formal_10240_seed42/anytime/budget_10240/quality_constrained/quality_annotated_molecules.csv","-7.7","","-8.5","","-8.5","-7.7","-7.7","-8.1","True","0.6779661016949152","0.3220338983050848","True"
"pairB","PARP1/BRD4","REINVENT4","reinvent4","42","5","RNV_BS42_05","COCc1c(C(=O)NCc2ccccc2)nnn1-c1ccc(C)cc1Cl","7.382290000000013","7.192171666666684","7.192171666666684","7.287230833333348","0.7223832622897766","2.1758644166985874","3.3055200000000022","results/target_pairs/parp1_brd4_egfr_vegfr2_aligned_20260827/baselines/reinvent4/formal_10240_seed42/anytime/budget_10240/quality_constrained/quality_annotated_molecules.csv","-7.7","","-9.5","","-9.5","-7.7","-7.7","-8.6","True","0.7192982456140351","0.2807017543859649","True"
"pairB","PARP1/BRD4","REINVENT4","reinvent4","42","6","RNV_BS42_06","COCc1ccc(-c2nnnn2CCOc2ccccc2)cc1","7.244830000000028","7.16268200000002","7.16268200000002","7.203756000000023","0.6709530341960257","1.9881060625665936","2.5655","results/target_pairs/parp1_brd4_egfr_vegfr2_aligned_20260827/baselines/reinvent4/formal_10240_seed42/anytime/budget_10240/quality_constrained/quality_annotated_molecules.csv","-8.0","","-8.3","","-8.3","-8.0","-8.0","-8.15","True","0.6","0.4","True"
"pairB","PARP1/BRD4","REINVENT4","reinvent4","42","7","RNV_BS42_07","CC(C)(O)N1CCN(CN(Cc2ccccc2)S(C)(=O)=O)C1","7.192010000000009","7.143645000000013","7.143645000000013","7.16782750000001","0.8335812416524114","2.8783779725713714","0.7092","results/target_pairs/parp1_brd4_egfr_vegfr2_aligned_20260827/baselines/reinvent4/formal_10240_seed42/anytime/budget_10240/quality_constrained/quality_annotated_molecules.csv","-7.2","","-8.0","","-8.0","-7.2","-7.2","-7.6","True","0.5094339622641509","0.49056603773584906","True"
"pairB","PARP1/BRD4","REINVENT4","reinvent4","42","8","RNV_BS42_08","COCc1c(COc2ccc(Cl)cc2Cl)nnn1Cc1ccccc1","7.198300000000001","7.125545000000024","7.125545000000024","7.161922500000012","0.6131404571937719","2.270807005407411","4.358600000000004","results/target_pairs/parp1_brd4_egfr_vegfr2_aligned_20260827/baselines/reinvent4/formal_10240_seed42/anytime/budget_10240/quality_constrained/quality_annotated_molecules.csv","-7.1","","-8.9","","-8.9","-7.1","-7.1","-8.0","True","0.6037735849056604","0.39622641509433965","True"
"pairB","PARP1/BRD4","REINVENT4","reinvent4","42","9","RNV_BS42_09","COCc1ccc(OCCN(C)C(=O)Cc2nnnn2C)cc1","7.338165000000023","7.124637500000012","7.124637500000012","7.231401250000017","0.7018810319262805","2.3945899504886263","0.4363999999999999","results/target_pairs/parp1_brd4_egfr_vegfr2_aligned_20260827/baselines/reinvent4/formal_10240_seed42/anytime/budget_10240/quality_constrained/quality_annotated_molecules.csv","-7.2","","-8.2","","-8.2","-7.2","-7.2","-7.699999999999999","True","0.5344827586206896","0.4655172413793104","True"
"pairB","PARP1/BRD4","REINVENT4","reinvent4","42","10","RNV_BS42_10","CC(O)(C(C#N)NCc1ccccc1)C(F)(F)F","7.270083333333337","7.107735000000017","7.107735000000017","7.188909166666677","0.8678636292238496","3.3628390863729862","1.9816800000000003","results/target_pairs/parp1_brd4_egfr_vegfr2_aligned_20260827/baselines/reinvent4/formal_10240_seed42/anytime/budget_10240/quality_constrained/quality_annotated_molecules.csv","-6.7","","-7.8","","-7.8","-6.7","-6.7","-7.25","False","0.43478260869565216","0.5652173913043479","True"
"pairB","PARP1/BRD4","REINVENT4","reinvent4","43","1","RNV_BS43_01","CCn1ccnc1-c1nncn1-c1ccc(F)c(C)c1","7.648525000000014","7.688470000000036","7.648525000000014","7.668497500000025","0.7353522348801085","2.627750613205203","2.5982200000000004","results/target_pairs/parp1_brd4_egfr_vegfr2_aligned_20260827/baselines/reinvent4/formal_10240_seed43/anytime/budget_10240/quality_constrained/quality_annotated_molecules.csv","-6.8","","-7.9","","-7.9","-6.8","-6.8","-7.35","False","0.4181818181818181","0.5818181818181819","True"
"pairB","PARP1/BRD4","REINVENT4","reinvent4","43","2","RNV_BS43_02","CCc1cccc(-n2cnnc2-c2ccnnc2)c1","7.562930000000027","7.551315000000041","7.551315000000041","7.557122500000034","0.7162825428510846","2.515316525942099","2.2867","results/target_pairs/parp1_brd4_egfr_vegfr2_aligned_20260827/baselines/reinvent4/formal_10240_seed43/anytime/budget_10240/quality_constrained/quality_annotated_molecules.csv","-7.2","","-8.3","","-8.3","-7.2","-7.2","-7.75","True","0.490566037735849","0.509433962264151","True"
"pairB","PARP1/BRD4","REINVENT4","reinvent4","43","3","RNV_BS43_03","Fc1ccc(-c2cn(-c3cccnc3)nn2)c(F)c1","7.388235000000042","7.48117000000005","7.388235000000042","7.434702500000046","0.7092732899771199","2.256800831636406","2.6075","results/target_pairs/parp1_brd4_egfr_vegfr2_aligned_20260827/baselines/reinvent4/formal_10240_seed43/anytime/budget_10240/quality_constrained/quality_annotated_molecules.csv","-7.8","","-8.5","","-8.5","-7.8","-7.8","-8.15","True","0.52","0.48","True"
"pairB","PARP1/BRD4","REINVENT4","reinvent4","43","4","RNV_BS43_04","Cn1ccc(-n2cc(-c3cc(F)ccc3F)nn2)n1","7.446660000000023","7.376985000000033","7.376985000000033","7.411822500000028","0.7080169288560753","2.63778227685785","1.9459999999999995","results/target_pairs/parp1_brd4_egfr_vegfr2_aligned_20260827/baselines/reinvent4/formal_10240_seed43/anytime/budget_10240/quality_constrained/quality_annotated_molecules.csv","-7.9","","-8.2","","-8.2","-7.9","-7.9","-8.05","True","0.52","0.48","True"
"pairB","PARP1/BRD4","REINVENT4","reinvent4","43","5","RNV_BS43_05","Fc1ccc(-n2cc(-c3ccccc3Cl)nn2)cc1","7.33378000000001","7.385820000000049","7.33378000000001","7.359800000000029","0.7122503678761032","1.919886146321721","3.726800000000001","results/target_pairs/parp1_brd4_egfr_vegfr2_aligned_20260827/baselines/reinvent4/formal_10240_seed43/anytime/budget_10240/quality_constrained/quality_annotated_molecules.csv","-7.6","","-8.3","","-8.3","-7.6","-7.6","-7.95","True","0.5416666666666666","0.45833333333333337","True"
"pairB","PARP1/BRD4","REINVENT4","reinvent4","43","6","RNV_BS43_06","Cc1ccc(-c2cn(-c3cccc(F)c3)nn2)c(F)c1","7.327620000000051","7.49801500000005","7.327620000000051","7.412817500000051","0.7136271499607119","2.1202283459987257","3.520920000000001","results/target_pairs/parp1_brd4_egfr_vegfr2_aligned_20260827/baselines/reinvent4/formal_10240_seed43/anytime/budget_10240/quality_constrained/quality_annotated_molecules.csv","-8.2","","-8.8","","-8.8","-8.2","-8.2","-8.5","True","0.5833333333333334","0.41666666666666663","True"
"pairB","PARP1/BRD4","REINVENT4","reinvent4","43","7","RNV_BS43_07","Cc1cc(=O)[nH]c(-c2nnnn2-c2cccc(F)c2)n1","7.325980000000041","7.495551666666713","7.325980000000041","7.410765833333377","0.7469474305474928","2.6631919087517613","0.8601199999999994","results/target_pairs/parp1_brd4_egfr_vegfr2_aligned_20260827/baselines/reinvent4/formal_10240_seed43/anytime/budget_10240/quality_constrained/quality_annotated_molecules.csv","-8.1","","-8.9","","-8.9","-8.1","-8.1","-8.5","True","0.5098039215686274","0.4901960784313726","True"
"pairB","PARP1/BRD4","REINVENT4","reinvent4","43","8","RNV_BS43_08","Fc1cccc(-n2cc(-c3cc(F)ccc3F)nn2)c1","7.312605000000041","7.405405000000047","7.312605000000041","7.359005000000044","0.7177109762177887","2.1515838115857697","3.351600000000001","results/target_pairs/parp1_brd4_egfr_vegfr2_aligned_20260827/baselines/reinvent4/formal_10240_seed43/anytime/budget_10240/quality_constrained/quality_annotated_molecules.csv","-8.4","","-8.9","","-8.9","-8.4","-8.4","-8.65","True","0.8","0.19999999999999996","True"
"pairB","PARP1/BRD4","REINVENT4","reinvent4","43","9","RNV_BS43_09","CCc1ccc(Cl)c(-c2cn(-c3ccccn3)nn2)c1","7.2925600000000115","7.322420000000037","7.2925600000000115","7.307490000000024","0.7386688839381647","2.26351446913149","3.545100000000001","results/target_pairs/parp1_brd4_egfr_vegfr2_aligned_20260827/baselines/reinvent4/formal_10240_seed43/anytime/budget_10240/quality_constrained/quality_annotated_molecules.csv","-8.1","","-8.5","","-8.5","-8.1","-8.1","-8.3","True","0.43636363636363634","0.5636363636363637","True"
"pairB","PARP1/BRD4","REINVENT4","reinvent4","43","10","RNV_BS43_10","COc1cc(F)c(C)c(-c2cn(-c3cccnc3)nn2)c1","7.255595000000036","7.499110000000035","7.255595000000036","7.377352500000035","0.7418186313758626","2.4433174665860147","2.785420000000001","results/target_pairs/parp1_brd4_egfr_vegfr2_aligned_20260827/baselines/reinvent4/formal_10240_seed43/anytime/budget_10240/quality_constrained/quality_annotated_molecules.csv","-8.0","","-8.4","","-8.4","-8.0","-8.0","-8.2","True","0.45","0.55","True"
"pairB","PARP1/BRD4","REINVENT4","reinvent4","44","1","RNV_BS44_01","Cc1ccccc1C(C)N1CCN(C(=O)c2ccco2)CC1","7.478984999999996","7.63366000000001","7.478984999999996","7.556322500000003","0.8734105609311132","2.4687407138204005","3.107020000000002","results/target_pairs/parp1_brd4_egfr_vegfr2_aligned_20260827/baselines/reinvent4/formal_10240_seed44/anytime/budget_10240/quality_constrained/quality_annotated_molecules.csv","-7.6","","-8.4","","-8.4","-7.6","-7.6","-8.0","True","0.7291666666666666","0.27083333333333337","True"
"pairB","PARP1/BRD4","REINVENT4","reinvent4","44","2","RNV_BS44_02","Cc1cc2ccc1OCC(=O)N(Cc1ccccc1)C2C","7.25598500000001","7.057473333333355","7.057473333333355","7.156729166666683","0.8431664576465437","3.904439191882728","3.477220000000002","results/target_pairs/parp1_brd4_egfr_vegfr2_aligned_20260827/baselines/reinvent4/formal_10240_seed44/anytime/budget_10240/quality_constrained/quality_annotated_molecules.csv","-7.4","","-9.0","","-9.0","-7.4","-7.4","-8.2","True","0.4716981132075472","0.5283018867924528","True"
"pairB","PARP1/BRD4","REINVENT4","reinvent4","44","3","RNV_BS44_03","Cc1nncn1-c1ccc(CNC(=O)c2cn(C(C)C)nc2C(C)(C)C)cc1","7.583290000000014","7.020414999999994","7.020414999999994","7.301852500000004","0.7338045400926537","2.7338295226846423","3.5806200000000024","results/target_pairs/parp1_brd4_egfr_vegfr2_aligned_20260827/baselines/reinvent4/formal_10240_seed44/anytime/budget_10240/quality_constrained/quality_annotated_molecules.csv","-8.1","","-9.4","","-9.4","-8.1","-8.1","-8.75","True","0.546875","0.453125","True"
"pairB","PARP1/BRD4","REINVENT4","reinvent4","44","4","RNV_BS44_04","Cc1ccc(CN2CC(C(=O)NC(C)c3nnc(C)n3C)CC2=O)cc1","7.365765000000023","6.981157500000023","6.981157500000023","7.173461250000023","0.8844661767631621","3.020383919075501","1.6578399999999995","results/target_pairs/parp1_brd4_egfr_vegfr2_aligned_20260827/baselines/reinvent4/formal_10240_seed44/anytime/budget_10240/quality_constrained/quality_annotated_molecules.csv","-8.1","","-9.7","","-9.7","-8.1","-8.1","-8.899999999999999","True","0.6851851851851852","0.31481481481481477","True"
"pairB","PARP1/BRD4","REINVENT4","reinvent4","44","5","RNV_BS44_05","COc1nnc(N2CCCCC2COc2ccccc2C)cc1C","6.9478250000000354","6.878261428571459","6.878261428571459","6.913043214285747","0.8404395658417669","2.842007446815732","3.5399400000000023","results/target_pairs/parp1_brd4_egfr_vegfr2_aligned_20260827/baselines/reinvent4/formal_10240_seed44/anytime/budget_10240/quality_constrained/quality_annotated_molecules.csv","-8.2","","-9.4","","-9.4","-8.2","-8.2","-8.8","True","0.417910447761194","0.582089552238806","True"
"pairB","PARP1/BRD4","REINVENT4","reinvent4","44","6","RNV_BS44_06","Cc1cccnc1N1CCCN(c2nnc(C(C)C)nc2CC(C)C)CC1","6.857530000000018","6.850680000000028","6.850680000000028","6.854105000000024","0.8033987043804968","2.7151711035384274","3.6136200000000014","results/target_pairs/parp1_brd4_egfr_vegfr2_aligned_20260827/baselines/reinvent4/formal_10240_seed44/anytime/budget_10240/quality_constrained/quality_annotated_molecules.csv","-7.1","","-9.1","","-9.1","-7.1","-7.1","-8.1","True","0.43283582089552236","0.5671641791044777","True"
"pairB","PARP1/BRD4","REINVENT4","reinvent4","44","7","RNV_BS44_07","CCOc1ccccc1-c1nnc(-c2nn(C)c(C(=O)OC)c2C)n1CC","6.823318000000034","6.9591364285714565","6.823318000000034","6.891227214285745","0.6213766776107005","2.5900016541457145","2.8592200000000005","results/target_pairs/parp1_brd4_egfr_vegfr2_aligned_20260827/baselines/reinvent4/formal_10240_seed44/anytime/budget_10240/quality_constrained/quality_annotated_molecules.csv","-6.8","","-8.6","","-8.6","-6.8","-6.8","-7.699999999999999","False","0.5","0.5","True"
"pairB","PARP1/BRD4","REINVENT4","reinvent4","44","8","RNV_BS44_08","Cc1cc(Cl)ccc1C(=O)Nc1nnc(-c2ccc(F)cc2)s1","7.319779999999979","6.818858333333332","6.818858333333332","7.069319166666656","0.7553207368621735","1.946956577707564","4.558320000000002","results/target_pairs/parp1_brd4_egfr_vegfr2_aligned_20260827/baselines/reinvent4/formal_10240_seed44/anytime/budget_10240/quality_constrained/quality_annotated_molecules.csv","-7.4","","-9.4","","-9.4","-7.4","-7.4","-8.4","True","0.6037735849056604","0.39622641509433965","True"
"pairB","PARP1/BRD4","REINVENT4","reinvent4","44","9","RNV_BS44_09","CCC(=O)c1ccc(OCc2nnn(-c3ccccc3)n2)cc1","6.81349","6.992665000000029","6.81349","6.903077500000014","0.6548753923845718","2.1521620462229727","2.8340000000000005","results/target_pairs/parp1_brd4_egfr_vegfr2_aligned_20260827/baselines/reinvent4/formal_10240_seed44/anytime/budget_10240/quality_constrained/quality_annotated_molecules.csv","-7.7","","-9.1","","-9.1","-7.7","-7.7","-8.4","True","0.6153846153846154","0.3846153846153846","True"
"pairB","PARP1/BRD4","REINVENT4","reinvent4","44","10","RNV_BS44_10","CCc1nnc(-c2ccc(-n3nc(C)ccc3=O)cc2)o1","7.198270000000003","6.811092500000031","6.811092500000031","7.004681250000017","0.7355595563723485","2.1959397742783224","2.15332","results/target_pairs/parp1_brd4_egfr_vegfr2_aligned_20260827/baselines/reinvent4/formal_10240_seed44/anytime/budget_10240/quality_constrained/quality_annotated_molecules.csv","-8.1","","-8.7","","-8.7","-8.1","-8.1","-8.399999999999999","True","0.5","0.5","True"
"pairB","PARP1/BRD4","REINVENT4","reinvent4","45","1","RNV_BS45_01","O=C(Cn1cc(-c2ccccc2F)nn1)c1cccs1","7.298110000000003","7.453947500000047","7.298110000000003","7.376028750000025","0.6929389741259141","2.2689120818635864","3.028600000000001","results/target_pairs/parp1_brd4_egfr_vegfr2_aligned_20260827/baselines/reinvent4/formal_10240_seed45/anytime/budget_10240/quality_constrained/quality_annotated_molecules.csv","-7.2","","-8.3","","-8.3","-7.2","-7.2","-7.75","True","0.5454545454545454","0.4545454545454546","True"
"pairB","PARP1/BRD4","REINVENT4","reinvent4","45","2","RNV_BS45_02","Cc1cc(CNC(=O)NCc2nncn2C)ccn1","7.488810000000025","7.074465000000014","7.074465000000014","7.28163750000002","0.8388746267085603","2.384628430704004","0.5179199999999997","results/target_pairs/parp1_brd4_egfr_vegfr2_aligned_20260827/baselines/reinvent4/formal_10240_seed45/anytime/budget_10240/quality_constrained/quality_annotated_molecules.csv","-7.3","","-8.3","","-8.3","-7.3","-7.3","-7.800000000000001","True","0.6875","0.3125","True"
"pairB","PARP1/BRD4","REINVENT4","reinvent4","45","3","RNV_BS45_03","Cc1cc(C2CCC2OC(=O)c2cn(C)nn2)ccn1","7.067290000000007","7.133138333333363","7.067290000000007","7.100214166666685","0.7940403687784813","3.487958990185464","1.6215200000000003","results/target_pairs/parp1_brd4_egfr_vegfr2_aligned_20260827/baselines/reinvent4/formal_10240_seed45/anytime/budget_10240/quality_constrained/quality_annotated_molecules.csv","-7.7","","-8.1","","-8.1","-7.7","-7.7","-7.9","True","0.4193548387096774","0.5806451612903226","True"
"pairB","PARP1/BRD4","REINVENT4","reinvent4","45","4","RNV_BS45_04","c1cc(-c2nnn(C3CC3)n2)ncn1","7.0471550000000285","7.176336666666681","7.0471550000000285","7.111745833333355","0.6845250953249786","2.719607790194953","0.4649999999999996","results/target_pairs/parp1_brd4_egfr_vegfr2_aligned_20260827/baselines/reinvent4/formal_10240_seed45/anytime/budget_10240/quality_constrained/quality_annotated_molecules.csv","-6.4","","-6.4","","-6.4","-6.4","-6.4","-6.4","False","0.38596491228070173","0.6140350877192983","True"
"pairB","PARP1/BRD4","REINVENT4","reinvent4","45","5","RNV_BS45_05","Cc1cc(C(=O)Cc2nnnn2CC(C)C)ccn1","7.015820000000005","7.015066666666688","7.015066666666688","7.015443333333346","0.7598714794188768","2.598397274438886","1.45792","results/target_pairs/parp1_brd4_egfr_vegfr2_aligned_20260827/baselines/reinvent4/formal_10240_seed45/anytime/budget_10240/quality_constrained/quality_annotated_molecules.csv","-7.2","","-7.5","","-7.5","-7.2","-7.2","-7.35","True","0.46551724137931033","0.5344827586206897","True"
"pairB","PARP1/BRD4","REINVENT4","reinvent4","45","6","RNV_BS45_06","CC(C)NC(C)CC(=O)c1cn(-c2ccc(Cl)cn2)nn1","7.43945000000002","7.013130000000012","7.013130000000012","7.226290000000016","0.8288608182392369","3.2301835613780536","2.2750000000000004","results/target_pairs/parp1_brd4_egfr_vegfr2_aligned_20260827/baselines/reinvent4/formal_10240_seed45/anytime/budget_10240/quality_constrained/quality_annotated_molecules.csv","-6.5","","-7.9","","-7.9","-6.5","-6.5","-7.2","False","0.45161290322580644","0.5483870967741935","True"
"pairB","PARP1/BRD4","REINVENT4","reinvent4","45","7","RNV_BS45_07","COc1cc(CCC(=O)Cc2nncn2C2CC2)ccn1","7.4834850000000195","7.009013333333344","7.009013333333344","7.246249166666682","0.7753855644575525","2.675185158893708","1.761","results/target_pairs/parp1_brd4_egfr_vegfr2_aligned_20260827/baselines/reinvent4/formal_10240_seed45/anytime/budget_10240/quality_constrained/quality_annotated_molecules.csv","-7.5","","-7.7","","-7.7","-7.5","-7.5","-7.6","True","0.4626865671641791","0.5373134328358209","True"
"pairB","PARP1/BRD4","REINVENT4","reinvent4","45","8","RNV_BS45_08","Cn1cnnc1-c1cccnc1NC(=O)Cc1cccnc1","7.377700000000018","7.00439000000002","7.00439000000002","7.191045000000019","0.7868804343175958","2.4299872994944494","1.4533","results/target_pairs/parp1_brd4_egfr_vegfr2_aligned_20260827/baselines/reinvent4/formal_10240_seed45/anytime/budget_10240/quality_constrained/quality_annotated_molecules.csv","-7.7","","-8.3","","-8.3","-7.7","-7.7","-8.0","True","0.5818181818181818","0.4181818181818182","True"
"pairB","PARP1/BRD4","REINVENT4","reinvent4","45","9","RNV_BS45_09","Cc1ncccc1C(C)N1CC(Nc2ncncn2)C1","6.999595000000013","7.755930000000021","6.999595000000013","7.377762500000017","0.9063172470126176","3.242194574812821","1.4323199999999996","results/target_pairs/parp1_brd4_egfr_vegfr2_aligned_20260827/baselines/reinvent4/formal_10240_seed45/anytime/budget_10240/quality_constrained/quality_annotated_molecules.csv","-6.6","","-7.6","","-7.6","-6.6","-6.6","-7.1","False","0.3448275862068966","0.6551724137931034","True"
"pairB","PARP1/BRD4","REINVENT4","reinvent4","45","10","RNV_BS45_10","CCn1cc(C(=O)NCc2c(C)nnn2C)nn1","7.071140000000031","6.983395000000028","6.983395000000028","7.027267500000029","0.8004959625071039","2.833752041376531","-0.3350800000000005","results/target_pairs/parp1_brd4_egfr_vegfr2_aligned_20260827/baselines/reinvent4/formal_10240_seed45/anytime/budget_10240/quality_constrained/quality_annotated_molecules.csv","-6.6","","-7.3","","-7.3","-6.6","-6.6","-6.949999999999999","False","0.4807692307692308","0.5192307692307692","True"
"pairB","PARP1/BRD4","REINVENT4","reinvent4","46","1","RNV_BS46_01","CCn1nnc(CCCn2nc(C)n3c(Cl)c(C#N)nc3c2=O)n1","7.045780000000048","7.125977500000041","7.045780000000048","7.085878750000044","0.6531364450062166","3.4109632287891003","0.3636999999999999","results/target_pairs/parp1_brd4_egfr_vegfr2_aligned_20260827/baselines/reinvent4/formal_10240_seed46/anytime/budget_10240/quality_constrained/quality_annotated_molecules.csv","-7.8","","-9.2","","-9.2","-7.8","-7.8","-8.5","True","0.3333333333333333","0.6666666666666667","True"
"pairB","PARP1/BRD4","REINVENT4","reinvent4","46","2","RNV_BS46_02","CCOc1cc(CNCc2cn(Cc3ccncc3)nn2)n(C)n1","7.280110000000008","7.024570000000028","7.024570000000028","7.152340000000018","0.668019366744918","2.6586967600339726","1.1433999999999993","results/target_pairs/parp1_brd4_egfr_vegfr2_aligned_20260827/baselines/reinvent4/formal_10240_seed46/anytime/budget_10240/quality_constrained/quality_annotated_molecules.csv","-6.7","","-8.7","","-8.7","-6.7","-6.7","-7.699999999999999","False","0.4603174603174603","0.5396825396825398","True"
"pairB","PARP1/BRD4","REINVENT4","reinvent4","46","3","RNV_BS46_03","COCc1cc(Cc2nnnn2-c2cc(C)ccn2)no1","7.017840000000016","7.237947500000015","7.017840000000016","7.127893750000015","0.6928153823029024","2.8003291185406187","1.09092","results/target_pairs/parp1_brd4_egfr_vegfr2_aligned_20260827/baselines/reinvent4/formal_10240_seed46/anytime/budget_10240/quality_constrained/quality_annotated_molecules.csv","-7.7","","-8.4","","-8.4","-7.7","-7.7","-8.05","True","0.4262295081967213","0.5737704918032787","True"
"pairB","PARP1/BRD4","REINVENT4","reinvent4","46","4","RNV_BS46_04","Cc1cc(NCC(C)c2snnc2Cc2ccncc2)n(C)n1","7.244050000000032","6.995055000000032","6.995055000000032","7.119552500000031","0.7533774230737368","3.469209277459626","2.7814200000000007","results/target_pairs/parp1_brd4_egfr_vegfr2_aligned_20260827/baselines/reinvent4/formal_10240_seed46/anytime/budget_10240/quality_constrained/quality_annotated_molecules.csv","-7.7","","-8.5","","-8.5","-7.7","-7.7","-8.1","True","0.4032258064516129","0.5967741935483871","True"
"pairB","PARP1/BRD4","REINVENT4","reinvent4","46","5","RNV_BS46_05","Cc1nc(NC(=O)c2cn(Cc3nonc3C3CC3)nn2)n(C)n1","6.98615700000001","6.98980714285715","6.98615700000001","6.98798207142858","0.7060278657983665","3.1800904962977103","0.2760199999999995","results/target_pairs/parp1_brd4_egfr_vegfr2_aligned_20260827/baselines/reinvent4/formal_10240_seed46/anytime/budget_10240/quality_constrained/quality_annotated_molecules.csv","-8.0","","-9.4","","-9.4","-8.0","-8.0","-8.7","True","0.38571428571428573","0.6142857142857143","True"
"pairB","PARP1/BRD4","REINVENT4","reinvent4","46","6","RNV_BS46_06","Cn1nnc(NC(=O)Cc2cc(F)ccn2)n1","6.972590000000028","7.00489000000002","6.972590000000028","6.988740000000024","0.8054744734806174","2.665644466455941","-0.0746000000000001","results/target_pairs/parp1_brd4_egfr_vegfr2_aligned_20260827/baselines/reinvent4/formal_10240_seed46/anytime/budget_10240/quality_constrained/quality_annotated_molecules.csv","-6.7","","-7.4","","-7.4","-6.7","-6.7","-7.050000000000001","False","0.54","0.45999999999999996","True"
"pairB","PARP1/BRD4","REINVENT4","reinvent4","46","7","RNV_BS46_07","CCc1nnc(Cc2cc(=O)n(C)nc2C(=O)OC)s1","6.970170000000009","7.055640833333349","6.970170000000009","7.01290541666668","0.7662343937498355","2.786820131055773","0.5715999999999997","results/target_pairs/parp1_brd4_egfr_vegfr2_aligned_20260827/baselines/reinvent4/formal_10240_seed46/anytime/budget_10240/quality_constrained/quality_annotated_molecules.csv","-6.4","","-7.8","","-7.8","-6.4","-6.4","-7.1","False","0.43859649122807015","0.5614035087719298","True"
"pairB","PARP1/BRD4","REINVENT4","reinvent4","46","8","RNV_BS46_08","CC(=O)c1cn(CCC2CCCCN2C(C)c2cnc(Cl)n2C)nn1","7.113735000000008","6.967908333333356","6.967908333333356","7.040821666666682","0.7370116699228116","3.8465492372170544","2.873400000000001","results/target_pairs/parp1_brd4_egfr_vegfr2_aligned_20260827/baselines/reinvent4/formal_10240_seed46/anytime/budget_10240/quality_constrained/quality_annotated_molecules.csv","-7.5","","-8.6","","-8.6","-7.5","-7.5","-8.05","True","0.5","0.5","True"
"pairB","PARP1/BRD4","REINVENT4","reinvent4","46","9","RNV_BS46_09","Cc1nnn(C)c1C(C)NCCC(=O)c1cnn(C)n1","7.0225900000000205","6.965612500000025","6.965612500000025","6.994101250000023","0.7572118372168692","3.7933411040730345","0.1756199999999994","results/target_pairs/parp1_brd4_egfr_vegfr2_aligned_20260827/baselines/reinvent4/formal_10240_seed46/anytime/budget_10240/quality_constrained/quality_annotated_molecules.csv","-6.6","","-7.2","","-7.2","-6.6","-6.6","-6.9","False","0.3333333333333333","0.6666666666666667","True"
"pairB","PARP1/BRD4","REINVENT4","reinvent4","46","10","RNV_BS46_10","COCc1cnc(-c2nnns2)n1CC(O)COC","6.955045000000017","7.1285600000000136","6.955045000000017","7.041802500000015","0.7616453932592114","3.877275091366952","-0.0497","results/target_pairs/parp1_brd4_egfr_vegfr2_aligned_20260827/baselines/reinvent4/formal_10240_seed46/anytime/budget_10240/quality_constrained/quality_annotated_molecules.csv","-5.3","","-6.6","","-6.6","-5.3","-5.3","-5.949999999999999","False","0.3584905660377358","0.6415094339622642","True"
"pairB","PARP1/BRD4","REINVENT4","reinvent4","47","1","RNV_BS47_01","CCn1nnc2cc(C(=O)NCc3cccnc3)nnc21","7.563035000000019","7.374645000000028","7.374645000000028","7.468840000000023","0.7511124564454728","2.516784856245536","0.5661999999999996","results/target_pairs/parp1_brd4_egfr_vegfr2_aligned_20260827/baselines/reinvent4/formal_10240_seed47/anytime/budget_10240/quality_constrained/quality_annotated_molecules.csv","-8.0","","-8.3","","-8.3","-8.0","-8.0","-8.15","True","0.6491228070175439","0.3508771929824561","True"
"pairB","PARP1/BRD4","REINVENT4","reinvent4","47","2","RNV_BS47_02","CN(C)C(=O)c1nncn1-c1ccc2c(c1)COCO2","7.674929999999983","7.238130000000019","7.238130000000019","7.456530000000001","0.8111679122013089","2.8369174148246348","0.8355999999999999","results/target_pairs/parp1_brd4_egfr_vegfr2_aligned_20260827/baselines/reinvent4/formal_10240_seed47/anytime/budget_10240/quality_constrained/quality_annotated_molecules.csv","-6.8","","-8.5","","-8.5","-6.8","-6.8","-7.65","False","0.4406779661016949","0.5593220338983051","True"
"pairB","PARP1/BRD4","REINVENT4","reinvent4","47","3","RNV_BS47_03","COC(=O)C1CC(c2ccccc2)n2c(C)nnc2S1","7.1876000000000095","7.5099700000000675","7.1876000000000095","7.3487850000000385","0.7933950742695066","3.521930650104492","2.2133200000000004","results/target_pairs/parp1_brd4_egfr_vegfr2_aligned_20260827/baselines/reinvent4/formal_10240_seed47/anytime/budget_10240/quality_constrained/quality_annotated_molecules.csv","-5.6","","-8.1","","-8.1","-5.6","-5.6","-6.85","False","0.509090909090909","0.49090909090909096","True"
"pairB","PARP1/BRD4","REINVENT4","reinvent4","47","4","RNV_BS47_04","Cn1cc(CNC(=O)CCc2ccccc2CC#N)cn1","7.177360000000027","7.126331000000018","7.126331000000018","7.151845500000023","0.876864100920633","2.285561312739862","1.73518","results/target_pairs/parp1_brd4_egfr_vegfr2_aligned_20260827/baselines/reinvent4/formal_10240_seed47/anytime/budget_10240/quality_constrained/quality_annotated_molecules.csv","-7.8","","-8.4","","-8.4","-7.8","-7.8","-8.1","True","0.72","0.28","True"
"pairB","PARP1/BRD4","REINVENT4","reinvent4","47","5","RNV_BS47_05","Cn1nnc2c(OCC(=O)N(C3CC3)C3CC3)ncnc21","7.078391000000018","7.120067500000014","7.078391000000018","7.0992292500000165","0.7857693252406706","2.787531756025391","0.2904999999999993","results/target_pairs/parp1_brd4_egfr_vegfr2_aligned_20260827/baselines/reinvent4/formal_10240_seed47/anytime/budget_10240/quality_constrained/quality_annotated_molecules.csv","-6.9","","-7.6","","-7.6","-6.9","-6.9","-7.25","False","0.4827586206896552","0.5172413793103448","True"
"pairB","PARP1/BRD4","REINVENT4","reinvent4","47","6","RNV_BS47_06","Cc1cnc(-n2nnc(C)c2NC(=O)c2cnn(C)c2)s1","7.062245000000017","7.151800833333356","7.062245000000017","7.107022916666686","0.787896568151713","2.971509591748987","1.3264399999999998","results/target_pairs/parp1_brd4_egfr_vegfr2_aligned_20260827/baselines/reinvent4/formal_10240_seed47/anytime/budget_10240/quality_constrained/quality_annotated_molecules.csv","-7.3","","-7.9","","-7.9","-7.3","-7.3","-7.6","True","0.4603174603174603","0.5396825396825398","True"
"pairB","PARP1/BRD4","REINVENT4","reinvent4","47","7","RNV_BS47_07","CCN(CC)c1ncc(-c2nncn2CCc2cccs2)cn1","7.017750000000016","7.099830000000022","7.017750000000016","7.05879000000002","0.6672655472409228","2.7560424136167736","2.8855000000000013","results/target_pairs/parp1_brd4_egfr_vegfr2_aligned_20260827/baselines/reinvent4/formal_10240_seed47/anytime/budget_10240/quality_constrained/quality_annotated_molecules.csv","-6.6","","-7.8","","-7.8","-6.6","-6.6","-7.199999999999999","False","0.509090909090909","0.49090909090909096","True"
"pairB","PARP1/BRD4","REINVENT4","reinvent4","47","8","RNV_BS47_08","Cn1ccc2c(C(=O)OCCn3cncn3)nnnc21","7.059110000000035","6.99925000000002","6.99925000000002","7.029180000000028","0.6071382706962825","2.9846197741712786","-0.1882000000000001","results/target_pairs/parp1_brd4_egfr_vegfr2_aligned_20260827/baselines/reinvent4/formal_10240_seed47/anytime/budget_10240/quality_constrained/quality_annotated_molecules.csv","-7.0","","-7.7","","-7.7","-7.0","-7.0","-7.35","True","0.5283018867924528","0.4716981132075472","True"
"pairB","PARP1/BRD4","REINVENT4","reinvent4","47","9","RNV_BS47_09","CCOc1cccc(CNC(=O)Cc2nnnn2C)c1","7.407350000000016","6.989825000000024","6.989825000000024","7.19858750000002","0.8282818282178245","2.1262647832456896","0.4676999999999993","results/target_pairs/parp1_brd4_egfr_vegfr2_aligned_20260827/baselines/reinvent4/formal_10240_seed47/anytime/budget_10240/quality_constrained/quality_annotated_molecules.csv","-7.5","","-8.1","","-8.1","-7.5","-7.5","-7.8","True","0.5862068965517241","0.4137931034482759","True"
"pairB","PARP1/BRD4","REINVENT4","reinvent4","47","10","RNV_BS47_10","CCOc1ccc(C(C)NC(=O)c2c(C)sn3c(C)nnc23)cc1","6.98527800000001","7.49625500000001","6.98527800000001","7.24076650000001","0.7709649422634115","3.1794102721539232","3.297340000000002","results/target_pairs/parp1_brd4_egfr_vegfr2_aligned_20260827/baselines/reinvent4/formal_10240_seed47/anytime/budget_10240/quality_constrained/quality_annotated_molecules.csv","-8.0","","-9.0","","-9.0","-8.0","-8.0","-8.5","True","0.5689655172413793","0.43103448275862066","True"
"pairB","PARP1/BRD4","REINVENT4","reinvent4","48","1","RNV_BS48_01","Cc1nnnn1-c1ccc2ncc(=O)[nH]c2c1","7.76758500000001","7.558010000000037","7.558010000000037","7.662797500000023","0.6425346561085099","2.47722639345751","0.2072199999999998","results/target_pairs/parp1_brd4_egfr_vegfr2_aligned_20260827/baselines/reinvent4/formal_10240_seed48/anytime/budget_10240/quality_constrained/quality_annotated_molecules.csv","-7.8","","-8.4","","-8.4","-7.8","-7.8","-8.1","True","0.4181818181818181","0.5818181818181819","True"
"pairB","PARP1/BRD4","REINVENT4","reinvent4","48","2","RNV_BS48_02","CCc1ccc(-n2nnnc2C(C)Cc2nccnn2)cc1CC","7.4582099999999745","7.482505000000033","7.4582099999999745","7.470357500000004","0.6921425334580398","3.365576677584963","2.3183","results/target_pairs/parp1_brd4_egfr_vegfr2_aligned_20260827/baselines/reinvent4/formal_10240_seed48/anytime/budget_10240/quality_constrained/quality_annotated_molecules.csv","-8.3","","-8.8","","-8.8","-8.3","-8.3","-8.55","True","0.3548387096774194","0.6451612903225806","True"
"pairB","PARP1/BRD4","REINVENT4","reinvent4","48","3","RNV_BS48_03","COc1cc(C)ccc1-c1cn(-c2ccc(C)cc2)nn1","7.578410000000018","7.448223333333363","7.448223333333363","7.51331666666669","0.7356564867818122","1.990446697355246","3.5597400000000023","results/target_pairs/parp1_brd4_egfr_vegfr2_aligned_20260827/baselines/reinvent4/formal_10240_seed48/anytime/budget_10240/quality_constrained/quality_annotated_molecules.csv","-7.5","","-8.3","","-8.3","-7.5","-7.5","-7.9","True","0.6304347826086957","0.3695652173913043","True"
"pairB","PARP1/BRD4","REINVENT4","reinvent4","48","4","RNV_BS48_04","CCc1ccc(CSc2nnnn2-c2cnccn2)cc1CC","7.43944500000002","7.514040000000048","7.43944500000002","7.476742500000034","0.6488107982451897","2.561911070333192","2.869400000000001","results/target_pairs/parp1_brd4_egfr_vegfr2_aligned_20260827/baselines/reinvent4/formal_10240_seed48/anytime/budget_10240/quality_constrained/quality_annotated_molecules.csv","-7.8","","-9.0","","-9.0","-7.8","-7.8","-8.4","True","0.4745762711864407","0.5254237288135593","True"
"pairB","PARP1/BRD4","REINVENT4","reinvent4","48","5","RNV_BS48_05","Cc1ccc(-n2cc(-c3cn(C)nc3C)nn2)cc1","7.4332699999999985","7.509808333333368","7.4332699999999985","7.471539166666683","0.703678037482032","2.303359199934773","2.2846400000000004","results/target_pairs/parp1_brd4_egfr_vegfr2_aligned_20260827/baselines/reinvent4/formal_10240_seed48/anytime/budget_10240/quality_constrained/quality_annotated_molecules.csv","-7.3","","-8.3","","-8.3","-7.3","-7.3","-7.800000000000001","True","0.5581395348837209","0.4418604651162791","True"
"pairB","PARP1/BRD4","REINVENT4","reinvent4","48","6","RNV_BS48_06","CCc1ccc(-n2nnnc2-c2cccnn2)cc1CC","7.432579999999984","7.439610000000039","7.432579999999984","7.4360950000000114","0.7327528373306966","2.587218651958022","2.2441000000000004","results/target_pairs/parp1_brd4_egfr_vegfr2_aligned_20260827/baselines/reinvent4/formal_10240_seed48/anytime/budget_10240/quality_constrained/quality_annotated_molecules.csv","-8.3","","-8.7","","-8.7","-8.3","-8.3","-8.5","True","0.4","0.6","True"
"pairB","PARP1/BRD4","REINVENT4","reinvent4","48","7","RNV_BS48_07","Cc1cc(-n2nnnc2-c2ccc(=O)[nH]c2)ccc1Cl","7.613215000000004","7.428745000000023","7.428745000000023","7.520980000000014","0.7817164965899128","2.460479358144473","1.97942","results/target_pairs/parp1_brd4_egfr_vegfr2_aligned_20260827/baselines/reinvent4/formal_10240_seed48/anytime/budget_10240/quality_constrained/quality_annotated_molecules.csv","-8.7","","-8.9","","-8.9","-8.7","-8.7","-8.8","True","0.5576923076923077","0.4423076923076923","True"
"pairB","PARP1/BRD4","REINVENT4","reinvent4","48","8","RNV_BS48_08","Cc1ccc(-n2cc(-c3c[nH]nc3-c3ccc(C)nc3)nn2)cc1","7.422020000000004","7.603013333333369","7.422020000000004","7.512516666666686","0.6289985067799988","2.7108057710229847","3.336240000000002","results/target_pairs/parp1_brd4_egfr_vegfr2_aligned_20260827/baselines/reinvent4/formal_10240_seed48/anytime/budget_10240/quality_constrained/quality_annotated_molecules.csv","-8.1","","-9.8","","-9.8","-8.1","-8.1","-8.95","True","0.43859649122807015","0.5614035087719298","True"
"pairB","PARP1/BRD4","REINVENT4","reinvent4","48","9","RNV_BS48_09","CCc1ccc(-n2nnc(-c3ccc(CC)c(CC)c3)n2)cc1","7.527700000000019","7.416782500000047","7.416782500000047","7.4722412500000335","0.714908423146259","2.248759353393414","4.016500000000002","results/target_pairs/parp1_brd4_egfr_vegfr2_aligned_20260827/baselines/reinvent4/formal_10240_seed48/anytime/budget_10240/quality_constrained/quality_annotated_molecules.csv","-7.9","","-9.0","","-9.0","-7.9","-7.9","-8.45","True","0.4782608695652174","0.5217391304347826","True"
"pairB","PARP1/BRD4","REINVENT4","reinvent4","48","10","RNV_BS48_10","CCc1ccc(-n2nnnc2CCc2cccnn2)cc1CC","7.391599999999984","7.402255000000044","7.391599999999984","7.3969275000000145","0.6989569166098636","2.610411874007129","2.3623000000000003","results/target_pairs/parp1_brd4_egfr_vegfr2_aligned_20260827/baselines/reinvent4/formal_10240_seed48/anytime/budget_10240/quality_constrained/quality_annotated_molecules.csv","-8.6","","-8.5","","-8.5","-8.6","-8.5","-8.55","True","0.41509433962264153","0.5849056603773585","True"
"pairB","PARP1/BRD4","REINVENT4","reinvent4","49","1","RNV_BS49_01","CCC(O)(CC1CC1)CC1CN(Cc2ccncc2)CCN1Cc1nc(C)n[nH]1","7.322385000000003","7.562675000000021","7.322385000000003","7.442530000000012","0.6755621458952672","3.909787400252621","2.5258199999999995","results/target_pairs/parp1_brd4_egfr_vegfr2_aligned_20260827/baselines/reinvent4/formal_10240_seed49/anytime/budget_10240/quality_constrained/quality_annotated_molecules.csv","-7.5","","-8.7","","-8.7","-7.5","-7.5","-8.1","True","0.4153846153846154","0.5846153846153845","True"
"pairB","PARP1/BRD4","REINVENT4","reinvent4","49","2","RNV_BS49_02","Cc1ccnn1CCC(=O)NCC(=O)c1cccc(CCCC(C)(C)O)c1","7.276065000000015","7.487741666666681","7.276065000000015","7.381903333333348","0.6290513456925113","2.46978750029956","2.674320000000001","results/target_pairs/parp1_brd4_egfr_vegfr2_aligned_20260827/baselines/reinvent4/formal_10240_seed49/anytime/budget_10240/quality_constrained/quality_annotated_molecules.csv","-7.8","","-9.0","","-9.0","-7.8","-7.8","-8.4","True","0.4411764705882353","0.5588235294117647","True"
"pairB","PARP1/BRD4","REINVENT4","reinvent4","49","3","RNV_BS49_03","O=C(CCc1cccc(F)c1)NCC(O)(CC1CC1)C1CC1","7.301094999999998","7.180055000000015","7.180055000000015","7.240575000000007","0.7757071040622362","2.9470140699724467","2.815700000000001","results/target_pairs/parp1_brd4_egfr_vegfr2_aligned_20260827/baselines/reinvent4/formal_10240_seed49/anytime/budget_10240/quality_constrained/quality_annotated_molecules.csv","-7.6","","-8.2","","-8.2","-7.6","-7.6","-7.8999999999999995","True","0.5555555555555556","0.4444444444444444","True"
"pairB","PARP1/BRD4","REINVENT4","reinvent4","49","4","RNV_BS49_04","O=C(CCn1cccnc1=O)NCCc1nncc2ccc(F)cc12","7.082620000000029","7.107100000000027","7.082620000000029","7.094860000000027","0.7243988037145013","2.607678159253565","1.0745999999999996","results/target_pairs/parp1_brd4_egfr_vegfr2_aligned_20260827/baselines/reinvent4/formal_10240_seed49/anytime/budget_10240/quality_constrained/quality_annotated_molecules.csv","-8.4","","-9.8","","-9.8","-8.4","-8.4","-9.100000000000001","True","0.5151515151515151","0.48484848484848486","True"
"pairB","PARP1/BRD4","REINVENT4","reinvent4","49","5","RNV_BS49_05","CC(C)(O)c1ccc(CNCc2ccc(Cl)cc2)s1","7.268553333333346","7.078005000000022","7.078005000000022","7.173279166666684","0.8761413223544581","2.2758210770513685","3.918700000000003","results/target_pairs/parp1_brd4_egfr_vegfr2_aligned_20260827/baselines/reinvent4/formal_10240_seed49/anytime/budget_10240/quality_constrained/quality_annotated_molecules.csv","-7.0","","-7.6","","-7.6","-7.0","-7.0","-7.3","True","0.4375","0.5625","True"
"pairB","PARP1/BRD4","REINVENT4","reinvent4","49","6","RNV_BS49_06","CC(=O)c1ccc(CN2CCn3cc(C(C)(C)C)cc32)cc1","7.090190000000009","7.007025000000018","7.007025000000018","7.0486075000000135","0.7996594634299524","2.6059848956482945","4.008400000000004","results/target_pairs/parp1_brd4_egfr_vegfr2_aligned_20260827/baselines/reinvent4/formal_10240_seed49/anytime/budget_10240/quality_constrained/quality_annotated_molecules.csv","-7.7","","-9.0","","-9.0","-7.7","-7.7","-8.35","True","0.40384615384615385","0.5961538461538461","True"
"pairB","PARP1/BRD4","REINVENT4","reinvent4","49","7","RNV_BS49_07","COC1(C)CCN(CCc2nncs2)C1","6.996965000000024","7.322260000000036","6.996965000000024","7.15961250000003","0.7742543625837545","3.7252161539451","1.1914","results/target_pairs/parp1_brd4_egfr_vegfr2_aligned_20260827/baselines/reinvent4/formal_10240_seed49/anytime/budget_10240/quality_constrained/quality_annotated_molecules.csv","-5.7","","-6.4","","-6.4","-5.7","-5.7","-6.050000000000001","False","0.3230769230769231","0.676923076923077","True"
"pairB","PARP1/BRD4","REINVENT4","reinvent4","49","8","RNV_BS49_08","CCCc1ccc(OCc2cnn(CC(=O)NCc3nncn3C)c2)cc1","7.346480000000029","6.995400000000013","6.995400000000013","7.170940000000021","0.622907013373109","2.3954372044415706","1.859499999999999","results/target_pairs/parp1_brd4_egfr_vegfr2_aligned_20260827/baselines/reinvent4/formal_10240_seed49/anytime/budget_10240/quality_constrained/quality_annotated_molecules.csv","-7.5","","-9.0","","-9.0","-7.5","-7.5","-8.25","True","0.5737704918032787","0.42622950819672134","True"
"pairB","PARP1/BRD4","REINVENT4","reinvent4","49","9","RNV_BS49_09","CCc1ccc(C(=O)Cn2ccnc2C)nn1","6.956780000000025","6.937416666666698","6.937416666666698","6.947098333333361","0.745293629095825","2.6372771587636343","1.42682","results/target_pairs/parp1_brd4_egfr_vegfr2_aligned_20260827/baselines/reinvent4/formal_10240_seed49/anytime/budget_10240/quality_constrained/quality_annotated_molecules.csv","-6.7","","-7.0","","-7.0","-6.7","-6.7","-6.85","False","0.4897959183673469","0.5102040816326531","True"
"pairB","PARP1/BRD4","REINVENT4","reinvent4","49","10","RNV_BS49_10","COCc1nnc(SCC(=O)NCc2ccc(F)c(F)c2)n1C","7.625335000000023","6.922625000000006","6.922625000000006","7.273980000000014","0.7750686460602696","2.185492657589218","1.6481999999999997","results/target_pairs/parp1_brd4_egfr_vegfr2_aligned_20260827/baselines/reinvent4/formal_10240_seed49/anytime/budget_10240/quality_constrained/quality_annotated_molecules.csv","-7.3","","-8.1","","-8.1","-7.3","-7.3","-7.699999999999999","True","0.6271186440677966","0.3728813559322034","True"
"pairB","PARP1/BRD4","REINVENT4","reinvent4","50","1","RNV_BS50_01","Cc1nnc(C2CCN2C(=O)NCCc2ccnnc2)n1C","7.596415000000033","7.636495000000043","7.596415000000033","7.616455000000037","0.8936334451256639","3.260846208325896","0.6126199999999997","results/target_pairs/parp1_brd4_egfr_vegfr2_aligned_20260827/baselines/reinvent4/formal_10240_seed50/anytime/budget_10240/quality_constrained/quality_annotated_molecules.csv","-7.6","","-8.8","","-8.8","-7.6","-7.6","-8.2","True","0.4776119402985074","0.5223880597014926","True"
"pairB","PARP1/BRD4","REINVENT4","reinvent4","50","2","RNV_BS50_02","CC(NCc1cc[nH]c(=O)c1)c1ncc(-n2cc(Cl)cn2)nn1","7.579355000000016","7.619631666666713","7.579355000000016","7.599493333333364","0.7293027779958416","3.499142144592493","1.2497999999999996","results/target_pairs/parp1_brd4_egfr_vegfr2_aligned_20260827/baselines/reinvent4/formal_10240_seed50/anytime/budget_10240/quality_constrained/quality_annotated_molecules.csv","-8.0","","-9.3","","-9.3","-8.0","-8.0","-8.65","True","0.3623188405797101","0.6376811594202899","True"
"pairB","PARP1/BRD4","REINVENT4","reinvent4","50","3","RNV_BS50_03","COCCc1nnc(C2CN(C(=O)Cc3ccccc3)CCN2C)n1C","7.524690000000035","7.51760666666672","7.51760666666672","7.521148333333377","0.7736105089558056","2.9001477370981963","1.0617999999999996","results/target_pairs/parp1_brd4_egfr_vegfr2_aligned_20260827/baselines/reinvent4/formal_10240_seed50/anytime/budget_10240/quality_constrained/quality_annotated_molecules.csv","-7.2","","-8.8","","-8.8","-7.2","-7.2","-8.0","True","0.5087719298245614","0.49122807017543857","True"
"pairB","PARP1/BRD4","REINVENT4","reinvent4","50","4","RNV_BS50_04","CC(c1cccnc1N1CCN1Cc1ccncc1)N1CCCCC1","7.665170000000005","7.185205000000026","7.185205000000026","7.425187500000016","0.8367204767084313","3.197271562813256","3.2607000000000017","results/target_pairs/parp1_brd4_egfr_vegfr2_aligned_20260827/baselines/reinvent4/formal_10240_seed50/anytime/budget_10240/quality_constrained/quality_annotated_molecules.csv","-8.1","","-8.8","","-8.8","-8.1","-8.1","-8.45","True","0.39344262295081966","0.6065573770491803","True"
"pairB","PARP1/BRD4","REINVENT4","reinvent4","50","5","RNV_BS50_05","Cc1ncc(N2CCCCC2c2ncccc2NCc2cccnc2)nn1","7.564050000000002","7.1133350000000135","7.1133350000000135","7.338692500000008","0.7465386923850053","3.179542494295841","3.3137200000000018","results/target_pairs/parp1_brd4_egfr_vegfr2_aligned_20260827/baselines/reinvent4/formal_10240_seed50/anytime/budget_10240/quality_constrained/quality_annotated_molecules.csv","-7.5","","-10.0","","-10.0","-7.5","-7.5","-8.75","True","0.4444444444444444","0.5555555555555556","True"
"pairB","PARP1/BRD4","REINVENT4","reinvent4","50","6","RNV_BS50_06","CCNCc1cnnc(C(=O)NCc2nccn2C)c1","7.465820000000034","7.085735000000011","7.085735000000011","7.275777500000022","0.7884849697489054","2.593215390533139","0.2495999999999993","results/target_pairs/parp1_brd4_egfr_vegfr2_aligned_20260827/baselines/reinvent4/formal_10240_seed50/anytime/budget_10240/quality_constrained/quality_annotated_molecules.csv","-6.6","","-7.4","","-7.4","-6.6","-6.6","-7.0","False","0.48148148148148145","0.5185185185185186","True"
"pairB","PARP1/BRD4","REINVENT4","reinvent4","50","7","RNV_BS50_07","Cc1cnc(C2CCCCN2c2ccnnc2)nn1","7.084140000000025","7.068046666666697","7.068046666666697","7.076093333333361","0.8143438755487252","3.5044506408175025","1.70162","results/target_pairs/parp1_brd4_egfr_vegfr2_aligned_20260827/baselines/reinvent4/formal_10240_seed50/anytime/budget_10240/quality_constrained/quality_annotated_molecules.csv","-6.9","","-8.6","","-8.6","-6.9","-6.9","-7.75","False","0.4423076923076923","0.5576923076923077","True"
"pairB","PARP1/BRD4","REINVENT4","reinvent4","50","8","RNV_BS50_08","c1cnc2cc(N3CCCCC3CN3CCCCC3)nnc2c1","7.199273333333359","7.053415000000044","7.053415000000044","7.126344166666701","0.8719539953828639","2.921198027839681","2.869600000000001","results/target_pairs/parp1_brd4_egfr_vegfr2_aligned_20260827/baselines/reinvent4/formal_10240_seed50/anytime/budget_10240/quality_constrained/quality_annotated_molecules.csv","-7.6","","-9.5","","-9.5","-7.6","-7.6","-8.55","True","0.49122807017543857","0.5087719298245614","True"
"pairB","PARP1/BRD4","REINVENT4","reinvent4","50","9","RNV_BS50_09","CCOCc1cc2c(nn1)CN(C)C2NC(=O)NCc1cnccn1","7.395440000000001","7.035685833333356","7.035685833333356","7.215562916666679","0.7969958756598341","3.7004350763267695","0.7465","results/target_pairs/parp1_brd4_egfr_vegfr2_aligned_20260827/baselines/reinvent4/formal_10240_seed50/anytime/budget_10240/quality_constrained/quality_annotated_molecules.csv","-7.4","","-8.5","","-8.5","-7.4","-7.4","-7.95","True","0.375","0.625","True"
"pairB","PARP1/BRD4","REINVENT4","reinvent4","50","10","RNV_BS50_10","COc1cc(CNC(=O)c2nnn(C)c2C2CCCS2)ccn1","7.3425700000000225","7.030407500000016","7.030407500000016","7.186488750000019","0.8970050185632579","3.3652267599771086","1.7167999999999992","results/target_pairs/parp1_brd4_egfr_vegfr2_aligned_20260827/baselines/reinvent4/formal_10240_seed50/anytime/budget_10240/quality_constrained/quality_annotated_molecules.csv","-6.9","","-8.5","","-8.5","-6.9","-6.9","-7.7","False","0.5294117647058824","0.47058823529411764","True"
"pairB","PARP1/BRD4","REINVENT4","reinvent4","51","1","RNV_BS51_01","Cc1ccc(NCc2ccccc2)c(CN2CCCN(C(C)(C)O)C2)c1","7.130109999999998","7.86457000000001","7.130109999999998","7.497340000000005","0.8284635383482367","2.5148201339543057","3.8007200000000014","results/target_pairs/parp1_brd4_egfr_vegfr2_aligned_20260827/baselines/reinvent4/formal_10240_seed51/anytime/budget_10240/quality_constrained/quality_annotated_molecules.csv","-8.2","","-9.9","","-9.9","-8.2","-8.2","-9.05","True","0.3870967741935484","0.6129032258064516","True"
"pairB","PARP1/BRD4","REINVENT4","reinvent4","51","2","RNV_BS51_02","Cc1ccc(N2CCN(C(C)c3cnc(C)nc3C)CC2)cn1","7.126760000000012","7.59743000000001","7.126760000000012","7.362095000000011","0.8718503329638367","2.901528524366565","2.680060000000001","results/target_pairs/parp1_brd4_egfr_vegfr2_aligned_20260827/baselines/reinvent4/formal_10240_seed51/anytime/budget_10240/quality_constrained/quality_annotated_molecules.csv","-7.1","","-8.4","","-8.4","-7.1","-7.1","-7.75","True","0.4285714285714285","0.5714285714285715","True"
"pairB","PARP1/BRD4","REINVENT4","reinvent4","51","3","RNV_BS51_03","Cc1ncsc1CNC(=O)c1ccc(N2CCN(C)C2)nn1","7.373605000000025","7.115993333333359","7.115993333333359","7.2447991666666915","0.9019724502541948","2.7270618187252182","0.8808199999999997","results/target_pairs/parp1_brd4_egfr_vegfr2_aligned_20260827/baselines/reinvent4/formal_10240_seed51/anytime/budget_10240/quality_constrained/quality_annotated_molecules.csv","-7.3","","-7.9","","-7.9","-7.3","-7.3","-7.6","True","0.5689655172413793","0.43103448275862066","True"
"pairB","PARP1/BRD4","REINVENT4","reinvent4","51","4","RNV_BS51_04","CC(c1ccc(CNC(=O)N2CCCC2)cc1Cl)N1CCCCCC1","7.666310000000026","7.093170000000026","7.093170000000026","7.379740000000027","0.8491695855210873","2.584454307096001","4.582400000000004","results/target_pairs/parp1_brd4_egfr_vegfr2_aligned_20260827/baselines/reinvent4/formal_10240_seed51/anytime/budget_10240/quality_constrained/quality_annotated_molecules.csv","-8.2","","-9.0","","-9.0","-8.2","-8.2","-8.6","True","0.6122448979591837","0.3877551020408163","True"
"pairB","PARP1/BRD4","REINVENT4","reinvent4","51","5","RNV_BS51_05","Cc1nnsc1N(CCN1CCOC1=O)CC(C)C","7.012870000000013","7.024705000000012","7.012870000000013","7.018787500000013","0.7964225362547361","3.2047203513619635","1.76112","results/target_pairs/parp1_brd4_egfr_vegfr2_aligned_20260827/baselines/reinvent4/formal_10240_seed51/anytime/budget_10240/quality_constrained/quality_annotated_molecules.csv","-6.4","","-7.4","","-7.4","-6.4","-6.4","-6.9","False","0.4406779661016949","0.5593220338983051","True"
"pairB","PARP1/BRD4","REINVENT4","reinvent4","51","6","RNV_BS51_06","O=C(NC1CCc2ccccc2N1Cc1ccccc1)N1CCC1","7.587245000000027","7.0064700000000215","7.0064700000000215","7.296857500000025","0.9405027746003648","2.643697413370916","3.3808000000000016","results/target_pairs/parp1_brd4_egfr_vegfr2_aligned_20260827/baselines/reinvent4/formal_10240_seed51/anytime/budget_10240/quality_constrained/quality_annotated_molecules.csv","-8.9","","-9.8","","-9.8","-8.9","-8.9","-9.350000000000001","True","0.47540983606557374","0.5245901639344263","True"
"pairB","PARP1/BRD4","REINVENT4","reinvent4","51","7","RNV_BS51_07","CCCNC(=O)N1CCC1CNc1nnc(C)s1","7.12783","6.961189166666696","6.961189166666696","7.044509583333348","0.8485978407970306","2.980304017273264","1.4523199999999996","results/target_pairs/parp1_brd4_egfr_vegfr2_aligned_20260827/baselines/reinvent4/formal_10240_seed51/anytime/budget_10240/quality_constrained/quality_annotated_molecules.csv","-6.3","","-6.9","","-6.9","-6.3","-6.3","-6.6","False","0.46551724137931033","0.5344827586206897","True"
"pairB","PARP1/BRD4","REINVENT4","reinvent4","51","8","RNV_BS51_08","Cc1ncc(NC(=O)N2CCN(CC(C)C)CC2)nn1","7.054510000000037","6.881763333333353","6.881763333333353","6.968136666666695","0.8920351620136217","2.4536438173694606","0.9855199999999996","results/target_pairs/parp1_brd4_egfr_vegfr2_aligned_20260827/baselines/reinvent4/formal_10240_seed51/anytime/budget_10240/quality_constrained/quality_annotated_molecules.csv","-6.3","","-7.6","","-7.6","-6.3","-6.3","-6.949999999999999","False","0.44642857142857145","0.5535714285714286","True"
"pairB","PARP1/BRD4","REINVENT4","reinvent4","51","9","RNV_BS51_09","Cc1ccc(CNC(=O)CCN2CCOC2=O)nn1","7.152275000000012","6.827144166666677","6.827144166666677","6.989709583333344","0.8233494748363935","2.4745566358322097","0.2435199999999995","results/target_pairs/parp1_brd4_egfr_vegfr2_aligned_20260827/baselines/reinvent4/formal_10240_seed51/anytime/budget_10240/quality_constrained/quality_annotated_molecules.csv","-6.7","","-7.7","","-7.7","-6.7","-6.7","-7.2","False","0.6792452830188679","0.3207547169811321","True"
"pairB","PARP1/BRD4","REINVENT4","reinvent4","51","10","RNV_BS51_10","CN1CCN(C(=O)c2csnn2)c2nccnc21","7.138990000000004","6.826555000000031","6.826555000000031","6.982772500000017","0.7413526272332956","3.0477479703706134","0.4246999999999998","results/target_pairs/parp1_brd4_egfr_vegfr2_aligned_20260827/baselines/reinvent4/formal_10240_seed51/anytime/budget_10240/quality_constrained/quality_annotated_molecules.csv","-5.8","","-7.2","","-7.2","-5.8","-5.8","-6.5","False","0.5490196078431373","0.4509803921568627","True"
"pairB","PARP1/BRD4","DrugEx v2","drugex_v2","42","1","DRX_BS42_01","CC(=O)Nc1ccc(-n2cc(-c3ccnc4[nH]ccc34)nn2)cc1","7.422065000000024","7.487859000000042","7.422065000000024","7.454962000000033","0.6077146533185971","2.405213243550458","2.769","results/target_pairs/parp1_brd4_egfr_vegfr2_aligned_20260827/baselines/drugex_v2/formal_10240_seed42/anytime/budget_10240/quality_constrained/quality_annotated_molecules.csv","-8.0","","-9.3","","-9.3","-8.0","-8.0","-8.65","True","0.4590163934426229","0.5409836065573771","True"
"pairB","PARP1/BRD4","DrugEx v2","drugex_v2","42","2","DRX_BS42_02","O=C(Cn1[nH]c(=O)ccc1=O)Nc1nnc(-c2ccccc2)s1","7.359063333333358","7.373001666666712","7.359063333333358","7.366032500000035","0.7317780689544912","2.341774038708099","0.6937999999999995","results/target_pairs/parp1_brd4_egfr_vegfr2_aligned_20260827/baselines/drugex_v2/formal_10240_seed42/anytime/budget_10240/quality_constrained/quality_annotated_molecules.csv","-8.4","","-9.3","","-9.3","-8.4","-8.4","-8.850000000000001","True","0.6415094339622641","0.3584905660377359","True"
"pairB","PARP1/BRD4","DrugEx v2","drugex_v2","42","3","DRX_BS42_03","O=C(c1cnn2cc(C(F)(F)F)nnc12)N1CCCCC1","7.106730000000032","7.322118333333337","7.106730000000032","7.214424166666684","0.80480556245506","2.608097336207919","1.7692","results/target_pairs/parp1_brd4_egfr_vegfr2_aligned_20260827/baselines/drugex_v2/formal_10240_seed42/anytime/budget_10240/quality_constrained/quality_annotated_molecules.csv","-7.6","","-8.5","","-8.5","-7.6","-7.6","-8.05","True","0.5625","0.4375","True"
"pairB","PARP1/BRD4","DrugEx v2","drugex_v2","42","4","DRX_BS42_04","CCOc1ccc(-n2nnc(C)c2NC(=O)C(C)C)cc1","7.460829999999989","7.105730000000024","7.105730000000024","7.283280000000007","0.9177264121239006","2.307634867116521","2.5689200000000003","results/target_pairs/parp1_brd4_egfr_vegfr2_aligned_20260827/baselines/drugex_v2/formal_10240_seed42/anytime/budget_10240/quality_constrained/quality_annotated_molecules.csv","-7.5","","-7.9","","-7.9","-7.5","-7.5","-7.7","True","0.5576923076923077","0.4423076923076923","True"
"pairB","PARP1/BRD4","DrugEx v2","drugex_v2","42","5","DRX_BS42_05","CCOC(=O)c1nnn(-c2ccc(OCC)cc2)n1","7.401950000000001","7.06072000000002","7.06072000000002","7.23133500000001","0.7541138180245085","2.268838687114261","1.2376999999999998","results/target_pairs/parp1_brd4_egfr_vegfr2_aligned_20260827/baselines/drugex_v2/formal_10240_seed42/anytime/budget_10240/quality_constrained/quality_annotated_molecules.csv","-6.7","","-7.5","","-7.5","-6.7","-6.7","-7.1","False","0.574468085106383","0.42553191489361697","True"
"pairB","PARP1/BRD4","DrugEx v2","drugex_v2","42","6","DRX_BS42_06","Cc1cnc2c(C(=O)N3CCn4c(C)nnc4C3)cnn2c1","7.0482350000000284","7.069680833333349","7.0482350000000284","7.058957916666689","0.6565386493444986","2.769184895648296","0.5936399999999997","results/target_pairs/parp1_brd4_egfr_vegfr2_aligned_20260827/baselines/drugex_v2/formal_10240_seed42/anytime/budget_10240/quality_constrained/quality_annotated_molecules.csv","-8.5","","-9.3","","-9.3","-8.5","-8.5","-8.9","True","0.6071428571428571","0.3928571428571429","True"
"pairB","PARP1/BRD4","DrugEx v2","drugex_v2","42","7","DRX_BS42_07","CCn1c(N)nc2cc(C(=O)NC3CCCCC3)nnc21","7.042780000000008","7.321007500000012","7.042780000000008","7.181893750000009","0.8911728932247452","2.578677466586015","1.4908999999999994","results/target_pairs/parp1_brd4_egfr_vegfr2_aligned_20260827/baselines/drugex_v2/formal_10240_seed42/anytime/budget_10240/quality_constrained/quality_annotated_molecules.csv","-8.4","","-8.6","","-8.6","-8.4","-8.4","-8.5","True","0.6363636363636364","0.36363636363636365","True"
"pairB","PARP1/BRD4","DrugEx v2","drugex_v2","42","8","DRX_BS42_08","Cc1c(C(=O)NC2CC2)nnn1-c1ccc2ncccc2c1","7.45207000000004","7.037230833333353","7.037230833333353","7.244650416666696","0.8015223002775859","2.195573906637305","2.01612","results/target_pairs/parp1_brd4_egfr_vegfr2_aligned_20260827/baselines/drugex_v2/formal_10240_seed42/anytime/budget_10240/quality_constrained/quality_annotated_molecules.csv","-7.7","","-8.7","","-8.7","-7.7","-7.7","-8.2","True","0.75","0.25","True"
"pairB","PARP1/BRD4","DrugEx v2","drugex_v2","42","9","DRX_BS42_09","CCn1nnc2c(=O)n(CC(=O)NC3CC3)c(C)nc21","7.032430000000007","7.7483935000000415","7.032430000000007","7.390411750000024","0.8191981599790086","2.491345725461368","-0.4050799999999999","results/target_pairs/parp1_brd4_egfr_vegfr2_aligned_20260827/baselines/drugex_v2/formal_10240_seed42/anytime/budget_10240/quality_constrained/quality_annotated_molecules.csv","-7.3","","-7.7","","-7.7","-7.3","-7.3","-7.5","True","0.5789473684210527","0.42105263157894735","True"
"pairB","PARP1/BRD4","DrugEx v2","drugex_v2","42","10","DRX_BS42_10","CCn1cc(CN(C)c2nnc(Cc3ccc(C)cc3)o2)cn1","7.1395450000000125","7.028565000000032","7.028565000000032","7.084055000000022","0.7003449074881122","2.6271055072395697","2.821620000000001","results/target_pairs/parp1_brd4_egfr_vegfr2_aligned_20260827/baselines/drugex_v2/formal_10240_seed42/anytime/budget_10240/quality_constrained/quality_annotated_molecules.csv","-7.6","","-9.0","","-9.0","-7.6","-7.6","-8.3","True","0.5","0.5","True"
"pairB","PARP1/BRD4","DrugEx v2","drugex_v2","43","1","DRX_BS43_01","Cc1ccc(CCC(=O)NCC(C)(O)c2ccc(F)cc2)cc1C","7.287724999999988","7.493280000000024","7.287724999999988","7.390502500000005","0.8532362084420487","2.5091820287555304","3.399040000000002","results/target_pairs/parp1_brd4_egfr_vegfr2_aligned_20260827/baselines/drugex_v2/formal_10240_seed43/anytime/budget_10240/quality_constrained/quality_annotated_molecules.csv","-8.0","","-8.5","","-8.5","-8.0","-8.0","-8.25","True","0.6923076923076923","0.3076923076923077","True"
"pairB","PARP1/BRD4","DrugEx v2","drugex_v2","43","2","DRX_BS43_02","Cc1cc(C)c2nnc(CO)n2c1NCc1cccc(Cl)c1","7.504230000000022","7.230625000000014","7.230625000000014","7.367427500000018","0.7761188216949952","2.657619883241347","3.103940000000001","results/target_pairs/parp1_brd4_egfr_vegfr2_aligned_20260827/baselines/drugex_v2/formal_10240_seed43/anytime/budget_10240/quality_constrained/quality_annotated_molecules.csv","-8.0","","-8.9","","-8.9","-8.0","-8.0","-8.45","True","0.4615384615384615","0.5384615384615385","True"
"pairB","PARP1/BRD4","DrugEx v2","drugex_v2","43","3","DRX_BS43_03","CCn1cnc2c(nnn2Cc2ccc(C)cc2)c1=O","7.319070000000006","7.197100000000037","7.197100000000037","7.258085000000022","0.7198946576317163","2.219473690128281","1.36462","results/target_pairs/parp1_brd4_egfr_vegfr2_aligned_20260827/baselines/drugex_v2/formal_10240_seed43/anytime/budget_10240/quality_constrained/quality_annotated_molecules.csv","-7.7","","-8.6","","-8.6","-7.7","-7.7","-8.15","True","0.7291666666666666","0.27083333333333337","True"
"pairB","PARP1/BRD4","DrugEx v2","drugex_v2","43","4","DRX_BS43_04","COCc1ccccc1NC(=O)c1nnn(-c2cccc(F)c2)c1C","7.182945000000022","7.305275000000027","7.182945000000022","7.244110000000024","0.7747326484662502","2.1278789718212803","3.113520000000001","results/target_pairs/parp1_brd4_egfr_vegfr2_aligned_20260827/baselines/drugex_v2/formal_10240_seed43/anytime/budget_10240/quality_constrained/quality_annotated_molecules.csv","-8.0","","-9.1","","-9.1","-8.0","-8.0","-8.55","True","0.7017543859649122","0.29824561403508776","True"
"pairB","PARP1/BRD4","DrugEx v2","drugex_v2","43","5","DRX_BS43_05","CN(C)c1nc(N2CCCC(C(=O)Nc3nncs3)C2)ncc1F","7.259155000000025","7.152550000000016","7.152550000000016","7.20585250000002","0.8904205947118026","3.1521546531899203","1.3882999999999994","results/target_pairs/parp1_brd4_egfr_vegfr2_aligned_20260827/baselines/drugex_v2/formal_10240_seed43/anytime/budget_10240/quality_constrained/quality_annotated_molecules.csv","-7.6","","-8.9","","-8.9","-7.6","-7.6","-8.25","True","0.6333333333333333","0.3666666666666667","True"
"pairB","PARP1/BRD4","DrugEx v2","drugex_v2","43","6","DRX_BS43_06","Cn1nnc2c(=O)n(CC(=O)NCc3cccc(Cl)c3)cnc21","7.403990000000031","7.14568300000002","7.14568300000002","7.274836500000026","0.7501960657533987","2.3114981161690995","0.4947999999999997","results/target_pairs/parp1_brd4_egfr_vegfr2_aligned_20260827/baselines/drugex_v2/formal_10240_seed43/anytime/budget_10240/quality_constrained/quality_annotated_molecules.csv","-8.0","","-8.9","","-8.9","-8.0","-8.0","-8.45","True","0.7777777777777778","0.2222222222222222","True"
"pairB","PARP1/BRD4","DrugEx v2","drugex_v2","43","7","DRX_BS43_07","CCn1cnnc1-c1ccccc1NC(=O)c1sccc1C","7.144270000000021","7.192125000000021","7.144270000000021","7.168197500000021","0.8006545937090641","2.3411277527911523","3.587220000000002","results/target_pairs/parp1_brd4_egfr_vegfr2_aligned_20260827/baselines/drugex_v2/formal_10240_seed43/anytime/budget_10240/quality_constrained/quality_annotated_molecules.csv","-7.2","","-8.1","","-8.1","-7.2","-7.2","-7.65","True","0.7169811320754716","0.28301886792452835","True"
"pairB","PARP1/BRD4","DrugEx v2","drugex_v2","43","8","DRX_BS43_08","Cc1ccn2c(CCc3ccccc3)nnc2c1N","7.123890000000021","7.305111666666675","7.123890000000021","7.214500833333348","0.7784105690474113","2.304549922545496","2.40512","results/target_pairs/parp1_brd4_egfr_vegfr2_aligned_20260827/baselines/drugex_v2/formal_10240_seed43/anytime/budget_10240/quality_constrained/quality_annotated_molecules.csv","-8.2","","-8.4","","-8.4","-8.2","-8.2","-8.3","True","0.7948717948717948","0.20512820512820518","True"
"pairB","PARP1/BRD4","DrugEx v2","drugex_v2","43","9","DRX_BS43_09","Cc1nc(-c2ccncc2)sc1C(=O)Nc1cccn2cnnc12","7.210380000000002","7.11908000000002","7.11908000000002","7.164730000000011","0.6216560510507709","2.543395880913096","2.808520000000001","results/target_pairs/parp1_brd4_egfr_vegfr2_aligned_20260827/baselines/drugex_v2/formal_10240_seed43/anytime/budget_10240/quality_constrained/quality_annotated_molecules.csv","-8.0","","-9.4","","-9.4","-8.0","-8.0","-8.7","True","0.603448275862069","0.39655172413793105","True"
"pairB","PARP1/BRD4","DrugEx v2","drugex_v2","43","10","DRX_BS43_10","O=C(C1CC1)N1CCN(Cc2nncn2-c2cccc(F)c2)CC1","7.472870000000041","7.117715000000048","7.117715000000048","7.295292500000045","0.8521443605587483","2.295961900979986","1.4605999999999992","results/target_pairs/parp1_brd4_egfr_vegfr2_aligned_20260827/baselines/drugex_v2/formal_10240_seed43/anytime/budget_10240/quality_constrained/quality_annotated_molecules.csv","-8.2","","-9.4","","-9.4","-8.2","-8.2","-8.8","True","0.7037037037037037","0.2962962962962963","True"
"pairB","PARP1/BRD4","DrugEx v2","drugex_v2","44","1","DRX_BS44_01","COc1cccc(CC(=O)N2Cc3nnnn3CC2C(C)C)c1","7.757265000000058","7.309291666666707","7.309291666666707","7.533278333333382","0.8498733466130042","3.309480950402069","1.2911999999999997","results/target_pairs/parp1_brd4_egfr_vegfr2_aligned_20260827/baselines/drugex_v2/formal_10240_seed44/anytime/budget_10240/quality_constrained/quality_annotated_molecules.csv","-7.4","","-8.9","","-8.9","-7.4","-7.4","-8.15","True","0.4925373134328358","0.5074626865671642","True"
"pairB","PARP1/BRD4","DrugEx v2","drugex_v2","44","2","DRX_BS44_02","Cc1ccc(CNCC(C)(O)c2ccc(F)cc2)cc1F","7.305144999999973","7.520490000000026","7.305144999999973","7.412817499999999","0.8858925436833216","2.508352526895294","3.270520000000001","results/target_pairs/parp1_brd4_egfr_vegfr2_aligned_20260827/baselines/drugex_v2/formal_10240_seed44/anytime/budget_10240/quality_constrained/quality_annotated_molecules.csv","-7.6","","-8.1","","-8.1","-7.6","-7.6","-7.85","True","0.6428571428571429","0.3571428571428571","True"
"pairB","PARP1/BRD4","DrugEx v2","drugex_v2","44","3","DRX_BS44_03","CCN(CC(C)C#N)C(=O)CSc1nncn1-c1cccc(F)c1","7.287601000000039","7.355100000000036","7.287601000000039","7.321350500000037","0.7195398931184925","3.007558837021892","2.506680000000001","results/target_pairs/parp1_brd4_egfr_vegfr2_aligned_20260827/baselines/drugex_v2/formal_10240_seed44/anytime/budget_10240/quality_constrained/quality_annotated_molecules.csv","-6.4","","-8.1","","-8.1","-6.4","-6.4","-7.25","False","0.7619047619047619","0.23809523809523814","True"
"pairB","PARP1/BRD4","DrugEx v2","drugex_v2","44","4","DRX_BS44_04","CCc1nnc(NC(=O)CSc2nccn2-c2cccc(F)c2)s1","7.265340000000032","7.646240000000045","7.265340000000032","7.4557900000000386","0.6812508393026392","2.3416401618495506","3.156100000000001","results/target_pairs/parp1_brd4_egfr_vegfr2_aligned_20260827/baselines/drugex_v2/formal_10240_seed44/anytime/budget_10240/quality_constrained/quality_annotated_molecules.csv","-8.1","","-8.6","","-8.6","-8.1","-8.1","-8.35","True","0.7931034482758621","0.2068965517241379","True"
"pairB","PARP1/BRD4","DrugEx v2","drugex_v2","44","5","DRX_BS44_05","CCN(Cc1cnn(C)c1)S(=O)(=O)c1cccn2cnnc12","7.22329000000004","7.202415833333364","7.202415833333364","7.212852916666702","0.6896996713940904","2.7656221164919668","0.6736","results/target_pairs/parp1_brd4_egfr_vegfr2_aligned_20260827/baselines/drugex_v2/formal_10240_seed44/anytime/budget_10240/quality_constrained/quality_annotated_molecules.csv","-6.2","","-7.9","","-7.9","-6.2","-6.2","-7.050000000000001","False","0.6538461538461539","0.34615384615384615","True"
"pairB","PARP1/BRD4","DrugEx v2","drugex_v2","44","6","DRX_BS44_06","Cc1cc(=O)[nH]c2nnc(SCC(=O)Nc3ccc(F)cc3)n12","7.1486900000000455","7.361306666666708","7.1486900000000455","7.254998333333377","0.7076021162909072","2.466660246346615","1.5959199999999998","results/target_pairs/parp1_brd4_egfr_vegfr2_aligned_20260827/baselines/drugex_v2/formal_10240_seed44/anytime/budget_10240/quality_constrained/quality_annotated_molecules.csv","-7.5","","-9.5","","-9.5","-7.5","-7.5","-8.5","True","1.0","0.0","False"
"pairB","PARP1/BRD4","DrugEx v2","drugex_v2","44","7","DRX_BS44_07","O=C(c1csc(-c2cnccn2)n1)N1CCN(Cc2ccccc2)CC1","7.578624999999989","7.124070000000018","7.124070000000018","7.351347500000004","0.7110374557482584","2.1571455733797453","2.5581000000000005","results/target_pairs/parp1_brd4_egfr_vegfr2_aligned_20260827/baselines/drugex_v2/formal_10240_seed44/anytime/budget_10240/quality_constrained/quality_annotated_molecules.csv","-7.7","","-9.3","","-9.3","-7.7","-7.7","-8.5","True","0.7058823529411765","0.2941176470588235","True"
"pairB","PARP1/BRD4","DrugEx v2","drugex_v2","44","8","DRX_BS44_08","Cc1ccc(-n2nnc(CC(=O)Nc3ccccc3F)c2C)cc1","7.36601000000001","7.106326666666684","7.106326666666684","7.236168333333347","0.801518898257002","2.060415156931196","3.2044400000000017","results/target_pairs/parp1_brd4_egfr_vegfr2_aligned_20260827/baselines/drugex_v2/formal_10240_seed44/anytime/budget_10240/quality_constrained/quality_annotated_molecules.csv","-8.2","","-9.6","","-9.6","-8.2","-8.2","-8.899999999999999","True","0.6666666666666666","0.33333333333333337","True"
"pairB","PARP1/BRD4","DrugEx v2","drugex_v2","44","9","DRX_BS44_09","CC1CN(Cc2ccc(C(C)(C)O)cc2)CC(C)O1","7.276840000000011","7.100205000000027","7.100205000000027","7.188522500000019","0.909324304634452","2.8342875447339893","2.523200000000001","results/target_pairs/parp1_brd4_egfr_vegfr2_aligned_20260827/baselines/drugex_v2/formal_10240_seed44/anytime/budget_10240/quality_constrained/quality_annotated_molecules.csv","-6.9","","-8.6","","-8.6","-6.9","-6.9","-7.75","False","0.6923076923076923","0.3076923076923077","True"
"pairB","PARP1/BRD4","DrugEx v2","drugex_v2","44","10","DRX_BS44_10","COC(=O)c1ccc(-n2nnnc2COc2ccc(C)cc2)cc1","7.396710000000007","7.082601666666667","7.082601666666667","7.239655833333337","0.6702899321996099","1.9330221016488824","2.3363200000000006","results/target_pairs/parp1_brd4_egfr_vegfr2_aligned_20260827/baselines/drugex_v2/formal_10240_seed44/anytime/budget_10240/quality_constrained/quality_annotated_molecules.csv","-8.6","","-8.8","","-8.8","-8.6","-8.6","-8.7","True","0.6666666666666666","0.33333333333333337","True"
"pairB","PARP1/BRD4","DrugEx v2","drugex_v2","45","1","DRX_BS45_01","Cc1ccc(-n2cnnc2SCCn2c(C)cc(C)nc2=O)cc1","7.562355000000003","7.329151666666696","7.329151666666696","7.445753333333349","0.6673495923341703","2.4388631207320994","2.5415600000000005","results/target_pairs/parp1_brd4_egfr_vegfr2_aligned_20260827/baselines/drugex_v2/formal_10240_seed45/anytime/budget_10240/quality_constrained/quality_annotated_molecules.csv","-8.3","","-9.3","","-9.3","-8.3","-8.3","-8.8","True","0.5344827586206896","0.4655172413793104","True"
"pairB","PARP1/BRD4","DrugEx v2","drugex_v2","45","2","DRX_BS45_02","Fc1cc(Br)cnc1NCc1ccc(-n2cccn2)nc1","7.65644000000002","7.197015000000021","7.197015000000021","7.426727500000021","0.7869467674342647","2.4490726242152707","3.176000000000001","results/target_pairs/parp1_brd4_egfr_vegfr2_aligned_20260827/baselines/drugex_v2/formal_10240_seed45/anytime/budget_10240/quality_constrained/quality_annotated_molecules.csv","-7.2","","-7.9","","-7.9","-7.2","-7.2","-7.550000000000001","True","0.6122448979591837","0.3877551020408163","True"
"pairB","PARP1/BRD4","DrugEx v2","drugex_v2","45","3","DRX_BS45_03","Cc1nnc(NC(=O)C2CC(=O)N(c3ccc(Cl)cc3)C2)s1","7.648790000000001","7.1031391666666925","7.1031391666666925","7.375964583333347","0.9339823924385452","2.5452083139621955","2.4915200000000004","results/target_pairs/parp1_brd4_egfr_vegfr2_aligned_20260827/baselines/drugex_v2/formal_10240_seed45/anytime/budget_10240/quality_constrained/quality_annotated_molecules.csv","-7.4","","-8.8","","-8.8","-7.4","-7.4","-8.100000000000001","True","1.0","0.0","False"
"pairB","PARP1/BRD4","DrugEx v2","drugex_v2","45","4","DRX_BS45_04","Fc1cccc(-n2cnnc2Cc2ccccc2F)c1","7.10111500000002","7.482675000000042","7.10111500000002","7.29189500000003","0.7323746276864196","2.1484624797415712","3.136300000000002","results/target_pairs/parp1_brd4_egfr_vegfr2_aligned_20260827/baselines/drugex_v2/formal_10240_seed45/anytime/budget_10240/quality_constrained/quality_annotated_molecules.csv","-8.2","","-8.5","","-8.5","-8.2","-8.2","-8.35","True","0.6530612244897959","0.34693877551020413","True"
"pairB","PARP1/BRD4","DrugEx v2","drugex_v2","45","5","DRX_BS45_05","CC(O)(CNC(=O)c1ccc(CNC(N)=O)cc1)c1ccc(F)cc1","7.251104999999987","7.076720000000028","7.076720000000028","7.163912500000008","0.6394369466080851","2.5176432703067047","1.6315000000000002","results/target_pairs/parp1_brd4_egfr_vegfr2_aligned_20260827/baselines/drugex_v2/formal_10240_seed45/anytime/budget_10240/quality_constrained/quality_annotated_molecules.csv","-8.4","","-9.2","","-9.2","-8.4","-8.4","-8.8","True","1.0","0.0","False"
"pairB","PARP1/BRD4","DrugEx v2","drugex_v2","45","6","DRX_BS45_06","CCC(CC)c1nnc(NC(=O)C2CCN(c3nccs3)CC2)s1","7.095325000000005","7.061528333333349","7.061528333333349","7.078426666666678","0.8439307912823888","2.568815412685672","3.753300000000002","results/target_pairs/parp1_brd4_egfr_vegfr2_aligned_20260827/baselines/drugex_v2/formal_10240_seed45/anytime/budget_10240/quality_constrained/quality_annotated_molecules.csv","-6.6","","-8.0","","-8.0","-6.6","-6.6","-7.3","False","0.6153846153846154","0.3846153846153846","True"
"pairB","PARP1/BRD4","DrugEx v2","drugex_v2","45","7","DRX_BS45_07","COCCn1cnnc1C(C)NC(=O)c1scnc1C1CC1","7.036909999999994","7.153095833333344","7.036909999999994","7.095002916666669","0.8399253567387115","3.3828202246321704","1.7493999999999998","results/target_pairs/parp1_brd4_egfr_vegfr2_aligned_20260827/baselines/drugex_v2/formal_10240_seed45/anytime/budget_10240/quality_constrained/quality_annotated_molecules.csv","-6.0","","-7.2","","-7.2","-6.0","-6.0","-6.6","False","0.6153846153846154","0.3846153846153846","True"
"pairB","PARP1/BRD4","DrugEx v2","drugex_v2","45","8","DRX_BS45_08","CCOCC(=O)N1CCc2ccc(CCC(C)(C)O)cc21","7.561230000000031","7.028852000000028","7.028852000000028","7.29504100000003","0.8747973258254017","2.3962574135356167","2.3157","results/target_pairs/parp1_brd4_egfr_vegfr2_aligned_20260827/baselines/drugex_v2/formal_10240_seed45/anytime/budget_10240/quality_constrained/quality_annotated_molecules.csv","-7.0","","-7.6","","-7.6","-7.0","-7.0","-7.3","True","0.5","0.5","True"
"pairB","PARP1/BRD4","DrugEx v2","drugex_v2","45","9","DRX_BS45_09","Cc1nnc2n1CCN(C(=O)c1scnc1C1CC1)C2","7.134870000000007","7.014453333333359","7.014453333333359","7.074661666666684","0.8416841317401275","2.9505214634076324","1.5764200000000002","results/target_pairs/parp1_brd4_egfr_vegfr2_aligned_20260827/baselines/drugex_v2/formal_10240_seed45/anytime/budget_10240/quality_constrained/quality_annotated_molecules.csv","-6.6","","-8.1","","-8.1","-6.6","-6.6","-7.35","False","0.660377358490566","0.339622641509434","True"
"pairB","PARP1/BRD4","DrugEx v2","drugex_v2","45","10","DRX_BS45_10","Cc1nnc(NC(=O)Cn2c(-c3cnccn3)noc2=O)s1","7.007825000000002","7.083005000000029","7.007825000000002","7.045415000000016","0.7161120998170329","2.662450829714232","0.0919199999999995","results/target_pairs/parp1_brd4_egfr_vegfr2_aligned_20260827/baselines/drugex_v2/formal_10240_seed45/anytime/budget_10240/quality_constrained/quality_annotated_molecules.csv","-6.9","","-8.6","","-8.6","-6.9","-6.9","-7.75","False","0.7068965517241379","0.2931034482758621","True"
"pairB","PARP1/BRD4","DrugEx v2","drugex_v2","46","1","DRX_BS46_01","Cc1ccc(-n2cnnc2SC2CCCCNC2=O)cc1Cl","7.38025900000002","7.538296666666704","7.38025900000002","7.459277833333362","0.9356769431231722","3.038705548985236","2.989920000000001","results/target_pairs/parp1_brd4_egfr_vegfr2_aligned_20260827/baselines/drugex_v2/formal_10240_seed46/anytime/budget_10240/quality_constrained/quality_annotated_molecules.csv","-7.5","","-9.1","","-9.1","-7.5","-7.5","-8.3","True","1.0","0.0","False"
"pairB","PARP1/BRD4","DrugEx v2","drugex_v2","46","2","DRX_BS46_02","Cc1cccn2c(CC(=O)N(C)Cc3ccsc3)nnc12","7.255135000000032","7.411580000000017","7.255135000000032","7.333357500000025","0.7426615065920127","2.6166759281244776","2.30032","results/target_pairs/parp1_brd4_egfr_vegfr2_aligned_20260827/baselines/drugex_v2/formal_10240_seed46/anytime/budget_10240/quality_constrained/quality_annotated_molecules.csv","-7.3","","-7.8","","-7.8","-7.3","-7.3","-7.55","True","0.5849056603773585","0.41509433962264153","True"
"pairB","PARP1/BRD4","DrugEx v2","drugex_v2","46","3","DRX_BS46_03","COCc1c(C(=O)NCc2cccnc2)nnn1-c1cccc(Cl)c1","7.726295000000011","7.233306666666685","7.233306666666685","7.479800833333348","0.7321251659890551","2.263305082330488","2.3921","results/target_pairs/parp1_brd4_egfr_vegfr2_aligned_20260827/baselines/drugex_v2/formal_10240_seed46/anytime/budget_10240/quality_constrained/quality_annotated_molecules.csv","-7.5","","-9.1","","-9.1","-7.5","-7.5","-8.3","True","0.7758620689655172","0.22413793103448276","True"
"pairB","PARP1/BRD4","DrugEx v2","drugex_v2","46","4","DRX_BS46_04","Cc1ccc(-n2nnnc2NCc2ccnc(C3CC3)n2)cc1","7.31356400000001","7.156583333333348","7.156583333333348","7.235073666666679","0.7783312844978857","2.4930791529967955","2.25022","results/target_pairs/parp1_brd4_egfr_vegfr2_aligned_20260827/baselines/drugex_v2/formal_10240_seed46/anytime/budget_10240/quality_constrained/quality_annotated_molecules.csv","-8.0","","-8.8","","-8.8","-8.0","-8.0","-8.4","True","0.6428571428571429","0.3571428571428571","True"
"pairB","PARP1/BRD4","DrugEx v2","drugex_v2","46","5","DRX_BS46_05","Cc1nn2c(C)c(C(=O)N3CCOCC3C)nnc2c1-c1cccc(Cl)c1","7.140075000000025","7.502982500000034","7.140075000000025","7.321528750000029","0.6777727924815098","3.061763648141996","2.9224400000000017","results/target_pairs/parp1_brd4_egfr_vegfr2_aligned_20260827/baselines/drugex_v2/formal_10240_seed46/anytime/budget_10240/quality_constrained/quality_annotated_molecules.csv","-8.6","","-10.2","","-10.2","-8.6","-8.6","-9.399999999999999","True","0.639344262295082","0.360655737704918","True"
"pairB","PARP1/BRD4","DrugEx v2","drugex_v2","46","6","DRX_BS46_06","COC(=O)CCn1cnc2c(nnn2-c2cccc(Cl)c2)c1=O","7.107840000000032","7.267365000000034","7.107840000000032","7.1876025000000325","0.6659707308363703","2.356197761139514","1.1936999999999995","results/target_pairs/parp1_brd4_egfr_vegfr2_aligned_20260827/baselines/drugex_v2/formal_10240_seed46/anytime/budget_10240/quality_constrained/quality_annotated_molecules.csv","-8.1","","-8.5","","-8.5","-8.1","-8.1","-8.3","True","0.8148148148148148","0.18518518518518523","True"
"pairB","PARP1/BRD4","DrugEx v2","drugex_v2","46","7","DRX_BS46_07","CC(C)(O)CCc1cccc(C(=O)N2CCCC2C(N)=O)c1","7.507795000000042","7.095902000000017","7.095902000000017","7.301848500000029","0.8639677146969981","2.60031258195227","1.48","results/target_pairs/parp1_brd4_egfr_vegfr2_aligned_20260827/baselines/drugex_v2/formal_10240_seed46/anytime/budget_10240/quality_constrained/quality_annotated_molecules.csv","-7.3","","-9.1","","-9.1","-7.3","-7.3","-8.2","True","1.0","0.0","False"
"pairB","PARP1/BRD4","DrugEx v2","drugex_v2","46","8","DRX_BS46_08","CC(C)(O)CN1CCN(C(=O)c2cccc(COn3cccn3)c2)CC1","7.538925000000018","7.079500000000017","7.079500000000017","7.309212500000017","0.8355230060240761","2.597708075742247","1.0405999999999993","results/target_pairs/parp1_brd4_egfr_vegfr2_aligned_20260827/baselines/drugex_v2/formal_10240_seed46/anytime/budget_10240/quality_constrained/quality_annotated_molecules.csv","-7.0","","-9.5","","-9.5","-7.0","-7.0","-8.25","True","0.5932203389830508","0.4067796610169492","True"
"pairB","PARP1/BRD4","DrugEx v2","drugex_v2","46","9","DRX_BS46_09","O=C(Cn1cnc(C2CCC2)cc1=O)Nc1nncs1","7.07475000000001","7.176265000000022","7.07475000000001","7.125507500000015","0.9073198514294808","2.6577214634076327","1.001","results/target_pairs/parp1_brd4_egfr_vegfr2_aligned_20260827/baselines/drugex_v2/formal_10240_seed46/anytime/budget_10240/quality_constrained/quality_annotated_molecules.csv","-7.2","","-8.1","","-8.1","-7.2","-7.2","-7.65","True","0.7222222222222222","0.2777777777777778","True"
"pairB","PARP1/BRD4","DrugEx v2","drugex_v2","46","10","DRX_BS46_10","COCC(C)(O)CNC(=O)c1ccn(-c2ccc(F)cc2)n1","7.213400000000024","7.026810000000032","7.026810000000032","7.120105000000028","0.8388582899516562","2.7969853183961533","1.1385999999999996","results/target_pairs/parp1_brd4_egfr_vegfr2_aligned_20260827/baselines/drugex_v2/formal_10240_seed46/anytime/budget_10240/quality_constrained/quality_annotated_molecules.csv","-6.9","","-8.4","","-8.4","-6.9","-6.9","-7.65","False","0.68","0.31999999999999995","True"
"pairB","PARP1/BRD4","DrugEx v2","drugex_v2","47","1","DRX_BS47_01","Cc1ccc(-n2ccnc2SCC(=O)Nc2nncs2)cc1C","7.618880000000014","7.7251100000000275","7.618880000000014","7.67199500000002","0.7195687178261595","2.39798312961719","3.071440000000001","results/target_pairs/parp1_brd4_egfr_vegfr2_aligned_20260827/baselines/drugex_v2/formal_10240_seed47/anytime/budget_10240/quality_constrained/quality_annotated_molecules.csv","-7.8","","-9.4","","-9.4","-7.8","-7.8","-8.6","True","0.7543859649122807","0.24561403508771928","True"
"pairB","PARP1/BRD4","DrugEx v2","drugex_v2","47","2","DRX_BS47_02","CCN(C(=O)CSc1nncn1-c1ccc(C)cc1)C(C)C(C)C","7.437449999999995","7.4686350000000274","7.437449999999995","7.453042500000011","0.7194145746275165","2.863018392391896","3.5608200000000023","results/target_pairs/parp1_brd4_egfr_vegfr2_aligned_20260827/baselines/drugex_v2/formal_10240_seed47/anytime/budget_10240/quality_constrained/quality_annotated_molecules.csv","-6.6","","-7.7","","-7.7","-6.6","-6.6","-7.15","False","0.7058823529411765","0.2941176470588235","True"
"pairB","PARP1/BRD4","DrugEx v2","drugex_v2","47","3","DRX_BS47_03","N#CCSc1nncn1-c1ccc(F)c(Cl)c1","7.649899999999999","7.3843850000000275","7.3843850000000275","7.517142500000013","0.8033330332436224","2.506904081840558","2.675480000000001","results/target_pairs/parp1_brd4_egfr_vegfr2_aligned_20260827/baselines/drugex_v2/formal_10240_seed47/anytime/budget_10240/quality_constrained/quality_annotated_molecules.csv","-6.9","","-7.2","","-7.2","-6.9","-6.9","-7.050000000000001","False","0.7391304347826086","0.26086956521739135","True"
"pairB","PARP1/BRD4","DrugEx v2","drugex_v2","47","4","DRX_BS47_04","Cc1cc(C)c2nnc(C(=O)NCc3ccncc3)n2n1","7.479340000000004","7.252360000000004","7.252360000000004","7.365850000000004","0.7762478916793136","2.5575366973552462","1.06614","results/target_pairs/parp1_brd4_egfr_vegfr2_aligned_20260827/baselines/drugex_v2/formal_10240_seed47/anytime/budget_10240/quality_constrained/quality_annotated_molecules.csv","-7.6","","-9.0","","-9.0","-7.6","-7.6","-8.3","True","0.6326530612244898","0.36734693877551017","True"
"pairB","PARP1/BRD4","DrugEx v2","drugex_v2","47","5","DRX_BS47_05","Cc1ccc(-n2nnc(C(=O)Nc3nccs3)c2N)cc1","7.381610000000024","7.211930000000018","7.211930000000018","7.296770000000022","0.7689886613454473","2.26687362043217","1.86672","results/target_pairs/parp1_brd4_egfr_vegfr2_aligned_20260827/baselines/drugex_v2/formal_10240_seed47/anytime/budget_10240/quality_constrained/quality_annotated_molecules.csv","-7.0","","-8.3","","-8.3","-7.0","-7.0","-7.65","True","0.7916666666666666","0.20833333333333337","True"
"pairB","PARP1/BRD4","DrugEx v2","drugex_v2","47","6","DRX_BS47_06","O=C(c1ccc(=O)[nH]c1)N1CCn2c(nnc2-c2cccs2)C1","7.19099","7.70084166666672","7.19099","7.44591583333336","0.7699318677910533","2.5771335732034544","1.3509","results/target_pairs/parp1_brd4_egfr_vegfr2_aligned_20260827/baselines/drugex_v2/formal_10240_seed47/anytime/budget_10240/quality_constrained/quality_annotated_molecules.csv","-7.7","","-9.1","","-9.1","-7.7","-7.7","-8.4","True","0.7169811320754716","0.28301886792452835","True"
"pairB","PARP1/BRD4","DrugEx v2","drugex_v2","47","7","DRX_BS47_07","CCCCn1cnnc1C(CC)NC(=O)c1ccc(-n2cncn2)nc1","7.269535000000042","7.173528333333338","7.173528333333338","7.22153166666669","0.6628487262179271","3.183651329613788","1.935","results/target_pairs/parp1_brd4_egfr_vegfr2_aligned_20260827/baselines/drugex_v2/formal_10240_seed47/anytime/budget_10240/quality_constrained/quality_annotated_molecules.csv","-7.5","","-9.0","","-9.0","-7.5","-7.5","-8.25","True","0.625","0.375","True"
"pairB","PARP1/BRD4","DrugEx v2","drugex_v2","47","8","DRX_BS47_08","CCCC(C)C(=O)NCc1nncn1-c1cccc(C(F)(F)F)c1","7.164020000000027","7.416945000000042","7.164020000000027","7.290482500000035","0.8772968590434093","2.875452658126161","3.3385000000000016","results/target_pairs/parp1_brd4_egfr_vegfr2_aligned_20260827/baselines/drugex_v2/formal_10240_seed47/anytime/budget_10240/quality_constrained/quality_annotated_molecules.csv","-7.4","","-8.8","","-8.8","-7.4","-7.4","-8.100000000000001","True","0.6226415094339622","0.37735849056603776","True"
"pairB","PARP1/BRD4","DrugEx v2","drugex_v2","47","9","DRX_BS47_09","CC1CN(C(=O)c2cccc(CCC(C)(C)O)c2)CC(C)O1","7.389760000000012","7.09155200000002","7.09155200000002","7.240656000000015","0.9301172804063462","2.928105863721674","2.639500000000001","results/target_pairs/parp1_brd4_egfr_vegfr2_aligned_20260827/baselines/drugex_v2/formal_10240_seed47/anytime/budget_10240/quality_constrained/quality_annotated_molecules.csv","-7.6","","-9.0","","-9.0","-7.6","-7.6","-8.3","True","0.7608695652173914","0.23913043478260865","True"
"pairB","PARP1/BRD4","DrugEx v2","drugex_v2","47","10","DRX_BS47_10","CN1CCN(C(=O)C(Cc2ccccc2)C(C)(C)O)CC1","7.174925000000059","7.079621000000018","7.079621000000018","7.127273000000038","0.9111676095018916","2.657578256338267","1.3901999999999994","results/target_pairs/parp1_brd4_egfr_vegfr2_aligned_20260827/baselines/drugex_v2/formal_10240_seed47/anytime/budget_10240/quality_constrained/quality_annotated_molecules.csv","-6.2","","-7.9","","-7.9","-6.2","-6.2","-7.050000000000001","False","0.5294117647058824","0.47058823529411764","True"
"pairB","PARP1/BRD4","DrugEx v2","drugex_v2","48","1","DRX_BS48_01","CN(C(=O)c1ccc(=O)[nH]c1)c1nnc(-c2ccc(F)cc2)s1","7.23534999999997","7.352361666666703","7.23534999999997","7.293855833333337","0.7991114644534507","2.4263019031513497","2.3091","results/target_pairs/parp1_brd4_egfr_vegfr2_aligned_20260827/baselines/drugex_v2/formal_10240_seed48/anytime/budget_10240/quality_constrained/quality_annotated_molecules.csv","-7.9","","-9.6","","-9.6","-7.9","-7.9","-8.75","True","0.6041666666666666","0.39583333333333337","True"
"pairB","PARP1/BRD4","DrugEx v2","drugex_v2","48","2","DRX_BS48_02","O=C(Nc1nncs1)C1CC(=O)N(CCOc2ccccc2)C1","7.23705500000001","7.21326311111113","7.21326311111113","7.22515905555557","0.8643180447364465","2.6861918680034105","1.4040999999999997","results/target_pairs/parp1_brd4_egfr_vegfr2_aligned_20260827/baselines/drugex_v2/formal_10240_seed48/anytime/budget_10240/quality_constrained/quality_annotated_molecules.csv","-8.0","","-8.8","","-8.8","-8.0","-8.0","-8.4","True","0.7321428571428571","0.2678571428571429","True"
"pairB","PARP1/BRD4","DrugEx v2","drugex_v2","48","3","DRX_BS48_03","O=C(NCCc1cccnc1)C(c1cccnc1)N1CCOCC1","7.499740000000008","7.206305000000022","7.206305000000022","7.353022500000015","0.8641228360210916","2.6920273158627896","1.2087999999999994","results/target_pairs/parp1_brd4_egfr_vegfr2_aligned_20260827/baselines/drugex_v2/formal_10240_seed48/anytime/budget_10240/quality_constrained/quality_annotated_molecules.csv","-7.2","","-8.5","","-8.5","-7.2","-7.2","-7.85","True","0.7454545454545455","0.2545454545454545","True"
"pairB","PARP1/BRD4","DrugEx v2","drugex_v2","48","4","DRX_BS48_04","COC(=O)Cc1ccc(-n2nnnc2COc2ccc(C)cc2)cc1","7.559205000000004","7.164106666666678","7.164106666666678","7.361655833333341","0.641598952482952","2.032857005407412","2.26522","results/target_pairs/parp1_brd4_egfr_vegfr2_aligned_20260827/baselines/drugex_v2/formal_10240_seed48/anytime/budget_10240/quality_constrained/quality_annotated_molecules.csv","-8.2","","-8.6","","-8.6","-8.2","-8.2","-8.399999999999999","True","0.6415094339622641","0.3584905660377359","True"
"pairB","PARP1/BRD4","DrugEx v2","drugex_v2","48","5","DRX_BS48_05","COc1ccc(CC(=O)Nc2ccc(Br)cc2F)cc1OC","7.152489999999983","7.300730000000021","7.152489999999983","7.226610000000003","0.8738474046473801","1.7410996497466569","3.7866000000000017","results/target_pairs/parp1_brd4_egfr_vegfr2_aligned_20260827/baselines/drugex_v2/formal_10240_seed48/anytime/budget_10240/quality_constrained/quality_annotated_molecules.csv","-7.4","","-8.1","","-8.1","-7.4","-7.4","-7.75","True","0.7608695652173914","0.23913043478260865","True"
"pairB","PARP1/BRD4","DrugEx v2","drugex_v2","48","6","DRX_BS48_06","Cn1cnnc1COc1ccc(-c2csc(NC3CC3)n2)cc1","7.22672500000001","7.147104166666692","7.147104166666692","7.186914583333351","0.753509114766109","2.388042643237899","3.0919000000000016","results/target_pairs/parp1_brd4_egfr_vegfr2_aligned_20260827/baselines/drugex_v2/formal_10240_seed48/anytime/budget_10240/quality_constrained/quality_annotated_molecules.csv","-7.4","","-8.2","","-8.2","-7.4","-7.4","-7.8","True","0.5263157894736842","0.4736842105263158","True"
"pairB","PARP1/BRD4","DrugEx v2","drugex_v2","48","7","DRX_BS48_07","Cc1cc(=O)c(C(C)(C)O)nn1-c1ccc(Cl)cc1","7.1464300000000005","7.16845000000001","7.1464300000000005","7.157440000000005","0.9178071314908935","2.330807314565241","2.4217200000000005","results/target_pairs/parp1_brd4_egfr_vegfr2_aligned_20260827/baselines/drugex_v2/formal_10240_seed48/anytime/budget_10240/quality_constrained/quality_annotated_molecules.csv","-6.9","","-8.0","","-8.0","-6.9","-6.9","-7.45","False","0.7894736842105263","0.21052631578947367","True"
"pairB","PARP1/BRD4","DrugEx v2","drugex_v2","48","8","DRX_BS48_08","O=C(c1c[nH]c(=O)cn1)N1CCN(Cc2nnnn2C2CC2)CC1","7.1204620000000265","7.173209000000044","7.1204620000000265","7.146835500000035","0.7686473217212066","2.67318330566226","-0.9506999999999995","results/target_pairs/parp1_brd4_egfr_vegfr2_aligned_20260827/baselines/drugex_v2/formal_10240_seed48/anytime/budget_10240/quality_constrained/quality_annotated_molecules.csv","-7.2","","-9.0","","-9.0","-7.2","-7.2","-8.1","True","0.5964912280701754","0.4035087719298246","True"
"pairB","PARP1/BRD4","DrugEx v2","drugex_v2","48","9","DRX_BS48_09","COCCn1ncc2nc(C(=O)OC(C)C)nnc21","7.112415000000013","7.446839999999998","7.112415000000013","7.279627500000005","0.7237195069237252","2.780142412319872","0.4328999999999994","results/target_pairs/parp1_brd4_egfr_vegfr2_aligned_20260827/baselines/drugex_v2/formal_10240_seed48/anytime/budget_10240/quality_constrained/quality_annotated_molecules.csv","-6.3","","-6.7","","-6.7","-6.3","-6.3","-6.5","False","0.4262295081967213","0.5737704918032787","True"
"pairB","PARP1/BRD4","DrugEx v2","drugex_v2","48","10","DRX_BS48_10","CCCCn1nnc2c(=O)n(Cc3ccc(C)cc3)cnc21","7.073110000000011","7.187720000000036","7.073110000000011","7.130415000000024","0.7234801910508919","2.2444112692746696","2.14482","results/target_pairs/parp1_brd4_egfr_vegfr2_aligned_20260827/baselines/drugex_v2/formal_10240_seed48/anytime/budget_10240/quality_constrained/quality_annotated_molecules.csv","-8.1","","-8.6","","-8.6","-8.1","-8.1","-8.35","True","0.717391304347826","0.28260869565217395","True"
"pairB","PARP1/BRD4","DrugEx v2","drugex_v2","49","1","DRX_BS49_01","O=c1cc(CSc2nnnn2C2CC2)cc[nH]1","7.569020000000021","7.301901666666702","7.301901666666702","7.435460833333362","0.8175745778881773","2.643956691730665","0.9885999999999996","results/target_pairs/parp1_brd4_egfr_vegfr2_aligned_20260827/baselines/drugex_v2/formal_10240_seed49/anytime/budget_10240/quality_constrained/quality_annotated_molecules.csv","-6.9","","-7.6","","-7.6","-6.9","-6.9","-7.25","False","0.6122448979591837","0.3877551020408163","True"
"pairB","PARP1/BRD4","DrugEx v2","drugex_v2","49","2","DRX_BS49_02","Cc1cc(=O)[nH]c2nnc(SCC(=O)NCc3ccccc3)n12","7.246555000000013","7.533931666666714","7.246555000000013","7.3902433333333635","0.6848120822560826","2.4434299827640444","1.13452","results/target_pairs/parp1_brd4_egfr_vegfr2_aligned_20260827/baselines/drugex_v2/formal_10240_seed49/anytime/budget_10240/quality_constrained/quality_annotated_molecules.csv","-7.8","","-9.3","","-9.3","-7.8","-7.8","-8.55","True","0.8461538461538461","0.15384615384615385","True"
"pairB","PARP1/BRD4","DrugEx v2","drugex_v2","49","3","DRX_BS49_03","Cn1nnc2cc(CNC(=O)NC3CCCCCC3)cnc21","7.418510000000023","7.165938333333347","7.165938333333347","7.292224166666685","0.8478905534359839","2.4201154244944494","1.8853","results/target_pairs/parp1_brd4_egfr_vegfr2_aligned_20260827/baselines/drugex_v2/formal_10240_seed49/anytime/budget_10240/quality_constrained/quality_annotated_molecules.csv","-7.7","","-9.4","","-9.4","-7.7","-7.7","-8.55","True","0.5161290322580645","0.4838709677419355","True"
"pairB","PARP1/BRD4","DrugEx v2","drugex_v2","49","4","DRX_BS49_04","CC(C)CNC(=O)Cn1cnc2c(nnn2-c2cccc(Cl)c2)c1=O","7.162365000000031","7.157113000000009","7.157113000000009","7.15973900000002","0.7417796807456479","2.36793453287994","1.4027999999999992","results/target_pairs/parp1_brd4_egfr_vegfr2_aligned_20260827/baselines/drugex_v2/formal_10240_seed49/anytime/budget_10240/quality_constrained/quality_annotated_molecules.csv","-7.6","","-9.2","","-9.2","-7.6","-7.6","-8.399999999999999","True","0.711864406779661","0.288135593220339","True"
"pairB","PARP1/BRD4","DrugEx v2","drugex_v2","49","5","DRX_BS49_05","Cc1scc2c(=O)n(-c3ccc(F)c(Cl)c3)cnc12","7.207759999999999","7.149115000000006","7.149115000000006","7.178437500000003","0.6877914377893931","2.620261135106521","3.5481200000000017","results/target_pairs/parp1_brd4_egfr_vegfr2_aligned_20260827/baselines/drugex_v2/formal_10240_seed49/anytime/budget_10240/quality_constrained/quality_annotated_molecules.csv","-7.5","","-7.9","","-7.9","-7.5","-7.5","-7.7","True","0.45901639344262296","0.540983606557377","True"
"pairB","PARP1/BRD4","DrugEx v2","drugex_v2","49","6","DRX_BS49_06","CCc1nnc2c(=O)n(-c3ccc(F)c(F)c3)ccn12","7.111874999999987","7.882035000000036","7.111874999999987","7.496955000000011","0.7158319095678463","2.4778820041826464","1.7208","results/target_pairs/parp1_brd4_egfr_vegfr2_aligned_20260827/baselines/drugex_v2/formal_10240_seed49/anytime/budget_10240/quality_constrained/quality_annotated_molecules.csv","-8.1","","-8.6","","-8.6","-8.1","-8.1","-8.35","True","0.6382978723404256","0.36170212765957444","True"
"pairB","PARP1/BRD4","DrugEx v2","drugex_v2","49","7","DRX_BS49_07","Cn1nnc2c(=O)n(Cc3cccc(C(F)(F)F)c3)cnc21","7.262420000000024","7.078665000000028","7.078665000000028","7.1705425000000265","0.7209122992149801","2.397039624525973","1.5920999999999992","results/target_pairs/parp1_brd4_egfr_vegfr2_aligned_20260827/baselines/drugex_v2/formal_10240_seed49/anytime/budget_10240/quality_constrained/quality_annotated_molecules.csv","-9.0","","-9.5","","-9.5","-9.0","-9.0","-9.25","True","0.7692307692307693","0.23076923076923073","True"
"pairB","PARP1/BRD4","DrugEx v2","drugex_v2","49","8","DRX_BS49_08","Cc1ccnnc1C(=O)N1CCCC1C(=O)c1nccs1","7.323685000000026","7.070350000000018","7.070350000000018","7.197017500000023","0.8070432163887413","3.257688229813067","1.72902","results/target_pairs/parp1_brd4_egfr_vegfr2_aligned_20260827/baselines/drugex_v2/formal_10240_seed49/anytime/budget_10240/quality_constrained/quality_annotated_molecules.csv","-7.6","","-7.9","","-7.9","-7.6","-7.6","-7.75","True","0.5614035087719298","0.4385964912280702","True"
"pairB","PARP1/BRD4","DrugEx v2","drugex_v2","49","9","DRX_BS49_09","Cn1nnc2cc(C(=O)NCc3cccc(S(N)(=O)=O)c3)cnc21","7.359850000000025","7.050192857142864","7.050192857142864","7.2050214285714445","0.6798170704896013","2.3650888315445524","-0.0592999999999996","results/target_pairs/parp1_brd4_egfr_vegfr2_aligned_20260827/baselines/drugex_v2/formal_10240_seed49/anytime/budget_10240/quality_constrained/quality_annotated_molecules.csv","-8.9","","-10.1","","-10.1","-8.9","-8.9","-9.5","True","0.6206896551724138","0.3793103448275862","True"
"pairB","PARP1/BRD4","DrugEx v2","drugex_v2","49","10","DRX_BS49_10","Cn1nnc2cc(C(=O)NCCc3ccccc3F)cnc21","7.085710000000034","7.044437857142882","7.044437857142882","7.065073928571458","0.7916545279574859","2.256571708835109","1.4749","results/target_pairs/parp1_brd4_egfr_vegfr2_aligned_20260827/baselines/drugex_v2/formal_10240_seed49/anytime/budget_10240/quality_constrained/quality_annotated_molecules.csv","-8.5","","-8.9","","-8.9","-8.5","-8.5","-8.7","True","0.639344262295082","0.360655737704918","True"
"pairB","PARP1/BRD4","DrugEx v2","drugex_v2","50","1","DRX_BS50_01","CCN(CC)C(=O)C(C)Sc1nncn1-c1ccc(C)c(Cl)c1","7.550390000000007","7.366570000000028","7.366570000000028","7.4584800000000175","0.745508047814185","2.830537349387697","3.578120000000002","results/target_pairs/parp1_brd4_egfr_vegfr2_aligned_20260827/baselines/drugex_v2/formal_10240_seed50/anytime/budget_10240/quality_constrained/quality_annotated_molecules.csv","-6.6","","-8.4","","-8.4","-6.6","-6.6","-7.5","False","0.7307692307692307","0.2692307692307693","True"
"pairB","PARP1/BRD4","DrugEx v2","drugex_v2","50","2","DRX_BS50_02","COC(=O)CSc1nncn1-c1cccc(Cl)c1","7.281345000000027","7.499555000000038","7.281345000000027","7.390450000000032","0.6358046998594067","2.1437240232769827","2.1858000000000004","results/target_pairs/parp1_brd4_egfr_vegfr2_aligned_20260827/baselines/drugex_v2/formal_10240_seed50/anytime/budget_10240/quality_constrained/quality_annotated_molecules.csv","-6.8","","-7.5","","-7.5","-6.8","-6.8","-7.15","False","0.7916666666666666","0.20833333333333337","True"
"pairB","PARP1/BRD4","DrugEx v2","drugex_v2","50","3","DRX_BS50_03","O=S(=O)(Cc1ccc(F)c(F)c1)NCC(O)(c1cccs1)C1CC1","7.246543333333324","7.296840000000027","7.246543333333324","7.271691666666675","0.7843043434253254","3.24156174903525","2.743500000000001","results/target_pairs/parp1_brd4_egfr_vegfr2_aligned_20260827/baselines/drugex_v2/formal_10240_seed50/anytime/budget_10240/quality_constrained/quality_annotated_molecules.csv","-7.3","","-8.3","","-8.3","-7.3","-7.3","-7.800000000000001","True","0.7254901960784313","0.27450980392156865","True"
"pairB","PARP1/BRD4","DrugEx v2","drugex_v2","50","4","DRX_BS50_04","O=S(=O)(NCc1cccnc1)c1ccc(Br)cc1F","7.18578999999999","7.253710000000025","7.18578999999999","7.219750000000007","0.9261832503541836","2.007406853539031","2.4617000000000004","results/target_pairs/parp1_brd4_egfr_vegfr2_aligned_20260827/baselines/drugex_v2/formal_10240_seed50/anytime/budget_10240/quality_constrained/quality_annotated_molecules.csv","-7.7","","-7.5","","-7.5","-7.7","-7.5","-7.6","True","1.0","0.0","False"
"pairB","PARP1/BRD4","DrugEx v2","drugex_v2","50","5","DRX_BS50_05","CCOc1cccc(CS(=O)(=O)c2nncn2C2CC2)c1","7.548985000000015","7.16019083333334","7.16019083333334","7.354587916666677","0.8156006025420697","2.489933320562548","1.9856","results/target_pairs/parp1_brd4_egfr_vegfr2_aligned_20260827/baselines/drugex_v2/formal_10240_seed50/anytime/budget_10240/quality_constrained/quality_annotated_molecules.csv","-6.8","","-7.6","","-7.6","-6.8","-6.8","-7.199999999999999","False","0.6730769230769231","0.32692307692307687","True"
"pairB","PARP1/BRD4","DrugEx v2","drugex_v2","50","6","DRX_BS50_06","CS(=O)(=O)N(CCCc1nnc2n1CCCC2)c1ccc(F)cc1","7.151890000000032","7.160405000000036","7.151890000000032","7.156147500000034","0.7988290660657636","2.433843889962869","2.1522999999999994","results/target_pairs/parp1_brd4_egfr_vegfr2_aligned_20260827/baselines/drugex_v2/formal_10240_seed50/anytime/budget_10240/quality_constrained/quality_annotated_molecules.csv","-7.9","","-8.4","","-8.4","-7.9","-7.9","-8.15","True","0.5263157894736842","0.4736842105263158","True"
"pairB","PARP1/BRD4","DrugEx v2","drugex_v2","50","7","DRX_BS50_07","Cc1ccc(-n2cnc3c(Cl)cc(F)cc3c2=O)cc1F","7.2330550000000065","7.140210000000016","7.140210000000016","7.186632500000011","0.6879572680030144","2.250913381705379","3.625720000000002","results/target_pairs/parp1_brd4_egfr_vegfr2_aligned_20260827/baselines/drugex_v2/formal_10240_seed50/anytime/budget_10240/quality_constrained/quality_annotated_molecules.csv","-7.8","","-9.1","","-9.1","-7.8","-7.8","-8.45","True","0.4423076923076923","0.5576923076923077","True"
"pairB","PARP1/BRD4","DrugEx v2","drugex_v2","50","8","DRX_BS50_08","CC(=O)N1CCN(c2ccc(-c3nnc(N)n3C)nc2)CC1","7.139000000000016","7.310335833333349","7.139000000000016","7.224667916666682","0.8471140650018243","2.4697141760453185","0.1278000000000001","results/target_pairs/parp1_brd4_egfr_vegfr2_aligned_20260827/baselines/drugex_v2/formal_10240_seed50/anytime/budget_10240/quality_constrained/quality_annotated_molecules.csv","-8.1","","-8.7","","-8.7","-8.1","-8.1","-8.399999999999999","True","0.4528301886792453","0.5471698113207547","True"
"pairB","PARP1/BRD4","DrugEx v2","drugex_v2","50","9","DRX_BS50_09","CC(C)(O)CCc1cccc(S(=O)(=O)N2CCOCC2)c1","7.429190000000005","7.137530000000024","7.137530000000024","7.283360000000014","0.8923935762078051","2.1408173604852205","1.411","results/target_pairs/parp1_brd4_egfr_vegfr2_aligned_20260827/baselines/drugex_v2/formal_10240_seed50/anytime/budget_10240/quality_constrained/quality_annotated_molecules.csv","-6.9","","-8.3","","-8.3","-6.9","-6.9","-7.6000000000000005","False","0.6666666666666666","0.33333333333333337","True"
"pairB","PARP1/BRD4","DrugEx v2","drugex_v2","50","10","DRX_BS50_10","CC(O)(CNCc1ccc(F)cc1)c1cccs1","7.258924999999969","7.133790000000019","7.133790000000019","7.196357499999994","0.8709796343282767","2.714517591933898","2.884500000000001","results/target_pairs/parp1_brd4_egfr_vegfr2_aligned_20260827/baselines/drugex_v2/formal_10240_seed50/anytime/budget_10240/quality_constrained/quality_annotated_molecules.csv","-6.4","","-7.3","","-7.3","-6.4","-6.4","-6.85","False","0.7111111111111111","0.28888888888888886","True"
"pairB","PARP1/BRD4","DrugEx v2","drugex_v2","51","1","DRX_BS51_01","Cc1ccc(CC(=O)N2CCCC2c2nnc(C)n2C)cc1Cl","7.673725000000037","7.588001666666724","7.588001666666724","7.63086333333338","0.8678534775981187","2.811163997739346","2.9915400000000014","results/target_pairs/parp1_brd4_egfr_vegfr2_aligned_20260827/baselines/drugex_v2/formal_10240_seed51/anytime/budget_10240/quality_constrained/quality_annotated_molecules.csv","-7.6","","-9.1","","-9.1","-7.6","-7.6","-8.35","True","0.532258064516129","0.467741935483871","True"
"pairB","PARP1/BRD4","DrugEx v2","drugex_v2","51","2","DRX_BS51_02","Cc1ccc(-n2cnnc2SCC(N)=O)cc1Cl","7.588285000000011","7.466685000000026","7.466685000000026","7.527485000000018","0.8680728902200882","2.249809887530376","1.80652","results/target_pairs/parp1_brd4_egfr_vegfr2_aligned_20260827/baselines/drugex_v2/formal_10240_seed51/anytime/budget_10240/quality_constrained/quality_annotated_molecules.csv","-7.4","","-7.9","","-7.9","-7.4","-7.4","-7.65","True","1.0","0.0","False"
"pairB","PARP1/BRD4","DrugEx v2","drugex_v2","51","3","DRX_BS51_03","COc1cccc(CCc2nnc3c(N)cc(C)cn23)c1","7.4194650000000175","7.352640000000012","7.352640000000012","7.386052500000014","0.7977746010457255","2.3263659281244777","2.4137200000000005","results/target_pairs/parp1_brd4_egfr_vegfr2_aligned_20260827/baselines/drugex_v2/formal_10240_seed51/anytime/budget_10240/quality_constrained/quality_annotated_molecules.csv","-8.1","","-8.8","","-8.8","-8.1","-8.1","-8.45","True","0.717391304347826","0.28260869565217395","True"
"pairB","PARP1/BRD4","DrugEx v2","drugex_v2","51","4","DRX_BS51_04","Cc1cc(N)c2nnc(CCc3ccccc3)n2c1","7.292310000000005","7.291500000000012","7.291500000000012","7.291905000000009","0.7784105690474113","2.236585447021021","2.40512","results/target_pairs/parp1_brd4_egfr_vegfr2_aligned_20260827/baselines/drugex_v2/formal_10240_seed51/anytime/budget_10240/quality_constrained/quality_annotated_molecules.csv","-7.8","","-8.5","","-8.5","-7.8","-7.8","-8.15","True","1.0","0.0","False"
"pairB","PARP1/BRD4","DrugEx v2","drugex_v2","51","5","DRX_BS51_05","Cc1ccc(CCc2nnc3c(N)cc(C)cn23)cc1","7.31301000000001","7.27523500000001","7.27523500000001","7.29412250000001","0.7926730533010442","2.288602435067551","2.713540000000001","results/target_pairs/parp1_brd4_egfr_vegfr2_aligned_20260827/baselines/drugex_v2/formal_10240_seed51/anytime/budget_10240/quality_constrained/quality_annotated_molecules.csv","-8.0","","-9.0","","-9.0","-8.0","-8.0","-8.5","True","1.0","0.0","False"
"pairB","PARP1/BRD4","DrugEx v2","drugex_v2","51","6","DRX_BS51_06","CCOc1ccc(-n2nnc(C(=O)Nc3cccc(C)c3C)c2N)cc1","7.359690000000013","7.225160000000012","7.225160000000012","7.292425000000012","0.7362739058827291","2.0994752218135027","3.1173400000000004","results/target_pairs/parp1_brd4_egfr_vegfr2_aligned_20260827/baselines/drugex_v2/formal_10240_seed51/anytime/budget_10240/quality_constrained/quality_annotated_molecules.csv","-7.7","","-9.9","","-9.9","-7.7","-7.7","-8.8","True","0.7962962962962963","0.20370370370370372","True"
"pairB","PARP1/BRD4","DrugEx v2","drugex_v2","51","7","DRX_BS51_07","CCc1ccc(OCc2nnc3c(N)cccn23)cc1","7.2005150000000295","7.202045000000021","7.2005150000000295","7.201280000000025","0.7889940474555366","2.185687148176584","2.4529000000000005","results/target_pairs/parp1_brd4_egfr_vegfr2_aligned_20260827/baselines/drugex_v2/formal_10240_seed51/anytime/budget_10240/quality_constrained/quality_annotated_molecules.csv","-8.0","","-8.4","","-8.4","-8.0","-8.0","-8.2","True","1.0","0.0","False"
"pairB","PARP1/BRD4","DrugEx v2","drugex_v2","51","8","DRX_BS51_08","CC(C)n1cnnc1CN(Cc1ccc(F)cc1)S(C)(=O)=O","7.492900000000013","7.16210500000004","7.16210500000004","7.327502500000026","0.8136321583892763","2.5149625879559885","1.9599","results/target_pairs/parp1_brd4_egfr_vegfr2_aligned_20260827/baselines/drugex_v2/formal_10240_seed51/anytime/budget_10240/quality_constrained/quality_annotated_molecules.csv","-6.4","","-8.3","","-8.3","-6.4","-6.4","-7.3500000000000005","False","0.5853658536585366","0.41463414634146345","True"
"pairB","PARP1/BRD4","DrugEx v2","drugex_v2","51","9","DRX_BS51_09","COc1ccc(CCc2nnc3c(N)cccn23)cc1","7.25921333333336","7.157830000000026","7.157830000000026","7.208521666666693","0.786671971293549","2.153981843136796","2.1053","results/target_pairs/parp1_brd4_egfr_vegfr2_aligned_20260827/baselines/drugex_v2/formal_10240_seed51/anytime/budget_10240/quality_constrained/quality_annotated_molecules.csv","-8.1","","-8.3","","-8.3","-8.1","-8.1","-8.2","True","0.7857142857142857","0.2142857142857143","True"
"pairB","PARP1/BRD4","DrugEx v2","drugex_v2","51","10","DRX_BS51_10","Cc1ccc(CNC(=O)c2csc(-c3cnccn3)n2)cc1F","7.153774999999987","7.583330000000021","7.153774999999987","7.368552500000004","0.7993339846755525","2.2394635491976107","2.977620000000001","results/target_pairs/parp1_brd4_egfr_vegfr2_aligned_20260827/baselines/drugex_v2/formal_10240_seed51/anytime/budget_10240/quality_constrained/quality_annotated_molecules.csv","-7.8","","-9.2","","-9.2","-7.8","-7.8","-8.5","True","0.7454545454545455","0.2545454545454545","True"
"pairB","PARP1/BRD4","MO-LSO","mo_lso","42","1","MLS_BS42_01","Cc1ccc(CNC(=O)C(c2ccccc2)N2CCOCC2)cn1","7.501460000000015","7.7908850000000065","7.501460000000015","7.646172500000011","0.9143763964182196","2.51852422655773","2.07972","results/target_pairs/parp1_brd4_egfr_vegfr2_aligned_20260827/baselines/mo_lso/formal_10240_seed42/anytime/budget_10240/quality_constrained/quality_annotated_molecules.csv","-7.9","","-9.1","","-9.1","-7.9","-7.9","-8.5","True","0.7142857142857143","0.2857142857142857","True"
"pairB","PARP1/BRD4","MO-LSO","mo_lso","42","2","MLS_BS42_02","CCN(C)C(=O)c1ccccc1-c1cn(-c2cnccn2)nn1","7.246145000000017","7.582670000000043","7.246145000000017","7.41440750000003","0.7344658414700805","2.536075437309499","1.8162","results/target_pairs/parp1_brd4_egfr_vegfr2_aligned_20260827/baselines/mo_lso/formal_10240_seed42/anytime/budget_10240/quality_constrained/quality_annotated_molecules.csv","-7.2","","-8.1","","-8.1","-7.2","-7.2","-7.65","True","0.4126984126984127","0.5873015873015873","True"
"pairB","PARP1/BRD4","MO-LSO","mo_lso","42","3","MLS_BS42_03","CC(c1ccccc1F)N1CCN(C(=O)Cc2ccc(O)cc2)CC1","7.707815000000041","7.143270000000018","7.143270000000018","7.425542500000029","0.9289481389467","2.462139355850063","2.9792000000000014","results/target_pairs/parp1_brd4_egfr_vegfr2_aligned_20260827/baselines/mo_lso/formal_10240_seed42/anytime/budget_10240/quality_constrained/quality_annotated_molecules.csv","-8.6","","-9.9","","-9.9","-8.6","-8.6","-9.25","True","0.7708333333333334","0.22916666666666663","True"
"pairB","PARP1/BRD4","MO-LSO","mo_lso","42","4","MLS_BS42_04","Cc1ccccc1NC(=O)c1cccc(Cn2cnnc2C)c1","7.203505000000021","7.139155000000024","7.139155000000024","7.171330000000022","0.8049852441721206","2.069267045701107","3.195540000000002","results/target_pairs/parp1_brd4_egfr_vegfr2_aligned_20260827/baselines/mo_lso/formal_10240_seed42/anytime/budget_10240/quality_constrained/quality_annotated_molecules.csv","-8.1","","-9.4","","-9.4","-8.1","-8.1","-8.75","True","0.5769230769230769","0.42307692307692313","True"
"pairB","PARP1/BRD4","MO-LSO","mo_lso","42","5","MLS_BS42_05","COCc1ccccc1NC(=O)c1cn(C2(C#N)CC2)nn1","7.084130000000034","7.246880000000022","7.084130000000034","7.165505000000028","0.9061230107495422","2.786380181008097","1.68948","results/target_pairs/parp1_brd4_egfr_vegfr2_aligned_20260827/baselines/mo_lso/formal_10240_seed42/anytime/budget_10240/quality_constrained/quality_annotated_molecules.csv","-6.7","","-8.2","","-8.2","-6.7","-6.7","-7.449999999999999","False","0.603448275862069","0.39655172413793105","True"
"pairB","PARP1/BRD4","MO-LSO","mo_lso","42","6","MLS_BS42_06","CCn1cnnc1-c1ccc(C(=O)COc2ccc(F)cc2)cc1","7.196840000000045","7.080253095238105","7.080253095238105","7.138546547619075","0.6521259444169767","2.0710943424515573","3.365800000000002","results/target_pairs/parp1_brd4_egfr_vegfr2_aligned_20260827/baselines/mo_lso/formal_10240_seed42/anytime/budget_10240/quality_constrained/quality_annotated_molecules.csv","-8.4","","-8.4","","-8.4","-8.4","-8.4","-8.4","True","0.6153846153846154","0.3846153846153846","True"
"pairB","PARP1/BRD4","MO-LSO","mo_lso","42","7","MLS_BS42_07","Cc1nnc(NC(=O)Cc2cnn(-c3ncccc3Cl)c2)s1","7.455185000000005","7.072966666666703","7.072966666666703","7.264075833333354","0.7905994724595861","2.477044236307636","2.26182","results/target_pairs/parp1_brd4_egfr_vegfr2_aligned_20260827/baselines/mo_lso/formal_10240_seed42/anytime/budget_10240/quality_constrained/quality_annotated_molecules.csv","-7.6","","-8.8","","-8.8","-7.6","-7.6","-8.2","True","0.6666666666666666","0.33333333333333337","True"
"pairB","PARP1/BRD4","MO-LSO","mo_lso","42","8","MLS_BS42_08","Cc1ccn(C(=O)C2(COc3cccc(F)c3)CC2c2nnnn2C)c1","7.144855000000025","7.070890000000024","7.070890000000024","7.107872500000024","0.7022707902321436","3.9680333473499294","2.35222","results/target_pairs/parp1_brd4_egfr_vegfr2_aligned_20260827/baselines/mo_lso/formal_10240_seed42/anytime/budget_10240/quality_constrained/quality_annotated_molecules.csv","-7.6","","-9.4","","-9.4","-7.6","-7.6","-8.5","True","0.4246575342465753","0.5753424657534247","True"
"pairB","PARP1/BRD4","MO-LSO","mo_lso","42","9","MLS_BS42_09","COc1cc2c(Oc3cc(-n4ccnc4N)ccn3)nncc2cn1","7.06493000000003","7.596745000000038","7.06493000000003","7.330837500000033","0.6020213504182047","3.127036694553881","1.988599999999999","results/target_pairs/parp1_brd4_egfr_vegfr2_aligned_20260827/baselines/mo_lso/formal_10240_seed42/anytime/budget_10240/quality_constrained/quality_annotated_molecules.csv","-8.2","","-9.6","","-9.6","-8.2","-8.2","-8.899999999999999","True","0.3442622950819672","0.6557377049180328","True"
"pairB","PARP1/BRD4","MO-LSO","mo_lso","42","10","MLS_BS42_10","Cc1cncnc1N1CCOCC1CC(=O)Nc1nncn1-c1ccc(F)cc1","7.549320000000033","7.048113928571447","7.048113928571447","7.29871696428574","0.7001872092717739","3.3597152451878367","1.7388199999999991","results/target_pairs/parp1_brd4_egfr_vegfr2_aligned_20260827/baselines/mo_lso/formal_10240_seed42/anytime/budget_10240/quality_constrained/quality_annotated_molecules.csv","-6.9","","-9.6","","-9.6","-6.9","-6.9","-8.25","False","0.36470588235294116","0.6352941176470588","True"
"pairB","PARP1/BRD4","MO-LSO","mo_lso","43","1","MLS_BS43_01","Cc1noc(CNC(=O)c2ccc(-n3cnnc3C)cc2F)n1","7.417010000000022","7.502835000000024","7.417010000000022","7.459922500000022","0.7795253360743825","2.6103194179442486","1.33624","results/target_pairs/parp1_brd4_egfr_vegfr2_aligned_20260827/baselines/mo_lso/formal_10240_seed43/anytime/budget_10240/quality_constrained/quality_annotated_molecules.csv","-8.0","","-9.5","","-9.5","-8.0","-8.0","-8.75","True","0.6666666666666666","0.33333333333333337","True"
"pairB","PARP1/BRD4","MO-LSO","mo_lso","43","2","MLS_BS43_02","CCN1C(=O)COc2ccc(-n3cnnc3C(C)=O)cc21","7.729265000000002","7.326141666666699","7.326141666666699","7.527703333333351","0.7926623537415831","2.7431818212144385","1.2152","results/target_pairs/parp1_brd4_egfr_vegfr2_aligned_20260827/baselines/mo_lso/formal_10240_seed43/anytime/budget_10240/quality_constrained/quality_annotated_molecules.csv","-7.3","","-8.0","","-8.0","-7.3","-7.3","-7.65","True","0.5084745762711864","0.4915254237288136","True"
"pairB","PARP1/BRD4","MO-LSO","mo_lso","43","3","MLS_BS43_03","CCc1nncn1CC(=O)NCc1cc[nH]c(=O)c1","7.551390000000006","7.323730666666695","7.323730666666695","7.43756033333335","0.7821789074717791","2.691625866601441","-0.1548000000000006","results/target_pairs/parp1_brd4_egfr_vegfr2_aligned_20260827/baselines/mo_lso/formal_10240_seed43/anytime/budget_10240/quality_constrained/quality_annotated_molecules.csv","-7.1","","-7.7","","-7.7","-7.1","-7.1","-7.4","True","0.4745762711864407","0.5254237288135593","True"
"pairB","PARP1/BRD4","MO-LSO","mo_lso","43","4","MLS_BS43_04","Cc1ccc(CNC(=O)c2nnc(-n3cncn3)[nH]2)cc1","7.318150000000008","7.343065000000042","7.318150000000008","7.330607500000025","0.7307098278777184","2.7540080592720173","0.6238199999999997","results/target_pairs/parp1_brd4_egfr_vegfr2_aligned_20260827/baselines/mo_lso/formal_10240_seed43/anytime/budget_10240/quality_constrained/quality_annotated_molecules.csv","-7.9","","-9.1","","-9.1","-7.9","-7.9","-8.5","True","0.5882352941176471","0.4117647058823529","True"
"pairB","PARP1/BRD4","MO-LSO","mo_lso","43","5","MLS_BS43_05","Cc1ccc(-n2cnnc2NC(=O)CC2COCCN2c2ncncc2C)cc1","7.5034650000000385","7.121882500000012","7.121882500000012","7.312673750000025","0.7069183588222165","3.3438300803526726","1.908139999999999","results/target_pairs/parp1_brd4_egfr_vegfr2_aligned_20260827/baselines/mo_lso/formal_10240_seed43/anytime/budget_10240/quality_constrained/quality_annotated_molecules.csv","-7.3","","-10.9","","-10.9","-7.3","-7.3","-9.1","True","0.3902439024390244","0.6097560975609756","True"
"pairB","PARP1/BRD4","MO-LSO","mo_lso","43","6","MLS_BS43_06","CCn1cc(COC(=O)Nc2csc(-c3ccccn3)n2)cn1","7.417740000000003","7.097260000000021","7.097260000000021","7.257500000000012","0.7772495172152551","2.545659405580034","3.1702000000000004","results/target_pairs/parp1_brd4_egfr_vegfr2_aligned_20260827/baselines/mo_lso/formal_10240_seed43/anytime/budget_10240/quality_constrained/quality_annotated_molecules.csv","-7.1","","-8.1","","-8.1","-7.1","-7.1","-7.6","True","0.5217391304347826","0.4782608695652174","True"
"pairB","PARP1/BRD4","MO-LSO","mo_lso","43","7","MLS_BS43_07","CC1(C(=O)Nc2cccc(-n3cnnc3F)c2)COc2ccccc21","7.092210000000022","7.432155000000034","7.092210000000022","7.262182500000028","0.7971350546165299","3.329986999403694","2.6952000000000007","results/target_pairs/parp1_brd4_egfr_vegfr2_aligned_20260827/baselines/mo_lso/formal_10240_seed43/anytime/budget_10240/quality_constrained/quality_annotated_molecules.csv","-8.8","","-10.5","","-10.5","-8.8","-8.8","-9.65","True","0.43478260869565216","0.5652173913043479","True"
"pairB","PARP1/BRD4","MO-LSO","mo_lso","43","8","MLS_BS43_08","CCn1cnnc1-c1ccc(C(=O)COc2ccc(F)cc2)cc1","7.196840000000045","7.080253095238108","7.080253095238108","7.138546547619077","0.6521259444169767","2.0710943424515573","3.365800000000002","results/target_pairs/parp1_brd4_egfr_vegfr2_aligned_20260827/baselines/mo_lso/formal_10240_seed43/anytime/budget_10240/quality_constrained/quality_annotated_molecules.csv","-8.4","","-8.4","","-8.4","-8.4","-8.4","-8.4","True","0.6153846153846154","0.3846153846153846","True"
"pairB","PARP1/BRD4","MO-LSO","mo_lso","43","9","MLS_BS43_09","Cc1nc(-c2ccccc2-n2nnnc2C(=O)NC2CC2)c(C)s1","7.074495000000005","7.195090333333373","7.074495000000005","7.134792666666689","0.7874444613196858","2.6096208130397915","2.29484","results/target_pairs/parp1_brd4_egfr_vegfr2_aligned_20260827/baselines/mo_lso/formal_10240_seed43/anytime/budget_10240/quality_constrained/quality_annotated_molecules.csv","-7.9","","-8.8","","-8.8","-7.9","-7.9","-8.350000000000001","True","0.46774193548387094","0.532258064516129","True"
"pairB","PARP1/BRD4","MO-LSO","mo_lso","43","10","MLS_BS43_10","Cc1cnncc1CC(=O)OCC1CCN(c2nncs2)C1","7.070990000000002","7.393370000000043","7.070990000000002","7.232180000000023","0.7670957719422768","3.480240130029193","1.2487199999999996","results/target_pairs/parp1_brd4_egfr_vegfr2_aligned_20260827/baselines/mo_lso/formal_10240_seed43/anytime/budget_10240/quality_constrained/quality_annotated_molecules.csv","-7.2","","-8.7","","-8.7","-7.2","-7.2","-7.949999999999999","True","0.4307692307692308","0.5692307692307692","True"
"pairB","PARP1/BRD4","MO-LSO","mo_lso","44","1","MLS_BS44_01","COC(F)Cn1cnc2cc(-n3cnnc3C)ccc2c1=O","7.661738000000014","7.676995000000039","7.661738000000014","7.669366500000026","0.7243857014678146","3.3999224578827896","1.2276199999999995","results/target_pairs/parp1_brd4_egfr_vegfr2_aligned_20260827/baselines/mo_lso/formal_10240_seed44/anytime/budget_10240/quality_constrained/quality_annotated_molecules.csv","-7.2","","-8.9","","-8.9","-7.2","-7.2","-8.05","True","0.4328358208955223","0.5671641791044777","True"
"pairB","PARP1/BRD4","MO-LSO","mo_lso","44","2","MLS_BS44_02","Cc1ccc(CNC(=O)C(c2ccccc2)N2CCOCC2)cn1","7.501460000000015","7.790885000000006","7.501460000000015","7.64617250000001","0.9143763964182196","2.51852422655773","2.07972","results/target_pairs/parp1_brd4_egfr_vegfr2_aligned_20260827/baselines/mo_lso/formal_10240_seed44/anytime/budget_10240/quality_constrained/quality_annotated_molecules.csv","-7.9","","-9.1","","-9.1","-7.9","-7.9","-8.5","True","0.7142857142857143","0.2857142857142857","True"
"pairB","PARP1/BRD4","MO-LSO","mo_lso","44","3","MLS_BS44_03","CC1NCCCC1C(CC(=O)C1CC1)NCc1cn(-c2ccccc2)nn1","7.176925000000021","7.249095000000047","7.176925000000021","7.213010000000034","0.7499733054639028","3.844878849238869","2.4828","results/target_pairs/parp1_brd4_egfr_vegfr2_aligned_20260827/baselines/mo_lso/formal_10240_seed44/anytime/budget_10240/quality_constrained/quality_annotated_molecules.csv","-7.7","","-8.8","","-8.8","-7.7","-7.7","-8.25","True","0.484375","0.515625","True"
"pairB","PARP1/BRD4","MO-LSO","mo_lso","44","4","MLS_BS44_04","Cc1cc(CO)ccc1NC(C)C(=O)Nc1nncn1-c1nccs1","7.151465000000021","7.102206666666669","7.102206666666669","7.126835833333345","0.6221023778959522","3.19632288781106","1.96362","results/target_pairs/parp1_brd4_egfr_vegfr2_aligned_20260827/baselines/mo_lso/formal_10240_seed44/anytime/budget_10240/quality_constrained/quality_annotated_molecules.csv","-7.5","","-9.1","","-9.1","-7.5","-7.5","-8.3","True","0.4328358208955223","0.5671641791044777","True"
"pairB","PARP1/BRD4","MO-LSO","mo_lso","44","5","MLS_BS44_05","CCn1cnnc1-c1ccc(C(=O)COc2ccc(F)cc2)cc1","7.196840000000045","7.080253095238105","7.080253095238105","7.138546547619075","0.6521259444169767","2.0710943424515573","3.365800000000002","results/target_pairs/parp1_brd4_egfr_vegfr2_aligned_20260827/baselines/mo_lso/formal_10240_seed44/anytime/budget_10240/quality_constrained/quality_annotated_molecules.csv","-8.4","","-8.4","","-8.4","-8.4","-8.4","-8.4","True","0.6153846153846154","0.3846153846153846","True"
"pairB","PARP1/BRD4","MO-LSO","mo_lso","44","6","MLS_BS44_06","Cc1nnc(CNC(=O)N(CCc2ccc(Cl)cc2)c2nncn2C)o1","7.176790000000022","7.075764999999998","7.075764999999998","7.126277500000009","0.7075687979409478","2.8673918595260304","2.1188199999999995","results/target_pairs/parp1_brd4_egfr_vegfr2_aligned_20260827/baselines/mo_lso/formal_10240_seed44/anytime/budget_10240/quality_constrained/quality_annotated_molecules.csv","-8.2","","-9.5","","-9.5","-8.2","-8.2","-8.85","True","0.45714285714285713","0.5428571428571429","True"
"pairB","PARP1/BRD4","MO-LSO","mo_lso","44","7","MLS_BS44_07","CCCNC(=O)Cn1c(-c2nnc(C(C)C)n2C2CC2)c(C#N)c2c(C)nc(C)nc21","7.013235000000032","7.1283350000000105","7.013235000000032","7.070785000000021","0.6278194163876326","3.1007484094847504","3.1628200000000017","results/target_pairs/parp1_brd4_egfr_vegfr2_aligned_20260827/baselines/mo_lso/formal_10240_seed44/anytime/budget_10240/quality_constrained/quality_annotated_molecules.csv","-6.4","","-9.2","","-9.2","-6.4","-6.4","-7.8","False","0.3835616438356164","0.6164383561643836","True"
"pairB","PARP1/BRD4","MO-LSO","mo_lso","44","8","MLS_BS44_08","CCC(Cc1nnc(C#N)s1)n1cnc(COC)c1N","7.106565000000029","6.987178000000023","6.987178000000023","7.046871500000027","0.865676300417778","3.994149086091016","1.52868","results/target_pairs/parp1_brd4_egfr_vegfr2_aligned_20260827/baselines/mo_lso/formal_10240_seed44/anytime/budget_10240/quality_constrained/quality_annotated_molecules.csv","-5.9","","-7.2","","-7.2","-5.9","-5.9","-6.550000000000001","False","0.359375","0.640625","True"
"pairB","PARP1/BRD4","MO-LSO","mo_lso","44","9","MLS_BS44_09","Cc1ncncc1-n1c(N2CCOCC2)nc2c(C)nnc(N)c21","6.996060000000029","6.977220000000005","6.977220000000005","6.986640000000017","0.7307705530327857","3.017595345796039","0.6411399999999997","results/target_pairs/parp1_brd4_egfr_vegfr2_aligned_20260827/baselines/mo_lso/formal_10240_seed44/anytime/budget_10240/quality_constrained/quality_annotated_molecules.csv","-6.4","","-8.5","","-8.5","-6.4","-6.4","-7.45","False","0.36666666666666664","0.6333333333333333","True"
"pairB","PARP1/BRD4","MO-LSO","mo_lso","44","10","MLS_BS44_10","CC(C)c1nnn(CC(=O)Nc2cccc3[nH]c4ccoc4c23)n1","6.973675000000018","7.014490666666689","6.973675000000018","6.994082833333353","0.6006900913829851","2.8619304628528948","2.6627","results/target_pairs/parp1_brd4_egfr_vegfr2_aligned_20260827/baselines/mo_lso/formal_10240_seed44/anytime/budget_10240/quality_constrained/quality_annotated_molecules.csv","-8.3","","-9.1","","-9.1","-8.3","-8.3","-8.7","True","0.453125","0.546875","True"
"pairB","PARP1/BRD4","MO-LSO","mo_lso","45","1","MLS_BS45_01","Cc1ccc(-n2cnnc2C(=O)NCC2=CNC(C(N)=O)N=C2)cc1Cl","7.624430000000024","7.455620000000024","7.455620000000024","7.540025000000024","0.6954558239235303","3.926072918654884","0.3282200000000001","results/target_pairs/parp1_brd4_egfr_vegfr2_aligned_20260827/baselines/mo_lso/formal_10240_seed45/anytime/budget_10240/quality_constrained/quality_annotated_molecules.csv","-8.7","","-10.3","","-10.3","-8.7","-8.7","-9.5","True","0.4558823529411764","0.5441176470588236","True"
"pairB","PARP1/BRD4","MO-LSO","mo_lso","45","2","MLS_BS45_02","Cc1ccc(C)c(-c2cn(-c3cccc(F)c3)nn2)c1","7.368170000000046","7.432755000000041","7.368170000000046","7.400462500000044","0.7086231511633231","2.0862566860796967","3.690240000000002","results/target_pairs/parp1_brd4_egfr_vegfr2_aligned_20260827/baselines/mo_lso/formal_10240_seed45/anytime/budget_10240/quality_constrained/quality_annotated_molecules.csv","-8.6","","-8.9","","-8.9","-8.6","-8.6","-8.75","True","0.7272727272727273","0.2727272727272727","True"
"pairB","PARP1/BRD4","MO-LSO","mo_lso","45","3","MLS_BS45_03","Cc1cccc(COc2nnc(C(C)N3CNC(c4ccccn4)=CC3=O)s2)c1","7.184830000000019","7.165792500000013","7.165792500000013","7.175311250000016","0.6752795494011913","3.572723486946078","3.311920000000001","results/target_pairs/parp1_brd4_egfr_vegfr2_aligned_20260827/baselines/mo_lso/formal_10240_seed45/anytime/budget_10240/quality_constrained/quality_annotated_molecules.csv","-8.5","","-9.8","","-9.8","-8.5","-8.5","-9.15","True","0.380281690140845","0.619718309859155","True"
"pairB","PARP1/BRD4","MO-LSO","mo_lso","45","4","MLS_BS45_04","Cc1cc(-n2nnnc2C(C)O)ccc1OCC(=O)c1ccsc1","7.388200000000007","7.094921666666678","7.094921666666678","7.2415608333333426","0.690431902527862","2.99294831834829","2.34722","results/target_pairs/parp1_brd4_egfr_vegfr2_aligned_20260827/baselines/mo_lso/formal_10240_seed45/anytime/budget_10240/quality_constrained/quality_annotated_molecules.csv","-8.0","","-9.2","","-9.2","-8.0","-8.0","-8.6","True","0.3888888888888889","0.6111111111111112","True"
"pairB","PARP1/BRD4","MO-LSO","mo_lso","45","5","MLS_BS45_05","Cc1nnc(CNS(=O)(=O)Cc2ccnc(N3CCCC3)c2)[nH]1","7.620395","7.090932500000008","7.090932500000008","7.355663750000004","0.8057266343682161","2.8945208918549525","0.7279199999999995","results/target_pairs/parp1_brd4_egfr_vegfr2_aligned_20260827/baselines/mo_lso/formal_10240_seed45/anytime/budget_10240/quality_constrained/quality_annotated_molecules.csv","-8.0","","-8.9","","-8.9","-8.0","-8.0","-8.45","True","0.4918032786885246","0.5081967213114754","True"
"pairB","PARP1/BRD4","MO-LSO","mo_lso","45","6","MLS_BS45_06","OCc1ccccc1-c1cn(CC(O)c2cccc(F)c2)nn1","7.034320000000038","7.418350000000047","7.034320000000038","7.226335000000043","0.7580984730625809","2.776274312424661","2.3101","results/target_pairs/parp1_brd4_egfr_vegfr2_aligned_20260827/baselines/mo_lso/formal_10240_seed45/anytime/budget_10240/quality_constrained/quality_annotated_molecules.csv","-8.4","","-9.1","","-9.1","-8.4","-8.4","-8.75","True","0.4745762711864407","0.5254237288135593","True"
"pairB","PARP1/BRD4","MO-LSO","mo_lso","45","7","MLS_BS45_07","CCn1cc(C(=O)OCC(CN)c2ccc3ncccc3c2)nn1","7.029825000000009","7.033610000000015","7.029825000000009","7.031717500000012","0.6936159439927321","3.0367525973174034","1.7455","results/target_pairs/parp1_brd4_egfr_vegfr2_aligned_20260827/baselines/mo_lso/formal_10240_seed45/anytime/budget_10240/quality_constrained/quality_annotated_molecules.csv","-8.5","","-8.7","","-8.7","-8.5","-8.5","-8.6","True","0.4246575342465753","0.5753424657534247","True"
"pairB","PARP1/BRD4","MO-LSO","mo_lso","45","8","MLS_BS45_08","CCn1cc(CNC(=O)c2cc(COC)cs2)nn1","7.310850000000014","7.027660000000011","7.027660000000011","7.169255000000012","0.8689332709986698","2.5305848409604152","1.4359","results/target_pairs/parp1_brd4_egfr_vegfr2_aligned_20260827/baselines/mo_lso/formal_10240_seed45/anytime/budget_10240/quality_constrained/quality_annotated_molecules.csv","-6.8","","-6.9","","-6.9","-6.8","-6.8","-6.85","False","0.4827586206896552","0.5172413793103448","True"
"pairB","PARP1/BRD4","MO-LSO","mo_lso","45","9","MLS_BS45_09","Cc1cccc(Cn2cnc3cc(C(C)(C)O)sc3c2=O)c1","7.019110000000013","7.090835000000016","7.019110000000013","7.054972500000014","0.8082147550407826","2.500495362230893","3.042120000000001","results/target_pairs/parp1_brd4_egfr_vegfr2_aligned_20260827/baselines/mo_lso/formal_10240_seed45/anytime/budget_10240/quality_constrained/quality_annotated_molecules.csv","-7.6","","-9.3","","-9.3","-7.6","-7.6","-8.45","True","0.6346153846153846","0.3653846153846154","True"
"pairB","PARP1/BRD4","MO-LSO","mo_lso","45","10","MLS_BS45_10","CCN1C(CO)=COc2cc(C(=O)Nc3nncs3)ccc21","7.017605000000021","7.023930000000001","7.017605000000021","7.0207675000000105","0.8942434694552144","2.983442038505439","1.8428","results/target_pairs/parp1_brd4_egfr_vegfr2_aligned_20260827/baselines/mo_lso/formal_10240_seed45/anytime/budget_10240/quality_constrained/quality_annotated_molecules.csv","-7.0","","-7.9","","-7.9","-7.0","-7.0","-7.45","True","0.5074626865671642","0.4925373134328358","True"
"pairB","PARP1/BRD4","MO-LSO","mo_lso","46","1","MLS_BS46_01","Cc1csc(C(C)NCC(=O)c2ccc(-n3cnnc3C)c(F)c2)n1","7.283410000000021","7.26995416666664","7.26995416666664","7.27668208333333","0.6851021689524195","3.2297132081949025","3.013240000000001","results/target_pairs/parp1_brd4_egfr_vegfr2_aligned_20260827/baselines/mo_lso/formal_10240_seed46/anytime/budget_10240/quality_constrained/quality_annotated_molecules.csv","-7.2","","-9.1","","-9.1","-7.2","-7.2","-8.15","True","0.5151515151515151","0.48484848484848486","True"
"pairB","PARP1/BRD4","MO-LSO","mo_lso","46","2","MLS_BS46_02","CCC(c1ccc(F)cc1)n1cnnc1NS(=O)(=O)c1ccc(=O)[nH]n1","7.19279500000006","7.227001666666703","7.19279500000006","7.209898333333381","0.6665100068998074","3.382342044050038","1.3006999999999993","results/target_pairs/parp1_brd4_egfr_vegfr2_aligned_20260827/baselines/mo_lso/formal_10240_seed46/anytime/budget_10240/quality_constrained/quality_annotated_molecules.csv","-7.9","","-9.8","","-9.8","-7.9","-7.9","-8.850000000000001","True","0.3548387096774194","0.6451612903225806","True"
"pairB","PARP1/BRD4","MO-LSO","mo_lso","46","3","MLS_BS46_03","CC(c1ccccc1F)N1CCN(C(=O)Cc2ccc(O)cc2)CC1","7.707815000000041","7.14327000000002","7.14327000000002","7.425542500000031","0.9289481389467","2.462139355850063","2.9792000000000014","results/target_pairs/parp1_brd4_egfr_vegfr2_aligned_20260827/baselines/mo_lso/formal_10240_seed46/anytime/budget_10240/quality_constrained/quality_annotated_molecules.csv","-8.6","","-9.9","","-9.9","-8.6","-8.6","-9.25","True","0.7708333333333334","0.22916666666666663","True"
"pairB","PARP1/BRD4","MO-LSO","mo_lso","46","4","MLS_BS46_04","CCc1nnc(Cn2cnc3cc(COC)ccc3c2=O)[nH]1","7.115210000000024","7.10763500000001","7.10763500000001","7.1114225000000175","0.7665428811202091","2.7539035769669766","1.2716999999999998","results/target_pairs/parp1_brd4_egfr_vegfr2_aligned_20260827/baselines/mo_lso/formal_10240_seed46/anytime/budget_10240/quality_constrained/quality_annotated_molecules.csv","-8.4","","-8.1","","-8.1","-8.4","-8.1","-8.25","True","0.4745762711864407","0.5254237288135593","True"
"pairB","PARP1/BRD4","MO-LSO","mo_lso","46","5","MLS_BS46_05","Cc1cccc(-n2cnnc2CC(=O)c2[nH]c(C)cc2Cl)c1","7.097750000000028","7.579952500000037","7.097750000000028","7.338851250000033","0.7515350528000379","2.8322310494944496","3.291040000000001","results/target_pairs/parp1_brd4_egfr_vegfr2_aligned_20260827/baselines/mo_lso/formal_10240_seed46/anytime/budget_10240/quality_constrained/quality_annotated_molecules.csv","-7.7","","-9.3","","-9.3","-7.7","-7.7","-8.5","True","0.4745762711864407","0.5254237288135593","True"
"pairB","PARP1/BRD4","MO-LSO","mo_lso","46","6","MLS_BS46_06","Cc1cccc(-n2cnnc2CC(=O)c2[nH]c(Cl)cc2C)c1","7.096610000000024","7.581257500000035","7.096610000000024","7.338933750000029","0.7515350528000379","2.8703839030924634","3.291040000000001","results/target_pairs/parp1_brd4_egfr_vegfr2_aligned_20260827/baselines/mo_lso/formal_10240_seed46/anytime/budget_10240/quality_constrained/quality_annotated_molecules.csv","-7.8","","-8.7","","-8.7","-7.8","-7.8","-8.25","True","0.4666666666666667","0.5333333333333333","True"
"pairB","PARP1/BRD4","MO-LSO","mo_lso","46","7","MLS_BS46_07","Cc1ncc(CCC(N)c2cnc(-n3cnnc3C)nc2N)cn1","7.409305000000018","7.083310000000024","7.083310000000024","7.246307500000021","0.6989217183606216","3.569335196176345","0.6789400000000003","results/target_pairs/parp1_brd4_egfr_vegfr2_aligned_20260827/baselines/mo_lso/formal_10240_seed46/anytime/budget_10240/quality_constrained/quality_annotated_molecules.csv","-7.1","","-8.8","","-8.8","-7.1","-7.1","-7.95","True","0.2835820895522388","0.7164179104477613","True"
"pairB","PARP1/BRD4","MO-LSO","mo_lso","46","8","MLS_BS46_08","CCn1cnnc1-c1ccc(C(=O)COc2ccc(F)cc2)cc1","7.196840000000046","7.080253095238105","7.080253095238105","7.138546547619075","0.6521259444169767","2.0710943424515573","3.365800000000002","results/target_pairs/parp1_brd4_egfr_vegfr2_aligned_20260827/baselines/mo_lso/formal_10240_seed46/anytime/budget_10240/quality_constrained/quality_annotated_molecules.csv","-8.4","","-8.4","","-8.4","-8.4","-8.4","-8.4","True","0.6153846153846154","0.3846153846153846","True"
"pairB","PARP1/BRD4","MO-LSO","mo_lso","46","9","MLS_BS46_09","CCNC(=O)COc1cc(Cn2nnc(-c3ccoc3)n2)cc(OCC)c1","7.374285000000015","7.067170000000016","7.067170000000016","7.220727500000015","0.6123449356121436","2.581398151187134","1.895","results/target_pairs/parp1_brd4_egfr_vegfr2_aligned_20260827/baselines/mo_lso/formal_10240_seed46/anytime/budget_10240/quality_constrained/quality_annotated_molecules.csv","-7.7","","-8.6","","-8.6","-7.7","-7.7","-8.15","True","0.46774193548387094","0.532258064516129","True"
"pairB","PARP1/BRD4","MO-LSO","mo_lso","46","10","MLS_BS46_10","Cc1nnc(NC(=O)c2ccnc(CNc3nnnn3C(C)C)c2)s1","7.088630000000008","7.045510000000007","7.045510000000007","7.067070000000008","0.6810684385232696","2.75198363054284","1.6733199999999993","results/target_pairs/parp1_brd4_egfr_vegfr2_aligned_20260827/baselines/mo_lso/formal_10240_seed46/anytime/budget_10240/quality_constrained/quality_annotated_molecules.csv","-8.0","","-9.6","","-9.6","-8.0","-8.0","-8.8","True","0.5873015873015873","0.4126984126984127","True"
"pairB","PARP1/BRD4","MO-LSO","mo_lso","47","1","MLS_BS47_01","CCN1C(=O)COc2ccc(-n3cnnc3C(N)=O)cc21","7.733680000000009","7.346641666666701","7.346641666666701","7.540160833333355","0.8626557624229692","2.761742707785494","0.1114999999999998","results/target_pairs/parp1_brd4_egfr_vegfr2_aligned_20260827/baselines/mo_lso/formal_10240_seed47/anytime/budget_10240/quality_constrained/quality_annotated_molecules.csv","-6.9","","-8.5","","-8.5","-6.9","-6.9","-7.7","False","0.5","0.5","True"
"pairB","PARP1/BRD4","MO-LSO","mo_lso","47","2","MLS_BS47_02","CC(c1ccccc1F)N1CCN(C(=O)Cc2ccc(O)cc2)CC1","7.707815000000041","7.143270000000018","7.143270000000018","7.425542500000029","0.9289481389467","2.462139355850063","2.9792000000000014","results/target_pairs/parp1_brd4_egfr_vegfr2_aligned_20260827/baselines/mo_lso/formal_10240_seed47/anytime/budget_10240/quality_constrained/quality_annotated_molecules.csv","-8.6","","-9.9","","-9.9","-8.6","-8.6","-9.25","True","0.7708333333333334","0.22916666666666663","True"
"pairB","PARP1/BRD4","MO-LSO","mo_lso","47","3","MLS_BS47_03","Cc1ccccc1NC(=O)c1cccc(Cn2cnnc2C)c1","7.203505000000019","7.1391550000000255","7.1391550000000255","7.171330000000022","0.8049852441721206","2.069267045701107","3.195540000000002","results/target_pairs/parp1_brd4_egfr_vegfr2_aligned_20260827/baselines/mo_lso/formal_10240_seed47/anytime/budget_10240/quality_constrained/quality_annotated_molecules.csv","-8.1","","-9.4","","-9.4","-8.1","-8.1","-8.75","True","0.5769230769230769","0.42307692307692313","True"
"pairB","PARP1/BRD4","MO-LSO","mo_lso","47","4","MLS_BS47_04","CCn1cnnc1-c1ccc(C(=O)COc2ccc(F)cc2)cc1","7.196840000000044","7.080253095238105","7.080253095238105","7.138546547619075","0.6521259444169767","2.0710943424515573","3.365800000000002","results/target_pairs/parp1_brd4_egfr_vegfr2_aligned_20260827/baselines/mo_lso/formal_10240_seed47/anytime/budget_10240/quality_constrained/quality_annotated_molecules.csv","-8.4","","-8.4","","-8.4","-8.4","-8.4","-8.4","True","0.6153846153846154","0.3846153846153846","True"
"pairB","PARP1/BRD4","MO-LSO","mo_lso","47","5","MLS_BS47_05","Cc1nc(-c2ccccc2-n2nnnc2C(=O)NC2CC2)c(C)s1","7.074495000000004","7.195090333333372","7.074495000000004","7.134792666666688","0.7874444613196858","2.6096208130397915","2.29484","results/target_pairs/parp1_brd4_egfr_vegfr2_aligned_20260827/baselines/mo_lso/formal_10240_seed47/anytime/budget_10240/quality_constrained/quality_annotated_molecules.csv","-7.9","","-8.8","","-8.8","-7.9","-7.9","-8.350000000000001","True","0.46774193548387094","0.532258064516129","True"
"pairB","PARP1/BRD4","MO-LSO","mo_lso","47","6","MLS_BS47_06","Cc1csc(Oc2ccc(C(=O)NCc3nncn3C)cc2C)n1","7.149380000000012","7.070049999999999","7.070049999999999","7.109715000000006","0.769921568316411","2.5336400438090223","2.6107400000000007","results/target_pairs/parp1_brd4_egfr_vegfr2_aligned_20260827/baselines/mo_lso/formal_10240_seed47/anytime/budget_10240/quality_constrained/quality_annotated_molecules.csv","-7.8","","-9.1","","-9.1","-7.8","-7.8","-8.45","True","0.5303030303030303","0.4696969696969697","True"
"pairB","PARP1/BRD4","MO-LSO","mo_lso","47","7","MLS_BS47_07","Cc1nnnn1-c1ccccc1NC(Cc1ccoc1)C1CC1","7.225101666666688","7.067960000000024","7.067960000000024","7.146530833333356","0.7578145193242709","3.1661243593926187","2.996920000000001","results/target_pairs/parp1_brd4_egfr_vegfr2_aligned_20260827/baselines/mo_lso/formal_10240_seed47/anytime/budget_10240/quality_constrained/quality_annotated_molecules.csv","-7.9","","-8.5","","-8.5","-7.9","-7.9","-8.2","True","0.3787878787878788","0.6212121212121212","True"
"pairB","PARP1/BRD4","MO-LSO","mo_lso","47","8","MLS_BS47_08","Cc1ccc(OCC2(CNC(=O)c3cn(C)nn3)CC2)cc1","7.037960000000038","7.031258333333343","7.031258333333343","7.034609166666691","0.8815644549176541","2.478332290189238","1.7125199999999996","results/target_pairs/parp1_brd4_egfr_vegfr2_aligned_20260827/baselines/mo_lso/formal_10240_seed47/anytime/budget_10240/quality_constrained/quality_annotated_molecules.csv","-7.8","","-8.4","","-8.4","-7.8","-7.8","-8.1","True","0.5263157894736842","0.4736842105263158","True"
"pairB","PARP1/BRD4","MO-LSO","mo_lso","47","9","MLS_BS47_09","Cc1nnn(C)c1C1CCN(C(=O)NCc2ccsc2)CC1","7.407525000000036","7.021335000000024","7.021335000000024","7.21443000000003","0.9437864579405404","2.738727752791153","2.274220000000001","results/target_pairs/parp1_brd4_egfr_vegfr2_aligned_20260827/baselines/mo_lso/formal_10240_seed47/anytime/budget_10240/quality_constrained/quality_annotated_molecules.csv","-7.5","","-8.4","","-8.4","-7.5","-7.5","-7.95","True","0.576271186440678","0.423728813559322","True"
"pairB","PARP1/BRD4","MO-LSO","mo_lso","47","10","MLS_BS47_10","CCNC(=O)c1nc2ccoc2c2cccc(-n3cnnc3C)c12","7.01066499999999","7.148862500000011","7.01066499999999","7.079763750000001","0.6266720446446665","2.994839492953229","2.6198200000000007","results/target_pairs/parp1_brd4_egfr_vegfr2_aligned_20260827/baselines/mo_lso/formal_10240_seed47/anytime/budget_10240/quality_constrained/quality_annotated_molecules.csv","-7.4","","-9.0","","-9.0","-7.4","-7.4","-8.2","True","0.36486486486486486","0.6351351351351351","True"
"pairB","PARP1/BRD4","MO-LSO","mo_lso","48","1","MLS_BS48_01","CCc1cc(OC)cc(Oc2n[nH]c(=O)cc2-c2c(C)nnn2CC)c1","7.339530000000015","7.771236666666725","7.339530000000015","7.555383333333371","0.730402866813707","2.931966686513187","2.7200200000000008","results/target_pairs/parp1_brd4_egfr_vegfr2_aligned_20260827/baselines/mo_lso/formal_10240_seed48/anytime/budget_10240/quality_constrained/quality_annotated_molecules.csv","-6.7","","-9.1","","-9.1","-6.7","-6.7","-7.9","False","0.3833333333333333","0.6166666666666667","True"
"pairB","PARP1/BRD4","MO-LSO","mo_lso","48","2","MLS_BS48_02","CC1NCCCC1C(Cc1ccccc1)NC(=O)Cn1cc(Cl)nn1","7.279136666666684","7.321330000000054","7.279136666666684","7.300233333333368","0.8255938583884985","3.802007378015359","2.0470999999999995","results/target_pairs/parp1_brd4_egfr_vegfr2_aligned_20260827/baselines/mo_lso/formal_10240_seed48/anytime/budget_10240/quality_constrained/quality_annotated_molecules.csv","-8.8","","-9.2","","-9.2","-8.8","-8.8","-9.0","True","0.4558823529411764","0.5441176470588236","True"
"pairB","PARP1/BRD4","MO-LSO","mo_lso","48","3","MLS_BS48_03","CCc1nncn1CC(=O)NCc1cc(OC)[nH]c(=O)c1","7.272355000000002","7.3541316666667","7.272355000000002","7.313243333333351","0.7706015922265312","2.9137781706277366","-0.1462000000000002","results/target_pairs/parp1_brd4_egfr_vegfr2_aligned_20260827/baselines/mo_lso/formal_10240_seed48/anytime/budget_10240/quality_constrained/quality_annotated_molecules.csv","-7.1","","-7.6","","-7.6","-7.1","-7.1","-7.35","True","0.4590163934426229","0.5409836065573771","True"
"pairB","PARP1/BRD4","MO-LSO","mo_lso","48","4","MLS_BS48_04","CCC(c1ccc(F)cc1)n1cnnc1NS(=O)(=O)c1cc(=O)[nH]cn1","7.182200000000053","7.47286142857146","7.182200000000053","7.327530714285757","0.6234936912199758","3.514297786937286","1.3006999999999993","results/target_pairs/parp1_brd4_egfr_vegfr2_aligned_20260827/baselines/mo_lso/formal_10240_seed48/anytime/budget_10240/quality_constrained/quality_annotated_molecules.csv","-8.3","","-9.6","","-9.6","-8.3","-8.3","-8.95","True","0.36231884057971014","0.6376811594202898","True"
"pairB","PARP1/BRD4","MO-LSO","mo_lso","48","5","MLS_BS48_05","CCn1cnnc1-c1ccc(C(=O)COc2ccc(F)cc2)cc1","7.196840000000045","7.080253095238107","7.080253095238107","7.138546547619076","0.6521259444169767","2.0710943424515573","3.365800000000002","results/target_pairs/parp1_brd4_egfr_vegfr2_aligned_20260827/baselines/mo_lso/formal_10240_seed48/anytime/budget_10240/quality_constrained/quality_annotated_molecules.csv","-8.4","","-8.4","","-8.4","-8.4","-8.4","-8.4","True","0.6153846153846154","0.3846153846153846","True"
"pairB","PARP1/BRD4","MO-LSO","mo_lso","48","6","MLS_BS48_06","Cc1nnc(NC(=O)c2ccnc(CNc3nnnn3C(C)C)c2)s1","7.08863000000001","7.045510000000008","7.045510000000008","7.067070000000009","0.6810684385232696","2.75198363054284","1.6733199999999993","results/target_pairs/parp1_brd4_egfr_vegfr2_aligned_20260827/baselines/mo_lso/formal_10240_seed48/anytime/budget_10240/quality_constrained/quality_annotated_molecules.csv","-8.0","","-9.6","","-9.6","-8.0","-8.0","-8.8","True","0.5873015873015873","0.4126984126984127","True"
"pairB","PARP1/BRD4","MO-LSO","mo_lso","48","7","MLS_BS48_07","Cc1nnn(-c2ccccc2NC(=O)CN2CCCCC2)c1F","7.038080000000035","7.265516666666704","7.038080000000035","7.151798333333369","0.938251446979606","2.33985236038642","2.13922","results/target_pairs/parp1_brd4_egfr_vegfr2_aligned_20260827/baselines/mo_lso/formal_10240_seed48/anytime/budget_10240/quality_constrained/quality_annotated_molecules.csv","-7.5","","-8.8","","-8.8","-7.5","-7.5","-8.15","True","0.4838709677419355","0.5161290322580645","True"
"pairB","PARP1/BRD4","MO-LSO","mo_lso","48","8","MLS_BS48_08","Cc1nnc(NC(C)c2ccnc(-n3ccnc3)c2)s1","7.033760000000019","7.089590000000031","7.033760000000019","7.061675000000025","0.7980973094921983","3.10257801750443","2.600320000000001","results/target_pairs/parp1_brd4_egfr_vegfr2_aligned_20260827/baselines/mo_lso/formal_10240_seed48/anytime/budget_10240/quality_constrained/quality_annotated_molecules.csv","-7.6","","-8.4","","-8.4","-7.6","-7.6","-8.0","True","0.5892857142857143","0.4107142857142857","True"
"pairB","PARP1/BRD4","MO-LSO","mo_lso","48","9","MLS_BS48_09","Cc1ccc(OCC2(CNC(=O)c3cn(C)nn3)CC2)cc1","7.037960000000037","7.031258333333343","7.031258333333343","7.034609166666691","0.8815644549176541","2.478332290189238","1.7125199999999996","results/target_pairs/parp1_brd4_egfr_vegfr2_aligned_20260827/baselines/mo_lso/formal_10240_seed48/anytime/budget_10240/quality_constrained/quality_annotated_molecules.csv","-7.8","","-8.4","","-8.4","-7.8","-7.8","-8.1","True","0.5263157894736842","0.4736842105263158","True"
"pairB","PARP1/BRD4","MO-LSO","mo_lso","48","10","MLS_BS48_10","CCn1cc(CNC(=O)c2cc(COC)cs2)nn1","7.310850000000014","7.02766000000001","7.02766000000001","7.169255000000012","0.8689332709986698","2.5305848409604152","1.4359","results/target_pairs/parp1_brd4_egfr_vegfr2_aligned_20260827/baselines/mo_lso/formal_10240_seed48/anytime/budget_10240/quality_constrained/quality_annotated_molecules.csv","-6.8","","-6.9","","-6.9","-6.8","-6.8","-6.85","False","0.4827586206896552","0.5172413793103448","True"
"pairB","PARP1/BRD4","MO-LSO","mo_lso","49","1","MLS_BS49_01","Cc1ccc(CNC(=O)C(c2ccccc2)N2CCOCC2)cn1","7.501460000000014","7.7908850000000065","7.501460000000014","7.64617250000001","0.9143763964182196","2.51852422655773","2.07972","results/target_pairs/parp1_brd4_egfr_vegfr2_aligned_20260827/baselines/mo_lso/formal_10240_seed49/anytime/budget_10240/quality_constrained/quality_annotated_molecules.csv","-7.9","","-9.1","","-9.1","-7.9","-7.9","-8.5","True","0.7142857142857143","0.2857142857142857","True"
"pairB","PARP1/BRD4","MO-LSO","mo_lso","49","2","MLS_BS49_02","Cc1ccccc1NC(=O)c1cccc(Cn2cnnc2C)c1","7.203505000000018","7.139155000000023","7.139155000000023","7.171330000000021","0.8049852441721206","2.069267045701107","3.195540000000002","results/target_pairs/parp1_brd4_egfr_vegfr2_aligned_20260827/baselines/mo_lso/formal_10240_seed49/anytime/budget_10240/quality_constrained/quality_annotated_molecules.csv","-8.1","","-9.4","","-9.4","-8.1","-8.1","-8.75","True","0.5769230769230769","0.42307692307692313","True"
"pairB","PARP1/BRD4","MO-LSO","mo_lso","49","3","MLS_BS49_03","CCn1cc(COC(=O)Nc2csc(-c3ccccn3)n2)cn1","7.417740000000005","7.097260000000022","7.097260000000022","7.257500000000013","0.7772495172152551","2.545659405580034","3.1702000000000004","results/target_pairs/parp1_brd4_egfr_vegfr2_aligned_20260827/baselines/mo_lso/formal_10240_seed49/anytime/budget_10240/quality_constrained/quality_annotated_molecules.csv","-7.1","","-8.1","","-8.1","-7.1","-7.1","-7.6","True","0.5217391304347826","0.4782608695652174","True"
"pairB","PARP1/BRD4","MO-LSO","mo_lso","49","4","MLS_BS49_04","CCn1cnnc1-c1ccc(C(=O)COc2ccc(F)cc2)cc1","7.196840000000043","7.080253095238108","7.080253095238108","7.138546547619075","0.6521259444169767","2.0710943424515573","3.365800000000002","results/target_pairs/parp1_brd4_egfr_vegfr2_aligned_20260827/baselines/mo_lso/formal_10240_seed49/anytime/budget_10240/quality_constrained/quality_annotated_molecules.csv","-8.4","","-8.4","","-8.4","-8.4","-8.4","-8.4","True","0.6153846153846154","0.3846153846153846","True"
"pairB","PARP1/BRD4","MO-LSO","mo_lso","49","5","MLS_BS49_05","Cc1nc(C(=O)Cn2cnnc2C)c(C)s1","7.058045000000017","7.547762500000041","7.058045000000017","7.302903750000029","0.7583931965417368","3.079473650173507","1.54276","results/target_pairs/parp1_brd4_egfr_vegfr2_aligned_20260827/baselines/mo_lso/formal_10240_seed49/anytime/budget_10240/quality_constrained/quality_annotated_molecules.csv","-6.2","","-7.0","","-7.0","-6.2","-6.2","-6.6","False","0.4150943396226415","0.5849056603773586","True"
"pairB","PARP1/BRD4","MO-LSO","mo_lso","49","6","MLS_BS49_06","COCc1nnc(NC(C)c2ccc(N3CCCC3=O)cc2)s1","7.216115000000013","7.036531666666694","7.036531666666694","7.126323333333353","0.8806480521770472","2.812983403333752","2.9844000000000017","results/target_pairs/parp1_brd4_egfr_vegfr2_aligned_20260827/baselines/mo_lso/formal_10240_seed49/anytime/budget_10240/quality_constrained/quality_annotated_molecules.csv","-7.2","","-8.4","","-8.4","-7.2","-7.2","-7.800000000000001","True","0.5423728813559322","0.4576271186440678","True"
"pairB","PARP1/BRD4","MO-LSO","mo_lso","49","7","MLS_BS49_07","CCC(=O)c1cnc(NC(C)Cn2cnnc2C)s1","7.10265000000002","7.024961666666671","7.024961666666671","7.063805833333346","0.8200801225117058","3.5521618838197826","2.1363200000000004","results/target_pairs/parp1_brd4_egfr_vegfr2_aligned_20260827/baselines/mo_lso/formal_10240_seed49/anytime/budget_10240/quality_constrained/quality_annotated_molecules.csv","-6.1","","-7.7","","-7.7","-6.1","-6.1","-6.9","False","0.38235294117647056","0.6176470588235294","True"
"pairB","PARP1/BRD4","MO-LSO","mo_lso","49","8","MLS_BS49_08","Fc1ccc(-c2cn(Cc3cccs3)cn2)nn1","7.03306000000002","7.019585000000033","7.019585000000033","7.026322500000027","0.7266720832084431","2.8021907525521463","2.5890000000000004","results/target_pairs/parp1_brd4_egfr_vegfr2_aligned_20260827/baselines/mo_lso/formal_10240_seed49/anytime/budget_10240/quality_constrained/quality_annotated_molecules.csv","-7.4","","-7.4","","-7.4","-7.4","-7.4","-7.4","True","0.3584905660377358","0.6415094339622642","True"
"pairB","PARP1/BRD4","MO-LSO","mo_lso","49","9","MLS_BS49_09","CC(N)c1cc(=O)[nH]n1C(=O)Nc1nnc(C2CC2)s1","7.0171299999999945","7.331891666666712","7.0171299999999945","7.174510833333353","0.7800890105295141","3.593518446730376","1.0051999999999996","results/target_pairs/parp1_brd4_egfr_vegfr2_aligned_20260827/baselines/mo_lso/formal_10240_seed49/anytime/budget_10240/quality_constrained/quality_annotated_molecules.csv","-6.6","","-8.4","","-8.4","-6.6","-6.6","-7.5","False","0.5","0.5","True"
"pairB","PARP1/BRD4","MO-LSO","mo_lso","49","10","MLS_BS49_10","CCC(CC(=O)Nc1nc2c(nnn2C)s1)C1CCOC1=O","7.155205000000012","7.001795000000015","7.001795000000015","7.078500000000013","0.833750168109991","3.969900677617456","1.3426999999999998","results/target_pairs/parp1_brd4_egfr_vegfr2_aligned_20260827/baselines/mo_lso/formal_10240_seed49/anytime/budget_10240/quality_constrained/quality_annotated_molecules.csv","-7.5","","-8.7","","-8.7","-7.5","-7.5","-8.1","True","0.36619718309859156","0.6338028169014085","True"
"pairB","PARP1/BRD4","MO-LSO","mo_lso","50","1","MLS_BS50_01","CCC(=O)N1CCC(Cc2cccc(-n3cnnc3C)c2)CC1","7.725275000000024","7.67572166666671","7.67572166666671","7.700498333333367","0.8720532210270199","2.454918094652156","2.766820000000001","results/target_pairs/parp1_brd4_egfr_vegfr2_aligned_20260827/baselines/mo_lso/formal_10240_seed50/anytime/budget_10240/quality_constrained/quality_annotated_molecules.csv","-8.3","","-9.4","","-9.4","-8.3","-8.3","-8.850000000000001","True","0.5087719298245614","0.49122807017543857","True"
"pairB","PARP1/BRD4","MO-LSO","mo_lso","50","2","MLS_BS50_02","Cc1ccc(-n2cnnc2C)cc1C","7.577040000000014","7.513170000000036","7.513170000000036","7.545105000000025","0.6847919929534934","2.2686675679406587","2.1925600000000003","results/target_pairs/parp1_brd4_egfr_vegfr2_aligned_20260827/baselines/mo_lso/formal_10240_seed50/anytime/budget_10240/quality_constrained/quality_annotated_molecules.csv","-6.9","","-7.8","","-7.8","-6.9","-6.9","-7.35","False","0.4888888888888889","0.5111111111111111","True"
"pairB","PARP1/BRD4","MO-LSO","mo_lso","50","3","MLS_BS50_03","CCN1C(=O)COc2ccc(-n3cnnc3C(N)=O)cc21","7.733680000000009","7.3466416666667005","7.3466416666667005","7.540160833333354","0.8626557624229692","2.761742707785494","0.1114999999999998","results/target_pairs/parp1_brd4_egfr_vegfr2_aligned_20260827/baselines/mo_lso/formal_10240_seed50/anytime/budget_10240/quality_constrained/quality_annotated_molecules.csv","-6.9","","-8.5","","-8.5","-6.9","-6.9","-7.7","False","0.5","0.5","True"
"pairB","PARP1/BRD4","MO-LSO","mo_lso","50","4","MLS_BS50_04","CCc1nncn1CC(=O)NCc1cc(OC)[nH]c(=O)c1","7.272355000000001","7.3541316666667","7.272355000000001","7.31324333333335","0.7706015922265312","2.9137781706277366","-0.1462000000000002","results/target_pairs/parp1_brd4_egfr_vegfr2_aligned_20260827/baselines/mo_lso/formal_10240_seed50/anytime/budget_10240/quality_constrained/quality_annotated_molecules.csv","-7.1","","-7.6","","-7.6","-7.1","-7.1","-7.35","True","0.4590163934426229","0.5409836065573771","True"
"pairB","PARP1/BRD4","MO-LSO","mo_lso","50","5","MLS_BS50_05","CCn1cnc(Cn2cnnc2-c2ccc(COC)cc2)cc1=O","7.467040000000011","7.251985000000015","7.251985000000015","7.359512500000013","0.6896275647563387","2.561194008003396","1.7164","results/target_pairs/parp1_brd4_egfr_vegfr2_aligned_20260827/baselines/mo_lso/formal_10240_seed50/anytime/budget_10240/quality_constrained/quality_annotated_molecules.csv","-7.7","","-8.4","","-8.4","-7.7","-7.7","-8.05","True","0.4918032786885246","0.5081967213114754","True"
"pairB","PARP1/BRD4","MO-LSO","mo_lso","50","6","MLS_BS50_06","Cc1cnoc1C1C(=O)CCN1c1ccc(Cl)cc1","7.49817000000002","7.228275000000007","7.228275000000007","7.363222500000013","0.8452205420432283","3.2069289375207983","3.1569200000000013","results/target_pairs/parp1_brd4_egfr_vegfr2_aligned_20260827/baselines/mo_lso/formal_10240_seed50/anytime/budget_10240/quality_constrained/quality_annotated_molecules.csv","-6.8","","-8.5","","-8.5","-6.8","-6.8","-7.65","False","0.3508771929824561","0.6491228070175439","True"
"pairB","PARP1/BRD4","MO-LSO","mo_lso","50","7","MLS_BS50_07","Cc1ncsc1CNC(=O)C(Cc1ccsc1)n1nnnc1C","7.225680000000023","7.100870000000015","7.100870000000015","7.163275000000018","0.7353007964833833","3.317765920816269","1.90814","results/target_pairs/parp1_brd4_egfr_vegfr2_aligned_20260827/baselines/mo_lso/formal_10240_seed50/anytime/budget_10240/quality_constrained/quality_annotated_molecules.csv","-6.8","","-7.9","","-7.9","-6.8","-6.8","-7.35","False","0.5606060606060606","0.43939393939393945","True"
"pairB","PARP1/BRD4","MO-LSO","mo_lso","50","8","MLS_BS50_08","CCn1c(C)nnc1C(C)c1nnc(C)n1C(C)c1cccs1","7.206339000000028","7.090940000000053","7.090940000000053","7.148639500000041","0.7197284496189883","3.739114635277982","3.328940000000002","results/target_pairs/parp1_brd4_egfr_vegfr2_aligned_20260827/baselines/mo_lso/formal_10240_seed50/anytime/budget_10240/quality_constrained/quality_annotated_molecules.csv","-6.4","","-7.8","","-7.8","-6.4","-6.4","-7.1","False","0.4642857142857143","0.5357142857142857","True"
"pairB","PARP1/BRD4","MO-LSO","mo_lso","50","9","MLS_BS50_09","COC(=O)c1nnn(-c2nc(C)n[nH]2)c1OCc1cccs1","7.092520000000004","7.058700000000028","7.058700000000028","7.075610000000016","0.7017024390416831","3.2292750055384056","1.1209199999999993","results/target_pairs/parp1_brd4_egfr_vegfr2_aligned_20260827/baselines/mo_lso/formal_10240_seed50/anytime/budget_10240/quality_constrained/quality_annotated_molecules.csv","-7.2","","-8.0","","-8.0","-7.2","-7.2","-7.6","True","0.43478260869565216","0.5652173913043479","True"
"pairB","PARP1/BRD4","MO-LSO","mo_lso","50","10","MLS_BS50_10","Cc1nnnn1-c1ccc(C(=O)CNC(=O)CCN)cc1","7.507110000000018","7.049354166666688","7.049354166666688","7.278232083333353","0.6998371246674127","2.2703474013969664","-0.3815799999999987","results/target_pairs/parp1_brd4_egfr_vegfr2_aligned_20260827/baselines/mo_lso/formal_10240_seed50/anytime/budget_10240/quality_constrained/quality_annotated_molecules.csv","-8.0","","-8.2","","-8.2","-8.0","-8.0","-8.1","True","0.5576923076923077","0.4423076923076923","True"
"pairB","PARP1/BRD4","MO-LSO","mo_lso","51","1","MLS_BS51_01","Cc1ccc(-n2cnnc2CNC(=O)C(CN)c2ccoc2C)cc1C","7.457145000000008","7.455555000000029","7.455555000000029","7.456350000000018","0.7072717909092311","3.2398783981069386","2.144259999999999","results/target_pairs/parp1_brd4_egfr_vegfr2_aligned_20260827/baselines/mo_lso/formal_10240_seed51/anytime/budget_10240/quality_constrained/quality_annotated_molecules.csv","-7.4","","-9.4","","-9.4","-7.4","-7.4","-8.4","True","0.515625","0.484375","True"
"pairB","PARP1/BRD4","MO-LSO","mo_lso","51","2","MLS_BS51_02","Cc1ccc(-n2cnnc2CNC(=O)c2cocc2C(N)=O)cc1C","7.631130000000021","7.449700000000027","7.449700000000027","7.540415000000024","0.7306311855195637","2.747602005407412","1.5060399999999998","results/target_pairs/parp1_brd4_egfr_vegfr2_aligned_20260827/baselines/mo_lso/formal_10240_seed51/anytime/budget_10240/quality_constrained/quality_annotated_molecules.csv","-8.4","","-9.6","","-9.6","-8.4","-8.4","-9.0","True","0.5344827586206896","0.4655172413793104","True"
"pairB","PARP1/BRD4","MO-LSO","mo_lso","51","3","MLS_BS51_03","Cc1ccc(-n2cnnc2CNC(=O)c2ccoc2C(C)N)cc1C","7.590355000000012","7.394705000000037","7.394705000000037","7.492530000000025","0.743596901938337","3.127303098304793","2.4268400000000003","results/target_pairs/parp1_brd4_egfr_vegfr2_aligned_20260827/baselines/mo_lso/formal_10240_seed51/anytime/budget_10240/quality_constrained/quality_annotated_molecules.csv","-7.7","","-9.3","","-9.3","-7.7","-7.7","-8.5","True","0.6","0.4","True"
"pairB","PARP1/BRD4","MO-LSO","mo_lso","51","4","MLS_BS51_04","CCc1nncn1CC(=O)NCc1cc[nH]c(=O)c1","7.551390000000004","7.323730666666695","7.323730666666695","7.43756033333335","0.7821789074717791","2.691625866601441","-0.1548000000000006","results/target_pairs/parp1_brd4_egfr_vegfr2_aligned_20260827/baselines/mo_lso/formal_10240_seed51/anytime/budget_10240/quality_constrained/quality_annotated_molecules.csv","-7.1","","-7.7","","-7.7","-7.1","-7.1","-7.4","True","0.4745762711864407","0.5254237288135593","True"
"pairB","PARP1/BRD4","MO-LSO","mo_lso","51","5","MLS_BS51_05","Cc1cc(-n2cnnc2CNC(=O)C2=CNCN=C2C(C)N)ccc1Br","7.721250000000014","7.256415000000031","7.256415000000031","7.488832500000022","0.6758716693585998","3.86474394078344","1.1872200000000004","results/target_pairs/parp1_brd4_egfr_vegfr2_aligned_20260827/baselines/mo_lso/formal_10240_seed51/anytime/budget_10240/quality_constrained/quality_annotated_molecules.csv","-7.5","","-9.3","","-9.3","-7.5","-7.5","-8.4","True","0.4142857142857143","0.5857142857142856","True"
"pairB","PARP1/BRD4","MO-LSO","mo_lso","51","6","MLS_BS51_06","O=C(NCCN1C=CSCC1=O)Nc1nnc(C(F)F)s1","7.2503350000000095","7.237561666666704","7.237561666666704","7.243948333333357","0.8541405251464674","3.355139578711179","1.6438","results/target_pairs/parp1_brd4_egfr_vegfr2_aligned_20260827/baselines/mo_lso/formal_10240_seed51/anytime/budget_10240/quality_constrained/quality_annotated_molecules.csv","-6.5","","-7.6","","-7.6","-6.5","-6.5","-7.05","False","0.5263157894736842","0.4736842105263158","True"
"pairB","PARP1/BRD4","MO-LSO","mo_lso","51","7","MLS_BS51_07","CCc1cccc(NC(=O)Oc2ccccc2C(O)(F)F)c1","7.317710000000018","7.085755000000013","7.085755000000013","7.201732500000015","0.9003093460756173","2.2074267619786863","3.901500000000001","results/target_pairs/parp1_brd4_egfr_vegfr2_aligned_20260827/baselines/mo_lso/formal_10240_seed51/anytime/budget_10240/quality_constrained/quality_annotated_molecules.csv","-7.8","","-9.0","","-9.0","-7.8","-7.8","-8.4","True","0.5","0.5","True"
"pairB","PARP1/BRD4","MO-LSO","mo_lso","51","8","MLS_BS51_08","CCn1cnnc1-c1ccc(C(=O)COc2ccc(F)cc2)cc1","7.196840000000041","7.080253095238104","7.080253095238104","7.138546547619073","0.6521259444169767","2.0710943424515573","3.365800000000002","results/target_pairs/parp1_brd4_egfr_vegfr2_aligned_20260827/baselines/mo_lso/formal_10240_seed51/anytime/budget_10240/quality_constrained/quality_annotated_molecules.csv","-8.4","","-8.4","","-8.4","-8.4","-8.4","-8.4","True","0.6153846153846154","0.3846153846153846","True"
"pairB","PARP1/BRD4","MO-LSO","mo_lso","51","9","MLS_BS51_09","Cc1scnc1NC(=O)C(C)n1cnnc1N","7.028550000000021","7.025700000000016","7.025700000000016","7.0271250000000185","0.8423717056944264","3.623736919535692","0.8249199999999997","results/target_pairs/parp1_brd4_egfr_vegfr2_aligned_20260827/baselines/mo_lso/formal_10240_seed51/anytime/budget_10240/quality_constrained/quality_annotated_molecules.csv","-6.1","","-7.8","","-7.8","-6.1","-6.1","-6.949999999999999","False","0.36666666666666664","0.6333333333333333","True"
"pairB","PARP1/BRD4","MO-LSO","mo_lso","51","10","MLS_BS51_10","CCC(=O)c1cnc(NC(C)Cn2cnnc2C)s1","7.102650000000022","7.024961666666671","7.024961666666671","7.063805833333347","0.8200801225117058","3.5521618838197826","2.1363200000000004","results/target_pairs/parp1_brd4_egfr_vegfr2_aligned_20260827/baselines/mo_lso/formal_10240_seed51/anytime/budget_10240/quality_constrained/quality_annotated_molecules.csv","-6.1","","-7.7","","-7.7","-6.1","-6.1","-6.9","False","0.38235294117647056","0.6176470588235294","True"
"pairB","PARP1/BRD4","GraphPareto-NSGA-II","graphpareto_nsga2","42","1","GPN_BS42_01","Cc1cc(F)cc2[nH]c(=O)cc(-c3nnnn3C)c12","7.56728","7.587326666666717","7.56728","7.577303333333359","0.7112300303235297","2.686142702595636","1.1661199999999996","results/target_pairs/parp1_brd4_egfr_vegfr2_aligned_20260827/baselines/graphpareto_nsga2/formal_10240_seed42/anytime/budget_10240/quality_constrained/quality_annotated_molecules.csv","-7.2","","-8.7","","-8.7","-7.2","-7.2","-7.949999999999999","True","0.390625","0.609375","True"
"pairB","PARP1/BRD4","GraphPareto-NSGA-II","graphpareto_nsga2","42","2","GPN_BS42_02","COc1ccc(-n2nnnc2-c2cc(=O)[nH]c3cc(F)ccc23)cc1","7.537565000000008","7.657566666666717","7.537565000000008","7.597565833333363","0.6199512433205105","2.301720466945873","2.3185","results/target_pairs/parp1_brd4_egfr_vegfr2_aligned_20260827/baselines/graphpareto_nsga2/formal_10240_seed42/anytime/budget_10240/quality_constrained/quality_annotated_molecules.csv","-8.2","","-9.8","","-9.8","-8.2","-8.2","-9.0","True","0.559322033898305","0.44067796610169496","True"
"pairB","PARP1/BRD4","GraphPareto-NSGA-II","graphpareto_nsga2","42","3","GPN_BS42_03","Cn1nnnc1-c1cc(=O)[nH]c2c(CCc3cccc(F)c3)cccc12","7.455485000000007","7.712026666666724","7.455485000000007","7.583755833333365","0.6144378620544414","2.515878104848277","2.642900000000001","results/target_pairs/parp1_brd4_egfr_vegfr2_aligned_20260827/baselines/graphpareto_nsga2/formal_10240_seed42/anytime/budget_10240/quality_constrained/quality_annotated_molecules.csv","-9.3","","-10.7","","-10.7","-9.3","-9.3","-10.0","True","0.4603174603174603","0.5396825396825398","True"
"pairB","PARP1/BRD4","GraphPareto-NSGA-II","graphpareto_nsga2","42","4","GPN_BS42_04","Cn1nnnc1-c1cc(=O)[nH]c2c(Cc3ccc(CF)cc3)cccc12","7.393000000000022","7.715766666666722","7.393000000000022","7.554383333333372","0.614577423003321","2.6690848740790454","2.778900000000001","results/target_pairs/parp1_brd4_egfr_vegfr2_aligned_20260827/baselines/graphpareto_nsga2/formal_10240_seed42/anytime/budget_10240/quality_constrained/quality_annotated_molecules.csv","-8.7","","-10.3","","-10.3","-8.7","-8.7","-9.5","True","0.390625","0.609375","True"
"pairB","PARP1/BRD4","GraphPareto-NSGA-II","graphpareto_nsga2","42","5","GPN_BS42_05","COc1ccc(-n2nnnc2-c2cc(=O)[nH]c3ccccc23)cc1","7.281719999999993","7.682341666666718","7.281719999999993","7.482030833333356","0.6253342146493571","2.1716503864076007","2.1794","results/target_pairs/parp1_brd4_egfr_vegfr2_aligned_20260827/baselines/graphpareto_nsga2/formal_10240_seed42/anytime/budget_10240/quality_constrained/quality_annotated_molecules.csv","-8.5","","-9.6","","-9.6","-8.5","-8.5","-9.05","True","0.6730769230769231","0.32692307692307687","True"
"pairB","PARP1/BRD4","GraphPareto-NSGA-II","graphpareto_nsga2","42","6","GPN_BS42_06","CNC(=O)c1cn(C(O)c2cc(=O)[nH]c3c(F)cccc23)nn1","7.258495000000034","7.518240000000057","7.258495000000034","7.388367500000045","0.636618699793151","3.3789276996624222","0.1574999999999995","results/target_pairs/parp1_brd4_egfr_vegfr2_aligned_20260827/baselines/graphpareto_nsga2/formal_10240_seed42/anytime/budget_10240/quality_constrained/quality_annotated_molecules.csv","-7.9","","-9.4","","-9.4","-7.9","-7.9","-8.65","True","0.4090909090909091","0.5909090909090908","True"
"pairB","PARP1/BRD4","GraphPareto-NSGA-II","graphpareto_nsga2","42","7","GPN_BS42_07","COc1ccc(CC2CCN(C(=O)COc3nnc4n3CCN4C3=CC(C)=CC=CO3)CC2)cc1","7.418335000000016","7.230395000000017","7.230395000000017","7.324365000000016","0.6052258513983296","3.329275601250865","3.2984000000000018","results/target_pairs/parp1_brd4_egfr_vegfr2_aligned_20260827/baselines/graphpareto_nsga2/formal_10240_seed42/anytime/budget_10240/quality_constrained/quality_annotated_molecules.csv","-8.3","","-11.1","","-11.1","-8.3","-8.3","-9.7","True","0.4861111111111111","0.5138888888888888","True"
"pairB","PARP1/BRD4","GraphPareto-NSGA-II","graphpareto_nsga2","42","8","GPN_BS42_08","CCCNC(=O)c1cn(C(O)c2cc(=O)[nH]c3c(F)cccc23)nn1","7.21782500000004","7.699580000000052","7.21782500000004","7.458702500000045","0.6368313254464446","3.294538922480616","0.9376999999999998","results/target_pairs/parp1_brd4_egfr_vegfr2_aligned_20260827/baselines/graphpareto_nsga2/formal_10240_seed42/anytime/budget_10240/quality_constrained/quality_annotated_molecules.csv","-8.1","","-9.5","","-9.5","-8.1","-8.1","-8.8","True","0.45714285714285713","0.5428571428571429","True"
"pairB","PARP1/BRD4","GraphPareto-NSGA-II","graphpareto_nsga2","42","9","GPN_BS42_09","COCC(=O)N1C=CC(C2CCN(C(=O)CC(Cc3cccc(F)c3)C(O)(F)F)CC2)CC1","7.851645000000024","7.194290000000036","7.194290000000036","7.52296750000003","0.6363209448111934","3.925047565310964","3.206800000000002","results/target_pairs/parp1_brd4_egfr_vegfr2_aligned_20260827/baselines/graphpareto_nsga2/formal_10240_seed42/anytime/budget_10240/quality_constrained/quality_annotated_molecules.csv","-7.8","","-9.5","","-9.5","-7.8","-7.8","-8.65","True","0.4473684210526316","0.5526315789473684","True"
"pairB","PARP1/BRD4","GraphPareto-NSGA-II","graphpareto_nsga2","42","10","GPN_BS42_10","COc1ccc(CC2CCN(C(=O)COc3nnc4n3CCN4C3=CC=COC(C)=C3)CC2)cc1","7.619440000000019","7.183415000000014","7.183415000000014","7.401427500000016","0.6052258513983296","3.357067003965799","3.2984000000000018","results/target_pairs/parp1_brd4_egfr_vegfr2_aligned_20260827/baselines/graphpareto_nsga2/formal_10240_seed42/anytime/budget_10240/quality_constrained/quality_annotated_molecules.csv","-8.4","","-11.0","","-11.0","-8.4","-8.4","-9.7","True","0.49295774647887325","0.5070422535211268","True"
"pairB","PARP1/BRD4","GraphPareto-NSGA-II","graphpareto_nsga2","43","1","GPN_BS43_01","CCOC(=O)Cc1ccc(-c2nncn2-c2cccc(F)c2)cc1","7.790855000000014","7.601180000000035","7.601180000000035","7.696017500000025","0.6761523607586173","2.1528889912809888","3.179000000000002","results/target_pairs/parp1_brd4_egfr_vegfr2_aligned_20260827/baselines/graphpareto_nsga2/formal_10240_seed43/anytime/budget_10240/quality_constrained/quality_annotated_molecules.csv","-8.1","","-8.7","","-8.7","-8.1","-8.1","-8.399999999999999","True","0.4915254237288136","0.5084745762711864","True"
"pairB","PARP1/BRD4","GraphPareto-NSGA-II","graphpareto_nsga2","43","2","GPN_BS43_02","Cc1nncn1-c1cccc(Cc2ccc(F)c(F)c2)c1","7.798310000000039","7.600545000000039","7.600545000000039","7.69942750000004","0.7376969379125718","2.2991974665860155","3.444720000000002","results/target_pairs/parp1_brd4_egfr_vegfr2_aligned_20260827/baselines/graphpareto_nsga2/formal_10240_seed43/anytime/budget_10240/quality_constrained/quality_annotated_molecules.csv","-8.9","","-9.6","","-9.6","-8.9","-8.9","-9.25","True","0.5","0.5","True"
"pairB","PARP1/BRD4","GraphPareto-NSGA-II","graphpareto_nsga2","43","3","GPN_BS43_03","CCOC(=O)CN(C(=O)NCCO)c1nncn1-c1cccc(F)c1","7.566520000000046","7.672245000000035","7.566520000000046","7.61938250000004","0.7022973253594755","2.77938288452829","0.4778000000000005","results/target_pairs/parp1_brd4_egfr_vegfr2_aligned_20260827/baselines/graphpareto_nsga2/formal_10240_seed43/anytime/budget_10240/quality_constrained/quality_annotated_molecules.csv","-6.2","","-8.3","","-8.3","-6.2","-6.2","-7.25","False","0.4507042253521127","0.5492957746478873","True"
"pairB","PARP1/BRD4","GraphPareto-NSGA-II","graphpareto_nsga2","43","4","GPN_BS43_04","CCc1cc(Cc2nncn2-c2cccc(Cl)c2)ccc1C","7.633125000000023","7.549650000000043","7.549650000000043","7.5913875000000335","0.7154938980892193","2.2544859945493947","4.382320000000004","results/target_pairs/parp1_brd4_egfr_vegfr2_aligned_20260827/baselines/graphpareto_nsga2/formal_10240_seed43/anytime/budget_10240/quality_constrained/quality_annotated_molecules.csv","-7.9","","-9.4","","-9.4","-7.9","-7.9","-8.65","True","0.5185185185185185","0.4814814814814815","True"
"pairB","PARP1/BRD4","GraphPareto-NSGA-II","graphpareto_nsga2","43","5","GPN_BS43_05","CCc1ccc(-c2nncn2-c2cccc(F)c2)cc1","7.731075000000025","7.545315000000041","7.545315000000041","7.638195000000033","0.7250764531751798","2.0389203046752584","3.6358000000000015","results/target_pairs/parp1_brd4_egfr_vegfr2_aligned_20260827/baselines/graphpareto_nsga2/formal_10240_seed43/anytime/budget_10240/quality_constrained/quality_annotated_molecules.csv","-7.9","","-8.6","","-8.6","-7.9","-7.9","-8.25","True","0.4727272727272727","0.5272727272727273","True"
"pairB","PARP1/BRD4","GraphPareto-NSGA-II","graphpareto_nsga2","43","6","GPN_BS43_06","CCCOc1nncn1-c1ccc(Br)c(F)c1","7.537340000000017","7.640475000000036","7.537340000000017","7.588907500000026","0.8712718614209981","2.7019906203020945","2.9577000000000018","results/target_pairs/parp1_brd4_egfr_vegfr2_aligned_20260827/baselines/graphpareto_nsga2/formal_10240_seed43/anytime/budget_10240/quality_constrained/quality_annotated_molecules.csv","-6.8","","-6.8","","-6.8","-6.8","-6.8","-6.8","False","0.36666666666666664","0.6333333333333333","True"
"pairB","PARP1/BRD4","GraphPareto-NSGA-II","graphpareto_nsga2","43","7","GPN_BS43_07","CC=CNc1cc(C)ccc1NC(=O)NCc1nncn1-c1cccc(F)c1","7.688430000000026","7.536175000000039","7.536175000000039","7.612302500000032","0.6039070168193741","2.6734842754318944","3.982020000000002","results/target_pairs/parp1_brd4_egfr_vegfr2_aligned_20260827/baselines/graphpareto_nsga2/formal_10240_seed43/anytime/budget_10240/quality_constrained/quality_annotated_molecules.csv","-8.2","","-10.3","","-10.3","-8.2","-8.2","-9.25","True","0.5652173913043478","0.4347826086956522","True"
"pairB","PARP1/BRD4","GraphPareto-NSGA-II","graphpareto_nsga2","43","8","GPN_BS43_08","Cc1nncn1-c1ccc(Br)c(F)c1","7.663460000000014","7.520795000000039","7.520795000000039","7.592127500000027","0.7842297292691253","2.52313857385782","2.4773200000000006","results/target_pairs/parp1_brd4_egfr_vegfr2_aligned_20260827/baselines/graphpareto_nsga2/formal_10240_seed43/anytime/budget_10240/quality_constrained/quality_annotated_molecules.csv","-6.6","","-7.4","","-7.4","-6.6","-6.6","-7.0","False","0.45098039215686275","0.5490196078431373","True"
"pairB","PARP1/BRD4","GraphPareto-NSGA-II","graphpareto_nsga2","43","9","GPN_BS43_09","Cc1ccc(Cc2nncn2-c2cccc(Cl)c2)cc1C","7.520320000000037","7.548920000000038","7.520320000000037","7.534620000000038","0.7275963323134159","2.1456228512014004","4.128340000000003","results/target_pairs/parp1_brd4_egfr_vegfr2_aligned_20260827/baselines/graphpareto_nsga2/formal_10240_seed43/anytime/budget_10240/quality_constrained/quality_annotated_molecules.csv","-8.0","","-9.5","","-9.5","-8.0","-8.0","-8.75","True","0.5490196078431373","0.4509803921568627","True"
"pairB","PARP1/BRD4","GraphPareto-NSGA-II","graphpareto_nsga2","43","10","GPN_BS43_10","C=C(Cc1cccc(F)c1)c1nncn1-c1cccc(F)c1","7.780845000000015","7.50933000000004","7.50933000000004","7.645087500000027","0.7330484165785343","2.569413467076867","3.801400000000002","results/target_pairs/parp1_brd4_egfr_vegfr2_aligned_20260827/baselines/graphpareto_nsga2/formal_10240_seed43/anytime/budget_10240/quality_constrained/quality_annotated_molecules.csv","-8.3","","-8.9","","-8.9","-8.3","-8.3","-8.600000000000001","True","0.46296296296296297","0.537037037037037","True"
"pairB","PARP1/BRD4","GraphPareto-NSGA-II","graphpareto_nsga2","44","1","GPN_BS44_01","Cc1ccc(-c2cc(F)cc(C(C)(O)Cc3ccc(O)cc3)c2)cc1","7.977779999999967","7.644794166666686","7.644794166666686","7.811287083333326","0.7070215748649376","2.5686879334696275","4.9569200000000055","results/target_pairs/parp1_brd4_egfr_vegfr2_aligned_20260827/baselines/graphpareto_nsga2/formal_10240_seed44/anytime/budget_10240/quality_constrained/quality_annotated_molecules.csv","-9.2","","-10.2","","-10.2","-9.2","-9.2","-9.7","True","0.4150943396226415","0.5849056603773586","True"
"pairB","PARP1/BRD4","GraphPareto-NSGA-II","graphpareto_nsga2","44","2","GPN_BS44_02","CC1=CC=C(c2cc(F)cc(C(C)(O)CCc3ccc(O)cc3)c2)C=C=N1","7.959939999999968","7.599399166666692","7.599399166666692","7.77966958333333","0.7939093632572531","3.918447048951713","4.898300000000005","results/target_pairs/parp1_brd4_egfr_vegfr2_aligned_20260827/baselines/graphpareto_nsga2/formal_10240_seed44/anytime/budget_10240/quality_constrained/quality_annotated_molecules.csv","-9.7","","-10.2","","-10.2","-9.7","-9.7","-9.95","True","0.3076923076923077","0.6923076923076923","True"
"pairB","PARP1/BRD4","GraphPareto-NSGA-II","graphpareto_nsga2","44","3","GPN_BS44_03","CC1=C=NC=C(c2cc(F)cc(C(C)(O)CCc3ccc(O)cc3)c2)C=C1","7.954239999999971","7.594749166666692","7.594749166666692","7.774494583333332","0.7939093632572533","3.871402919397057","4.898300000000004","results/target_pairs/parp1_brd4_egfr_vegfr2_aligned_20260827/baselines/graphpareto_nsga2/formal_10240_seed44/anytime/budget_10240/quality_constrained/quality_annotated_molecules.csv","-9.8","","-10.1","","-10.1","-9.8","-9.8","-9.95","True","0.3076923076923077","0.6923076923076923","True"
"pairB","PARP1/BRD4","GraphPareto-NSGA-II","graphpareto_nsga2","44","4","GPN_BS44_04","CC1=CN=C=C(c2cc(F)cc(C(C)(O)CCc3ccc(O)cc3)c2)C=C1","7.957584999999966","7.590994166666691","7.590994166666691","7.774289583333329","0.7939093632572533","3.9138723525954378","4.898300000000004","results/target_pairs/parp1_brd4_egfr_vegfr2_aligned_20260827/baselines/graphpareto_nsga2/formal_10240_seed44/anytime/budget_10240/quality_constrained/quality_annotated_molecules.csv","-9.7","","-10.1","","-10.1","-9.7","-9.7","-9.899999999999999","True","0.3125","0.6875","True"
"pairB","PARP1/BRD4","GraphPareto-NSGA-II","graphpareto_nsga2","44","5","GPN_BS44_05","CC1=CC=C(c2cc(F)cc(C(C)(O)CCc3ccc(O)cc3)c2)N=C=C1","7.884034999999967","7.585344166666692","7.585344166666692","7.73468958333333","0.7939093632572531","3.931753931542806","4.898300000000005","results/target_pairs/parp1_brd4_egfr_vegfr2_aligned_20260827/baselines/graphpareto_nsga2/formal_10240_seed44/anytime/budget_10240/quality_constrained/quality_annotated_molecules.csv","-9.5","","-10.1","","-10.1","-9.5","-9.5","-9.8","True","0.3076923076923077","0.6923076923076923","True"
"pairB","PARP1/BRD4","GraphPareto-NSGA-II","graphpareto_nsga2","44","6","GPN_BS44_06","CC(O)(CCCc1nccn1C(=O)c1cccs1)Cc1cc(F)cc(Cl)c1","7.372745000000011","7.264880000000018","7.264880000000018","7.318812500000014","0.6160269447587658","3.277255348546856","4.742000000000004","results/target_pairs/parp1_brd4_egfr_vegfr2_aligned_20260827/baselines/graphpareto_nsga2/formal_10240_seed44/anytime/budget_10240/quality_constrained/quality_annotated_molecules.csv","-7.3","","-8.8","","-8.8","-7.3","-7.3","-8.05","True","0.4025974025974026","0.5974025974025974","True"
"pairB","PARP1/BRD4","GraphPareto-NSGA-II","graphpareto_nsga2","44","7","GPN_BS44_07","CC(O)(CCc1cc(F)cc(Cl)c1)CCc1nccn1C(=O)c1cccs1","7.367435000000015","7.235150000000015","7.235150000000015","7.301292500000015","0.616026944758766","3.2864593971298506","4.742000000000004","results/target_pairs/parp1_brd4_egfr_vegfr2_aligned_20260827/baselines/graphpareto_nsga2/formal_10240_seed44/anytime/budget_10240/quality_constrained/quality_annotated_molecules.csv","-7.7","","-9.2","","-9.2","-7.7","-7.7","-8.45","True","0.4189189189189189","0.5810810810810811","True"
"pairB","PARP1/BRD4","GraphPareto-NSGA-II","graphpareto_nsga2","44","8","GPN_BS44_08","CC(O)(CCc1cc(F)cc(Cl)c1)c1nccs1","7.864459999999981","7.232470000000006","7.232470000000006","7.548464999999993","0.9273474888289498","3.154506496911273","3.775900000000002","results/target_pairs/parp1_brd4_egfr_vegfr2_aligned_20260827/baselines/graphpareto_nsga2/formal_10240_seed44/anytime/budget_10240/quality_constrained/quality_annotated_molecules.csv","-6.8","","-7.9","","-7.9","-6.8","-6.8","-7.35","False","0.38333333333333336","0.6166666666666667","True"
"pairB","PARP1/BRD4","GraphPareto-NSGA-II","graphpareto_nsga2","44","9","GPN_BS44_09","CCn1ccnc1Cc1c(C)nnn1-c1ccc(O)cc1","7.471770000000013","7.224371666666712","7.224371666666712","7.348070833333362","0.7957230503931347","2.6662382358167847","2.08852","results/target_pairs/parp1_brd4_egfr_vegfr2_aligned_20260827/baselines/graphpareto_nsga2/formal_10240_seed44/anytime/budget_10240/quality_constrained/quality_annotated_molecules.csv","-7.1","","-7.9","","-7.9","-7.1","-7.1","-7.5","True","0.41379310344827586","0.5862068965517242","True"
"pairB","PARP1/BRD4","GraphPareto-NSGA-II","graphpareto_nsga2","44","10","GPN_BS44_10","Cc1nnn(-c2ccc(O)cc2)c1Cc1nccn1CO","7.469810000000017","7.220201666666713","7.220201666666713","7.345005833333365","0.7467490254366428","2.8723266973552466","1.0184199999999997","results/target_pairs/parp1_brd4_egfr_vegfr2_aligned_20260827/baselines/graphpareto_nsga2/formal_10240_seed44/anytime/budget_10240/quality_constrained/quality_annotated_molecules.csv","-7.3","","-8.3","","-8.3","-7.3","-7.3","-7.800000000000001","True","0.42857142857142855","0.5714285714285714","True"
"pairB","PARP1/BRD4","GraphPareto-NSGA-II","graphpareto_nsga2","45","1","GPN_BS45_01","Cc1ccc(N(Cc2ncc(F)cc2F)C(=O)c2cc(CC(O)(F)F)c[nH]2)cc1","7.710344999999992","7.691905000000027","7.691905000000027","7.70112500000001","0.6078476654075409","3.0684714599827654","3.970920000000002","results/target_pairs/parp1_brd4_egfr_vegfr2_aligned_20260827/baselines/graphpareto_nsga2/formal_10240_seed45/anytime/budget_10240/quality_constrained/quality_annotated_molecules.csv","-8.5","","-10.0","","-10.0","-8.5","-8.5","-9.25","True","0.3787878787878788","0.6212121212121212","True"
"pairB","PARP1/BRD4","GraphPareto-NSGA-II","graphpareto_nsga2","45","2","GPN_BS45_02","Cc1ccc(C(O)(F)CC(=O)Nc2ccc(CC(=O)N3CCC(C)CC3)cc2)cc1","7.572575000000017","7.574555000000032","7.572575000000017","7.573565000000025","0.7551152864538445","2.802814466294912","3.939420000000003","results/target_pairs/parp1_brd4_egfr_vegfr2_aligned_20260827/baselines/graphpareto_nsga2/formal_10240_seed45/anytime/budget_10240/quality_constrained/quality_annotated_molecules.csv","-8.7","","-10.3","","-10.3","-8.7","-8.7","-9.5","True","0.5925925925925926","0.40740740740740744","True"
"pairB","PARP1/BRD4","GraphPareto-NSGA-II","graphpareto_nsga2","45","3","GPN_BS45_03","Cc1ccc(-c2cc(F)nn2CC(O)(F)c2ccccc2)cc1","7.5685300000000195","7.608960000000003","7.5685300000000195","7.588745000000012","0.794955814376486","3.155313613123962","3.812420000000002","results/target_pairs/parp1_brd4_egfr_vegfr2_aligned_20260827/baselines/graphpareto_nsga2/formal_10240_seed45/anytime/budget_10240/quality_constrained/quality_annotated_molecules.csv","-8.5","","-8.9","","-8.9","-8.5","-8.5","-8.7","True","0.392156862745098","0.607843137254902","True"
"pairB","PARP1/BRD4","GraphPareto-NSGA-II","graphpareto_nsga2","45","4","GPN_BS45_04","C=C1CC(C)=NCCN1C(=O)Cc1ccc(NC(=O)CC(O)(F)c2ccccc2)cc1","7.544240000000027","7.545895","7.544240000000027","7.545067500000013","0.7451760870689692","3.4358836975986806","3.5794000000000024","results/target_pairs/parp1_brd4_egfr_vegfr2_aligned_20260827/baselines/graphpareto_nsga2/formal_10240_seed45/anytime/budget_10240/quality_constrained/quality_annotated_molecules.csv","-7.8","","-9.4","","-9.4","-7.8","-7.8","-8.6","True","0.4461538461538462","0.5538461538461539","True"
"pairB","PARP1/BRD4","GraphPareto-NSGA-II","graphpareto_nsga2","45","5","GPN_BS45_05","C=C1CC(C)CCN1C(=O)Cc1ccc(NC(=O)CCC(O)(F)C2=CC=CC=CC2)cc1","7.58894500000002","7.535420000000044","7.535420000000044","7.562182500000032","0.6412442652826073","3.984103479700085","4.820600000000004","results/target_pairs/parp1_brd4_egfr_vegfr2_aligned_20260827/baselines/graphpareto_nsga2/formal_10240_seed45/anytime/budget_10240/quality_constrained/quality_annotated_molecules.csv","-9.2","","-10.5","","-10.5","-9.2","-9.2","-9.85","True","0.42857142857142855","0.5714285714285714","True"
"pairB","PARP1/BRD4","GraphPareto-NSGA-II","graphpareto_nsga2","45","6","GPN_BS45_06","C=C1CN=C(C)CCN1C(=O)Cc1ccc(NC(=O)CC(O)(F)c2ccccc2)cc1","7.545045000000029","7.515684999999998","7.515684999999998","7.530365000000014","0.7451760870689692","3.4446242811530565","3.5794000000000024","results/target_pairs/parp1_brd4_egfr_vegfr2_aligned_20260827/baselines/graphpareto_nsga2/formal_10240_seed45/anytime/budget_10240/quality_constrained/quality_annotated_molecules.csv","-7.8","","-10.5","","-10.5","-7.8","-7.8","-9.15","True","0.42424242424242425","0.5757575757575757","True"
"pairB","PARP1/BRD4","GraphPareto-NSGA-II","graphpareto_nsga2","45","7","GPN_BS45_07","Cc1ccc(C(O)(F)C(=O)CN(C)C(=O)c2cc(CF)c[nH]2)cc1","7.490970000000015","7.666936666666694","7.490970000000015","7.578953333333354","0.8496541269514072","3.450601200353164","2.24852","results/target_pairs/parp1_brd4_egfr_vegfr2_aligned_20260827/baselines/graphpareto_nsga2/formal_10240_seed45/anytime/budget_10240/quality_constrained/quality_annotated_molecules.csv","-7.4","","-8.5","","-8.5","-7.4","-7.4","-7.95","True","0.3793103448275862","0.6206896551724138","True"
"pairB","PARP1/BRD4","GraphPareto-NSGA-II","graphpareto_nsga2","45","8","GPN_BS45_08","C=C1C=C(C)CCN1C(=O)Cc1ccc(NC(=O)CC(O)(F)c2ccccc2)cc1","7.522690000000029","7.456540000000002","7.456540000000002","7.489615000000016","0.757237025825524","3.296339191569638","4.064800000000003","results/target_pairs/parp1_brd4_egfr_vegfr2_aligned_20260827/baselines/graphpareto_nsga2/formal_10240_seed45/anytime/budget_10240/quality_constrained/quality_annotated_molecules.csv","-8.4","","-9.8","","-9.8","-8.4","-8.4","-9.100000000000001","True","0.45161290322580644","0.5483870967741935","True"
"pairB","PARP1/BRD4","GraphPareto-NSGA-II","graphpareto_nsga2","45","9","GPN_BS45_09","Cc1ccc(N(CCCC(O)(F)F)C(=O)c2cc(CC(O)(F)F)c[nH]2)cc1","7.425040000000003","7.662551666666683","7.425040000000003","7.543795833333343","0.6064282977186204","3.1859055192668944","3.4628200000000016","results/target_pairs/parp1_brd4_egfr_vegfr2_aligned_20260827/baselines/graphpareto_nsga2/formal_10240_seed45/anytime/budget_10240/quality_constrained/quality_annotated_molecules.csv","-7.5","","-9.0","","-9.0","-7.5","-7.5","-8.25","True","0.38596491228070173","0.6140350877192983","True"
"pairB","PARP1/BRD4","GraphPareto-NSGA-II","graphpareto_nsga2","45","10","GPN_BS45_10","Cc1ccc(-c2cc(C#N)nn2CCC(O)(F)c2ccccc2)cc1","7.424630000000024","7.61223500000002","7.424630000000024","7.518432500000022","0.7681540999680065","3.152520287594376","3.935100000000002","results/target_pairs/parp1_brd4_egfr_vegfr2_aligned_20260827/baselines/graphpareto_nsga2/formal_10240_seed45/anytime/budget_10240/quality_constrained/quality_annotated_molecules.csv","-8.7","","-9.6","","-9.6","-8.7","-8.7","-9.149999999999999","True","0.5660377358490566","0.4339622641509434","True"
"pairB","PARP1/BRD4","GraphPareto-NSGA-II","graphpareto_nsga2","46","1","GPN_BS46_01","Cc1ccc(N2CC(Cc3cccnc3)C(C(C)c3cccnc3C)C2)nn1","7.821815000000013","7.6525900000000435","7.6525900000000435","7.737202500000029","0.6769658540751056","3.77464274633044","3.982240000000002","results/target_pairs/parp1_brd4_egfr_vegfr2_aligned_20260827/baselines/graphpareto_nsga2/formal_10240_seed46/anytime/budget_10240/quality_constrained/quality_annotated_molecules.csv","-8.4","","-10.1","","-10.1","-8.4","-8.4","-9.25","True","0.4714285714285714","0.5285714285714286","True"
"pairB","PARP1/BRD4","GraphPareto-NSGA-II","graphpareto_nsga2","46","2","GPN_BS46_02","CCC(C)C(C)C1CN(c2ccc(C)nn2)CCC1Cc1ccc(N)nc1","7.99313500000002","7.551465000000043","7.551465000000043","7.772300000000031","0.8312738064994126","3.92507572492676","4.129620000000003","results/target_pairs/parp1_brd4_egfr_vegfr2_aligned_20260827/baselines/graphpareto_nsga2/formal_10240_seed46/anytime/budget_10240/quality_constrained/quality_annotated_molecules.csv","-7.2","","-9.7","","-9.7","-7.2","-7.2","-8.45","True","0.4328358208955223","0.5671641791044777","True"
"pairB","PARP1/BRD4","GraphPareto-NSGA-II","graphpareto_nsga2","46","3","GPN_BS46_03","CCCC(CC)C1CN(c2ccc(C)nn2)CC1Cc1cccnc1","7.79479000000001","7.513475000000056","7.513475000000056","7.654132500000033","0.7545899961307486","3.733036224169206","4.301420000000004","results/target_pairs/parp1_brd4_egfr_vegfr2_aligned_20260827/baselines/graphpareto_nsga2/formal_10240_seed46/anytime/budget_10240/quality_constrained/quality_annotated_molecules.csv","-8.6","","-8.2","","-8.2","-8.6","-8.2","-8.399999999999999","True","0.4925373134328358","0.5074626865671642","True"
"pairB","PARP1/BRD4","GraphPareto-NSGA-II","graphpareto_nsga2","46","4","GPN_BS46_04","CCC(CC)C1CN(c2ccc(-n3cncn3)nn2)CC1Cc1cccnc1","7.832420000000001","7.506510000000049","7.506510000000049","7.6694650000000255","0.6296002616914151","3.726772433936792","3.183600000000002","results/target_pairs/parp1_brd4_egfr_vegfr2_aligned_20260827/baselines/graphpareto_nsga2/formal_10240_seed46/anytime/budget_10240/quality_constrained/quality_annotated_molecules.csv","-8.5","","-9.6","","-9.6","-8.5","-8.5","-9.05","True","0.46153846153846156","0.5384615384615384","True"
"pairB","PARP1/BRD4","GraphPareto-NSGA-II","graphpareto_nsga2","46","5","GPN_BS46_05","Cc1ccc(N2CCC(Cc3cccnc3)C(C(C)C(C)C)C2)nn1","7.951110000000014","7.4902400000000515","7.4902400000000515","7.720675000000033","0.8208561488809452","3.632377854721751","4.157320000000003","results/target_pairs/parp1_brd4_egfr_vegfr2_aligned_20260827/baselines/graphpareto_nsga2/formal_10240_seed46/anytime/budget_10240/quality_constrained/quality_annotated_molecules.csv","-8.4","","-9.3","","-9.3","-8.4","-8.4","-8.850000000000001","True","0.5423728813559322","0.4576271186440678","True"
"pairB","PARP1/BRD4","GraphPareto-NSGA-II","graphpareto_nsga2","46","6","GPN_BS46_06","CCC(CCc1cccnc1)C1CN(c2ccc(C)nn2)CCC1C","7.848750000000013","7.483135000000056","7.483135000000056","7.665942500000034","0.7872717642322452","3.6299612241692056","4.301420000000004","results/target_pairs/parp1_brd4_egfr_vegfr2_aligned_20260827/baselines/graphpareto_nsga2/formal_10240_seed46/anytime/budget_10240/quality_constrained/quality_annotated_molecules.csv","-8.6","","-9.3","","-9.3","-8.6","-8.6","-8.95","True","0.4852941176470588","0.5147058823529411","True"
"pairB","PARP1/BRD4","GraphPareto-NSGA-II","graphpareto_nsga2","46","7","GPN_BS46_07","CCC(CCc1cccnc1)C1CCCN(c2ccc(C)nn2)C1C","7.647180000000003","7.478915000000054","7.478915000000054","7.563047500000028","0.7804819463345277","3.710686224169206","4.443920000000003","results/target_pairs/parp1_brd4_egfr_vegfr2_aligned_20260827/baselines/graphpareto_nsga2/formal_10240_seed46/anytime/budget_10240/quality_constrained/quality_annotated_molecules.csv","-8.0","","-9.3","","-9.3","-8.0","-8.0","-8.65","True","0.515625","0.484375","True"
"pairB","PARP1/BRD4","GraphPareto-NSGA-II","graphpareto_nsga2","46","8","GPN_BS46_08","CCC(C)C1CN(c2ccc(-n3cncn3)nn2)CC1Cc1cccnc1","7.763280000000011","7.475409166666723","7.475409166666723","7.619344583333367","0.6704809911271139","3.7925942263641774","2.7935000000000008","results/target_pairs/parp1_brd4_egfr_vegfr2_aligned_20260827/baselines/graphpareto_nsga2/formal_10240_seed46/anytime/budget_10240/quality_constrained/quality_annotated_molecules.csv","-8.3","","-9.8","","-9.8","-8.3","-8.3","-9.05","True","0.4411764705882353","0.5588235294117647","True"
"pairB","PARP1/BRD4","GraphPareto-NSGA-II","graphpareto_nsga2","46","9","GPN_BS46_09","CCC(C)C(C)C1CN(c2ccc(C)nn2)CCC1Cc1cccnc1","7.958440000000015","7.472260000000057","7.472260000000057","7.715350000000036","0.764833086495485","3.805730368648252","4.547420000000004","results/target_pairs/parp1_brd4_egfr_vegfr2_aligned_20260827/baselines/graphpareto_nsga2/formal_10240_seed46/anytime/budget_10240/quality_constrained/quality_annotated_molecules.csv","-7.6","","-9.3","","-9.3","-7.6","-7.6","-8.45","True","0.5161290322580645","0.4838709677419355","True"
"pairB","PARP1/BRD4","GraphPareto-NSGA-II","graphpareto_nsga2","46","10","GPN_BS46_10","Cc1ccc(N2CCC(Cc3cccnc3)C(C(C)C)C2)nn1","7.92396000000002","7.465840000000053","7.465840000000053","7.694900000000036","0.8662539186478693","3.316677594194065","3.5212200000000022","results/target_pairs/parp1_brd4_egfr_vegfr2_aligned_20260827/baselines/graphpareto_nsga2/formal_10240_seed46/anytime/budget_10240/quality_constrained/quality_annotated_molecules.csv","-8.3","","-9.1","","-9.1","-8.3","-8.3","-8.7","True","0.5423728813559322","0.4576271186440678","True"
"pairB","PARP1/BRD4","GraphPareto-NSGA-II","graphpareto_nsga2","47","1","GPN_BS47_01","C=C(Cl)C(F)C(F)n1c(SCC)nnc1-c1ccc(CC(=O)NC)cc1F","7.89452500000002","7.300612500000047","7.300612500000047","7.5975687500000335","0.6570616272410919","3.843141692819725","4.043400000000003","results/target_pairs/parp1_brd4_egfr_vegfr2_aligned_20260827/baselines/graphpareto_nsga2/formal_10240_seed47/anytime/budget_10240/quality_constrained/quality_annotated_molecules.csv","-6.9","","-8.6","","-8.6","-6.9","-6.9","-7.75","False","0.380281690140845","0.619718309859155","True"
"pairB","PARP1/BRD4","GraphPareto-NSGA-II","graphpareto_nsga2","47","2","GPN_BS47_02","C=C(Cl)C(F)Cn1c(SCC(=O)NC)nnc1-c1ccc(CC)cc1F","7.6710050000000125","7.2580775000000335","7.2580775000000335","7.464541250000023","0.6879619285653149","3.2826578041533345","3.575300000000002","results/target_pairs/parp1_brd4_egfr_vegfr2_aligned_20260827/baselines/graphpareto_nsga2/formal_10240_seed47/anytime/budget_10240/quality_constrained/quality_annotated_molecules.csv","-7.1","","-8.7","","-8.7","-7.1","-7.1","-7.8999999999999995","True","0.5606060606060606","0.43939393939393945","True"
"pairB","PARP1/BRD4","GraphPareto-NSGA-II","graphpareto_nsga2","47","3","GPN_BS47_03","C=C(Cl)C(F)OC(F)n1c(SCC)nnc1-c1ccc(CC(=O)NC)cc1F","7.789390000000015","7.257547500000034","7.257547500000034","7.523468750000024","0.6045618663560963","3.9846853548413046","3.9750000000000014","results/target_pairs/parp1_brd4_egfr_vegfr2_aligned_20260827/baselines/graphpareto_nsga2/formal_10240_seed47/anytime/budget_10240/quality_constrained/quality_annotated_molecules.csv","-8.2","","-8.6","","-8.6","-8.2","-8.2","-8.399999999999999","True","0.3648648648648648","0.6351351351351352","True"
"pairB","PARP1/BRD4","GraphPareto-NSGA-II","graphpareto_nsga2","47","4","GPN_BS47_04","C=C(Cl)C(F)C(F)n1c(CC)nnc1-c1ccc(CC)cc1F","7.733785000000013","7.2532300000000545","7.2532300000000545","7.4935075000000335","0.7561890946009131","3.782280368838775","4.767700000000003","results/target_pairs/parp1_brd4_egfr_vegfr2_aligned_20260827/baselines/graphpareto_nsga2/formal_10240_seed47/anytime/budget_10240/quality_constrained/quality_annotated_molecules.csv","-7.6","","-8.4","","-8.4","-7.6","-7.6","-8.0","True","0.32857142857142857","0.6714285714285715","True"
"pairB","PARP1/BRD4","GraphPareto-NSGA-II","graphpareto_nsga2","47","5","GPN_BS47_05","C=C(Cl)C(F)C(CN)n1c(SCC)nnc1-c1ccc(Cl)cc1F","7.243030000000027","7.330610000000036","7.243030000000027","7.286820000000031","0.7070471478814463","3.8386520560870654","4.440000000000002","results/target_pairs/parp1_brd4_egfr_vegfr2_aligned_20260827/baselines/graphpareto_nsga2/formal_10240_seed47/anytime/budget_10240/quality_constrained/quality_annotated_molecules.csv","-6.2","","-7.7","","-7.7","-6.2","-6.2","-6.95","False","0.417910447761194","0.582089552238806","True"
"pairB","PARP1/BRD4","GraphPareto-NSGA-II","graphpareto_nsga2","47","6","GPN_BS47_06","C=C(Cl)C(F)C(F)n1c(C)nnc1-c1ccc(CC)cc1F","7.800475000000009","7.23722000000006","7.23722000000006","7.518847500000035","0.8074770742701345","3.785354612091948","4.513720000000003","results/target_pairs/parp1_brd4_egfr_vegfr2_aligned_20260827/baselines/graphpareto_nsga2/formal_10240_seed47/anytime/budget_10240/quality_constrained/quality_annotated_molecules.csv","-7.7","","-8.2","","-8.2","-7.7","-7.7","-7.949999999999999","True","0.3142857142857143","0.6857142857142857","True"
"pairB","PARP1/BRD4","GraphPareto-NSGA-II","graphpareto_nsga2","47","7","GPN_BS47_07","C=C(Cl)C(F)n1c(SCC)nnc1-c1ccc(CC)cc1F","7.713230000000014","7.215095000000039","7.215095000000039","7.464162500000026","0.6929593671424982","3.374074889644577","4.979200000000003","results/target_pairs/parp1_brd4_egfr_vegfr2_aligned_20260827/baselines/graphpareto_nsga2/formal_10240_seed47/anytime/budget_10240/quality_constrained/quality_annotated_molecules.csv","-6.6","","-7.6","","-7.6","-6.6","-6.6","-7.1","False","0.3787878787878788","0.6212121212121212","True"
"pairB","PARP1/BRD4","GraphPareto-NSGA-II","graphpareto_nsga2","47","8","GPN_BS47_08","C=C(Cl)C(F)C(F)n1c(SC)nnc1-c1ccc(CC)cc1F","7.770490000000015","7.185460000000045","7.185460000000045","7.47797500000003","0.6835498550082176","3.835974413503788","4.927200000000003","results/target_pairs/parp1_brd4_egfr_vegfr2_aligned_20260827/baselines/graphpareto_nsga2/formal_10240_seed47/anytime/budget_10240/quality_constrained/quality_annotated_molecules.csv","-7.2","","-8.3","","-8.3","-7.2","-7.2","-7.75","True","0.34328358208955223","0.6567164179104478","True"
"pairB","PARP1/BRD4","GraphPareto-NSGA-II","graphpareto_nsga2","47","9","GPN_BS47_09","Cn1c(-c2nnc(N3CCSCC3)s2)nc2c1c(=O)[nH]c(=O)n2C","7.179175000000006","7.230170714285741","7.179175000000006","7.2046728571428735","0.6835762853219323","3.020684613944768","0.0319999999999996","results/target_pairs/parp1_brd4_egfr_vegfr2_aligned_20260827/baselines/graphpareto_nsga2/formal_10240_seed47/anytime/budget_10240/quality_constrained/quality_annotated_molecules.csv","-7.5","","-9.2","","-9.2","-7.5","-7.5","-8.35","True","0.46153846153846156","0.5384615384615384","True"
"pairB","PARP1/BRD4","GraphPareto-NSGA-II","graphpareto_nsga2","47","10","GPN_BS47_10","CCc1nnc(SC)n1C(=O)NCc1ccc(-c2ccc(Cl)cc2)c(F)c1","7.764415000000021","7.171006666666698","7.171006666666698","7.46771083333336","0.6214932884336122","2.466557945643689","4.779800000000003","results/target_pairs/parp1_brd4_egfr_vegfr2_aligned_20260827/baselines/graphpareto_nsga2/formal_10240_seed47/anytime/budget_10240/quality_constrained/quality_annotated_molecules.csv","-7.8","","-9.7","","-9.7","-7.8","-7.8","-8.75","True","0.45454545454545453","0.5454545454545454","True"
"pairB","PARP1/BRD4","GraphPareto-NSGA-II","graphpareto_nsga2","48","1","GPN_BS48_01","Cc1c(C)n(Cc2ccncc2)c2ncnc(NC(=O)N(C)CC(C)(C)O)c12","7.331330000000007","7.6728600000000196","7.331330000000007","7.502095000000013","0.7072611787512805","2.831700251955372","2.7260400000000016","results/target_pairs/parp1_brd4_egfr_vegfr2_aligned_20260827/baselines/graphpareto_nsga2/formal_10240_seed48/anytime/budget_10240/quality_constrained/quality_annotated_molecules.csv","-6.9","","-9.5","","-9.5","-6.9","-6.9","-8.2","False","0.5964912280701754","0.4035087719298246","True"
"pairB","PARP1/BRD4","GraphPareto-NSGA-II","graphpareto_nsga2","48","2","GPN_BS48_02","Cc1c(C)n(Cc2ccncc2)c2ncnc(NCC(C)(C)O)c12","7.312590000000002","7.662855000000016","7.312590000000002","7.487722500000009","0.7541080481640204","2.60281282695213","2.674240000000001","results/target_pairs/parp1_brd4_egfr_vegfr2_aligned_20260827/baselines/graphpareto_nsga2/formal_10240_seed48/anytime/budget_10240/quality_constrained/quality_annotated_molecules.csv","-6.7","","-8.8","","-8.8","-6.7","-6.7","-7.75","False","0.7291666666666666","0.27083333333333337","True"
"pairB","PARP1/BRD4","GraphPareto-NSGA-II","graphpareto_nsga2","48","3","GPN_BS48_03","CC1OCCC1=CC=CN1C=CN(C(=O)NCc2ccc(Oc3ccccn3)cc2)CC1","7.500855000000018","7.296415000000019","7.296415000000019","7.398635000000018","0.73193795600589","3.938802292857031","4.421200000000003","results/target_pairs/parp1_brd4_egfr_vegfr2_aligned_20260827/baselines/graphpareto_nsga2/formal_10240_seed48/anytime/budget_10240/quality_constrained/quality_annotated_molecules.csv","-7.6","","-9.2","","-9.2","-7.6","-7.6","-8.399999999999999","True","0.4146341463414634","0.5853658536585367","True"
"pairB","PARP1/BRD4","GraphPareto-NSGA-II","graphpareto_nsga2","48","4","GPN_BS48_04","O=C(CC1OCC2=C1N(Cc1cccc(F)c1)NN=N2)NCC(=O)Nc1nccs1","7.707980000000015","7.283424000000037","7.283424000000037","7.495702000000026","0.6140993664771913","3.681515034692033","1.7249999999999996","results/target_pairs/parp1_brd4_egfr_vegfr2_aligned_20260827/baselines/graphpareto_nsga2/formal_10240_seed48/anytime/budget_10240/quality_constrained/quality_annotated_molecules.csv","-7.6","","-10.0","","-10.0","-7.6","-7.6","-8.8","True","0.5","0.5","True"
"pairB","PARP1/BRD4","GraphPareto-NSGA-II","graphpareto_nsga2","48","5","GPN_BS48_05","O=C(CSC1OCC2=C1N(Cc1cccc(F)c1)NN=N2)Nc1nccs1","7.715005000000023","7.225444000000041","7.225444000000041","7.470224500000032","0.7665784912590526","3.8624985556395615","2.9094000000000007","results/target_pairs/parp1_brd4_egfr_vegfr2_aligned_20260827/baselines/graphpareto_nsga2/formal_10240_seed48/anytime/budget_10240/quality_constrained/quality_annotated_molecules.csv","-7.5","","-9.3","","-9.3","-7.5","-7.5","-8.4","True","0.5066666666666667","0.4933333333333333","True"
"pairB","PARP1/BRD4","GraphPareto-NSGA-II","graphpareto_nsga2","48","6","GPN_BS48_06","O=C(CC1OCC2=C1N(Cc1cccc(F)c1)NN=N2)Nc1nccs1","7.742430000000019","7.225124000000036","7.225124000000036","7.483777000000027","0.8394737897183622","3.7039914672656113","2.6088000000000005","results/target_pairs/parp1_brd4_egfr_vegfr2_aligned_20260827/baselines/graphpareto_nsga2/formal_10240_seed48/anytime/budget_10240/quality_constrained/quality_annotated_molecules.csv","-8.0","","-9.7","","-9.7","-8.0","-8.0","-8.85","True","0.5277777777777778","0.4722222222222222","True"
"pairB","PARP1/BRD4","GraphPareto-NSGA-II","graphpareto_nsga2","48","7","GPN_BS48_07","O=C(CC1OCC2=C(S1)N(Cc1cccc(F)c1)NN=N2)Nc1nccs1","7.500050000000026","7.217404000000032","7.217404000000032","7.358727000000028","0.7920749890695078","3.9059895001381","3.257000000000001","results/target_pairs/parp1_brd4_egfr_vegfr2_aligned_20260827/baselines/graphpareto_nsga2/formal_10240_seed48/anytime/budget_10240/quality_constrained/quality_annotated_molecules.csv","-7.4","","-9.6","","-9.6","-7.4","-7.4","-8.5","True","0.5135135135135135","0.4864864864864865","True"
"pairB","PARP1/BRD4","GraphPareto-NSGA-II","graphpareto_nsga2","48","8","GPN_BS48_08","O=C(CCC1OCC2=C1N(Cc1cccc(F)c1)NN=N2)Nc1nccs1","7.730265000000018","7.215229000000034","7.215229000000034","7.472747000000026","0.7938375868919336","3.6867593151332327","2.998900000000001","results/target_pairs/parp1_brd4_egfr_vegfr2_aligned_20260827/baselines/graphpareto_nsga2/formal_10240_seed48/anytime/budget_10240/quality_constrained/quality_annotated_molecules.csv","-8.6","","-9.8","","-9.8","-8.6","-8.6","-9.2","True","0.5217391304347826","0.4782608695652174","True"
"pairB","PARP1/BRD4","GraphPareto-NSGA-II","graphpareto_nsga2","48","9","GPN_BS48_09","Fc1cccc(CCc2csc(-c3ccccn3)n2)c1","7.19405999999999","7.193325000000022","7.193325000000022","7.193692500000006","0.7196313903488833","2.0444451304631457","4.129400000000003","results/target_pairs/parp1_brd4_egfr_vegfr2_aligned_20260827/baselines/graphpareto_nsga2/formal_10240_seed48/anytime/budget_10240/quality_constrained/quality_annotated_molecules.csv","-7.9","","-8.5","","-8.5","-7.9","-7.9","-8.2","True","0.6851851851851852","0.31481481481481477","True"
"pairB","PARP1/BRD4","GraphPareto-NSGA-II","graphpareto_nsga2","48","10","GPN_BS48_10","COc1ccc(CNC(=O)N2CCN(C(C)(C)O)C(OC)C2)cc1","7.727040000000023","7.182770000000027","7.182770000000027","7.454905000000025","0.8451329832436849","3.0754897210632235","1.2232999999999998","results/target_pairs/parp1_brd4_egfr_vegfr2_aligned_20260827/baselines/graphpareto_nsga2/formal_10240_seed48/anytime/budget_10240/quality_constrained/quality_annotated_molecules.csv","-7.3","","-8.4","","-8.4","-7.3","-7.3","-7.85","True","0.5818181818181818","0.4181818181818182","True"
"pairB","PARP1/BRD4","GraphPareto-NSGA-II","graphpareto_nsga2","49","1","GPN_BS49_01","CCc1ccc(-n2cc(Cl)c(C)c(CNc3nncs3)c2=O)cc1F","7.653109999999946","7.654001666666707","7.653109999999946","7.653555833333327","0.7295040606920997","2.922860686726093","3.9644200000000014","results/target_pairs/parp1_brd4_egfr_vegfr2_aligned_20260827/baselines/graphpareto_nsga2/formal_10240_seed49/anytime/budget_10240/quality_constrained/quality_annotated_molecules.csv","-8.6","","-9.6","","-9.6","-8.6","-8.6","-9.1","True","0.4561403508771929","0.5438596491228072","True"
"pairB","PARP1/BRD4","GraphPareto-NSGA-II","graphpareto_nsga2","49","2","GPN_BS49_02","CCCc1ccc(-n2cc(Cl)c(C)c(Cc3nncs3)c2=O)cc1F","7.644709999999946","7.620898333333369","7.620898333333369","7.6328041666666575","0.6643530492311093","2.993090357055763","4.333220000000003","results/target_pairs/parp1_brd4_egfr_vegfr2_aligned_20260827/baselines/graphpareto_nsga2/formal_10240_seed49/anytime/budget_10240/quality_constrained/quality_annotated_molecules.csv","-8.0","","-9.3","","-9.3","-8.0","-8.0","-8.65","True","0.3285714285714285","0.6714285714285715","True"
"pairB","PARP1/BRD4","GraphPareto-NSGA-II","graphpareto_nsga2","49","3","GPN_BS49_03","Cc1cccc(Cc2nnc(SCC(=O)Nc3c(C)cc(C)n(C)c3=O)o2)c1","7.651105000000008","7.610765000000054","7.610765000000054","7.630935000000031","0.6421450152481414","2.491760207384557","3.0151600000000016","results/target_pairs/parp1_brd4_egfr_vegfr2_aligned_20260827/baselines/graphpareto_nsga2/formal_10240_seed49/anytime/budget_10240/quality_constrained/quality_annotated_molecules.csv","-8.1","","-9.9","","-9.9","-8.1","-8.1","-9.0","True","0.609375","0.390625","True"
"pairB","PARP1/BRD4","GraphPareto-NSGA-II","graphpareto_nsga2","49","4","GPN_BS49_04","Cc1ccc(Cc2nnc(SCC(=O)Nc3c(C)ccn(C)c3=O)o2)cc1C","7.618625000000028","7.570970000000048","7.570970000000048","7.594797500000038","0.6421450152481414","2.560055473656746","3.0151600000000016","results/target_pairs/parp1_brd4_egfr_vegfr2_aligned_20260827/baselines/graphpareto_nsga2/formal_10240_seed49/anytime/budget_10240/quality_constrained/quality_annotated_molecules.csv","-8.0","","-8.9","","-8.9","-8.0","-8.0","-8.45","True","0.5238095238095238","0.47619047619047616","True"
"pairB","PARP1/BRD4","GraphPareto-NSGA-II","graphpareto_nsga2","49","5","GPN_BS49_05","CCCc1ccc(-n2cc(Cl)c(C)c(-c3nncs3)c2=O)cc1F","7.569269999999954","7.676641666666711","7.569269999999954","7.622955833333332","0.6894280241250861","2.8958284411886392","4.4094200000000034","results/target_pairs/parp1_brd4_egfr_vegfr2_aligned_20260827/baselines/graphpareto_nsga2/formal_10240_seed49/anytime/budget_10240/quality_constrained/quality_annotated_molecules.csv","-8.2","","-9.2","","-9.2","-8.2","-8.2","-8.7","True","0.3382352941176471","0.6617647058823529","True"
"pairB","PARP1/BRD4","GraphPareto-NSGA-II","graphpareto_nsga2","49","6","GPN_BS49_06","Cc1cccc(Cc2nnc(SCC(=O)Nc3c(C)ccn(C)c3=O)o2)c1","7.568495000000018","7.689760000000057","7.568495000000018","7.629127500000038","0.6573987898905274","2.5155168525262805","2.706740000000001","results/target_pairs/parp1_brd4_egfr_vegfr2_aligned_20260827/baselines/graphpareto_nsga2/formal_10240_seed49/anytime/budget_10240/quality_constrained/quality_annotated_molecules.csv","-8.1","","-9.6","","-9.6","-8.1","-8.1","-8.85","True","0.609375","0.390625","True"
"pairB","PARP1/BRD4","GraphPareto-NSGA-II","graphpareto_nsga2","49","7","GPN_BS49_07","CCc1cccc(Cc2nnc(SCC(=O)Nc3c(C)ccn(C)c3=O)o2)c1","7.554410000000026","7.702495000000061","7.554410000000026","7.628452500000043","0.6155910754296771","2.552486220417288","2.960720000000001","results/target_pairs/parp1_brd4_egfr_vegfr2_aligned_20260827/baselines/graphpareto_nsga2/formal_10240_seed49/anytime/budget_10240/quality_constrained/quality_annotated_molecules.csv","-8.1","","-9.3","","-9.3","-8.1","-8.1","-8.7","True","0.5625","0.4375","True"
"pairB","PARP1/BRD4","GraphPareto-NSGA-II","graphpareto_nsga2","49","8","GPN_BS49_08","CCn1ccc(C)c(NC(=O)CSc2nnc(Cc3cccc(C)c3)o2)c1=O","7.568420000000013","7.551075000000058","7.551075000000058","7.559747500000036","0.6149135177292526","2.504240261313102","3.1896400000000016","results/target_pairs/parp1_brd4_egfr_vegfr2_aligned_20260827/baselines/graphpareto_nsga2/formal_10240_seed49/anytime/budget_10240/quality_constrained/quality_annotated_molecules.csv","-8.0","","-8.8","","-8.8","-8.0","-8.0","-8.4","True","0.6","0.4","True"
"pairB","PARP1/BRD4","GraphPareto-NSGA-II","graphpareto_nsga2","49","9","GPN_BS49_09","Cc1cc(C)cc(Cc2nnc(SCC(=O)Nc3c(C)ccn(C)c3=O)o2)c1","7.520060000000022","7.581695000000046","7.520060000000022","7.550877500000034","0.6421450152481414","2.617838313893431","3.0151600000000007","results/target_pairs/parp1_brd4_egfr_vegfr2_aligned_20260827/baselines/graphpareto_nsga2/formal_10240_seed49/anytime/budget_10240/quality_constrained/quality_annotated_molecules.csv","-8.4","","-9.8","","-9.8","-8.4","-8.4","-9.100000000000001","True","0.55","0.44999999999999996","True"
"pairB","PARP1/BRD4","GraphPareto-NSGA-II","graphpareto_nsga2","49","10","GPN_BS49_10","CCCc1ccc(-n2ccc(C)c(-c3nncs3)c2=O)cc1F","7.576169999999955","7.512456666666708","7.512456666666708","7.544313333333331","0.7321322363390104","2.78696012800342","3.756020000000003","results/target_pairs/parp1_brd4_egfr_vegfr2_aligned_20260827/baselines/graphpareto_nsga2/formal_10240_seed49/anytime/budget_10240/quality_constrained/quality_annotated_molecules.csv","-8.3","","-8.8","","-8.8","-8.3","-8.3","-8.55","True","0.35384615384615387","0.6461538461538461","True"
"pairB","PARP1/BRD4","GraphPareto-NSGA-II","graphpareto_nsga2","50","1","GPN_BS50_01","CC1CN(COc2cc(F)cc(F)c2)C=C1c1nnnn1-c1ccc(=O)[nH]c1","7.751120000000025","7.780760000000042","7.751120000000025","7.765940000000033","0.7211849803788518","3.791050615582022","1.9578999999999995","results/target_pairs/parp1_brd4_egfr_vegfr2_aligned_20260827/baselines/graphpareto_nsga2/formal_10240_seed50/anytime/budget_10240/quality_constrained/quality_annotated_molecules.csv","-9.1","","-10.6","","-10.6","-9.1","-9.1","-9.85","True","0.3246753246753247","0.6753246753246753","True"
"pairB","PARP1/BRD4","GraphPareto-NSGA-II","graphpareto_nsga2","50","2","GPN_BS50_02","CC1CN(O)C=C1c1cc(O)cc(-c2nnnn2-c2ccc(=O)[nH]c2)c1","7.683820000000026","7.602056666666713","7.602056666666713","7.642938333333369","0.6515149821767459","3.843940876391336","1.4049999999999998","results/target_pairs/parp1_brd4_egfr_vegfr2_aligned_20260827/baselines/graphpareto_nsga2/formal_10240_seed50/anytime/budget_10240/quality_constrained/quality_annotated_molecules.csv","-8.4","","-10.0","","-10.0","-8.4","-8.4","-9.2","True","0.3333333333333333","0.6666666666666667","True"
"pairB","PARP1/BRD4","GraphPareto-NSGA-II","graphpareto_nsga2","50","3","GPN_BS50_03","CC1=C(c2nnnn2-c2ccc(=O)[nH]c2)C=NN(c2cccc(F)c2)C1","7.768535000000022","7.588756666666718","7.588756666666718","7.67864583333337","0.7763365270883184","3.3344239510021225","1.7692","results/target_pairs/parp1_brd4_egfr_vegfr2_aligned_20260827/baselines/graphpareto_nsga2/formal_10240_seed50/anytime/budget_10240/quality_constrained/quality_annotated_molecules.csv","-7.9","","-10.3","","-10.3","-7.9","-7.9","-9.100000000000001","True","0.3968253968253968","0.6031746031746033","True"
"pairB","PARP1/BRD4","GraphPareto-NSGA-II","graphpareto_nsga2","50","4","GPN_BS50_04","CCN1C=C(c2nnnn2-c2ccc(=O)[nH]c2)C(C)C1","7.58580000000002","7.576111666666717","7.576111666666717","7.580955833333369","0.8876855591241651","3.867744372383671","0.6630999999999998","results/target_pairs/parp1_brd4_egfr_vegfr2_aligned_20260827/baselines/graphpareto_nsga2/formal_10240_seed50/anytime/budget_10240/quality_constrained/quality_annotated_molecules.csv","-7.1","","-8.2","","-8.2","-7.1","-7.1","-7.6499999999999995","True","0.34375","0.65625","True"
"pairB","PARP1/BRD4","GraphPareto-NSGA-II","graphpareto_nsga2","50","5","GPN_BS50_05","CC1CN(C)C=C1c1nnnn1-c1ccc(=O)[nH]c1","7.530930000000018","7.665362380952432","7.530930000000018","7.598146190476225","0.8361935005923641","3.844190475982337","0.2729999999999997","results/target_pairs/parp1_brd4_egfr_vegfr2_aligned_20260827/baselines/graphpareto_nsga2/formal_10240_seed50/anytime/budget_10240/quality_constrained/quality_annotated_molecules.csv","-6.8","","-8.0","","-8.0","-6.8","-6.8","-7.4","False","0.36065573770491804","0.639344262295082","True"
"pairB","PARP1/BRD4","GraphPareto-NSGA-II","graphpareto_nsga2","50","6","GPN_BS50_06","CC1CN(Cc2cccc(F)c2)C=C1c1nnnn1-c1ccc(=O)[nH]c1","7.528905000000025","7.682885000000051","7.528905000000025","7.605895000000038","0.7766600804421643","3.5398297911522496","1.9825","results/target_pairs/parp1_brd4_egfr_vegfr2_aligned_20260827/baselines/graphpareto_nsga2/formal_10240_seed50/anytime/budget_10240/quality_constrained/quality_annotated_molecules.csv","-7.9","","-10.4","","-10.4","-7.9","-7.9","-9.15","True","0.37333333333333335","0.6266666666666667","True"
"pairB","PARP1/BRD4","GraphPareto-NSGA-II","graphpareto_nsga2","50","7","GPN_BS50_07","CCCN(Cc1nnnn1-c1ccc(=O)[nH]c1)c1cnn(C)c1","7.645504999999996","7.519806666666714","7.519806666666714","7.582655833333355","0.7113652396150669","3.0511691436032047","0.500699999999999","results/target_pairs/parp1_brd4_egfr_vegfr2_aligned_20260827/baselines/graphpareto_nsga2/formal_10240_seed50/anytime/budget_10240/quality_constrained/quality_annotated_molecules.csv","-7.4","","-8.1","","-8.1","-7.4","-7.4","-7.75","True","0.38235294117647056","0.6176470588235294","True"
"pairB","PARP1/BRD4","GraphPareto-NSGA-II","graphpareto_nsga2","50","8","GPN_BS50_08","CCCN(Cc1nnnn1-c1ccc(=O)[nH]c1)c1cc(C)cc(F)c1","7.780235000000019","7.517666666666715","7.517666666666715","7.648950833333367","0.7428785311982941","2.830998365104053","2.21472","results/target_pairs/parp1_brd4_egfr_vegfr2_aligned_20260827/baselines/graphpareto_nsga2/formal_10240_seed50/anytime/budget_10240/quality_constrained/quality_annotated_molecules.csv","-8.1","","-9.4","","-9.4","-8.1","-8.1","-8.75","True","0.40625","0.59375","True"
"pairB","PARP1/BRD4","GraphPareto-NSGA-II","graphpareto_nsga2","50","9","GPN_BS50_09","CCCN1C=C(c2nnnn2-c2ccc(=O)[nH]c2)C(C)C1","7.505130000000015","7.661612380952433","7.505130000000015","7.583371190476225","0.908546153971074","3.792260537505374","1.0531999999999997","results/target_pairs/parp1_brd4_egfr_vegfr2_aligned_20260827/baselines/graphpareto_nsga2/formal_10240_seed50/anytime/budget_10240/quality_constrained/quality_annotated_molecules.csv","-6.9","","-8.1","","-8.1","-6.9","-6.9","-7.5","False","0.3333333333333333","0.6666666666666667","True"
"pairB","PARP1/BRD4","GraphPareto-NSGA-II","graphpareto_nsga2","50","10","GPN_BS50_10","CC1CN(Cc2cccc(F)c2)C=C1Cc1nnnn1-c1ccc(=O)[nH]c1","7.50341500000003","7.496707500000047","7.496707500000047","7.500061250000039","0.7477584647765828","3.6263237073135937","2.068","results/target_pairs/parp1_brd4_egfr_vegfr2_aligned_20260827/baselines/graphpareto_nsga2/formal_10240_seed50/anytime/budget_10240/quality_constrained/quality_annotated_molecules.csv","-7.9","","-10.2","","-10.2","-7.9","-7.9","-9.05","True","0.3787878787878788","0.6212121212121212","True"
"pairB","PARP1/BRD4","GraphPareto-NSGA-II","graphpareto_nsga2","51","1","GPN_BS51_01","Cc1nnn(-c2ccc(CCN3CC(CC(C)C)(C(C)(C)O)C=CNC3=O)cc2F)c1C","7.50275500000004","7.492431666666689","7.492431666666689","7.497593333333365","0.679729890433471","3.934891338514234","3.9080400000000015","results/target_pairs/parp1_brd4_egfr_vegfr2_aligned_20260827/baselines/graphpareto_nsga2/formal_10240_seed51/anytime/budget_10240/quality_constrained/quality_annotated_molecules.csv","-8.1","","-9.3","","-9.3","-8.1","-8.1","-8.7","True","0.2921348314606741","0.7078651685393259","True"
"pairB","PARP1/BRD4","GraphPareto-NSGA-II","graphpareto_nsga2","51","2","GPN_BS51_02","Cc1nnn(-c2ccc(CCN3CC(C(C)(C)O)(C(C)(C)O)CNC3=O)cc2F)c1C","7.527020000000037","7.441821666666698","7.441821666666698","7.484420833333367","0.6475248317002281","3.374203981637616","2.11914","results/target_pairs/parp1_brd4_egfr_vegfr2_aligned_20260827/baselines/graphpareto_nsga2/formal_10240_seed51/anytime/budget_10240/quality_constrained/quality_annotated_molecules.csv","-7.9","","-10.2","","-10.2","-7.9","-7.9","-9.05","True","0.3292682926829268","0.6707317073170732","True"
"pairB","PARP1/BRD4","GraphPareto-NSGA-II","graphpareto_nsga2","51","3","GPN_BS51_03","CCC1(C(C)(C)O)CNC(=O)N(CCc2ccc(-n3nnc(C)c3C)c(F)c2)C1","7.437760000000037","7.435641666666699","7.435641666666699","7.436700833333369","0.7769424265246365","3.703679579587616","2.7582400000000007","results/target_pairs/parp1_brd4_egfr_vegfr2_aligned_20260827/baselines/graphpareto_nsga2/formal_10240_seed51/anytime/budget_10240/quality_constrained/quality_annotated_molecules.csv","-7.7","","-9.9","","-9.9","-7.7","-7.7","-8.8","True","0.3246753246753247","0.6753246753246753","True"
"pairB","PARP1/BRD4","GraphPareto-NSGA-II","graphpareto_nsga2","51","4","GPN_BS51_04","Cc1nnn(-c2ccc(CCN3CC(CC(C)(C)O)(C(C)(C)O)CNC3=O)cc2F)c1C","7.426815000000036","7.4370116666667005","7.426815000000036","7.431913333333368","0.6051763549067275","3.8565372641203046","2.50924","results/target_pairs/parp1_brd4_egfr_vegfr2_aligned_20260827/baselines/graphpareto_nsga2/formal_10240_seed51/anytime/budget_10240/quality_constrained/quality_annotated_molecules.csv","-7.6","","-10.1","","-10.1","-7.6","-7.6","-8.85","True","0.313953488372093","0.686046511627907","True"
"pairB","PARP1/BRD4","GraphPareto-NSGA-II","graphpareto_nsga2","51","5","GPN_BS51_05","Cc1nnn(-c2ccc(CCN3CC(CC(C)C)(C(C)(C)O)CNC3=O)cc2F)c1C","7.421805000000038","7.462160000000032","7.421805000000038","7.4419825000000355","0.7039320636966168","3.7653051261701087","3.394340000000001","results/target_pairs/parp1_brd4_egfr_vegfr2_aligned_20260827/baselines/graphpareto_nsga2/formal_10240_seed51/anytime/budget_10240/quality_constrained/quality_annotated_molecules.csv","-7.8","","-9.9","","-9.9","-7.8","-7.8","-8.85","True","0.32558139534883723","0.6744186046511628","True"
"pairB","PARP1/BRD4","GraphPareto-NSGA-II","graphpareto_nsga2","51","6","GPN_BS51_06","Cc1nnn(-c2ccc(CCN3CC(C)(C(C)(C)O)CNC3=O)cc2F)c1C","7.409225000000035","7.448660000000032","7.409225000000035","7.4289425000000335","0.8224306852847307","3.6461389556629937","2.3681400000000004","results/target_pairs/parp1_brd4_egfr_vegfr2_aligned_20260827/baselines/graphpareto_nsga2/formal_10240_seed51/anytime/budget_10240/quality_constrained/quality_annotated_molecules.csv","-8.3","","-10.1","","-10.1","-8.3","-8.3","-9.2","True","0.34146341463414637","0.6585365853658536","True"
"pairB","PARP1/BRD4","GraphPareto-NSGA-II","graphpareto_nsga2","51","7","GPN_BS51_07","CCCc1nnsc1C1=C(C)CN(c2ccc(C)cc2)N=N1","7.554680000000009","7.397306666666709","7.397306666666709","7.475993333333359","0.839393453584893","3.24036071982412","4.417420000000004","results/target_pairs/parp1_brd4_egfr_vegfr2_aligned_20260827/baselines/graphpareto_nsga2/formal_10240_seed51/anytime/budget_10240/quality_constrained/quality_annotated_molecules.csv","-7.5","","-8.6","","-8.6","-7.5","-7.5","-8.05","True","0.36923076923076925","0.6307692307692307","True"
"pairB","PARP1/BRD4","GraphPareto-NSGA-II","graphpareto_nsga2","51","8","GPN_BS51_08","Cc1nnn(-c2ccc(CCN3C=CC(CC(C)C)(C(C)(C)O)CNC3=O)cc2F)c1C","7.50676500000004","7.390031666666695","7.390031666666695","7.448398333333367","0.679729890433471","3.975599030821927","3.9080400000000015","results/target_pairs/parp1_brd4_egfr_vegfr2_aligned_20260827/baselines/graphpareto_nsga2/formal_10240_seed51/anytime/budget_10240/quality_constrained/quality_annotated_molecules.csv","-8.1","","-9.9","","-9.9","-8.1","-8.1","-9.0","True","0.313953488372093","0.686046511627907","True"
"pairB","PARP1/BRD4","GraphPareto-NSGA-II","graphpareto_nsga2","51","9","GPN_BS51_09","C=Cc1nnn(-c2ccc(CCN3CC(CC(C)C)(C(C)(C)O)CNC3=O)cc2F)c1C","7.405160000000041","7.387270000000026","7.387270000000026","7.3962150000000335","0.6512790322327198","3.9533019485938095","3.728920000000002","results/target_pairs/parp1_brd4_egfr_vegfr2_aligned_20260827/baselines/graphpareto_nsga2/formal_10240_seed51/anytime/budget_10240/quality_constrained/quality_annotated_molecules.csv","-7.7","","-9.9","","-9.9","-7.7","-7.7","-8.8","True","0.3103448275862069","0.6896551724137931","True"
"pairB","PARP1/BRD4","GraphPareto-NSGA-II","graphpareto_nsga2","51","10","GPN_BS51_10","Cc1nnn(-c2ccc(CCN3CC(CC(C)C)(C(C)(C)O)CC=NC3=O)cc2F)c1C","7.424265000000043","7.378715000000035","7.378715000000035","7.401490000000039","0.6928316885244259","3.953547041432007","4.265640000000004","results/target_pairs/parp1_brd4_egfr_vegfr2_aligned_20260827/baselines/graphpareto_nsga2/formal_10240_seed51/anytime/budget_10240/quality_constrained/quality_annotated_molecules.csv","-7.7","","-10.4","","-10.4","-7.7","-7.7","-9.05","True","0.3176470588235294","0.6823529411764706","True"
