"task_key","pair_key","target","compound_id","method","source_seed","canonical_smiles","seed","returncode","best_affinity","status"
"pairA:EGFR:CLV_AS42_01","pairA","EGFR","CLV_AS42_01","CLOVER-Mol","42","Cc1ccsc1CCC(=O)Nc1cccc(NC(=O)Nc2ncco2)c1","202608300","0","-7.8","ok"
"pairA:VEGFR2:CLV_AS42_01","pairA","VEGFR2","CLV_AS42_01","CLOVER-Mol","42","Cc1ccsc1CCC(=O)Nc1cccc(NC(=O)Nc2ncco2)c1","202608301","0","-10.5","ok"
"pairA:EGFR:CLV_AS42_02","pairA","EGFR","CLV_AS42_02","CLOVER-Mol","42","Cc1ccsc1NC(=O)Nc1ccnc(OCc2ccco2)c1","202608302","0","-7.4","ok"
"pairA:VEGFR2:CLV_AS42_02","pairA","VEGFR2","CLV_AS42_02","CLOVER-Mol","42","Cc1ccsc1NC(=O)Nc1ccnc(OCc2ccco2)c1","202608303","0","-9","ok"
"pairA:EGFR:CLV_AS42_03","pairA","EGFR","CLV_AS42_03","CLOVER-Mol","42","Cc1ccsc1NC(=O)Nc1cc(NC(=O)c2ccco2)ccn1","202608304","0","-7.7","ok"
"pairA:VEGFR2:CLV_AS42_03","pairA","VEGFR2","CLV_AS42_03","CLOVER-Mol","42","Cc1ccsc1NC(=O)Nc1cc(NC(=O)c2ccco2)ccn1","202608305","0","-9.7","ok"
"pairA:EGFR:CLV_AS42_04","pairA","EGFR","CLV_AS42_04","CLOVER-Mol","42","Cc1ccsc1NC(=O)c1ccnc(NC(=O)Nc2ccco2)c1","202608306","0","-7.9","ok"
"pairA:VEGFR2:CLV_AS42_04","pairA","VEGFR2","CLV_AS42_04","CLOVER-Mol","42","Cc1ccsc1NC(=O)c1ccnc(NC(=O)Nc2ccco2)c1","202608307","0","-9.7","ok"
"pairA:EGFR:CLV_AS42_05","pairA","EGFR","CLV_AS42_05","CLOVER-Mol","42","Cc1ccsc1C(C)NC(=O)Nc1ccnc(NCc2ccco2)c1","202608308","0","-7.4","ok"
"pairA:VEGFR2:CLV_AS42_05","pairA","VEGFR2","CLV_AS42_05","CLOVER-Mol","42","Cc1ccsc1C(C)NC(=O)Nc1ccnc(NCc2ccco2)c1","202608309","0","-8.9","ok"
"pairA:EGFR:CLV_AS42_06","pairA","EGFR","CLV_AS42_06","CLOVER-Mol","42","O=C(NCc1ccco1)Nc1cc(Nc2nccs2)cnn1","202608310","0","-6.9","ok"
"pairA:VEGFR2:CLV_AS42_06","pairA","VEGFR2","CLV_AS42_06","CLOVER-Mol","42","O=C(NCc1ccco1)Nc1cc(Nc2nccs2)cnn1","202608311","0","-8.3","ok"
"pairA:EGFR:CLV_AS42_07","pairA","EGFR","CLV_AS42_07","CLOVER-Mol","42","Cc1ccsc1C(C)NC(=O)Nc1ccnc(S(C)(=O)=O)c1","202608312","0","-6.6","ok"
"pairA:VEGFR2:CLV_AS42_07","pairA","VEGFR2","CLV_AS42_07","CLOVER-Mol","42","Cc1ccsc1C(C)NC(=O)Nc1ccnc(S(C)(=O)=O)c1","202608313","0","-8.3","ok"
"pairA:EGFR:CLV_AS42_08","pairA","EGFR","CLV_AS42_08","CLOVER-Mol","42","Cc1ccsc1C(C)NC(=O)Nc1ccnc(NC(=O)N(C)C)c1","202608314","0","-7.1","ok"
"pairA:VEGFR2:CLV_AS42_08","pairA","VEGFR2","CLV_AS42_08","CLOVER-Mol","42","Cc1ccsc1C(C)NC(=O)Nc1ccnc(NC(=O)N(C)C)c1","202608315","0","-8.9","ok"
"pairA:EGFR:CLV_AS42_09","pairA","EGFR","CLV_AS42_09","CLOVER-Mol","42","CC(NC(=O)NCc1ccco1)c1cccc(Nc2ncco2)c1","202608316","0","-7.6","ok"
"pairA:VEGFR2:CLV_AS42_09","pairA","VEGFR2","CLV_AS42_09","CLOVER-Mol","42","CC(NC(=O)NCc1ccco1)c1cccc(Nc2ncco2)c1","202608317","0","-9.2","ok"
"pairA:EGFR:CLV_AS42_10","pairA","EGFR","CLV_AS42_10","CLOVER-Mol","42","CS(=O)(=O)NCc1cc(Nc2nccs2)ccn1","202608318","0","-6.2","ok"
"pairA:VEGFR2:CLV_AS42_10","pairA","VEGFR2","CLV_AS42_10","CLOVER-Mol","42","CS(=O)(=O)NCc1cc(Nc2nccs2)ccn1","202608319","0","-7.1","ok"
"pairA:EGFR:CLV_AS43_01","pairA","EGFR","CLV_AS43_01","CLOVER-Mol","43","Cc1ccsc1C(=O)N(C)C(=O)Nc1ccnc(Cc2nccs2)c1","202608306","0","-7.2","ok"
"pairA:VEGFR2:CLV_AS43_01","pairA","VEGFR2","CLV_AS43_01","CLOVER-Mol","43","Cc1ccsc1C(=O)N(C)C(=O)Nc1ccnc(Cc2nccs2)c1","202608307","0","-8.1","ok"
"pairA:EGFR:CLV_AS43_02","pairA","EGFR","CLV_AS43_02","CLOVER-Mol","43","Cc1ccsc1CNC(=O)Nc1ccnc(Oc2ccc(N(C)C)cn2)c1","202608308","0","-7.3","ok"
"pairA:VEGFR2:CLV_AS43_02","pairA","VEGFR2","CLV_AS43_02","CLOVER-Mol","43","Cc1ccsc1CNC(=O)Nc1ccnc(Oc2ccc(N(C)C)cn2)c1","202608309","0","-9.4","ok"
"pairA:EGFR:CLV_AS43_03","pairA","EGFR","CLV_AS43_03","CLOVER-Mol","43","Cc1ccsc1Cc1cc(NC(=O)NCc2ccno2)ccn1","202608310","0","-7.4","ok"
"pairA:VEGFR2:CLV_AS43_03","pairA","VEGFR2","CLV_AS43_03","CLOVER-Mol","43","Cc1ccsc1Cc1cc(NC(=O)NCc2ccno2)ccn1","202608311","0","-9.2","ok"
"pairA:EGFR:CLV_AS43_04","pairA","EGFR","CLV_AS43_04","CLOVER-Mol","43","CS(=O)(=O)c1nocc1S(=O)(=O)Nc1ccnc(Nc2ccncc2)c1","202608326","0","-6.9","ok"
"pairA:VEGFR2:CLV_AS43_04","pairA","VEGFR2","CLV_AS43_04","CLOVER-Mol","43","CS(=O)(=O)c1nocc1S(=O)(=O)Nc1ccnc(Nc2ccncc2)c1","202608327","0","-8.1","ok"
"pairA:EGFR:CLV_AS43_05","pairA","EGFR","CLV_AS43_05","CLOVER-Mol","43","Cc1ccsc1NC(=O)c1ccnc(S(=O)(=O)N2CCCC2)c1","202608328","0","-8.3","ok"
"pairA:VEGFR2:CLV_AS43_05","pairA","VEGFR2","CLV_AS43_05","CLOVER-Mol","43","Cc1ccsc1NC(=O)c1ccnc(S(=O)(=O)N2CCCC2)c1","202608329","0","-8.3","ok"
"pairA:EGFR:CLV_AS43_06","pairA","EGFR","CLV_AS43_06","CLOVER-Mol","43","Cc1ccsc1S(=O)(=O)NCC(=O)Nc1ccnc(C(F)F)c1","202608330","0","-7.3","ok"
"pairA:VEGFR2:CLV_AS43_06","pairA","VEGFR2","CLV_AS43_06","CLOVER-Mol","43","Cc1ccsc1S(=O)(=O)NCC(=O)Nc1ccnc(C(F)F)c1","202608331","0","-8.4","ok"
"pairA:EGFR:CLV_AS43_07","pairA","EGFR","CLV_AS43_07","CLOVER-Mol","43","CCS(=O)(=O)N(C)CC(=O)Nc1ccnc(CN2CCNC2=O)c1","202608332","0","-6.6","ok"
"pairA:VEGFR2:CLV_AS43_07","pairA","VEGFR2","CLV_AS43_07","CLOVER-Mol","43","CCS(=O)(=O)N(C)CC(=O)Nc1ccnc(CN2CCNC2=O)c1","202608333","0","-7.7","ok"
"pairA:EGFR:CLV_AS43_08","pairA","EGFR","CLV_AS43_08","CLOVER-Mol","43","CCS(=O)(=O)Nc1cc(Nc2nccs2)ccn1","202608350","0","-6.6","ok"
"pairA:VEGFR2:CLV_AS43_08","pairA","VEGFR2","CLV_AS43_08","CLOVER-Mol","43","CCS(=O)(=O)Nc1cc(Nc2nccs2)ccn1","202608351","0","-7.2","ok"
"pairA:EGFR:CLV_AS43_09","pairA","EGFR","CLV_AS43_09","CLOVER-Mol","43","Cc1ccsc1CNC(=O)Nc1ccnc(OC2CCC2)c1","202608336","0","-6.9","ok"
"pairA:VEGFR2:CLV_AS43_09","pairA","VEGFR2","CLV_AS43_09","CLOVER-Mol","43","Cc1ccsc1CNC(=O)Nc1ccnc(OC2CCC2)c1","202608337","0","-9","ok"
"pairA:EGFR:CLV_AS43_10","pairA","EGFR","CLV_AS43_10","CLOVER-Mol","43","CCS(=O)(=O)NCc1cc(Nc2nc(Cc3ccco3)oc2C)ccn1","202608338","0","-7.7","ok"
"pairA:VEGFR2:CLV_AS43_10","pairA","VEGFR2","CLV_AS43_10","CLOVER-Mol","43","CCS(=O)(=O)NCc1cc(Nc2nc(Cc3ccco3)oc2C)ccn1","202608339","0","-9","ok"
"pairA:EGFR:CLV_AS44_01","pairA","EGFR","CLV_AS44_01","CLOVER-Mol","44","Cc1ccsc1C(C)C(=O)Nc1ccnc(NC(=O)Nc2ccoc2)c1","202608312","0","-8","ok"
"pairA:VEGFR2:CLV_AS44_01","pairA","VEGFR2","CLV_AS44_01","CLOVER-Mol","44","Cc1ccsc1C(C)C(=O)Nc1ccnc(NC(=O)Nc2ccoc2)c1","202608313","0","-9.1","ok"
"pairA:EGFR:CLV_AS44_02","pairA","EGFR","CLV_AS44_02","CLOVER-Mol","44","Cc1ccsc1NC(=O)Nc1ccnc(OC(C)C)c1","202608314","0","-6.6","ok"
"pairA:VEGFR2:CLV_AS44_02","pairA","VEGFR2","CLV_AS44_02","CLOVER-Mol","44","Cc1ccsc1NC(=O)Nc1ccnc(OC(C)C)c1","202608315","0","-8.3","ok"
"pairA:EGFR:CLV_AS44_03","pairA","EGFR","CLV_AS44_03","CLOVER-Mol","44","Cc1ccsc1NC(=O)Nc1ccnc(S(C)(=O)=O)c1","202608316","0","-7","ok"
"pairA:VEGFR2:CLV_AS44_03","pairA","VEGFR2","CLV_AS44_03","CLOVER-Mol","44","Cc1ccsc1NC(=O)Nc1ccnc(S(C)(=O)=O)c1","202608317","0","-8.3","ok"
"pairA:EGFR:CLV_AS44_04","pairA","EGFR","CLV_AS44_04","CLOVER-Mol","44","Cc1ccsc1NC(=O)Nc1ccnc(Oc2ccncn2)c1","202608346","0","-7.5","ok"
"pairA:VEGFR2:CLV_AS44_04","pairA","VEGFR2","CLV_AS44_04","CLOVER-Mol","44","Cc1ccsc1NC(=O)Nc1ccnc(Oc2ccncn2)c1","202608347","0","-8.7","ok"
"pairA:EGFR:CLV_AS44_05","pairA","EGFR","CLV_AS44_05","CLOVER-Mol","44","Cc1ccsc1NC(=O)Nc1ccnc(Nc2nccs2)c1","202608348","0","-7","ok"
"pairA:VEGFR2:CLV_AS44_05","pairA","VEGFR2","CLV_AS44_05","CLOVER-Mol","44","Cc1ccsc1NC(=O)Nc1ccnc(Nc2nccs2)c1","202608349","0","-8.7","ok"
"pairA:EGFR:CLV_AS44_06","pairA","EGFR","CLV_AS44_06","CLOVER-Mol","44","Cc1ccsc1C(=O)Nc1ccnc(NC(=O)Nc2ccncc2F)c1","202608350","0","-8.1","ok"
"pairA:VEGFR2:CLV_AS44_06","pairA","VEGFR2","CLV_AS44_06","CLOVER-Mol","44","Cc1ccsc1C(=O)Nc1ccnc(NC(=O)Nc2ccncc2F)c1","202608351","0","-10.1","ok"
"pairA:EGFR:CLV_AS44_07","pairA","EGFR","CLV_AS44_07","CLOVER-Mol","44","Cc1ccsc1NC(=O)Nc1ccnc(N(C)S(C)(=O)=O)c1","202608352","0","-7","ok"
"pairA:VEGFR2:CLV_AS44_07","pairA","VEGFR2","CLV_AS44_07","CLOVER-Mol","44","Cc1ccsc1NC(=O)Nc1ccnc(N(C)S(C)(=O)=O)c1","202608353","0","-8.2","ok"
"pairA:EGFR:CLV_AS44_08","pairA","EGFR","CLV_AS44_08","CLOVER-Mol","44","Cc1ccsc1C(=O)Nc1cc(NC(=O)Nc2ccco2)ccn1","202608354","0","-7.6","ok"
"pairA:VEGFR2:CLV_AS44_08","pairA","VEGFR2","CLV_AS44_08","CLOVER-Mol","44","Cc1ccsc1C(=O)Nc1cc(NC(=O)Nc2ccco2)ccn1","202608355","0","-9.4","ok"
"pairA:EGFR:CLV_AS44_09","pairA","EGFR","CLV_AS44_09","CLOVER-Mol","44","Cc1ccsc1C(=O)Nc1ccnc(NC(=O)Nc2ccco2)c1","202608356","0","-7.8","ok"
"pairA:VEGFR2:CLV_AS44_09","pairA","VEGFR2","CLV_AS44_09","CLOVER-Mol","44","Cc1ccsc1C(=O)Nc1ccnc(NC(=O)Nc2ccco2)c1","202608357","0","-9.2","ok"
"pairA:EGFR:CLV_AS44_10","pairA","EGFR","CLV_AS44_10","CLOVER-Mol","44","Cc1ccsc1NC(=O)Nc1ccnc(OCc2ccco2)c1","202608302","0","-7.4","ok"
"pairA:VEGFR2:CLV_AS44_10","pairA","VEGFR2","CLV_AS44_10","CLOVER-Mol","44","Cc1ccsc1NC(=O)Nc1ccnc(OCc2ccco2)c1","202608303","0","-9","ok"
"pairA:EGFR:CLV_AS45_01","pairA","EGFR","CLV_AS45_01","CLOVER-Mol","45","Cc1nnc(NC(=O)Nc2ccnc(-c3sccc3C)c2)s1","202608318","0","-7.3","ok"
"pairA:VEGFR2:CLV_AS45_01","pairA","VEGFR2","CLV_AS45_01","CLOVER-Mol","45","Cc1nnc(NC(=O)Nc2ccnc(-c3sccc3C)c2)s1","202608319","0","-8.9","ok"
"pairA:EGFR:CLV_AS45_02","pairA","EGFR","CLV_AS45_02","CLOVER-Mol","45","Cc1ccsc1NC(=O)Nc1ccnc(NCc2ccco2)c1","202608320","0","-7.4","ok"
"pairA:VEGFR2:CLV_AS45_02","pairA","VEGFR2","CLV_AS45_02","CLOVER-Mol","45","Cc1ccsc1NC(=O)Nc1ccnc(NCc2ccco2)c1","202608321","0","-9.4","ok"
"pairA:EGFR:CLV_AS45_03","pairA","EGFR","CLV_AS45_03","CLOVER-Mol","45","Cc1ccsc1C(C)NC(=O)Nc1cc(-c2ncco2)ncn1","202608322","0","-7","ok"
"pairA:VEGFR2:CLV_AS45_03","pairA","VEGFR2","CLV_AS45_03","CLOVER-Mol","45","Cc1ccsc1C(C)NC(=O)Nc1cc(-c2ncco2)ncn1","202608323","0","-8.3","ok"
"pairA:EGFR:CLV_AS45_04","pairA","EGFR","CLV_AS45_04","CLOVER-Mol","45","CCOc1ccnc(NC(=O)Nc2ncnc3scnc23)c1","202608366","0","-6.4","ok"
"pairA:VEGFR2:CLV_AS45_04","pairA","VEGFR2","CLV_AS45_04","CLOVER-Mol","45","CCOc1ccnc(NC(=O)Nc2ncnc3scnc23)c1","202608367","0","-8.6","ok"
"pairA:EGFR:CLV_AS45_05","pairA","EGFR","CLV_AS45_05","CLOVER-Mol","45","Cc1ccsc1C(NC(=O)Nc1ccnc(NC(=O)N(C)C)c1)C1CC1","202608368","0","-7.3","ok"
"pairA:VEGFR2:CLV_AS45_05","pairA","VEGFR2","CLV_AS45_05","CLOVER-Mol","45","Cc1ccsc1C(NC(=O)Nc1ccnc(NC(=O)N(C)C)c1)C1CC1","202608369","0","-8.7","ok"
"pairA:EGFR:CLV_AS45_06","pairA","EGFR","CLV_AS45_06","CLOVER-Mol","45","CC(c1cnccn1)N1Cc2ccc(NC(=O)Cc3ccco3)cc2C1=O","202608370","0","-8.5","ok"
"pairA:VEGFR2:CLV_AS45_06","pairA","VEGFR2","CLV_AS45_06","CLOVER-Mol","45","CC(c1cnccn1)N1Cc2ccc(NC(=O)Cc3ccco3)cc2C1=O","202608371","0","-9.1","ok"
"pairA:EGFR:CLV_AS45_07","pairA","EGFR","CLV_AS45_07","CLOVER-Mol","45","COC(=O)Nc1cc(NC(=O)Nc2ccc3ncsc3c2)ccn1","202608372","0","-7.3","ok"
"pairA:VEGFR2:CLV_AS45_07","pairA","VEGFR2","CLV_AS45_07","CLOVER-Mol","45","COC(=O)Nc1cc(NC(=O)Nc2ccc3ncsc3c2)ccn1","202608373","0","-9.7","ok"
"pairA:EGFR:CLV_AS45_08","pairA","EGFR","CLV_AS45_08","CLOVER-Mol","45","CN(Cc1ccco1)C(=O)Nc1cccc(Nc2nccs2)c1","202608374","0","-7","ok"
"pairA:VEGFR2:CLV_AS45_08","pairA","VEGFR2","CLV_AS45_08","CLOVER-Mol","45","CN(Cc1ccco1)C(=O)Nc1cccc(Nc2nccs2)c1","202608375","0","-8.6","ok"
"pairA:EGFR:CLV_AS45_09","pairA","EGFR","CLV_AS45_09","CLOVER-Mol","45","CCCS(=O)(=O)c1cc(Nc2ccc(NC(=O)C3CC3)cn2)ccn1","202608376","0","-7.9","ok"
"pairA:VEGFR2:CLV_AS45_09","pairA","VEGFR2","CLV_AS45_09","CLOVER-Mol","45","CCCS(=O)(=O)c1cc(Nc2ccc(NC(=O)C3CC3)cn2)ccn1","202608377","0","-9.1","ok"
"pairA:EGFR:CLV_AS45_10","pairA","EGFR","CLV_AS45_10","CLOVER-Mol","45","Cc1cccc(NC(=O)N2CCCC(c3noc(-c4ccco4)n3)C2)c1","202608378","0","-9.2","ok"
"pairA:VEGFR2:CLV_AS45_10","pairA","VEGFR2","CLV_AS45_10","CLOVER-Mol","45","Cc1cccc(NC(=O)N2CCCC(c3noc(-c4ccco4)n3)C2)c1","202608379","0","-10.7","ok"
"pairA:EGFR:CLV_AS46_01","pairA","EGFR","CLV_AS46_01","CLOVER-Mol","46","Cc1ccsc1COC(=O)c1cc(NC(=O)Nc2ccco2)ccn1","202608324","0","-7.9","ok"
"pairA:VEGFR2:CLV_AS46_01","pairA","VEGFR2","CLV_AS46_01","CLOVER-Mol","46","Cc1ccsc1COC(=O)c1cc(NC(=O)Nc2ccco2)ccn1","202608325","0","-8.9","ok"
"pairA:EGFR:CLV_AS46_02","pairA","EGFR","CLV_AS46_02","CLOVER-Mol","46","Cc1ccsc1NC(=O)Nc1cccc(-c2ncco2)c1","202608326","0","-7.5","ok"
"pairA:VEGFR2:CLV_AS46_02","pairA","VEGFR2","CLV_AS46_02","CLOVER-Mol","46","Cc1ccsc1NC(=O)Nc1cccc(-c2ncco2)c1","202608327","0","-9.6","ok"
"pairA:EGFR:CLV_AS46_03","pairA","EGFR","CLV_AS46_03","CLOVER-Mol","46","CCCOc1cc(NC(=O)Nc2ncnc3[nH]cnc23)ccn1","202608328","0","-7","ok"
"pairA:VEGFR2:CLV_AS46_03","pairA","VEGFR2","CLV_AS46_03","CLOVER-Mol","46","CCCOc1cc(NC(=O)Nc2ncnc3[nH]cnc23)ccn1","202608329","0","-9.1","ok"
"pairA:EGFR:CLV_AS46_04","pairA","EGFR","CLV_AS46_04","CLOVER-Mol","46","Cc1ccsc1-c1csc(NC(=O)Nc2cc(F)ccn2)n1","202608386","0","-7.6","ok"
"pairA:VEGFR2:CLV_AS46_04","pairA","VEGFR2","CLV_AS46_04","CLOVER-Mol","46","Cc1ccsc1-c1csc(NC(=O)Nc2cc(F)ccn2)n1","202608387","0","-8.3","ok"
"pairA:EGFR:CLV_AS46_05","pairA","EGFR","CLV_AS46_05","CLOVER-Mol","46","Cc1cccc(NC(=O)NCc2ccnc(Nc3nccs3)c2)c1","202608388","0","-7.9","ok"
"pairA:VEGFR2:CLV_AS46_05","pairA","VEGFR2","CLV_AS46_05","CLOVER-Mol","46","Cc1cccc(NC(=O)NCc2ccnc(Nc3nccs3)c2)c1","202608389","0","-9.3","ok"
"pairA:EGFR:CLV_AS46_06","pairA","EGFR","CLV_AS46_06","CLOVER-Mol","46","Cn1cnnc1CNC(=O)Nc1ccnc(Nc2nccs2)c1","202608390","0","-7.3","ok"
"pairA:VEGFR2:CLV_AS46_06","pairA","VEGFR2","CLV_AS46_06","CLOVER-Mol","46","Cn1cnnc1CNC(=O)Nc1ccnc(Nc2nccs2)c1","202608391","0","-8.3","ok"
"pairA:EGFR:CLV_AS46_07","pairA","EGFR","CLV_AS46_07","CLOVER-Mol","46","O=C(COC(=O)Nc1cc(Nc2nccs2)ncn1)Nc1ccco1","202608392","0","-7.2","ok"
"pairA:VEGFR2:CLV_AS46_07","pairA","VEGFR2","CLV_AS46_07","CLOVER-Mol","46","O=C(COC(=O)Nc1cc(Nc2nccs2)ncn1)Nc1ccco1","202608393","0","-8.6","ok"
"pairA:EGFR:CLV_AS46_08","pairA","EGFR","CLV_AS46_08","CLOVER-Mol","46","COc1cnc(NC(=O)c2sccc2C)cc1NC(=O)c1ccco1","202608394","0","-7.5","ok"
"pairA:VEGFR2:CLV_AS46_08","pairA","VEGFR2","CLV_AS46_08","CLOVER-Mol","46","COc1cnc(NC(=O)c2sccc2C)cc1NC(=O)c1ccco1","202608395","0","-8.8","ok"
"pairA:EGFR:CLV_AS46_09","pairA","EGFR","CLV_AS46_09","CLOVER-Mol","46","CCS(=O)(=O)NC(C)c1cc(Nc2ncco2)ncn1","202608396","0","-6.4","ok"
"pairA:VEGFR2:CLV_AS46_09","pairA","VEGFR2","CLV_AS46_09","CLOVER-Mol","46","CCS(=O)(=O)NC(C)c1cc(Nc2ncco2)ncn1","202608397","0","-7.1","ok"
"pairA:EGFR:CLV_AS46_10","pairA","EGFR","CLV_AS46_10","CLOVER-Mol","46","CCS(=O)(=O)N(C)c1ccnc(Nc2nccs2)c1","202608398","0","-6.2","ok"
"pairA:VEGFR2:CLV_AS46_10","pairA","VEGFR2","CLV_AS46_10","CLOVER-Mol","46","CCS(=O)(=O)N(C)c1ccnc(Nc2nccs2)c1","202608399","0","-6.7","ok"
"pairA:EGFR:CLV_AS47_01","pairA","EGFR","CLV_AS47_01","CLOVER-Mol","47","Cc1ccsc1C(=O)Nc1cc(NC(=O)Nc2nccs2)ccn1","202608330","0","-7.4","ok"
"pairA:VEGFR2:CLV_AS47_01","pairA","VEGFR2","CLV_AS47_01","CLOVER-Mol","47","Cc1ccsc1C(=O)Nc1cc(NC(=O)Nc2nccs2)ccn1","202608331","0","-9.1","ok"
"pairA:EGFR:CLV_AS47_02","pairA","EGFR","CLV_AS47_02","CLOVER-Mol","47","Cc1ccsc1NC(=O)Nc1cc(N(C)S(C)(=O)=O)ccn1","202608332","0","-6.9","ok"
"pairA:VEGFR2:CLV_AS47_02","pairA","VEGFR2","CLV_AS47_02","CLOVER-Mol","47","Cc1ccsc1NC(=O)Nc1cc(N(C)S(C)(=O)=O)ccn1","202608333","0","-8.3","ok"
"pairA:EGFR:CLV_AS47_03","pairA","EGFR","CLV_AS47_03","CLOVER-Mol","47","Cc1ccsc1C(=O)Nc1ccnc(N(C)S(C)(=O)=O)c1","202608334","0","-7.4","ok"
"pairA:VEGFR2:CLV_AS47_03","pairA","VEGFR2","CLV_AS47_03","CLOVER-Mol","47","Cc1ccsc1C(=O)Nc1ccnc(N(C)S(C)(=O)=O)c1","202608335","0","-7.7","ok"
"pairA:EGFR:CLV_AS47_04","pairA","EGFR","CLV_AS47_04","CLOVER-Mol","47","Cc1ccccc1NC(=O)Nc1ccnc(NC(=O)c2sccc2C)c1","202608406","0","-8.2","ok"
"pairA:VEGFR2:CLV_AS47_04","pairA","VEGFR2","CLV_AS47_04","CLOVER-Mol","47","Cc1ccccc1NC(=O)Nc1ccnc(NC(=O)c2sccc2C)c1","202608407","0","-9.9","ok"
"pairA:EGFR:CLV_AS47_05","pairA","EGFR","CLV_AS47_05","CLOVER-Mol","47","Cc1ccsc1-c1cc(N(C)S(=O)(=O)N(C)Cc2ccco2)ccn1","202608408","0","-7","ok"
"pairA:VEGFR2:CLV_AS47_05","pairA","VEGFR2","CLV_AS47_05","CLOVER-Mol","47","Cc1ccsc1-c1cc(N(C)S(=O)(=O)N(C)Cc2ccco2)ccn1","202608409","0","-7.5","ok"
"pairA:EGFR:CLV_AS47_06","pairA","EGFR","CLV_AS47_06","CLOVER-Mol","47","Cc1ccsc1CNc1cc(S(=O)(=O)N(C)c2ccccc2)ccn1","202608410","0","-7.8","ok"
"pairA:VEGFR2:CLV_AS47_06","pairA","VEGFR2","CLV_AS47_06","CLOVER-Mol","47","Cc1ccsc1CNc1cc(S(=O)(=O)N(C)c2ccccc2)ccn1","202608411","0","-8.9","ok"
"pairA:EGFR:CLV_AS47_07","pairA","EGFR","CLV_AS47_07","CLOVER-Mol","47","Cc1ccsc1CN(Cc1cc(-c2ncco2)c(F)cc1F)C(=O)N1CCC1","202608412","0","-8","ok"
"pairA:VEGFR2:CLV_AS47_07","pairA","VEGFR2","CLV_AS47_07","CLOVER-Mol","47","Cc1ccsc1CN(Cc1cc(-c2ncco2)c(F)cc1F)C(=O)N1CCC1","202608413","0","-8.1","ok"
"pairA:EGFR:CLV_AS47_08","pairA","EGFR","CLV_AS47_08","CLOVER-Mol","47","NS(=O)(=O)c1cc(NC(=O)Nc2sccc2-c2ccco2)ccn1","202608414","0","-7.4","ok"
"pairA:VEGFR2:CLV_AS47_08","pairA","VEGFR2","CLV_AS47_08","CLOVER-Mol","47","NS(=O)(=O)c1cc(NC(=O)Nc2sccc2-c2ccco2)ccn1","202608415","0","-9.5","ok"
"pairA:EGFR:CLV_AS47_09","pairA","EGFR","CLV_AS47_09","CLOVER-Mol","47","Cc1ccsc1C(=O)Nc1ccnc(NS(=O)(=O)N2CCCC2)c1","202608416","0","-7.9","ok"
"pairA:VEGFR2:CLV_AS47_09","pairA","VEGFR2","CLV_AS47_09","CLOVER-Mol","47","Cc1ccsc1C(=O)Nc1ccnc(NS(=O)(=O)N2CCCC2)c1","202608417","0","-8.8","ok"
"pairA:EGFR:CLV_AS47_10","pairA","EGFR","CLV_AS47_10","CLOVER-Mol","47","Cc1ccsc1-c1cc(NC(=O)c2ccco2)ccn1","202608418","0","-7.4","ok"
"pairA:VEGFR2:CLV_AS47_10","pairA","VEGFR2","CLV_AS47_10","CLOVER-Mol","47","Cc1ccsc1-c1cc(NC(=O)c2ccco2)ccn1","202608419","0","-8","ok"
"pairA:EGFR:CLV_AS48_01","pairA","EGFR","CLV_AS48_01","CLOVER-Mol","48","Cc1ccsc1NC(=O)Nc1ccnc(S(=O)(=O)N(C)C)c1","202608336","0","-7","ok"
"pairA:VEGFR2:CLV_AS48_01","pairA","VEGFR2","CLV_AS48_01","CLOVER-Mol","48","Cc1ccsc1NC(=O)Nc1ccnc(S(=O)(=O)N(C)C)c1","202608337","0","-8.3","ok"
"pairA:EGFR:CLV_AS48_02","pairA","EGFR","CLV_AS48_02","CLOVER-Mol","48","Cc1ccnc(NC(=O)Nc2ccnc(-c3sccc3C)c2)c1","202608338","0","-8","ok"
"pairA:VEGFR2:CLV_AS48_02","pairA","VEGFR2","CLV_AS48_02","CLOVER-Mol","48","Cc1ccnc(NC(=O)Nc2ccnc(-c3sccc3C)c2)c1","202608339","0","-10","ok"
"pairA:EGFR:CLV_AS48_03","pairA","EGFR","CLV_AS48_03","CLOVER-Mol","48","Cc1ccsc1NC(=O)Nc1ccnc(NC(=O)NC2CC2)c1","202608340","0","-7.6","ok"
"pairA:VEGFR2:CLV_AS48_03","pairA","VEGFR2","CLV_AS48_03","CLOVER-Mol","48","Cc1ccsc1NC(=O)Nc1ccnc(NC(=O)NC2CC2)c1","202608341","0","-9.1","ok"
"pairA:EGFR:CLV_AS48_04","pairA","EGFR","CLV_AS48_04","CLOVER-Mol","48","Cc1ccsc1NC(=O)Nc1ccnc(S(=O)(=O)NC(C)(C)C)c1","202608426","0","-7.2","ok"
"pairA:VEGFR2:CLV_AS48_04","pairA","VEGFR2","CLV_AS48_04","CLOVER-Mol","48","Cc1ccsc1NC(=O)Nc1ccnc(S(=O)(=O)NC(C)(C)C)c1","202608427","0","-8.4","ok"
"pairA:EGFR:CLV_AS48_05","pairA","EGFR","CLV_AS48_05","CLOVER-Mol","48","Cc1ccsc1NC(=O)Nc1ccnc(S(C)=O)c1","202608428","0","-6.4","ok"
"pairA:VEGFR2:CLV_AS48_05","pairA","VEGFR2","CLV_AS48_05","CLOVER-Mol","48","Cc1ccsc1NC(=O)Nc1ccnc(S(C)=O)c1","202608429","0","-8.4","ok"
"pairA:EGFR:CLV_AS48_06","pairA","EGFR","CLV_AS48_06","CLOVER-Mol","48","Cc1ccsc1NC(=O)Nc1ccnc(SC(F)F)c1","202608430","0","-6.7","ok"
"pairA:VEGFR2:CLV_AS48_06","pairA","VEGFR2","CLV_AS48_06","CLOVER-Mol","48","Cc1ccsc1NC(=O)Nc1ccnc(SC(F)F)c1","202608431","0","-8.4","ok"
"pairA:EGFR:CLV_AS48_07","pairA","EGFR","CLV_AS48_07","CLOVER-Mol","48","Cc1ccsc1NC(=O)Nc1ccnc(OC2CCC2)c1","202608432","0","-7.2","ok"
"pairA:VEGFR2:CLV_AS48_07","pairA","VEGFR2","CLV_AS48_07","CLOVER-Mol","48","Cc1ccsc1NC(=O)Nc1ccnc(OC2CCC2)c1","202608433","0","-8.9","ok"
"pairA:EGFR:CLV_AS48_08","pairA","EGFR","CLV_AS48_08","CLOVER-Mol","48","Cc1ccsc1NC(=O)Nc1ccnc(-n2cccc2)c1","202608434","0","-7.1","ok"
"pairA:VEGFR2:CLV_AS48_08","pairA","VEGFR2","CLV_AS48_08","CLOVER-Mol","48","Cc1ccsc1NC(=O)Nc1ccnc(-n2cccc2)c1","202608435","0","-8.7","ok"
"pairA:EGFR:CLV_AS48_09","pairA","EGFR","CLV_AS48_09","CLOVER-Mol","48","Cc1ccsc1C(=O)Nc1ccnc(-c2ncco2)c1","202608436","0","-7.1","ok"
"pairA:VEGFR2:CLV_AS48_09","pairA","VEGFR2","CLV_AS48_09","CLOVER-Mol","48","Cc1ccsc1C(=O)Nc1ccnc(-c2ncco2)c1","202608437","0","-8.1","ok"
"pairA:EGFR:CLV_AS48_10","pairA","EGFR","CLV_AS48_10","CLOVER-Mol","48","Cc1ccsc1-c1ccnc(NC(=O)Nc2nccs2)c1","202608438","0","-7.2","ok"
"pairA:VEGFR2:CLV_AS48_10","pairA","VEGFR2","CLV_AS48_10","CLOVER-Mol","48","Cc1ccsc1-c1ccnc(NC(=O)Nc2nccs2)c1","202608439","0","-9","ok"
"pairA:EGFR:CLV_AS49_01","pairA","EGFR","CLV_AS49_01","CLOVER-Mol","49","Cc1ccsc1NC(=O)Nc1ccnc(OCc2ccccn2)c1","202608342","0","-7.7","ok"
"pairA:VEGFR2:CLV_AS49_01","pairA","VEGFR2","CLV_AS49_01","CLOVER-Mol","49","Cc1ccsc1NC(=O)Nc1ccnc(OCc2ccccn2)c1","202608343","0","-10.1","ok"
"pairA:EGFR:CLV_AS49_02","pairA","EGFR","CLV_AS49_02","CLOVER-Mol","49","Cc1ccsc1NC(=O)Nc1ccnc(-n2ccnc2)c1","202608344","0","-7.2","ok"
"pairA:VEGFR2:CLV_AS49_02","pairA","VEGFR2","CLV_AS49_02","CLOVER-Mol","49","Cc1ccsc1NC(=O)Nc1ccnc(-n2ccnc2)c1","202608345","0","-8.8","ok"
"pairA:EGFR:CLV_AS49_03","pairA","EGFR","CLV_AS49_03","CLOVER-Mol","49","CCn1nccc1NC(=O)Nc1cc(Nc2nccs2)ccn1","202608346","0","-7","ok"
"pairA:VEGFR2:CLV_AS49_03","pairA","VEGFR2","CLV_AS49_03","CLOVER-Mol","49","CCn1nccc1NC(=O)Nc1cc(Nc2nccs2)ccn1","202608347","0","-8.1","ok"
"pairA:EGFR:CLV_AS49_04","pairA","EGFR","CLV_AS49_04","CLOVER-Mol","49","Cc1ccsc1C(=O)Nc1ccnc(N(C)C)c1","202608446","0","-6.8","ok"
"pairA:VEGFR2:CLV_AS49_04","pairA","VEGFR2","CLV_AS49_04","CLOVER-Mol","49","Cc1ccsc1C(=O)Nc1ccnc(N(C)C)c1","202608447","0","-7.6","ok"
"pairA:EGFR:CLV_AS49_05","pairA","EGFR","CLV_AS49_05","CLOVER-Mol","49","CS(=O)(=O)NCCc1cc(Nc2ncccn2)ccn1","202608448","0","-6.6","ok"
"pairA:VEGFR2:CLV_AS49_05","pairA","VEGFR2","CLV_AS49_05","CLOVER-Mol","49","CS(=O)(=O)NCCc1cc(Nc2ncccn2)ccn1","202608449","0","-7.8","ok"
"pairA:EGFR:CLV_AS49_06","pairA","EGFR","CLV_AS49_06","CLOVER-Mol","49","O=C(Nc1ccc2occc2c1)c1nc2c(c(=O)o1)CCC2","202608450","0","-8.3","ok"
"pairA:VEGFR2:CLV_AS49_06","pairA","VEGFR2","CLV_AS49_06","CLOVER-Mol","49","O=C(Nc1ccc2occc2c1)c1nc2c(c(=O)o1)CCC2","202608451","0","-11.2","ok"
"pairA:EGFR:CLV_AS49_07","pairA","EGFR","CLV_AS49_07","CLOVER-Mol","49","CC(C)CC(=O)Nc1ccnc(Nc2ccnc(-c3ccco3)c2)c1","202608452","0","-7.7","ok"
"pairA:VEGFR2:CLV_AS49_07","pairA","VEGFR2","CLV_AS49_07","CLOVER-Mol","49","CC(C)CC(=O)Nc1ccnc(Nc2ccnc(-c3ccco3)c2)c1","202608453","0","-9.8","ok"
"pairA:EGFR:CLV_AS49_08","pairA","EGFR","CLV_AS49_08","CLOVER-Mol","49","Cc1ccsc1CN(C)C(=O)NCc1ccnc(-n2ccnc2)c1","202608454","0","-7.1","ok"
"pairA:VEGFR2:CLV_AS49_08","pairA","VEGFR2","CLV_AS49_08","CLOVER-Mol","49","Cc1ccsc1CN(C)C(=O)NCc1ccnc(-n2ccnc2)c1","202608455","0","-8.5","ok"
"pairA:EGFR:CLV_AS49_09","pairA","EGFR","CLV_AS49_09","CLOVER-Mol","49","Cc1cccc(NC(=O)Nc2ccc(Nc3ncco3)nc2)c1","202608456","0","-8","ok"
"pairA:VEGFR2:CLV_AS49_09","pairA","VEGFR2","CLV_AS49_09","CLOVER-Mol","49","Cc1cccc(NC(=O)Nc2ccc(Nc3ncco3)nc2)c1","202608457","0","-9.8","ok"
"pairA:EGFR:CLV_AS49_10","pairA","EGFR","CLV_AS49_10","CLOVER-Mol","49","CN(C)S(=O)(=O)Nc1ccnc(Nc2ccc3cc[nH]c3n2)c1","202608458","0","-7.5","ok"
"pairA:VEGFR2:CLV_AS49_10","pairA","VEGFR2","CLV_AS49_10","CLOVER-Mol","49","CN(C)S(=O)(=O)Nc1ccnc(Nc2ccc3cc[nH]c3n2)c1","202608459","0","-8.5","ok"
"pairA:EGFR:CLV_AS50_01","pairA","EGFR","CLV_AS50_01","CLOVER-Mol","50","CCS(=O)(=O)Nc1ccc2cnnc(N3CCCCC3)c2c1","202608348","0","-8.1","ok"
"pairA:VEGFR2:CLV_AS50_01","pairA","VEGFR2","CLV_AS50_01","CLOVER-Mol","50","CCS(=O)(=O)Nc1ccc2cnnc(N3CCCCC3)c2c1","202608349","0","-8","ok"
"pairA:EGFR:CLV_AS50_02","pairA","EGFR","CLV_AS50_02","CLOVER-Mol","50","CCS(=O)(=O)Nc1cc(Nc2nccs2)ccn1","202608350","0","-6.6","ok"
"pairA:VEGFR2:CLV_AS50_02","pairA","VEGFR2","CLV_AS50_02","CLOVER-Mol","50","CCS(=O)(=O)Nc1cc(Nc2nccs2)ccn1","202608351","0","-7.2","ok"
"pairA:EGFR:CLV_AS50_03","pairA","EGFR","CLV_AS50_03","CLOVER-Mol","50","CCS(=O)(=O)c1cc(Nc2ncccn2)c(-c2ccco2)o1","202608352","0","-7.4","ok"
"pairA:VEGFR2:CLV_AS50_03","pairA","VEGFR2","CLV_AS50_03","CLOVER-Mol","50","CCS(=O)(=O)c1cc(Nc2ncccn2)c(-c2ccco2)o1","202608353","0","-7.7","ok"
"pairA:EGFR:CLV_AS50_04","pairA","EGFR","CLV_AS50_04","CLOVER-Mol","50","CN(C)S(=O)(=O)Cc1cc(-c2ccco2)nc(Nc2nccs2)n1","202608466","0","-6.9","ok"
"pairA:VEGFR2:CLV_AS50_04","pairA","VEGFR2","CLV_AS50_04","CLOVER-Mol","50","CN(C)S(=O)(=O)Cc1cc(-c2ccco2)nc(Nc2nccs2)n1","202608467","0","-7.1","ok"
"pairA:EGFR:CLV_AS50_05","pairA","EGFR","CLV_AS50_05","CLOVER-Mol","50","Cc1ccsc1CNC(=O)NC(C)c1ccnc(-n2cnnn2)c1","202608468","0","-7.8","ok"
"pairA:VEGFR2:CLV_AS50_05","pairA","VEGFR2","CLV_AS50_05","CLOVER-Mol","50","Cc1ccsc1CNC(=O)NC(C)c1ccnc(-n2cnnn2)c1","202608469","0","-9.6","ok"
"pairA:EGFR:CLV_AS50_06","pairA","EGFR","CLV_AS50_06","CLOVER-Mol","50","CCS(=O)(=O)Nc1ccnc(Nc2nccs2)c1","202608470","0","-6.3","ok"
"pairA:VEGFR2:CLV_AS50_06","pairA","VEGFR2","CLV_AS50_06","CLOVER-Mol","50","CCS(=O)(=O)Nc1ccnc(Nc2nccs2)c1","202608471","0","-7","ok"
"pairA:EGFR:CLV_AS50_07","pairA","EGFR","CLV_AS50_07","CLOVER-Mol","50","CS(=O)(=O)NC(C(=O)Nc1ccnc(N2CCOC2=O)c1)c1ccco1","202608472","0","-7.4","ok"
"pairA:VEGFR2:CLV_AS50_07","pairA","VEGFR2","CLV_AS50_07","CLOVER-Mol","50","CS(=O)(=O)NC(C(=O)Nc1ccnc(N2CCOC2=O)c1)c1ccco1","202608473","0","-8.5","ok"
"pairA:EGFR:CLV_AS50_08","pairA","EGFR","CLV_AS50_08","CLOVER-Mol","50","COC(=O)Nc1cc(Cc2nnc3n2CCC3)ccn1","202608474","0","-7.3","ok"
"pairA:VEGFR2:CLV_AS50_08","pairA","VEGFR2","CLV_AS50_08","CLOVER-Mol","50","COC(=O)Nc1cc(Cc2nnc3n2CCC3)ccn1","202608475","0","-8.8","ok"
"pairA:EGFR:CLV_AS50_09","pairA","EGFR","CLV_AS50_09","CLOVER-Mol","50","CCc1cc(NC(=O)Nc2ccnc(NC(=O)OC)c2)no1","202608476","0","-7","ok"
"pairA:VEGFR2:CLV_AS50_09","pairA","VEGFR2","CLV_AS50_09","CLOVER-Mol","50","CCc1cc(NC(=O)Nc2ccnc(NC(=O)OC)c2)no1","202608477","0","-8.8","ok"
"pairA:EGFR:CLV_AS50_10","pairA","EGFR","CLV_AS50_10","CLOVER-Mol","50","CNS(=O)(=O)c1cc(-c2cc(Nc3ccco3)ncn2)on1","202608478","0","-7.6","ok"
"pairA:VEGFR2:CLV_AS50_10","pairA","VEGFR2","CLV_AS50_10","CLOVER-Mol","50","CNS(=O)(=O)c1cc(-c2cc(Nc3ccco3)ncn2)on1","202608479","0","-8.5","ok"
"pairA:EGFR:CLV_AS51_01","pairA","EGFR","CLV_AS51_01","CLOVER-Mol","51","Cc1cccc(NC(=O)Nc2nccc3[nH]cnc23)c1","202608354","0","-7.6","ok"
"pairA:VEGFR2:CLV_AS51_01","pairA","VEGFR2","CLV_AS51_01","CLOVER-Mol","51","Cc1cccc(NC(=O)Nc2nccc3[nH]cnc23)c1","202608355","0","-9.8","ok"
"pairA:EGFR:CLV_AS51_02","pairA","EGFR","CLV_AS51_02","CLOVER-Mol","51","Cc1ccsc1C(=O)Nc1cc(NC(=O)Nc2ccncc2)ccn1","202608356","0","-7.9","ok"
"pairA:VEGFR2:CLV_AS51_02","pairA","VEGFR2","CLV_AS51_02","CLOVER-Mol","51","Cc1ccsc1C(=O)Nc1cc(NC(=O)Nc2ccncc2)ccn1","202608357","0","-9.6","ok"
"pairA:EGFR:CLV_AS51_03","pairA","EGFR","CLV_AS51_03","CLOVER-Mol","51","COc1cc(NC(=O)Nc2ccc(NC(=O)c3sccc3C)cc2)ccn1","202608358","0","-8","ok"
"pairA:VEGFR2:CLV_AS51_03","pairA","VEGFR2","CLV_AS51_03","CLOVER-Mol","51","COc1cc(NC(=O)Nc2ccc(NC(=O)c3sccc3C)cc2)ccn1","202608359","0","-9.9","ok"
"pairA:EGFR:CLV_AS51_04","pairA","EGFR","CLV_AS51_04","CLOVER-Mol","51","Cc1ccsc1C(=O)Nc1cc(NC(=O)c2ncc[nH]2)ccn1","202608486","0","-7.6","ok"
"pairA:VEGFR2:CLV_AS51_04","pairA","VEGFR2","CLV_AS51_04","CLOVER-Mol","51","Cc1ccsc1C(=O)Nc1cc(NC(=O)c2ncc[nH]2)ccn1","202608487","0","-8.9","ok"
"pairA:EGFR:CLV_AS51_05","pairA","EGFR","CLV_AS51_05","CLOVER-Mol","51","Cc1ccsc1C(=O)Nc1cc(NC(=O)Nc2ccoc2)ccn1","202608488","0","-7.7","ok"
"pairA:VEGFR2:CLV_AS51_05","pairA","VEGFR2","CLV_AS51_05","CLOVER-Mol","51","Cc1ccsc1C(=O)Nc1cc(NC(=O)Nc2ccoc2)ccn1","202608489","0","-9.3","ok"
"pairA:EGFR:CLV_AS51_06","pairA","EGFR","CLV_AS51_06","CLOVER-Mol","51","Cc1ccsc1C(=O)NCc1ccnc(-c2ncco2)c1","202608490","0","-7.3","ok"
"pairA:VEGFR2:CLV_AS51_06","pairA","VEGFR2","CLV_AS51_06","CLOVER-Mol","51","Cc1ccsc1C(=O)NCc1ccnc(-c2ncco2)c1","202608491","0","-8.9","ok"
"pairA:EGFR:CLV_AS51_07","pairA","EGFR","CLV_AS51_07","CLOVER-Mol","51","Cc1ccsc1C(=O)Nc1cc(NC(=O)Nc2ccccn2)ccn1","202608492","0","-8.1","ok"
"pairA:VEGFR2:CLV_AS51_07","pairA","VEGFR2","CLV_AS51_07","CLOVER-Mol","51","Cc1ccsc1C(=O)Nc1cc(NC(=O)Nc2ccccn2)ccn1","202608493","0","-10","ok"
"pairA:EGFR:CLV_AS51_08","pairA","EGFR","CLV_AS51_08","CLOVER-Mol","51","Cc1ccsc1C(=O)Nc1cc(NC(=O)c2ccco2)ccn1","202608494","0","-7.3","ok"
"pairA:VEGFR2:CLV_AS51_08","pairA","VEGFR2","CLV_AS51_08","CLOVER-Mol","51","Cc1ccsc1C(=O)Nc1cc(NC(=O)c2ccco2)ccn1","202608495","0","-9.2","ok"
"pairA:EGFR:CLV_AS51_09","pairA","EGFR","CLV_AS51_09","CLOVER-Mol","51","Cc1ccsc1CC(=O)N1CCN(Cc2cc(-c3ccco3)no2)CC1","202608496","0","-7.5","ok"
"pairA:VEGFR2:CLV_AS51_09","pairA","VEGFR2","CLV_AS51_09","CLOVER-Mol","51","Cc1ccsc1CC(=O)N1CCN(Cc2cc(-c3ccco3)no2)CC1","202608497","0","-8.7","ok"
"pairA:EGFR:CLV_AS51_10","pairA","EGFR","CLV_AS51_10","CLOVER-Mol","51","Cc1ccsc1CCC(=O)Nc1cc(Nc2ccco2)ncn1","202608498","0","-7.4","ok"
"pairA:VEGFR2:CLV_AS51_10","pairA","VEGFR2","CLV_AS51_10","CLOVER-Mol","51","Cc1ccsc1CCC(=O)Nc1cc(Nc2ccco2)ncn1","202608499","0","-9.2","ok"
"pairA:EGFR:POL_AS42_01","pairA","EGFR","POL_AS42_01","POLYGON","42","Cc1ccsc1NC(=O)c1cc(-c2ccco2)on1","202608360","0","-7.5","ok"
"pairA:VEGFR2:POL_AS42_01","pairA","VEGFR2","POL_AS42_01","POLYGON","42","Cc1ccsc1NC(=O)c1cc(-c2ccco2)on1","202608361","0","-8.6","ok"
"pairA:EGFR:POL_AS42_02","pairA","EGFR","POL_AS42_02","POLYGON","42","CC(=O)Nc1cc(-c2ccnc(Nc3nccs3)c2)on1","202608362","0","-7.5","ok"
"pairA:VEGFR2:POL_AS42_02","pairA","VEGFR2","POL_AS42_02","POLYGON","42","CC(=O)Nc1cc(-c2ccnc(Nc3nccs3)c2)on1","202608363","0","-8.7","ok"
"pairA:EGFR:POL_AS42_03","pairA","EGFR","POL_AS42_03","POLYGON","42","CCCC(=O)Nc1cccc(Nc2nccc(N(C)S(C)(=O)=O)n2)c1","202608364","0","-7.6","ok"
"pairA:VEGFR2:POL_AS42_03","pairA","VEGFR2","POL_AS42_03","POLYGON","42","CCCC(=O)Nc1cccc(Nc2nccc(N(C)S(C)(=O)=O)n2)c1","202608365","0","-8.7","ok"
"pairA:EGFR:POL_AS42_04","pairA","EGFR","POL_AS42_04","POLYGON","42","Cc1csc(CNC(=O)Nc2ccnc(Nc3nccs3)c2)n1","202608506","0","-6.8","ok"
"pairA:VEGFR2:POL_AS42_04","pairA","VEGFR2","POL_AS42_04","POLYGON","42","Cc1csc(CNC(=O)Nc2ccnc(Nc3nccs3)c2)n1","202608507","0","-8.4","ok"
"pairA:EGFR:POL_AS42_05","pairA","EGFR","POL_AS42_05","POLYGON","42","COC(C)C(NC(=O)c1cc2cncnc2o1)c1ccncc1","202608508","0","-7","ok"
"pairA:VEGFR2:POL_AS42_05","pairA","VEGFR2","POL_AS42_05","POLYGON","42","COC(C)C(NC(=O)c1cc2cncnc2o1)c1ccncc1","202608509","0","-7.6","ok"
"pairA:EGFR:POL_AS42_06","pairA","EGFR","POL_AS42_06","POLYGON","42","O=c1nccc2n1CCN(CCNc1cccc(F)c1)C2","202608510","0","-6.9","ok"
"pairA:VEGFR2:POL_AS42_06","pairA","VEGFR2","POL_AS42_06","POLYGON","42","O=c1nccc2n1CCN(CCNc1cccc(F)c1)C2","202608511","0","-8.3","ok"
"pairA:EGFR:POL_AS42_07","pairA","EGFR","POL_AS42_07","POLYGON","42","Cc1cc(S(=O)(=O)N2CCOCC2)cc(Nc2nccc(C)n2)n1","202608512","0","-7.7","ok"
"pairA:VEGFR2:POL_AS42_07","pairA","VEGFR2","POL_AS42_07","POLYGON","42","Cc1cc(S(=O)(=O)N2CCOCC2)cc(Nc2nccc(C)n2)n1","202608513","0","-8.4","ok"
"pairA:EGFR:POL_AS42_08","pairA","EGFR","POL_AS42_08","POLYGON","42","O=S(=O)(Cc1cc(Nc2ncccn2)cs1)NCc1ccoc1","202608514","0","-6.7","ok"
"pairA:VEGFR2:POL_AS42_08","pairA","VEGFR2","POL_AS42_08","POLYGON","42","O=S(=O)(Cc1cc(Nc2ncccn2)cs1)NCc1ccoc1","202608515","0","-7.7","ok"
"pairA:EGFR:POL_AS42_09","pairA","EGFR","POL_AS42_09","POLYGON","42","CCC(CC)c1cccc(NC(=O)NCc2ncn(C)n2)c1","202608516","0","-7.1","ok"
"pairA:VEGFR2:POL_AS42_09","pairA","VEGFR2","POL_AS42_09","POLYGON","42","CCC(CC)c1cccc(NC(=O)NCc2ncn(C)n2)c1","202608517","0","-9","ok"
"pairA:EGFR:POL_AS42_10","pairA","EGFR","POL_AS42_10","POLYGON","42","CS(=O)(=O)NCc1csc(Nc2ccc3ccoc3c2)n1","202608518","0","-6.7","ok"
"pairA:VEGFR2:POL_AS42_10","pairA","VEGFR2","POL_AS42_10","POLYGON","42","CS(=O)(=O)NCc1csc(Nc2ccc3ccoc3c2)n1","202608519","0","-8.8","ok"
"pairA:EGFR:POL_AS43_01","pairA","EGFR","POL_AS43_01","POLYGON","43","Cc1ccsc1C(=O)Nc1cc(-c2ccccn2)ccn1","202608366","0","-7.7","ok"
"pairA:VEGFR2:POL_AS43_01","pairA","VEGFR2","POL_AS43_01","POLYGON","43","Cc1ccsc1C(=O)Nc1cc(-c2ccccn2)ccn1","202608367","0","-9.2","ok"
"pairA:EGFR:POL_AS43_02","pairA","EGFR","POL_AS43_02","POLYGON","43","CC(C)NC(=O)NCc1ccnc(N2CCCCC(C)OC2=O)c1","202608368","0","-7.9","ok"
"pairA:VEGFR2:POL_AS43_02","pairA","VEGFR2","POL_AS43_02","POLYGON","43","CC(C)NC(=O)NCc1ccnc(N2CCCCC(C)OC2=O)c1","202608369","0","-9","ok"
"pairA:EGFR:POL_AS43_03","pairA","EGFR","POL_AS43_03","POLYGON","43","Cc1nccc(CNC(=O)Nc2cccc(Nc3ncccn3)c2)n1","202608370","0","-7.8","ok"
"pairA:VEGFR2:POL_AS43_03","pairA","VEGFR2","POL_AS43_03","POLYGON","43","Cc1nccc(CNC(=O)Nc2cccc(Nc3ncccn3)c2)n1","202608371","0","-9.5","ok"
"pairA:EGFR:POL_AS43_04","pairA","EGFR","POL_AS43_04","POLYGON","43","Cc1noc(C(C)S(=O)(=O)NCc2cccc(-c3ccco3)c2)n1","202608526","0","-7.7","ok"
"pairA:VEGFR2:POL_AS43_04","pairA","VEGFR2","POL_AS43_04","POLYGON","43","Cc1noc(C(C)S(=O)(=O)NCc2cccc(-c3ccco3)c2)n1","202608527","0","-8.9","ok"
"pairA:EGFR:POL_AS43_05","pairA","EGFR","POL_AS43_05","POLYGON","43","Cc1csc(C2CCN(S(=O)(=O)Nc3cccc4cnncc34)CC2)n1","202608528","0","-8.1","ok"
"pairA:VEGFR2:POL_AS43_05","pairA","VEGFR2","POL_AS43_05","POLYGON","43","Cc1csc(C2CCN(S(=O)(=O)Nc3cccc4cnncc34)CC2)n1","202608529","0","-8.4","ok"
"pairA:EGFR:POL_AS43_06","pairA","EGFR","POL_AS43_06","POLYGON","43","O=S(=O)(NC1CC1)c1ccccc1Nc1ccnc2occc12","202608530","0","-8.7","ok"
"pairA:VEGFR2:POL_AS43_06","pairA","VEGFR2","POL_AS43_06","POLYGON","43","O=S(=O)(NC1CC1)c1ccccc1Nc1ccnc2occc12","202608531","0","-8.3","ok"
"pairA:EGFR:POL_AS43_07","pairA","EGFR","POL_AS43_07","POLYGON","43","O=C(Nc1cc(-c2ccco2)no1)c1csc(N2CCCC2=O)n1","202608532","0","-7.8","ok"
"pairA:VEGFR2:POL_AS43_07","pairA","VEGFR2","POL_AS43_07","POLYGON","43","O=C(Nc1cc(-c2ccco2)no1)c1csc(N2CCCC2=O)n1","202608533","0","-9.2","ok"
"pairA:EGFR:POL_AS43_08","pairA","EGFR","POL_AS43_08","POLYGON","43","Cc1noc(C)c1S(=O)(=O)N1CCC(Nc2nncc3ccccc23)CC1","202608534","0","-8.7","ok"
"pairA:VEGFR2:POL_AS43_08","pairA","VEGFR2","POL_AS43_08","POLYGON","43","Cc1noc(C)c1S(=O)(=O)N1CCC(Nc2nncc3ccccc23)CC1","202608535","0","-8.8","ok"
"pairA:EGFR:POL_AS43_09","pairA","EGFR","POL_AS43_09","POLYGON","43","CC(C)c1cccc(NC(=O)c2cccnc2N2CCCC2)c1","202608536","0","-7.8","ok"
"pairA:VEGFR2:POL_AS43_09","pairA","VEGFR2","POL_AS43_09","POLYGON","43","CC(C)c1cccc(NC(=O)c2cccnc2N2CCCC2)c1","202608537","0","-10.4","ok"
"pairA:EGFR:POL_AS43_10","pairA","EGFR","POL_AS43_10","POLYGON","43","O=C(NCc1nnc2n1CCC2)Nc1ccc(Cc2ccco2)c(F)c1","202608538","0","-7.9","ok"
"pairA:VEGFR2:POL_AS43_10","pairA","VEGFR2","POL_AS43_10","POLYGON","43","O=C(NCc1nnc2n1CCC2)Nc1ccc(Cc2ccco2)c(F)c1","202608539","0","-10.2","ok"
"pairA:EGFR:POL_AS44_01","pairA","EGFR","POL_AS44_01","POLYGON","44","CC(C)C(C)NC(=O)Nc1ccc2c(NC(=O)N3CCCC3)nccc2c1","202608372","0","-8.3","ok"
"pairA:VEGFR2:POL_AS44_01","pairA","VEGFR2","POL_AS44_01","POLYGON","44","CC(C)C(C)NC(=O)Nc1ccc2c(NC(=O)N3CCCC3)nccc2c1","202608373","0","-10.3","ok"
"pairA:EGFR:POL_AS44_02","pairA","EGFR","POL_AS44_02","POLYGON","44","CCS(=O)(=O)Nc1cc(Nc2ccnc3ccccc23)ncn1","202608374","0","-7.7","ok"
"pairA:VEGFR2:POL_AS44_02","pairA","VEGFR2","POL_AS44_02","POLYGON","44","CCS(=O)(=O)Nc1cc(Nc2ccnc3ccccc23)ncn1","202608375","0","-8.7","ok"
"pairA:EGFR:POL_AS44_03","pairA","EGFR","POL_AS44_03","POLYGON","44","O=C(NCc1ccco1)Nc1cc(Nc2cccc(F)c2)ccn1","202608376","0","-8","ok"
"pairA:VEGFR2:POL_AS44_03","pairA","VEGFR2","POL_AS44_03","POLYGON","44","O=C(NCc1ccco1)Nc1cc(Nc2cccc(F)c2)ccn1","202608377","0","-9.8","ok"
"pairA:EGFR:POL_AS44_04","pairA","EGFR","POL_AS44_04","POLYGON","44","O=C(NCc1ccco1)Nc1ccnc(Nc2ccccn2)c1","202608546","0","-7.7","ok"
"pairA:VEGFR2:POL_AS44_04","pairA","VEGFR2","POL_AS44_04","POLYGON","44","O=C(NCc1ccco1)Nc1ccnc(Nc2ccccn2)c1","202608547","0","-9.2","ok"
"pairA:EGFR:POL_AS44_05","pairA","EGFR","POL_AS44_05","POLYGON","44","Cc1cccc(Nc2ccnc(C(=O)Nc3nccsc3=O)c2)c1","202608548","0","-8.7","ok"
"pairA:VEGFR2:POL_AS44_05","pairA","VEGFR2","POL_AS44_05","POLYGON","44","Cc1cccc(Nc2ccnc(C(=O)Nc3nccsc3=O)c2)c1","202608549","0","-9.8","ok"
"pairA:EGFR:POL_AS44_06","pairA","EGFR","POL_AS44_06","POLYGON","44","Cc1cc(NC2CC2)nc(NC(=O)Nc2ccc3occc3c2)n1","202608550","0","-7.6","ok"
"pairA:VEGFR2:POL_AS44_06","pairA","VEGFR2","POL_AS44_06","POLYGON","44","Cc1cc(NC2CC2)nc(NC(=O)Nc2ccc3occc3c2)n1","202608551","0","-10.1","ok"
"pairA:EGFR:POL_AS44_07","pairA","EGFR","POL_AS44_07","POLYGON","44","COC(=O)Nc1cc(N(C)C(C)c2ccco2)ncn1","202608552","0","-6.3","ok"
"pairA:VEGFR2:POL_AS44_07","pairA","VEGFR2","POL_AS44_07","POLYGON","44","COC(=O)Nc1cc(N(C)C(C)c2ccco2)ncn1","202608553","0","-8.1","ok"
"pairA:EGFR:POL_AS44_08","pairA","EGFR","POL_AS44_08","POLYGON","44","Cc1ccnn1-c1nccc(C(F)(F)C(=O)NCc2cc(C(C)(C)C)on2)n1","202608554","0","-7.9","ok"
"pairA:VEGFR2:POL_AS44_08","pairA","VEGFR2","POL_AS44_08","POLYGON","44","Cc1ccnn1-c1nccc(C(F)(F)C(=O)NCc2cc(C(C)(C)C)on2)n1","202608555","0","-9.6","ok"
"pairA:EGFR:POL_AS44_09","pairA","EGFR","POL_AS44_09","POLYGON","44","Cc1cc(C(C)C)nc(NC(=O)NCc2ccco2)n1","202608556","0","-6.8","ok"
"pairA:VEGFR2:POL_AS44_09","pairA","VEGFR2","POL_AS44_09","POLYGON","44","Cc1cc(C(C)C)nc(NC(=O)NCc2ccco2)n1","202608557","0","-8.3","ok"
"pairA:EGFR:POL_AS44_10","pairA","EGFR","POL_AS44_10","POLYGON","44","Cc1cc2nc(N3CCN(S(=O)(=O)C(F)F)CC3)nc(-c3ccco3)n2n1","202608558","0","-8.4","ok"
"pairA:VEGFR2:POL_AS44_10","pairA","VEGFR2","POL_AS44_10","POLYGON","44","Cc1cc2nc(N3CCN(S(=O)(=O)C(F)F)CC3)nc(-c3ccco3)n2n1","202608559","0","-7.8","ok"
"pairA:EGFR:POL_AS45_01","pairA","EGFR","POL_AS45_01","POLYGON","45","COc1cc(NC(=O)Nc2ccc3c(c2)N(C(=O)N(C)C(C)C)C3)ccn1","202608378","0","-7.6","ok"
"pairA:VEGFR2:POL_AS45_01","pairA","VEGFR2","POL_AS45_01","POLYGON","45","COc1cc(NC(=O)Nc2ccc3c(c2)N(C(=O)N(C)C(C)C)C3)ccn1","202608379","0","-9.4","ok"
"pairA:EGFR:POL_AS45_02","pairA","EGFR","POL_AS45_02","POLYGON","45","Cc1ccsc1C(=O)NC(C)c1cc(-c2ncco2)no1","202608380","0","-7","ok"
"pairA:VEGFR2:POL_AS45_02","pairA","VEGFR2","POL_AS45_02","POLYGON","45","Cc1ccsc1C(=O)NC(C)c1cc(-c2ncco2)no1","202608381","0","-7.2","ok"
"pairA:EGFR:POL_AS45_03","pairA","EGFR","POL_AS45_03","POLYGON","45","Cn1cnc(CNC(=O)Nc2cccc(-c3ccco3)c2)n1","202608382","0","-7.6","ok"
"pairA:VEGFR2:POL_AS45_03","pairA","VEGFR2","POL_AS45_03","POLYGON","45","Cn1cnc(CNC(=O)Nc2cccc(-c3ccco3)c2)n1","202608383","0","-9.4","ok"
"pairA:EGFR:POL_AS45_04","pairA","EGFR","POL_AS45_04","POLYGON","45","O=S(=O)(NC1CC1)c1ccc(-c2ccco2)cc1Nc1nccs1","202608566","0","-7.6","ok"
"pairA:VEGFR2:POL_AS45_04","pairA","VEGFR2","POL_AS45_04","POLYGON","45","O=S(=O)(NC1CC1)c1ccc(-c2ccco2)cc1Nc1nccs1","202608567","0","-7.7","ok"
"pairA:EGFR:POL_AS45_05","pairA","EGFR","POL_AS45_05","POLYGON","45","Cc1ccsc1C(=O)Nc1ccc2ccnc(N(C)C)c2c1","202608568","0","-8","ok"
"pairA:VEGFR2:POL_AS45_05","pairA","VEGFR2","POL_AS45_05","POLYGON","45","Cc1ccsc1C(=O)Nc1ccc2ccnc(N(C)C)c2c1","202608569","0","-9.1","ok"
"pairA:EGFR:POL_AS45_06","pairA","EGFR","POL_AS45_06","POLYGON","45","NC(=O)c1ccc(F)cc1Nc1nc(-c2ccco2)nc(N2CCCCC2)n1","202608570","0","-9","ok"
"pairA:VEGFR2:POL_AS45_06","pairA","VEGFR2","POL_AS45_06","POLYGON","45","NC(=O)c1ccc(F)cc1Nc1nc(-c2ccco2)nc(N2CCCCC2)n1","202608571","0","-9.2","ok"
"pairA:EGFR:POL_AS45_07","pairA","EGFR","POL_AS45_07","POLYGON","45","Cc1ccsc1NC(=O)NCc1ccnc(OC2CC(C)C2)c1","202608572","0","-7.7","ok"
"pairA:VEGFR2:POL_AS45_07","pairA","VEGFR2","POL_AS45_07","POLYGON","45","Cc1ccsc1NC(=O)NCc1ccnc(OC2CC(C)C2)c1","202608573","0","-9.4","ok"
"pairA:EGFR:POL_AS45_08","pairA","EGFR","POL_AS45_08","POLYGON","45","CNS(=O)(=O)Nc1ccnc(Nc2ccc3nc(C)ccc3n2)c1","202608574","0","-7.7","ok"
"pairA:VEGFR2:POL_AS45_08","pairA","VEGFR2","POL_AS45_08","POLYGON","45","CNS(=O)(=O)Nc1ccnc(Nc2ccc3nc(C)ccc3n2)c1","202608575","0","-9.4","ok"
"pairA:EGFR:POL_AS45_09","pairA","EGFR","POL_AS45_09","POLYGON","45","COC(=O)CCC(=O)Nc1cc(Nc2nccs2)ccn1","202608576","0","-6.7","ok"
"pairA:VEGFR2:POL_AS45_09","pairA","VEGFR2","POL_AS45_09","POLYGON","45","COC(=O)CCC(=O)Nc1cc(Nc2nccs2)ccn1","202608577","0","-7.5","ok"
"pairA:EGFR:POL_AS45_10","pairA","EGFR","POL_AS45_10","POLYGON","45","CC(C)c1cccc(C(N)C(=O)Nc2ccnc(-c3ccco3)n2)c1","202608578","0","-7.9","ok"
"pairA:VEGFR2:POL_AS45_10","pairA","VEGFR2","POL_AS45_10","POLYGON","45","CC(C)c1cccc(C(N)C(=O)Nc2ccnc(-c3ccco3)n2)c1","202608579","0","-9.2","ok"
"pairA:EGFR:POL_AS46_01","pairA","EGFR","POL_AS46_01","POLYGON","46","CCC(C)n1ncnc1NC(=O)Nc1ccc(F)c(C(F)(F)F)c1","202608384","0","-7.2","ok"
"pairA:VEGFR2:POL_AS46_01","pairA","VEGFR2","POL_AS46_01","POLYGON","46","CCC(C)n1ncnc1NC(=O)Nc1ccc(F)c(C(F)(F)F)c1","202608385","0","-9.5","ok"
"pairA:EGFR:POL_AS46_02","pairA","EGFR","POL_AS46_02","POLYGON","46","COC(=O)Nc1ccnc(NC(=O)Nc2cc3c(F)cccc3s2)n1","202608386","0","-8","ok"
"pairA:VEGFR2:POL_AS46_02","pairA","VEGFR2","POL_AS46_02","POLYGON","46","COC(=O)Nc1ccnc(NC(=O)Nc2cc3c(F)cccc3s2)n1","202608387","0","-10","ok"
"pairA:EGFR:POL_AS46_03","pairA","EGFR","POL_AS46_03","POLYGON","46","Cc1ccnc(NC(=O)CS(=O)(=O)c2sccc2C)c1","202608388","0","-6.9","ok"
"pairA:VEGFR2:POL_AS46_03","pairA","VEGFR2","POL_AS46_03","POLYGON","46","Cc1ccnc(NC(=O)CS(=O)(=O)c2sccc2C)c1","202608389","0","-8.4","ok"
"pairA:EGFR:POL_AS46_04","pairA","EGFR","POL_AS46_04","POLYGON","46","COC(=O)Nc1cc(NC(=O)c2ccncc2C(C)C)ccn1","202608586","0","-7.1","ok"
"pairA:VEGFR2:POL_AS46_04","pairA","VEGFR2","POL_AS46_04","POLYGON","46","COC(=O)Nc1cc(NC(=O)c2ccncc2C(C)C)ccn1","202608587","0","-8.9","ok"
"pairA:EGFR:POL_AS46_05","pairA","EGFR","POL_AS46_05","POLYGON","46","O=C(Nc1ccc2c(F)cccc2c1)Nc1nccs1","202608588","0","-7.8","ok"
"pairA:VEGFR2:POL_AS46_05","pairA","VEGFR2","POL_AS46_05","POLYGON","46","O=C(Nc1ccc2c(F)cccc2c1)Nc1nccs1","202608589","0","-9.2","ok"
"pairA:EGFR:POL_AS46_06","pairA","EGFR","POL_AS46_06","POLYGON","46","Cc1ccnc(NC(=O)c2csc(Nc3nccs3)n2)c1","202608590","0","-6.7","ok"
"pairA:VEGFR2:POL_AS46_06","pairA","VEGFR2","POL_AS46_06","POLYGON","46","Cc1ccnc(NC(=O)c2csc(Nc3nccs3)n2)c1","202608591","0","-8.5","ok"
"pairA:EGFR:POL_AS46_07","pairA","EGFR","POL_AS46_07","POLYGON","46","COC(=O)NCCc1cc(Nc2nc[nH]n2)nc(-c2ccco2)n1","202608592","0","-7.3","ok"
"pairA:VEGFR2:POL_AS46_07","pairA","VEGFR2","POL_AS46_07","POLYGON","46","COC(=O)NCCc1cc(Nc2nc[nH]n2)nc(-c2ccco2)n1","202608593","0","-7.7","ok"
"pairA:EGFR:POL_AS46_08","pairA","EGFR","POL_AS46_08","POLYGON","46","O=S(=O)(NCc1ccco1)c1cccc(Nc2ncccn2)c1","202608594","0","-7.6","ok"
"pairA:VEGFR2:POL_AS46_08","pairA","VEGFR2","POL_AS46_08","POLYGON","46","O=S(=O)(NCc1ccco1)c1cccc(Nc2ncccn2)c1","202608595","0","-8.5","ok"
"pairA:EGFR:POL_AS46_09","pairA","EGFR","POL_AS46_09","POLYGON","46","Cc1ccsc1-c1cc(NC(=O)NCc2cscn2)cnn1","202608596","0","-7.1","ok"
"pairA:VEGFR2:POL_AS46_09","pairA","VEGFR2","POL_AS46_09","POLYGON","46","Cc1ccsc1-c1cc(NC(=O)NCc2cscn2)cnn1","202608597","0","-8.5","ok"
"pairA:EGFR:POL_AS46_10","pairA","EGFR","POL_AS46_10","POLYGON","46","Cc1coc(=O)n1CCC(=O)Nc1cc(Nc2nccs2)ccn1","202608598","0","-7.3","ok"
"pairA:VEGFR2:POL_AS46_10","pairA","VEGFR2","POL_AS46_10","POLYGON","46","Cc1coc(=O)n1CCC(=O)Nc1cc(Nc2nccs2)ccn1","202608599","0","-8.8","ok"
"pairA:EGFR:POL_AS47_01","pairA","EGFR","POL_AS47_01","POLYGON","47","Cc1cc(NC(=O)Nc2ccc(-c3nc(C4CC4)no3)o2)ccn1","202608390","0","-8","ok"
"pairA:VEGFR2:POL_AS47_01","pairA","VEGFR2","POL_AS47_01","POLYGON","47","Cc1cc(NC(=O)Nc2ccc(-c3nc(C4CC4)no3)o2)ccn1","202608391","0","-10.1","ok"
"pairA:EGFR:POL_AS47_02","pairA","EGFR","POL_AS47_02","POLYGON","47","O=C(Nc1sccc1-c1ccco1)c1cc2nccnc2s1","202608392","0","-7.7","ok"
"pairA:VEGFR2:POL_AS47_02","pairA","VEGFR2","POL_AS47_02","POLYGON","47","O=C(Nc1sccc1-c1ccco1)c1cc2nccnc2s1","202608393","0","-7.9","ok"
"pairA:EGFR:POL_AS47_03","pairA","EGFR","POL_AS47_03","POLYGON","47","CCS(=O)(=O)Nc1ccnc(Nc2cnn(C3CCOCC3)n2)c1","202608394","0","-7.3","ok"
"pairA:VEGFR2:POL_AS47_03","pairA","VEGFR2","POL_AS47_03","POLYGON","47","CCS(=O)(=O)Nc1ccnc(Nc2cnn(C3CCOCC3)n2)c1","202608395","0","-8.3","ok"
"pairA:EGFR:POL_AS47_04","pairA","EGFR","POL_AS47_04","POLYGON","47","COC(=O)c1nc(Cc2cc(NS(C)(=O)=O)ccn2)cs1","202608606","0","-6.2","ok"
"pairA:VEGFR2:POL_AS47_04","pairA","VEGFR2","POL_AS47_04","POLYGON","47","COC(=O)c1nc(Cc2cc(NS(C)(=O)=O)ccn2)cs1","202608607","0","-7.5","ok"
"pairA:EGFR:POL_AS47_05","pairA","EGFR","POL_AS47_05","POLYGON","47","O=C(Nc1c[nH]c(=O)cn1)c1cccc(OCC(=O)N2CCCCC2)c1","202608608","0","-8.1","ok"
"pairA:VEGFR2:POL_AS47_05","pairA","VEGFR2","POL_AS47_05","POLYGON","47","O=C(Nc1c[nH]c(=O)cn1)c1cccc(OCC(=O)N2CCCCC2)c1","202608609","0","-10.2","ok"
"pairA:EGFR:POL_AS47_06","pairA","EGFR","POL_AS47_06","POLYGON","47","CS(=O)(=O)N1CCCCC1CC(=O)Nc1ccnc(Cc2ccco2)c1","202608610","0","-7.7","ok"
"pairA:VEGFR2:POL_AS47_06","pairA","VEGFR2","POL_AS47_06","POLYGON","47","CS(=O)(=O)N1CCCCC1CC(=O)Nc1ccnc(Cc2ccco2)c1","202608611","0","-9.3","ok"
"pairA:EGFR:POL_AS47_07","pairA","EGFR","POL_AS47_07","POLYGON","47","CC(C)c1csc(Nc2ccc3ncn(C)c3c2)n1","202608612","0","-6.8","ok"
"pairA:VEGFR2:POL_AS47_07","pairA","VEGFR2","POL_AS47_07","POLYGON","47","CC(C)c1csc(Nc2ccc3ncn(C)c3c2)n1","202608613","0","-8.1","ok"
"pairA:EGFR:POL_AS47_08","pairA","EGFR","POL_AS47_08","POLYGON","47","CN(C)c1nc2ccc(NC(=O)C3CSc4nccnc4N3)cc2[nH]1","202608614","0","-7.5","ok"
"pairA:VEGFR2:POL_AS47_08","pairA","VEGFR2","POL_AS47_08","POLYGON","47","CN(C)c1nc2ccc(NC(=O)C3CSc4nccnc4N3)cc2[nH]1","202608615","0","-8.1","ok"
"pairA:EGFR:POL_AS47_09","pairA","EGFR","POL_AS47_09","POLYGON","47","Cc1noc(C(C)S(=O)(=O)c2cc(-c3ccoc3)on2)n1","202608616","0","-7.1","ok"
"pairA:VEGFR2:POL_AS47_09","pairA","VEGFR2","POL_AS47_09","POLYGON","47","Cc1noc(C(C)S(=O)(=O)c2cc(-c3ccoc3)on2)n1","202608617","0","-8.1","ok"
"pairA:EGFR:POL_AS47_10","pairA","EGFR","POL_AS47_10","POLYGON","47","Cc1ccsc1CN(CCO)C(=O)Nc1cnc2occc2c1","202608618","0","-7","ok"
"pairA:VEGFR2:POL_AS47_10","pairA","VEGFR2","POL_AS47_10","POLYGON","47","Cc1ccsc1CN(CCO)C(=O)Nc1cnc2occc2c1","202608619","0","-7.4","ok"
"pairA:EGFR:POL_AS48_01","pairA","EGFR","POL_AS48_01","POLYGON","48","CSc1cccc2cnc(Nc3nncs3)cc12","202608396","0","-7.5","ok"
"pairA:VEGFR2:POL_AS48_01","pairA","VEGFR2","POL_AS48_01","POLYGON","48","CSc1cccc2cnc(Nc3nncs3)cc12","202608397","0","-7.8","ok"
"pairA:EGFR:POL_AS48_02","pairA","EGFR","POL_AS48_02","POLYGON","48","COc1cc(Nc2nccs2)ccc1NC(=O)NCc1ccco1","202608398","0","-7","ok"
"pairA:VEGFR2:POL_AS48_02","pairA","VEGFR2","POL_AS48_02","POLYGON","48","COc1cc(Nc2nccs2)ccc1NC(=O)NCc1ccco1","202608399","0","-8","ok"
"pairA:EGFR:POL_AS48_03","pairA","EGFR","POL_AS48_03","POLYGON","48","O=S(=O)(NCc1ccco1)c1cccc(Nc2nccs2)c1","202608400","0","-7.1","ok"
"pairA:VEGFR2:POL_AS48_03","pairA","VEGFR2","POL_AS48_03","POLYGON","48","O=S(=O)(NCc1ccco1)c1cccc(Nc2nccs2)c1","202608401","0","-8.2","ok"
"pairA:EGFR:POL_AS48_04","pairA","EGFR","POL_AS48_04","POLYGON","48","O=C(Nc1cccc(N2CCOC2=O)c1)c1ccnc2ccsc12","202608626","0","-8","ok"
"pairA:VEGFR2:POL_AS48_04","pairA","VEGFR2","POL_AS48_04","POLYGON","48","O=C(Nc1cccc(N2CCOC2=O)c1)c1ccnc2ccsc12","202608627","0","-9.8","ok"
"pairA:EGFR:POL_AS48_05","pairA","EGFR","POL_AS48_05","POLYGON","48","COc1cc(NC(=O)Nc2sccc2-c2ccco2)ncn1","202608628","0","-7","ok"
"pairA:VEGFR2:POL_AS48_05","pairA","VEGFR2","POL_AS48_05","POLYGON","48","COc1cc(NC(=O)Nc2sccc2-c2ccco2)ncn1","202608629","0","-8.4","ok"
"pairA:EGFR:POL_AS48_06","pairA","EGFR","POL_AS48_06","POLYGON","48","O=C(Nc1cccc(N2CCOC2=O)c1)Nc1ncc(-c2nccs2)s1","202608630","0","-7.6","ok"
"pairA:VEGFR2:POL_AS48_06","pairA","VEGFR2","POL_AS48_06","POLYGON","48","O=C(Nc1cccc(N2CCOC2=O)c1)Nc1ncc(-c2nccs2)s1","202608631","0","-10.4","ok"
"pairA:EGFR:POL_AS48_07","pairA","EGFR","POL_AS48_07","POLYGON","48","O=C(NCc1ccco1)Nc1cccc(Nc2ncccn2)c1","202608632","0","-7.9","ok"
"pairA:VEGFR2:POL_AS48_07","pairA","VEGFR2","POL_AS48_07","POLYGON","48","O=C(NCc1ccco1)Nc1cccc(Nc2ncccn2)c1","202608633","0","-9.4","ok"
"pairA:EGFR:POL_AS48_08","pairA","EGFR","POL_AS48_08","POLYGON","48","CNC(=O)c1ncnc(Nc2cccc(-c3ccco3)c2)c1F","202608634","0","-7.8","ok"
"pairA:VEGFR2:POL_AS48_08","pairA","VEGFR2","POL_AS48_08","POLYGON","48","CNC(=O)c1ncnc(Nc2cccc(-c3ccco3)c2)c1F","202608635","0","-9.8","ok"
"pairA:EGFR:POL_AS48_09","pairA","EGFR","POL_AS48_09","POLYGON","48","NC(=O)c1nccnc1Nc1ccnc(-c2ccco2)c1","202608636","0","-7.8","ok"
"pairA:VEGFR2:POL_AS48_09","pairA","VEGFR2","POL_AS48_09","POLYGON","48","NC(=O)c1nccnc1Nc1ccnc(-c2ccco2)c1","202608637","0","-8.3","ok"
"pairA:EGFR:POL_AS48_10","pairA","EGFR","POL_AS48_10","POLYGON","48","CS(=O)(=O)c1ccnc(Nc2cncc3ccccc23)c1","202608638","0","-7.9","ok"
"pairA:VEGFR2:POL_AS48_10","pairA","VEGFR2","POL_AS48_10","POLYGON","48","CS(=O)(=O)c1ccnc(Nc2cncc3ccccc23)c1","202608639","0","-8.7","ok"
"pairA:EGFR:POL_AS49_01","pairA","EGFR","POL_AS49_01","POLYGON","49","Cc1csnc1C(NC(=O)Nc1ccnc(Oc2cccnc2)c1)C1CC1","202608402","0","-7.4","ok"
"pairA:VEGFR2:POL_AS49_01","pairA","VEGFR2","POL_AS49_01","POLYGON","49","Cc1csnc1C(NC(=O)Nc1ccnc(Oc2cccnc2)c1)C1CC1","202608403","0","-9.4","ok"
"pairA:EGFR:POL_AS49_02","pairA","EGFR","POL_AS49_02","POLYGON","49","Cc1ccsc1C(=O)Nc1cc(-c2ccco2)no1","202608404","0","-7.2","ok"
"pairA:VEGFR2:POL_AS49_02","pairA","VEGFR2","POL_AS49_02","POLYGON","49","Cc1ccsc1C(=O)Nc1cc(-c2ccco2)no1","202608405","0","-8.8","ok"
"pairA:EGFR:POL_AS49_03","pairA","EGFR","POL_AS49_03","POLYGON","49","Cc1ccsc1CNC(=O)N(C)Cc1ccnc(N(C)C)c1","202608406","0","-6.5","ok"
"pairA:VEGFR2:POL_AS49_03","pairA","VEGFR2","POL_AS49_03","POLYGON","49","Cc1ccsc1CNC(=O)N(C)Cc1ccnc(N(C)C)c1","202608407","0","-8","ok"
"pairA:EGFR:POL_AS49_04","pairA","EGFR","POL_AS49_04","POLYGON","49","CC(CNC(=O)NCc1cnc2n1CCC2)c1cc(-c2ccco2)no1","202608646","0","-7.7","ok"
"pairA:VEGFR2:POL_AS49_04","pairA","VEGFR2","POL_AS49_04","POLYGON","49","CC(CNC(=O)NCc1cnc2n1CCC2)c1cc(-c2ccco2)no1","202608647","0","-10.1","ok"
"pairA:EGFR:POL_AS49_05","pairA","EGFR","POL_AS49_05","POLYGON","49","CCCn1nc(Nc2ccnc(S(C)(=O)=O)c2)cc1N1CCCC1","202608648","0","-7.1","ok"
"pairA:VEGFR2:POL_AS49_05","pairA","VEGFR2","POL_AS49_05","POLYGON","49","CCCn1nc(Nc2ccnc(S(C)(=O)=O)c2)cc1N1CCCC1","202608649","0","-8.4","ok"
"pairA:EGFR:POL_AS49_06","pairA","EGFR","POL_AS49_06","POLYGON","49","O=C(Nc1cccc(C(F)F)c1)Nc1nc(-c2ccco2)cs1","202608650","0","-7.7","ok"
"pairA:VEGFR2:POL_AS49_06","pairA","VEGFR2","POL_AS49_06","POLYGON","49","O=C(Nc1cccc(C(F)F)c1)Nc1nc(-c2ccco2)cs1","202608651","0","-9.7","ok"
"pairA:EGFR:POL_AS49_07","pairA","EGFR","POL_AS49_07","POLYGON","49","O=C(NCc1ccco1)Nc1cccc(Nc2ncccn2)c1","202608632","0","-7.9","ok"
"pairA:VEGFR2:POL_AS49_07","pairA","VEGFR2","POL_AS49_07","POLYGON","49","O=C(NCc1ccco1)Nc1cccc(Nc2ncccn2)c1","202608633","0","-9.4","ok"
"pairA:EGFR:POL_AS49_08","pairA","EGFR","POL_AS49_08","POLYGON","49","O=C(Nc1ccnc(C(F)F)c1)Nc1nc(-c2ccco2)cs1","202608654","0","-7.2","ok"
"pairA:VEGFR2:POL_AS49_08","pairA","VEGFR2","POL_AS49_08","POLYGON","49","O=C(Nc1ccnc(C(F)F)c1)Nc1nc(-c2ccco2)cs1","202608655","0","-9.6","ok"
"pairA:EGFR:POL_AS49_09","pairA","EGFR","POL_AS49_09","POLYGON","49","O=C(NCc1ccco1)Nc1ccnc(Nc2ccccc2F)c1","202608656","0","-7.8","ok"
"pairA:VEGFR2:POL_AS49_09","pairA","VEGFR2","POL_AS49_09","POLYGON","49","O=C(NCc1ccco1)Nc1ccnc(Nc2ccccc2F)c1","202608657","0","-9.9","ok"
"pairA:EGFR:POL_AS49_10","pairA","EGFR","POL_AS49_10","POLYGON","49","CCc1nc2ccc(NC(=O)Nc3sccc3C)cc2nc1C","202608658","0","-8.1","ok"
"pairA:VEGFR2:POL_AS49_10","pairA","VEGFR2","POL_AS49_10","POLYGON","49","CCc1nc2ccc(NC(=O)Nc3sccc3C)cc2nc1C","202608659","0","-9.7","ok"
"pairA:EGFR:POL_AS50_01","pairA","EGFR","POL_AS50_01","POLYGON","50","O=C(NCc1ccco1)Nc1cccc(Nc2nccs2)c1","202608408","0","-7.2","ok"
"pairA:VEGFR2:POL_AS50_01","pairA","VEGFR2","POL_AS50_01","POLYGON","50","O=C(NCc1ccco1)Nc1cccc(Nc2nccs2)c1","202608409","0","-8.7","ok"
"pairA:EGFR:POL_AS50_02","pairA","EGFR","POL_AS50_02","POLYGON","50","Cc1ccsc1CNC(=O)Nc1ccnc(C2CC2)c1","202608410","0","-6.7","ok"
"pairA:VEGFR2:POL_AS50_02","pairA","VEGFR2","POL_AS50_02","POLYGON","50","Cc1ccsc1CNC(=O)Nc1ccnc(C2CC2)c1","202608411","0","-8.3","ok"
"pairA:EGFR:POL_AS50_03","pairA","EGFR","POL_AS50_03","POLYGON","50","Cc1[nH]c(=O)cc(Nc2ccc(-c3nccs3)cn2)c1C","202608412","0","-7.9","ok"
"pairA:VEGFR2:POL_AS50_03","pairA","VEGFR2","POL_AS50_03","POLYGON","50","Cc1[nH]c(=O)cc(Nc2ccc(-c3nccs3)cn2)c1C","202608413","0","-8.8","ok"
"pairA:EGFR:POL_AS50_04","pairA","EGFR","POL_AS50_04","POLYGON","50","COc1ccnc(OCC(=O)N(CCN2CCOCC2)C2CC2)c1","202608666","0","-6.3","ok"
"pairA:VEGFR2:POL_AS50_04","pairA","VEGFR2","POL_AS50_04","POLYGON","50","COc1ccnc(OCC(=O)N(CCN2CCOCC2)C2CC2)c1","202608667","0","-7.4","ok"
"pairA:EGFR:POL_AS50_05","pairA","EGFR","POL_AS50_05","POLYGON","50","Cc1csc(Nc2cc3c(NC(=O)N(C)C)cccc3cn2)n1","202608668","0","-8","ok"
"pairA:VEGFR2:POL_AS50_05","pairA","VEGFR2","POL_AS50_05","POLYGON","50","Cc1csc(Nc2cc3c(NC(=O)N(C)C)cccc3cn2)n1","202608669","0","-8.6","ok"
"pairA:EGFR:POL_AS50_06","pairA","EGFR","POL_AS50_06","POLYGON","50","COCC(CO)NC(=O)Nc1ccnc(N2CCCCCC2=O)c1","202608670","0","-7.8","ok"
"pairA:VEGFR2:POL_AS50_06","pairA","VEGFR2","POL_AS50_06","POLYGON","50","COCC(CO)NC(=O)Nc1ccnc(N2CCCCCC2=O)c1","202608671","0","-7.7","ok"
"pairA:EGFR:POL_AS50_07","pairA","EGFR","POL_AS50_07","POLYGON","50","Cc1csc(Nc2cccc(NS(=O)(=O)Cc3ccco3)c2)n1","202608672","0","-7.2","ok"
"pairA:VEGFR2:POL_AS50_07","pairA","VEGFR2","POL_AS50_07","POLYGON","50","Cc1csc(Nc2cccc(NS(=O)(=O)Cc3ccco3)c2)n1","202608673","0","-8.2","ok"
"pairA:EGFR:POL_AS50_08","pairA","EGFR","POL_AS50_08","POLYGON","50","Cc1ccsc1C(=O)Nc1nccc2cc(F)cnc12","202608674","0","-7.6","ok"
"pairA:VEGFR2:POL_AS50_08","pairA","VEGFR2","POL_AS50_08","POLYGON","50","Cc1ccsc1C(=O)Nc1nccc2cc(F)cnc12","202608675","0","-8.6","ok"
"pairA:EGFR:POL_AS50_09","pairA","EGFR","POL_AS50_09","POLYGON","50","CS(=O)(=O)Nc1ccc(-c2ccco2)cc1Nc1ccccn1","202608676","0","-7.6","ok"
"pairA:VEGFR2:POL_AS50_09","pairA","VEGFR2","POL_AS50_09","POLYGON","50","CS(=O)(=O)Nc1ccc(-c2ccco2)cc1Nc1ccccn1","202608677","0","-8.4","ok"
"pairA:EGFR:POL_AS50_10","pairA","EGFR","POL_AS50_10","POLYGON","50","CCN(Cc1ccco1)C(=O)Nc1cccnc1-n1nc(C)cc1C","202608678","0","-7.7","ok"
"pairA:VEGFR2:POL_AS50_10","pairA","VEGFR2","POL_AS50_10","POLYGON","50","CCN(Cc1ccco1)C(=O)Nc1cccnc1-n1nc(C)cc1C","202608679","0","-7.7","ok"
"pairA:EGFR:POL_AS51_01","pairA","EGFR","POL_AS51_01","POLYGON","51","O=C(NCc1csc(-c2ncon2)c1)NCc1ccco1","202608414","0","-6.9","ok"
"pairA:VEGFR2:POL_AS51_01","pairA","VEGFR2","POL_AS51_01","POLYGON","51","O=C(NCc1csc(-c2ncon2)c1)NCc1ccco1","202608415","0","-8.4","ok"
"pairA:EGFR:POL_AS51_02","pairA","EGFR","POL_AS51_02","POLYGON","51","O=C(Nc1ccccn1)c1cnc2c(c1)c(-c1ccco1)nn2C(F)F","202608416","0","-9.1","ok"
"pairA:VEGFR2:POL_AS51_02","pairA","VEGFR2","POL_AS51_02","POLYGON","51","O=C(Nc1ccccn1)c1cnc2c(c1)c(-c1ccco1)nn2C(F)F","202608417","0","-9.6","ok"
"pairA:EGFR:POL_AS51_03","pairA","EGFR","POL_AS51_03","POLYGON","51","CC(C)(C)OC(=O)Nc1cc(C(=O)NC2CC2)ccn1","202608418","0","-6.9","ok"
"pairA:VEGFR2:POL_AS51_03","pairA","VEGFR2","POL_AS51_03","POLYGON","51","CC(C)(C)OC(=O)Nc1cc(C(=O)NC2CC2)ccn1","202608419","0","-8.3","ok"
"pairA:EGFR:POL_AS51_04","pairA","EGFR","POL_AS51_04","POLYGON","51","Cc1cc(-c2csc(NC(=O)c3sccc3C)n2)ccn1","202608686","0","-7.3","ok"
"pairA:VEGFR2:POL_AS51_04","pairA","VEGFR2","POL_AS51_04","POLYGON","51","Cc1cc(-c2csc(NC(=O)c3sccc3C)n2)ccn1","202608687","0","-8.5","ok"
"pairA:EGFR:POL_AS51_05","pairA","EGFR","POL_AS51_05","POLYGON","51","Cc1csc(-n2nc(NC(=O)NC(C)c3ccccc3)cc2C)n1","202608688","0","-7.9","ok"
"pairA:VEGFR2:POL_AS51_05","pairA","VEGFR2","POL_AS51_05","POLYGON","51","Cc1csc(-n2nc(NC(=O)NC(C)c3ccccc3)cc2C)n1","202608689","0","-9.5","ok"
"pairA:EGFR:POL_AS51_06","pairA","EGFR","POL_AS51_06","POLYGON","51","O=C(Nc1ccco1)Nc1ncnc2[nH]cnc12","202608690","0","-7.2","ok"
"pairA:VEGFR2:POL_AS51_06","pairA","VEGFR2","POL_AS51_06","POLYGON","51","O=C(Nc1ccco1)Nc1ncnc2[nH]cnc12","202608691","0","-8.2","ok"
"pairA:EGFR:POL_AS51_07","pairA","EGFR","POL_AS51_07","POLYGON","51","O=C(Nc1cccc(N2CCCCc3ncnn3C2)c1)c1ccon1","202608692","0","-8.7","ok"
"pairA:VEGFR2:POL_AS51_07","pairA","VEGFR2","POL_AS51_07","POLYGON","51","O=C(Nc1cccc(N2CCCCc3ncnn3C2)c1)c1ccon1","202608693","0","-8.7","ok"
"pairA:EGFR:POL_AS51_08","pairA","EGFR","POL_AS51_08","POLYGON","51","Cc1nccc(CNC(=O)Nc2cccc(C(C)n3cccn3)c2)n1","202608694","0","-7.8","ok"
"pairA:VEGFR2:POL_AS51_08","pairA","VEGFR2","POL_AS51_08","POLYGON","51","Cc1nccc(CNC(=O)Nc2cccc(C(C)n3cccn3)c2)n1","202608695","0","-9.4","ok"
"pairA:EGFR:POL_AS51_09","pairA","EGFR","POL_AS51_09","POLYGON","51","CNC(=O)CC1CCN(C(=O)Nc2cc(-c3ccco3)nn2C)CC1","202608696","0","-7.7","ok"
"pairA:VEGFR2:POL_AS51_09","pairA","VEGFR2","POL_AS51_09","POLYGON","51","CNC(=O)CC1CCN(C(=O)Nc2cc(-c3ccco3)nn2C)CC1","202608697","0","-9.2","ok"
"pairA:EGFR:POL_AS51_10","pairA","EGFR","POL_AS51_10","POLYGON","51","O=C(Nc1cccc(C(F)(F)F)c1)c1csc(-c2ccco2)n1","202608698","0","-7.5","ok"
"pairA:VEGFR2:POL_AS51_10","pairA","VEGFR2","POL_AS51_10","POLYGON","51","O=C(Nc1cccc(C(F)(F)F)c1)c1csc(-c2ccco2)n1","202608699","0","-9.7","ok"
"pairA:EGFR:RNV_AS42_01","pairA","EGFR","RNV_AS42_01","REINVENT4","42","COCC(=O)NC(C)CCc1cc(Cl)ccn1","202608420","0","-5.7","ok"
"pairA:VEGFR2:RNV_AS42_01","pairA","VEGFR2","RNV_AS42_01","REINVENT4","42","COCC(=O)NC(C)CCc1cc(Cl)ccn1","202608421","0","-7.2","ok"
"pairA:EGFR:RNV_AS42_02","pairA","EGFR","RNV_AS42_02","REINVENT4","42","Cc1ccnc(CC(C)NS(C)(=O)=O)c1","202608422","0","-6.2","ok"
"pairA:VEGFR2:RNV_AS42_02","pairA","VEGFR2","RNV_AS42_02","REINVENT4","42","Cc1ccnc(CC(C)NS(C)(=O)=O)c1","202608423","0","-7.1","ok"
"pairA:EGFR:RNV_AS42_03","pairA","EGFR","RNV_AS42_03","REINVENT4","42","CS(=O)CC(Nc1cc(F)ccn1)c1ccccc1","202608424","0","-7.1","ok"
"pairA:VEGFR2:RNV_AS42_03","pairA","VEGFR2","RNV_AS42_03","REINVENT4","42","CS(=O)CC(Nc1cc(F)ccn1)c1ccccc1","202608425","0","-7.6","ok"
"pairA:EGFR:RNV_AS42_04","pairA","EGFR","RNV_AS42_04","REINVENT4","42","CCCCS(=O)(=O)N1CCCN(CCOc2ccc(OC)cc2)CC1","202608706","0","-6.6","ok"
"pairA:VEGFR2:RNV_AS42_04","pairA","VEGFR2","RNV_AS42_04","REINVENT4","42","CCCCS(=O)(=O)N1CCCN(CCOc2ccc(OC)cc2)CC1","202608707","0","-7.3","ok"
"pairA:EGFR:RNV_AS42_05","pairA","EGFR","RNV_AS42_05","REINVENT4","42","CCCc1cc(CCNC(=O)Cc2ccon2)ncn1","202608708","0","-6.8","ok"
"pairA:VEGFR2:RNV_AS42_05","pairA","VEGFR2","RNV_AS42_05","REINVENT4","42","CCCc1cc(CCNC(=O)Cc2ccon2)ncn1","202608709","0","-8","ok"
"pairA:EGFR:RNV_AS42_06","pairA","EGFR","RNV_AS42_06","REINVENT4","42","CCc1cccc(NCc2nncc(N3CCCC(N(CC)CCO)CC3)n2)c1","202608710","0","-7.5","ok"
"pairA:VEGFR2:RNV_AS42_06","pairA","VEGFR2","RNV_AS42_06","REINVENT4","42","CCc1cccc(NCc2nncc(N3CCCC(N(CC)CCO)CC3)n2)c1","202608711","0","-9","ok"
"pairA:EGFR:RNV_AS42_07","pairA","EGFR","RNV_AS42_07","REINVENT4","42","CNC(=O)CCN1CCN(CCOC)CCOC1","202608712","0","-5.8","ok"
"pairA:VEGFR2:RNV_AS42_07","pairA","VEGFR2","RNV_AS42_07","REINVENT4","42","CNC(=O)CCN1CCN(CCOC)CCOC1","202608713","0","-6.5","ok"
"pairA:EGFR:RNV_AS42_08","pairA","EGFR","RNV_AS42_08","REINVENT4","42","COCCN1CCC(C(=O)CC2OCCO2)CC1","202608714","0","-5.5","ok"
"pairA:VEGFR2:RNV_AS42_08","pairA","VEGFR2","RNV_AS42_08","REINVENT4","42","COCCN1CCC(C(=O)CC2OCCO2)CC1","202608715","0","-6.6","ok"
"pairA:EGFR:RNV_AS42_09","pairA","EGFR","RNV_AS42_09","REINVENT4","42","CCC(C)CC(=O)C1CCN(CCOC)CC1","202608716","0","-5.3","ok"
"pairA:VEGFR2:RNV_AS42_09","pairA","VEGFR2","RNV_AS42_09","REINVENT4","42","CCC(C)CC(=O)C1CCN(CCOC)CC1","202608717","0","-6.5","ok"
"pairA:EGFR:RNV_AS42_10","pairA","EGFR","RNV_AS42_10","REINVENT4","42","COCc1ccc(NC(=O)CCC(=O)n2cccn2)cc1","202608718","0","-6.7","ok"
"pairA:VEGFR2:RNV_AS42_10","pairA","VEGFR2","RNV_AS42_10","REINVENT4","42","COCc1ccc(NC(=O)CCC(=O)n2cccn2)cc1","202608719","0","-8.5","ok"
"pairA:EGFR:RNV_AS43_01","pairA","EGFR","RNV_AS43_01","REINVENT4","43","Cc1cc(C)nc(NC(=O)Nc2ccnn2C)n1","202608426","0","-6.3","ok"
"pairA:VEGFR2:RNV_AS43_01","pairA","VEGFR2","RNV_AS43_01","REINVENT4","43","Cc1cc(C)nc(NC(=O)Nc2ccnn2C)n1","202608427","0","-7.9","ok"
"pairA:EGFR:RNV_AS43_02","pairA","EGFR","RNV_AS43_02","REINVENT4","43","CCc1cc(C(=O)Nc2nncc3ccccc23)[nH]n1","202608428","0","-7.9","ok"
"pairA:VEGFR2:RNV_AS43_02","pairA","VEGFR2","RNV_AS43_02","REINVENT4","43","CCc1cc(C(=O)Nc2nncc3ccccc23)[nH]n1","202608429","0","-8.7","ok"
"pairA:EGFR:RNV_AS43_03","pairA","EGFR","RNV_AS43_03","REINVENT4","43","CCc1ccnc(NCCN2CCOC2=O)c1","202608430","0","-6.2","ok"
"pairA:VEGFR2:RNV_AS43_03","pairA","VEGFR2","RNV_AS43_03","REINVENT4","43","CCc1ccnc(NCCN2CCOC2=O)c1","202608431","0","-7.5","ok"
"pairA:EGFR:RNV_AS43_04","pairA","EGFR","RNV_AS43_04","REINVENT4","43","O=C1NCCN1Cc1cc(N2CCCC2=O)ccn1","202608726","0","-7","ok"
"pairA:VEGFR2:RNV_AS43_04","pairA","VEGFR2","RNV_AS43_04","REINVENT4","43","O=C1NCCN1Cc1cc(N2CCCC2=O)ccn1","202608727","0","-8.3","ok"
"pairA:EGFR:RNV_AS43_05","pairA","EGFR","RNV_AS43_05","REINVENT4","43","CCc1nc(C(=O)NCc2cc(C(C)CC)no2)cs1","202608728","0","-7.1","ok"
"pairA:VEGFR2:RNV_AS43_05","pairA","VEGFR2","RNV_AS43_05","REINVENT4","43","CCc1nc(C(=O)NCc2cc(C(C)CC)no2)cs1","202608729","0","-7.9","ok"
"pairA:EGFR:RNV_AS43_06","pairA","EGFR","RNV_AS43_06","REINVENT4","43","c1cnn(-c2ccc(Nc3nccs3)nn2)c1","202608730","0","-6.6","ok"
"pairA:VEGFR2:RNV_AS43_06","pairA","VEGFR2","RNV_AS43_06","REINVENT4","43","c1cnn(-c2ccc(Nc3nccs3)nn2)c1","202608731","0","-7.8","ok"
"pairA:EGFR:RNV_AS43_07","pairA","EGFR","RNV_AS43_07","REINVENT4","43","O=C1NCCCN1Cc1ccnc(-c2cccs2)c1","202608732","0","-7.1","ok"
"pairA:VEGFR2:RNV_AS43_07","pairA","VEGFR2","RNV_AS43_07","REINVENT4","43","O=C1NCCCN1Cc1ccnc(-c2cccs2)c1","202608733","0","-8.4","ok"
"pairA:EGFR:RNV_AS43_08","pairA","EGFR","RNV_AS43_08","REINVENT4","43","CC(C)c1cc(NC(=O)N(C)CCN2CCNC2=O)no1","202608734","0","-6.3","ok"
"pairA:VEGFR2:RNV_AS43_08","pairA","VEGFR2","RNV_AS43_08","REINVENT4","43","CC(C)c1cc(NC(=O)N(C)CCN2CCNC2=O)no1","202608735","0","-7.7","ok"
"pairA:EGFR:RNV_AS43_09","pairA","EGFR","RNV_AS43_09","REINVENT4","43","CC(Nc1cnc(CN2CCOC2)nn1)c1cccc2cnccc12","202608736","0","-7.9","ok"
"pairA:VEGFR2:RNV_AS43_09","pairA","VEGFR2","RNV_AS43_09","REINVENT4","43","CC(Nc1cnc(CN2CCOC2)nn1)c1cccc2cnccc12","202608737","0","-9.6","ok"
"pairA:EGFR:RNV_AS43_10","pairA","EGFR","RNV_AS43_10","REINVENT4","43","Cn1cc(NCc2ncc(Nc3cccc(C(F)(F)F)n3)nn2)cn1","202608738","0","-7.1","ok"
"pairA:VEGFR2:RNV_AS43_10","pairA","VEGFR2","RNV_AS43_10","REINVENT4","43","Cn1cc(NCc2ncc(Nc3cccc(C(F)(F)F)n3)nn2)cn1","202608739","0","-9","ok"
"pairA:EGFR:RNV_AS44_01","pairA","EGFR","RNV_AS44_01","REINVENT4","44","COCC(CCCc1cncnn1)OC(C)C","202608432","0","-5.2","ok"
"pairA:VEGFR2:RNV_AS44_01","pairA","VEGFR2","RNV_AS44_01","REINVENT4","44","COCC(CCCc1cncnn1)OC(C)C","202608433","0","-6.6","ok"
"pairA:EGFR:RNV_AS44_02","pairA","EGFR","RNV_AS44_02","REINVENT4","44","O=C(Nc1cnn(CCO)c1)Nc1ccccc1-c1nnc2n1CCC2","202608434","0","-8.3","ok"
"pairA:VEGFR2:RNV_AS44_02","pairA","VEGFR2","RNV_AS44_02","REINVENT4","44","O=C(Nc1cnn(CCO)c1)Nc1ccccc1-c1nnc2n1CCC2","202608435","0","-9.3","ok"
"pairA:EGFR:RNV_AS44_03","pairA","EGFR","RNV_AS44_03","REINVENT4","44","CCn1nnc(Nc2ccccc2)c1S(=O)(=O)c1nccs1","202608436","0","-7.1","ok"
"pairA:VEGFR2:RNV_AS44_03","pairA","VEGFR2","RNV_AS44_03","REINVENT4","44","CCn1nnc(Nc2ccccc2)c1S(=O)(=O)c1nccs1","202608437","0","-7.2","ok"
"pairA:EGFR:RNV_AS44_04","pairA","EGFR","RNV_AS44_04","REINVENT4","44","COC(=O)c1ccnc(NC(c2ccccc2)c2ccccn2)c1","202608746","0","-7.8","ok"
"pairA:VEGFR2:RNV_AS44_04","pairA","VEGFR2","RNV_AS44_04","REINVENT4","44","COC(=O)c1ccnc(NC(c2ccccc2)c2ccccn2)c1","202608747","0","-8","ok"
"pairA:EGFR:RNV_AS44_05","pairA","EGFR","RNV_AS44_05","REINVENT4","44","O=C(NCC1CC1)c1cccnc1-c1ccco1","202608748","0","-6.5","ok"
"pairA:VEGFR2:RNV_AS44_05","pairA","VEGFR2","RNV_AS44_05","REINVENT4","44","O=C(NCC1CC1)c1cccnc1-c1ccco1","202608749","0","-7.8","ok"
"pairA:EGFR:RNV_AS44_06","pairA","EGFR","RNV_AS44_06","REINVENT4","44","O=C(Cc1cc(Br)ccn1)NCC1CC1","202608750","0","-5.8","ok"
"pairA:VEGFR2:RNV_AS44_06","pairA","VEGFR2","RNV_AS44_06","REINVENT4","44","O=C(Cc1cc(Br)ccn1)NCC1CC1","202608751","0","-7.1","ok"
"pairA:EGFR:RNV_AS44_07","pairA","EGFR","RNV_AS44_07","REINVENT4","44","O=C(CC1CCCC1c1ncccn1)Nc1cccnc1","202608752","0","-7.4","ok"
"pairA:VEGFR2:RNV_AS44_07","pairA","VEGFR2","RNV_AS44_07","REINVENT4","44","O=C(CC1CCCC1c1ncccn1)Nc1cccnc1","202608753","0","-8.5","ok"
"pairA:EGFR:RNV_AS44_08","pairA","EGFR","RNV_AS44_08","REINVENT4","44","CCC(=O)OC(CC1Nc2nccnc2C1=O)C(=O)Nc1ccccc1","202608754","0","-7.8","ok"
"pairA:VEGFR2:RNV_AS44_08","pairA","VEGFR2","RNV_AS44_08","REINVENT4","44","CCC(=O)OC(CC1Nc2nccnc2C1=O)C(=O)Nc1ccccc1","202608755","0","-8.6","ok"
"pairA:EGFR:RNV_AS44_09","pairA","EGFR","RNV_AS44_09","REINVENT4","44","COC(C)C(NC(=O)c1ncccn1)c1ccncc1","202608756","0","-6.5","ok"
"pairA:VEGFR2:RNV_AS44_09","pairA","VEGFR2","RNV_AS44_09","REINVENT4","44","COC(C)C(NC(=O)c1ncccn1)c1ccncc1","202608757","0","-6.3","ok"
"pairA:EGFR:RNV_AS44_10","pairA","EGFR","RNV_AS44_10","REINVENT4","44","O=C(CCC(Nc1ccccn1)c1ccccc1)Nc1cn[nH]c1","202608758","0","-8","ok"
"pairA:VEGFR2:RNV_AS44_10","pairA","VEGFR2","RNV_AS44_10","REINVENT4","44","O=C(CCC(Nc1ccccn1)c1ccccc1)Nc1cn[nH]c1","202608759","0","-8.4","ok"
"pairA:EGFR:RNV_AS45_01","pairA","EGFR","RNV_AS45_01","REINVENT4","45","CC(C(=O)Nc1cc(Cl)ccn1)N1CCOC1=O","202608438","0","-6.6","ok"
"pairA:VEGFR2:RNV_AS45_01","pairA","VEGFR2","RNV_AS45_01","REINVENT4","45","CC(C(=O)Nc1cc(Cl)ccn1)N1CCOC1=O","202608439","0","-8.2","ok"
"pairA:EGFR:RNV_AS45_02","pairA","EGFR","RNV_AS45_02","REINVENT4","45","COc1ccnc(NC(=O)c2sccc2C)c1","202608440","0","-6.2","ok"
"pairA:VEGFR2:RNV_AS45_02","pairA","VEGFR2","RNV_AS45_02","REINVENT4","45","COc1ccnc(NC(=O)c2sccc2C)c1","202608441","0","-8","ok"
"pairA:EGFR:RNV_AS45_03","pairA","EGFR","RNV_AS45_03","REINVENT4","45","CCCOc1nc(Nc2ncccn2)n(C2CC2CC(C)C)n1","202608442","0","-7.1","ok"
"pairA:VEGFR2:RNV_AS45_03","pairA","VEGFR2","RNV_AS45_03","REINVENT4","45","CCCOc1nc(Nc2ncccn2)n(C2CC2CC(C)C)n1","202608443","0","-7.5","ok"
"pairA:EGFR:RNV_AS45_04","pairA","EGFR","RNV_AS45_04","REINVENT4","45","c1cnnc(Nc2ncc(C3CC3C3CCCCC3)nn2)c1","202608766","0","-7.5","ok"
"pairA:VEGFR2:RNV_AS45_04","pairA","VEGFR2","RNV_AS45_04","REINVENT4","45","c1cnnc(Nc2ncc(C3CC3C3CCCCC3)nn2)c1","202608767","0","-8.1","ok"
"pairA:EGFR:RNV_AS45_05","pairA","EGFR","RNV_AS45_05","REINVENT4","45","Cc1csc(OC(C)C(=O)N2CCn3cccc3C2C)n1","202608768","0","-6.5","ok"
"pairA:VEGFR2:RNV_AS45_05","pairA","VEGFR2","RNV_AS45_05","REINVENT4","45","Cc1csc(OC(C)C(=O)N2CCn3cccc3C2C)n1","202608769","0","-6.8","ok"
"pairA:EGFR:RNV_AS45_06","pairA","EGFR","RNV_AS45_06","REINVENT4","45","Cc1cccc(NC(=O)c2cccnn2)c1","202608770","0","-7.2","ok"
"pairA:VEGFR2:RNV_AS45_06","pairA","VEGFR2","RNV_AS45_06","REINVENT4","45","Cc1cccc(NC(=O)c2cccnn2)c1","202608771","0","-8.3","ok"
"pairA:EGFR:RNV_AS45_07","pairA","EGFR","RNV_AS45_07","REINVENT4","45","COCCN1CCCCCCCCCOCC1","202608772","0","-5.6","ok"
"pairA:VEGFR2:RNV_AS45_07","pairA","VEGFR2","RNV_AS45_07","REINVENT4","45","COCCN1CCCCCCCCCOCC1","202608773","0","-5.8","ok"
"pairA:EGFR:RNV_AS45_08","pairA","EGFR","RNV_AS45_08","REINVENT4","45","CC(CO)NC(=O)c1ccnc(Cc2ccccc2)c1","202608774","0","-7.2","ok"
"pairA:VEGFR2:RNV_AS45_08","pairA","VEGFR2","RNV_AS45_08","REINVENT4","45","CC(CO)NC(=O)c1ccnc(Cc2ccccc2)c1","202608775","0","-8.6","ok"
"pairA:EGFR:RNV_AS45_09","pairA","EGFR","RNV_AS45_09","REINVENT4","45","COCC1CCn2cc(NC(=O)c3scnc3C)nc21","202608776","0","-6.4","ok"
"pairA:VEGFR2:RNV_AS45_09","pairA","VEGFR2","RNV_AS45_09","REINVENT4","45","COCC1CCn2cc(NC(=O)c3scnc3C)nc21","202608777","0","-7.7","ok"
"pairA:EGFR:RNV_AS45_10","pairA","EGFR","RNV_AS45_10","REINVENT4","45","Cc1nccnc1-c1cc(NC(=O)C(C)C)ccn1","202608778","0","-7.1","ok"
"pairA:VEGFR2:RNV_AS45_10","pairA","VEGFR2","RNV_AS45_10","REINVENT4","45","Cc1nccnc1-c1cc(NC(=O)C(C)C)ccn1","202608779","0","-8.6","ok"
"pairA:EGFR:RNV_AS46_01","pairA","EGFR","RNV_AS46_01","REINVENT4","46","CNC(=O)c1cccc(C(NCc2ccccn2)C(C)C)c1","202608444","0","-7.4","ok"
"pairA:VEGFR2:RNV_AS46_01","pairA","VEGFR2","RNV_AS46_01","REINVENT4","46","CNC(=O)c1cccc(C(NCc2ccccn2)C(C)C)c1","202608445","0","-9.2","ok"
"pairA:EGFR:RNV_AS46_02","pairA","EGFR","RNV_AS46_02","REINVENT4","46","CNC(=O)c1ccccc1Nc1ccc(COC)cn1","202608446","0","-6.5","ok"
"pairA:VEGFR2:RNV_AS46_02","pairA","VEGFR2","RNV_AS46_02","REINVENT4","46","CNC(=O)c1ccccc1Nc1ccc(COC)cn1","202608447","0","-8.7","ok"
"pairA:EGFR:RNV_AS46_03","pairA","EGFR","RNV_AS46_03","REINVENT4","46","O=C(c1cscc1NCC1CCCC1)N1CCc2sccc2C1","202608448","0","-6.9","ok"
"pairA:VEGFR2:RNV_AS46_03","pairA","VEGFR2","RNV_AS46_03","REINVENT4","46","O=C(c1cscc1NCC1CCCC1)N1CCc2sccc2C1","202608449","0","-9.2","ok"
"pairA:EGFR:RNV_AS46_04","pairA","EGFR","RNV_AS46_04","REINVENT4","46","CC(Nc1ccccn1)c1cccc(NC(=O)NCc2cccnc2)c1","202608786","0","-8.3","ok"
"pairA:VEGFR2:RNV_AS46_04","pairA","VEGFR2","RNV_AS46_04","REINVENT4","46","CC(Nc1ccccn1)c1cccc(NC(=O)NCc2cccnc2)c1","202608787","0","-10.8","ok"
"pairA:EGFR:RNV_AS46_05","pairA","EGFR","RNV_AS46_05","REINVENT4","46","COc1ccc(F)cc1Nc1c(F)cc(C(N)=O)cc1C(=O)N=c1nccccn1","202608788","0","-8.8","ok"
"pairA:VEGFR2:RNV_AS46_05","pairA","VEGFR2","RNV_AS46_05","REINVENT4","46","COc1ccc(F)cc1Nc1c(F)cc(C(N)=O)cc1C(=O)N=c1nccccn1","202608789","0","-9.6","ok"
"pairA:EGFR:RNV_AS46_06","pairA","EGFR","RNV_AS46_06","REINVENT4","46","CNC(=O)c1cnc(C(=O)NCc2cccc(C(C)N(C)C)c2)s1","202608790","0","-7.1","ok"
"pairA:VEGFR2:RNV_AS46_06","pairA","VEGFR2","RNV_AS46_06","REINVENT4","46","CNC(=O)c1cnc(C(=O)NCc2cccc(C(C)N(C)C)c2)s1","202608791","0","-9.3","ok"
"pairA:EGFR:RNV_AS46_07","pairA","EGFR","RNV_AS46_07","REINVENT4","46","Cc1ncccc1C(=O)NCC(c1cccnc1)N1CCc2ccccc2C1","202608792","0","-8.8","ok"
"pairA:VEGFR2:RNV_AS46_07","pairA","VEGFR2","RNV_AS46_07","REINVENT4","46","Cc1ncccc1C(=O)NCC(c1cccnc1)N1CCc2ccccc2C1","202608793","0","-9.4","ok"
"pairA:EGFR:RNV_AS46_08","pairA","EGFR","RNV_AS46_08","REINVENT4","46","Brc1ccccc1Nc1ccnnc1-c1cccnn1","202608794","0","-7.9","ok"
"pairA:VEGFR2:RNV_AS46_08","pairA","VEGFR2","RNV_AS46_08","REINVENT4","46","Brc1ccccc1Nc1ccnnc1-c1cccnn1","202608795","0","-7.2","ok"
"pairA:EGFR:RNV_AS46_09","pairA","EGFR","RNV_AS46_09","REINVENT4","46","O=C(Nc1ncccc1Cl)c1cncc2ccccc12","202608796","0","-8.6","ok"
"pairA:VEGFR2:RNV_AS46_09","pairA","VEGFR2","RNV_AS46_09","REINVENT4","46","O=C(Nc1ncccc1Cl)c1cncc2ccccc12","202608797","0","-8.9","ok"
"pairA:EGFR:RNV_AS46_10","pairA","EGFR","RNV_AS46_10","REINVENT4","46","O=C(NCc1ccccn1)Nc1cccc(CN2CCCCC2)c1","202608798","0","-7.7","ok"
"pairA:VEGFR2:RNV_AS46_10","pairA","VEGFR2","RNV_AS46_10","REINVENT4","46","O=C(NCc1ccccn1)Nc1cccc(CN2CCCCC2)c1","202608799","0","-9.8","ok"
"pairA:EGFR:RNV_AS47_01","pairA","EGFR","RNV_AS47_01","REINVENT4","47","CC(CNCc1ncnn1C)Cc1cc(Cl)ccn1","202608450","0","-6.2","ok"
"pairA:VEGFR2:RNV_AS47_01","pairA","VEGFR2","RNV_AS47_01","REINVENT4","47","CC(CNCc1ncnn1C)Cc1cc(Cl)ccn1","202608451","0","-7.4","ok"
"pairA:EGFR:RNV_AS47_02","pairA","EGFR","RNV_AS47_02","REINVENT4","47","CCC(NCc1cc(S(C)(=O)=O)ccn1)c1ccnn1C","202608452","0","-6.5","ok"
"pairA:VEGFR2:RNV_AS47_02","pairA","VEGFR2","RNV_AS47_02","REINVENT4","47","CCC(NCc1cc(S(C)(=O)=O)ccn1)c1ccnn1C","202608453","0","-7.7","ok"
"pairA:EGFR:RNV_AS47_03","pairA","EGFR","RNV_AS47_03","REINVENT4","47","O=C(NCCC(c1ccc(F)cc1)c1ccco1)NCc1ccccn1","202608454","0","-7.6","ok"
"pairA:VEGFR2:RNV_AS47_03","pairA","VEGFR2","RNV_AS47_03","REINVENT4","47","O=C(NCCC(c1ccc(F)cc1)c1ccco1)NCc1ccccn1","202608455","0","-9.5","ok"
"pairA:EGFR:RNV_AS47_04","pairA","EGFR","RNV_AS47_04","REINVENT4","47","CCC(C)CCCc1ccnc(NC)c1","202608806","0","-6","ok"
"pairA:VEGFR2:RNV_AS47_04","pairA","VEGFR2","RNV_AS47_04","REINVENT4","47","CCC(C)CCCc1ccnc(NC)c1","202608807","0","-7.6","ok"
"pairA:EGFR:RNV_AS47_05","pairA","EGFR","RNV_AS47_05","REINVENT4","47","CCC(C)c1nc(C2CCCN(C(=O)CC(C)C)C2)cc(=O)n1C","202608808","0","-7.1","ok"
"pairA:VEGFR2:RNV_AS47_05","pairA","VEGFR2","RNV_AS47_05","REINVENT4","47","CCC(C)c1nc(C2CCCN(C(=O)CC(C)C)C2)cc(=O)n1C","202608809","0","-8.2","ok"
"pairA:EGFR:RNV_AS47_06","pairA","EGFR","RNV_AS47_06","REINVENT4","47","CCNc1ncnnc1CNC(C)C(=O)NC","202608810","0","-5.7","ok"
"pairA:VEGFR2:RNV_AS47_06","pairA","VEGFR2","RNV_AS47_06","REINVENT4","47","CCNc1ncnnc1CNC(C)C(=O)NC","202608811","0","-6.8","ok"
"pairA:EGFR:RNV_AS47_07","pairA","EGFR","RNV_AS47_07","REINVENT4","47","Cc1ccc(CNC(=O)Nc2ccc3c(C)ccnc3c2)o1","202608812","0","-7.8","ok"
"pairA:VEGFR2:RNV_AS47_07","pairA","VEGFR2","RNV_AS47_07","REINVENT4","47","Cc1ccc(CNC(=O)Nc2ccc3c(C)ccnc3c2)o1","202608813","0","-10","ok"
"pairA:EGFR:RNV_AS47_08","pairA","EGFR","RNV_AS47_08","REINVENT4","47","COCCN1CCCN(CCNC(=O)C(C)(C)C)CC1","202608814","0","-5.6","ok"
"pairA:VEGFR2:RNV_AS47_08","pairA","VEGFR2","RNV_AS47_08","REINVENT4","47","COCCN1CCCN(CCNC(=O)C(C)(C)C)CC1","202608815","0","-6.9","ok"
"pairA:EGFR:RNV_AS47_09","pairA","EGFR","RNV_AS47_09","REINVENT4","47","CCn1nnnc1CNCn1ncnc1NC","202608816","0","-5.9","ok"
"pairA:VEGFR2:RNV_AS47_09","pairA","VEGFR2","RNV_AS47_09","REINVENT4","47","CCn1nnnc1CNCn1ncnc1NC","202608817","0","-6.6","ok"
"pairA:EGFR:RNV_AS47_10","pairA","EGFR","RNV_AS47_10","REINVENT4","47","Cc1ccc(Nc2cccnn2)cc1Br","202608818","0","-7","ok"
"pairA:VEGFR2:RNV_AS47_10","pairA","VEGFR2","RNV_AS47_10","REINVENT4","47","Cc1ccc(Nc2cccnn2)cc1Br","202608819","0","-8","ok"
"pairA:EGFR:RNV_AS48_01","pairA","EGFR","RNV_AS48_01","REINVENT4","48","CCCS(=O)(=O)Nc1ccnc(NC)c1","202608456","0","-5.7","ok"
"pairA:VEGFR2:RNV_AS48_01","pairA","VEGFR2","RNV_AS48_01","REINVENT4","48","CCCS(=O)(=O)Nc1ccnc(NC)c1","202608457","0","-6.3","ok"
"pairA:EGFR:RNV_AS48_02","pairA","EGFR","RNV_AS48_02","REINVENT4","48","CC(C)c1ccc(C(=O)NCCc2nncn2CCO)s1","202608458","0","-7.1","ok"
"pairA:VEGFR2:RNV_AS48_02","pairA","VEGFR2","RNV_AS48_02","REINVENT4","48","CC(C)c1ccc(C(=O)NCCc2nncn2CCO)s1","202608459","0","-8.2","ok"
"pairA:EGFR:RNV_AS48_03","pairA","EGFR","RNV_AS48_03","REINVENT4","48","CNc1cc(NC(C)c2cnnn2C)ccn1","202608460","0","-6.8","ok"
"pairA:VEGFR2:RNV_AS48_03","pairA","VEGFR2","RNV_AS48_03","REINVENT4","48","CNc1cc(NC(C)c2cnnn2C)ccn1","202608461","0","-7","ok"
"pairA:EGFR:RNV_AS48_04","pairA","EGFR","RNV_AS48_04","REINVENT4","48","CCNc1ccc(C(=O)NCCc2cc(C)ccn2)c(C)c1","202608826","0","-7.1","ok"
"pairA:VEGFR2:RNV_AS48_04","pairA","VEGFR2","RNV_AS48_04","REINVENT4","48","CCNc1ccc(C(=O)NCCc2cc(C)ccn2)c(C)c1","202608827","0","-9.3","ok"
"pairA:EGFR:RNV_AS48_05","pairA","EGFR","RNV_AS48_05","REINVENT4","48","CC(C)c1cccc(NC(=O)CCn2cnc3ccccc32)c1","202608828","0","-8.2","ok"
"pairA:VEGFR2:RNV_AS48_05","pairA","VEGFR2","RNV_AS48_05","REINVENT4","48","CC(C)c1cccc(NC(=O)CCn2cnc3ccccc32)c1","202608829","0","-9.8","ok"
"pairA:EGFR:RNV_AS48_06","pairA","EGFR","RNV_AS48_06","REINVENT4","48","CCNCc1nc(C)nn1-c1ccc(NCC)nc1","202608830","0","-6.4","ok"
"pairA:VEGFR2:RNV_AS48_06","pairA","VEGFR2","RNV_AS48_06","REINVENT4","48","CCNCc1nc(C)nn1-c1ccc(NCC)nc1","202608831","0","-7","ok"
"pairA:EGFR:RNV_AS48_07","pairA","EGFR","RNV_AS48_07","REINVENT4","48","CC(C)c1noc(CN=c2n(C)nnn2-c2cc(Cl)ccn2)n1","202608832","0","-7.4","ok"
"pairA:VEGFR2:RNV_AS48_07","pairA","VEGFR2","RNV_AS48_07","REINVENT4","48","CC(C)c1noc(CN=c2n(C)nnn2-c2cc(Cl)ccn2)n1","202608833","0","-8.5","ok"
"pairA:EGFR:RNV_AS48_08","pairA","EGFR","RNV_AS48_08","REINVENT4","48","CC(C)c1cccc(NC(C)c2ccon2)c1","202608834","0","-7.2","ok"
"pairA:VEGFR2:RNV_AS48_08","pairA","VEGFR2","RNV_AS48_08","REINVENT4","48","CC(C)c1cccc(NC(C)c2ccon2)c1","202608835","0","-8.1","ok"
"pairA:EGFR:RNV_AS48_09","pairA","EGFR","RNV_AS48_09","REINVENT4","48","CCC(C)Nc1cc(Nc2cnn(C)c2)ncn1","202608836","0","-6.2","ok"
"pairA:VEGFR2:RNV_AS48_09","pairA","VEGFR2","RNV_AS48_09","REINVENT4","48","CCC(C)Nc1cc(Nc2cnn(C)c2)ncn1","202608837","0","-7.4","ok"
"pairA:EGFR:RNV_AS48_10","pairA","EGFR","RNV_AS48_10","REINVENT4","48","COC(=O)CCCc1occc1C(C)OCCn1nc(C)cc1C","202608838","0","-6.9","ok"
"pairA:VEGFR2:RNV_AS48_10","pairA","VEGFR2","RNV_AS48_10","REINVENT4","48","COC(=O)CCCc1occc1C(C)OCCn1nc(C)cc1C","202608839","0","-7.9","ok"
"pairA:EGFR:RNV_AS49_01","pairA","EGFR","RNV_AS49_01","REINVENT4","49","Cc1ccc(NC(=O)NCc2ccon2)c(C(C)C)c1","202608462","0","-7.4","ok"
"pairA:VEGFR2:RNV_AS49_01","pairA","VEGFR2","RNV_AS49_01","REINVENT4","49","Cc1ccc(NC(=O)NCc2ccon2)c(C(C)C)c1","202608463","0","-7.9","ok"
"pairA:EGFR:RNV_AS49_02","pairA","EGFR","RNV_AS49_02","REINVENT4","49","CCCC(=O)Nc1nccc2c1CCN(CCn1nc(CCC)nc1C)C2","202608464","0","-7.6","ok"
"pairA:VEGFR2:RNV_AS49_02","pairA","VEGFR2","RNV_AS49_02","REINVENT4","49","CCCC(=O)Nc1nccc2c1CCN(CCn1nc(CCC)nc1C)C2","202608465","0","-9.5","ok"
"pairA:EGFR:RNV_AS49_03","pairA","EGFR","RNV_AS49_03","REINVENT4","49","CCc1nnc(Nc2nccnc2NCc2ccccn2)s1","202608466","0","-7.1","ok"
"pairA:VEGFR2:RNV_AS49_03","pairA","VEGFR2","RNV_AS49_03","REINVENT4","49","CCc1nnc(Nc2nccnc2NCc2ccccn2)s1","202608467","0","-8.3","ok"
"pairA:EGFR:RNV_AS49_04","pairA","EGFR","RNV_AS49_04","REINVENT4","49","O=C(Cc1cccs1)c1ccccc1Nc1ccccn1","202608846","0","-7.5","ok"
"pairA:VEGFR2:RNV_AS49_04","pairA","VEGFR2","RNV_AS49_04","REINVENT4","49","O=C(Cc1cccs1)c1ccccc1Nc1ccccn1","202608847","0","-8.9","ok"
"pairA:EGFR:RNV_AS49_05","pairA","EGFR","RNV_AS49_05","REINVENT4","49","O=C(CCN1CCCC1=O)Nc1cc(F)ccc1OCCc1ccco1","202608848","0","-7.4","ok"
"pairA:VEGFR2:RNV_AS49_05","pairA","VEGFR2","RNV_AS49_05","REINVENT4","49","O=C(CCN1CCCC1=O)Nc1cc(F)ccc1OCCc1ccco1","202608849","0","-8.8","ok"
"pairA:EGFR:RNV_AS49_06","pairA","EGFR","RNV_AS49_06","REINVENT4","49","CCc1cnn(Cc2cccc(NC(=O)NCC3CC3)c2)c1","202608850","0","-7.3","ok"
"pairA:VEGFR2:RNV_AS49_06","pairA","VEGFR2","RNV_AS49_06","REINVENT4","49","CCc1cnn(Cc2cccc(NC(=O)NCC3CC3)c2)c1","202608851","0","-9.1","ok"
"pairA:EGFR:RNV_AS49_07","pairA","EGFR","RNV_AS49_07","REINVENT4","49","c1csc(NCCN2CCc3ccnn3CC2)n1","202608852","0","-6.2","ok"
"pairA:VEGFR2:RNV_AS49_07","pairA","VEGFR2","RNV_AS49_07","REINVENT4","49","c1csc(NCCN2CCc3ccnn3CC2)n1","202608853","0","-7.1","ok"
"pairA:EGFR:RNV_AS49_08","pairA","EGFR","RNV_AS49_08","REINVENT4","49","c1ccc(OCCN2CCCCCOc3ccccc3CC2)cc1","202608854","0","-7.2","ok"
"pairA:VEGFR2:RNV_AS49_08","pairA","VEGFR2","RNV_AS49_08","REINVENT4","49","c1ccc(OCCN2CCCCCOc3ccccc3CC2)cc1","202608855","0","-8.5","ok"
"pairA:EGFR:RNV_AS49_09","pairA","EGFR","RNV_AS49_09","REINVENT4","49","Cc1cc(C)n(CC(=O)Nc2ccc(S(=O)(=O)N3CCCC3)cc2)n1","202608856","0","-7.7","ok"
"pairA:VEGFR2:RNV_AS49_09","pairA","VEGFR2","RNV_AS49_09","REINVENT4","49","Cc1cc(C)n(CC(=O)Nc2ccc(S(=O)(=O)N3CCCC3)cc2)n1","202608857","0","-9","ok"
"pairA:EGFR:RNV_AS49_10","pairA","EGFR","RNV_AS49_10","REINVENT4","49","c1ccc(OCCN2CCCCCCC2)cc1","202608858","0","-6.5","ok"
"pairA:VEGFR2:RNV_AS49_10","pairA","VEGFR2","RNV_AS49_10","REINVENT4","49","c1ccc(OCCN2CCCCCCC2)cc1","202608859","0","-8.2","ok"
"pairA:EGFR:RNV_AS50_01","pairA","EGFR","RNV_AS50_01","REINVENT4","50","c1cc(NCc2ccc3c(c2)CCC3)c2ccncc2c1","202608468","0","-8.4","ok"
"pairA:VEGFR2:RNV_AS50_01","pairA","VEGFR2","RNV_AS50_01","REINVENT4","50","c1cc(NCc2ccc3c(c2)CCC3)c2ccncc2c1","202608469","0","-10.5","ok"
"pairA:EGFR:RNV_AS50_02","pairA","EGFR","RNV_AS50_02","REINVENT4","50","CCc1ccnc(Nc2nc[nH]c2C(=O)NC)c1","202608470","0","-6.6","ok"
"pairA:VEGFR2:RNV_AS50_02","pairA","VEGFR2","RNV_AS50_02","REINVENT4","50","CCc1ccnc(Nc2nc[nH]c2C(=O)NC)c1","202608471","0","-8.1","ok"
"pairA:EGFR:RNV_AS50_03","pairA","EGFR","RNV_AS50_03","REINVENT4","50","COCc1nccc(C)c1CNS(=O)NCc1cnccn1","202608472","0","-6.3","ok"
"pairA:VEGFR2:RNV_AS50_03","pairA","VEGFR2","RNV_AS50_03","REINVENT4","50","COCc1nccc(C)c1CNS(=O)NCc1cnccn1","202608473","0","-7.5","ok"
"pairA:EGFR:RNV_AS50_04","pairA","EGFR","RNV_AS50_04","REINVENT4","50","CC(C)C(NC(=O)c1cncc2ccccc12)C1OCCO1","202608866","0","-8","ok"
"pairA:VEGFR2:RNV_AS50_04","pairA","VEGFR2","RNV_AS50_04","REINVENT4","50","CC(C)C(NC(=O)c1cncc2ccccc12)C1OCCO1","202608867","0","-8.8","ok"
"pairA:EGFR:RNV_AS50_05","pairA","EGFR","RNV_AS50_05","REINVENT4","50","OCCN1CCNCc2c(ncnc2Nc2ncccn2)C1","202608868","0","-7","ok"
"pairA:VEGFR2:RNV_AS50_05","pairA","VEGFR2","RNV_AS50_05","REINVENT4","50","OCCN1CCNCc2c(ncnc2Nc2ncccn2)C1","202608869","0","-7.3","ok"
"pairA:EGFR:RNV_AS50_06","pairA","EGFR","RNV_AS50_06","REINVENT4","50","CCCOc1cc(CCOc2ccc(NC)nn2)ncn1","202608870","0","-6.7","ok"
"pairA:VEGFR2:RNV_AS50_06","pairA","VEGFR2","RNV_AS50_06","REINVENT4","50","CCCOc1cc(CCOc2ccc(NC)nn2)ncn1","202608871","0","-7.8","ok"
"pairA:EGFR:RNV_AS50_07","pairA","EGFR","RNV_AS50_07","REINVENT4","50","COc1cc(NCc2ccccn2)cnc1CN1CCNC1=O","202608872","0","-7","ok"
"pairA:VEGFR2:RNV_AS50_07","pairA","VEGFR2","RNV_AS50_07","REINVENT4","50","COc1cc(NCc2ccccn2)cnc1CN1CCNC1=O","202608873","0","-8.4","ok"
"pairA:EGFR:RNV_AS50_08","pairA","EGFR","RNV_AS50_08","REINVENT4","50","Cn1ncc2ccccc2c1=NS(N)(=O)=O","202608874","0","-6.5","ok"
"pairA:VEGFR2:RNV_AS50_08","pairA","VEGFR2","RNV_AS50_08","REINVENT4","50","Cn1ncc2ccccc2c1=NS(N)(=O)=O","202608875","0","-6.9","ok"
"pairA:EGFR:RNV_AS50_09","pairA","EGFR","RNV_AS50_09","REINVENT4","50","CNc1cc(C(=O)Nc2cccc(S(C)(=O)=O)c2)ccn1","202608876","0","-7.5","ok"
"pairA:VEGFR2:RNV_AS50_09","pairA","VEGFR2","RNV_AS50_09","REINVENT4","50","CNc1cc(C(=O)Nc2cccc(S(C)(=O)=O)c2)ccn1","202608877","0","-8.4","ok"
"pairA:EGFR:RNV_AS50_10","pairA","EGFR","RNV_AS50_10","REINVENT4","50","CCN1CCN(c2cnc(Nc3ccccn3)cn2)CC1","202608878","0","-6.8","ok"
"pairA:VEGFR2:RNV_AS50_10","pairA","VEGFR2","RNV_AS50_10","REINVENT4","50","CCN1CCN(c2cnc(Nc3ccccn3)cn2)CC1","202608879","0","-7.5","ok"
"pairA:EGFR:RNV_AS51_01","pairA","EGFR","RNV_AS51_01","REINVENT4","51","CCc1nnc(Nc2cnccn2)cc1OC","202608474","0","-6.2","ok"
"pairA:VEGFR2:RNV_AS51_01","pairA","VEGFR2","RNV_AS51_01","REINVENT4","51","CCc1nnc(Nc2cnccn2)cc1OC","202608475","0","-6.9","ok"
"pairA:EGFR:RNV_AS51_02","pairA","EGFR","RNV_AS51_02","REINVENT4","51","Nc1ccnc(C(=O)NCC2CCCCC2)c1","202608476","0","-7.2","ok"
"pairA:VEGFR2:RNV_AS51_02","pairA","VEGFR2","RNV_AS51_02","REINVENT4","51","Nc1ccnc(C(=O)NCC2CCCCC2)c1","202608477","0","-8.5","ok"
"pairA:EGFR:RNV_AS51_03","pairA","EGFR","RNV_AS51_03","REINVENT4","51","CC(C)N(Cc1ccn(C)n1)C(=O)Nc1nccc2ccccc12","202608478","0","-7.7","ok"
"pairA:VEGFR2:RNV_AS51_03","pairA","VEGFR2","RNV_AS51_03","REINVENT4","51","CC(C)N(Cc1ccn(C)n1)C(=O)Nc1nccc2ccccc12","202608479","0","-8.3","ok"
"pairA:EGFR:RNV_AS51_04","pairA","EGFR","RNV_AS51_04","REINVENT4","51","CNS(=O)(=O)c1cc(NC(C)=O)ccn1","202608886","0","-6.1","ok"
"pairA:VEGFR2:RNV_AS51_04","pairA","VEGFR2","RNV_AS51_04","REINVENT4","51","CNS(=O)(=O)c1cc(NC(C)=O)ccn1","202608887","0","-6.9","ok"
"pairA:EGFR:RNV_AS51_05","pairA","EGFR","RNV_AS51_05","REINVENT4","51","CNC(C)c1ccnc(CNC(=O)N2CCc3ccccc32)c1","202608888","0","-7.8","ok"
"pairA:VEGFR2:RNV_AS51_05","pairA","VEGFR2","RNV_AS51_05","REINVENT4","51","CNC(C)c1ccnc(CNC(=O)N2CCc3ccccc32)c1","202608889","0","-9.5","ok"
"pairA:EGFR:RNV_AS51_06","pairA","EGFR","RNV_AS51_06","REINVENT4","51","CC(NCc1cccnc1)c1cccc(NC(=O)NCc2ccccn2)c1","202608890","0","-8.1","ok"
"pairA:VEGFR2:RNV_AS51_06","pairA","VEGFR2","RNV_AS51_06","REINVENT4","51","CC(NCc1cccnc1)c1cccc(NC(=O)NCc2ccccn2)c1","202608891","0","-10.3","ok"
"pairA:EGFR:RNV_AS51_07","pairA","EGFR","RNV_AS51_07","REINVENT4","51","CC(C)(CO)N1CCN(C(=O)c2nccc3cnccc23)CC1","202608892","0","-7.9","ok"
"pairA:VEGFR2:RNV_AS51_07","pairA","VEGFR2","RNV_AS51_07","REINVENT4","51","CC(C)(CO)N1CCN(C(=O)c2nccc3cnccc23)CC1","202608893","0","-7.9","ok"
"pairA:EGFR:RNV_AS51_08","pairA","EGFR","RNV_AS51_08","REINVENT4","51","CC(NCC1c2ccccc2CN1C(C)Nc1ccccn1)N1CCCCC1","202608894","0","-8","ok"
"pairA:VEGFR2:RNV_AS51_08","pairA","VEGFR2","RNV_AS51_08","REINVENT4","51","CC(NCC1c2ccccc2CN1C(C)Nc1ccccn1)N1CCCCC1","202608895","0","-9.1","ok"
"pairA:EGFR:RNV_AS51_09","pairA","EGFR","RNV_AS51_09","REINVENT4","51","Cc1cccc(C(=O)NCCc2ccnc(C(F)F)c2)n1","202608896","0","-7.5","ok"
"pairA:VEGFR2:RNV_AS51_09","pairA","VEGFR2","RNV_AS51_09","REINVENT4","51","Cc1cccc(C(=O)NCCc2ccnc(C(F)F)c2)n1","202608897","0","-9.1","ok"
"pairA:EGFR:RNV_AS51_10","pairA","EGFR","RNV_AS51_10","REINVENT4","51","Clc1ccc(-c2ccc(Nc3ncccn3)nc2)cc1","202608898","0","-8","ok"
"pairA:VEGFR2:RNV_AS51_10","pairA","VEGFR2","RNV_AS51_10","REINVENT4","51","Clc1ccc(-c2ccc(Nc3ncccn3)nc2)cc1","202608899","0","-9.6","ok"
"pairA:EGFR:DRX_AS42_01","pairA","EGFR","DRX_AS42_01","DrugEx v2","42","CC(C(=O)Nc1cc(Cl)ccc1F)n1nc(-c2ccco2)oc1=O","202608480","0","-7.7","ok"
"pairA:VEGFR2:DRX_AS42_01","pairA","VEGFR2","DRX_AS42_01","DrugEx v2","42","CC(C(=O)Nc1cc(Cl)ccc1F)n1nc(-c2ccco2)oc1=O","202608481","0","-9.9","ok"
"pairA:EGFR:DRX_AS42_02","pairA","EGFR","DRX_AS42_02","DrugEx v2","42","Cc1ccsc1CNC(=O)Nc1ccnc(C(=O)N(C)C)c1","202608482","0","-7","ok"
"pairA:VEGFR2:DRX_AS42_02","pairA","VEGFR2","DRX_AS42_02","DrugEx v2","42","Cc1ccsc1CNC(=O)Nc1ccnc(C(=O)N(C)C)c1","202608483","0","-8.2","ok"
"pairA:EGFR:DRX_AS42_03","pairA","EGFR","DRX_AS42_03","DrugEx v2","42","O=C(Nc1cccc(N2CCOC2=O)c1)c1ccnc2ccccc12","202608484","0","-9.3","ok"
"pairA:VEGFR2:DRX_AS42_03","pairA","VEGFR2","DRX_AS42_03","DrugEx v2","42","O=C(Nc1cccc(N2CCOC2=O)c1)c1ccnc2ccccc12","202608485","0","-10.7","ok"
"pairA:EGFR:DRX_AS42_04","pairA","EGFR","DRX_AS42_04","DrugEx v2","42","Cc1cc(NC(=O)c2sc(-c3ccco3)nc2C)ccn1","202608906","0","-7.3","ok"
"pairA:VEGFR2:DRX_AS42_04","pairA","VEGFR2","DRX_AS42_04","DrugEx v2","42","Cc1cc(NC(=O)c2sc(-c3ccco3)nc2C)ccn1","202608907","0","-8.9","ok"
"pairA:EGFR:DRX_AS42_05","pairA","EGFR","DRX_AS42_05","DrugEx v2","42","COCC(C)NC(=O)c1cc(-c2ccco2)nc2c1cnn2C","202608908","0","-7.6","ok"
"pairA:VEGFR2:DRX_AS42_05","pairA","VEGFR2","DRX_AS42_05","DrugEx v2","42","COCC(C)NC(=O)c1cc(-c2ccco2)nc2c1cnn2C","202608909","0","-7.8","ok"
"pairA:EGFR:DRX_AS42_06","pairA","EGFR","DRX_AS42_06","DrugEx v2","42","Cc1cccc(Nc2ccc(S(=O)(=O)N3CCCC3)cn2)n1","202608910","0","-7.4","ok"
"pairA:VEGFR2:DRX_AS42_06","pairA","VEGFR2","DRX_AS42_06","DrugEx v2","42","Cc1cccc(Nc2ccc(S(=O)(=O)N3CCCC3)cn2)n1","202608911","0","-9.5","ok"
"pairA:EGFR:DRX_AS42_07","pairA","EGFR","DRX_AS42_07","DrugEx v2","42","Cc1ccsc1C(=O)N1CCC(C(=O)Nc2cccnc2)CC1","202608912","0","-8","ok"
"pairA:VEGFR2:DRX_AS42_07","pairA","VEGFR2","DRX_AS42_07","DrugEx v2","42","Cc1ccsc1C(=O)N1CCC(C(=O)Nc2cccnc2)CC1","202608913","0","-8.9","ok"
"pairA:EGFR:DRX_AS42_08","pairA","EGFR","DRX_AS42_08","DrugEx v2","42","O=c1[nH]c(Nc2nccs2)nc2c1CCCC2","202608914","0","-6.9","ok"
"pairA:VEGFR2:DRX_AS42_08","pairA","VEGFR2","DRX_AS42_08","DrugEx v2","42","O=c1[nH]c(Nc2nccs2)nc2c1CCCC2","202608915","0","-8","ok"
"pairA:EGFR:DRX_AS42_09","pairA","EGFR","DRX_AS42_09","DrugEx v2","42","Cc1ccnc(Nc2ccc(NC(=O)CC3CCCO3)cc2Cl)n1","202608916","0","-7.7","ok"
"pairA:VEGFR2:DRX_AS42_09","pairA","VEGFR2","DRX_AS42_09","DrugEx v2","42","Cc1ccnc(Nc2ccc(NC(=O)CC3CCCO3)cc2Cl)n1","202608917","0","-9.4","ok"
"pairA:EGFR:DRX_AS42_10","pairA","EGFR","DRX_AS42_10","DrugEx v2","42","CC(c1cccnc1)N1CCN(C(=O)Cc2cn3ccsc3n2)CC1","202608918","0","-7.4","ok"
"pairA:VEGFR2:DRX_AS42_10","pairA","VEGFR2","DRX_AS42_10","DrugEx v2","42","CC(c1cccnc1)N1CCN(C(=O)Cc2cn3ccsc3n2)CC1","202608919","0","-8.3","ok"
"pairA:EGFR:DRX_AS43_01","pairA","EGFR","DRX_AS43_01","DrugEx v2","43","O=C(NCCc1csc(N2CCCC2)n1)c1cc(-c2ccco2)n[nH]1","202608486","0","-7.6","ok"
"pairA:VEGFR2:DRX_AS43_01","pairA","VEGFR2","DRX_AS43_01","DrugEx v2","43","O=C(NCCc1csc(N2CCCC2)n1)c1cc(-c2ccco2)n[nH]1","202608487","0","-9.2","ok"
"pairA:EGFR:DRX_AS43_02","pairA","EGFR","DRX_AS43_02","DrugEx v2","43","Cc1ccnc(NC(=O)c2cc(C(C)C)nc3c2cnn3C(C)C)c1","202608488","0","-8.2","ok"
"pairA:VEGFR2:DRX_AS43_02","pairA","VEGFR2","DRX_AS43_02","DrugEx v2","43","Cc1ccnc(NC(=O)c2cc(C(C)C)nc3c2cnn3C(C)C)c1","202608489","0","-9.8","ok"
"pairA:EGFR:DRX_AS43_03","pairA","EGFR","DRX_AS43_03","DrugEx v2","43","CC(C)NC(=O)C(C)N1CCN(C(=O)c2c[nH]c(=O)cn2)CC1","202608490","0","-7.1","ok"
"pairA:VEGFR2:DRX_AS43_03","pairA","VEGFR2","DRX_AS43_03","DrugEx v2","43","CC(C)NC(=O)C(C)N1CCN(C(=O)c2c[nH]c(=O)cn2)CC1","202608491","0","-7.2","ok"
"pairA:EGFR:DRX_AS43_04","pairA","EGFR","DRX_AS43_04","DrugEx v2","43","CC(C)n1cc2cc(N3CCCC3)cc(NC(=O)c3ccco3)c2n1","202608926","0","-8.1","ok"
"pairA:VEGFR2:DRX_AS43_04","pairA","VEGFR2","DRX_AS43_04","DrugEx v2","43","CC(C)n1cc2cc(N3CCCC3)cc(NC(=O)c3ccco3)c2n1","202608927","0","-8.9","ok"
"pairA:EGFR:DRX_AS43_05","pairA","EGFR","DRX_AS43_05","DrugEx v2","43","O=C(Cn1ccc(-c2ccco2)n1)Nc1ccc(F)cc1Cl","202608928","0","-7.3","ok"
"pairA:VEGFR2:DRX_AS43_05","pairA","VEGFR2","DRX_AS43_05","DrugEx v2","43","O=C(Cn1ccc(-c2ccco2)n1)Nc1ccc(F)cc1Cl","202608929","0","-9.1","ok"
"pairA:EGFR:DRX_AS43_06","pairA","EGFR","DRX_AS43_06","DrugEx v2","43","COC(=O)c1cc(NC(=O)NCc2nnc3n2CCC3)ccc1F","202608930","0","-7.7","ok"
"pairA:VEGFR2:DRX_AS43_06","pairA","VEGFR2","DRX_AS43_06","DrugEx v2","43","COC(=O)c1cc(NC(=O)NCc2nnc3n2CCC3)ccc1F","202608931","0","-9.3","ok"
"pairA:EGFR:DRX_AS43_07","pairA","EGFR","DRX_AS43_07","DrugEx v2","43","Cc1nc(C(C)C)sc1C(=O)Nc1ccc2c(C)nn(C)c2c1","202608932","0","-7.7","ok"
"pairA:VEGFR2:DRX_AS43_07","pairA","VEGFR2","DRX_AS43_07","DrugEx v2","43","Cc1nc(C(C)C)sc1C(=O)Nc1ccc2c(C)nn(C)c2c1","202608933","0","-9.7","ok"
"pairA:EGFR:DRX_AS43_08","pairA","EGFR","DRX_AS43_08","DrugEx v2","43","CC(C)c1ccc2c(=O)c(S(=O)(=O)N(C)Cc3nccs3)c[nH]c2n1","202608934","0","-6.9","ok"
"pairA:VEGFR2:DRX_AS43_08","pairA","VEGFR2","DRX_AS43_08","DrugEx v2","43","CC(C)c1ccc2c(=O)c(S(=O)(=O)N(C)Cc3nccs3)c[nH]c2n1","202608935","0","-7.6","ok"
"pairA:EGFR:DRX_AS43_09","pairA","EGFR","DRX_AS43_09","DrugEx v2","43","COC(=O)CCn1ccc(=O)c2ccc(-c3csc(C(C)C)n3)cc21","202608936","0","-8","ok"
"pairA:VEGFR2:DRX_AS43_09","pairA","VEGFR2","DRX_AS43_09","DrugEx v2","43","COC(=O)CCn1ccc(=O)c2ccc(-c3csc(C(C)C)n3)cc21","202608937","0","-8.5","ok"
"pairA:EGFR:DRX_AS43_10","pairA","EGFR","DRX_AS43_10","DrugEx v2","43","COc1cc(CCNC(=O)NCc2cc(Cl)ccn2)ccc1C","202608938","0","-7.1","ok"
"pairA:VEGFR2:DRX_AS43_10","pairA","VEGFR2","DRX_AS43_10","DrugEx v2","43","COc1cc(CCNC(=O)NCc2cc(Cl)ccn2)ccc1C","202608939","0","-9.5","ok"
"pairA:EGFR:DRX_AS44_01","pairA","EGFR","DRX_AS44_01","DrugEx v2","44","Cc1cc(NC(=O)c2ccc(NC(=O)c3sccc3C)cc2)ccn1","202608492","0","-8","ok"
"pairA:VEGFR2:DRX_AS44_01","pairA","VEGFR2","DRX_AS44_01","DrugEx v2","44","Cc1cc(NC(=O)c2ccc(NC(=O)c3sccc3C)cc2)ccn1","202608493","0","-9.7","ok"
"pairA:EGFR:DRX_AS44_02","pairA","EGFR","DRX_AS44_02","DrugEx v2","44","Cc1cc(C)n(C(C)C(=O)NC(c2ccncc2)C(C)C)n1","202608494","0","-6.8","ok"
"pairA:VEGFR2:DRX_AS44_02","pairA","VEGFR2","DRX_AS44_02","DrugEx v2","44","Cc1cc(C)n(C(C)C(=O)NC(c2ccncc2)C(C)C)n1","202608495","0","-7.1","ok"
"pairA:EGFR:DRX_AS44_03","pairA","EGFR","DRX_AS44_03","DrugEx v2","44","COCCN(CC(C)C)C(=O)Cc1ccnc(OC)c1","202608496","0","-6","ok"
"pairA:VEGFR2:DRX_AS44_03","pairA","VEGFR2","DRX_AS44_03","DrugEx v2","44","COCCN(CC(C)C)C(=O)Cc1ccnc(OC)c1","202608497","0","-6.6","ok"
"pairA:EGFR:DRX_AS44_04","pairA","EGFR","DRX_AS44_04","DrugEx v2","44","Cc1cc(NC(=O)C(C)NC(c2ccccc2)C(C)C)c2ncccc2c1","202608946","0","-8.1","ok"
"pairA:VEGFR2:DRX_AS44_04","pairA","VEGFR2","DRX_AS44_04","DrugEx v2","44","Cc1cc(NC(=O)C(C)NC(c2ccccc2)C(C)C)c2ncccc2c1","202608947","0","-9","ok"
"pairA:EGFR:DRX_AS44_05","pairA","EGFR","DRX_AS44_05","DrugEx v2","44","Cc1c(C(=O)Nc2ccc3ncccc3c2)cnn1-c1nccs1","202608948","0","-7.9","ok"
"pairA:VEGFR2:DRX_AS44_05","pairA","VEGFR2","DRX_AS44_05","DrugEx v2","44","Cc1c(C(=O)Nc2ccc3ncccc3c2)cnn1-c1nccs1","202608949","0","-9.1","ok"
"pairA:EGFR:DRX_AS44_06","pairA","EGFR","DRX_AS44_06","DrugEx v2","44","O=C(CCCN1CCOC1=O)NCc1ccnc(OC2CCC2)c1","202608950","0","-6.7","ok"
"pairA:VEGFR2:DRX_AS44_06","pairA","VEGFR2","DRX_AS44_06","DrugEx v2","44","O=C(CCCN1CCOC1=O)NCc1ccnc(OC2CCC2)c1","202608951","0","-8.8","ok"
"pairA:EGFR:DRX_AS44_07","pairA","EGFR","DRX_AS44_07","DrugEx v2","44","CC(NS(=O)(=O)c1cccc2cnccc12)c1ccccc1","202608952","0","-8","ok"
"pairA:VEGFR2:DRX_AS44_07","pairA","VEGFR2","DRX_AS44_07","DrugEx v2","44","CC(NS(=O)(=O)c1cccc2cnccc12)c1ccccc1","202608953","0","-9.3","ok"
"pairA:EGFR:DRX_AS44_08","pairA","EGFR","DRX_AS44_08","DrugEx v2","44","CC(C1CC1)N(C)S(=O)(=O)c1cccc2cnccc12","202608954","0","-6.9","ok"
"pairA:VEGFR2:DRX_AS44_08","pairA","VEGFR2","DRX_AS44_08","DrugEx v2","44","CC(C1CC1)N(C)S(=O)(=O)c1cccc2cnccc12","202608955","0","-7","ok"
"pairA:EGFR:DRX_AS44_09","pairA","EGFR","DRX_AS44_09","DrugEx v2","44","CC(C)CNC(=O)COc1nncc2ccccc12","202608956","0","-7.1","ok"
"pairA:VEGFR2:DRX_AS44_09","pairA","VEGFR2","DRX_AS44_09","DrugEx v2","44","CC(C)CNC(=O)COc1nncc2ccccc12","202608957","0","-8.4","ok"
"pairA:EGFR:DRX_AS44_10","pairA","EGFR","DRX_AS44_10","DrugEx v2","44","Cc1cc(C)n2ncc(C(=O)Nc3ccnc(N(C)C)n3)c2n1","202608958","0","-7.3","ok"
"pairA:VEGFR2:DRX_AS44_10","pairA","VEGFR2","DRX_AS44_10","DrugEx v2","44","Cc1cc(C)n2ncc(C(=O)Nc3ccnc(N(C)C)n3)c2n1","202608959","0","-9.3","ok"
"pairA:EGFR:DRX_AS45_01","pairA","EGFR","DRX_AS45_01","DrugEx v2","45","COc1cc(OC)nc(NC(=O)c2cccc3ccccc23)n1","202608498","0","-7.8","ok"
"pairA:VEGFR2:DRX_AS45_01","pairA","VEGFR2","DRX_AS45_01","DrugEx v2","45","COc1cc(OC)nc(NC(=O)c2cccc3ccccc23)n1","202608499","0","-9.2","ok"
"pairA:EGFR:DRX_AS45_02","pairA","EGFR","DRX_AS45_02","DrugEx v2","45","CNc1cc(S(=O)(=O)NC(C)C(=O)N2CCCCC2)ccn1","202608500","0","-6.5","ok"
"pairA:VEGFR2:DRX_AS45_02","pairA","VEGFR2","DRX_AS45_02","DrugEx v2","45","CNc1cc(S(=O)(=O)NC(C)C(=O)N2CCCCC2)ccn1","202608501","0","-8.1","ok"
"pairA:EGFR:DRX_AS45_03","pairA","EGFR","DRX_AS45_03","DrugEx v2","45","O=C(Nc1nc(-c2ccco2)cs1)N1CCN(CC(F)F)CC1","202608502","0","-7","ok"
"pairA:VEGFR2:DRX_AS45_03","pairA","VEGFR2","DRX_AS45_03","DrugEx v2","45","O=C(Nc1nc(-c2ccco2)cs1)N1CCN(CC(F)F)CC1","202608503","0","-8.4","ok"
"pairA:EGFR:DRX_AS45_04","pairA","EGFR","DRX_AS45_04","DrugEx v2","45","O=C(c1c[nH]c(=O)cn1)N1CCC(Oc2cccc(Cl)c2)C1","202608966","0","-7.3","ok"
"pairA:VEGFR2:DRX_AS45_04","pairA","VEGFR2","DRX_AS45_04","DrugEx v2","45","O=C(c1c[nH]c(=O)cn1)N1CCC(Oc2cccc(Cl)c2)C1","202608967","0","-9.3","ok"
"pairA:EGFR:DRX_AS45_05","pairA","EGFR","DRX_AS45_05","DrugEx v2","45","N#Cc1cccc(CNC(=O)c2c[nH]c(=O)cn2)c1","202608968","0","-7.3","ok"
"pairA:VEGFR2:DRX_AS45_05","pairA","VEGFR2","DRX_AS45_05","DrugEx v2","45","N#Cc1cccc(CNC(=O)c2c[nH]c(=O)cn2)c1","202608969","0","-8.9","ok"
"pairA:EGFR:DRX_AS45_06","pairA","EGFR","DRX_AS45_06","DrugEx v2","45","Cc1ccc(-c2cc(C(=O)Nc3ccon3)no2)cc1F","202608970","0","-8.3","ok"
"pairA:VEGFR2:DRX_AS45_06","pairA","VEGFR2","DRX_AS45_06","DrugEx v2","45","Cc1ccc(-c2cc(C(=O)Nc3ccon3)no2)cc1F","202608971","0","-9.8","ok"
"pairA:EGFR:DRX_AS45_07","pairA","EGFR","DRX_AS45_07","DrugEx v2","45","Cc1cc(C)nc(NC(=O)c2cccc(NC(=O)c3ccco3)c2)n1","202608972","0","-8.3","ok"
"pairA:VEGFR2:DRX_AS45_07","pairA","VEGFR2","DRX_AS45_07","DrugEx v2","45","Cc1cc(C)nc(NC(=O)c2cccc(NC(=O)c3ccco3)c2)n1","202608973","0","-10.5","ok"
"pairA:EGFR:DRX_AS45_08","pairA","EGFR","DRX_AS45_08","DrugEx v2","45","COc1cccc2c(Nc3ccc(C(N)=O)cn3)cccc12","202608974","0","-8","ok"
"pairA:VEGFR2:DRX_AS45_08","pairA","VEGFR2","DRX_AS45_08","DrugEx v2","45","COc1cccc2c(Nc3ccc(C(N)=O)cn3)cccc12","202608975","0","-9.5","ok"
"pairA:EGFR:DRX_AS45_09","pairA","EGFR","DRX_AS45_09","DrugEx v2","45","CCC(C(=O)Nc1nccs1)N1Cc2ccccc2S1(=O)=O","202608976","0","-7.3","ok"
"pairA:VEGFR2:DRX_AS45_09","pairA","VEGFR2","DRX_AS45_09","DrugEx v2","45","CCC(C(=O)Nc1nccs1)N1Cc2ccccc2S1(=O)=O","202608977","0","-7","ok"
"pairA:EGFR:DRX_AS45_10","pairA","EGFR","DRX_AS45_10","DrugEx v2","45","CS(=O)(=O)N1CCC(NC(=O)Nc2ccc3ncccc3c2)CC1","202608978","0","-7.9","ok"
"pairA:VEGFR2:DRX_AS45_10","pairA","VEGFR2","DRX_AS45_10","DrugEx v2","45","CS(=O)(=O)N1CCC(NC(=O)Nc2ccc3ncccc3c2)CC1","202608979","0","-9","ok"
"pairA:EGFR:DRX_AS46_01","pairA","EGFR","DRX_AS46_01","DrugEx v2","46","COc1ccc(Cl)cc1C(=O)Nc1nccc2c1ncn2C1CC1","202608504","0","-7.3","ok"
"pairA:VEGFR2:DRX_AS46_01","pairA","VEGFR2","DRX_AS46_01","DrugEx v2","46","COc1ccc(Cl)cc1C(=O)Nc1nccc2c1ncn2C1CC1","202608505","0","-8.8","ok"
"pairA:EGFR:DRX_AS46_02","pairA","EGFR","DRX_AS46_02","DrugEx v2","46","Cc1ccsc1CNC(=O)NCc1ccnc(OC(C)(C)C)c1","202608506","0","-7.3","ok"
"pairA:VEGFR2:DRX_AS46_02","pairA","VEGFR2","DRX_AS46_02","DrugEx v2","46","Cc1ccsc1CNC(=O)NCc1ccnc(OC(C)(C)C)c1","202608507","0","-8.4","ok"
"pairA:EGFR:DRX_AS46_03","pairA","EGFR","DRX_AS46_03","DrugEx v2","46","CCCN1CCN(C(=O)c2nc(-c3ccco3)n(-c3cccc(F)c3)n2)CC1","202608508","0","-7.8","ok"
"pairA:VEGFR2:DRX_AS46_03","pairA","VEGFR2","DRX_AS46_03","DrugEx v2","46","CCCN1CCN(C(=O)c2nc(-c3ccco3)n(-c3cccc(F)c3)n2)CC1","202608509","0","-9.4","ok"
"pairA:EGFR:DRX_AS46_04","pairA","EGFR","DRX_AS46_04","DrugEx v2","46","CCCNC(=O)C(C)Sc1nncc2ccccc12","202608986","0","-7.1","ok"
"pairA:VEGFR2:DRX_AS46_04","pairA","VEGFR2","DRX_AS46_04","DrugEx v2","46","CCCNC(=O)C(C)Sc1nncc2ccccc12","202608987","0","-7.5","ok"
"pairA:EGFR:DRX_AS46_05","pairA","EGFR","DRX_AS46_05","DrugEx v2","46","CC(C)c1ccc(NC(=O)N2CCC(Cn3ccnn3)CC2)cc1Cl","202608988","0","-7.7","ok"
"pairA:VEGFR2:DRX_AS46_05","pairA","VEGFR2","DRX_AS46_05","DrugEx v2","46","CC(C)c1ccc(NC(=O)N2CCC(Cn3ccnn3)CC2)cc1Cl","202608989","0","-8.8","ok"
"pairA:EGFR:DRX_AS46_06","pairA","EGFR","DRX_AS46_06","DrugEx v2","46","CC(C)c1cccc(NC(=O)CNC(=O)c2cc(Cl)ccn2)c1","202608990","0","-7.6","ok"
"pairA:VEGFR2:DRX_AS46_06","pairA","VEGFR2","DRX_AS46_06","DrugEx v2","46","CC(C)c1cccc(NC(=O)CNC(=O)c2cc(Cl)ccn2)c1","202608991","0","-9.4","ok"
"pairA:EGFR:DRX_AS46_07","pairA","EGFR","DRX_AS46_07","DrugEx v2","46","CC(C)Oc1ccc(C#N)cc1NC(=O)c1c[nH]c(=O)cn1","202608992","0","-7.1","ok"
"pairA:VEGFR2:DRX_AS46_07","pairA","VEGFR2","DRX_AS46_07","DrugEx v2","46","CC(C)Oc1ccc(C#N)cc1NC(=O)c1c[nH]c(=O)cn1","202608993","0","-7.5","ok"
"pairA:EGFR:DRX_AS46_08","pairA","EGFR","DRX_AS46_08","DrugEx v2","46","CCOC(=O)c1cc2occc2nc1-c1ccc(S(C)(=O)=O)cc1","202608994","0","-7.2","ok"
"pairA:VEGFR2:DRX_AS46_08","pairA","VEGFR2","DRX_AS46_08","DrugEx v2","46","CCOC(=O)c1cc2occc2nc1-c1ccc(S(C)(=O)=O)cc1","202608995","0","-7.1","ok"
"pairA:EGFR:DRX_AS46_09","pairA","EGFR","DRX_AS46_09","DrugEx v2","46","Cc1cc(S(C)(=O)=O)ccc1-c1csc(Nc2ccccn2)n1","202608996","0","-8","ok"
"pairA:VEGFR2:DRX_AS46_09","pairA","VEGFR2","DRX_AS46_09","DrugEx v2","46","Cc1cc(S(C)(=O)=O)ccc1-c1csc(Nc2ccccn2)n1","202608997","0","-8.6","ok"
"pairA:EGFR:DRX_AS46_10","pairA","EGFR","DRX_AS46_10","DrugEx v2","46","CC(C)n1cc(NC(=O)Nc2ccc(F)c(Cl)c2)cn1","202608998","0","-6.9","ok"
"pairA:VEGFR2:DRX_AS46_10","pairA","VEGFR2","DRX_AS46_10","DrugEx v2","46","CC(C)n1cc(NC(=O)Nc2ccc(F)c(Cl)c2)cn1","202608999","0","-8.6","ok"
"pairA:EGFR:DRX_AS47_01","pairA","EGFR","DRX_AS47_01","DrugEx v2","47","CC(C)c1ccsc1C(=O)Nc1ccnc(S(N)(=O)=O)c1","202608510","0","-7.1","ok"
"pairA:VEGFR2:DRX_AS47_01","pairA","VEGFR2","DRX_AS47_01","DrugEx v2","47","CC(C)c1ccsc1C(=O)Nc1ccnc(S(N)(=O)=O)c1","202608511","0","-8.8","ok"
"pairA:EGFR:DRX_AS47_02","pairA","EGFR","DRX_AS47_02","DrugEx v2","47","COc1cc(C)ccc1Nc1nccc(CCNC(=O)C2CC2)n1","202608512","0","-7.2","ok"
"pairA:VEGFR2:DRX_AS47_02","pairA","VEGFR2","DRX_AS47_02","DrugEx v2","47","COc1cc(C)ccc1Nc1nccc(CCNC(=O)C2CC2)n1","202608513","0","-8.8","ok"
"pairA:EGFR:DRX_AS47_03","pairA","EGFR","DRX_AS47_03","DrugEx v2","47","COc1ccccc1Nc1ncccc1C(=O)NCc1ccccn1","202608514","0","-7.9","ok"
"pairA:VEGFR2:DRX_AS47_03","pairA","VEGFR2","DRX_AS47_03","DrugEx v2","47","COc1ccccc1Nc1ncccc1C(=O)NCc1ccccn1","202608515","0","-8.7","ok"
"pairA:EGFR:DRX_AS47_04","pairA","EGFR","DRX_AS47_04","DrugEx v2","47","Cn1cnc(CNC(=O)Nc2ccc(Cl)c(NC(=O)C3CC3)c2)n1","202609006","0","-7.2","ok"
"pairA:VEGFR2:DRX_AS47_04","pairA","VEGFR2","DRX_AS47_04","DrugEx v2","47","Cn1cnc(CNC(=O)Nc2ccc(Cl)c(NC(=O)C3CC3)c2)n1","202609007","0","-8.8","ok"
"pairA:EGFR:DRX_AS47_05","pairA","EGFR","DRX_AS47_05","DrugEx v2","47","COC(=O)Cn1c(CC(F)(F)F)nc2cc(F)ccc21","202609008","0","-6.7","ok"
"pairA:VEGFR2:DRX_AS47_05","pairA","VEGFR2","DRX_AS47_05","DrugEx v2","47","COC(=O)Cn1c(CC(F)(F)F)nc2cc(F)ccc21","202609009","0","-6.5","ok"
"pairA:EGFR:DRX_AS47_06","pairA","EGFR","DRX_AS47_06","DrugEx v2","47","Cn1c(Cn2ncc3ccccc3c2=O)cc(=O)n(C)c1=O","202609010","0","-7.5","ok"
"pairA:VEGFR2:DRX_AS47_06","pairA","VEGFR2","DRX_AS47_06","DrugEx v2","47","Cn1c(Cn2ncc3ccccc3c2=O)cc(=O)n(C)c1=O","202609011","0","-8.3","ok"
"pairA:EGFR:DRX_AS47_07","pairA","EGFR","DRX_AS47_07","DrugEx v2","47","COC(=O)CCCC(=O)N1CCN(C(C)c2cccnc2)CC1","202609012","0","-6.8","ok"
"pairA:VEGFR2:DRX_AS47_07","pairA","VEGFR2","DRX_AS47_07","DrugEx v2","47","COC(=O)CCCC(=O)N1CCN(C(C)c2cccnc2)CC1","202609013","0","-7.8","ok"
"pairA:EGFR:DRX_AS47_08","pairA","EGFR","DRX_AS47_08","DrugEx v2","47","COc1ccc(NC(=O)NCc2ncn(C)n2)cc1C(F)(F)F","202609014","0","-6.8","ok"
"pairA:VEGFR2:DRX_AS47_08","pairA","VEGFR2","DRX_AS47_08","DrugEx v2","47","COc1ccc(NC(=O)NCc2ncn(C)n2)cc1C(F)(F)F","202609015","0","-8.6","ok"
"pairA:EGFR:DRX_AS47_09","pairA","EGFR","DRX_AS47_09","DrugEx v2","47","Clc1ccc(CNc2nncc3ccccc23)c(Cl)c1","202609016","0","-8.1","ok"
"pairA:VEGFR2:DRX_AS47_09","pairA","VEGFR2","DRX_AS47_09","DrugEx v2","47","Clc1ccc(CNc2nncc3ccccc23)c(Cl)c1","202609017","0","-9.7","ok"
"pairA:EGFR:DRX_AS47_10","pairA","EGFR","DRX_AS47_10","DrugEx v2","47","CC(c1ccccc1)S(=O)(=O)c1ccc2ncccc2c1","202609018","0","-8","ok"
"pairA:VEGFR2:DRX_AS47_10","pairA","VEGFR2","DRX_AS47_10","DrugEx v2","47","CC(c1ccccc1)S(=O)(=O)c1ccc2ncccc2c1","202609019","0","-9.3","ok"
"pairA:EGFR:DRX_AS48_01","pairA","EGFR","DRX_AS48_01","DrugEx v2","48","CCOC(=O)C(C)NS(=O)(=O)c1cccc2cnccc12","202608516","0","-7.2","ok"
"pairA:VEGFR2:DRX_AS48_01","pairA","VEGFR2","DRX_AS48_01","DrugEx v2","48","CCOC(=O)C(C)NS(=O)(=O)c1cccc2cnccc12","202608517","0","-7.7","ok"
"pairA:EGFR:DRX_AS48_02","pairA","EGFR","DRX_AS48_02","DrugEx v2","48","CCc1nc(Nc2nc3ccccc3o2)ncc1C(=O)OC","202608518","0","-7.5","ok"
"pairA:VEGFR2:DRX_AS48_02","pairA","VEGFR2","DRX_AS48_02","DrugEx v2","48","CCc1nc(Nc2nc3ccccc3o2)ncc1C(=O)OC","202608519","0","-8.8","ok"
"pairA:EGFR:DRX_AS48_03","pairA","EGFR","DRX_AS48_03","DrugEx v2","48","CC(C)(C)OC(=O)Nc1cc(CC(=O)N2CCCC2)cnn1","202608520","0","-7.4","ok"
"pairA:VEGFR2:DRX_AS48_03","pairA","VEGFR2","DRX_AS48_03","DrugEx v2","48","CC(C)(C)OC(=O)Nc1cc(CC(=O)N2CCCC2)cnn1","202608521","0","-8.6","ok"
"pairA:EGFR:DRX_AS48_04","pairA","EGFR","DRX_AS48_04","DrugEx v2","48","O=C(c1c[nH]c(=O)cn1)N1CCN(Cc2nnnn2C2CC2)CC1","202609026","0","-7.3","ok"
"pairA:VEGFR2:DRX_AS48_04","pairA","VEGFR2","DRX_AS48_04","DrugEx v2","48","O=C(c1c[nH]c(=O)cn1)N1CCN(Cc2nnnn2C2CC2)CC1","202609027","0","-9","ok"
"pairA:EGFR:DRX_AS48_05","pairA","EGFR","DRX_AS48_05","DrugEx v2","48","Cc1cccc(NC(=O)c2cccc3cnccc23)c1","202609028","0","-8.5","ok"
"pairA:VEGFR2:DRX_AS48_05","pairA","VEGFR2","DRX_AS48_05","DrugEx v2","48","Cc1cccc(NC(=O)c2cccc3cnccc23)c1","202609029","0","-10.1","ok"
"pairA:EGFR:DRX_AS48_06","pairA","EGFR","DRX_AS48_06","DrugEx v2","48","CC(C(=O)Nc1cccc2cnccc12)N1CCCC1=O","202609030","0","-7.7","ok"
"pairA:VEGFR2:DRX_AS48_06","pairA","VEGFR2","DRX_AS48_06","DrugEx v2","48","CC(C(=O)Nc1cccc2cnccc12)N1CCCC1=O","202609031","0","-9","ok"
"pairA:EGFR:DRX_AS48_07","pairA","EGFR","DRX_AS48_07","DrugEx v2","48","CC(OC(=O)CCn1cnc2sccc2c1=O)c1cccc(F)c1","202609032","0","-7.6","ok"
"pairA:VEGFR2:DRX_AS48_07","pairA","VEGFR2","DRX_AS48_07","DrugEx v2","48","CC(OC(=O)CCn1cnc2sccc2c1=O)c1cccc(F)c1","202609033","0","-9","ok"
"pairA:EGFR:DRX_AS48_08","pairA","EGFR","DRX_AS48_08","DrugEx v2","48","CCC(NS(=O)(=O)c1ccc2c(ccn2C)c1)c1nccs1","202609034","0","-6.8","ok"
"pairA:VEGFR2:DRX_AS48_08","pairA","VEGFR2","DRX_AS48_08","DrugEx v2","48","CCC(NS(=O)(=O)c1ccc2c(ccn2C)c1)c1nccs1","202609035","0","-7.8","ok"
"pairA:EGFR:DRX_AS48_09","pairA","EGFR","DRX_AS48_09","DrugEx v2","48","CC(NC(c1ccccc1)C(C)C)C(=O)NCc1cc[nH]n1","202609036","0","-7.2","ok"
"pairA:VEGFR2:DRX_AS48_09","pairA","VEGFR2","DRX_AS48_09","DrugEx v2","48","CC(NC(c1ccccc1)C(C)C)C(=O)NCc1cc[nH]n1","202609037","0","-8.9","ok"
"pairA:EGFR:DRX_AS48_10","pairA","EGFR","DRX_AS48_10","DrugEx v2","48","CN(CCCc1cnn(C)c1)S(=O)(=O)c1cccc2cnccc12","202609038","0","-6.9","ok"
"pairA:VEGFR2:DRX_AS48_10","pairA","VEGFR2","DRX_AS48_10","DrugEx v2","48","CN(CCCc1cnn(C)c1)S(=O)(=O)c1cccc2cnccc12","202609039","0","-8.3","ok"
"pairA:EGFR:DRX_AS49_01","pairA","EGFR","DRX_AS49_01","DrugEx v2","49","Cc1cc(C)nc(N2CCC(CNC(=O)NCc3ccco3)CC2)n1","202608522","0","-7.7","ok"
"pairA:VEGFR2:DRX_AS49_01","pairA","VEGFR2","DRX_AS49_01","DrugEx v2","49","Cc1cc(C)nc(N2CCC(CNC(=O)NCc3ccco3)CC2)n1","202608523","0","-8.9","ok"
"pairA:EGFR:DRX_AS49_02","pairA","EGFR","DRX_AS49_02","DrugEx v2","49","COC(=O)c1ccc(C(C)Sc2nncs2)s1","202608524","0","-5.8","ok"
"pairA:VEGFR2:DRX_AS49_02","pairA","VEGFR2","DRX_AS49_02","DrugEx v2","49","COC(=O)c1ccc(C(C)Sc2nncs2)s1","202608525","0","-7","ok"
"pairA:EGFR:DRX_AS49_03","pairA","EGFR","DRX_AS49_03","DrugEx v2","49","O=C(NCCc1nc2ccccc2s1)c1c[nH]c(=O)cn1","202608526","0","-7.2","ok"
"pairA:VEGFR2:DRX_AS49_03","pairA","VEGFR2","DRX_AS49_03","DrugEx v2","49","O=C(NCCc1nc2ccccc2s1)c1c[nH]c(=O)cn1","202608527","0","-8.8","ok"
"pairA:EGFR:DRX_AS49_04","pairA","EGFR","DRX_AS49_04","DrugEx v2","49","Cc1cc(C)n(CC2CCCN2C(=O)c2cc(-c3ccco3)on2)n1","202609046","0","-7.6","ok"
"pairA:VEGFR2:DRX_AS49_04","pairA","VEGFR2","DRX_AS49_04","DrugEx v2","49","Cc1cc(C)n(CC2CCCN2C(=O)c2cc(-c3ccco3)on2)n1","202609047","0","-9","ok"
"pairA:EGFR:DRX_AS49_05","pairA","EGFR","DRX_AS49_05","DrugEx v2","49","Cc1ccc(C(C)NS(=O)(=O)c2cccc3cnccc23)o1","202609048","0","-7.6","ok"
"pairA:VEGFR2:DRX_AS49_05","pairA","VEGFR2","DRX_AS49_05","DrugEx v2","49","Cc1ccc(C(C)NS(=O)(=O)c2cccc3cnccc23)o1","202609049","0","-8.7","ok"
"pairA:EGFR:DRX_AS49_06","pairA","EGFR","DRX_AS49_06","DrugEx v2","49","Cc1cc(C)nc(C2CCN(C(=O)NC(C)Cc3ccco3)C2)n1","202609050","0","-7","ok"
"pairA:VEGFR2:DRX_AS49_06","pairA","VEGFR2","DRX_AS49_06","DrugEx v2","49","Cc1cc(C)nc(C2CCN(C(=O)NC(C)Cc3ccco3)C2)n1","202609051","0","-7.4","ok"
"pairA:EGFR:DRX_AS49_07","pairA","EGFR","DRX_AS49_07","DrugEx v2","49","COC(=O)CNC(=O)c1cccnc1Nc1cccc(C)c1","202609052","0","-7.1","ok"
"pairA:VEGFR2:DRX_AS49_07","pairA","VEGFR2","DRX_AS49_07","DrugEx v2","49","COC(=O)CNC(=O)c1cccnc1Nc1cccc(C)c1","202609053","0","-8.7","ok"
"pairA:EGFR:DRX_AS49_08","pairA","EGFR","DRX_AS49_08","DrugEx v2","49","Brc1ccc2ncc(Nc3ccccn3)nc2c1","202609054","0","-7.3","ok"
"pairA:VEGFR2:DRX_AS49_08","pairA","VEGFR2","DRX_AS49_08","DrugEx v2","49","Brc1ccc2ncc(Nc3ccccn3)nc2c1","202609055","0","-9.1","ok"
"pairA:EGFR:DRX_AS49_09","pairA","EGFR","DRX_AS49_09","DrugEx v2","49","CNc1ccc(S(=O)(=O)NCCc2cnn(C)c2)cn1","202609056","0","-6.6","ok"
"pairA:VEGFR2:DRX_AS49_09","pairA","VEGFR2","DRX_AS49_09","DrugEx v2","49","CNc1ccc(S(=O)(=O)NCCc2cnn(C)c2)cn1","202609057","0","-7.4","ok"
"pairA:EGFR:DRX_AS49_10","pairA","EGFR","DRX_AS49_10","DrugEx v2","49","Cc1cccc(Nc2ccc(S(=O)(=O)N3CCOCC3)cn2)n1","202609058","0","-8.1","ok"
"pairA:VEGFR2:DRX_AS49_10","pairA","VEGFR2","DRX_AS49_10","DrugEx v2","49","Cc1cccc(Nc2ccc(S(=O)(=O)N3CCOCC3)cn2)n1","202609059","0","-8.6","ok"
"pairA:EGFR:DRX_AS50_01","pairA","EGFR","DRX_AS50_01","DrugEx v2","50","O=c1oc(-c2ccco2)nn1CC(O)c1cccc(F)c1","202608528","0","-7.3","ok"
"pairA:VEGFR2:DRX_AS50_01","pairA","VEGFR2","DRX_AS50_01","DrugEx v2","50","O=c1oc(-c2ccco2)nn1CC(O)c1cccc(F)c1","202608529","0","-9.2","ok"
"pairA:EGFR:DRX_AS50_02","pairA","EGFR","DRX_AS50_02","DrugEx v2","50","Cc1cnc(Nc2ccc3c(c2)N(S(C)(=O)=O)CC3)nc1","202608530","0","-7.4","ok"
"pairA:VEGFR2:DRX_AS50_02","pairA","VEGFR2","DRX_AS50_02","DrugEx v2","50","Cc1cnc(Nc2ccc3c(c2)N(S(C)(=O)=O)CC3)nc1","202608531","0","-8.3","ok"
"pairA:EGFR:DRX_AS50_03","pairA","EGFR","DRX_AS50_03","DrugEx v2","50","CC(C)Cc1nnc(C(=O)Nc2nncc3ccccc23)o1","202608532","0","-8.3","ok"
"pairA:VEGFR2:DRX_AS50_03","pairA","VEGFR2","DRX_AS50_03","DrugEx v2","50","CC(C)Cc1nnc(C(=O)Nc2nncc3ccccc23)o1","202608533","0","-9.4","ok"
"pairA:EGFR:DRX_AS50_04","pairA","EGFR","DRX_AS50_04","DrugEx v2","50","COc1ccc(C(=O)NC(c2ccncc2)C(C)C)cc1F","202609066","0","-6.9","ok"
"pairA:VEGFR2:DRX_AS50_04","pairA","VEGFR2","DRX_AS50_04","DrugEx v2","50","COc1ccc(C(=O)NC(c2ccncc2)C(C)C)cc1F","202609067","0","-7.5","ok"
"pairA:EGFR:DRX_AS50_05","pairA","EGFR","DRX_AS50_05","DrugEx v2","50","CCC(C)NC(=O)NCCn1nc(-c2ccco2)oc1=O","202609068","0","-6.8","ok"
"pairA:VEGFR2:DRX_AS50_05","pairA","VEGFR2","DRX_AS50_05","DrugEx v2","50","CCC(C)NC(=O)NCCn1nc(-c2ccco2)oc1=O","202609069","0","-8.1","ok"
"pairA:EGFR:DRX_AS50_06","pairA","EGFR","DRX_AS50_06","DrugEx v2","50","Cc1cc(C)n(CC2CCCN2C(=O)C(C)NC(=O)c2ccco2)n1","202609070","0","-6.8","ok"
"pairA:VEGFR2:DRX_AS50_06","pairA","VEGFR2","DRX_AS50_06","DrugEx v2","50","Cc1cc(C)n(CC2CCCN2C(=O)C(C)NC(=O)c2ccco2)n1","202609071","0","-9.1","ok"
"pairA:EGFR:DRX_AS50_07","pairA","EGFR","DRX_AS50_07","DrugEx v2","50","O=C(CNC(=O)c1ccccn1)NCc1cc(-c2ccco2)on1","202609072","0","-7.3","ok"
"pairA:VEGFR2:DRX_AS50_07","pairA","VEGFR2","DRX_AS50_07","DrugEx v2","50","O=C(CNC(=O)c1ccccn1)NCc1cc(-c2ccco2)on1","202609073","0","-9","ok"
"pairA:EGFR:DRX_AS50_08","pairA","EGFR","DRX_AS50_08","DrugEx v2","50","O=S(=O)(c1cccc(Nc2ccccn2)c1)N1CCOCC1","202609074","0","-7.6","ok"
"pairA:VEGFR2:DRX_AS50_08","pairA","VEGFR2","DRX_AS50_08","DrugEx v2","50","O=S(=O)(c1cccc(Nc2ccccn2)c1)N1CCOCC1","202609075","0","-8.3","ok"
"pairA:EGFR:DRX_AS50_09","pairA","EGFR","DRX_AS50_09","DrugEx v2","50","CC(NS(C)(=O)=O)C(=O)Nc1ccc(-n2ncc3ccccc32)cc1","202609076","0","-7.9","ok"
"pairA:VEGFR2:DRX_AS50_09","pairA","VEGFR2","DRX_AS50_09","DrugEx v2","50","CC(NS(C)(=O)=O)C(=O)Nc1ccc(-n2ncc3ccccc32)cc1","202609077","0","-9","ok"
"pairA:EGFR:DRX_AS50_10","pairA","EGFR","DRX_AS50_10","DrugEx v2","50","CNc1ncccc1C(=O)NCCS(=O)(=O)N1CCCCC1","202609078","0","-6.9","ok"
"pairA:VEGFR2:DRX_AS50_10","pairA","VEGFR2","DRX_AS50_10","DrugEx v2","50","CNc1ncccc1C(=O)NCCS(=O)(=O)N1CCCCC1","202609079","0","-8","ok"
"pairA:EGFR:DRX_AS51_01","pairA","EGFR","DRX_AS51_01","DrugEx v2","51","COC(=O)Nc1cccc(NC(=O)Nc2cccc(C)c2)n1","202608534","0","-7.9","ok"
"pairA:VEGFR2:DRX_AS51_01","pairA","VEGFR2","DRX_AS51_01","DrugEx v2","51","COC(=O)Nc1cccc(NC(=O)Nc2cccc(C)c2)n1","202608535","0","-9.3","ok"
"pairA:EGFR:DRX_AS51_02","pairA","EGFR","DRX_AS51_02","DrugEx v2","51","Nc1ccnc(C(=O)Nc2ccc(F)c(Cl)c2)c1","202608536","0","-7.4","ok"
"pairA:VEGFR2:DRX_AS51_02","pairA","VEGFR2","DRX_AS51_02","DrugEx v2","51","Nc1ccnc(C(=O)Nc2ccc(F)c(Cl)c2)c1","202608537","0","-8.9","ok"
"pairA:EGFR:DRX_AS51_03","pairA","EGFR","DRX_AS51_03","DrugEx v2","51","Cc1cc(C)nc(NC(=O)Nc2cc(S(C)(=O)=O)ccc2F)n1","202608538","0","-7.5","ok"
"pairA:VEGFR2:DRX_AS51_03","pairA","VEGFR2","DRX_AS51_03","DrugEx v2","51","Cc1cc(C)nc(NC(=O)Nc2cc(S(C)(=O)=O)ccc2F)n1","202608539","0","-9.6","ok"
"pairA:EGFR:DRX_AS51_04","pairA","EGFR","DRX_AS51_04","DrugEx v2","51","COc1cc(CNC(=O)CCN2CCOC2=O)ccn1","202609086","0","-6.5","ok"
"pairA:VEGFR2:DRX_AS51_04","pairA","VEGFR2","DRX_AS51_04","DrugEx v2","51","COc1cc(CNC(=O)CCN2CCOC2=O)ccn1","202609087","0","-7.7","ok"
"pairA:EGFR:DRX_AS51_05","pairA","EGFR","DRX_AS51_05","DrugEx v2","51","CNC(=O)c1cc(NC(=O)NCc2cc(Cl)ccn2)ccc1F","202609088","0","-7.5","ok"
"pairA:VEGFR2:DRX_AS51_05","pairA","VEGFR2","DRX_AS51_05","DrugEx v2","51","CNC(=O)c1cc(NC(=O)NCc2cc(Cl)ccn2)ccc1F","202609089","0","-9.7","ok"
"pairA:EGFR:DRX_AS51_06","pairA","EGFR","DRX_AS51_06","DrugEx v2","51","COCc1cc(C)nc(Nc2ccc(Cl)cn2)n1","202609090","0","-6.3","ok"
"pairA:VEGFR2:DRX_AS51_06","pairA","VEGFR2","DRX_AS51_06","DrugEx v2","51","COCc1cc(C)nc(Nc2ccc(Cl)cn2)n1","202609091","0","-8.3","ok"
"pairA:EGFR:DRX_AS51_07","pairA","EGFR","DRX_AS51_07","DrugEx v2","51","O=C(Nc1ccc(-n2cncn2)c(F)c1)c1csc(-c2ccco2)n1","202609092","0","-7.7","ok"
"pairA:VEGFR2:DRX_AS51_07","pairA","VEGFR2","DRX_AS51_07","DrugEx v2","51","O=C(Nc1ccc(-n2cncn2)c(F)c1)c1csc(-c2ccco2)n1","202609093","0","-10.1","ok"
"pairA:EGFR:DRX_AS51_08","pairA","EGFR","DRX_AS51_08","DrugEx v2","51","CC(=O)Nc1cc(S(=O)(=O)NCc2nc(C3CC3)no2)cc2occc12","202609094","0","-7.7","ok"
"pairA:VEGFR2:DRX_AS51_08","pairA","VEGFR2","DRX_AS51_08","DrugEx v2","51","CC(=O)Nc1cc(S(=O)(=O)NCc2nc(C3CC3)no2)cc2occc12","202609095","0","-9","ok"
"pairA:EGFR:DRX_AS51_09","pairA","EGFR","DRX_AS51_09","DrugEx v2","51","COc1ccccc1Nc1ccc(S(=O)(=O)N2CCC2)cn1","202609096","0","-7.3","ok"
"pairA:VEGFR2:DRX_AS51_09","pairA","VEGFR2","DRX_AS51_09","DrugEx v2","51","COc1ccccc1Nc1ccc(S(=O)(=O)N2CCC2)cn1","202609097","0","-8.7","ok"
"pairA:EGFR:DRX_AS51_10","pairA","EGFR","DRX_AS51_10","DrugEx v2","51","CNc1cc(C(=O)N2CCC3(CCCC3)C2)ccn1","202609098","0","-6.9","ok"
"pairA:VEGFR2:DRX_AS51_10","pairA","VEGFR2","DRX_AS51_10","DrugEx v2","51","CNc1cc(C(=O)N2CCC3(CCCC3)C2)ccn1","202609099","0","-8.8","ok"
"pairA:EGFR:MLS_AS42_01","pairA","EGFR","MLS_AS42_01","MO-LSO","42","CCc1cc(Nc2cccc(NC(C)c3ccncc3)c2)ccn1","202608540","0","-7.7","ok"
"pairA:VEGFR2:MLS_AS42_01","pairA","VEGFR2","MLS_AS42_01","MO-LSO","42","CCc1cc(Nc2cccc(NC(C)c3ccncc3)c2)ccn1","202608541","0","-9.5","ok"
"pairA:EGFR:MLS_AS42_02","pairA","EGFR","MLS_AS42_02","MO-LSO","42","CCc1cc(Nc2cccc(NC(C)c3cccnc3)c2)ccn1","202608542","0","-7.9","ok"
"pairA:VEGFR2:MLS_AS42_02","pairA","VEGFR2","MLS_AS42_02","MO-LSO","42","CCc1cc(Nc2cccc(NC(C)c3cccnc3)c2)ccn1","202608543","0","-9.8","ok"
"pairA:EGFR:MLS_AS42_03","pairA","EGFR","MLS_AS42_03","MO-LSO","42","COC(=O)Nc1cc(C(C)NC(=O)c2cn[nH]c2C)ccn1","202608544","0","-8.1","ok"
"pairA:VEGFR2:MLS_AS42_03","pairA","VEGFR2","MLS_AS42_03","MO-LSO","42","COC(=O)Nc1cc(C(C)NC(=O)c2cn[nH]c2C)ccn1","202608545","0","-8.7","ok"
"pairA:EGFR:MLS_AS42_04","pairA","EGFR","MLS_AS42_04","MO-LSO","42","CNS(=O)(=O)c1ccc(NCC(=O)c2nccc(N3CCCC3=O)n2)cc1C","202609106","0","-8.1","ok"
"pairA:VEGFR2:MLS_AS42_04","pairA","VEGFR2","MLS_AS42_04","MO-LSO","42","CNS(=O)(=O)c1ccc(NCC(=O)c2nccc(N3CCCC3=O)n2)cc1C","202609107","0","-9.6","ok"
"pairA:EGFR:MLS_AS42_05","pairA","EGFR","MLS_AS42_05","MO-LSO","42","CCCC(C(NCC)c1cncnc1NC)N1CCc2ccccc2C1","202609108","0","-6.7","ok"
"pairA:VEGFR2:MLS_AS42_05","pairA","VEGFR2","MLS_AS42_05","MO-LSO","42","CCCC(C(NCC)c1cncnc1NC)N1CCc2ccccc2C1","202609109","0","-6.9","ok"
"pairA:EGFR:MLS_AS42_06","pairA","EGFR","MLS_AS42_06","MO-LSO","42","CCN(C(=O)c1ccccc1COC)c1cccc(Nc2nccs2)c1","202608574","0","-7.3","ok"
"pairA:VEGFR2:MLS_AS42_06","pairA","VEGFR2","MLS_AS42_06","MO-LSO","42","CCN(C(=O)c1ccccc1COC)c1cccc(Nc2nccs2)c1","202608575","0","-9","ok"
"pairA:EGFR:MLS_AS42_07","pairA","EGFR","MLS_AS42_07","MO-LSO","42","CCC(C(=O)Nc1ncnc2c1CCCC2)N1CCc2sccc2C1","202609112","0","-7.5","ok"
"pairA:VEGFR2:MLS_AS42_07","pairA","VEGFR2","MLS_AS42_07","MO-LSO","42","CCC(C(=O)Nc1ncnc2c1CCCC2)N1CCc2sccc2C1","202609113","0","-8.3","ok"
"pairA:EGFR:MLS_AS42_08","pairA","EGFR","MLS_AS42_08","MO-LSO","42","O=C1CCCC(c2cccc(Nc3nc4ccccc4o3)c2)NC1","202609114","0","-8.5","ok"
"pairA:VEGFR2:MLS_AS42_08","pairA","VEGFR2","MLS_AS42_08","MO-LSO","42","O=C1CCCC(c2cccc(Nc3nc4ccccc4o3)c2)NC1","202609115","0","-10.5","ok"
"pairA:EGFR:MLS_AS42_09","pairA","EGFR","MLS_AS42_09","MO-LSO","42","CC(OC(=O)Nc1ccn(C(F)F)n1)C(=O)Nn1cnc2cc3c(cc21)OCCO3","202609116","0","-8.1","ok"
"pairA:VEGFR2:MLS_AS42_09","pairA","VEGFR2","MLS_AS42_09","MO-LSO","42","CC(OC(=O)Nc1ccn(C(F)F)n1)C(=O)Nn1cnc2cc3c(cc21)OCCO3","202609117","0","-10.1","ok"
"pairA:EGFR:MLS_AS42_10","pairA","EGFR","MLS_AS42_10","MO-LSO","42","CCC(NC(=O)c1ccnc(N2CCC(N)CC2)n1)n1cnc2cc(F)c(F)cc21","202609118","0","-8.7","ok"
"pairA:VEGFR2:MLS_AS42_10","pairA","VEGFR2","MLS_AS42_10","MO-LSO","42","CCC(NC(=O)c1ccnc(N2CCC(N)CC2)n1)n1cnc2cc(F)c(F)cc21","202609119","0","-9.8","ok"
"pairA:EGFR:MLS_AS43_01","pairA","EGFR","MLS_AS43_01","MO-LSO","43","CNS(=O)(=O)c1cccc(NC(=O)C(C)Oc2cncc3ccccc23)c1","202608546","0","-8.1","ok"
"pairA:VEGFR2:MLS_AS43_01","pairA","VEGFR2","MLS_AS43_01","MO-LSO","43","CNS(=O)(=O)c1cccc(NC(=O)C(C)Oc2cncc3ccccc23)c1","202608547","0","-8.8","ok"
"pairA:EGFR:MLS_AS43_02","pairA","EGFR","MLS_AS43_02","MO-LSO","43","CCCc1cc(NC(C)(CC)CNS(C)(=O)=O)ccn1","202608548","0","-6.3","ok"
"pairA:VEGFR2:MLS_AS43_02","pairA","VEGFR2","MLS_AS43_02","MO-LSO","43","CCCc1cc(NC(C)(CC)CNS(C)(=O)=O)ccn1","202608549","0","-6.4","ok"
"pairA:EGFR:MLS_AS43_03","pairA","EGFR","MLS_AS43_03","MO-LSO","43","Cc1cccc(N(C)C(=O)c2cccc(Nc3ccccc3F)n2)c1","202608550","0","-8.3","ok"
"pairA:VEGFR2:MLS_AS43_03","pairA","VEGFR2","MLS_AS43_03","MO-LSO","43","Cc1cccc(N(C)C(=O)c2cccc(Nc3ccccc3F)n2)c1","202608551","0","-10.1","ok"
"pairA:EGFR:MLS_AS43_04","pairA","EGFR","MLS_AS43_04","MO-LSO","43","CCNS(=O)(=O)c1cc(C(=O)C(C)OC)c2nc[nH]c(=O)c2c1","202609126","0","-7.4","ok"
"pairA:VEGFR2:MLS_AS43_04","pairA","VEGFR2","MLS_AS43_04","MO-LSO","43","CCNS(=O)(=O)c1cc(C(=O)C(C)OC)c2nc[nH]c(=O)c2c1","202609127","0","-6.7","ok"
"pairA:EGFR:MLS_AS43_05","pairA","EGFR","MLS_AS43_05","MO-LSO","43","CCOC(Cn1c(C)coc1=O)c1cccc(Nc2nccc(C)n2)c1","202609128","0","-7.7","ok"
"pairA:VEGFR2:MLS_AS43_05","pairA","VEGFR2","MLS_AS43_05","MO-LSO","43","CCOC(Cn1c(C)coc1=O)c1cccc(Nc2nccc(C)n2)c1","202609129","0","-8.5","ok"
"pairA:EGFR:MLS_AS43_06","pairA","EGFR","MLS_AS43_06","MO-LSO","43","CCN1CCN(C(=O)C(Cc2cncc3ccccc23)Nc2cnc(=O)[nH]n2)CC1","202609130","0","-8.1","ok"
"pairA:VEGFR2:MLS_AS43_06","pairA","VEGFR2","MLS_AS43_06","MO-LSO","43","CCN1CCN(C(=O)C(Cc2cncc3ccccc23)Nc2cnc(=O)[nH]n2)CC1","202609131","0","-8.1","ok"
"pairA:EGFR:MLS_AS43_07","pairA","EGFR","MLS_AS43_07","MO-LSO","43","O=C1CCCC(c2cccc(Nc3nc4ccccc4o3)c2)NC1","202609114","0","-8.5","ok"
"pairA:VEGFR2:MLS_AS43_07","pairA","VEGFR2","MLS_AS43_07","MO-LSO","43","O=C1CCCC(c2cccc(Nc3nc4ccccc4o3)c2)NC1","202609115","0","-10.5","ok"
"pairA:EGFR:MLS_AS43_08","pairA","EGFR","MLS_AS43_08","MO-LSO","43","Cc1c(C(C)C)cc(C(=O)Nc2ccco2)nc1NC1CCN(C)C1=O","202609134","0","-8.1","ok"
"pairA:VEGFR2:MLS_AS43_08","pairA","VEGFR2","MLS_AS43_08","MO-LSO","43","Cc1c(C(C)C)cc(C(=O)Nc2ccco2)nc1NC1CCN(C)C1=O","202609135","0","-9.2","ok"
"pairA:EGFR:MLS_AS43_09","pairA","EGFR","MLS_AS43_09","MO-LSO","43","CCCc1cc(NC(C)CNC(C)(C)C)ccn1","202609136","0","-6","ok"
"pairA:VEGFR2:MLS_AS43_09","pairA","VEGFR2","MLS_AS43_09","MO-LSO","43","CCCc1cc(NC(C)CNC(C)(C)C)ccn1","202609137","0","-7.3","ok"
"pairA:EGFR:MLS_AS43_10","pairA","EGFR","MLS_AS43_10","MO-LSO","43","Cc1cnn(C2CCCCN2c2ncncc2Nc2ccncc2C(C)C)c1","202609138","0","-7.4","ok"
"pairA:VEGFR2:MLS_AS43_10","pairA","VEGFR2","MLS_AS43_10","MO-LSO","43","Cc1cnn(C2CCCCN2c2ncncc2Nc2ccncc2C(C)C)c1","202609139","0","-7.5","ok"
"pairA:EGFR:MLS_AS44_01","pairA","EGFR","MLS_AS44_01","MO-LSO","44","CCc1ccnc(C)c1Nc1cc(C(C)N)ccn1","202608552","0","-7.1","ok"
"pairA:VEGFR2:MLS_AS44_01","pairA","VEGFR2","MLS_AS44_01","MO-LSO","44","CCc1ccnc(C)c1Nc1cc(C(C)N)ccn1","202608553","0","-7.2","ok"
"pairA:EGFR:MLS_AS44_02","pairA","EGFR","MLS_AS44_02","MO-LSO","44","CC(C)Cc1cc(C(=O)NC(c2ccncc2)C(C)C)ncn1","202608554","0","-6.9","ok"
"pairA:VEGFR2:MLS_AS44_02","pairA","VEGFR2","MLS_AS44_02","MO-LSO","44","CC(C)Cc1cc(C(=O)NC(c2ccncc2)C(C)C)ncn1","202608555","0","-8.5","ok"
"pairA:EGFR:MLS_AS44_03","pairA","EGFR","MLS_AS44_03","MO-LSO","44","CC(C)N(C)S(=O)(=O)Nc1nccc(Cc2cc(C3CCCC3)ccn2)n1","202608556","0","-7.9","ok"
"pairA:VEGFR2:MLS_AS44_03","pairA","VEGFR2","MLS_AS44_03","MO-LSO","44","CC(C)N(C)S(=O)(=O)Nc1nccc(Cc2cc(C3CCCC3)ccn2)n1","202608557","0","-8.5","ok"
"pairA:EGFR:MLS_AS44_04","pairA","EGFR","MLS_AS44_04","MO-LSO","44","CCc1ccnc(C)c1Nc1ncc(C(C)NC)cc1C","202609146","0","-6.7","ok"
"pairA:VEGFR2:MLS_AS44_04","pairA","VEGFR2","MLS_AS44_04","MO-LSO","44","CCc1ccnc(C)c1Nc1ncc(C(C)NC)cc1C","202609147","0","-7.8","ok"
"pairA:EGFR:MLS_AS44_05","pairA","EGFR","MLS_AS44_05","MO-LSO","44","O=C1CCCC(c2cccc(Nc3nc4ccccc4o3)c2)NC1","202609114","0","-8.5","ok"
"pairA:VEGFR2:MLS_AS44_05","pairA","VEGFR2","MLS_AS44_05","MO-LSO","44","O=C1CCCC(c2cccc(Nc3nc4ccccc4o3)c2)NC1","202609115","0","-10.5","ok"
"pairA:EGFR:MLS_AS44_06","pairA","EGFR","MLS_AS44_06","MO-LSO","44","Cc1cc(Nc2nc(C(C)C)c3c(C)ccnc3c2C)nc(C(C)NS(C)(=O)=O)c1","202609150","0","-8.3","ok"
"pairA:VEGFR2:MLS_AS44_06","pairA","VEGFR2","MLS_AS44_06","MO-LSO","44","Cc1cc(Nc2nc(C(C)C)c3c(C)ccnc3c2C)nc(C(C)NS(C)(=O)=O)c1","202609151","0","-9","ok"
"pairA:EGFR:MLS_AS44_07","pairA","EGFR","MLS_AS44_07","MO-LSO","44","CNc1ccnc(C(C)Nc2cc(C(C)C)ccn2)c1","202609152","0","-7.1","ok"
"pairA:VEGFR2:MLS_AS44_07","pairA","VEGFR2","MLS_AS44_07","MO-LSO","44","CNc1ccnc(C(C)Nc2cc(C(C)C)ccn2)c1","202609153","0","-8.9","ok"
"pairA:EGFR:MLS_AS44_08","pairA","EGFR","MLS_AS44_08","MO-LSO","44","CC(Oc1ccccc1C(=O)N1CCNC(C)(CNc2ccccn2)C1)N1CCCCCC1=O","202609154","0","-8.4","ok"
"pairA:VEGFR2:MLS_AS44_08","pairA","VEGFR2","MLS_AS44_08","MO-LSO","44","CC(Oc1ccccc1C(=O)N1CCNC(C)(CNc2ccccn2)C1)N1CCCCCC1=O","202609155","0","-8.4","ok"
"pairA:EGFR:MLS_AS44_09","pairA","EGFR","MLS_AS44_09","MO-LSO","44","COCc1ccc2cnncc2c1NC(=O)CC(C)(C)C","202609156","0","-7","ok"
"pairA:VEGFR2:MLS_AS44_09","pairA","VEGFR2","MLS_AS44_09","MO-LSO","44","COCc1ccc2cnncc2c1NC(=O)CC(C)(C)C","202609157","0","-7","ok"
"pairA:EGFR:MLS_AS44_10","pairA","EGFR","MLS_AS44_10","MO-LSO","44","NC(=O)c1ccncc1Nc1cnc(Cl)nc1N1C=Cc2ccccc2C1","202609158","0","-9.2","ok"
"pairA:VEGFR2:MLS_AS44_10","pairA","VEGFR2","MLS_AS44_10","MO-LSO","44","NC(=O)c1ccncc1Nc1cnc(Cl)nc1N1C=Cc2ccccc2C1","202609159","0","-8.2","ok"
"pairA:EGFR:MLS_AS45_01","pairA","EGFR","MLS_AS45_01","MO-LSO","45","CC(O)c1cnc(C(=O)NCC(C)c2cccc3ccncc23)s1","202608558","0","-7.6","ok"
"pairA:VEGFR2:MLS_AS45_01","pairA","VEGFR2","MLS_AS45_01","MO-LSO","45","CC(O)c1cnc(C(=O)NCC(C)c2cccc3ccncc23)s1","202608559","0","-9.8","ok"
"pairA:EGFR:MLS_AS45_02","pairA","EGFR","MLS_AS45_02","MO-LSO","45","CCCc1csc(-c2nccc(NC(CNC(C)=O)C(C)(C)C(C)C)n2)c1","202608560","0","-7.2","ok"
"pairA:VEGFR2:MLS_AS45_02","pairA","VEGFR2","MLS_AS45_02","MO-LSO","45","CCCc1csc(-c2nccc(NC(CNC(C)=O)C(C)(C)C(C)C)n2)c1","202608561","0","-8.3","ok"
"pairA:EGFR:MLS_AS45_03","pairA","EGFR","MLS_AS45_03","MO-LSO","45","CC(C)c1nnc(S(=O)(=O)CC(=O)Nc2cccc3cnccc23)o1","202608562","0","-7.9","ok"
"pairA:VEGFR2:MLS_AS45_03","pairA","VEGFR2","MLS_AS45_03","MO-LSO","45","CC(C)c1nnc(S(=O)(=O)CC(=O)Nc2cccc3cnccc23)o1","202608563","0","-9.1","ok"
"pairA:EGFR:MLS_AS45_04","pairA","EGFR","MLS_AS45_04","MO-LSO","45","CCc1nnc(C(=O)c2cc(NC(C)(C)c3cc(C)c(C)s3)ccn2)o1","202609166","0","-8.4","ok"
"pairA:VEGFR2:MLS_AS45_04","pairA","VEGFR2","MLS_AS45_04","MO-LSO","45","CCc1nnc(C(=O)c2cc(NC(C)(C)c3cc(C)c(C)s3)ccn2)o1","202609167","0","-8.8","ok"
"pairA:EGFR:MLS_AS45_05","pairA","EGFR","MLS_AS45_05","MO-LSO","45","CCCC(C)C(C)CC(Nc1cc(N2CCCC2)ccn1)C(=O)NCC","202609168","0","-6.9","ok"
"pairA:VEGFR2:MLS_AS45_05","pairA","VEGFR2","MLS_AS45_05","MO-LSO","45","CCCC(C)C(C)CC(Nc1cc(N2CCCC2)ccn1)C(=O)NCC","202609169","0","-7.2","ok"
"pairA:EGFR:MLS_AS45_06","pairA","EGFR","MLS_AS45_06","MO-LSO","45","CCc1cc(-c2ccnc3c(Nc4ccncc4)cncc23)ccn1","202609170","0","-8.4","ok"
"pairA:VEGFR2:MLS_AS45_06","pairA","VEGFR2","MLS_AS45_06","MO-LSO","45","CCc1cc(-c2ccnc3c(Nc4ccncc4)cncc23)ccn1","202609171","0","-9.3","ok"
"pairA:EGFR:MLS_AS45_07","pairA","EGFR","MLS_AS45_07","MO-LSO","45","CCCc1csc(-c2nccc(NC(CNC(C)=O)C(C)C(C)(C)C)n2)c1","202609172","0","-7.6","ok"
"pairA:VEGFR2:MLS_AS45_07","pairA","VEGFR2","MLS_AS45_07","MO-LSO","45","CCCc1csc(-c2nccc(NC(CNC(C)=O)C(C)C(C)(C)C)n2)c1","202609173","0","-8.5","ok"
"pairA:EGFR:MLS_AS45_08","pairA","EGFR","MLS_AS45_08","MO-LSO","45","CC1CN(C(=O)NCC(C)c2cccc(Nc3ccccn3)c2)CCN1","202609174","0","-8.1","ok"
"pairA:VEGFR2:MLS_AS45_08","pairA","VEGFR2","MLS_AS45_08","MO-LSO","45","CC1CN(C(=O)NCC(C)c2cccc(Nc3ccccn3)c2)CCN1","202609175","0","-9.9","ok"
"pairA:EGFR:MLS_AS45_09","pairA","EGFR","MLS_AS45_09","MO-LSO","45","CCC(=O)CC(Nc1ccc2cncc(C)c2c1)N1CCCC1C","202609176","0","-8","ok"
"pairA:VEGFR2:MLS_AS45_09","pairA","VEGFR2","MLS_AS45_09","MO-LSO","45","CCC(=O)CC(Nc1ccc2cncc(C)c2c1)N1CCCC1C","202609177","0","-8.1","ok"
"pairA:EGFR:MLS_AS45_10","pairA","EGFR","MLS_AS45_10","MO-LSO","45","COc1ccc(NC(=O)c2nc3ccc(C(C)O)cc3o2)cc1N1CCCC1","202609178","0","-7.9","ok"
"pairA:VEGFR2:MLS_AS45_10","pairA","VEGFR2","MLS_AS45_10","MO-LSO","45","COc1ccc(NC(=O)c2nc3ccc(C(C)O)cc3o2)cc1N1CCCC1","202609179","0","-10.3","ok"
"pairA:EGFR:MLS_AS46_01","pairA","EGFR","MLS_AS46_01","MO-LSO","46","CCCC(=O)Nc1ccnc(Cc2cncc(Nc3ccncc3Cl)c2)c1","202608564","0","-7.9","ok"
"pairA:VEGFR2:MLS_AS46_01","pairA","VEGFR2","MLS_AS46_01","MO-LSO","46","CCCC(=O)Nc1ccnc(Cc2cncc(Nc3ccncc3Cl)c2)c1","202608565","0","-9.2","ok"
"pairA:EGFR:MLS_AS46_02","pairA","EGFR","MLS_AS46_02","MO-LSO","46","CC(=O)N(C)c1ccccc1C(=O)Nc1nccc2oc(C)nc12","202608566","0","-7.4","ok"
"pairA:VEGFR2:MLS_AS46_02","pairA","VEGFR2","MLS_AS46_02","MO-LSO","46","CC(=O)N(C)c1ccccc1C(=O)Nc1nccc2oc(C)nc12","202608567","0","-9.3","ok"
"pairA:EGFR:MLS_AS46_03","pairA","EGFR","MLS_AS46_03","MO-LSO","46","CCCOC(C)CNc1ccnc(Cc2cc(N3CCCCC3)c(Cl)cn2)c1","202608568","0","-7.2","ok"
"pairA:VEGFR2:MLS_AS46_03","pairA","VEGFR2","MLS_AS46_03","MO-LSO","46","CCCOC(C)CNc1ccnc(Cc2cc(N3CCCCC3)c(Cl)cn2)c1","202608569","0","-8.9","ok"
"pairA:EGFR:MLS_AS46_04","pairA","EGFR","MLS_AS46_04","MO-LSO","46","CC(N)CNC(=O)c1nncc2ccc(F)cc12","202609186","0","-7.4","ok"
"pairA:VEGFR2:MLS_AS46_04","pairA","VEGFR2","MLS_AS46_04","MO-LSO","46","CC(N)CNC(=O)c1nncc2ccc(F)cc12","202609187","0","-8.2","ok"
"pairA:EGFR:MLS_AS46_05","pairA","EGFR","MLS_AS46_05","MO-LSO","46","CCc1cc(Nc2ccnc(-c3ccccn3)c2)ccn1","202609188","0","-7.5","ok"
"pairA:VEGFR2:MLS_AS46_05","pairA","VEGFR2","MLS_AS46_05","MO-LSO","46","CCc1cc(Nc2ccnc(-c3ccccn3)c2)ccn1","202609189","0","-9.1","ok"
"pairA:EGFR:MLS_AS46_06","pairA","EGFR","MLS_AS46_06","MO-LSO","46","CC(NC(=O)c1nccc2cc(NC(N)=O)ccc12)c1ccco1","202609190","0","-8.2","ok"
"pairA:VEGFR2:MLS_AS46_06","pairA","VEGFR2","MLS_AS46_06","MO-LSO","46","CC(NC(=O)c1nccc2cc(NC(N)=O)ccc12)c1ccco1","202609191","0","-10","ok"
"pairA:EGFR:MLS_AS46_07","pairA","EGFR","MLS_AS46_07","MO-LSO","46","CCCc1ccnc(NC2(C(=O)Nc3ccnc4c3ccn4CC)CCOCC2)c1","202609192","0","-8","ok"
"pairA:VEGFR2:MLS_AS46_07","pairA","VEGFR2","MLS_AS46_07","MO-LSO","46","CCCc1ccnc(NC2(C(=O)Nc3ccnc4c3ccn4CC)CCOCC2)c1","202609193","0","-8.8","ok"
"pairA:EGFR:MLS_AS46_08","pairA","EGFR","MLS_AS46_08","MO-LSO","46","CC(=O)N(c1ccc(Nc2nccs2)cc1)C(C)C(=O)N1CCCC1","202609194","0","-7.4","ok"
"pairA:VEGFR2:MLS_AS46_08","pairA","VEGFR2","MLS_AS46_08","MO-LSO","46","CC(=O)N(c1ccc(Nc2nccs2)cc1)C(C)C(=O)N1CCCC1","202609195","0","-8.1","ok"
"pairA:EGFR:MLS_AS46_09","pairA","EGFR","MLS_AS46_09","MO-LSO","46","COc1nccc(F)c1OC1(c2cncc(Nc3cncc(Cl)c3)c2)OCCO1","202609196","0","-8","ok"
"pairA:VEGFR2:MLS_AS46_09","pairA","VEGFR2","MLS_AS46_09","MO-LSO","46","COc1nccc(F)c1OC1(c2cncc(Nc3cncc(Cl)c3)c2)OCCO1","202609197","0","-8.9","ok"
"pairA:EGFR:MLS_AS46_10","pairA","EGFR","MLS_AS46_10","MO-LSO","46","CCOc1ccccc1S(=O)(=O)Nc1ncnc2c(N3CCOCC3)ccnc12","202609198","0","-7.7","ok"
"pairA:VEGFR2:MLS_AS46_10","pairA","VEGFR2","MLS_AS46_10","MO-LSO","46","CCOc1ccccc1S(=O)(=O)Nc1ncnc2c(N3CCOCC3)ccnc12","202609199","0","-8.5","ok"
"pairA:EGFR:MLS_AS47_01","pairA","EGFR","MLS_AS47_01","MO-LSO","47","CC(CNc1nnco1)C1CCCN(c2cncc3ccncc23)C1","202608570","0","-7.7","ok"
"pairA:VEGFR2:MLS_AS47_01","pairA","VEGFR2","MLS_AS47_01","MO-LSO","47","CC(CNc1nnco1)C1CCCN(c2cncc3ccncc23)C1","202608571","0","-9","ok"
"pairA:EGFR:MLS_AS47_02","pairA","EGFR","MLS_AS47_02","MO-LSO","47","CC(=O)NCC(c1cccc(F)c1)c1nccc2ccccc12","202608572","0","-8.8","ok"
"pairA:VEGFR2:MLS_AS47_02","pairA","VEGFR2","MLS_AS47_02","MO-LSO","47","CC(=O)NCC(c1cccc(F)c1)c1nccc2ccccc12","202608573","0","-8.8","ok"
"pairA:EGFR:MLS_AS47_03","pairA","EGFR","MLS_AS47_03","MO-LSO","47","CCN(C(=O)c1ccccc1COC)c1cccc(Nc2nccs2)c1","202608574","0","-7.3","ok"
"pairA:VEGFR2:MLS_AS47_03","pairA","VEGFR2","MLS_AS47_03","MO-LSO","47","CCN(C(=O)c1ccccc1COC)c1cccc(Nc2nccs2)c1","202608575","0","-9","ok"
"pairA:EGFR:MLS_AS47_04","pairA","EGFR","MLS_AS47_04","MO-LSO","47","Fc1nnc(Cc2ccnc(Nc3cc4cccnc4cn3)c2)o1","202609206","0","-8.2","ok"
"pairA:VEGFR2:MLS_AS47_04","pairA","VEGFR2","MLS_AS47_04","MO-LSO","47","Fc1nnc(Cc2ccnc(Nc3cc4cccnc4cn3)c2)o1","202609207","0","-10.3","ok"
"pairA:EGFR:MLS_AS47_05","pairA","EGFR","MLS_AS47_05","MO-LSO","47","Fc1nnc(Cc2nnc(Nc3cc4cccnc4cn3)o2)o1","202609208","0","-8.4","ok"
"pairA:VEGFR2:MLS_AS47_05","pairA","VEGFR2","MLS_AS47_05","MO-LSO","47","Fc1nnc(Cc2nnc(Nc3cc4cccnc4cn3)o2)o1","202609209","0","-9.8","ok"
"pairA:EGFR:MLS_AS47_06","pairA","EGFR","MLS_AS47_06","MO-LSO","47","CCn1cc(C(=O)NCCC(=O)N2CCCC(c3cc(N)ccn3)C2)nn1","202609210","0","-8","ok"
"pairA:VEGFR2:MLS_AS47_06","pairA","VEGFR2","MLS_AS47_06","MO-LSO","47","CCn1cc(C(=O)NCCC(=O)N2CCCC(c3cc(N)ccn3)C2)nn1","202609211","0","-9.9","ok"
"pairA:EGFR:MLS_AS47_07","pairA","EGFR","MLS_AS47_07","MO-LSO","47","CNc1cc(C(=O)N2CCNC(C)(C(C)C)C2)ncn1","202609212","0","-6.6","ok"
"pairA:VEGFR2:MLS_AS47_07","pairA","VEGFR2","MLS_AS47_07","MO-LSO","47","CNc1cc(C(=O)N2CCNC(C)(C(C)C)C2)ncn1","202609213","0","-8","ok"
"pairA:EGFR:MLS_AS47_08","pairA","EGFR","MLS_AS47_08","MO-LSO","47","CCNc1ccc(NC(=O)c2nnc(C(C)OC)o2)cc1C(C)C","202609214","0","-7.4","ok"
"pairA:VEGFR2:MLS_AS47_08","pairA","VEGFR2","MLS_AS47_08","MO-LSO","47","CCNc1ccc(NC(=O)c2nnc(C(C)OC)o2)cc1C(C)C","202609215","0","-8.5","ok"
"pairA:EGFR:MLS_AS47_09","pairA","EGFR","MLS_AS47_09","MO-LSO","47","Cc1cnc(C2CCCN(c3nnco3)C2)nc1Nc1cccc(Cl)c1","202609216","0","-8.5","ok"
"pairA:VEGFR2:MLS_AS47_09","pairA","VEGFR2","MLS_AS47_09","MO-LSO","47","Cc1cnc(C2CCCN(c3nnco3)C2)nc1Nc1cccc(Cl)c1","202609217","0","-10.5","ok"
"pairA:EGFR:MLS_AS47_10","pairA","EGFR","MLS_AS47_10","MO-LSO","47","Fc1nnc(Cc2ccnc(Nc3cc4cnccc4cn3)c2)o1","202609218","0","-8.7","ok"
"pairA:VEGFR2:MLS_AS47_10","pairA","VEGFR2","MLS_AS47_10","MO-LSO","47","Fc1nnc(Cc2ccnc(Nc3cc4cnccc4cn3)c2)o1","202609219","0","-10.1","ok"
"pairA:EGFR:MLS_AS48_01","pairA","EGFR","MLS_AS48_01","MO-LSO","48","Cc1ccnc(Nc2cc(Oc3ccncc3F)ccn2)c1C(C)N","202608576","0","-7.7","ok"
"pairA:VEGFR2:MLS_AS48_01","pairA","VEGFR2","MLS_AS48_01","MO-LSO","48","Cc1ccnc(Nc2cc(Oc3ccncc3F)ccn2)c1C(C)N","202608577","0","-8.6","ok"
"pairA:EGFR:MLS_AS48_02","pairA","EGFR","MLS_AS48_02","MO-LSO","48","c1cncc(Nc2cc(-c3nnco3)nc(N3CCCCC3)c2)c1","202608578","0","-8.1","ok"
"pairA:VEGFR2:MLS_AS48_02","pairA","VEGFR2","MLS_AS48_02","MO-LSO","48","c1cncc(Nc2cc(-c3nnco3)nc(N3CCCCC3)c2)c1","202608579","0","-8.2","ok"
"pairA:EGFR:MLS_AS48_03","pairA","EGFR","MLS_AS48_03","MO-LSO","48","Cc1cc(NC(C)C)cc(Nc2cc3ncccc3cn2)n1","202608580","0","-7.6","ok"
"pairA:VEGFR2:MLS_AS48_03","pairA","VEGFR2","MLS_AS48_03","MO-LSO","48","Cc1cc(NC(C)C)cc(Nc2cc3ncccc3cn2)n1","202608581","0","-9.5","ok"
"pairA:EGFR:MLS_AS48_04","pairA","EGFR","MLS_AS48_04","MO-LSO","48","CCN(C(=O)c1ccccc1COC)c1cccc(Nc2nccs2)c1","202608574","0","-7.3","ok"
"pairA:VEGFR2:MLS_AS48_04","pairA","VEGFR2","MLS_AS48_04","MO-LSO","48","CCN(C(=O)c1ccccc1COC)c1cccc(Nc2nccs2)c1","202608575","0","-9","ok"
"pairA:EGFR:MLS_AS48_05","pairA","EGFR","MLS_AS48_05","MO-LSO","48","CC(C)C(Nc1ccc2c(c1)NCC(=O)N2)c1ccncc1","202609228","0","-7.9","ok"
"pairA:VEGFR2:MLS_AS48_05","pairA","VEGFR2","MLS_AS48_05","MO-LSO","48","CC(C)C(Nc1ccc2c(c1)NCC(=O)N2)c1ccncc1","202609229","0","-8.4","ok"
"pairA:EGFR:MLS_AS48_06","pairA","EGFR","MLS_AS48_06","MO-LSO","48","CC(OCC1CCCCO1)C(=O)Nc1cccc2cnncc12","202609230","0","-7.7","ok"
"pairA:VEGFR2:MLS_AS48_06","pairA","VEGFR2","MLS_AS48_06","MO-LSO","48","CC(OCC1CCCCO1)C(=O)Nc1cccc2cnncc12","202609231","0","-9","ok"
"pairA:EGFR:MLS_AS48_07","pairA","EGFR","MLS_AS48_07","MO-LSO","48","Cc1ccncc1-c1ccnc(Nc2cc3c(C)nccc3cn2)c1","202609232","0","-8.5","ok"
"pairA:VEGFR2:MLS_AS48_07","pairA","VEGFR2","MLS_AS48_07","MO-LSO","48","Cc1ccncc1-c1ccnc(Nc2cc3c(C)nccc3cn2)c1","202609233","0","-10.3","ok"
"pairA:EGFR:MLS_AS48_08","pairA","EGFR","MLS_AS48_08","MO-LSO","48","CC(C)c1n[nH]c(Nc2ccc(N3CCCCC3)nc2)n1","202609234","0","-7.8","ok"
"pairA:VEGFR2:MLS_AS48_08","pairA","VEGFR2","MLS_AS48_08","MO-LSO","48","CC(C)c1n[nH]c(Nc2ccc(N3CCCCC3)nc2)n1","202609235","0","-9.3","ok"
"pairA:EGFR:MLS_AS48_09","pairA","EGFR","MLS_AS48_09","MO-LSO","48","CC(C)c1ncn(-c2nnc(Nc3cnc4cccnc4c3)o2)n1","202609236","0","-8.1","ok"
"pairA:VEGFR2:MLS_AS48_09","pairA","VEGFR2","MLS_AS48_09","MO-LSO","48","CC(C)c1ncn(-c2nnc(Nc3cnc4cccnc4c3)o2)n1","202609237","0","-9.9","ok"
"pairA:EGFR:MLS_AS48_10","pairA","EGFR","MLS_AS48_10","MO-LSO","48","CC(C)(C)Nc1ccnc(Nc2nccc3ncncc23)c1","202609238","0","-7.5","ok"
"pairA:VEGFR2:MLS_AS48_10","pairA","VEGFR2","MLS_AS48_10","MO-LSO","48","CC(C)(C)Nc1ccnc(Nc2nccc3ncncc23)c1","202609239","0","-8.4","ok"
"pairA:EGFR:MLS_AS49_01","pairA","EGFR","MLS_AS49_01","MO-LSO","49","COC(=O)Nc1cc(C(C)NC(=O)c2cc(C)n[nH]2)ccn1","202608582","0","-7.4","ok"
"pairA:VEGFR2:MLS_AS49_01","pairA","VEGFR2","MLS_AS49_01","MO-LSO","49","COC(=O)Nc1cc(C(C)NC(=O)c2cc(C)n[nH]2)ccn1","202608583","0","-8.3","ok"
"pairA:EGFR:MLS_AS49_02","pairA","EGFR","MLS_AS49_02","MO-LSO","49","Cc1ccnc(C(=O)Nc2cccc(C(C)Nc3cccnn3)c2)c1","202608584","0","-8.3","ok"
"pairA:VEGFR2:MLS_AS49_02","pairA","VEGFR2","MLS_AS49_02","MO-LSO","49","Cc1ccnc(C(=O)Nc2cccc(C(C)Nc3cccnn3)c2)c1","202608585","0","-10.9","ok"
"pairA:EGFR:MLS_AS49_03","pairA","EGFR","MLS_AS49_03","MO-LSO","49","CNc1ccc(Nc2nnc(Cl)o2)cn1","202608586","0","-6.3","ok"
"pairA:VEGFR2:MLS_AS49_03","pairA","VEGFR2","MLS_AS49_03","MO-LSO","49","CNc1ccc(Nc2nnc(Cl)o2)cn1","202608587","0","-7.1","ok"
"pairA:EGFR:MLS_AS49_04","pairA","EGFR","MLS_AS49_04","MO-LSO","49","CC1CNCC(C(=O)c2cccc(Nc3nccc(F)c3Cl)c2)O1","202609246","0","-8.1","ok"
"pairA:VEGFR2:MLS_AS49_04","pairA","VEGFR2","MLS_AS49_04","MO-LSO","49","CC1CNCC(C(=O)c2cccc(Nc3nccc(F)c3Cl)c2)O1","202609247","0","-9.2","ok"
"pairA:EGFR:MLS_AS49_05","pairA","EGFR","MLS_AS49_05","MO-LSO","49","CCNc1cc(-c2ccnc(NC(C)C(=O)NC)c2)ncn1","202609248","0","-7.3","ok"
"pairA:VEGFR2:MLS_AS49_05","pairA","VEGFR2","MLS_AS49_05","MO-LSO","49","CCNc1cc(-c2ccnc(NC(C)C(=O)NC)c2)ncn1","202609249","0","-8.6","ok"
"pairA:EGFR:MLS_AS49_06","pairA","EGFR","MLS_AS49_06","MO-LSO","49","Cc1cccc(C(=O)N2CCNC(C)(NCc3cccc4ccoc34)C2)n1","202609250","0","-8.2","ok"
"pairA:VEGFR2:MLS_AS49_06","pairA","VEGFR2","MLS_AS49_06","MO-LSO","49","Cc1cccc(C(=O)N2CCNC(C)(NCc3cccc4ccoc34)C2)n1","202609251","0","-8.1","ok"
"pairA:EGFR:MLS_AS49_07","pairA","EGFR","MLS_AS49_07","MO-LSO","49","Cc1cc(C)n(-c2nncc3c2nc(C)n3-c2cccc(C(C)O)c2)n1","202609252","0","-9.1","ok"
"pairA:VEGFR2:MLS_AS49_07","pairA","VEGFR2","MLS_AS49_07","MO-LSO","49","Cc1cc(C)n(-c2nncc3c2nc(C)n3-c2cccc(C(C)O)c2)n1","202609253","0","-9.4","ok"
"pairA:EGFR:MLS_AS49_08","pairA","EGFR","MLS_AS49_08","MO-LSO","49","CCC(NC(=O)c1csc2c1ncc1ccccc12)C(C)C(C)OC","202609254","0","-7.6","ok"
"pairA:VEGFR2:MLS_AS49_08","pairA","VEGFR2","MLS_AS49_08","MO-LSO","49","CCC(NC(=O)c1csc2c1ncc1ccccc12)C(C)C(C)OC","202609255","0","-7.1","ok"
"pairA:EGFR:MLS_AS49_09","pairA","EGFR","MLS_AS49_09","MO-LSO","49","CC(C)N1CCN(C(=O)CNc2ccc(C(C)n3ccoc3=O)cn2)CC1","202609256","0","-7.7","ok"
"pairA:VEGFR2:MLS_AS49_09","pairA","VEGFR2","MLS_AS49_09","MO-LSO","49","CC(C)N1CCN(C(=O)CNc2ccc(C(C)n3ccoc3=O)cn2)CC1","202609257","0","-9","ok"
"pairA:EGFR:MLS_AS49_10","pairA","EGFR","MLS_AS49_10","MO-LSO","49","CC(N)Cn1cc(NC(=O)Nc2nccc3c2c(C2CC2)nn3C)cn1","202609258","0","-7.4","ok"
"pairA:VEGFR2:MLS_AS49_10","pairA","VEGFR2","MLS_AS49_10","MO-LSO","49","CC(N)Cn1cc(NC(=O)Nc2nccc3c2c(C2CC2)nn3C)cn1","202609259","0","-8.9","ok"
"pairA:EGFR:MLS_AS50_01","pairA","EGFR","MLS_AS50_01","MO-LSO","50","CC1(CNC(=O)c2cc(Nc3ccccc3)ccn2)CCC1","202608588","0","-7.8","ok"
"pairA:VEGFR2:MLS_AS50_01","pairA","VEGFR2","MLS_AS50_01","MO-LSO","50","CC1(CNC(=O)c2cc(Nc3ccccc3)ccn2)CCC1","202608589","0","-8.7","ok"
"pairA:EGFR:MLS_AS50_02","pairA","EGFR","MLS_AS50_02","MO-LSO","50","CCc1cc(Nc2ccco2)ccn1","202608590","0","-5.9","ok"
"pairA:VEGFR2:MLS_AS50_02","pairA","VEGFR2","MLS_AS50_02","MO-LSO","50","CCc1cc(Nc2ccco2)ccn1","202608591","0","-7.4","ok"
"pairA:EGFR:MLS_AS50_03","pairA","EGFR","MLS_AS50_03","MO-LSO","50","CNc1cnc(Nc2cnc(Nc3csc(OC)n3)s2)o1","202608592","0","-6.4","ok"
"pairA:VEGFR2:MLS_AS50_03","pairA","VEGFR2","MLS_AS50_03","MO-LSO","50","CNc1cnc(Nc2cnc(Nc3csc(OC)n3)s2)o1","202608593","0","-7.6","ok"
"pairA:EGFR:MLS_AS50_04","pairA","EGFR","MLS_AS50_04","MO-LSO","50","CCc1cc(Nc2ccnc(-n3cc4ccncc4n3)c2)ccn1","202609266","0","-8","ok"
"pairA:VEGFR2:MLS_AS50_04","pairA","VEGFR2","MLS_AS50_04","MO-LSO","50","CCc1cc(Nc2ccnc(-n3cc4ccncc4n3)c2)ccn1","202609267","0","-9.7","ok"
"pairA:EGFR:MLS_AS50_05","pairA","EGFR","MLS_AS50_05","MO-LSO","50","CC(=O)n1cccc1-c1ccc(CNCC(=O)C(C)Cn2nc(C)cc2C)o1","202609268","0","-7.4","ok"
"pairA:VEGFR2:MLS_AS50_05","pairA","VEGFR2","MLS_AS50_05","MO-LSO","50","CC(=O)n1cccc1-c1ccc(CNCC(=O)C(C)Cn2nc(C)cc2C)o1","202609269","0","-9.3","ok"
"pairA:EGFR:MLS_AS50_06","pairA","EGFR","MLS_AS50_06","MO-LSO","50","CC(CN1CCCC(=O)C1)Nc1cncnc1-c1cccc(C2CCC2)c1","202609270","0","-8","ok"
"pairA:VEGFR2:MLS_AS50_06","pairA","VEGFR2","MLS_AS50_06","MO-LSO","50","CC(CN1CCCC(=O)C1)Nc1cncnc1-c1cccc(C2CCC2)c1","202609271","0","-9.9","ok"
"pairA:EGFR:MLS_AS50_07","pairA","EGFR","MLS_AS50_07","MO-LSO","50","CCNc1ccc(NC2=CCN(CC)CC2)cn1","202609272","0","-6.1","ok"
"pairA:VEGFR2:MLS_AS50_07","pairA","VEGFR2","MLS_AS50_07","MO-LSO","50","CCNc1ccc(NC2=CCN(CC)CC2)cn1","202609273","0","-7.4","ok"
"pairA:EGFR:MLS_AS50_08","pairA","EGFR","MLS_AS50_08","MO-LSO","50","CCc1cccc(Nc2ccnc(Nc3ccccn3)c2)c1","202609274","0","-7.7","ok"
"pairA:VEGFR2:MLS_AS50_08","pairA","VEGFR2","MLS_AS50_08","MO-LSO","50","CCc1cccc(Nc2ccnc(Nc3ccccn3)c2)c1","202609275","0","-9.4","ok"
"pairA:EGFR:MLS_AS50_09","pairA","EGFR","MLS_AS50_09","MO-LSO","50","CCNc1ccc(Nc2cnc3c(c2)CCN(CC)C3)cc1","202609276","0","-7.1","ok"
"pairA:VEGFR2:MLS_AS50_09","pairA","VEGFR2","MLS_AS50_09","MO-LSO","50","CCNc1ccc(Nc2cnc3c(c2)CCN(CC)C3)cc1","202609277","0","-8.7","ok"
"pairA:EGFR:MLS_AS50_10","pairA","EGFR","MLS_AS50_10","MO-LSO","50","CCSc1ccnc(Nc2cccc(Br)c2)c1","202609278","0","-6.1","ok"
"pairA:VEGFR2:MLS_AS50_10","pairA","VEGFR2","MLS_AS50_10","MO-LSO","50","CCSc1ccnc(Nc2cccc(Br)c2)c1","202609279","0","-7.9","ok"
"pairA:EGFR:MLS_AS51_01","pairA","EGFR","MLS_AS51_01","MO-LSO","51","CCc1cccc2ccnc(Nc3cc(F)ccn3)c12","202608594","0","-8","ok"
"pairA:VEGFR2:MLS_AS51_01","pairA","VEGFR2","MLS_AS51_01","MO-LSO","51","CCc1cccc2ccnc(Nc3cc(F)ccn3)c12","202608595","0","-8.5","ok"
"pairA:EGFR:MLS_AS51_02","pairA","EGFR","MLS_AS51_02","MO-LSO","51","Cc1cccc(CN(Cc2ccnc(NC(=O)OC(C)C)c2)c2ccncc2)c1","202608596","0","-8.2","ok"
"pairA:VEGFR2:MLS_AS51_02","pairA","VEGFR2","MLS_AS51_02","MO-LSO","51","Cc1cccc(CN(Cc2ccnc(NC(=O)OC(C)C)c2)c2ccncc2)c1","202608597","0","-8.8","ok"
"pairA:EGFR:MLS_AS51_03","pairA","EGFR","MLS_AS51_03","MO-LSO","51","CC(=O)NCC(c1cccc(F)c1)c1nccc2ccccc12","202608572","0","-8.8","ok"
"pairA:VEGFR2:MLS_AS51_03","pairA","VEGFR2","MLS_AS51_03","MO-LSO","51","CC(=O)NCC(c1cccc(F)c1)c1nccc2ccccc12","202608573","0","-8.8","ok"
"pairA:EGFR:MLS_AS51_04","pairA","EGFR","MLS_AS51_04","MO-LSO","51","Fc1cc(Nc2nccc(Cl)n2)cc(F)c1Nc1nnco1","202608598","0","-7.6","ok"
"pairA:VEGFR2:MLS_AS51_04","pairA","VEGFR2","MLS_AS51_04","MO-LSO","51","Fc1cc(Nc2nccc(Cl)n2)cc(F)c1Nc1nnco1","202608599","0","-9.1","ok"
"pairA:EGFR:MLS_AS51_05","pairA","EGFR","MLS_AS51_05","MO-LSO","51","CC(Sc1ccccn1)c1cccc(Nc2nnc(CN3CCOCC3)o2)c1","202609288","0","-7.7","ok"
"pairA:VEGFR2:MLS_AS51_05","pairA","VEGFR2","MLS_AS51_05","MO-LSO","51","CC(Sc1ccccn1)c1cccc(Nc2nnc(CN3CCOCC3)o2)c1","202609289","0","-10.5","ok"
"pairA:EGFR:MLS_AS51_06","pairA","EGFR","MLS_AS51_06","MO-LSO","51","Fc1nccc(Nc2cc(F)c(Nc3nnco3)c(Cl)c2)n1","202609290","0","-7.5","ok"
"pairA:VEGFR2:MLS_AS51_06","pairA","VEGFR2","MLS_AS51_06","MO-LSO","51","Fc1nccc(Nc2cc(F)c(Nc3nnco3)c(Cl)c2)n1","202609291","0","-8.1","ok"
"pairA:EGFR:MLS_AS51_07","pairA","EGFR","MLS_AS51_07","MO-LSO","51","Fc1cccc(F)c1Nc1ncc(Nc2nnco2)c(Cl)n1","202609292","0","-7.4","ok"
"pairA:VEGFR2:MLS_AS51_07","pairA","VEGFR2","MLS_AS51_07","MO-LSO","51","Fc1cccc(F)c1Nc1ncc(Nc2nnco2)c(Cl)n1","202609293","0","-9.2","ok"
"pairA:EGFR:MLS_AS51_08","pairA","EGFR","MLS_AS51_08","MO-LSO","51","CCc1ccnc(-c2ccc3c(NC(C)C)ncnc3c2)c1","202609294","0","-7.8","ok"
"pairA:VEGFR2:MLS_AS51_08","pairA","VEGFR2","MLS_AS51_08","MO-LSO","51","CCc1ccnc(-c2ccc3c(NC(C)C)ncnc3c2)c1","202609295","0","-9.4","ok"
"pairA:EGFR:MLS_AS51_09","pairA","EGFR","MLS_AS51_09","MO-LSO","51","CCc1cc(Nc2cc(C(C)Nc3cc(C(C)C)ncn3)ncn2)ncn1","202609296","0","-7.9","ok"
"pairA:VEGFR2:MLS_AS51_09","pairA","VEGFR2","MLS_AS51_09","MO-LSO","51","CCc1cc(Nc2cc(C(C)Nc3cc(C(C)C)ncn3)ncn2)ncn1","202609297","0","-9.2","ok"
"pairA:EGFR:MLS_AS51_10","pairA","EGFR","MLS_AS51_10","MO-LSO","51","Cc1nnc(NCc2ccc3cncc(C(F)F)c3c2)s1","202609298","0","-7.9","ok"
"pairA:VEGFR2:MLS_AS51_10","pairA","VEGFR2","MLS_AS51_10","MO-LSO","51","Cc1nnc(NCc2ccc3cncc(C(F)F)c3c2)s1","202609299","0","-9.6","ok"
"pairA:EGFR:GPN_AS42_01","pairA","EGFR","GPN_AS42_01","GraphPareto-NSGA-II","42","COC1(CCNC(=O)Nc2cc(-c3ccc(CF)cc3F)on2)C=CC(=O)N1","202608600","0","-8.1","ok"
"pairA:VEGFR2:GPN_AS42_01","pairA","VEGFR2","GPN_AS42_01","GraphPareto-NSGA-II","42","COC1(CCNC(=O)Nc2cc(-c3ccc(CF)cc3F)on2)C=CC(=O)N1","202608601","0","-10.4","ok"
"pairA:EGFR:GPN_AS42_02","pairA","EGFR","GPN_AS42_02","GraphPareto-NSGA-II","42","O=C1C=CC(O)(Cc2cc(-c3cc(-c4ccc(CF)cc4F)on3)on2)N1","202608602","0","-8.5","ok"
"pairA:VEGFR2:GPN_AS42_02","pairA","VEGFR2","GPN_AS42_02","GraphPareto-NSGA-II","42","O=C1C=CC(O)(Cc2cc(-c3cc(-c4ccc(CF)cc4F)on3)on2)N1","202608603","0","-10.5","ok"
"pairA:EGFR:GPN_AS42_03","pairA","EGFR","GPN_AS42_03","GraphPareto-NSGA-II","42","O=C1C=CC(O)(Cc2cc(-c3ccc(CF)cc3F)on2)N1","202608604","0","-8.1","ok"
"pairA:VEGFR2:GPN_AS42_03","pairA","VEGFR2","GPN_AS42_03","GraphPareto-NSGA-II","42","O=C1C=CC(O)(Cc2cc(-c3ccc(CF)cc3F)on2)N1","202608605","0","-9.7","ok"
"pairA:EGFR:GPN_AS42_04","pairA","EGFR","GPN_AS42_04","GraphPareto-NSGA-II","42","O=C1C=CC(O)(Cc2cc(-c3ccccc3-c3cc(CF)on3)on2)N1","202609306","0","-8.5","ok"
"pairA:VEGFR2:GPN_AS42_04","pairA","VEGFR2","GPN_AS42_04","GraphPareto-NSGA-II","42","O=C1C=CC(O)(Cc2cc(-c3ccccc3-c3cc(CF)on3)on2)N1","202609307","0","-8.5","ok"
"pairA:EGFR:GPN_AS42_05","pairA","EGFR","GPN_AS42_05","GraphPareto-NSGA-II","42","O=C1C=CC(O)(CCc2cc(-c3ccc(CF)cc3F)on2)N1","202609308","0","-8.2","ok"
"pairA:VEGFR2:GPN_AS42_05","pairA","VEGFR2","GPN_AS42_05","GraphPareto-NSGA-II","42","O=C1C=CC(O)(CCc2cc(-c3ccc(CF)cc3F)on2)N1","202609309","0","-9.6","ok"
"pairA:EGFR:GPN_AS42_06","pairA","EGFR","GPN_AS42_06","GraphPareto-NSGA-II","42","O=C1C=CC(O)(c2cc(-c3cc(-c4ccc(CF)cc4F)on3)on2)N1","202609310","0","-9","ok"
"pairA:VEGFR2:GPN_AS42_06","pairA","VEGFR2","GPN_AS42_06","GraphPareto-NSGA-II","42","O=C1C=CC(O)(c2cc(-c3cc(-c4ccc(CF)cc4F)on3)on2)N1","202609311","0","-10.5","ok"
"pairA:EGFR:GPN_AS42_07","pairA","EGFR","GPN_AS42_07","GraphPareto-NSGA-II","42","O=C1C=CC(O)(c2cc(-c3ccc(CF)cc3F)on2)N1","202609312","0","-7.8","ok"
"pairA:VEGFR2:GPN_AS42_07","pairA","VEGFR2","GPN_AS42_07","GraphPareto-NSGA-II","42","O=C1C=CC(O)(c2cc(-c3ccc(CF)cc3F)on2)N1","202609313","0","-9.7","ok"
"pairA:EGFR:GPN_AS42_08","pairA","EGFR","GPN_AS42_08","GraphPareto-NSGA-II","42","O=C1C=CC(O)(Cc2cc(-c3ccc(Cc4ccc(CF)cc4F)cc3F)on2)N1","202609314","0","-8.8","ok"
"pairA:VEGFR2:GPN_AS42_08","pairA","VEGFR2","GPN_AS42_08","GraphPareto-NSGA-II","42","O=C1C=CC(O)(Cc2cc(-c3ccc(Cc4ccc(CF)cc4F)cc3F)on2)N1","202609315","0","-10","ok"
"pairA:EGFR:GPN_AS42_09","pairA","EGFR","GPN_AS42_09","GraphPareto-NSGA-II","42","O=C1C=CC(Cc2cc(-c3ccc(CF)cc3F)on2)(c2ccc(F)cc2F)N1","202609316","0","-8.7","ok"
"pairA:VEGFR2:GPN_AS42_09","pairA","VEGFR2","GPN_AS42_09","GraphPareto-NSGA-II","42","O=C1C=CC(Cc2cc(-c3ccc(CF)cc3F)on2)(c2ccc(F)cc2F)N1","202609317","0","-9.1","ok"
"pairA:EGFR:GPN_AS42_10","pairA","EGFR","GPN_AS42_10","GraphPareto-NSGA-II","42","O=C1C=CC(O)(c2cc(-c3ccc(Cc4ccc(CF)cc4F)cc3F)on2)N1","202609318","0","-8.7","ok"
"pairA:VEGFR2:GPN_AS42_10","pairA","VEGFR2","GPN_AS42_10","GraphPareto-NSGA-II","42","O=C1C=CC(O)(c2cc(-c3ccc(Cc4ccc(CF)cc4F)cc3F)on2)N1","202609319","0","-10.3","ok"
"pairA:EGFR:GPN_AS43_01","pairA","EGFR","GPN_AS43_01","GraphPareto-NSGA-II","43","COC(=O)c1cnn(Cc2sc(-c3cccnc3)nc2F)c1C1CC1","202608606","0","-6.9","ok"
"pairA:VEGFR2:GPN_AS43_01","pairA","VEGFR2","GPN_AS43_01","GraphPareto-NSGA-II","43","COC(=O)c1cnn(Cc2sc(-c3cccnc3)nc2F)c1C1CC1","202608607","0","-7.8","ok"
"pairA:EGFR:GPN_AS43_02","pairA","EGFR","GPN_AS43_02","GraphPareto-NSGA-II","43","CCCNC(=O)c1cnn(Cc2sc(-c3cccnc3)nc2F)c1C1CC1","202608608","0","-7.5","ok"
"pairA:VEGFR2:GPN_AS43_02","pairA","VEGFR2","GPN_AS43_02","GraphPareto-NSGA-II","43","CCCNC(=O)c1cnn(Cc2sc(-c3cccnc3)nc2F)c1C1CC1","202608609","0","-8.1","ok"
"pairA:EGFR:GPN_AS43_03","pairA","EGFR","GPN_AS43_03","GraphPareto-NSGA-II","43","COCCc1cnn(Cc2sc(-c3cccnc3)nc2F)c1C1CC1","202608610","0","-7.1","ok"
"pairA:VEGFR2:GPN_AS43_03","pairA","VEGFR2","GPN_AS43_03","GraphPareto-NSGA-II","43","COCCc1cnn(Cc2sc(-c3cccnc3)nc2F)c1C1CC1","202608611","0","-7.6","ok"
"pairA:EGFR:GPN_AS43_04","pairA","EGFR","GPN_AS43_04","GraphPareto-NSGA-II","43","CCCc1c(NC(=O)Nc2ccc(NC)nc2)cnn1C(C)C1CC1","202609326","0","-7.1","ok"
"pairA:VEGFR2:GPN_AS43_04","pairA","VEGFR2","GPN_AS43_04","GraphPareto-NSGA-II","43","CCCc1c(NC(=O)Nc2ccc(NC)nc2)cnn1C(C)C1CC1","202609327","0","-7.2","ok"
"pairA:EGFR:GPN_AS43_05","pairA","EGFR","GPN_AS43_05","GraphPareto-NSGA-II","43","C=Cc1nc(NC)sc1Cn1ncc(C(=O)NCCC(=O)OC)c1C1CC1","202609328","0","-6.9","ok"
"pairA:VEGFR2:GPN_AS43_05","pairA","VEGFR2","GPN_AS43_05","GraphPareto-NSGA-II","43","C=Cc1nc(NC)sc1Cn1ncc(C(=O)NCCC(=O)OC)c1C1CC1","202609329","0","-7.4","ok"
"pairA:EGFR:GPN_AS43_06","pairA","EGFR","GPN_AS43_06","GraphPareto-NSGA-II","43","COC(=O)c1nc(F)c(Cn2ncc(C(=O)Nc3ccc(C)nc3)c2C2CC2)s1","202609330","0","-7.5","ok"
"pairA:VEGFR2:GPN_AS43_06","pairA","VEGFR2","GPN_AS43_06","GraphPareto-NSGA-II","43","COC(=O)c1nc(F)c(Cn2ncc(C(=O)Nc3ccc(C)nc3)c2C2CC2)s1","202609331","0","-9","ok"
"pairA:EGFR:GPN_AS43_07","pairA","EGFR","GPN_AS43_07","GraphPareto-NSGA-II","43","Cc1ccc(NC(=O)c2cnn(Cc3sc(CC(=O)OF)nc3F)c2C2CC2)cn1","202609332","0","-7.5","ok"
"pairA:VEGFR2:GPN_AS43_07","pairA","VEGFR2","GPN_AS43_07","GraphPareto-NSGA-II","43","Cc1ccc(NC(=O)c2cnn(Cc3sc(CC(=O)OF)nc3F)c2C2CC2)cn1","202609333","0","-8.9","ok"
"pairA:EGFR:GPN_AS43_08","pairA","EGFR","GPN_AS43_08","GraphPareto-NSGA-II","43","CCCC(C)n1ncc(NC(=O)Nc2ccc(NC)nc2)c1C1CC1","202609334","0","-6.6","ok"
"pairA:VEGFR2:GPN_AS43_08","pairA","VEGFR2","GPN_AS43_08","GraphPareto-NSGA-II","43","CCCC(C)n1ncc(NC(=O)Nc2ccc(NC)nc2)c1C1CC1","202609335","0","-7.9","ok"
"pairA:EGFR:GPN_AS43_09","pairA","EGFR","GPN_AS43_09","GraphPareto-NSGA-II","43","CCC(C)n1ncc(NC(=O)Nc2ccc(NC)nc2)c1C1CC1","202609336","0","-6.8","ok"
"pairA:VEGFR2:GPN_AS43_09","pairA","VEGFR2","GPN_AS43_09","GraphPareto-NSGA-II","43","CCC(C)n1ncc(NC(=O)Nc2ccc(NC)nc2)c1C1CC1","202609337","0","-7.6","ok"
"pairA:EGFR:GPN_AS43_10","pairA","EGFR","GPN_AS43_10","GraphPareto-NSGA-II","43","CNc1ccc(NC(=O)Nc2cnn(C(C)C)c2C2CC2)cn1","202609338","0","-6.9","ok"
"pairA:VEGFR2:GPN_AS43_10","pairA","VEGFR2","GPN_AS43_10","GraphPareto-NSGA-II","43","CNc1ccc(NC(=O)Nc2cnn(C(C)C)c2C2CC2)cn1","202609339","0","-7.7","ok"
"pairA:EGFR:GPN_AS44_01","pairA","EGFR","GPN_AS44_01","GraphPareto-NSGA-II","44","COC(=O)N(C)c1cc(CF)c(-c2ncco2)cc1C","202608612","0","-6.8","ok"
"pairA:VEGFR2:GPN_AS44_01","pairA","VEGFR2","GPN_AS44_01","GraphPareto-NSGA-II","44","COC(=O)N(C)c1cc(CF)c(-c2ncco2)cc1C","202608613","0","-7.8","ok"
"pairA:EGFR:GPN_AS44_02","pairA","EGFR","GPN_AS44_02","GraphPareto-NSGA-II","44","Cc1ccc(-c2ncco2)cc1NC(=O)N(C)CCN1C=NCOC1=O","202608614","0","-7.8","ok"
"pairA:VEGFR2:GPN_AS44_02","pairA","VEGFR2","GPN_AS44_02","GraphPareto-NSGA-II","44","Cc1ccc(-c2ncco2)cc1NC(=O)N(C)CCN1C=NCOC1=O","202608615","0","-9.3","ok"
"pairA:EGFR:GPN_AS44_03","pairA","EGFR","GPN_AS44_03","GraphPareto-NSGA-II","44","COc1ccc(C(C)N2CC(c3cccc(-c4ccoc4)c3)CC2=O)cn1","202608616","0","-8.7","ok"
"pairA:VEGFR2:GPN_AS44_03","pairA","VEGFR2","GPN_AS44_03","GraphPareto-NSGA-II","44","COc1ccc(C(C)N2CC(c3cccc(-c4ccoc4)c3)CC2=O)cn1","202608617","0","-10.8","ok"
"pairA:EGFR:GPN_AS44_04","pairA","EGFR","GPN_AS44_04","GraphPareto-NSGA-II","44","Cn1nc2c(cc1=O)CN(C(=O)NC(c1ccccc1)C(CF)c1ccccc1)CC2","202609346","0","-8","ok"
"pairA:VEGFR2:GPN_AS44_04","pairA","VEGFR2","GPN_AS44_04","GraphPareto-NSGA-II","44","Cn1nc2c(cc1=O)CN(C(=O)NC(c1ccccc1)C(CF)c1ccccc1)CC2","202609347","0","-8.7","ok"
"pairA:EGFR:GPN_AS44_05","pairA","EGFR","GPN_AS44_05","GraphPareto-NSGA-II","44","Cc1ccc(-c2ncco2)cc1-c1cc(NN2CCOC2=O)ccc1CF","202609348","0","-7.7","ok"
"pairA:VEGFR2:GPN_AS44_05","pairA","VEGFR2","GPN_AS44_05","GraphPareto-NSGA-II","44","Cc1ccc(-c2ncco2)cc1-c1cc(NN2CCOC2=O)ccc1CF","202609349","0","-7.4","ok"
"pairA:EGFR:GPN_AS44_06","pairA","EGFR","GPN_AS44_06","GraphPareto-NSGA-II","44","CCc1ccc(CF)c(-c2cc(-c3ncco3)ccc2C(N)=O)c1","202609350","0","-7.2","ok"
"pairA:VEGFR2:GPN_AS44_06","pairA","VEGFR2","GPN_AS44_06","GraphPareto-NSGA-II","44","CCc1ccc(CF)c(-c2cc(-c3ncco3)ccc2C(N)=O)c1","202609351","0","-9.1","ok"
"pairA:EGFR:GPN_AS44_07","pairA","EGFR","GPN_AS44_07","GraphPareto-NSGA-II","44","COc1ccc(NC(=O)C2CC(=O)N(C(C)c3ccc(Oc4ncco4)nc3)C2)cn1","202609352","0","-8.5","ok"
"pairA:VEGFR2:GPN_AS44_07","pairA","VEGFR2","GPN_AS44_07","GraphPareto-NSGA-II","44","COc1ccc(NC(=O)C2CC(=O)N(C(C)c3ccc(Oc4ncco4)nc3)C2)cn1","202609353","0","-8.6","ok"
"pairA:EGFR:GPN_AS44_08","pairA","EGFR","GPN_AS44_08","GraphPareto-NSGA-II","44","CCNc1ccc(CF)c(-c2cc(-c3ncco3)ccc2N2CCOC2=O)c1","202609354","0","-8.3","ok"
"pairA:VEGFR2:GPN_AS44_08","pairA","VEGFR2","GPN_AS44_08","GraphPareto-NSGA-II","44","CCNc1ccc(CF)c(-c2cc(-c3ncco3)ccc2N2CCOC2=O)c1","202609355","0","-7.8","ok"
"pairA:EGFR:GPN_AS44_09","pairA","EGFR","GPN_AS44_09","GraphPareto-NSGA-II","44","CCNc1ccc(CF)c(-c2cc(-c3ncco3)ccc2CN2CCOC2=O)c1","202609356","0","-8.3","ok"
"pairA:VEGFR2:GPN_AS44_09","pairA","VEGFR2","GPN_AS44_09","GraphPareto-NSGA-II","44","CCNc1ccc(CF)c(-c2cc(-c3ncco3)ccc2CN2CCOC2=O)c1","202609357","0","-6.7","ok"
"pairA:EGFR:GPN_AS44_10","pairA","EGFR","GPN_AS44_10","GraphPareto-NSGA-II","44","COc1ccc(C(C)N2CN=C(C(=O)Nc3ccc(C)nc3)CC2=O)cn1","202609358","0","-7.8","ok"
"pairA:VEGFR2:GPN_AS44_10","pairA","VEGFR2","GPN_AS44_10","GraphPareto-NSGA-II","44","COc1ccc(C(C)N2CN=C(C(=O)Nc3ccc(C)nc3)CC2=O)cn1","202609359","0","-10","ok"
"pairA:EGFR:GPN_AS45_01","pairA","EGFR","GPN_AS45_01","GraphPareto-NSGA-II","45","CN(C)C(=O)Nc1cc(Cc2cc(CF)ccn2)c(CF)cc1F","202608618","0","-7.6","ok"
"pairA:VEGFR2:GPN_AS45_01","pairA","VEGFR2","GPN_AS45_01","GraphPareto-NSGA-II","45","CN(C)C(=O)Nc1cc(Cc2cc(CF)ccn2)c(CF)cc1F","202608619","0","-9.2","ok"
"pairA:EGFR:GPN_AS45_02","pairA","EGFR","GPN_AS45_02","GraphPareto-NSGA-II","45","CN(C)C(=O)Nc1cc(Cc2cc(F)ccn2)c(CF)cc1F","202608620","0","-7.7","ok"
"pairA:VEGFR2:GPN_AS45_02","pairA","VEGFR2","GPN_AS45_02","GraphPareto-NSGA-II","45","CN(C)C(=O)Nc1cc(Cc2cc(F)ccn2)c(CF)cc1F","202608621","0","-8.9","ok"
"pairA:EGFR:GPN_AS45_03","pairA","EGFR","GPN_AS45_03","GraphPareto-NSGA-II","45","CCc1ncccc1C(=O)N1COC1c1cc(OC)c(Cc2cc(N)ccn2)cc1CF","202608622","0","-7.9","ok"
"pairA:VEGFR2:GPN_AS45_03","pairA","VEGFR2","GPN_AS45_03","GraphPareto-NSGA-II","45","CCc1ncccc1C(=O)N1COC1c1cc(OC)c(Cc2cc(N)ccn2)cc1CF","202608623","0","-8.1","ok"
"pairA:EGFR:GPN_AS45_04","pairA","EGFR","GPN_AS45_04","GraphPareto-NSGA-II","45","COCc1cc(NC(=O)N(C)CCOc2cc(N)ccn2)c(F)cc1CF","202609366","0","-7.1","ok"
"pairA:VEGFR2:GPN_AS45_04","pairA","VEGFR2","GPN_AS45_04","GraphPareto-NSGA-II","45","COCc1cc(NC(=O)N(C)CCOc2cc(N)ccn2)c(F)cc1CF","202609367","0","-8.8","ok"
"pairA:EGFR:GPN_AS45_05","pairA","EGFR","GPN_AS45_05","GraphPareto-NSGA-II","45","Nc1ccnc(C2CN(C(=O)Nc3cc(Cc4cc(CF)no4)c(CF)cc3F)C2)c1","202609368","0","-9.1","ok"
"pairA:VEGFR2:GPN_AS45_05","pairA","VEGFR2","GPN_AS45_05","GraphPareto-NSGA-II","45","Nc1ccnc(C2CN(C(=O)Nc3cc(Cc4cc(CF)no4)c(CF)cc3F)C2)c1","202609369","0","-10.3","ok"
"pairA:EGFR:GPN_AS45_06","pairA","EGFR","GPN_AS45_06","GraphPareto-NSGA-II","45","C=C(c1cc(F)ccn1)c1cc(NC(=O)N(C)C)c(F)cc1CF","202609370","0","-7.8","ok"
"pairA:VEGFR2:GPN_AS45_06","pairA","VEGFR2","GPN_AS45_06","GraphPareto-NSGA-II","45","C=C(c1cc(F)ccn1)c1cc(NC(=O)N(C)C)c(F)cc1CF","202609371","0","-9.6","ok"
"pairA:EGFR:GPN_AS45_07","pairA","EGFR","GPN_AS45_07","GraphPareto-NSGA-II","45","CN(C)C(=O)Nc1cc(Cc2cc(N)ccn2)c(CF)cc1F","202609372","0","-7.5","ok"
"pairA:VEGFR2:GPN_AS45_07","pairA","VEGFR2","GPN_AS45_07","GraphPareto-NSGA-II","45","CN(C)C(=O)Nc1cc(Cc2cc(N)ccn2)c(CF)cc1F","202609373","0","-8.8","ok"
"pairA:EGFR:GPN_AS45_08","pairA","EGFR","GPN_AS45_08","GraphPareto-NSGA-II","45","Nc1ccnc(C2CN(C(=O)Nc3cc(CF)c(CF)cc3F)C2)c1","202609374","0","-7.6","ok"
"pairA:VEGFR2:GPN_AS45_08","pairA","VEGFR2","GPN_AS45_08","GraphPareto-NSGA-II","45","Nc1ccnc(C2CN(C(=O)Nc3cc(CF)c(CF)cc3F)C2)c1","202609375","0","-9.1","ok"
"pairA:EGFR:GPN_AS45_09","pairA","EGFR","GPN_AS45_09","GraphPareto-NSGA-II","45","C=CN(C)C(=O)Nc1cc(Cc2cc(F)ccn2)c(CF)cc1F","202609376","0","-7.5","ok"
"pairA:VEGFR2:GPN_AS45_09","pairA","VEGFR2","GPN_AS45_09","GraphPareto-NSGA-II","45","C=CN(C)C(=O)Nc1cc(Cc2cc(F)ccn2)c(CF)cc1F","202609377","0","-8.8","ok"
"pairA:EGFR:GPN_AS45_10","pairA","EGFR","GPN_AS45_10","GraphPareto-NSGA-II","45","CN(CCCF)C(=O)Nc1cc(Cc2cc(N)ccn2)c(CF)cc1F","202609378","0","-7.5","ok"
"pairA:VEGFR2:GPN_AS45_10","pairA","VEGFR2","GPN_AS45_10","GraphPareto-NSGA-II","45","CN(CCCF)C(=O)Nc1cc(Cc2cc(N)ccn2)c(CF)cc1F","202609379","0","-8.7","ok"
"pairA:EGFR:GPN_AS46_01","pairA","EGFR","GPN_AS46_01","GraphPareto-NSGA-II","46","Cc1ccsc1CNC(=O)c1cccnc1NCc1ccnc(C(C)C)c1","202608624","0","-7.6","ok"
"pairA:VEGFR2:GPN_AS46_01","pairA","VEGFR2","GPN_AS46_01","GraphPareto-NSGA-II","46","Cc1ccsc1CNC(=O)c1cccnc1NCc1ccnc(C(C)C)c1","202608625","0","-10","ok"
"pairA:EGFR:GPN_AS46_02","pairA","EGFR","GPN_AS46_02","GraphPareto-NSGA-II","46","CC(C)c1cc(CNC2=C(C(=O)N3Cc4ccsc4C3)C=CNC=N2)ccn1","202608626","0","-8.2","ok"
"pairA:VEGFR2:GPN_AS46_02","pairA","VEGFR2","GPN_AS46_02","GraphPareto-NSGA-II","46","CC(C)c1cc(CNC2=C(C(=O)N3Cc4ccsc4C3)C=CNC=N2)ccn1","202608627","0","-10.3","ok"
"pairA:EGFR:GPN_AS46_03","pairA","EGFR","GPN_AS46_03","GraphPareto-NSGA-II","46","CC1=C(NC(=O)c2cccnc2NCc2ccnc(C(C)C)c2)N=CNC=C1","202608628","0","-8.8","ok"
"pairA:VEGFR2:GPN_AS46_03","pairA","VEGFR2","GPN_AS46_03","GraphPareto-NSGA-II","46","CC1=C(NC(=O)c2cccnc2NCc2ccnc(C(C)C)c2)N=CNC=C1","202608629","0","-10","ok"
"pairA:EGFR:GPN_AS46_04","pairA","EGFR","GPN_AS46_04","GraphPareto-NSGA-II","46","Cc1cccnc1NC(=O)C1=C(NCc2ccnc(C(C)C)c2)N=CNC=C1","202609386","0","-8","ok"
"pairA:VEGFR2:GPN_AS46_04","pairA","VEGFR2","GPN_AS46_04","GraphPareto-NSGA-II","46","Cc1cccnc1NC(=O)C1=C(NCc2ccnc(C(C)C)c2)N=CNC=C1","202609387","0","-10.3","ok"
"pairA:EGFR:GPN_AS46_05","pairA","EGFR","GPN_AS46_05","GraphPareto-NSGA-II","46","Cc1ccsc1CNC(=O)NCc1ccnc(C(C)C)c1","202609388","0","-7","ok"
"pairA:VEGFR2:GPN_AS46_05","pairA","VEGFR2","GPN_AS46_05","GraphPareto-NSGA-II","46","Cc1ccsc1CNC(=O)NCc1ccnc(C(C)C)c1","202609389","0","-8.6","ok"
"pairA:EGFR:GPN_AS46_06","pairA","EGFR","GPN_AS46_06","GraphPareto-NSGA-II","46","Cc1ccsc1CNC(=O)C1=CC=CN=C(NCc2ccnc(C(C)C)c2)S1","202609390","0","-8.2","ok"
"pairA:VEGFR2:GPN_AS46_06","pairA","VEGFR2","GPN_AS46_06","GraphPareto-NSGA-II","46","Cc1ccsc1CNC(=O)C1=CC=CN=C(NCc2ccnc(C(C)C)c2)S1","202609391","0","-8.7","ok"
"pairA:EGFR:GPN_AS46_07","pairA","EGFR","GPN_AS46_07","GraphPareto-NSGA-II","46","Cc1ccsc1CNC(=O)C1=CSC=CN=C1NCc1ccnc(C(C)C)c1","202609392","0","-7.8","ok"
"pairA:VEGFR2:GPN_AS46_07","pairA","VEGFR2","GPN_AS46_07","GraphPareto-NSGA-II","46","Cc1ccsc1CNC(=O)C1=CSC=CN=C1NCc1ccnc(C(C)C)c1","202609393","0","-8.6","ok"
"pairA:EGFR:GPN_AS46_08","pairA","EGFR","GPN_AS46_08","GraphPareto-NSGA-II","46","CNC(=O)NC(c1cc(Cc2sccc2C)on1)C(C)OC","202609394","0","-7.2","ok"
"pairA:VEGFR2:GPN_AS46_08","pairA","VEGFR2","GPN_AS46_08","GraphPareto-NSGA-II","46","CNC(=O)NC(c1cc(Cc2sccc2C)on1)C(C)OC","202609395","0","-8.5","ok"
"pairA:EGFR:GPN_AS46_09","pairA","EGFR","GPN_AS46_09","GraphPareto-NSGA-II","46","Cc1cccnc1C(C)c1cc(CNC(=O)NCc2sccc2C)ccn1","202609396","0","-8.3","ok"
"pairA:VEGFR2:GPN_AS46_09","pairA","VEGFR2","GPN_AS46_09","GraphPareto-NSGA-II","46","Cc1cccnc1C(C)c1cc(CNC(=O)NCc2sccc2C)ccn1","202609397","0","-9.4","ok"
"pairA:EGFR:GPN_AS46_10","pairA","EGFR","GPN_AS46_10","GraphPareto-NSGA-II","46","CNC(=O)NC(c1cc(CCc2sccc2C)on1)C(C)OC","202609398","0","-7.5","ok"
"pairA:VEGFR2:GPN_AS46_10","pairA","VEGFR2","GPN_AS46_10","GraphPareto-NSGA-II","46","CNC(=O)NC(c1cc(CCc2sccc2C)on1)C(C)OC","202609399","0","-9.1","ok"
"pairA:EGFR:GPN_AS47_01","pairA","EGFR","GPN_AS47_01","GraphPareto-NSGA-II","47","CC(C)CC1(C(N)=O)CC(c2cc(Cl)ccn2)CN1C(=O)c1ccc(CF)cc1Br","202608630","0","-7.8","ok"
"pairA:VEGFR2:GPN_AS47_01","pairA","VEGFR2","GPN_AS47_01","GraphPareto-NSGA-II","47","CC(C)CC1(C(N)=O)CC(c2cc(Cl)ccn2)CN1C(=O)c1ccc(CF)cc1Br","202608631","0","-7.9","ok"
"pairA:EGFR:GPN_AS47_02","pairA","EGFR","GPN_AS47_02","GraphPareto-NSGA-II","47","CC(C)c1ccc(C(C)NS(=O)(=O)CCc2cc(Cl)ccn2)c(F)c1Cl","202608632","0","-7.7","ok"
"pairA:VEGFR2:GPN_AS47_02","pairA","VEGFR2","GPN_AS47_02","GraphPareto-NSGA-II","47","CC(C)c1ccc(C(C)NS(=O)(=O)CCc2cc(Cl)ccn2)c(F)c1Cl","202608633","0","-9.4","ok"
"pairA:EGFR:GPN_AS47_03","pairA","EGFR","GPN_AS47_03","GraphPareto-NSGA-II","47","CC(C)c1ccc(C(C)NS(=O)(=O)CCc2cc(Cl)ccn2)c(F)c1F","202608634","0","-7.6","ok"
"pairA:VEGFR2:GPN_AS47_03","pairA","VEGFR2","GPN_AS47_03","GraphPareto-NSGA-II","47","CC(C)c1ccc(C(C)NS(=O)(=O)CCc2cc(Cl)ccn2)c(F)c1F","202608635","0","-8.7","ok"
"pairA:EGFR:GPN_AS47_04","pairA","EGFR","GPN_AS47_04","GraphPareto-NSGA-II","47","CC(C)c1ccc(C(C)NS(=O)(=O)CCc2cc(F)ccn2)c(F)c1F","202609406","0","-7.6","ok"
"pairA:VEGFR2:GPN_AS47_04","pairA","VEGFR2","GPN_AS47_04","GraphPareto-NSGA-II","47","CC(C)c1ccc(C(C)NS(=O)(=O)CCc2cc(F)ccn2)c(F)c1F","202609407","0","-8.7","ok"
"pairA:EGFR:GPN_AS47_05","pairA","EGFR","GPN_AS47_05","GraphPareto-NSGA-II","47","CC(C)c1ccc(C(C)NS(=O)(=O)CCCc2cc(Cl)ccn2)c(F)c1F","202609408","0","-7.3","ok"
"pairA:VEGFR2:GPN_AS47_05","pairA","VEGFR2","GPN_AS47_05","GraphPareto-NSGA-II","47","CC(C)c1ccc(C(C)NS(=O)(=O)CCCc2cc(Cl)ccn2)c(F)c1F","202609409","0","-9.5","ok"
"pairA:EGFR:GPN_AS47_06","pairA","EGFR","GPN_AS47_06","GraphPareto-NSGA-II","47","CC(Cc1ccc(C(C)C)c(OF)c1)NS(=O)(=O)CCc1cc(Cl)ccn1","202609410","0","-7.7","ok"
"pairA:VEGFR2:GPN_AS47_06","pairA","VEGFR2","GPN_AS47_06","GraphPareto-NSGA-II","47","CC(Cc1ccc(C(C)C)c(OF)c1)NS(=O)(=O)CCc1cc(Cl)ccn1","202609411","0","-9","ok"
"pairA:EGFR:GPN_AS47_07","pairA","EGFR","GPN_AS47_07","GraphPareto-NSGA-II","47","Cc1ccnc(CCS(=O)(=O)NC(C)c2ccc(C(C)C)c(F)c2F)c1","202609412","0","-6.9","ok"
"pairA:VEGFR2:GPN_AS47_07","pairA","VEGFR2","GPN_AS47_07","GraphPareto-NSGA-II","47","Cc1ccnc(CCS(=O)(=O)NC(C)c2ccc(C(C)C)c(F)c2F)c1","202609413","0","-9.3","ok"
"pairA:EGFR:GPN_AS47_08","pairA","EGFR","GPN_AS47_08","GraphPareto-NSGA-II","47","Cc1ccnc(CCCS(=O)(=O)NC(C)c2ccc(C(C)C)c(F)c2F)c1","202609414","0","-7","ok"
"pairA:VEGFR2:GPN_AS47_08","pairA","VEGFR2","GPN_AS47_08","GraphPareto-NSGA-II","47","Cc1ccnc(CCCS(=O)(=O)NC(C)c2ccc(C(C)C)c(F)c2F)c1","202609415","0","-10.1","ok"
"pairA:EGFR:GPN_AS47_09","pairA","EGFR","GPN_AS47_09","GraphPareto-NSGA-II","47","CN(CCc1cc(Cl)ccn1)C(=O)c1cc(F)c(CF)cc1Br","202609416","0","-7.1","ok"
"pairA:VEGFR2:GPN_AS47_09","pairA","VEGFR2","GPN_AS47_09","GraphPareto-NSGA-II","47","CN(CCc1cc(Cl)ccn1)C(=O)c1cc(F)c(CF)cc1Br","202609417","0","-8.3","ok"
"pairA:EGFR:GPN_AS47_10","pairA","EGFR","GPN_AS47_10","GraphPareto-NSGA-II","47","CC(C)c1ccc(C(C)(NS(C)(=O)=O)C(C)c2cc(Cl)ccn2)cc1CF","202609418","0","-7.8","ok"
"pairA:VEGFR2:GPN_AS47_10","pairA","VEGFR2","GPN_AS47_10","GraphPareto-NSGA-II","47","CC(C)c1ccc(C(C)(NS(C)(=O)=O)C(C)c2cc(Cl)ccn2)cc1CF","202609419","0","-7","ok"
"pairA:EGFR:GPN_AS48_01","pairA","EGFR","GPN_AS48_01","GraphPareto-NSGA-II","48","Cc1cc(CF)cc(OCF)c1NC(=O)Nc1cccc2cnccc12","202608636","0","-7.7","ok"
"pairA:VEGFR2:GPN_AS48_01","pairA","VEGFR2","GPN_AS48_01","GraphPareto-NSGA-II","48","Cc1cc(CF)cc(OCF)c1NC(=O)Nc1cccc2cnccc12","202608637","0","-8.9","ok"
"pairA:EGFR:GPN_AS48_02","pairA","EGFR","GPN_AS48_02","GraphPareto-NSGA-II","48","CCOC1=C(NC(=O)Nc2cccc3ccc(C)nc23)OC=CC(F)=C1","202608638","0","-8.1","ok"
"pairA:VEGFR2:GPN_AS48_02","pairA","VEGFR2","GPN_AS48_02","GraphPareto-NSGA-II","48","CCOC1=C(NC(=O)Nc2cccc3ccc(C)nc23)OC=CC(F)=C1","202608639","0","-10.3","ok"
"pairA:EGFR:GPN_AS48_03","pairA","EGFR","GPN_AS48_03","GraphPareto-NSGA-II","48","CCOc1cc(F)c(Br)cc1NC(=O)c1cccc2cnccc12","202608640","0","-8.1","ok"
"pairA:VEGFR2:GPN_AS48_03","pairA","VEGFR2","GPN_AS48_03","GraphPareto-NSGA-II","48","CCOc1cc(F)c(Br)cc1NC(=O)c1cccc2cnccc12","202608641","0","-9.2","ok"
"pairA:EGFR:GPN_AS48_04","pairA","EGFR","GPN_AS48_04","GraphPareto-NSGA-II","48","CCOC1=C(NC(=O)Nc2cccc3ccc(C)nc23)C=COC(F)=C1","202609426","0","-7.9","ok"
"pairA:VEGFR2:GPN_AS48_04","pairA","VEGFR2","GPN_AS48_04","GraphPareto-NSGA-II","48","CCOC1=C(NC(=O)Nc2cccc3ccc(C)nc23)C=COC(F)=C1","202609427","0","-10","ok"
"pairA:EGFR:GPN_AS48_05","pairA","EGFR","GPN_AS48_05","GraphPareto-NSGA-II","48","CCOc1cc(F)cc(Br)c1NC(=O)c1cccc2cnccc12","202609428","0","-7.9","ok"
"pairA:VEGFR2:GPN_AS48_05","pairA","VEGFR2","GPN_AS48_05","GraphPareto-NSGA-II","48","CCOc1cc(F)cc(Br)c1NC(=O)c1cccc2cnccc12","202609429","0","-8.1","ok"
"pairA:EGFR:GPN_AS48_06","pairA","EGFR","GPN_AS48_06","GraphPareto-NSGA-II","48","CCOc1cc(F)ccc1NC(=O)NC1=c2nc(C)ccc2=CC=CO1","202609430","0","-7.9","ok"
"pairA:VEGFR2:GPN_AS48_06","pairA","VEGFR2","GPN_AS48_06","GraphPareto-NSGA-II","48","CCOc1cc(F)ccc1NC(=O)NC1=c2nc(C)ccc2=CC=CO1","202609431","0","-10.5","ok"
"pairA:EGFR:GPN_AS48_07","pairA","EGFR","GPN_AS48_07","GraphPareto-NSGA-II","48","CCOC1=CNC(OF)=CC=C1NC(=O)Nc1c(OF)ccc2ccc(C)nc12","202609432","0","-7.9","ok"
"pairA:VEGFR2:GPN_AS48_07","pairA","VEGFR2","GPN_AS48_07","GraphPareto-NSGA-II","48","CCOC1=CNC(OF)=CC=C1NC(=O)Nc1c(OF)ccc2ccc(C)nc12","202609433","0","-9.3","ok"
"pairA:EGFR:GPN_AS48_08","pairA","EGFR","GPN_AS48_08","GraphPareto-NSGA-II","48","CCOC1=C(NC(=O)Nc2c(OF)ccc3ccc(C)nc23)NC=CC(OF)=C1","202609434","0","-8.1","ok"
"pairA:VEGFR2:GPN_AS48_08","pairA","VEGFR2","GPN_AS48_08","GraphPareto-NSGA-II","48","CCOC1=C(NC(=O)Nc2c(OF)ccc3ccc(C)nc23)NC=CC(OF)=C1","202609435","0","-9.5","ok"
"pairA:EGFR:GPN_AS48_09","pairA","EGFR","GPN_AS48_09","GraphPareto-NSGA-II","48","Cc1ccc(Br)c(C(=O)NS(=O)(=O)NCCc2cc(N)ccn2)n1","202609436","0","-6.9","ok"
"pairA:VEGFR2:GPN_AS48_09","pairA","VEGFR2","GPN_AS48_09","GraphPareto-NSGA-II","48","Cc1ccc(Br)c(C(=O)NS(=O)(=O)NCCc2cc(N)ccn2)n1","202609437","0","-8.2","ok"
"pairA:EGFR:GPN_AS48_10","pairA","EGFR","GPN_AS48_10","GraphPareto-NSGA-II","48","CCOC1=C(NC(=O)Nc2c(OF)ccc3ccc(C)nc23)C=CNC(OF)=C1","202609438","0","-7.8","ok"
"pairA:VEGFR2:GPN_AS48_10","pairA","VEGFR2","GPN_AS48_10","GraphPareto-NSGA-II","48","CCOC1=C(NC(=O)Nc2c(OF)ccc3ccc(C)nc23)C=CNC(OF)=C1","202609439","0","-8.6","ok"
"pairA:EGFR:GPN_AS49_01","pairA","EGFR","GPN_AS49_01","GraphPareto-NSGA-II","49","CC(C)c1cc(CF)ccc1NC(=O)Nc1ncn(C)n1","202608642","0","-7.1","ok"
"pairA:VEGFR2:GPN_AS49_01","pairA","VEGFR2","GPN_AS49_01","GraphPareto-NSGA-II","49","CC(C)c1cc(CF)ccc1NC(=O)Nc1ncn(C)n1","202608643","0","-8.2","ok"
"pairA:EGFR:GPN_AS49_02","pairA","EGFR","GPN_AS49_02","GraphPareto-NSGA-II","49","CC(C(=O)NCc1ccco1)c1ncccc1C(=O)Nc1cccc(CF)n1","202608644","0","-8","ok"
"pairA:VEGFR2:GPN_AS49_02","pairA","VEGFR2","GPN_AS49_02","GraphPareto-NSGA-II","49","CC(C(=O)NCc1ccco1)c1ncccc1C(=O)Nc1cccc(CF)n1","202608645","0","-10.5","ok"
"pairA:EGFR:GPN_AS49_03","pairA","EGFR","GPN_AS49_03","GraphPareto-NSGA-II","49","CC(C)c1cc(CF)ccc1NC(=O)Nc1cccc(CF)n1","202608646","0","-7.1","ok"
"pairA:VEGFR2:GPN_AS49_03","pairA","VEGFR2","GPN_AS49_03","GraphPareto-NSGA-II","49","CC(C)c1cc(CF)ccc1NC(=O)Nc1cccc(CF)n1","202608647","0","-9.1","ok"
"pairA:EGFR:GPN_AS49_04","pairA","EGFR","GPN_AS49_04","GraphPareto-NSGA-II","49","Cc1cc(NC(=O)Nc2cccc(CF)n2)ccc1C(C)C","202609446","0","-7.6","ok"
"pairA:VEGFR2:GPN_AS49_04","pairA","VEGFR2","GPN_AS49_04","GraphPareto-NSGA-II","49","Cc1cc(NC(=O)Nc2cccc(CF)n2)ccc1C(C)C","202609447","0","-9.7","ok"
"pairA:EGFR:GPN_AS49_05","pairA","EGFR","GPN_AS49_05","GraphPareto-NSGA-II","49","CC(C(=O)NCCc1ccco1)c1ncccc1C(=O)Nc1cccc(CF)n1","202609448","0","-7.6","ok"
"pairA:VEGFR2:GPN_AS49_05","pairA","VEGFR2","GPN_AS49_05","GraphPareto-NSGA-II","49","CC(C(=O)NCCc1ccco1)c1ncccc1C(=O)Nc1cccc(CF)n1","202609449","0","-9.9","ok"
"pairA:EGFR:GPN_AS49_06","pairA","EGFR","GPN_AS49_06","GraphPareto-NSGA-II","49","CC(C)c1ccc(NC(=O)Nc2cccc(CF)n2)cc1F","202609450","0","-7.5","ok"
"pairA:VEGFR2:GPN_AS49_06","pairA","VEGFR2","GPN_AS49_06","GraphPareto-NSGA-II","49","CC(C)c1ccc(NC(=O)Nc2cccc(CF)n2)cc1F","202609451","0","-9.4","ok"
"pairA:EGFR:GPN_AS49_07","pairA","EGFR","GPN_AS49_07","GraphPareto-NSGA-II","49","CCc1ccc(NC(=O)NCc2ncn(C)n2)cc1-c1ccco1","202609452","0","-7.4","ok"
"pairA:VEGFR2:GPN_AS49_07","pairA","VEGFR2","GPN_AS49_07","GraphPareto-NSGA-II","49","CCc1ccc(NC(=O)NCc2ncn(C)n2)cc1-c1ccco1","202609453","0","-9","ok"
"pairA:EGFR:GPN_AS49_08","pairA","EGFR","GPN_AS49_08","GraphPareto-NSGA-II","49","CC(CF)c1ccc(NC(=O)Nc2cccc(CF)n2)cc1F","202609454","0","-7.2","ok"
"pairA:VEGFR2:GPN_AS49_08","pairA","VEGFR2","GPN_AS49_08","GraphPareto-NSGA-II","49","CC(CF)c1ccc(NC(=O)Nc2cccc(CF)n2)cc1F","202609455","0","-8.7","ok"
"pairA:EGFR:GPN_AS49_09","pairA","EGFR","GPN_AS49_09","GraphPareto-NSGA-II","49","CC(C)c1ccc(NC(=O)Nc2cccc(CF)n2)cc1O","202609456","0","-7.5","ok"
"pairA:VEGFR2:GPN_AS49_09","pairA","VEGFR2","GPN_AS49_09","GraphPareto-NSGA-II","49","CC(C)c1ccc(NC(=O)Nc2cccc(CF)n2)cc1O","202609457","0","-9.2","ok"
"pairA:EGFR:GPN_AS49_10","pairA","EGFR","GPN_AS49_10","GraphPareto-NSGA-II","49","CC(F)c1ccc(NC(=O)Nc2cccc(CF)n2)cc1F","202609458","0","-7.4","ok"
"pairA:VEGFR2:GPN_AS49_10","pairA","VEGFR2","GPN_AS49_10","GraphPareto-NSGA-II","49","CC(F)c1ccc(NC(=O)Nc2cccc(CF)n2)cc1F","202609459","0","-9.4","ok"
"pairA:EGFR:GPN_AS50_01","pairA","EGFR","GPN_AS50_01","GraphPareto-NSGA-II","50","CC(C)C1=C(OCCC(=O)Nc2ncco2)C=C(CF)NC=C1","202608648","0","-6.8","ok"
"pairA:VEGFR2:GPN_AS50_01","pairA","VEGFR2","GPN_AS50_01","GraphPareto-NSGA-II","50","CC(C)C1=C(OCCC(=O)Nc2ncco2)C=C(CF)NC=C1","202608649","0","-8","ok"
"pairA:EGFR:GPN_AS50_02","pairA","EGFR","GPN_AS50_02","GraphPareto-NSGA-II","50","CC(C)c1ccc(CF)cc1C(=O)Nc1ncco1","202608650","0","-7.1","ok"
"pairA:VEGFR2:GPN_AS50_02","pairA","VEGFR2","GPN_AS50_02","GraphPareto-NSGA-II","50","CC(C)c1ccc(CF)cc1C(=O)Nc1ncco1","202608651","0","-7.6","ok"
"pairA:EGFR:GPN_AS50_03","pairA","EGFR","GPN_AS50_03","GraphPareto-NSGA-II","50","CC(C)c1ccc(CF)cc1C(C)C(=O)NC(=O)Nc1ncco1","202608652","0","-7.5","ok"
"pairA:VEGFR2:GPN_AS50_03","pairA","VEGFR2","GPN_AS50_03","GraphPareto-NSGA-II","50","CC(C)c1ccc(CF)cc1C(C)C(=O)NC(=O)Nc1ncco1","202608653","0","-7.5","ok"
"pairA:EGFR:GPN_AS50_04","pairA","EGFR","GPN_AS50_04","GraphPareto-NSGA-II","50","CC(C)c1ccc(CF)cc1C(F)C(=O)Nc1ncco1","202609466","0","-7.2","ok"
"pairA:VEGFR2:GPN_AS50_04","pairA","VEGFR2","GPN_AS50_04","GraphPareto-NSGA-II","50","CC(C)c1ccc(CF)cc1C(F)C(=O)Nc1ncco1","202609467","0","-7.5","ok"
"pairA:EGFR:GPN_AS50_05","pairA","EGFR","GPN_AS50_05","GraphPareto-NSGA-II","50","CC(F)c1ccc(CF)cc1C(=O)Nc1ncco1","202609468","0","-7.1","ok"
"pairA:VEGFR2:GPN_AS50_05","pairA","VEGFR2","GPN_AS50_05","GraphPareto-NSGA-II","50","CC(F)c1ccc(CF)cc1C(=O)Nc1ncco1","202609469","0","-7.2","ok"
"pairA:EGFR:GPN_AS50_06","pairA","EGFR","GPN_AS50_06","GraphPareto-NSGA-II","50","Cc1ccc(CF)cc1C(=O)Nc1ncco1","202609470","0","-7","ok"
"pairA:VEGFR2:GPN_AS50_06","pairA","VEGFR2","GPN_AS50_06","GraphPareto-NSGA-II","50","Cc1ccc(CF)cc1C(=O)Nc1ncco1","202609471","0","-7.9","ok"
"pairA:EGFR:GPN_AS50_07","pairA","EGFR","GPN_AS50_07","GraphPareto-NSGA-II","50","C=C(C)c1ccc(CF)cc1OCC(=O)Nc1ncco1","202609472","0","-6.9","ok"
"pairA:VEGFR2:GPN_AS50_07","pairA","VEGFR2","GPN_AS50_07","GraphPareto-NSGA-II","50","C=C(C)c1ccc(CF)cc1OCC(=O)Nc1ncco1","202609473","0","-7.5","ok"
"pairA:EGFR:GPN_AS50_08","pairA","EGFR","GPN_AS50_08","GraphPareto-NSGA-II","50","CNC(COc1cc(CF)ccc1C(C)C)C(=O)Nc1ncco1","202609474","0","-6.8","ok"
"pairA:VEGFR2:GPN_AS50_08","pairA","VEGFR2","GPN_AS50_08","GraphPareto-NSGA-II","50","CNC(COc1cc(CF)ccc1C(C)C)C(=O)Nc1ncco1","202609475","0","-7.9","ok"
"pairA:EGFR:GPN_AS50_09","pairA","EGFR","GPN_AS50_09","GraphPareto-NSGA-II","50","CC(C)c1ccc(CF)cc1C(C)C(=O)Nc1ncco1","202609476","0","-7.2","ok"
"pairA:VEGFR2:GPN_AS50_09","pairA","VEGFR2","GPN_AS50_09","GraphPareto-NSGA-II","50","CC(C)c1ccc(CF)cc1C(C)C(=O)Nc1ncco1","202609477","0","-7","ok"
"pairA:EGFR:GPN_AS50_10","pairA","EGFR","GPN_AS50_10","GraphPareto-NSGA-II","50","CC(C)c1ccc(CF)cc1OCCC(=O)Nc1ncco1","202609478","0","-6.8","ok"
"pairA:VEGFR2:GPN_AS50_10","pairA","VEGFR2","GPN_AS50_10","GraphPareto-NSGA-II","50","CC(C)c1ccc(CF)cc1OCCC(=O)Nc1ncco1","202609479","0","-7.9","ok"
"pairA:EGFR:GPN_AS51_01","pairA","EGFR","GPN_AS51_01","GraphPareto-NSGA-II","51","COC(=O)c1ccccc1CCS(=O)(=O)Nn1ncc2ccccc2c1=O","202608654","0","-8.1","ok"
"pairA:VEGFR2:GPN_AS51_01","pairA","VEGFR2","GPN_AS51_01","GraphPareto-NSGA-II","51","COC(=O)c1ccccc1CCS(=O)(=O)Nn1ncc2ccccc2c1=O","202608655","0","-9","ok"
"pairA:EGFR:GPN_AS51_02","pairA","EGFR","GPN_AS51_02","GraphPareto-NSGA-II","51","COC(=O)c1ccc(F)cc1CCS(=O)(=O)Nn1ncc2ccccc2c1=O","202608656","0","-8.3","ok"
"pairA:VEGFR2:GPN_AS51_02","pairA","VEGFR2","GPN_AS51_02","GraphPareto-NSGA-II","51","COC(=O)c1ccc(F)cc1CCS(=O)(=O)Nn1ncc2ccccc2c1=O","202608657","0","-9.5","ok"
"pairA:EGFR:GPN_AS51_03","pairA","EGFR","GPN_AS51_03","GraphPareto-NSGA-II","51","COc1ccc(F)cc1CCS(=O)(=O)NC=Cn1ncc2ccccc2c1=O","202608658","0","-8.2","ok"
"pairA:VEGFR2:GPN_AS51_03","pairA","VEGFR2","GPN_AS51_03","GraphPareto-NSGA-II","51","COc1ccc(F)cc1CCS(=O)(=O)NC=Cn1ncc2ccccc2c1=O","202608659","0","-9.2","ok"
"pairA:EGFR:GPN_AS51_04","pairA","EGFR","GPN_AS51_04","GraphPareto-NSGA-II","51","CCN1CS(=O)(=O)N(CCCn2nc(C)cc2C)C1c1cc(Br)ccn1","202609486","0","-7.3","ok"
"pairA:VEGFR2:GPN_AS51_04","pairA","VEGFR2","GPN_AS51_04","GraphPareto-NSGA-II","51","CCN1CS(=O)(=O)N(CCCn2nc(C)cc2C)C1c1cc(Br)ccn1","202609487","0","-8.5","ok"
"pairA:EGFR:GPN_AS51_05","pairA","EGFR","GPN_AS51_05","GraphPareto-NSGA-II","51","COC(=O)C1=CC=C(F)C=C(CCS(=O)(=O)NC=Cn2ncc3ccccc3c2=O)N1","202609488","0","-7.6","ok"
"pairA:VEGFR2:GPN_AS51_05","pairA","VEGFR2","GPN_AS51_05","GraphPareto-NSGA-II","51","COC(=O)C1=CC=C(F)C=C(CCS(=O)(=O)NC=Cn2ncc3ccccc3c2=O)N1","202609489","0","-10","ok"
"pairA:EGFR:GPN_AS51_06","pairA","EGFR","GPN_AS51_06","GraphPareto-NSGA-II","51","CCN1CS(=O)(=O)N(CCn2nc(C)cc2C)C1c1cc(Br)ccn1","202609490","0","-7.1","ok"
"pairA:VEGFR2:GPN_AS51_06","pairA","VEGFR2","GPN_AS51_06","GraphPareto-NSGA-II","51","CCN1CS(=O)(=O)N(CCn2nc(C)cc2C)C1c1cc(Br)ccn1","202609491","0","-7.8","ok"
"pairA:EGFR:GPN_AS51_07","pairA","EGFR","GPN_AS51_07","GraphPareto-NSGA-II","51","COC(=O)c1ccc(F)cc1-n1ncc2ccccc2c1=O","202609492","0","-8.2","ok"
"pairA:VEGFR2:GPN_AS51_07","pairA","VEGFR2","GPN_AS51_07","GraphPareto-NSGA-II","51","COC(=O)c1ccc(F)cc1-n1ncc2ccccc2c1=O","202609493","0","-7.5","ok"
"pairA:EGFR:GPN_AS51_08","pairA","EGFR","GPN_AS51_08","GraphPareto-NSGA-II","51","CCC(C)C(NC(=O)c1cnc2snnc2c1)c1ccccc1","202609494","0","-8","ok"
"pairA:VEGFR2:GPN_AS51_08","pairA","VEGFR2","GPN_AS51_08","GraphPareto-NSGA-II","51","CCC(C)C(NC(=O)c1cnc2snnc2c1)c1ccccc1","202609495","0","-8.1","ok"
"pairA:EGFR:GPN_AS51_09","pairA","EGFR","GPN_AS51_09","GraphPareto-NSGA-II","51","COc1ccc(CS(=O)(=O)NC=Cn2ncc3ccc(F)cc3c2=O)cn1","202609496","0","-7.9","ok"
"pairA:VEGFR2:GPN_AS51_09","pairA","VEGFR2","GPN_AS51_09","GraphPareto-NSGA-II","51","COc1ccc(CS(=O)(=O)NC=Cn2ncc3ccc(F)cc3c2=O)cn1","202609497","0","-9.3","ok"
"pairA:EGFR:GPN_AS51_10","pairA","EGFR","GPN_AS51_10","GraphPareto-NSGA-II","51","COc1ccc(CS(=O)(=O)NC=Cn2ncc3ccccc3c2=O)cn1","202609498","0","-7.7","ok"
"pairA:VEGFR2:GPN_AS51_10","pairA","VEGFR2","GPN_AS51_10","GraphPareto-NSGA-II","51","COc1ccc(CS(=O)(=O)NC=Cn2ncc3ccccc3c2=O)cn1","202609499","0","-8.9","ok"
"pairB:PARP1:CLV_BS42_01","pairB","PARP1","CLV_BS42_01","CLOVER-Mol","42","Cc1nncn1-c1cccc(CNC(=O)NCc2ccncc2)c1","202608660","0","-9.4","ok"
"pairB:BRD4:CLV_BS42_01","pairB","BRD4","CLV_BS42_01","CLOVER-Mol","42","Cc1nncn1-c1cccc(CNC(=O)NCc2ccncc2)c1","202608661","0","-8.1","ok"
"pairB:PARP1:CLV_BS42_02","pairB","PARP1","CLV_BS42_02","CLOVER-Mol","42","O=C(COCc1nncn1-c1ccc2c(c1)OCO2)Nc1nccs1","202608662","0","-8.6","ok"
"pairB:BRD4:CLV_BS42_02","pairB","BRD4","CLV_BS42_02","CLOVER-Mol","42","O=C(COCc1nncn1-c1ccc2c(c1)OCO2)Nc1nccs1","202608663","0","-7.2","ok"
"pairB:PARP1:CLV_BS42_03","pairB","PARP1","CLV_BS42_03","CLOVER-Mol","42","COc1cc(CSc2nncn2-c2ccc(F)c(F)c2)ccn1","202608664","0","-8.9","ok"
"pairB:BRD4:CLV_BS42_03","pairB","BRD4","CLV_BS42_03","CLOVER-Mol","42","COc1cc(CSc2nncn2-c2ccc(F)c(F)c2)ccn1","202608665","0","-7.8","ok"
"pairB:PARP1:CLV_BS42_04","pairB","PARP1","CLV_BS42_04","CLOVER-Mol","42","Cc1cncc(C(=O)N2Cc3nncn3CC2Cc2ccccc2)c1","202609506","0","-10","ok"
"pairB:BRD4:CLV_BS42_04","pairB","BRD4","CLV_BS42_04","CLOVER-Mol","42","Cc1cncc(C(=O)N2Cc3nncn3CC2Cc2ccccc2)c1","202609507","0","-8.7","ok"
"pairB:PARP1:CLV_BS42_05","pairB","PARP1","CLV_BS42_05","CLOVER-Mol","42","CC(C)Oc1ccc(-n2cnnc2C2CC2)cc1-n1cncn1","202609508","0","-8.8","ok"
"pairB:BRD4:CLV_BS42_05","pairB","BRD4","CLV_BS42_05","CLOVER-Mol","42","CC(C)Oc1ccc(-n2cnnc2C2CC2)cc1-n1cncn1","202609509","0","-8","ok"
"pairB:PARP1:CLV_BS42_06","pairB","PARP1","CLV_BS42_06","CLOVER-Mol","42","Cc1ccc(-n2cnnc2CN2CCN(c3ncccn3)CC2)cc1C","202609510","0","-10","ok"
"pairB:BRD4:CLV_BS42_06","pairB","BRD4","CLV_BS42_06","CLOVER-Mol","42","Cc1ccc(-n2cnnc2CN2CCN(c3ncccn3)CC2)cc1C","202609511","0","-7.9","ok"
"pairB:PARP1:CLV_BS42_07","pairB","PARP1","CLV_BS42_07","CLOVER-Mol","42","CC(COCc1nncn1-c1ccc2c(c1)OCO2)C1CC1","202609512","0","-7.9","ok"
"pairB:BRD4:CLV_BS42_07","pairB","BRD4","CLV_BS42_07","CLOVER-Mol","42","CC(COCc1nncn1-c1ccc2c(c1)OCO2)C1CC1","202609513","0","-7.4","ok"
"pairB:PARP1:CLV_BS42_08","pairB","PARP1","CLV_BS42_08","CLOVER-Mol","42","CCCNC(=O)C(C)Sc1nncn1-c1ccc2ccccc2c1","202609514","0","-9.5","ok"
"pairB:BRD4:CLV_BS42_08","pairB","BRD4","CLV_BS42_08","CLOVER-Mol","42","CCCNC(=O)C(C)Sc1nncn1-c1ccc2ccccc2c1","202609515","0","-7.2","ok"
"pairB:PARP1:CLV_BS42_09","pairB","PARP1","CLV_BS42_09","CLOVER-Mol","42","O=C(NCc1nncn1-c1ccc(F)c(F)c1)Nc1ccc(F)cc1","202609516","0","-10.1","ok"
"pairB:BRD4:CLV_BS42_09","pairB","BRD4","CLV_BS42_09","CLOVER-Mol","42","O=C(NCc1nncn1-c1ccc(F)c(F)c1)Nc1ccc(F)cc1","202609517","0","-8.3","ok"
"pairB:PARP1:CLV_BS42_10","pairB","PARP1","CLV_BS42_10","CLOVER-Mol","42","N#Cc1nncn1-c1ccc(CSc2nnnn2C2CC2)c(C(F)(F)F)c1","202609518","0","-9.1","ok"
"pairB:BRD4:CLV_BS42_10","pairB","BRD4","CLV_BS42_10","CLOVER-Mol","42","N#Cc1nncn1-c1ccc(CSc2nnnn2C2CC2)c(C(F)(F)F)c1","202609519","0","-8.3","ok"
"pairB:PARP1:CLV_BS43_01","pairB","PARP1","CLV_BS43_01","CLOVER-Mol","43","Cc1nncn1-c1cccc(C(=O)OCc2ccc(F)c(F)c2)c1","202608666","0","-9.6","ok"
"pairB:BRD4:CLV_BS43_01","pairB","BRD4","CLV_BS43_01","CLOVER-Mol","43","Cc1nncn1-c1cccc(C(=O)OCc2ccc(F)c(F)c2)c1","202608667","0","-9.1","ok"
"pairB:PARP1:CLV_BS43_02","pairB","PARP1","CLV_BS43_02","CLOVER-Mol","43","Cc1nncn1-c1cccc(NC(=O)NCc2cnn(C)c2)c1","202608668","0","-9.3","ok"
"pairB:BRD4:CLV_BS43_02","pairB","BRD4","CLV_BS43_02","CLOVER-Mol","43","Cc1nncn1-c1cccc(NC(=O)NCc2cnn(C)c2)c1","202608669","0","-7.7","ok"
"pairB:PARP1:CLV_BS43_03","pairB","PARP1","CLV_BS43_03","CLOVER-Mol","43","Cc1ccc(-n2cnnc2NCc2cccc(F)c2)cc1F","202608670","0","-9","ok"
"pairB:BRD4:CLV_BS43_03","pairB","BRD4","CLV_BS43_03","CLOVER-Mol","43","Cc1ccc(-n2cnnc2NCc2cccc(F)c2)cc1F","202608671","0","-9.1","ok"
"pairB:PARP1:CLV_BS43_04","pairB","PARP1","CLV_BS43_04","CLOVER-Mol","43","COc1ccc(CNC(=O)N2CCCC2c2nnc(C3CC3)n2C)cc1","202609526","0","-9","ok"
"pairB:BRD4:CLV_BS43_04","pairB","BRD4","CLV_BS43_04","CLOVER-Mol","43","COc1ccc(CNC(=O)N2CCCC2c2nnc(C3CC3)n2C)cc1","202609527","0","-7.5","ok"
"pairB:PARP1:CLV_BS43_05","pairB","PARP1","CLV_BS43_05","CLOVER-Mol","43","Cc1ccc(CNC(=O)Nc2nncn2-c2ccc(F)c(F)c2)cc1","202609528","0","-9.8","ok"
"pairB:BRD4:CLV_BS43_05","pairB","BRD4","CLV_BS43_05","CLOVER-Mol","43","Cc1ccc(CNC(=O)Nc2nncn2-c2ccc(F)c(F)c2)cc1","202609529","0","-7.9","ok"
"pairB:PARP1:CLV_BS43_06","pairB","PARP1","CLV_BS43_06","CLOVER-Mol","43","COc1ccc(CNc2nncn2-c2cccc(F)c2)cc1","202609530","0","-8.9","ok"
"pairB:BRD4:CLV_BS43_06","pairB","BRD4","CLV_BS43_06","CLOVER-Mol","43","COc1ccc(CNc2nncn2-c2cccc(F)c2)cc1","202609531","0","-8.2","ok"
"pairB:PARP1:CLV_BS43_07","pairB","PARP1","CLV_BS43_07","CLOVER-Mol","43","CCc1cccc(CCNC(=O)CSc2nncn2-c2cccc(F)c2)c1","202609532","0","-9.1","ok"
"pairB:BRD4:CLV_BS43_07","pairB","BRD4","CLV_BS43_07","CLOVER-Mol","43","CCc1cccc(CCNC(=O)CSc2nncn2-c2cccc(F)c2)c1","202609533","0","-7.9","ok"
"pairB:PARP1:CLV_BS43_08","pairB","PARP1","CLV_BS43_08","CLOVER-Mol","43","Cc1cc(=O)[nH]nc1Oc1ccc(Cc2nnnn2C2CC2)cc1","202609534","0","-9.5","ok"
"pairB:BRD4:CLV_BS43_08","pairB","BRD4","CLV_BS43_08","CLOVER-Mol","43","Cc1cc(=O)[nH]nc1Oc1ccc(Cc2nnnn2C2CC2)cc1","202609535","0","-8","ok"
"pairB:PARP1:CLV_BS43_09","pairB","PARP1","CLV_BS43_09","CLOVER-Mol","43","COC(=O)c1ccc(-n2nnc3cc(C4CC4)nnc32)cc1C","202609536","0","-8.5","ok"
"pairB:BRD4:CLV_BS43_09","pairB","BRD4","CLV_BS43_09","CLOVER-Mol","43","COC(=O)c1ccc(-n2nnc3cc(C4CC4)nnc32)cc1C","202609537","0","-8.2","ok"
"pairB:PARP1:CLV_BS43_10","pairB","PARP1","CLV_BS43_10","CLOVER-Mol","43","Cc1ccc(-n2cnnc2Cc2cscn2)cc1C","202609538","0","-8.3","ok"
"pairB:BRD4:CLV_BS43_10","pairB","BRD4","CLV_BS43_10","CLOVER-Mol","43","Cc1ccc(-n2cnnc2Cc2cscn2)cc1C","202609539","0","-7.9","ok"
"pairB:PARP1:CLV_BS44_01","pairB","PARP1","CLV_BS44_01","CLOVER-Mol","44","O=c1ccc(Cn2cc(-c3ccc(F)cc3F)nn2)cnc1C1CC1","202608672","0","-9.4","ok"
"pairB:BRD4:CLV_BS44_01","pairB","BRD4","CLV_BS44_01","CLOVER-Mol","44","O=c1ccc(Cn2cc(-c3ccc(F)cc3F)nn2)cnc1C1CC1","202608673","0","-8.9","ok"
"pairB:PARP1:CLV_BS44_02","pairB","PARP1","CLV_BS44_02","CLOVER-Mol","44","Cc1nncn1-c1cccc(CC(=O)NCc2cccnc2)c1","202608674","0","-9.7","ok"
"pairB:BRD4:CLV_BS44_02","pairB","BRD4","CLV_BS44_02","CLOVER-Mol","44","Cc1nncn1-c1cccc(CC(=O)NCc2cccnc2)c1","202608675","0","-8.2","ok"
"pairB:PARP1:CLV_BS44_03","pairB","PARP1","CLV_BS44_03","CLOVER-Mol","44","Cc1nncn1-c1ccc(C(=O)N(C)Cc2cccnc2)c(F)c1","202608676","0","-9.3","ok"
"pairB:BRD4:CLV_BS44_03","pairB","BRD4","CLV_BS44_03","CLOVER-Mol","44","Cc1nncn1-c1ccc(C(=O)N(C)Cc2cccnc2)c(F)c1","202608677","0","-8.2","ok"
"pairB:PARP1:CLV_BS44_04","pairB","PARP1","CLV_BS44_04","CLOVER-Mol","44","Cc1nncn1-c1cccc(NC(=O)NCc2cccnc2)c1","202608720","0","-9.4","ok"
"pairB:BRD4:CLV_BS44_04","pairB","BRD4","CLV_BS44_04","CLOVER-Mol","44","Cc1nncn1-c1cccc(NC(=O)NCc2cccnc2)c1","202608721","0","-8.2","ok"
"pairB:PARP1:CLV_BS44_05","pairB","PARP1","CLV_BS44_05","CLOVER-Mol","44","Cc1nncn1-c1cccc(NC(=O)N(C)Cc2ccncc2)c1","202609548","0","-9.3","ok"
"pairB:BRD4:CLV_BS44_05","pairB","BRD4","CLV_BS44_05","CLOVER-Mol","44","Cc1nncn1-c1cccc(NC(=O)N(C)Cc2ccncc2)c1","202609549","0","-8","ok"
"pairB:PARP1:CLV_BS44_06","pairB","PARP1","CLV_BS44_06","CLOVER-Mol","44","Cc1nncn1-c1cccc(CNC(=O)NCc2cccc(F)c2)c1","202608774","0","-10.1","ok"
"pairB:BRD4:CLV_BS44_06","pairB","BRD4","CLV_BS44_06","CLOVER-Mol","44","Cc1nncn1-c1cccc(CNC(=O)NCc2cccc(F)c2)c1","202608775","0","-8.3","ok"
"pairB:PARP1:CLV_BS44_07","pairB","PARP1","CLV_BS44_07","CLOVER-Mol","44","Cc1nncn1-c1cccc(CNC(=O)CSc2ccc(F)cc2)c1","202609552","0","-9.4","ok"
"pairB:BRD4:CLV_BS44_07","pairB","BRD4","CLV_BS44_07","CLOVER-Mol","44","Cc1nncn1-c1cccc(CNC(=O)CSc2ccc(F)cc2)c1","202609553","0","-8","ok"
"pairB:PARP1:CLV_BS44_08","pairB","PARP1","CLV_BS44_08","CLOVER-Mol","44","Cc1nnc2n1CCN2Cc1nncn1-c1ccc(F)c(F)c1","202609554","0","-9.3","ok"
"pairB:BRD4:CLV_BS44_08","pairB","BRD4","CLV_BS44_08","CLOVER-Mol","44","Cc1nnc2n1CCN2Cc1nncn1-c1ccc(F)c(F)c1","202609555","0","-7.9","ok"
"pairB:PARP1:CLV_BS44_09","pairB","PARP1","CLV_BS44_09","CLOVER-Mol","44","NC(=O)NCc1cnc(N2CCCC2)nc1-c1nncn1-c1cccc(F)c1","202609556","0","-10.4","ok"
"pairB:BRD4:CLV_BS44_09","pairB","BRD4","CLV_BS44_09","CLOVER-Mol","44","NC(=O)NCc1cnc(N2CCCC2)nc1-c1nncn1-c1cccc(F)c1","202609557","0","-8.5","ok"
"pairB:PARP1:CLV_BS44_10","pairB","PARP1","CLV_BS44_10","CLOVER-Mol","44","Cc1nncn1-c1cccc(NC(=O)NCc2ccc3c(c2)COC3)c1","202609558","0","-10.9","ok"
"pairB:BRD4:CLV_BS44_10","pairB","BRD4","CLV_BS44_10","CLOVER-Mol","44","Cc1nncn1-c1cccc(NC(=O)NCc2ccc3c(c2)COC3)c1","202609559","0","-8.7","ok"
"pairB:PARP1:CLV_BS45_01","pairB","PARP1","CLV_BS45_01","CLOVER-Mol","45","CCNC(=O)c1ccc(-n2cnnc2Cc2cccnc2)cc1C","202608678","0","-8.6","ok"
"pairB:BRD4:CLV_BS45_01","pairB","BRD4","CLV_BS45_01","CLOVER-Mol","45","CCNC(=O)c1ccc(-n2cnnc2Cc2cccnc2)cc1C","202608679","0","-8.6","ok"
"pairB:PARP1:CLV_BS45_02","pairB","PARP1","CLV_BS45_02","CLOVER-Mol","45","O=C(COc1ccc(F)cc1)NCc1nncn1-c1ccc(F)c(F)c1","202608680","0","-9.1","ok"
"pairB:BRD4:CLV_BS45_02","pairB","BRD4","CLV_BS45_02","CLOVER-Mol","45","O=C(COc1ccc(F)cc1)NCc1nncn1-c1ccc(F)c(F)c1","202608681","0","-8.2","ok"
"pairB:PARP1:CLV_BS45_03","pairB","PARP1","CLV_BS45_03","CLOVER-Mol","45","CCC(C)N(Cc1cnn(CC)c1)C(=O)NCc1nncn1-c1cccc(C)c1","202608682","0","-9.6","ok"
"pairB:BRD4:CLV_BS45_03","pairB","BRD4","CLV_BS45_03","CLOVER-Mol","45","CCC(C)N(Cc1cnn(CC)c1)C(=O)NCc1nncn1-c1cccc(C)c1","202608683","0","-6.8","ok"
"pairB:PARP1:CLV_BS45_04","pairB","PARP1","CLV_BS45_04","CLOVER-Mol","45","COC(=O)c1cc(-n2cnnc2-c2cnn(C)c2)ccc1C","202609566","0","-8.3","ok"
"pairB:BRD4:CLV_BS45_04","pairB","BRD4","CLV_BS45_04","CLOVER-Mol","45","COC(=O)c1cc(-n2cnnc2-c2cnn(C)c2)ccc1C","202609567","0","-7.9","ok"
"pairB:PARP1:CLV_BS45_05","pairB","PARP1","CLV_BS45_05","CLOVER-Mol","45","CCc1cccc(-n2cnnc2C(=O)NCC(=O)Nc2nncs2)c1","202609568","0","-9.8","ok"
"pairB:BRD4:CLV_BS45_05","pairB","BRD4","CLV_BS45_05","CLOVER-Mol","45","CCc1cccc(-n2cnnc2C(=O)NCC(=O)Nc2nncs2)c1","202609569","0","-7.6","ok"
"pairB:PARP1:CLV_BS45_06","pairB","PARP1","CLV_BS45_06","CLOVER-Mol","45","CC(=O)N(C)Cc1cccc(-n2cnnc2C2CCC2)c1","202609570","0","-8.1","ok"
"pairB:BRD4:CLV_BS45_06","pairB","BRD4","CLV_BS45_06","CLOVER-Mol","45","CC(=O)N(C)Cc1cccc(-n2cnnc2C2CCC2)c1","202609571","0","-7.4","ok"
"pairB:PARP1:CLV_BS45_07","pairB","PARP1","CLV_BS45_07","CLOVER-Mol","45","COc1cccc(-n2cnnc2CCNC(=O)CCc2ccccc2)c1","202609572","0","-9.7","ok"
"pairB:BRD4:CLV_BS45_07","pairB","BRD4","CLV_BS45_07","CLOVER-Mol","45","COc1cccc(-n2cnnc2CCNC(=O)CCc2ccccc2)c1","202609573","0","-8","ok"
"pairB:PARP1:CLV_BS45_08","pairB","PARP1","CLV_BS45_08","CLOVER-Mol","45","Fc1ccc(Cn2cc(-c3ccccc3F)nn2)cc1","202609574","0","-8.7","ok"
"pairB:BRD4:CLV_BS45_08","pairB","BRD4","CLV_BS45_08","CLOVER-Mol","45","Fc1ccc(Cn2cc(-c3ccccc3F)nn2)cc1","202609575","0","-7.9","ok"
"pairB:PARP1:CLV_BS45_09","pairB","PARP1","CLV_BS45_09","CLOVER-Mol","45","Cc1ccc(-n2cnnc2Cc2ccc(N3CCCC3)nn2)cc1F","202609576","0","-9.7","ok"
"pairB:BRD4:CLV_BS45_09","pairB","BRD4","CLV_BS45_09","CLOVER-Mol","45","Cc1ccc(-n2cnnc2Cc2ccc(N3CCCC3)nn2)cc1F","202609577","0","-8.7","ok"
"pairB:PARP1:CLV_BS45_10","pairB","PARP1","CLV_BS45_10","CLOVER-Mol","45","Cc1ccc(-n2cnnc2CN(C(=O)c2ccoc2)C(C)C)cc1C","202609578","0","-8.9","ok"
"pairB:BRD4:CLV_BS45_10","pairB","BRD4","CLV_BS45_10","CLOVER-Mol","45","Cc1ccc(-n2cnnc2CN(C(=O)c2ccoc2)C(C)C)cc1C","202609579","0","-7.7","ok"
"pairB:PARP1:CLV_BS46_01","pairB","PARP1","CLV_BS46_01","CLOVER-Mol","46","COCc1cnn(C)c1-c1nncn1-c1ccc(C)c(C)c1","202608684","0","-8.1","ok"
"pairB:BRD4:CLV_BS46_01","pairB","BRD4","CLV_BS46_01","CLOVER-Mol","46","COCc1cnn(C)c1-c1nncn1-c1ccc(C)c(C)c1","202608685","0","-6.9","ok"
"pairB:PARP1:CLV_BS46_02","pairB","PARP1","CLV_BS46_02","CLOVER-Mol","46","Cc1nncn1-c1cccc(NC(=O)NCc2cccnc2)c1","202608720","0","-9.4","ok"
"pairB:BRD4:CLV_BS46_02","pairB","BRD4","CLV_BS46_02","CLOVER-Mol","46","Cc1nncn1-c1cccc(NC(=O)NCc2cccnc2)c1","202608721","0","-8.2","ok"
"pairB:PARP1:CLV_BS46_03","pairB","PARP1","CLV_BS46_03","CLOVER-Mol","46","O=C(NCc1nncn1-c1cccc(CO)c1)c1ccc(F)c(F)c1","202608688","0","-9.4","ok"
"pairB:BRD4:CLV_BS46_03","pairB","BRD4","CLV_BS46_03","CLOVER-Mol","46","O=C(NCc1nncn1-c1cccc(CO)c1)c1ccc(F)c(F)c1","202608689","0","-8.8","ok"
"pairB:PARP1:CLV_BS46_04","pairB","PARP1","CLV_BS46_04","CLOVER-Mol","46","C=Cc1nncn1-c1cccc(CNC(=O)c2cnc(C(C)(C)C)cn2)c1","202609586","0","-10.3","ok"
"pairB:BRD4:CLV_BS46_04","pairB","BRD4","CLV_BS46_04","CLOVER-Mol","46","C=Cc1nncn1-c1cccc(CNC(=O)c2cnc(C(C)(C)C)cn2)c1","202609587","0","-8.2","ok"
"pairB:PARP1:CLV_BS46_05","pairB","PARP1","CLV_BS46_05","CLOVER-Mol","46","Cc1cccc(-n2cnnc2SCC(=O)NCc2cccnc2)c1","202609588","0","-8.5","ok"
"pairB:BRD4:CLV_BS46_05","pairB","BRD4","CLV_BS46_05","CLOVER-Mol","46","Cc1cccc(-n2cnnc2SCC(=O)NCc2cccnc2)c1","202609589","0","-7.2","ok"
"pairB:PARP1:CLV_BS46_06","pairB","PARP1","CLV_BS46_06","CLOVER-Mol","46","O=C(NCc1nncn1-c1cccc(F)c1)C1(CCc2ccncc2)CC1","202609590","0","-10.2","ok"
"pairB:BRD4:CLV_BS46_06","pairB","BRD4","CLV_BS46_06","CLOVER-Mol","46","O=C(NCc1nncn1-c1cccc(F)c1)C1(CCc2ccncc2)CC1","202609591","0","-8.2","ok"
"pairB:PARP1:CLV_BS46_07","pairB","PARP1","CLV_BS46_07","CLOVER-Mol","46","CC1=NCc2cc(-n3cnnc3SCc3cccc(F)c3)ccc2N1","202609592","0","-10.1","ok"
"pairB:BRD4:CLV_BS46_07","pairB","BRD4","CLV_BS46_07","CLOVER-Mol","46","CC1=NCc2cc(-n3cnnc3SCc3cccc(F)c3)ccc2N1","202609593","0","-8.9","ok"
"pairB:PARP1:CLV_BS46_08","pairB","PARP1","CLV_BS46_08","CLOVER-Mol","46","CC(NC(=O)NCc1cccnc1)c1nncn1-c1ccc(O)c(F)c1","202609594","0","-9.3","ok"
"pairB:BRD4:CLV_BS46_08","pairB","BRD4","CLV_BS46_08","CLOVER-Mol","46","CC(NC(=O)NCc1cccnc1)c1nncn1-c1ccc(O)c(F)c1","202609595","0","-7.8","ok"
"pairB:PARP1:CLV_BS46_09","pairB","PARP1","CLV_BS46_09","CLOVER-Mol","46","CSc1nncn1-c1cccc(CSc2nnnn2C2CC2)c1","202609596","0","-8.5","ok"
"pairB:BRD4:CLV_BS46_09","pairB","BRD4","CLV_BS46_09","CLOVER-Mol","46","CSc1nncn1-c1cccc(CSc2nnnn2C2CC2)c1","202609597","0","-8.1","ok"
"pairB:PARP1:CLV_BS46_10","pairB","PARP1","CLV_BS46_10","CLOVER-Mol","46","O=C(CSc1nncn1-c1cccc(F)c1)NCc1ccccc1","202609598","0","-8.8","ok"
"pairB:BRD4:CLV_BS46_10","pairB","BRD4","CLV_BS46_10","CLOVER-Mol","46","O=C(CSc1nncn1-c1cccc(F)c1)NCc1ccccc1","202609599","0","-7.5","ok"
"pairB:PARP1:CLV_BS47_01","pairB","PARP1","CLV_BS47_01","CLOVER-Mol","47","COC(=O)Cc1nncn1-c1cccc(Cn2ncnc2C)c1","202608690","0","-8.1","ok"
"pairB:BRD4:CLV_BS47_01","pairB","BRD4","CLV_BS47_01","CLOVER-Mol","47","COC(=O)Cc1nncn1-c1cccc(Cn2ncnc2C)c1","202608691","0","-7.6","ok"
"pairB:PARP1:CLV_BS47_02","pairB","PARP1","CLV_BS47_02","CLOVER-Mol","47","COC(=O)CSc1nncn1-c1cccc(CCC(C)(C)O)c1","202608692","0","-8.4","ok"
"pairB:BRD4:CLV_BS47_02","pairB","BRD4","CLV_BS47_02","CLOVER-Mol","47","COC(=O)CSc1nncn1-c1cccc(CCC(C)(C)O)c1","202608693","0","-7.5","ok"
"pairB:PARP1:CLV_BS47_03","pairB","PARP1","CLV_BS47_03","CLOVER-Mol","47","Cc1ccc(-n2cnnc2SCc2nnc(C)n2CC2CC2)cc1C","202608694","0","-9.6","ok"
"pairB:BRD4:CLV_BS47_03","pairB","BRD4","CLV_BS47_03","CLOVER-Mol","47","Cc1ccc(-n2cnnc2SCc2nnc(C)n2CC2CC2)cc1C","202608695","0","-7.2","ok"
"pairB:PARP1:CLV_BS47_04","pairB","PARP1","CLV_BS47_04","CLOVER-Mol","47","Cc1ccc(CSc2nncn2-c2cccc(F)c2)cc1F","202609606","0","-9.6","ok"
"pairB:BRD4:CLV_BS47_04","pairB","BRD4","CLV_BS47_04","CLOVER-Mol","47","Cc1ccc(CSc2nncn2-c2cccc(F)c2)cc1F","202609607","0","-8.2","ok"
"pairB:PARP1:CLV_BS47_05","pairB","PARP1","CLV_BS47_05","CLOVER-Mol","47","COc1ccc(CSc2nncn2-c2cccc(C(N)=O)c2)cc1","202609608","0","-9.3","ok"
"pairB:BRD4:CLV_BS47_05","pairB","BRD4","CLV_BS47_05","CLOVER-Mol","47","COc1ccc(CSc2nncn2-c2cccc(C(N)=O)c2)cc1","202609609","0","-8.2","ok"
"pairB:PARP1:CLV_BS47_06","pairB","PARP1","CLV_BS47_06","CLOVER-Mol","47","Cc1cccc(C)c1NC(=O)Cc1nncn1-c1cccc(F)c1","202609610","0","-9.9","ok"
"pairB:BRD4:CLV_BS47_06","pairB","BRD4","CLV_BS47_06","CLOVER-Mol","47","Cc1cccc(C)c1NC(=O)Cc1nncn1-c1cccc(F)c1","202609611","0","-8.5","ok"
"pairB:PARP1:CLV_BS47_07","pairB","PARP1","CLV_BS47_07","CLOVER-Mol","47","Cc1nnnn1-c1nncn1-c1cccc(Cc2ccc(O)cc2)c1","202609612","0","-10.5","ok"
"pairB:BRD4:CLV_BS47_07","pairB","BRD4","CLV_BS47_07","CLOVER-Mol","47","Cc1nnnn1-c1nncn1-c1cccc(Cc2ccc(O)cc2)c1","202609613","0","-9.2","ok"
"pairB:PARP1:CLV_BS47_08","pairB","PARP1","CLV_BS47_08","CLOVER-Mol","47","FC(F)(F)c1cccnc1-n1cc(-c2ccsc2C2CC2)nn1","202609614","0","-8.5","ok"
"pairB:BRD4:CLV_BS47_08","pairB","BRD4","CLV_BS47_08","CLOVER-Mol","47","FC(F)(F)c1cccnc1-n1cc(-c2ccsc2C2CC2)nn1","202609615","0","-7.2","ok"
"pairB:PARP1:CLV_BS47_09","pairB","PARP1","CLV_BS47_09","CLOVER-Mol","47","CCOc1nncn1-c1cccc(CNC(=O)NC2CCCCC2)c1","202609616","0","-9.1","ok"
"pairB:BRD4:CLV_BS47_09","pairB","BRD4","CLV_BS47_09","CLOVER-Mol","47","CCOc1nncn1-c1cccc(CNC(=O)NC2CCCCC2)c1","202609617","0","-7.2","ok"
"pairB:PARP1:CLV_BS47_10","pairB","PARP1","CLV_BS47_10","CLOVER-Mol","47","CS(=O)(=O)N(CCCO)c1nncn1Cc1cccc(F)c1","202609618","0","-7.8","ok"
"pairB:BRD4:CLV_BS47_10","pairB","BRD4","CLV_BS47_10","CLOVER-Mol","47","CS(=O)(=O)N(CCCO)c1nncn1Cc1cccc(F)c1","202609619","0","-7.3","ok"
"pairB:PARP1:CLV_BS48_01","pairB","PARP1","CLV_BS48_01","CLOVER-Mol","48","Cc1ccc(-n2cnnc2C)cc1CNC(=O)Cc1cccnc1","202608696","0","-9.6","ok"
"pairB:BRD4:CLV_BS48_01","pairB","BRD4","CLV_BS48_01","CLOVER-Mol","48","Cc1ccc(-n2cnnc2C)cc1CNC(=O)Cc1cccnc1","202608697","0","-8.4","ok"
"pairB:PARP1:CLV_BS48_02","pairB","PARP1","CLV_BS48_02","CLOVER-Mol","48","Cc1ccc(NCc2nncn2-c2ccc3nonc3c2)cc1","202608698","0","-9.9","ok"
"pairB:BRD4:CLV_BS48_02","pairB","BRD4","CLV_BS48_02","CLOVER-Mol","48","Cc1ccc(NCc2nncn2-c2ccc3nonc3c2)cc1","202608699","0","-7.7","ok"
"pairB:PARP1:CLV_BS48_03","pairB","PARP1","CLV_BS48_03","CLOVER-Mol","48","CC(=O)NCc1cccc(CSc2nncn2-c2ccc(F)c(C)c2)c1","202608700","0","-10","ok"
"pairB:BRD4:CLV_BS48_03","pairB","BRD4","CLV_BS48_03","CLOVER-Mol","48","CC(=O)NCc1cccc(CSc2nncn2-c2ccc(F)c(C)c2)c1","202608701","0","-8.1","ok"
"pairB:PARP1:CLV_BS48_04","pairB","PARP1","CLV_BS48_04","CLOVER-Mol","48","CCSc1nncn1-c1cccc(C(=O)NCc2cccnc2)c1","202609626","0","-8.8","ok"
"pairB:BRD4:CLV_BS48_04","pairB","BRD4","CLV_BS48_04","CLOVER-Mol","48","CCSc1nncn1-c1cccc(C(=O)NCc2cccnc2)c1","202609627","0","-8","ok"
"pairB:PARP1:CLV_BS48_05","pairB","PARP1","CLV_BS48_05","CLOVER-Mol","48","O=c1cnc(NCc2nncn2-c2cccc(F)c2)n[nH]1","202609628","0","-9.4","ok"
"pairB:BRD4:CLV_BS48_05","pairB","BRD4","CLV_BS48_05","CLOVER-Mol","48","O=c1cnc(NCc2nncn2-c2cccc(F)c2)n[nH]1","202609629","0","-7.6","ok"
"pairB:PARP1:CLV_BS48_06","pairB","PARP1","CLV_BS48_06","CLOVER-Mol","48","O=C(NCc1ccco1)c1cn(-c2ccc(F)c(F)c2)c2nnnn12","202609630","0","-9.7","ok"
"pairB:BRD4:CLV_BS48_06","pairB","BRD4","CLV_BS48_06","CLOVER-Mol","48","O=C(NCc1ccco1)c1cn(-c2ccc(F)c(F)c2)c2nnnn12","202609631","0","-8.8","ok"
"pairB:PARP1:CLV_BS48_07","pairB","PARP1","CLV_BS48_07","CLOVER-Mol","48","Cc1ccc(-n2cnnc2CNCC2CC2)cc1-c1nncn1C1CC1","202609632","0","-8.3","ok"
"pairB:BRD4:CLV_BS48_07","pairB","BRD4","CLV_BS48_07","CLOVER-Mol","48","Cc1ccc(-n2cnnc2CNCC2CC2)cc1-c1nncn1C1CC1","202609633","0","-7.8","ok"
"pairB:PARP1:CLV_BS48_08","pairB","PARP1","CLV_BS48_08","CLOVER-Mol","48","Cn1cc(CSc2nncn2-c2ccc3c(c2)CCNC3)cn1","202609634","0","-9.2","ok"
"pairB:BRD4:CLV_BS48_08","pairB","BRD4","CLV_BS48_08","CLOVER-Mol","48","Cn1cc(CSc2nncn2-c2ccc3c(c2)CCNC3)cn1","202609635","0","-8.3","ok"
"pairB:PARP1:CLV_BS48_09","pairB","PARP1","CLV_BS48_09","CLOVER-Mol","48","Cc1ccc(-n2cnnc2-c2nnnn2C2CC2)cc1C","202609636","0","-8.7","ok"
"pairB:BRD4:CLV_BS48_09","pairB","BRD4","CLV_BS48_09","CLOVER-Mol","48","Cc1ccc(-n2cnnc2-c2nnnn2C2CC2)cc1C","202609637","0","-7.3","ok"
"pairB:PARP1:CLV_BS48_10","pairB","PARP1","CLV_BS48_10","CLOVER-Mol","48","Cc1ccccc1C(=O)N1Cc2cnn(Cc3ccncc3)c2C12CCC2","202609638","0","-9.9","ok"
"pairB:BRD4:CLV_BS48_10","pairB","BRD4","CLV_BS48_10","CLOVER-Mol","48","Cc1ccccc1C(=O)N1Cc2cnn(Cc3ccncc3)c2C12CCC2","202609639","0","-8.1","ok"
"pairB:PARP1:CLV_BS49_01","pairB","PARP1","CLV_BS49_01","CLOVER-Mol","49","O=C(NCc1nncn1-c1ccc(F)c(F)c1)c1cnccn1","202608702","0","-9.1","ok"
"pairB:BRD4:CLV_BS49_01","pairB","BRD4","CLV_BS49_01","CLOVER-Mol","49","O=C(NCc1nncn1-c1ccc(F)c(F)c1)c1cnccn1","202608703","0","-8","ok"
"pairB:PARP1:CLV_BS49_02","pairB","PARP1","CLV_BS49_02","CLOVER-Mol","49","COc1ccc(-n2cnnc2N2CCN(C(=O)NC(C)C)CC2)cc1C","202608704","0","-9.6","ok"
"pairB:BRD4:CLV_BS49_02","pairB","BRD4","CLV_BS49_02","CLOVER-Mol","49","COc1ccc(-n2cnnc2N2CCN(C(=O)NC(C)C)CC2)cc1C","202608705","0","-7.1","ok"
"pairB:PARP1:CLV_BS49_03","pairB","PARP1","CLV_BS49_03","CLOVER-Mol","49","COCc1cccc(CNC(=O)NCc2nncn2-c2cccc(F)c2)c1","202608706","0","-9.3","ok"
"pairB:BRD4:CLV_BS49_03","pairB","BRD4","CLV_BS49_03","CLOVER-Mol","49","COCc1cccc(CNC(=O)NCc2nncn2-c2cccc(F)c2)c1","202608707","0","-7.8","ok"
"pairB:PARP1:CLV_BS49_04","pairB","PARP1","CLV_BS49_04","CLOVER-Mol","49","Cc1nncn1-c1cccc(NCc2ccc(F)cc2)c1","202609646","0","-8.9","ok"
"pairB:BRD4:CLV_BS49_04","pairB","BRD4","CLV_BS49_04","CLOVER-Mol","49","Cc1nncn1-c1cccc(NCc2ccc(F)cc2)c1","202609647","0","-8.2","ok"
"pairB:PARP1:CLV_BS49_05","pairB","PARP1","CLV_BS49_05","CLOVER-Mol","49","Cn1cc(N2CCOC(c3nncn3-c3ccc(F)c(F)c3)C2)cn1","202609648","0","-9.4","ok"
"pairB:BRD4:CLV_BS49_05","pairB","BRD4","CLV_BS49_05","CLOVER-Mol","49","Cn1cc(N2CCOC(c3nncn3-c3ccc(F)c(F)c3)C2)cn1","202609649","0","-8","ok"
"pairB:PARP1:CLV_BS49_06","pairB","PARP1","CLV_BS49_06","CLOVER-Mol","49","Cc1cccc(-n2cnnc2NCc2cnn(-c3cnccn3)c2)c1","202609650","0","-9.2","ok"
"pairB:BRD4:CLV_BS49_06","pairB","BRD4","CLV_BS49_06","CLOVER-Mol","49","Cc1cccc(-n2cnnc2NCc2cnn(-c3cnccn3)c2)c1","202609651","0","-8.3","ok"
"pairB:PARP1:CLV_BS49_07","pairB","PARP1","CLV_BS49_07","CLOVER-Mol","49","Cc1cccc(N2CCN(Cc3nncn3-c3cccc(CC#N)c3)C2=O)c1","202609652","0","-10.2","ok"
"pairB:BRD4:CLV_BS49_07","pairB","BRD4","CLV_BS49_07","CLOVER-Mol","49","Cc1cccc(N2CCN(Cc3nncn3-c3cccc(CC#N)c3)C2=O)c1","202609653","0","-8.8","ok"
"pairB:PARP1:CLV_BS49_08","pairB","PARP1","CLV_BS49_08","CLOVER-Mol","49","NC(=O)NCc1cccc(-n2cnnc2-c2ccccc2)c1","202609654","0","-9.9","ok"
"pairB:BRD4:CLV_BS49_08","pairB","BRD4","CLV_BS49_08","CLOVER-Mol","49","NC(=O)NCc1cccc(-n2cnnc2-c2ccccc2)c1","202609655","0","-8.9","ok"
"pairB:PARP1:CLV_BS49_09","pairB","PARP1","CLV_BS49_09","CLOVER-Mol","49","Cc1nncn1-c1cccc(CNC(=O)CSc2nncn2C)c1","202609656","0","-9.7","ok"
"pairB:BRD4:CLV_BS49_09","pairB","BRD4","CLV_BS49_09","CLOVER-Mol","49","Cc1nncn1-c1cccc(CNC(=O)CSc2nncn2C)c1","202609657","0","-8","ok"
"pairB:PARP1:CLV_BS49_10","pairB","PARP1","CLV_BS49_10","CLOVER-Mol","49","CCN(Cc1cccc(-n2cnnc2C)c1)Cc1nnnn1C1CC1","202609658","0","-9.3","ok"
"pairB:BRD4:CLV_BS49_10","pairB","BRD4","CLV_BS49_10","CLOVER-Mol","49","CCN(Cc1cccc(-n2cnnc2C)c1)Cc1nnnn1C1CC1","202609659","0","-8.7","ok"
"pairB:PARP1:CLV_BS50_01","pairB","PARP1","CLV_BS50_01","CLOVER-Mol","50","Cc1cc(-n2cnnc2SCc2cccnc2)ccn1","202608708","0","-8.2","ok"
"pairB:BRD4:CLV_BS50_01","pairB","BRD4","CLV_BS50_01","CLOVER-Mol","50","Cc1cc(-n2cnnc2SCc2cccnc2)ccn1","202608709","0","-7.3","ok"
"pairB:PARP1:CLV_BS50_02","pairB","PARP1","CLV_BS50_02","CLOVER-Mol","50","COc1ccc(-n2cnnc2Cn2cnnc2C2CC2)cc1C","202608710","0","-8.4","ok"
"pairB:BRD4:CLV_BS50_02","pairB","BRD4","CLV_BS50_02","CLOVER-Mol","50","COc1ccc(-n2cnnc2Cn2cnnc2C2CC2)cc1C","202608711","0","-8.4","ok"
"pairB:PARP1:CLV_BS50_03","pairB","PARP1","CLV_BS50_03","CLOVER-Mol","50","CC(=O)NCc1nncn1-c1cccc(COc2cccc(C)c2)c1","202608712","0","-9.7","ok"
"pairB:BRD4:CLV_BS50_03","pairB","BRD4","CLV_BS50_03","CLOVER-Mol","50","CC(=O)NCc1nncn1-c1cccc(COc2cccc(C)c2)c1","202608713","0","-8.4","ok"
"pairB:PARP1:CLV_BS50_04","pairB","PARP1","CLV_BS50_04","CLOVER-Mol","50","CS(=O)(=O)NCc1cccc(-n2cnnc2-c2ccc(C#N)cn2)c1","202609666","0","-9.7","ok"
"pairB:BRD4:CLV_BS50_04","pairB","BRD4","CLV_BS50_04","CLOVER-Mol","50","CS(=O)(=O)NCc1cccc(-n2cnnc2-c2ccc(C#N)cn2)c1","202609667","0","-8.7","ok"
"pairB:PARP1:CLV_BS50_05","pairB","PARP1","CLV_BS50_05","CLOVER-Mol","50","Cc1ccc(-n2cnnc2S(=O)(=O)Cc2cnn(C)c2)cc1C","202609668","0","-8.8","ok"
"pairB:BRD4:CLV_BS50_05","pairB","BRD4","CLV_BS50_05","CLOVER-Mol","50","Cc1ccc(-n2cnnc2S(=O)(=O)Cc2cnn(C)c2)cc1C","202609669","0","-7.3","ok"
"pairB:PARP1:CLV_BS50_06","pairB","PARP1","CLV_BS50_06","CLOVER-Mol","50","CC(=O)C1c2cc(-n3cnnc3C)ccc2Cc2nnnn21","202609670","0","-10","ok"
"pairB:BRD4:CLV_BS50_06","pairB","BRD4","CLV_BS50_06","CLOVER-Mol","50","CC(=O)C1c2cc(-n3cnnc3C)ccc2Cc2nnnn21","202609671","0","-8.1","ok"
"pairB:PARP1:CLV_BS50_07","pairB","PARP1","CLV_BS50_07","CLOVER-Mol","50","COCc1cccc(-n2cnnc2SCc2nncn2C)c1","202609672","0","-8.3","ok"
"pairB:BRD4:CLV_BS50_07","pairB","BRD4","CLV_BS50_07","CLOVER-Mol","50","COCc1cccc(-n2cnnc2SCc2nncn2C)c1","202609673","0","-7.6","ok"
"pairB:PARP1:CLV_BS50_08","pairB","PARP1","CLV_BS50_08","CLOVER-Mol","50","Cn1nnnc1SCc1nncn1-c1ccc2c(c1)CCCC2","202609674","0","-9.7","ok"
"pairB:BRD4:CLV_BS50_08","pairB","BRD4","CLV_BS50_08","CLOVER-Mol","50","Cn1nnnc1SCc1nncn1-c1ccc2c(c1)CCCC2","202609675","0","-8.5","ok"
"pairB:PARP1:CLV_BS50_09","pairB","PARP1","CLV_BS50_09","CLOVER-Mol","50","Cc1cccc(-n2cnnc2SCC(=O)NCc2ccccc2)c1","202609676","0","-8.3","ok"
"pairB:BRD4:CLV_BS50_09","pairB","BRD4","CLV_BS50_09","CLOVER-Mol","50","Cc1cccc(-n2cnnc2SCC(=O)NCc2ccccc2)c1","202609677","0","-7.5","ok"
"pairB:PARP1:CLV_BS50_10","pairB","PARP1","CLV_BS50_10","CLOVER-Mol","50","COc1cccc(-n2cnnc2SCc2ccncc2)c1","202609678","0","-8.6","ok"
"pairB:BRD4:CLV_BS50_10","pairB","BRD4","CLV_BS50_10","CLOVER-Mol","50","COc1cccc(-n2cnnc2SCc2ccncc2)c1","202609679","0","-7.5","ok"
"pairB:PARP1:CLV_BS51_01","pairB","PARP1","CLV_BS51_01","CLOVER-Mol","51","Cc1ccc(OC(=O)Cc2nncn2-c2ccc3c(c2)CCC3)cn1","202608714","0","-9.5","ok"
"pairB:BRD4:CLV_BS51_01","pairB","BRD4","CLV_BS51_01","CLOVER-Mol","51","Cc1ccc(OC(=O)Cc2nncn2-c2ccc3c(c2)CCC3)cn1","202608715","0","-8.4","ok"
"pairB:PARP1:CLV_BS51_02","pairB","PARP1","CLV_BS51_02","CLOVER-Mol","51","Cc1cnn(Cc2nncn2-c2ccc(F)c(C3CC3)c2)c1","202608716","0","-9.1","ok"
"pairB:BRD4:CLV_BS51_02","pairB","BRD4","CLV_BS51_02","CLOVER-Mol","51","Cc1cnn(Cc2nncn2-c2ccc(F)c(C3CC3)c2)c1","202608717","0","-7.8","ok"
"pairB:PARP1:CLV_BS51_03","pairB","PARP1","CLV_BS51_03","CLOVER-Mol","51","Cc1nncn1-c1cccc(CN2CCOC(c3cccnc3)C2)c1","202608718","0","-10.2","ok"
"pairB:BRD4:CLV_BS51_03","pairB","BRD4","CLV_BS51_03","CLOVER-Mol","51","Cc1nncn1-c1cccc(CN2CCOC(c3cccnc3)C2)c1","202608719","0","-8","ok"
"pairB:PARP1:CLV_BS51_04","pairB","PARP1","CLV_BS51_04","CLOVER-Mol","51","CCn1cnnc1-c1nccn1-c1ccc(F)c(F)c1","202609686","0","-8.1","ok"
"pairB:BRD4:CLV_BS51_04","pairB","BRD4","CLV_BS51_04","CLOVER-Mol","51","CCn1cnnc1-c1nccn1-c1ccc(F)c(F)c1","202609687","0","-6.7","ok"
"pairB:PARP1:CLV_BS51_05","pairB","PARP1","CLV_BS51_05","CLOVER-Mol","51","Cc1nncn1-c1cccc(NC(=O)c2cn(-c3ccc(F)cc3)nn2)c1","202609688","0","-10.6","ok"
"pairB:BRD4:CLV_BS51_05","pairB","BRD4","CLV_BS51_05","CLOVER-Mol","51","Cc1nncn1-c1cccc(NC(=O)c2cn(-c3ccc(F)cc3)nn2)c1","202609689","0","-8.6","ok"
"pairB:PARP1:CLV_BS51_06","pairB","PARP1","CLV_BS51_06","CLOVER-Mol","51","Cc1nncn1-c1cccc(NC(=O)NCc2cccc(F)c2)c1","202609690","0","-9.8","ok"
"pairB:BRD4:CLV_BS51_06","pairB","BRD4","CLV_BS51_06","CLOVER-Mol","51","Cc1nncn1-c1cccc(NC(=O)NCc2cccc(F)c2)c1","202609691","0","-8.3","ok"
"pairB:PARP1:CLV_BS51_07","pairB","PARP1","CLV_BS51_07","CLOVER-Mol","51","Cn1cnc(-c2nncn2-c2ccc(F)c(F)c2)c1","202609692","0","-8.3","ok"
"pairB:BRD4:CLV_BS51_07","pairB","BRD4","CLV_BS51_07","CLOVER-Mol","51","Cn1cnc(-c2nncn2-c2ccc(F)c(F)c2)c1","202609693","0","-7","ok"
"pairB:PARP1:CLV_BS51_08","pairB","PARP1","CLV_BS51_08","CLOVER-Mol","51","COc1ccc(-n2cnnc2NC(=O)Cc2cn(C)nc2C)cc1F","202609694","0","-9.1","ok"
"pairB:BRD4:CLV_BS51_08","pairB","BRD4","CLV_BS51_08","CLOVER-Mol","51","COc1ccc(-n2cnnc2NC(=O)Cc2cn(C)nc2C)cc1F","202609695","0","-8","ok"
"pairB:PARP1:CLV_BS51_09","pairB","PARP1","CLV_BS51_09","CLOVER-Mol","51","Cc1ccc(-n2c(-c3nc(C)sc3C)nc3[nH]nnc32)cc1","202609696","0","-9.4","ok"
"pairB:BRD4:CLV_BS51_09","pairB","BRD4","CLV_BS51_09","CLOVER-Mol","51","Cc1ccc(-n2c(-c3nc(C)sc3C)nc3[nH]nnc32)cc1","202609697","0","-8.2","ok"
"pairB:PARP1:CLV_BS51_10","pairB","PARP1","CLV_BS51_10","CLOVER-Mol","51","CS(=O)c1nncn1-c1cccc(CNC(=O)c2ccc(F)cc2)c1","202609698","0","-9.6","ok"
"pairB:BRD4:CLV_BS51_10","pairB","BRD4","CLV_BS51_10","CLOVER-Mol","51","CS(=O)c1nncn1-c1cccc(CNC(=O)c2ccc(F)cc2)c1","202609699","0","-8.1","ok"
"pairB:PARP1:POL_BS42_01","pairB","PARP1","POL_BS42_01","POLYGON","42","Cc1nncn1-c1cccc(NC(=O)NCc2cccnc2)c1","202608720","0","-9.4","ok"
"pairB:BRD4:POL_BS42_01","pairB","BRD4","POL_BS42_01","POLYGON","42","Cc1nncn1-c1cccc(NC(=O)NCc2cccnc2)c1","202608721","0","-8.2","ok"
"pairB:PARP1:POL_BS42_02","pairB","PARP1","POL_BS42_02","POLYGON","42","Cc1ccc(-n2cccc2-c2nnnn2-c2cccnc2)cc1O","202608722","0","-9.7","ok"
"pairB:BRD4:POL_BS42_02","pairB","BRD4","POL_BS42_02","POLYGON","42","Cc1ccc(-n2cccc2-c2nnnn2-c2cccnc2)cc1O","202608723","0","-7.2","ok"
"pairB:PARP1:POL_BS42_03","pairB","PARP1","POL_BS42_03","POLYGON","42","NC(=O)c1ccccc1NCc1nncn1-c1ccc2c(c1)OCO2","202608724","0","-10","ok"
"pairB:BRD4:POL_BS42_03","pairB","BRD4","POL_BS42_03","POLYGON","42","NC(=O)c1ccccc1NCc1nncn1-c1ccc2c(c1)OCO2","202608725","0","-8.6","ok"
"pairB:PARP1:POL_BS42_04","pairB","PARP1","POL_BS42_04","POLYGON","42","Cn1cc(-c2cccc(C(=O)N(Cc3ccncc3)C3CC3)c2F)nn1","202609706","0","-8.9","ok"
"pairB:BRD4:POL_BS42_04","pairB","BRD4","POL_BS42_04","POLYGON","42","Cn1cc(-c2cccc(C(=O)N(Cc3ccncc3)C3CC3)c2F)nn1","202609707","0","-8.3","ok"
"pairB:PARP1:POL_BS42_05","pairB","PARP1","POL_BS42_05","POLYGON","42","O=C(OCc1nncn1-c1ccc2c(c1)CCO2)c1cnco1","202609708","0","-8.8","ok"
"pairB:BRD4:POL_BS42_05","pairB","BRD4","POL_BS42_05","POLYGON","42","O=C(OCc1nncn1-c1ccc2c(c1)CCO2)c1cnco1","202609709","0","-8.3","ok"
"pairB:PARP1:POL_BS42_06","pairB","PARP1","POL_BS42_06","POLYGON","42","CC1=C2N=NN(c3cccc(F)c3)C=C2Cn2nnnc2N=N1","202609710","0","-10.2","ok"
"pairB:BRD4:POL_BS42_06","pairB","BRD4","POL_BS42_06","POLYGON","42","CC1=C2N=NN(c3cccc(F)c3)C=C2Cn2nnnc2N=N1","202609711","0","-8","ok"
"pairB:PARP1:POL_BS42_07","pairB","PARP1","POL_BS42_07","POLYGON","42","c1ccc(CSc2nncn2-c2ccc3c(c2)NCO3)cc1","202609712","0","-8.5","ok"
"pairB:BRD4:POL_BS42_07","pairB","BRD4","POL_BS42_07","POLYGON","42","c1ccc(CSc2nncn2-c2ccc3c(c2)NCO3)cc1","202609713","0","-8.4","ok"
"pairB:PARP1:POL_BS42_08","pairB","PARP1","POL_BS42_08","POLYGON","42","Cc1cc(-n2cnnc2CNC(=O)c2cn[nH]c2C)ccc1F","202609714","0","-9.4","ok"
"pairB:BRD4:POL_BS42_08","pairB","BRD4","POL_BS42_08","POLYGON","42","Cc1cc(-n2cnnc2CNC(=O)c2cn[nH]c2C)ccc1F","202609715","0","-8.2","ok"
"pairB:PARP1:POL_BS42_09","pairB","PARP1","POL_BS42_09","POLYGON","42","CC(C)C(=O)NCc1nncn1-c1ccc2c(c1)OCCO2","202609716","0","-8.4","ok"
"pairB:BRD4:POL_BS42_09","pairB","BRD4","POL_BS42_09","POLYGON","42","CC(C)C(=O)NCc1nncn1-c1ccc2c(c1)OCCO2","202609717","0","-7.6","ok"
"pairB:PARP1:POL_BS42_10","pairB","PARP1","POL_BS42_10","POLYGON","42","Cc1nnc2n1CCN(C(=O)C1CCN(c3cn[nH]c(=O)c3)C1)C2","202609718","0","-9.3","ok"
"pairB:BRD4:POL_BS42_10","pairB","BRD4","POL_BS42_10","POLYGON","42","Cc1nnc2n1CCN(C(=O)C1CCN(c3cn[nH]c(=O)c3)C1)C2","202609719","0","-8.7","ok"
"pairB:PARP1:POL_BS43_01","pairB","PARP1","POL_BS43_01","POLYGON","43","Cc1nnnn1CCSc1nncn1-c1ccc(F)c(F)c1","202608726","0","-9.7","ok"
"pairB:BRD4:POL_BS43_01","pairB","BRD4","POL_BS43_01","POLYGON","43","Cc1nnnn1CCSc1nncn1-c1ccc(F)c(F)c1","202608727","0","-7.8","ok"
"pairB:PARP1:POL_BS43_02","pairB","PARP1","POL_BS43_02","POLYGON","43","COc1nncn1-c1cccc(NC(=O)NCc2ccncc2)c1","202608728","0","-9.7","ok"
"pairB:BRD4:POL_BS43_02","pairB","BRD4","POL_BS43_02","POLYGON","43","COc1nncn1-c1cccc(NC(=O)NCc2ccncc2)c1","202608729","0","-8","ok"
"pairB:PARP1:POL_BS43_03","pairB","PARP1","POL_BS43_03","POLYGON","43","c1cc2c(cc1-n1cnnc1-c1nnnn1C1CCOCC1)CCC2","202608730","0","-10.1","ok"
"pairB:BRD4:POL_BS43_03","pairB","BRD4","POL_BS43_03","POLYGON","43","c1cc2c(cc1-n1cnnc1-c1nnnn1C1CCOCC1)CCC2","202608731","0","-7.6","ok"
"pairB:PARP1:POL_BS43_04","pairB","PARP1","POL_BS43_04","POLYGON","43","CC(C)CNC(=O)CSc1nncn1-c1ccc2c(c1)CCC2","202609726","0","-8.8","ok"
"pairB:BRD4:POL_BS43_04","pairB","BRD4","POL_BS43_04","POLYGON","43","CC(C)CNC(=O)CSc1nncn1-c1ccc2c(c1)CCC2","202609727","0","-7.4","ok"
"pairB:PARP1:POL_BS43_05","pairB","PARP1","POL_BS43_05","POLYGON","43","COC(=O)C(Sc1nncn1-c1ccc2c(c1)OCO2)C(F)(F)F","202609728","0","-8.3","ok"
"pairB:BRD4:POL_BS43_05","pairB","BRD4","POL_BS43_05","POLYGON","43","COC(=O)C(Sc1nncn1-c1ccc2c(c1)OCO2)C(F)(F)F","202609729","0","-6.8","ok"
"pairB:PARP1:POL_BS43_06","pairB","PARP1","POL_BS43_06","POLYGON","43","O=C(COc1ccc(Cc2nncn2C2CC2)cc1)Nc1nncs1","202609730","0","-8.9","ok"
"pairB:BRD4:POL_BS43_06","pairB","BRD4","POL_BS43_06","POLYGON","43","O=C(COc1ccc(Cc2nncn2C2CC2)cc1)Nc1nncs1","202609731","0","-7.1","ok"
"pairB:PARP1:POL_BS43_07","pairB","PARP1","POL_BS43_07","POLYGON","43","CC(=O)c1nnn2nc(OCc3ccccc3)nnc12","202609732","0","-8.4","ok"
"pairB:BRD4:POL_BS43_07","pairB","BRD4","POL_BS43_07","POLYGON","43","CC(=O)c1nnn2nc(OCc3ccccc3)nnc12","202609733","0","-7.8","ok"
"pairB:PARP1:POL_BS43_08","pairB","PARP1","POL_BS43_08","POLYGON","43","Cc1cccn2c(C(=O)N(C)Cc3ccccc3)nnc12","202609734","0","-8.6","ok"
"pairB:BRD4:POL_BS43_08","pairB","BRD4","POL_BS43_08","POLYGON","43","Cc1cccn2c(C(=O)N(C)Cc3ccccc3)nnc12","202609735","0","-7.7","ok"
"pairB:PARP1:POL_BS43_09","pairB","PARP1","POL_BS43_09","POLYGON","43","O=C(Cc1cn(-c2ccc(=O)[nH]c2)nn1)N1CCN2C(=O)CCCC2C1","202609736","0","-9.7","ok"
"pairB:BRD4:POL_BS43_09","pairB","BRD4","POL_BS43_09","POLYGON","43","O=C(Cc1cn(-c2ccc(=O)[nH]c2)nn1)N1CCN2C(=O)CCCC2C1","202609737","0","-8","ok"
"pairB:PARP1:POL_BS43_10","pairB","PARP1","POL_BS43_10","POLYGON","43","Cc1nn(C)c2nnn(Cc3ccccc3)c(=O)c12","202609738","0","-8.4","ok"
"pairB:BRD4:POL_BS43_10","pairB","BRD4","POL_BS43_10","POLYGON","43","Cc1nn(C)c2nnn(Cc3ccccc3)c(=O)c12","202609739","0","-7.6","ok"
"pairB:PARP1:POL_BS44_01","pairB","PARP1","POL_BS44_01","POLYGON","44","Cc1nncn1-c1cccc(CC(=O)Nc2nncs2)c1","202608732","0","-9.4","ok"
"pairB:BRD4:POL_BS44_01","pairB","BRD4","POL_BS44_01","POLYGON","44","Cc1nncn1-c1cccc(CC(=O)Nc2nncs2)c1","202608733","0","-7.9","ok"
"pairB:PARP1:POL_BS44_02","pairB","PARP1","POL_BS44_02","POLYGON","44","Cc1nn(C)c(C)c1CC(=O)Nc1nncn1-c1ccc2c(c1)COC2","202608734","0","-9.9","ok"
"pairB:BRD4:POL_BS44_02","pairB","BRD4","POL_BS44_02","POLYGON","44","Cc1nn(C)c(C)c1CC(=O)Nc1nncn1-c1ccc2c(c1)COC2","202608735","0","-9","ok"
"pairB:PARP1:POL_BS44_03","pairB","PARP1","POL_BS44_03","POLYGON","44","O=C(NCc1nncn1-c1ccc2c(c1)OCCO2)c1cnns1","202608736","0","-9.3","ok"
"pairB:BRD4:POL_BS44_03","pairB","BRD4","POL_BS44_03","POLYGON","44","O=C(NCc1nncn1-c1ccc2c(c1)OCCO2)c1cnns1","202608737","0","-7.9","ok"
"pairB:PARP1:POL_BS44_04","pairB","PARP1","POL_BS44_04","POLYGON","44","Cc1nnnn1-c1ccc(OCC(=O)Nc2nncs2)cc1","202609746","0","-9.4","ok"
"pairB:BRD4:POL_BS44_04","pairB","BRD4","POL_BS44_04","POLYGON","44","Cc1nnnn1-c1ccc(OCC(=O)Nc2nncs2)cc1","202609747","0","-7.9","ok"
"pairB:PARP1:POL_BS44_05","pairB","PARP1","POL_BS44_05","POLYGON","44","CN(C(=O)CSc1nncn1-c1cccc(F)c1)C1CC1","202609748","0","-7.8","ok"
"pairB:BRD4:POL_BS44_05","pairB","BRD4","POL_BS44_05","POLYGON","44","CN(C(=O)CSc1nncn1-c1cccc(F)c1)C1CC1","202609749","0","-6.9","ok"
"pairB:PARP1:POL_BS44_06","pairB","PARP1","POL_BS44_06","POLYGON","44","NC(=O)CSc1nncn1-c1ccc2c(c1)OCO2","202609750","0","-7.8","ok"
"pairB:BRD4:POL_BS44_06","pairB","BRD4","POL_BS44_06","POLYGON","44","NC(=O)CSc1nncn1-c1ccc2c(c1)OCO2","202609751","0","-7.4","ok"
"pairB:PARP1:POL_BS44_07","pairB","PARP1","POL_BS44_07","POLYGON","44","CS(=O)(=O)N(Cc1ccccc1)Cc1nnnn1-c1ccccc1","202609752","0","-8.4","ok"
"pairB:BRD4:POL_BS44_07","pairB","BRD4","POL_BS44_07","POLYGON","44","CS(=O)(=O)N(Cc1ccccc1)Cc1nnnn1-c1ccccc1","202609753","0","-7.8","ok"
"pairB:PARP1:POL_BS44_08","pairB","PARP1","POL_BS44_08","POLYGON","44","CC(C1CC1c1nccs1)n1nnnc1COC(=O)c1ccccn1","202609754","0","-8.5","ok"
"pairB:BRD4:POL_BS44_08","pairB","BRD4","POL_BS44_08","POLYGON","44","CC(C1CC1c1nccs1)n1nnnc1COC(=O)c1ccccn1","202609755","0","-7.6","ok"
"pairB:PARP1:POL_BS44_09","pairB","PARP1","POL_BS44_09","POLYGON","44","Cc1nnc2c(ncn2CC(=O)N2CCN(c3nccs3)C2)c1C","202609756","0","-8.8","ok"
"pairB:BRD4:POL_BS44_09","pairB","BRD4","POL_BS44_09","POLYGON","44","Cc1nnc2c(ncn2CC(=O)N2CCN(c3nccs3)C2)c1C","202609757","0","-7.3","ok"
"pairB:PARP1:POL_BS44_10","pairB","PARP1","POL_BS44_10","POLYGON","44","Cn1cc(C2CCC2)c2nnc(SCc3ccc(F)cc3)n21","202609758","0","-8.9","ok"
"pairB:BRD4:POL_BS44_10","pairB","BRD4","POL_BS44_10","POLYGON","44","Cn1cc(C2CCC2)c2nnc(SCc3ccc(F)cc3)n21","202609759","0","-8.2","ok"
"pairB:PARP1:POL_BS45_01","pairB","PARP1","POL_BS45_01","POLYGON","45","CCOCc1nn(Cc2ccccc2)c(=O)c2nnc(C3CC3)n12","202608738","0","-8.5","ok"
"pairB:BRD4:POL_BS45_01","pairB","BRD4","POL_BS45_01","POLYGON","45","CCOCc1nn(Cc2ccccc2)c(=O)c2nnc(C3CC3)n12","202608739","0","-7","ok"
"pairB:PARP1:POL_BS45_02","pairB","PARP1","POL_BS45_02","POLYGON","45","CCc1cccc(-n2cnnc2S(=O)(=O)N2CCOCC2)c1","202608740","0","-8.7","ok"
"pairB:BRD4:POL_BS45_02","pairB","BRD4","POL_BS45_02","POLYGON","45","CCc1cccc(-n2cnnc2S(=O)(=O)N2CCOCC2)c1","202608741","0","-6.7","ok"
"pairB:PARP1:POL_BS45_03","pairB","PARP1","POL_BS45_03","POLYGON","45","CCn1nnc2nc(NCc3cccc(OC4CCCC4)c3)nnc21","202608742","0","-9.1","ok"
"pairB:BRD4:POL_BS45_03","pairB","BRD4","POL_BS45_03","POLYGON","45","CCn1nnc2nc(NCc3cccc(OC4CCCC4)c3)nnc21","202608743","0","-8.4","ok"
"pairB:PARP1:POL_BS45_04","pairB","PARP1","POL_BS45_04","POLYGON","45","Cc1nnc(SCC(=O)N(C)Cc2ccc(=O)[nH]c2)n1C(C)C","202609766","0","-8.4","ok"
"pairB:BRD4:POL_BS45_04","pairB","BRD4","POL_BS45_04","POLYGON","45","Cc1nnc(SCC(=O)N(C)Cc2ccc(=O)[nH]c2)n1C(C)C","202609767","0","-6.8","ok"
"pairB:PARP1:POL_BS45_05","pairB","PARP1","POL_BS45_05","POLYGON","45","CCCC1CN(c2nnc(SCc3ccc(=O)[nH]c3)o2)CCO1","202609768","0","-9","ok"
"pairB:BRD4:POL_BS45_05","pairB","BRD4","POL_BS45_05","POLYGON","45","CCCC1CN(c2nnc(SCc3ccc(=O)[nH]c3)o2)CCO1","202609769","0","-7.3","ok"
"pairB:PARP1:POL_BS45_06","pairB","PARP1","POL_BS45_06","POLYGON","45","CC(Cc1cccc(C#N)c1)n1nnc(-c2cccc(=O)[nH]2)n1","202609770","0","-10.4","ok"
"pairB:BRD4:POL_BS45_06","pairB","BRD4","POL_BS45_06","POLYGON","45","CC(Cc1cccc(C#N)c1)n1nnc(-c2cccc(=O)[nH]2)n1","202609771","0","-9","ok"
"pairB:PARP1:POL_BS45_07","pairB","PARP1","POL_BS45_07","POLYGON","45","Cn1cnc(-n2cc(CN(C(=O)Nc3nncs3)C3CC3)cn2)n1","202609772","0","-8","ok"
"pairB:BRD4:POL_BS45_07","pairB","BRD4","POL_BS45_07","POLYGON","45","Cn1cnc(-n2cc(CN(C(=O)Nc3nncs3)C3CC3)cn2)n1","202609773","0","-7.3","ok"
"pairB:PARP1:POL_BS45_08","pairB","PARP1","POL_BS45_08","POLYGON","45","COC(=O)c1c(C)nn(-c2nncn2-c2cccc(F)c2)c1C1CC1","202609774","0","-8.8","ok"
"pairB:BRD4:POL_BS45_08","pairB","BRD4","POL_BS45_08","POLYGON","45","COC(=O)c1c(C)nn(-c2nncn2-c2cccc(F)c2)c1C1CC1","202609775","0","-7.2","ok"
"pairB:PARP1:POL_BS45_09","pairB","PARP1","POL_BS45_09","POLYGON","45","CS(=O)(=O)N(CC(N)=O)c1nnnn1-c1cccc(F)c1","202609776","0","-8.1","ok"
"pairB:BRD4:POL_BS45_09","pairB","BRD4","POL_BS45_09","POLYGON","45","CS(=O)(=O)N(CC(N)=O)c1nnnn1-c1cccc(F)c1","202609777","0","-6.2","ok"
"pairB:PARP1:POL_BS45_10","pairB","PARP1","POL_BS45_10","POLYGON","45","Cc1cc(N2CCN(C)C2=O)ccc1-c1nnnn1-c1ncon1","202609778","0","-9.6","ok"
"pairB:BRD4:POL_BS45_10","pairB","BRD4","POL_BS45_10","POLYGON","45","Cc1cc(N2CCN(C)C2=O)ccc1-c1nnnn1-c1ncon1","202609779","0","-7.4","ok"
"pairB:PARP1:POL_BS46_01","pairB","PARP1","POL_BS46_01","POLYGON","46","Cn1ncnc1SCc1nncn1-c1ccc2c(c1)OCO2","202608744","0","-8.2","ok"
"pairB:BRD4:POL_BS46_01","pairB","BRD4","POL_BS46_01","POLYGON","46","Cn1ncnc1SCc1nncn1-c1ccc2c(c1)OCO2","202608745","0","-7.4","ok"
"pairB:PARP1:POL_BS46_02","pairB","PARP1","POL_BS46_02","POLYGON","46","Cc1nncn1-c1cccc(CNCc2nncs2)c1","202608746","0","-9.1","ok"
"pairB:BRD4:POL_BS46_02","pairB","BRD4","POL_BS46_02","POLYGON","46","Cc1nncn1-c1cccc(CNCc2nncs2)c1","202608747","0","-7.6","ok"
"pairB:PARP1:POL_BS46_03","pairB","PARP1","POL_BS46_03","POLYGON","46","Cn1c(C2CCCC2)nnc1C1CCCCN1C(=O)Cc1ccccc1","202608748","0","-9.9","ok"
"pairB:BRD4:POL_BS46_03","pairB","BRD4","POL_BS46_03","POLYGON","46","Cn1c(C2CCCC2)nnc1C1CCCCN1C(=O)Cc1ccccc1","202608749","0","-7.9","ok"
"pairB:PARP1:POL_BS46_04","pairB","PARP1","POL_BS46_04","POLYGON","46","O=c1cc(-c2nnnn2Cc2cccc(F)c2)cn[nH]1","202609786","0","-8.6","ok"
"pairB:BRD4:POL_BS46_04","pairB","BRD4","POL_BS46_04","POLYGON","46","O=c1cc(-c2nnnn2Cc2cccc(F)c2)cn[nH]1","202609787","0","-7.9","ok"
"pairB:PARP1:POL_BS46_05","pairB","PARP1","POL_BS46_05","POLYGON","46","O=C(NCc1nncn1-c1ccc2c(c1)CCN2)c1cccs1","202609788","0","-9.1","ok"
"pairB:BRD4:POL_BS46_05","pairB","BRD4","POL_BS46_05","POLYGON","46","O=C(NCc1nncn1-c1ccc2c(c1)CCN2)c1cccs1","202609789","0","-7.8","ok"
"pairB:PARP1:POL_BS46_06","pairB","PARP1","POL_BS46_06","POLYGON","46","CS(=O)(=O)N1CCCC1c1nncn1-c1ccc2c(c1)OCO2","202609790","0","-8.7","ok"
"pairB:BRD4:POL_BS46_06","pairB","BRD4","POL_BS46_06","POLYGON","46","CS(=O)(=O)N1CCCC1c1nncn1-c1ccc2c(c1)OCO2","202609791","0","-6.9","ok"
"pairB:PARP1:POL_BS46_07","pairB","PARP1","POL_BS46_07","POLYGON","46","CC(=O)N1CCCC1c1nncn1-c1ccc2ccccc2c1","202609792","0","-9.6","ok"
"pairB:BRD4:POL_BS46_07","pairB","BRD4","POL_BS46_07","POLYGON","46","CC(=O)N1CCCC1c1nncn1-c1ccc2ccccc2c1","202609793","0","-8.2","ok"
"pairB:PARP1:POL_BS46_08","pairB","PARP1","POL_BS46_08","POLYGON","46","c1ccc(OCc2nncn2-c2ccc3c(c2)OCO3)cc1","202609794","0","-8.3","ok"
"pairB:BRD4:POL_BS46_08","pairB","BRD4","POL_BS46_08","POLYGON","46","c1ccc(OCc2nncn2-c2ccc3c(c2)OCO3)cc1","202609795","0","-8.2","ok"
"pairB:PARP1:POL_BS46_09","pairB","PARP1","POL_BS46_09","POLYGON","46","CC(CC#N)Sc1nncn1-c1ccc2c(c1)OCCO2","202609796","0","-8.1","ok"
"pairB:BRD4:POL_BS46_09","pairB","BRD4","POL_BS46_09","POLYGON","46","CC(CC#N)Sc1nncn1-c1ccc2c(c1)OCCO2","202609797","0","-6.9","ok"
"pairB:PARP1:POL_BS46_10","pairB","PARP1","POL_BS46_10","POLYGON","46","CCOc1cc(-n2nnnc2C)ccc1NC(=O)Nc1nncs1","202609798","0","-8.3","ok"
"pairB:BRD4:POL_BS46_10","pairB","BRD4","POL_BS46_10","POLYGON","46","CCOc1cc(-n2nnnc2C)ccc1NC(=O)Nc1nncs1","202609799","0","-7.2","ok"
"pairB:PARP1:POL_BS47_01","pairB","PARP1","POL_BS47_01","POLYGON","47","CNC(=O)CSc1nncn1-c1ccc(-c2ncncc2C2CC2)c(C)c1","202608750","0","-9.3","ok"
"pairB:BRD4:POL_BS47_01","pairB","BRD4","POL_BS47_01","POLYGON","47","CNC(=O)CSc1nncn1-c1ccc(-c2ncncc2C2CC2)c(C)c1","202608751","0","-8","ok"
"pairB:PARP1:POL_BS47_02","pairB","PARP1","POL_BS47_02","POLYGON","47","Fc1cccc(-n2cnnc2C2CN(Cc3ccncc3)CCO2)c1","202608752","0","-10","ok"
"pairB:BRD4:POL_BS47_02","pairB","BRD4","POL_BS47_02","POLYGON","47","Fc1cccc(-n2cnnc2C2CN(Cc3ccncc3)CCO2)c1","202608753","0","-7.2","ok"
"pairB:PARP1:POL_BS47_03","pairB","PARP1","POL_BS47_03","POLYGON","47","Cc1nncn1-c1cccc(CNS(=O)(=O)N2CCc3cscc3C2)c1","202608754","0","-10.4","ok"
"pairB:BRD4:POL_BS47_03","pairB","BRD4","POL_BS47_03","POLYGON","47","Cc1nncn1-c1cccc(CNS(=O)(=O)N2CCc3cscc3C2)c1","202608755","0","-8.2","ok"
"pairB:PARP1:POL_BS47_04","pairB","PARP1","POL_BS47_04","POLYGON","47","Cc1ccccc1NCc1nncn1-c1ccc2[nH]nnc2c1","202609806","0","-10","ok"
"pairB:BRD4:POL_BS47_04","pairB","BRD4","POL_BS47_04","POLYGON","47","Cc1ccccc1NCc1nncn1-c1ccc2[nH]nnc2c1","202609807","0","-8.7","ok"
"pairB:PARP1:POL_BS47_05","pairB","PARP1","POL_BS47_05","POLYGON","47","O=C(NCc1nncn1-c1ccc2c(c1)OCO2)Nc1ccccc1","202609808","0","-9.3","ok"
"pairB:BRD4:POL_BS47_05","pairB","BRD4","POL_BS47_05","POLYGON","47","O=C(NCc1nncn1-c1ccc2c(c1)OCO2)Nc1ccccc1","202609809","0","-8.3","ok"
"pairB:PARP1:POL_BS47_06","pairB","PARP1","POL_BS47_06","POLYGON","47","Cc1ccc(-n2cnnc2-c2cccs2)cc1N(C)S(C)(=O)=O","202609810","0","-8.3","ok"
"pairB:BRD4:POL_BS47_06","pairB","BRD4","POL_BS47_06","POLYGON","47","Cc1ccc(-n2cnnc2-c2cccs2)cc1N(C)S(C)(=O)=O","202609811","0","-6.6","ok"
"pairB:PARP1:POL_BS47_07","pairB","PARP1","POL_BS47_07","POLYGON","47","O=c1ccc(-c2nnc(NCc3ccc4c(c3)OCCO4)n2C2CC2)n[nH]1","202609812","0","-10.4","ok"
"pairB:BRD4:POL_BS47_07","pairB","BRD4","POL_BS47_07","POLYGON","47","O=c1ccc(-c2nnc(NCc3ccc4c(c3)OCCO4)n2C2CC2)n[nH]1","202609813","0","-8.2","ok"
"pairB:PARP1:POL_BS47_08","pairB","PARP1","POL_BS47_08","POLYGON","47","CCn1nnnc1CSc1nncn1-c1ccc2c(c1)COC2","202609814","0","-9","ok"
"pairB:BRD4:POL_BS47_08","pairB","BRD4","POL_BS47_08","POLYGON","47","CCn1nnnc1CSc1nncn1-c1ccc2c(c1)COC2","202609815","0","-8.5","ok"
"pairB:PARP1:POL_BS47_09","pairB","PARP1","POL_BS47_09","POLYGON","47","O=c1ccc(-c2nnc(-c3cccc(-n4cncn4)c3)n2C2CC2)c[nH]1","202609816","0","-9.9","ok"
"pairB:BRD4:POL_BS47_09","pairB","BRD4","POL_BS47_09","POLYGON","47","O=c1ccc(-c2nnc(-c3cccc(-n4cncn4)c3)n2C2CC2)c[nH]1","202609817","0","-8.1","ok"
"pairB:PARP1:POL_BS47_10","pairB","PARP1","POL_BS47_10","POLYGON","47","O=C(NCc1nncn1-c1ccc2c(c1)OCCO2)NCc1nncn1C1CC1","202609818","0","-10.1","ok"
"pairB:BRD4:POL_BS47_10","pairB","BRD4","POL_BS47_10","POLYGON","47","O=C(NCc1nncn1-c1ccc2c(c1)OCCO2)NCc1nncn1C1CC1","202609819","0","-8.4","ok"
"pairB:PARP1:POL_BS48_01","pairB","PARP1","POL_BS48_01","POLYGON","48","Cc1cccn2c(N3CCN(C(=O)c4cnno4)CC3)nnc12","202608756","0","-10","ok"
"pairB:BRD4:POL_BS48_01","pairB","BRD4","POL_BS48_01","POLYGON","48","Cc1cccn2c(N3CCN(C(=O)c4cnno4)CC3)nnc12","202608757","0","-7.2","ok"
"pairB:PARP1:POL_BS48_02","pairB","PARP1","POL_BS48_02","POLYGON","48","Cc1ccc(NCc2nncn2-c2ccc3c(c2)OCO3)cc1","202608758","0","-8.8","ok"
"pairB:BRD4:POL_BS48_02","pairB","BRD4","POL_BS48_02","POLYGON","48","Cc1ccc(NCc2nncn2-c2ccc3c(c2)OCO3)cc1","202608759","0","-8.4","ok"
"pairB:PARP1:POL_BS48_03","pairB","PARP1","POL_BS48_03","POLYGON","48","Cc1csc(C(=O)NCc2nncn2-c2ccc(F)c(F)c2)n1","202608760","0","-9.2","ok"
"pairB:BRD4:POL_BS48_03","pairB","BRD4","POL_BS48_03","POLYGON","48","Cc1csc(C(=O)NCc2nncn2-c2ccc(F)c(F)c2)n1","202608761","0","-7.7","ok"
"pairB:PARP1:POL_BS48_04","pairB","PARP1","POL_BS48_04","POLYGON","48","Cc1ccc(-n2cnnc2-c2nc(N(C)C)nc(C)c2C)cc1C","202609826","0","-9.1","ok"
"pairB:BRD4:POL_BS48_04","pairB","BRD4","POL_BS48_04","POLYGON","48","Cc1ccc(-n2cnnc2-c2nc(N(C)C)nc(C)c2C)cc1C","202609827","0","-7.8","ok"
"pairB:PARP1:POL_BS48_05","pairB","PARP1","POL_BS48_05","POLYGON","48","Cc1ccc(-n2cnnc2-c2nnc(SC(C)C#N)n2C2CC2)cc1C","202609828","0","-9.8","ok"
"pairB:BRD4:POL_BS48_05","pairB","BRD4","POL_BS48_05","POLYGON","48","Cc1ccc(-n2cnnc2-c2nnc(SC(C)C#N)n2C2CC2)cc1C","202609829","0","-7.6","ok"
"pairB:PARP1:POL_BS48_06","pairB","PARP1","POL_BS48_06","POLYGON","48","Fc1ccc(-n2cnnc2CSc2nnnn2C2CC2)cc1F","202609830","0","-8.7","ok"
"pairB:BRD4:POL_BS48_06","pairB","BRD4","POL_BS48_06","POLYGON","48","Fc1ccc(-n2cnnc2CSc2nnnn2C2CC2)cc1F","202609831","0","-8.5","ok"
"pairB:PARP1:POL_BS48_07","pairB","PARP1","POL_BS48_07","POLYGON","48","Cc1cc(C2CC2c2nncn2-c2ccc3c(c2)NC(=O)CO3)[nH]n1","202609832","0","-10.4","ok"
"pairB:BRD4:POL_BS48_07","pairB","BRD4","POL_BS48_07","POLYGON","48","Cc1cc(C2CC2c2nncn2-c2ccc3c(c2)NC(=O)CO3)[nH]n1","202609833","0","-7.9","ok"
"pairB:PARP1:POL_BS48_08","pairB","PARP1","POL_BS48_08","POLYGON","48","Cc1nnc(NCCN2CCN(c3cc(=O)[nH]n3C)CC2)s1","202609834","0","-8.3","ok"
"pairB:BRD4:POL_BS48_08","pairB","BRD4","POL_BS48_08","POLYGON","48","Cc1nnc(NCCN2CCN(c3cc(=O)[nH]n3C)CC2)s1","202609835","0","-6.6","ok"
"pairB:PARP1:POL_BS48_09","pairB","PARP1","POL_BS48_09","POLYGON","48","O=C(NCc1ccccn1)c1ccnn2c(-c3ccncc3)nnc12","202609836","0","-9","ok"
"pairB:BRD4:POL_BS48_09","pairB","BRD4","POL_BS48_09","POLYGON","48","O=C(NCc1ccccn1)c1ccnn2c(-c3ccncc3)nnc12","202609837","0","-8.2","ok"
"pairB:PARP1:POL_BS48_10","pairB","PARP1","POL_BS48_10","POLYGON","48","Cc1nnc(NCc2cnn3c2SCCC3=O)s1","202609838","0","-7.8","ok"
"pairB:BRD4:POL_BS48_10","pairB","BRD4","POL_BS48_10","POLYGON","48","Cc1nnc(NCc2cnn3c2SCCC3=O)s1","202609839","0","-6.8","ok"
"pairB:PARP1:POL_BS49_01","pairB","PARP1","POL_BS49_01","POLYGON","49","Cc1cccn1Cc1nncn1-c1ccc(F)c(F)c1","202608762","0","-8.7","ok"
"pairB:BRD4:POL_BS49_01","pairB","BRD4","POL_BS49_01","POLYGON","49","Cc1cccn1Cc1nncn1-c1ccc(F)c(F)c1","202608763","0","-8","ok"
"pairB:PARP1:POL_BS49_02","pairB","PARP1","POL_BS49_02","POLYGON","49","O=c1ccc2cc(-n3nnnc3-c3ccco3)ccc2[nH]1","202608764","0","-9.2","ok"
"pairB:BRD4:POL_BS49_02","pairB","BRD4","POL_BS49_02","POLYGON","49","O=c1ccc2cc(-n3nnnc3-c3ccco3)ccc2[nH]1","202608765","0","-8.4","ok"
"pairB:PARP1:POL_BS49_03","pairB","PARP1","POL_BS49_03","POLYGON","49","Cc1nc(CNC(=O)c2ccc(-n3nnnn3)cc2)c(C)s1","202608766","0","-8.8","ok"
"pairB:BRD4:POL_BS49_03","pairB","BRD4","POL_BS49_03","POLYGON","49","Cc1nc(CNC(=O)c2ccc(-n3nnnn3)cc2)c(C)s1","202608767","0","-7.8","ok"
"pairB:PARP1:POL_BS49_04","pairB","PARP1","POL_BS49_04","POLYGON","49","O=C(NCc1cccc(-n2cnnc2-c2cccnc2)c1)c1ccco1","202609846","0","-9.8","ok"
"pairB:BRD4:POL_BS49_04","pairB","BRD4","POL_BS49_04","POLYGON","49","O=C(NCc1cccc(-n2cnnc2-c2cccnc2)c1)c1ccco1","202609847","0","-9","ok"
"pairB:PARP1:POL_BS49_05","pairB","PARP1","POL_BS49_05","POLYGON","49","CCN(Cc1ccccc1)C(=O)N1CCCC1c1nnc(C)n1C","202609848","0","-8.6","ok"
"pairB:BRD4:POL_BS49_05","pairB","BRD4","POL_BS49_05","POLYGON","49","CCN(Cc1ccccc1)C(=O)N1CCCC1c1nnc(C)n1C","202609849","0","-7.5","ok"
"pairB:PARP1:POL_BS49_06","pairB","PARP1","POL_BS49_06","POLYGON","49","Cc1cccc(-n2cnnc2SCc2ccc(CC(N)=O)cc2)c1","202609850","0","-10","ok"
"pairB:BRD4:POL_BS49_06","pairB","BRD4","POL_BS49_06","POLYGON","49","Cc1cccc(-n2cnnc2SCc2ccc(CC(N)=O)cc2)c1","202609851","0","-8.5","ok"
"pairB:PARP1:POL_BS49_07","pairB","PARP1","POL_BS49_07","POLYGON","49","CC(C)(C)NC(=O)CSc1nncn1-c1ccc2cccnc2c1","202609852","0","-8.9","ok"
"pairB:BRD4:POL_BS49_07","pairB","BRD4","POL_BS49_07","POLYGON","49","CC(C)(C)NC(=O)CSc1nncn1-c1ccc2cccnc2c1","202609853","0","-7.2","ok"
"pairB:PARP1:POL_BS49_08","pairB","PARP1","POL_BS49_08","POLYGON","49","O=C(NCc1nncn1C1CC1)c1cccn1-c1ccc(F)c(F)c1","202609854","0","-8.9","ok"
"pairB:BRD4:POL_BS49_08","pairB","BRD4","POL_BS49_08","POLYGON","49","O=C(NCc1nncn1C1CC1)c1cccn1-c1ccc(F)c(F)c1","202609855","0","-7.2","ok"
"pairB:PARP1:POL_BS49_09","pairB","PARP1","POL_BS49_09","POLYGON","49","Cc1ccc(-n2cnnc2C(=O)OCc2nnnn2C2CC2)cc1C","202609856","0","-9.4","ok"
"pairB:BRD4:POL_BS49_09","pairB","BRD4","POL_BS49_09","POLYGON","49","Cc1ccc(-n2cnnc2C(=O)OCc2nnnn2C2CC2)cc1C","202609857","0","-8.6","ok"
"pairB:PARP1:POL_BS49_10","pairB","PARP1","POL_BS49_10","POLYGON","49","CSc1nncn1-c1cccc(C(=O)N(C)Cc2ccncc2)c1","202609858","0","-8.4","ok"
"pairB:BRD4:POL_BS49_10","pairB","BRD4","POL_BS49_10","POLYGON","49","CSc1nncn1-c1cccc(C(=O)N(C)Cc2ccncc2)c1","202609859","0","-7.7","ok"
"pairB:PARP1:POL_BS50_01","pairB","PARP1","POL_BS50_01","POLYGON","50","CCOCc1cccc(-n2cnnc2CNC(=O)CC2CC2)c1","202608768","0","-7.8","ok"
"pairB:BRD4:POL_BS50_01","pairB","BRD4","POL_BS50_01","POLYGON","50","CCOCc1cccc(-n2cnnc2CNC(=O)CC2CC2)c1","202608769","0","-7.2","ok"
"pairB:PARP1:POL_BS50_02","pairB","PARP1","POL_BS50_02","POLYGON","50","NC(=O)COC(=O)c1nncn1-c1cccc(F)c1","202608770","0","-7.8","ok"
"pairB:BRD4:POL_BS50_02","pairB","BRD4","POL_BS50_02","POLYGON","50","NC(=O)COC(=O)c1nncn1-c1cccc(F)c1","202608771","0","-7.3","ok"
"pairB:PARP1:POL_BS50_03","pairB","PARP1","POL_BS50_03","POLYGON","50","CC(=O)Nc1cc(CO)c(-c2nncn2-c2cccc(F)c2)[nH]1","202608772","0","-8.9","ok"
"pairB:BRD4:POL_BS50_03","pairB","BRD4","POL_BS50_03","POLYGON","50","CC(=O)Nc1cc(CO)c(-c2nncn2-c2cccc(F)c2)[nH]1","202608773","0","-7.4","ok"
"pairB:PARP1:POL_BS50_04","pairB","PARP1","POL_BS50_04","POLYGON","50","COn1ccc(CC(=O)NCc2nncn2-c2cccc(C)c2)c1","202609866","0","-9","ok"
"pairB:BRD4:POL_BS50_04","pairB","BRD4","POL_BS50_04","POLYGON","50","COn1ccc(CC(=O)NCc2nncn2-c2cccc(C)c2)c1","202609867","0","-7.6","ok"
"pairB:PARP1:POL_BS50_05","pairB","PARP1","POL_BS50_05","POLYGON","50","COC(=O)C(C)CN1CC(c2nncn2-c2cccc(F)c2)C1","202609868","0","-8.2","ok"
"pairB:BRD4:POL_BS50_05","pairB","BRD4","POL_BS50_05","POLYGON","50","COC(=O)C(C)CN1CC(c2nncn2-c2cccc(F)c2)C1","202609869","0","-7","ok"
"pairB:PARP1:POL_BS50_06","pairB","PARP1","POL_BS50_06","POLYGON","50","CC(C)n1nnc2c3c(nnc21)CCC3NC(=O)c1ccco1","202609870","0","-8.8","ok"
"pairB:BRD4:POL_BS50_06","pairB","BRD4","POL_BS50_06","POLYGON","50","CC(C)n1nnc2c3c(nnc21)CCC3NC(=O)c1ccco1","202609871","0","-7.9","ok"
"pairB:PARP1:POL_BS50_07","pairB","PARP1","POL_BS50_07","POLYGON","50","CN(CCc1ccco1)C(=O)NCc1nncn1-c1cccc(F)c1","202609872","0","-9.2","ok"
"pairB:BRD4:POL_BS50_07","pairB","BRD4","POL_BS50_07","POLYGON","50","CN(CCc1ccco1)C(=O)NCc1nncn1-c1cccc(F)c1","202609873","0","-7.3","ok"
"pairB:PARP1:POL_BS50_08","pairB","PARP1","POL_BS50_08","POLYGON","50","Cc1nn(C)c2nnc(NC(=O)c3ccco3)cc12","202609874","0","-8.3","ok"
"pairB:BRD4:POL_BS50_08","pairB","BRD4","POL_BS50_08","POLYGON","50","Cc1nn(C)c2nnc(NC(=O)c3ccco3)cc12","202609875","0","-7.5","ok"
"pairB:PARP1:POL_BS50_09","pairB","PARP1","POL_BS50_09","POLYGON","50","Cc1nnc(S(=O)(=O)CC2CSc3nnc(C)n32)s1","202609876","0","-7.7","ok"
"pairB:BRD4:POL_BS50_09","pairB","BRD4","POL_BS50_09","POLYGON","50","Cc1nnc(S(=O)(=O)CC2CSc3nnc(C)n32)s1","202609877","0","-6.8","ok"
"pairB:PARP1:POL_BS50_10","pairB","PARP1","POL_BS50_10","POLYGON","50","CC(C)c1nnn(Cc2ccc(NC(=O)c3ccsn3)cc2)n1","202609878","0","-8.4","ok"
"pairB:BRD4:POL_BS50_10","pairB","BRD4","POL_BS50_10","POLYGON","50","CC(C)c1nnn(Cc2ccc(NC(=O)c3ccsn3)cc2)n1","202609879","0","-8.2","ok"
"pairB:PARP1:POL_BS51_01","pairB","PARP1","POL_BS51_01","POLYGON","51","Cc1nncn1-c1cccc(CNC(=O)NCc2cccc(F)c2)c1","202608774","0","-10.1","ok"
"pairB:BRD4:POL_BS51_01","pairB","BRD4","POL_BS51_01","POLYGON","51","Cc1nncn1-c1cccc(CNC(=O)NCc2cccc(F)c2)c1","202608775","0","-8.3","ok"
"pairB:PARP1:POL_BS51_02","pairB","PARP1","POL_BS51_02","POLYGON","51","Cc1cccc(-n2cc(Cc3nnc(C4CC4)o3)ccc2=O)c1","202608776","0","-9.4","ok"
"pairB:BRD4:POL_BS51_02","pairB","BRD4","POL_BS51_02","POLYGON","51","Cc1cccc(-n2cc(Cc3nnc(C4CC4)o3)ccc2=O)c1","202608777","0","-8.8","ok"
"pairB:PARP1:POL_BS51_03","pairB","PARP1","POL_BS51_03","POLYGON","51","CS(=O)(=O)N(Cc1cccnc1)c1nncn1-c1ccccc1","202608778","0","-8.5","ok"
"pairB:BRD4:POL_BS51_03","pairB","BRD4","POL_BS51_03","POLYGON","51","CS(=O)(=O)N(Cc1cccnc1)c1nncn1-c1ccccc1","202608779","0","-6.6","ok"
"pairB:PARP1:POL_BS51_04","pairB","PARP1","POL_BS51_04","POLYGON","51","Fc1cccc(-n2cnnc2-c2ccc3nc[nH]c3c2)c1","202609886","0","-8.9","ok"
"pairB:BRD4:POL_BS51_04","pairB","BRD4","POL_BS51_04","POLYGON","51","Fc1cccc(-n2cnnc2-c2ccc3nc[nH]c3c2)c1","202609887","0","-9.3","ok"
"pairB:PARP1:POL_BS51_05","pairB","PARP1","POL_BS51_05","POLYGON","51","c1nnc(NCc2nncn2-c2ccc3c(c2)OCO3)s1","202609888","0","-8.2","ok"
"pairB:BRD4:POL_BS51_05","pairB","BRD4","POL_BS51_05","POLYGON","51","c1nnc(NCc2nncn2-c2ccc3c(c2)OCO3)s1","202609889","0","-7.7","ok"
"pairB:PARP1:POL_BS51_06","pairB","PARP1","POL_BS51_06","POLYGON","51","Cc1cccc(CNC(=O)c2cnn3c(OC(C)C)nnc3c2C)c1","202609890","0","-9.6","ok"
"pairB:BRD4:POL_BS51_06","pairB","BRD4","POL_BS51_06","POLYGON","51","Cc1cccc(CNC(=O)c2cnn3c(OC(C)C)nnc3c2C)c1","202609891","0","-8.7","ok"
"pairB:PARP1:POL_BS51_07","pairB","PARP1","POL_BS51_07","POLYGON","51","C=C(C)NCc1cccc(NC(=O)c2csc(-c3cocn3)n2)c1","202609892","0","-8.7","ok"
"pairB:BRD4:POL_BS51_07","pairB","BRD4","POL_BS51_07","POLYGON","51","C=C(C)NCc1cccc(NC(=O)c2csc(-c3cocn3)n2)c1","202609893","0","-7.2","ok"
"pairB:PARP1:POL_BS51_08","pairB","PARP1","POL_BS51_08","POLYGON","51","CNC(=O)CS(=O)(=O)c1nncn1-c1cccc(F)c1","202609894","0","-8.3","ok"
"pairB:BRD4:POL_BS51_08","pairB","BRD4","POL_BS51_08","POLYGON","51","CNC(=O)CS(=O)(=O)c1nncn1-c1cccc(F)c1","202609895","0","-6.4","ok"
"pairB:PARP1:POL_BS51_09","pairB","PARP1","POL_BS51_09","POLYGON","51","CC(=O)C(C)Sc1nncn1-c1ccc2[nH]ncc2c1","202609896","0","-8.4","ok"
"pairB:BRD4:POL_BS51_09","pairB","BRD4","POL_BS51_09","POLYGON","51","CC(=O)C(C)Sc1nncn1-c1ccc2[nH]ncc2c1","202609897","0","-7.2","ok"
"pairB:PARP1:POL_BS51_10","pairB","PARP1","POL_BS51_10","POLYGON","51","O=C(CSc1nccn1-c1ccncc1)Nc1nncs1","202609898","0","-8","ok"
"pairB:BRD4:POL_BS51_10","pairB","BRD4","POL_BS51_10","POLYGON","51","O=C(CSc1nccn1-c1ccncc1)Nc1nncs1","202609899","0","-6.7","ok"
"pairB:PARP1:RNV_BS42_01","pairB","PARP1","RNV_BS42_01","REINVENT4","42","COCc1cccn1-c1cccc(Cn2cc(C)nn2)c1","202608780","0","-7.9","ok"
"pairB:BRD4:RNV_BS42_01","pairB","BRD4","RNV_BS42_01","REINVENT4","42","COCc1cccn1-c1cccc(Cn2cc(C)nn2)c1","202608781","0","-7.6","ok"
"pairB:PARP1:RNV_BS42_02","pairB","PARP1","RNV_BS42_02","REINVENT4","42","COc1cccc(Cn2cc(-c3cnccc3C)nn2)c1","202608782","0","-8.7","ok"
"pairB:BRD4:RNV_BS42_02","pairB","BRD4","RNV_BS42_02","REINVENT4","42","COc1cccc(Cn2cc(-c3cnccc3C)nn2)c1","202608783","0","-8.1","ok"
"pairB:PARP1:RNV_BS42_03","pairB","PARP1","RNV_BS42_03","REINVENT4","42","COCc1c(COc2cnccc2Cl)nnn1-c1ccc(C)cc1","202608784","0","-8.2","ok"
"pairB:BRD4:RNV_BS42_03","pairB","BRD4","RNV_BS42_03","REINVENT4","42","COCc1c(COc2cnccc2Cl)nnn1-c1ccc(C)cc1","202608785","0","-7.2","ok"
"pairB:PARP1:RNV_BS42_04","pairB","PARP1","RNV_BS42_04","REINVENT4","42","O=C(NCc1ccnc(-n2ccnc2)c1)Nc1nncs1","202609906","0","-8.5","ok"
"pairB:BRD4:RNV_BS42_04","pairB","BRD4","RNV_BS42_04","REINVENT4","42","O=C(NCc1ccnc(-n2ccnc2)c1)Nc1nncs1","202609907","0","-7.7","ok"
"pairB:PARP1:RNV_BS42_05","pairB","PARP1","RNV_BS42_05","REINVENT4","42","COCc1c(C(=O)NCc2ccccc2)nnn1-c1ccc(C)cc1Cl","202609908","0","-9.5","ok"
"pairB:BRD4:RNV_BS42_05","pairB","BRD4","RNV_BS42_05","REINVENT4","42","COCc1c(C(=O)NCc2ccccc2)nnn1-c1ccc(C)cc1Cl","202609909","0","-7.7","ok"
"pairB:PARP1:RNV_BS42_06","pairB","PARP1","RNV_BS42_06","REINVENT4","42","COCc1ccc(-c2nnnn2CCOc2ccccc2)cc1","202609910","0","-8.3","ok"
"pairB:BRD4:RNV_BS42_06","pairB","BRD4","RNV_BS42_06","REINVENT4","42","COCc1ccc(-c2nnnn2CCOc2ccccc2)cc1","202609911","0","-8","ok"
"pairB:PARP1:RNV_BS42_07","pairB","PARP1","RNV_BS42_07","REINVENT4","42","CC(C)(O)N1CCN(CN(Cc2ccccc2)S(C)(=O)=O)C1","202609912","0","-8","ok"
"pairB:BRD4:RNV_BS42_07","pairB","BRD4","RNV_BS42_07","REINVENT4","42","CC(C)(O)N1CCN(CN(Cc2ccccc2)S(C)(=O)=O)C1","202609913","0","-7.2","ok"
"pairB:PARP1:RNV_BS42_08","pairB","PARP1","RNV_BS42_08","REINVENT4","42","COCc1c(COc2ccc(Cl)cc2Cl)nnn1Cc1ccccc1","202609914","0","-8.9","ok"
"pairB:BRD4:RNV_BS42_08","pairB","BRD4","RNV_BS42_08","REINVENT4","42","COCc1c(COc2ccc(Cl)cc2Cl)nnn1Cc1ccccc1","202609915","0","-7.1","ok"
"pairB:PARP1:RNV_BS42_09","pairB","PARP1","RNV_BS42_09","REINVENT4","42","COCc1ccc(OCCN(C)C(=O)Cc2nnnn2C)cc1","202609916","0","-8.2","ok"
"pairB:BRD4:RNV_BS42_09","pairB","BRD4","RNV_BS42_09","REINVENT4","42","COCc1ccc(OCCN(C)C(=O)Cc2nnnn2C)cc1","202609917","0","-7.2","ok"
"pairB:PARP1:RNV_BS42_10","pairB","PARP1","RNV_BS42_10","REINVENT4","42","CC(O)(C(C#N)NCc1ccccc1)C(F)(F)F","202609918","0","-7.8","ok"
"pairB:BRD4:RNV_BS42_10","pairB","BRD4","RNV_BS42_10","REINVENT4","42","CC(O)(C(C#N)NCc1ccccc1)C(F)(F)F","202609919","0","-6.7","ok"
"pairB:PARP1:RNV_BS43_01","pairB","PARP1","RNV_BS43_01","REINVENT4","43","CCn1ccnc1-c1nncn1-c1ccc(F)c(C)c1","202608786","0","-7.9","ok"
"pairB:BRD4:RNV_BS43_01","pairB","BRD4","RNV_BS43_01","REINVENT4","43","CCn1ccnc1-c1nncn1-c1ccc(F)c(C)c1","202608787","0","-6.8","ok"
"pairB:PARP1:RNV_BS43_02","pairB","PARP1","RNV_BS43_02","REINVENT4","43","CCc1cccc(-n2cnnc2-c2ccnnc2)c1","202608788","0","-8.3","ok"
"pairB:BRD4:RNV_BS43_02","pairB","BRD4","RNV_BS43_02","REINVENT4","43","CCc1cccc(-n2cnnc2-c2ccnnc2)c1","202608789","0","-7.2","ok"
"pairB:PARP1:RNV_BS43_03","pairB","PARP1","RNV_BS43_03","REINVENT4","43","Fc1ccc(-c2cn(-c3cccnc3)nn2)c(F)c1","202608790","0","-8.5","ok"
"pairB:BRD4:RNV_BS43_03","pairB","BRD4","RNV_BS43_03","REINVENT4","43","Fc1ccc(-c2cn(-c3cccnc3)nn2)c(F)c1","202608791","0","-7.8","ok"
"pairB:PARP1:RNV_BS43_04","pairB","PARP1","RNV_BS43_04","REINVENT4","43","Cn1ccc(-n2cc(-c3cc(F)ccc3F)nn2)n1","202609926","0","-8.2","ok"
"pairB:BRD4:RNV_BS43_04","pairB","BRD4","RNV_BS43_04","REINVENT4","43","Cn1ccc(-n2cc(-c3cc(F)ccc3F)nn2)n1","202609927","0","-7.9","ok"
"pairB:PARP1:RNV_BS43_05","pairB","PARP1","RNV_BS43_05","REINVENT4","43","Fc1ccc(-n2cc(-c3ccccc3Cl)nn2)cc1","202609928","0","-8.3","ok"
"pairB:BRD4:RNV_BS43_05","pairB","BRD4","RNV_BS43_05","REINVENT4","43","Fc1ccc(-n2cc(-c3ccccc3Cl)nn2)cc1","202609929","0","-7.6","ok"
"pairB:PARP1:RNV_BS43_06","pairB","PARP1","RNV_BS43_06","REINVENT4","43","Cc1ccc(-c2cn(-c3cccc(F)c3)nn2)c(F)c1","202609930","0","-8.8","ok"
"pairB:BRD4:RNV_BS43_06","pairB","BRD4","RNV_BS43_06","REINVENT4","43","Cc1ccc(-c2cn(-c3cccc(F)c3)nn2)c(F)c1","202609931","0","-8.2","ok"
"pairB:PARP1:RNV_BS43_07","pairB","PARP1","RNV_BS43_07","REINVENT4","43","Cc1cc(=O)[nH]c(-c2nnnn2-c2cccc(F)c2)n1","202609932","0","-8.9","ok"
"pairB:BRD4:RNV_BS43_07","pairB","BRD4","RNV_BS43_07","REINVENT4","43","Cc1cc(=O)[nH]c(-c2nnnn2-c2cccc(F)c2)n1","202609933","0","-8.1","ok"
"pairB:PARP1:RNV_BS43_08","pairB","PARP1","RNV_BS43_08","REINVENT4","43","Fc1cccc(-n2cc(-c3cc(F)ccc3F)nn2)c1","202609934","0","-8.9","ok"
"pairB:BRD4:RNV_BS43_08","pairB","BRD4","RNV_BS43_08","REINVENT4","43","Fc1cccc(-n2cc(-c3cc(F)ccc3F)nn2)c1","202609935","0","-8.4","ok"
"pairB:PARP1:RNV_BS43_09","pairB","PARP1","RNV_BS43_09","REINVENT4","43","CCc1ccc(Cl)c(-c2cn(-c3ccccn3)nn2)c1","202609936","0","-8.5","ok"
"pairB:BRD4:RNV_BS43_09","pairB","BRD4","RNV_BS43_09","REINVENT4","43","CCc1ccc(Cl)c(-c2cn(-c3ccccn3)nn2)c1","202609937","0","-8.1","ok"
"pairB:PARP1:RNV_BS43_10","pairB","PARP1","RNV_BS43_10","REINVENT4","43","COc1cc(F)c(C)c(-c2cn(-c3cccnc3)nn2)c1","202609938","0","-8.4","ok"
"pairB:BRD4:RNV_BS43_10","pairB","BRD4","RNV_BS43_10","REINVENT4","43","COc1cc(F)c(C)c(-c2cn(-c3cccnc3)nn2)c1","202609939","0","-8","ok"
"pairB:PARP1:RNV_BS44_01","pairB","PARP1","RNV_BS44_01","REINVENT4","44","Cc1ccccc1C(C)N1CCN(C(=O)c2ccco2)CC1","202608792","0","-8.4","ok"
"pairB:BRD4:RNV_BS44_01","pairB","BRD4","RNV_BS44_01","REINVENT4","44","Cc1ccccc1C(C)N1CCN(C(=O)c2ccco2)CC1","202608793","0","-7.6","ok"
"pairB:PARP1:RNV_BS44_02","pairB","PARP1","RNV_BS44_02","REINVENT4","44","Cc1cc2ccc1OCC(=O)N(Cc1ccccc1)C2C","202608794","0","-9","ok"
"pairB:BRD4:RNV_BS44_02","pairB","BRD4","RNV_BS44_02","REINVENT4","44","Cc1cc2ccc1OCC(=O)N(Cc1ccccc1)C2C","202608795","0","-7.4","ok"
"pairB:PARP1:RNV_BS44_03","pairB","PARP1","RNV_BS44_03","REINVENT4","44","Cc1nncn1-c1ccc(CNC(=O)c2cn(C(C)C)nc2C(C)(C)C)cc1","202608796","0","-9.4","ok"
"pairB:BRD4:RNV_BS44_03","pairB","BRD4","RNV_BS44_03","REINVENT4","44","Cc1nncn1-c1ccc(CNC(=O)c2cn(C(C)C)nc2C(C)(C)C)cc1","202608797","0","-8.1","ok"
"pairB:PARP1:RNV_BS44_04","pairB","PARP1","RNV_BS44_04","REINVENT4","44","Cc1ccc(CN2CC(C(=O)NC(C)c3nnc(C)n3C)CC2=O)cc1","202609946","0","-9.7","ok"
"pairB:BRD4:RNV_BS44_04","pairB","BRD4","RNV_BS44_04","REINVENT4","44","Cc1ccc(CN2CC(C(=O)NC(C)c3nnc(C)n3C)CC2=O)cc1","202609947","0","-8.1","ok"
"pairB:PARP1:RNV_BS44_05","pairB","PARP1","RNV_BS44_05","REINVENT4","44","COc1nnc(N2CCCCC2COc2ccccc2C)cc1C","202609948","0","-9.4","ok"
"pairB:BRD4:RNV_BS44_05","pairB","BRD4","RNV_BS44_05","REINVENT4","44","COc1nnc(N2CCCCC2COc2ccccc2C)cc1C","202609949","0","-8.2","ok"
"pairB:PARP1:RNV_BS44_06","pairB","PARP1","RNV_BS44_06","REINVENT4","44","Cc1cccnc1N1CCCN(c2nnc(C(C)C)nc2CC(C)C)CC1","202609950","0","-9.1","ok"
"pairB:BRD4:RNV_BS44_06","pairB","BRD4","RNV_BS44_06","REINVENT4","44","Cc1cccnc1N1CCCN(c2nnc(C(C)C)nc2CC(C)C)CC1","202609951","0","-7.1","ok"
"pairB:PARP1:RNV_BS44_07","pairB","PARP1","RNV_BS44_07","REINVENT4","44","CCOc1ccccc1-c1nnc(-c2nn(C)c(C(=O)OC)c2C)n1CC","202609952","0","-8.6","ok"
"pairB:BRD4:RNV_BS44_07","pairB","BRD4","RNV_BS44_07","REINVENT4","44","CCOc1ccccc1-c1nnc(-c2nn(C)c(C(=O)OC)c2C)n1CC","202609953","0","-6.8","ok"
"pairB:PARP1:RNV_BS44_08","pairB","PARP1","RNV_BS44_08","REINVENT4","44","Cc1cc(Cl)ccc1C(=O)Nc1nnc(-c2ccc(F)cc2)s1","202609954","0","-9.4","ok"
"pairB:BRD4:RNV_BS44_08","pairB","BRD4","RNV_BS44_08","REINVENT4","44","Cc1cc(Cl)ccc1C(=O)Nc1nnc(-c2ccc(F)cc2)s1","202609955","0","-7.4","ok"
"pairB:PARP1:RNV_BS44_09","pairB","PARP1","RNV_BS44_09","REINVENT4","44","CCC(=O)c1ccc(OCc2nnn(-c3ccccc3)n2)cc1","202609956","0","-9.1","ok"
"pairB:BRD4:RNV_BS44_09","pairB","BRD4","RNV_BS44_09","REINVENT4","44","CCC(=O)c1ccc(OCc2nnn(-c3ccccc3)n2)cc1","202609957","0","-7.7","ok"
"pairB:PARP1:RNV_BS44_10","pairB","PARP1","RNV_BS44_10","REINVENT4","44","CCc1nnc(-c2ccc(-n3nc(C)ccc3=O)cc2)o1","202609958","0","-8.7","ok"
"pairB:BRD4:RNV_BS44_10","pairB","BRD4","RNV_BS44_10","REINVENT4","44","CCc1nnc(-c2ccc(-n3nc(C)ccc3=O)cc2)o1","202609959","0","-8.1","ok"
"pairB:PARP1:RNV_BS45_01","pairB","PARP1","RNV_BS45_01","REINVENT4","45","O=C(Cn1cc(-c2ccccc2F)nn1)c1cccs1","202608798","0","-8.3","ok"
"pairB:BRD4:RNV_BS45_01","pairB","BRD4","RNV_BS45_01","REINVENT4","45","O=C(Cn1cc(-c2ccccc2F)nn1)c1cccs1","202608799","0","-7.2","ok"
"pairB:PARP1:RNV_BS45_02","pairB","PARP1","RNV_BS45_02","REINVENT4","45","Cc1cc(CNC(=O)NCc2nncn2C)ccn1","202608800","0","-8.3","ok"
"pairB:BRD4:RNV_BS45_02","pairB","BRD4","RNV_BS45_02","REINVENT4","45","Cc1cc(CNC(=O)NCc2nncn2C)ccn1","202608801","0","-7.3","ok"
"pairB:PARP1:RNV_BS45_03","pairB","PARP1","RNV_BS45_03","REINVENT4","45","Cc1cc(C2CCC2OC(=O)c2cn(C)nn2)ccn1","202608802","0","-8.1","ok"
"pairB:BRD4:RNV_BS45_03","pairB","BRD4","RNV_BS45_03","REINVENT4","45","Cc1cc(C2CCC2OC(=O)c2cn(C)nn2)ccn1","202608803","0","-7.7","ok"
"pairB:PARP1:RNV_BS45_04","pairB","PARP1","RNV_BS45_04","REINVENT4","45","c1cc(-c2nnn(C3CC3)n2)ncn1","202609966","0","-6.4","ok"
"pairB:BRD4:RNV_BS45_04","pairB","BRD4","RNV_BS45_04","REINVENT4","45","c1cc(-c2nnn(C3CC3)n2)ncn1","202609967","0","-6.4","ok"
"pairB:PARP1:RNV_BS45_05","pairB","PARP1","RNV_BS45_05","REINVENT4","45","Cc1cc(C(=O)Cc2nnnn2CC(C)C)ccn1","202609968","0","-7.5","ok"
"pairB:BRD4:RNV_BS45_05","pairB","BRD4","RNV_BS45_05","REINVENT4","45","Cc1cc(C(=O)Cc2nnnn2CC(C)C)ccn1","202609969","0","-7.2","ok"
"pairB:PARP1:RNV_BS45_06","pairB","PARP1","RNV_BS45_06","REINVENT4","45","CC(C)NC(C)CC(=O)c1cn(-c2ccc(Cl)cn2)nn1","202609970","0","-7.9","ok"
"pairB:BRD4:RNV_BS45_06","pairB","BRD4","RNV_BS45_06","REINVENT4","45","CC(C)NC(C)CC(=O)c1cn(-c2ccc(Cl)cn2)nn1","202609971","0","-6.5","ok"
"pairB:PARP1:RNV_BS45_07","pairB","PARP1","RNV_BS45_07","REINVENT4","45","COc1cc(CCC(=O)Cc2nncn2C2CC2)ccn1","202609972","0","-7.7","ok"
"pairB:BRD4:RNV_BS45_07","pairB","BRD4","RNV_BS45_07","REINVENT4","45","COc1cc(CCC(=O)Cc2nncn2C2CC2)ccn1","202609973","0","-7.5","ok"
"pairB:PARP1:RNV_BS45_08","pairB","PARP1","RNV_BS45_08","REINVENT4","45","Cn1cnnc1-c1cccnc1NC(=O)Cc1cccnc1","202609974","0","-8.3","ok"
"pairB:BRD4:RNV_BS45_08","pairB","BRD4","RNV_BS45_08","REINVENT4","45","Cn1cnnc1-c1cccnc1NC(=O)Cc1cccnc1","202609975","0","-7.7","ok"
"pairB:PARP1:RNV_BS45_09","pairB","PARP1","RNV_BS45_09","REINVENT4","45","Cc1ncccc1C(C)N1CC(Nc2ncncn2)C1","202609976","0","-7.6","ok"
"pairB:BRD4:RNV_BS45_09","pairB","BRD4","RNV_BS45_09","REINVENT4","45","Cc1ncccc1C(C)N1CC(Nc2ncncn2)C1","202609977","0","-6.6","ok"
"pairB:PARP1:RNV_BS45_10","pairB","PARP1","RNV_BS45_10","REINVENT4","45","CCn1cc(C(=O)NCc2c(C)nnn2C)nn1","202609978","0","-7.3","ok"
"pairB:BRD4:RNV_BS45_10","pairB","BRD4","RNV_BS45_10","REINVENT4","45","CCn1cc(C(=O)NCc2c(C)nnn2C)nn1","202609979","0","-6.6","ok"
"pairB:PARP1:RNV_BS46_01","pairB","PARP1","RNV_BS46_01","REINVENT4","46","CCn1nnc(CCCn2nc(C)n3c(Cl)c(C#N)nc3c2=O)n1","202608804","0","-9.2","ok"
"pairB:BRD4:RNV_BS46_01","pairB","BRD4","RNV_BS46_01","REINVENT4","46","CCn1nnc(CCCn2nc(C)n3c(Cl)c(C#N)nc3c2=O)n1","202608805","0","-7.8","ok"
"pairB:PARP1:RNV_BS46_02","pairB","PARP1","RNV_BS46_02","REINVENT4","46","CCOc1cc(CNCc2cn(Cc3ccncc3)nn2)n(C)n1","202608806","0","-8.7","ok"
"pairB:BRD4:RNV_BS46_02","pairB","BRD4","RNV_BS46_02","REINVENT4","46","CCOc1cc(CNCc2cn(Cc3ccncc3)nn2)n(C)n1","202608807","0","-6.7","ok"
"pairB:PARP1:RNV_BS46_03","pairB","PARP1","RNV_BS46_03","REINVENT4","46","COCc1cc(Cc2nnnn2-c2cc(C)ccn2)no1","202608808","0","-8.4","ok"
"pairB:BRD4:RNV_BS46_03","pairB","BRD4","RNV_BS46_03","REINVENT4","46","COCc1cc(Cc2nnnn2-c2cc(C)ccn2)no1","202608809","0","-7.7","ok"
"pairB:PARP1:RNV_BS46_04","pairB","PARP1","RNV_BS46_04","REINVENT4","46","Cc1cc(NCC(C)c2snnc2Cc2ccncc2)n(C)n1","202609986","0","-8.5","ok"
"pairB:BRD4:RNV_BS46_04","pairB","BRD4","RNV_BS46_04","REINVENT4","46","Cc1cc(NCC(C)c2snnc2Cc2ccncc2)n(C)n1","202609987","0","-7.7","ok"
"pairB:PARP1:RNV_BS46_05","pairB","PARP1","RNV_BS46_05","REINVENT4","46","Cc1nc(NC(=O)c2cn(Cc3nonc3C3CC3)nn2)n(C)n1","202609988","0","-9.4","ok"
"pairB:BRD4:RNV_BS46_05","pairB","BRD4","RNV_BS46_05","REINVENT4","46","Cc1nc(NC(=O)c2cn(Cc3nonc3C3CC3)nn2)n(C)n1","202609989","0","-8","ok"
"pairB:PARP1:RNV_BS46_06","pairB","PARP1","RNV_BS46_06","REINVENT4","46","Cn1nnc(NC(=O)Cc2cc(F)ccn2)n1","202609990","0","-7.4","ok"
"pairB:BRD4:RNV_BS46_06","pairB","BRD4","RNV_BS46_06","REINVENT4","46","Cn1nnc(NC(=O)Cc2cc(F)ccn2)n1","202609991","0","-6.7","ok"
"pairB:PARP1:RNV_BS46_07","pairB","PARP1","RNV_BS46_07","REINVENT4","46","CCc1nnc(Cc2cc(=O)n(C)nc2C(=O)OC)s1","202609992","0","-7.8","ok"
"pairB:BRD4:RNV_BS46_07","pairB","BRD4","RNV_BS46_07","REINVENT4","46","CCc1nnc(Cc2cc(=O)n(C)nc2C(=O)OC)s1","202609993","0","-6.4","ok"
"pairB:PARP1:RNV_BS46_08","pairB","PARP1","RNV_BS46_08","REINVENT4","46","CC(=O)c1cn(CCC2CCCCN2C(C)c2cnc(Cl)n2C)nn1","202609994","0","-8.6","ok"
"pairB:BRD4:RNV_BS46_08","pairB","BRD4","RNV_BS46_08","REINVENT4","46","CC(=O)c1cn(CCC2CCCCN2C(C)c2cnc(Cl)n2C)nn1","202609995","0","-7.5","ok"
"pairB:PARP1:RNV_BS46_09","pairB","PARP1","RNV_BS46_09","REINVENT4","46","Cc1nnn(C)c1C(C)NCCC(=O)c1cnn(C)n1","202609996","0","-7.2","ok"
"pairB:BRD4:RNV_BS46_09","pairB","BRD4","RNV_BS46_09","REINVENT4","46","Cc1nnn(C)c1C(C)NCCC(=O)c1cnn(C)n1","202609997","0","-6.6","ok"
"pairB:PARP1:RNV_BS46_10","pairB","PARP1","RNV_BS46_10","REINVENT4","46","COCc1cnc(-c2nnns2)n1CC(O)COC","202609998","0","-6.6","ok"
"pairB:BRD4:RNV_BS46_10","pairB","BRD4","RNV_BS46_10","REINVENT4","46","COCc1cnc(-c2nnns2)n1CC(O)COC","202609999","0","-5.3","ok"
"pairB:PARP1:RNV_BS47_01","pairB","PARP1","RNV_BS47_01","REINVENT4","47","CCn1nnc2cc(C(=O)NCc3cccnc3)nnc21","202608810","0","-8.3","ok"
"pairB:BRD4:RNV_BS47_01","pairB","BRD4","RNV_BS47_01","REINVENT4","47","CCn1nnc2cc(C(=O)NCc3cccnc3)nnc21","202608811","0","-8","ok"
"pairB:PARP1:RNV_BS47_02","pairB","PARP1","RNV_BS47_02","REINVENT4","47","CN(C)C(=O)c1nncn1-c1ccc2c(c1)COCO2","202608812","0","-8.5","ok"
"pairB:BRD4:RNV_BS47_02","pairB","BRD4","RNV_BS47_02","REINVENT4","47","CN(C)C(=O)c1nncn1-c1ccc2c(c1)COCO2","202608813","0","-6.8","ok"
"pairB:PARP1:RNV_BS47_03","pairB","PARP1","RNV_BS47_03","REINVENT4","47","COC(=O)C1CC(c2ccccc2)n2c(C)nnc2S1","202608814","0","-8.1","ok"
"pairB:BRD4:RNV_BS47_03","pairB","BRD4","RNV_BS47_03","REINVENT4","47","COC(=O)C1CC(c2ccccc2)n2c(C)nnc2S1","202608815","0","-5.6","ok"
"pairB:PARP1:RNV_BS47_04","pairB","PARP1","RNV_BS47_04","REINVENT4","47","Cn1cc(CNC(=O)CCc2ccccc2CC#N)cn1","202610006","0","-8.4","ok"
"pairB:BRD4:RNV_BS47_04","pairB","BRD4","RNV_BS47_04","REINVENT4","47","Cn1cc(CNC(=O)CCc2ccccc2CC#N)cn1","202610007","0","-7.8","ok"
"pairB:PARP1:RNV_BS47_05","pairB","PARP1","RNV_BS47_05","REINVENT4","47","Cn1nnc2c(OCC(=O)N(C3CC3)C3CC3)ncnc21","202610008","0","-7.6","ok"
"pairB:BRD4:RNV_BS47_05","pairB","BRD4","RNV_BS47_05","REINVENT4","47","Cn1nnc2c(OCC(=O)N(C3CC3)C3CC3)ncnc21","202610009","0","-6.9","ok"
"pairB:PARP1:RNV_BS47_06","pairB","PARP1","RNV_BS47_06","REINVENT4","47","Cc1cnc(-n2nnc(C)c2NC(=O)c2cnn(C)c2)s1","202610010","0","-7.9","ok"
"pairB:BRD4:RNV_BS47_06","pairB","BRD4","RNV_BS47_06","REINVENT4","47","Cc1cnc(-n2nnc(C)c2NC(=O)c2cnn(C)c2)s1","202610011","0","-7.3","ok"
"pairB:PARP1:RNV_BS47_07","pairB","PARP1","RNV_BS47_07","REINVENT4","47","CCN(CC)c1ncc(-c2nncn2CCc2cccs2)cn1","202610012","0","-7.8","ok"
"pairB:BRD4:RNV_BS47_07","pairB","BRD4","RNV_BS47_07","REINVENT4","47","CCN(CC)c1ncc(-c2nncn2CCc2cccs2)cn1","202610013","0","-6.6","ok"
"pairB:PARP1:RNV_BS47_08","pairB","PARP1","RNV_BS47_08","REINVENT4","47","Cn1ccc2c(C(=O)OCCn3cncn3)nnnc21","202610014","0","-7.7","ok"
"pairB:BRD4:RNV_BS47_08","pairB","BRD4","RNV_BS47_08","REINVENT4","47","Cn1ccc2c(C(=O)OCCn3cncn3)nnnc21","202610015","0","-7","ok"
"pairB:PARP1:RNV_BS47_09","pairB","PARP1","RNV_BS47_09","REINVENT4","47","CCOc1cccc(CNC(=O)Cc2nnnn2C)c1","202610016","0","-8.1","ok"
"pairB:BRD4:RNV_BS47_09","pairB","BRD4","RNV_BS47_09","REINVENT4","47","CCOc1cccc(CNC(=O)Cc2nnnn2C)c1","202610017","0","-7.5","ok"
"pairB:PARP1:RNV_BS47_10","pairB","PARP1","RNV_BS47_10","REINVENT4","47","CCOc1ccc(C(C)NC(=O)c2c(C)sn3c(C)nnc23)cc1","202610018","0","-9","ok"
"pairB:BRD4:RNV_BS47_10","pairB","BRD4","RNV_BS47_10","REINVENT4","47","CCOc1ccc(C(C)NC(=O)c2c(C)sn3c(C)nnc23)cc1","202610019","0","-8","ok"
"pairB:PARP1:RNV_BS48_01","pairB","PARP1","RNV_BS48_01","REINVENT4","48","Cc1nnnn1-c1ccc2ncc(=O)[nH]c2c1","202608816","0","-8.4","ok"
"pairB:BRD4:RNV_BS48_01","pairB","BRD4","RNV_BS48_01","REINVENT4","48","Cc1nnnn1-c1ccc2ncc(=O)[nH]c2c1","202608817","0","-7.8","ok"
"pairB:PARP1:RNV_BS48_02","pairB","PARP1","RNV_BS48_02","REINVENT4","48","CCc1ccc(-n2nnnc2C(C)Cc2nccnn2)cc1CC","202608818","0","-8.8","ok"
"pairB:BRD4:RNV_BS48_02","pairB","BRD4","RNV_BS48_02","REINVENT4","48","CCc1ccc(-n2nnnc2C(C)Cc2nccnn2)cc1CC","202608819","0","-8.3","ok"
"pairB:PARP1:RNV_BS48_03","pairB","PARP1","RNV_BS48_03","REINVENT4","48","COc1cc(C)ccc1-c1cn(-c2ccc(C)cc2)nn1","202608820","0","-8.3","ok"
"pairB:BRD4:RNV_BS48_03","pairB","BRD4","RNV_BS48_03","REINVENT4","48","COc1cc(C)ccc1-c1cn(-c2ccc(C)cc2)nn1","202608821","0","-7.5","ok"
"pairB:PARP1:RNV_BS48_04","pairB","PARP1","RNV_BS48_04","REINVENT4","48","CCc1ccc(CSc2nnnn2-c2cnccn2)cc1CC","202610026","0","-9","ok"
"pairB:BRD4:RNV_BS48_04","pairB","BRD4","RNV_BS48_04","REINVENT4","48","CCc1ccc(CSc2nnnn2-c2cnccn2)cc1CC","202610027","0","-7.8","ok"
"pairB:PARP1:RNV_BS48_05","pairB","PARP1","RNV_BS48_05","REINVENT4","48","Cc1ccc(-n2cc(-c3cn(C)nc3C)nn2)cc1","202610028","0","-8.3","ok"
"pairB:BRD4:RNV_BS48_05","pairB","BRD4","RNV_BS48_05","REINVENT4","48","Cc1ccc(-n2cc(-c3cn(C)nc3C)nn2)cc1","202610029","0","-7.3","ok"
"pairB:PARP1:RNV_BS48_06","pairB","PARP1","RNV_BS48_06","REINVENT4","48","CCc1ccc(-n2nnnc2-c2cccnn2)cc1CC","202610030","0","-8.7","ok"
"pairB:BRD4:RNV_BS48_06","pairB","BRD4","RNV_BS48_06","REINVENT4","48","CCc1ccc(-n2nnnc2-c2cccnn2)cc1CC","202610031","0","-8.3","ok"
"pairB:PARP1:RNV_BS48_07","pairB","PARP1","RNV_BS48_07","REINVENT4","48","Cc1cc(-n2nnnc2-c2ccc(=O)[nH]c2)ccc1Cl","202610032","0","-8.9","ok"
"pairB:BRD4:RNV_BS48_07","pairB","BRD4","RNV_BS48_07","REINVENT4","48","Cc1cc(-n2nnnc2-c2ccc(=O)[nH]c2)ccc1Cl","202610033","0","-8.7","ok"
"pairB:PARP1:RNV_BS48_08","pairB","PARP1","RNV_BS48_08","REINVENT4","48","Cc1ccc(-n2cc(-c3c[nH]nc3-c3ccc(C)nc3)nn2)cc1","202610034","0","-9.8","ok"
"pairB:BRD4:RNV_BS48_08","pairB","BRD4","RNV_BS48_08","REINVENT4","48","Cc1ccc(-n2cc(-c3c[nH]nc3-c3ccc(C)nc3)nn2)cc1","202610035","0","-8.1","ok"
"pairB:PARP1:RNV_BS48_09","pairB","PARP1","RNV_BS48_09","REINVENT4","48","CCc1ccc(-n2nnc(-c3ccc(CC)c(CC)c3)n2)cc1","202610036","0","-9","ok"
"pairB:BRD4:RNV_BS48_09","pairB","BRD4","RNV_BS48_09","REINVENT4","48","CCc1ccc(-n2nnc(-c3ccc(CC)c(CC)c3)n2)cc1","202610037","0","-7.9","ok"
"pairB:PARP1:RNV_BS48_10","pairB","PARP1","RNV_BS48_10","REINVENT4","48","CCc1ccc(-n2nnnc2CCc2cccnn2)cc1CC","202610038","0","-8.5","ok"
"pairB:BRD4:RNV_BS48_10","pairB","BRD4","RNV_BS48_10","REINVENT4","48","CCc1ccc(-n2nnnc2CCc2cccnn2)cc1CC","202610039","0","-8.6","ok"
"pairB:PARP1:RNV_BS49_01","pairB","PARP1","RNV_BS49_01","REINVENT4","49","CCC(O)(CC1CC1)CC1CN(Cc2ccncc2)CCN1Cc1nc(C)n[nH]1","202608822","0","-8.7","ok"
"pairB:BRD4:RNV_BS49_01","pairB","BRD4","RNV_BS49_01","REINVENT4","49","CCC(O)(CC1CC1)CC1CN(Cc2ccncc2)CCN1Cc1nc(C)n[nH]1","202608823","0","-7.5","ok"
"pairB:PARP1:RNV_BS49_02","pairB","PARP1","RNV_BS49_02","REINVENT4","49","Cc1ccnn1CCC(=O)NCC(=O)c1cccc(CCCC(C)(C)O)c1","202608824","0","-9","ok"
"pairB:BRD4:RNV_BS49_02","pairB","BRD4","RNV_BS49_02","REINVENT4","49","Cc1ccnn1CCC(=O)NCC(=O)c1cccc(CCCC(C)(C)O)c1","202608825","0","-7.8","ok"
"pairB:PARP1:RNV_BS49_03","pairB","PARP1","RNV_BS49_03","REINVENT4","49","O=C(CCc1cccc(F)c1)NCC(O)(CC1CC1)C1CC1","202608826","0","-8.2","ok"
"pairB:BRD4:RNV_BS49_03","pairB","BRD4","RNV_BS49_03","REINVENT4","49","O=C(CCc1cccc(F)c1)NCC(O)(CC1CC1)C1CC1","202608827","0","-7.6","ok"
"pairB:PARP1:RNV_BS49_04","pairB","PARP1","RNV_BS49_04","REINVENT4","49","O=C(CCn1cccnc1=O)NCCc1nncc2ccc(F)cc12","202610046","0","-9.8","ok"
"pairB:BRD4:RNV_BS49_04","pairB","BRD4","RNV_BS49_04","REINVENT4","49","O=C(CCn1cccnc1=O)NCCc1nncc2ccc(F)cc12","202610047","0","-8.4","ok"
"pairB:PARP1:RNV_BS49_05","pairB","PARP1","RNV_BS49_05","REINVENT4","49","CC(C)(O)c1ccc(CNCc2ccc(Cl)cc2)s1","202610048","0","-7.6","ok"
"pairB:BRD4:RNV_BS49_05","pairB","BRD4","RNV_BS49_05","REINVENT4","49","CC(C)(O)c1ccc(CNCc2ccc(Cl)cc2)s1","202610049","0","-7","ok"
"pairB:PARP1:RNV_BS49_06","pairB","PARP1","RNV_BS49_06","REINVENT4","49","CC(=O)c1ccc(CN2CCn3cc(C(C)(C)C)cc32)cc1","202610050","0","-9","ok"
"pairB:BRD4:RNV_BS49_06","pairB","BRD4","RNV_BS49_06","REINVENT4","49","CC(=O)c1ccc(CN2CCn3cc(C(C)(C)C)cc32)cc1","202610051","0","-7.7","ok"
"pairB:PARP1:RNV_BS49_07","pairB","PARP1","RNV_BS49_07","REINVENT4","49","COC1(C)CCN(CCc2nncs2)C1","202610052","0","-6.4","ok"
"pairB:BRD4:RNV_BS49_07","pairB","BRD4","RNV_BS49_07","REINVENT4","49","COC1(C)CCN(CCc2nncs2)C1","202610053","0","-5.7","ok"
"pairB:PARP1:RNV_BS49_08","pairB","PARP1","RNV_BS49_08","REINVENT4","49","CCCc1ccc(OCc2cnn(CC(=O)NCc3nncn3C)c2)cc1","202610054","0","-9","ok"
"pairB:BRD4:RNV_BS49_08","pairB","BRD4","RNV_BS49_08","REINVENT4","49","CCCc1ccc(OCc2cnn(CC(=O)NCc3nncn3C)c2)cc1","202610055","0","-7.5","ok"
"pairB:PARP1:RNV_BS49_09","pairB","PARP1","RNV_BS49_09","REINVENT4","49","CCc1ccc(C(=O)Cn2ccnc2C)nn1","202610056","0","-7","ok"
"pairB:BRD4:RNV_BS49_09","pairB","BRD4","RNV_BS49_09","REINVENT4","49","CCc1ccc(C(=O)Cn2ccnc2C)nn1","202610057","0","-6.7","ok"
"pairB:PARP1:RNV_BS49_10","pairB","PARP1","RNV_BS49_10","REINVENT4","49","COCc1nnc(SCC(=O)NCc2ccc(F)c(F)c2)n1C","202610058","0","-8.1","ok"
"pairB:BRD4:RNV_BS49_10","pairB","BRD4","RNV_BS49_10","REINVENT4","49","COCc1nnc(SCC(=O)NCc2ccc(F)c(F)c2)n1C","202610059","0","-7.3","ok"
"pairB:PARP1:RNV_BS50_01","pairB","PARP1","RNV_BS50_01","REINVENT4","50","Cc1nnc(C2CCN2C(=O)NCCc2ccnnc2)n1C","202608828","0","-8.8","ok"
"pairB:BRD4:RNV_BS50_01","pairB","BRD4","RNV_BS50_01","REINVENT4","50","Cc1nnc(C2CCN2C(=O)NCCc2ccnnc2)n1C","202608829","0","-7.6","ok"
"pairB:PARP1:RNV_BS50_02","pairB","PARP1","RNV_BS50_02","REINVENT4","50","CC(NCc1cc[nH]c(=O)c1)c1ncc(-n2cc(Cl)cn2)nn1","202608830","0","-9.3","ok"
"pairB:BRD4:RNV_BS50_02","pairB","BRD4","RNV_BS50_02","REINVENT4","50","CC(NCc1cc[nH]c(=O)c1)c1ncc(-n2cc(Cl)cn2)nn1","202608831","0","-8","ok"
"pairB:PARP1:RNV_BS50_03","pairB","PARP1","RNV_BS50_03","REINVENT4","50","COCCc1nnc(C2CN(C(=O)Cc3ccccc3)CCN2C)n1C","202608832","0","-8.8","ok"
"pairB:BRD4:RNV_BS50_03","pairB","BRD4","RNV_BS50_03","REINVENT4","50","COCCc1nnc(C2CN(C(=O)Cc3ccccc3)CCN2C)n1C","202608833","0","-7.2","ok"
"pairB:PARP1:RNV_BS50_04","pairB","PARP1","RNV_BS50_04","REINVENT4","50","CC(c1cccnc1N1CCN1Cc1ccncc1)N1CCCCC1","202610066","0","-8.8","ok"
"pairB:BRD4:RNV_BS50_04","pairB","BRD4","RNV_BS50_04","REINVENT4","50","CC(c1cccnc1N1CCN1Cc1ccncc1)N1CCCCC1","202610067","0","-8.1","ok"
"pairB:PARP1:RNV_BS50_05","pairB","PARP1","RNV_BS50_05","REINVENT4","50","Cc1ncc(N2CCCCC2c2ncccc2NCc2cccnc2)nn1","202610068","0","-10","ok"
"pairB:BRD4:RNV_BS50_05","pairB","BRD4","RNV_BS50_05","REINVENT4","50","Cc1ncc(N2CCCCC2c2ncccc2NCc2cccnc2)nn1","202610069","0","-7.5","ok"
"pairB:PARP1:RNV_BS50_06","pairB","PARP1","RNV_BS50_06","REINVENT4","50","CCNCc1cnnc(C(=O)NCc2nccn2C)c1","202610070","0","-7.4","ok"
"pairB:BRD4:RNV_BS50_06","pairB","BRD4","RNV_BS50_06","REINVENT4","50","CCNCc1cnnc(C(=O)NCc2nccn2C)c1","202610071","0","-6.6","ok"
"pairB:PARP1:RNV_BS50_07","pairB","PARP1","RNV_BS50_07","REINVENT4","50","Cc1cnc(C2CCCCN2c2ccnnc2)nn1","202610072","0","-8.6","ok"
"pairB:BRD4:RNV_BS50_07","pairB","BRD4","RNV_BS50_07","REINVENT4","50","Cc1cnc(C2CCCCN2c2ccnnc2)nn1","202610073","0","-6.9","ok"
"pairB:PARP1:RNV_BS50_08","pairB","PARP1","RNV_BS50_08","REINVENT4","50","c1cnc2cc(N3CCCCC3CN3CCCCC3)nnc2c1","202610074","0","-9.5","ok"
"pairB:BRD4:RNV_BS50_08","pairB","BRD4","RNV_BS50_08","REINVENT4","50","c1cnc2cc(N3CCCCC3CN3CCCCC3)nnc2c1","202610075","0","-7.6","ok"
"pairB:PARP1:RNV_BS50_09","pairB","PARP1","RNV_BS50_09","REINVENT4","50","CCOCc1cc2c(nn1)CN(C)C2NC(=O)NCc1cnccn1","202610076","0","-8.5","ok"
"pairB:BRD4:RNV_BS50_09","pairB","BRD4","RNV_BS50_09","REINVENT4","50","CCOCc1cc2c(nn1)CN(C)C2NC(=O)NCc1cnccn1","202610077","0","-7.4","ok"
"pairB:PARP1:RNV_BS50_10","pairB","PARP1","RNV_BS50_10","REINVENT4","50","COc1cc(CNC(=O)c2nnn(C)c2C2CCCS2)ccn1","202610078","0","-8.5","ok"
"pairB:BRD4:RNV_BS50_10","pairB","BRD4","RNV_BS50_10","REINVENT4","50","COc1cc(CNC(=O)c2nnn(C)c2C2CCCS2)ccn1","202610079","0","-6.9","ok"
"pairB:PARP1:RNV_BS51_01","pairB","PARP1","RNV_BS51_01","REINVENT4","51","Cc1ccc(NCc2ccccc2)c(CN2CCCN(C(C)(C)O)C2)c1","202608834","0","-9.9","ok"
"pairB:BRD4:RNV_BS51_01","pairB","BRD4","RNV_BS51_01","REINVENT4","51","Cc1ccc(NCc2ccccc2)c(CN2CCCN(C(C)(C)O)C2)c1","202608835","0","-8.2","ok"
"pairB:PARP1:RNV_BS51_02","pairB","PARP1","RNV_BS51_02","REINVENT4","51","Cc1ccc(N2CCN(C(C)c3cnc(C)nc3C)CC2)cn1","202608836","0","-8.4","ok"
"pairB:BRD4:RNV_BS51_02","pairB","BRD4","RNV_BS51_02","REINVENT4","51","Cc1ccc(N2CCN(C(C)c3cnc(C)nc3C)CC2)cn1","202608837","0","-7.1","ok"
"pairB:PARP1:RNV_BS51_03","pairB","PARP1","RNV_BS51_03","REINVENT4","51","Cc1ncsc1CNC(=O)c1ccc(N2CCN(C)C2)nn1","202608838","0","-7.9","ok"
"pairB:BRD4:RNV_BS51_03","pairB","BRD4","RNV_BS51_03","REINVENT4","51","Cc1ncsc1CNC(=O)c1ccc(N2CCN(C)C2)nn1","202608839","0","-7.3","ok"
"pairB:PARP1:RNV_BS51_04","pairB","PARP1","RNV_BS51_04","REINVENT4","51","CC(c1ccc(CNC(=O)N2CCCC2)cc1Cl)N1CCCCCC1","202610086","0","-9","ok"
"pairB:BRD4:RNV_BS51_04","pairB","BRD4","RNV_BS51_04","REINVENT4","51","CC(c1ccc(CNC(=O)N2CCCC2)cc1Cl)N1CCCCCC1","202610087","0","-8.2","ok"
"pairB:PARP1:RNV_BS51_05","pairB","PARP1","RNV_BS51_05","REINVENT4","51","Cc1nnsc1N(CCN1CCOC1=O)CC(C)C","202610088","0","-7.4","ok"
"pairB:BRD4:RNV_BS51_05","pairB","BRD4","RNV_BS51_05","REINVENT4","51","Cc1nnsc1N(CCN1CCOC1=O)CC(C)C","202610089","0","-6.4","ok"
"pairB:PARP1:RNV_BS51_06","pairB","PARP1","RNV_BS51_06","REINVENT4","51","O=C(NC1CCc2ccccc2N1Cc1ccccc1)N1CCC1","202610090","0","-9.8","ok"
"pairB:BRD4:RNV_BS51_06","pairB","BRD4","RNV_BS51_06","REINVENT4","51","O=C(NC1CCc2ccccc2N1Cc1ccccc1)N1CCC1","202610091","0","-8.9","ok"
"pairB:PARP1:RNV_BS51_07","pairB","PARP1","RNV_BS51_07","REINVENT4","51","CCCNC(=O)N1CCC1CNc1nnc(C)s1","202610092","0","-6.9","ok"
"pairB:BRD4:RNV_BS51_07","pairB","BRD4","RNV_BS51_07","REINVENT4","51","CCCNC(=O)N1CCC1CNc1nnc(C)s1","202610093","0","-6.3","ok"
"pairB:PARP1:RNV_BS51_08","pairB","PARP1","RNV_BS51_08","REINVENT4","51","Cc1ncc(NC(=O)N2CCN(CC(C)C)CC2)nn1","202610094","0","-7.6","ok"
"pairB:BRD4:RNV_BS51_08","pairB","BRD4","RNV_BS51_08","REINVENT4","51","Cc1ncc(NC(=O)N2CCN(CC(C)C)CC2)nn1","202610095","0","-6.3","ok"
"pairB:PARP1:RNV_BS51_09","pairB","PARP1","RNV_BS51_09","REINVENT4","51","Cc1ccc(CNC(=O)CCN2CCOC2=O)nn1","202610096","0","-7.7","ok"
"pairB:BRD4:RNV_BS51_09","pairB","BRD4","RNV_BS51_09","REINVENT4","51","Cc1ccc(CNC(=O)CCN2CCOC2=O)nn1","202610097","0","-6.7","ok"
"pairB:PARP1:RNV_BS51_10","pairB","PARP1","RNV_BS51_10","REINVENT4","51","CN1CCN(C(=O)c2csnn2)c2nccnc21","202610098","0","-7.2","ok"
"pairB:BRD4:RNV_BS51_10","pairB","BRD4","RNV_BS51_10","REINVENT4","51","CN1CCN(C(=O)c2csnn2)c2nccnc21","202610099","0","-5.8","ok"
"pairB:PARP1:DRX_BS42_01","pairB","PARP1","DRX_BS42_01","DrugEx v2","42","CC(=O)Nc1ccc(-n2cc(-c3ccnc4[nH]ccc34)nn2)cc1","202608840","0","-9.3","ok"
"pairB:BRD4:DRX_BS42_01","pairB","BRD4","DRX_BS42_01","DrugEx v2","42","CC(=O)Nc1ccc(-n2cc(-c3ccnc4[nH]ccc34)nn2)cc1","202608841","0","-8","ok"
"pairB:PARP1:DRX_BS42_02","pairB","PARP1","DRX_BS42_02","DrugEx v2","42","O=C(Cn1[nH]c(=O)ccc1=O)Nc1nnc(-c2ccccc2)s1","202608842","0","-9.3","ok"
"pairB:BRD4:DRX_BS42_02","pairB","BRD4","DRX_BS42_02","DrugEx v2","42","O=C(Cn1[nH]c(=O)ccc1=O)Nc1nnc(-c2ccccc2)s1","202608843","0","-8.4","ok"
"pairB:PARP1:DRX_BS42_03","pairB","PARP1","DRX_BS42_03","DrugEx v2","42","O=C(c1cnn2cc(C(F)(F)F)nnc12)N1CCCCC1","202608844","0","-8.5","ok"
"pairB:BRD4:DRX_BS42_03","pairB","BRD4","DRX_BS42_03","DrugEx v2","42","O=C(c1cnn2cc(C(F)(F)F)nnc12)N1CCCCC1","202608845","0","-7.6","ok"
"pairB:PARP1:DRX_BS42_04","pairB","PARP1","DRX_BS42_04","DrugEx v2","42","CCOc1ccc(-n2nnc(C)c2NC(=O)C(C)C)cc1","202610106","0","-7.9","ok"
"pairB:BRD4:DRX_BS42_04","pairB","BRD4","DRX_BS42_04","DrugEx v2","42","CCOc1ccc(-n2nnc(C)c2NC(=O)C(C)C)cc1","202610107","0","-7.5","ok"
"pairB:PARP1:DRX_BS42_05","pairB","PARP1","DRX_BS42_05","DrugEx v2","42","CCOC(=O)c1nnn(-c2ccc(OCC)cc2)n1","202610108","0","-7.5","ok"
"pairB:BRD4:DRX_BS42_05","pairB","BRD4","DRX_BS42_05","DrugEx v2","42","CCOC(=O)c1nnn(-c2ccc(OCC)cc2)n1","202610109","0","-6.7","ok"
"pairB:PARP1:DRX_BS42_06","pairB","PARP1","DRX_BS42_06","DrugEx v2","42","Cc1cnc2c(C(=O)N3CCn4c(C)nnc4C3)cnn2c1","202610110","0","-9.3","ok"
"pairB:BRD4:DRX_BS42_06","pairB","BRD4","DRX_BS42_06","DrugEx v2","42","Cc1cnc2c(C(=O)N3CCn4c(C)nnc4C3)cnn2c1","202610111","0","-8.5","ok"
"pairB:PARP1:DRX_BS42_07","pairB","PARP1","DRX_BS42_07","DrugEx v2","42","CCn1c(N)nc2cc(C(=O)NC3CCCCC3)nnc21","202610112","0","-8.6","ok"
"pairB:BRD4:DRX_BS42_07","pairB","BRD4","DRX_BS42_07","DrugEx v2","42","CCn1c(N)nc2cc(C(=O)NC3CCCCC3)nnc21","202610113","0","-8.4","ok"
"pairB:PARP1:DRX_BS42_08","pairB","PARP1","DRX_BS42_08","DrugEx v2","42","Cc1c(C(=O)NC2CC2)nnn1-c1ccc2ncccc2c1","202610114","0","-8.7","ok"
"pairB:BRD4:DRX_BS42_08","pairB","BRD4","DRX_BS42_08","DrugEx v2","42","Cc1c(C(=O)NC2CC2)nnn1-c1ccc2ncccc2c1","202610115","0","-7.7","ok"
"pairB:PARP1:DRX_BS42_09","pairB","PARP1","DRX_BS42_09","DrugEx v2","42","CCn1nnc2c(=O)n(CC(=O)NC3CC3)c(C)nc21","202610116","0","-7.7","ok"
"pairB:BRD4:DRX_BS42_09","pairB","BRD4","DRX_BS42_09","DrugEx v2","42","CCn1nnc2c(=O)n(CC(=O)NC3CC3)c(C)nc21","202610117","0","-7.3","ok"
"pairB:PARP1:DRX_BS42_10","pairB","PARP1","DRX_BS42_10","DrugEx v2","42","CCn1cc(CN(C)c2nnc(Cc3ccc(C)cc3)o2)cn1","202610118","0","-9","ok"
"pairB:BRD4:DRX_BS42_10","pairB","BRD4","DRX_BS42_10","DrugEx v2","42","CCn1cc(CN(C)c2nnc(Cc3ccc(C)cc3)o2)cn1","202610119","0","-7.6","ok"
"pairB:PARP1:DRX_BS43_01","pairB","PARP1","DRX_BS43_01","DrugEx v2","43","Cc1ccc(CCC(=O)NCC(C)(O)c2ccc(F)cc2)cc1C","202608846","0","-8.5","ok"
"pairB:BRD4:DRX_BS43_01","pairB","BRD4","DRX_BS43_01","DrugEx v2","43","Cc1ccc(CCC(=O)NCC(C)(O)c2ccc(F)cc2)cc1C","202608847","0","-8","ok"
"pairB:PARP1:DRX_BS43_02","pairB","PARP1","DRX_BS43_02","DrugEx v2","43","Cc1cc(C)c2nnc(CO)n2c1NCc1cccc(Cl)c1","202608848","0","-8.9","ok"
"pairB:BRD4:DRX_BS43_02","pairB","BRD4","DRX_BS43_02","DrugEx v2","43","Cc1cc(C)c2nnc(CO)n2c1NCc1cccc(Cl)c1","202608849","0","-8","ok"
"pairB:PARP1:DRX_BS43_03","pairB","PARP1","DRX_BS43_03","DrugEx v2","43","CCn1cnc2c(nnn2Cc2ccc(C)cc2)c1=O","202608850","0","-8.6","ok"
"pairB:BRD4:DRX_BS43_03","pairB","BRD4","DRX_BS43_03","DrugEx v2","43","CCn1cnc2c(nnn2Cc2ccc(C)cc2)c1=O","202608851","0","-7.7","ok"
"pairB:PARP1:DRX_BS43_04","pairB","PARP1","DRX_BS43_04","DrugEx v2","43","COCc1ccccc1NC(=O)c1nnn(-c2cccc(F)c2)c1C","202610126","0","-9.1","ok"
"pairB:BRD4:DRX_BS43_04","pairB","BRD4","DRX_BS43_04","DrugEx v2","43","COCc1ccccc1NC(=O)c1nnn(-c2cccc(F)c2)c1C","202610127","0","-8","ok"
"pairB:PARP1:DRX_BS43_05","pairB","PARP1","DRX_BS43_05","DrugEx v2","43","CN(C)c1nc(N2CCCC(C(=O)Nc3nncs3)C2)ncc1F","202610128","0","-8.9","ok"
"pairB:BRD4:DRX_BS43_05","pairB","BRD4","DRX_BS43_05","DrugEx v2","43","CN(C)c1nc(N2CCCC(C(=O)Nc3nncs3)C2)ncc1F","202610129","0","-7.6","ok"
"pairB:PARP1:DRX_BS43_06","pairB","PARP1","DRX_BS43_06","DrugEx v2","43","Cn1nnc2c(=O)n(CC(=O)NCc3cccc(Cl)c3)cnc21","202610130","0","-8.9","ok"
"pairB:BRD4:DRX_BS43_06","pairB","BRD4","DRX_BS43_06","DrugEx v2","43","Cn1nnc2c(=O)n(CC(=O)NCc3cccc(Cl)c3)cnc21","202610131","0","-8","ok"
"pairB:PARP1:DRX_BS43_07","pairB","PARP1","DRX_BS43_07","DrugEx v2","43","CCn1cnnc1-c1ccccc1NC(=O)c1sccc1C","202610132","0","-8.1","ok"
"pairB:BRD4:DRX_BS43_07","pairB","BRD4","DRX_BS43_07","DrugEx v2","43","CCn1cnnc1-c1ccccc1NC(=O)c1sccc1C","202610133","0","-7.2","ok"
"pairB:PARP1:DRX_BS43_08","pairB","PARP1","DRX_BS43_08","DrugEx v2","43","Cc1ccn2c(CCc3ccccc3)nnc2c1N","202610134","0","-8.4","ok"
"pairB:BRD4:DRX_BS43_08","pairB","BRD4","DRX_BS43_08","DrugEx v2","43","Cc1ccn2c(CCc3ccccc3)nnc2c1N","202610135","0","-8.2","ok"
"pairB:PARP1:DRX_BS43_09","pairB","PARP1","DRX_BS43_09","DrugEx v2","43","Cc1nc(-c2ccncc2)sc1C(=O)Nc1cccn2cnnc12","202610136","0","-9.4","ok"
"pairB:BRD4:DRX_BS43_09","pairB","BRD4","DRX_BS43_09","DrugEx v2","43","Cc1nc(-c2ccncc2)sc1C(=O)Nc1cccn2cnnc12","202610137","0","-8","ok"
"pairB:PARP1:DRX_BS43_10","pairB","PARP1","DRX_BS43_10","DrugEx v2","43","O=C(C1CC1)N1CCN(Cc2nncn2-c2cccc(F)c2)CC1","202610138","0","-9.4","ok"
"pairB:BRD4:DRX_BS43_10","pairB","BRD4","DRX_BS43_10","DrugEx v2","43","O=C(C1CC1)N1CCN(Cc2nncn2-c2cccc(F)c2)CC1","202610139","0","-8.2","ok"
"pairB:PARP1:DRX_BS44_01","pairB","PARP1","DRX_BS44_01","DrugEx v2","44","COc1cccc(CC(=O)N2Cc3nnnn3CC2C(C)C)c1","202608852","0","-8.9","ok"
"pairB:BRD4:DRX_BS44_01","pairB","BRD4","DRX_BS44_01","DrugEx v2","44","COc1cccc(CC(=O)N2Cc3nnnn3CC2C(C)C)c1","202608853","0","-7.4","ok"
"pairB:PARP1:DRX_BS44_02","pairB","PARP1","DRX_BS44_02","DrugEx v2","44","Cc1ccc(CNCC(C)(O)c2ccc(F)cc2)cc1F","202608854","0","-8.1","ok"
"pairB:BRD4:DRX_BS44_02","pairB","BRD4","DRX_BS44_02","DrugEx v2","44","Cc1ccc(CNCC(C)(O)c2ccc(F)cc2)cc1F","202608855","0","-7.6","ok"
"pairB:PARP1:DRX_BS44_03","pairB","PARP1","DRX_BS44_03","DrugEx v2","44","CCN(CC(C)C#N)C(=O)CSc1nncn1-c1cccc(F)c1","202608856","0","-8.1","ok"
"pairB:BRD4:DRX_BS44_03","pairB","BRD4","DRX_BS44_03","DrugEx v2","44","CCN(CC(C)C#N)C(=O)CSc1nncn1-c1cccc(F)c1","202608857","0","-6.4","ok"
"pairB:PARP1:DRX_BS44_04","pairB","PARP1","DRX_BS44_04","DrugEx v2","44","CCc1nnc(NC(=O)CSc2nccn2-c2cccc(F)c2)s1","202610146","0","-8.6","ok"
"pairB:BRD4:DRX_BS44_04","pairB","BRD4","DRX_BS44_04","DrugEx v2","44","CCc1nnc(NC(=O)CSc2nccn2-c2cccc(F)c2)s1","202610147","0","-8.1","ok"
"pairB:PARP1:DRX_BS44_05","pairB","PARP1","DRX_BS44_05","DrugEx v2","44","CCN(Cc1cnn(C)c1)S(=O)(=O)c1cccn2cnnc12","202610148","0","-7.9","ok"
"pairB:BRD4:DRX_BS44_05","pairB","BRD4","DRX_BS44_05","DrugEx v2","44","CCN(Cc1cnn(C)c1)S(=O)(=O)c1cccn2cnnc12","202610149","0","-6.2","ok"
"pairB:PARP1:DRX_BS44_06","pairB","PARP1","DRX_BS44_06","DrugEx v2","44","Cc1cc(=O)[nH]c2nnc(SCC(=O)Nc3ccc(F)cc3)n12","202610150","0","-9.5","ok"
"pairB:BRD4:DRX_BS44_06","pairB","BRD4","DRX_BS44_06","DrugEx v2","44","Cc1cc(=O)[nH]c2nnc(SCC(=O)Nc3ccc(F)cc3)n12","202610151","0","-7.5","ok"
"pairB:PARP1:DRX_BS44_07","pairB","PARP1","DRX_BS44_07","DrugEx v2","44","O=C(c1csc(-c2cnccn2)n1)N1CCN(Cc2ccccc2)CC1","202610152","0","-9.3","ok"
"pairB:BRD4:DRX_BS44_07","pairB","BRD4","DRX_BS44_07","DrugEx v2","44","O=C(c1csc(-c2cnccn2)n1)N1CCN(Cc2ccccc2)CC1","202610153","0","-7.7","ok"
"pairB:PARP1:DRX_BS44_08","pairB","PARP1","DRX_BS44_08","DrugEx v2","44","Cc1ccc(-n2nnc(CC(=O)Nc3ccccc3F)c2C)cc1","202610154","0","-9.6","ok"
"pairB:BRD4:DRX_BS44_08","pairB","BRD4","DRX_BS44_08","DrugEx v2","44","Cc1ccc(-n2nnc(CC(=O)Nc3ccccc3F)c2C)cc1","202610155","0","-8.2","ok"
"pairB:PARP1:DRX_BS44_09","pairB","PARP1","DRX_BS44_09","DrugEx v2","44","CC1CN(Cc2ccc(C(C)(C)O)cc2)CC(C)O1","202610156","0","-8.6","ok"
"pairB:BRD4:DRX_BS44_09","pairB","BRD4","DRX_BS44_09","DrugEx v2","44","CC1CN(Cc2ccc(C(C)(C)O)cc2)CC(C)O1","202610157","0","-6.9","ok"
"pairB:PARP1:DRX_BS44_10","pairB","PARP1","DRX_BS44_10","DrugEx v2","44","COC(=O)c1ccc(-n2nnnc2COc2ccc(C)cc2)cc1","202610158","0","-8.8","ok"
"pairB:BRD4:DRX_BS44_10","pairB","BRD4","DRX_BS44_10","DrugEx v2","44","COC(=O)c1ccc(-n2nnnc2COc2ccc(C)cc2)cc1","202610159","0","-8.6","ok"
"pairB:PARP1:DRX_BS45_01","pairB","PARP1","DRX_BS45_01","DrugEx v2","45","Cc1ccc(-n2cnnc2SCCn2c(C)cc(C)nc2=O)cc1","202608858","0","-9.3","ok"
"pairB:BRD4:DRX_BS45_01","pairB","BRD4","DRX_BS45_01","DrugEx v2","45","Cc1ccc(-n2cnnc2SCCn2c(C)cc(C)nc2=O)cc1","202608859","0","-8.3","ok"
"pairB:PARP1:DRX_BS45_02","pairB","PARP1","DRX_BS45_02","DrugEx v2","45","Fc1cc(Br)cnc1NCc1ccc(-n2cccn2)nc1","202608860","0","-7.9","ok"
"pairB:BRD4:DRX_BS45_02","pairB","BRD4","DRX_BS45_02","DrugEx v2","45","Fc1cc(Br)cnc1NCc1ccc(-n2cccn2)nc1","202608861","0","-7.2","ok"
"pairB:PARP1:DRX_BS45_03","pairB","PARP1","DRX_BS45_03","DrugEx v2","45","Cc1nnc(NC(=O)C2CC(=O)N(c3ccc(Cl)cc3)C2)s1","202608862","0","-8.8","ok"
"pairB:BRD4:DRX_BS45_03","pairB","BRD4","DRX_BS45_03","DrugEx v2","45","Cc1nnc(NC(=O)C2CC(=O)N(c3ccc(Cl)cc3)C2)s1","202608863","0","-7.4","ok"
"pairB:PARP1:DRX_BS45_04","pairB","PARP1","DRX_BS45_04","DrugEx v2","45","Fc1cccc(-n2cnnc2Cc2ccccc2F)c1","202610166","0","-8.5","ok"
"pairB:BRD4:DRX_BS45_04","pairB","BRD4","DRX_BS45_04","DrugEx v2","45","Fc1cccc(-n2cnnc2Cc2ccccc2F)c1","202610167","0","-8.2","ok"
"pairB:PARP1:DRX_BS45_05","pairB","PARP1","DRX_BS45_05","DrugEx v2","45","CC(O)(CNC(=O)c1ccc(CNC(N)=O)cc1)c1ccc(F)cc1","202610168","0","-9.2","ok"
"pairB:BRD4:DRX_BS45_05","pairB","BRD4","DRX_BS45_05","DrugEx v2","45","CC(O)(CNC(=O)c1ccc(CNC(N)=O)cc1)c1ccc(F)cc1","202610169","0","-8.4","ok"
"pairB:PARP1:DRX_BS45_06","pairB","PARP1","DRX_BS45_06","DrugEx v2","45","CCC(CC)c1nnc(NC(=O)C2CCN(c3nccs3)CC2)s1","202610170","0","-8","ok"
"pairB:BRD4:DRX_BS45_06","pairB","BRD4","DRX_BS45_06","DrugEx v2","45","CCC(CC)c1nnc(NC(=O)C2CCN(c3nccs3)CC2)s1","202610171","0","-6.6","ok"
"pairB:PARP1:DRX_BS45_07","pairB","PARP1","DRX_BS45_07","DrugEx v2","45","COCCn1cnnc1C(C)NC(=O)c1scnc1C1CC1","202610172","0","-7.2","ok"
"pairB:BRD4:DRX_BS45_07","pairB","BRD4","DRX_BS45_07","DrugEx v2","45","COCCn1cnnc1C(C)NC(=O)c1scnc1C1CC1","202610173","0","-6","ok"
"pairB:PARP1:DRX_BS45_08","pairB","PARP1","DRX_BS45_08","DrugEx v2","45","CCOCC(=O)N1CCc2ccc(CCC(C)(C)O)cc21","202610174","0","-7.6","ok"
"pairB:BRD4:DRX_BS45_08","pairB","BRD4","DRX_BS45_08","DrugEx v2","45","CCOCC(=O)N1CCc2ccc(CCC(C)(C)O)cc21","202610175","0","-7","ok"
"pairB:PARP1:DRX_BS45_09","pairB","PARP1","DRX_BS45_09","DrugEx v2","45","Cc1nnc2n1CCN(C(=O)c1scnc1C1CC1)C2","202610176","0","-8.1","ok"
"pairB:BRD4:DRX_BS45_09","pairB","BRD4","DRX_BS45_09","DrugEx v2","45","Cc1nnc2n1CCN(C(=O)c1scnc1C1CC1)C2","202610177","0","-6.6","ok"
"pairB:PARP1:DRX_BS45_10","pairB","PARP1","DRX_BS45_10","DrugEx v2","45","Cc1nnc(NC(=O)Cn2c(-c3cnccn3)noc2=O)s1","202610178","0","-8.6","ok"
"pairB:BRD4:DRX_BS45_10","pairB","BRD4","DRX_BS45_10","DrugEx v2","45","Cc1nnc(NC(=O)Cn2c(-c3cnccn3)noc2=O)s1","202610179","0","-6.9","ok"
"pairB:PARP1:DRX_BS46_01","pairB","PARP1","DRX_BS46_01","DrugEx v2","46","Cc1ccc(-n2cnnc2SC2CCCCNC2=O)cc1Cl","202608864","0","-9.1","ok"
"pairB:BRD4:DRX_BS46_01","pairB","BRD4","DRX_BS46_01","DrugEx v2","46","Cc1ccc(-n2cnnc2SC2CCCCNC2=O)cc1Cl","202608865","0","-7.5","ok"
"pairB:PARP1:DRX_BS46_02","pairB","PARP1","DRX_BS46_02","DrugEx v2","46","Cc1cccn2c(CC(=O)N(C)Cc3ccsc3)nnc12","202608866","0","-7.8","ok"
"pairB:BRD4:DRX_BS46_02","pairB","BRD4","DRX_BS46_02","DrugEx v2","46","Cc1cccn2c(CC(=O)N(C)Cc3ccsc3)nnc12","202608867","0","-7.3","ok"
"pairB:PARP1:DRX_BS46_03","pairB","PARP1","DRX_BS46_03","DrugEx v2","46","COCc1c(C(=O)NCc2cccnc2)nnn1-c1cccc(Cl)c1","202608868","0","-9.1","ok"
"pairB:BRD4:DRX_BS46_03","pairB","BRD4","DRX_BS46_03","DrugEx v2","46","COCc1c(C(=O)NCc2cccnc2)nnn1-c1cccc(Cl)c1","202608869","0","-7.5","ok"
"pairB:PARP1:DRX_BS46_04","pairB","PARP1","DRX_BS46_04","DrugEx v2","46","Cc1ccc(-n2nnnc2NCc2ccnc(C3CC3)n2)cc1","202610186","0","-8.8","ok"
"pairB:BRD4:DRX_BS46_04","pairB","BRD4","DRX_BS46_04","DrugEx v2","46","Cc1ccc(-n2nnnc2NCc2ccnc(C3CC3)n2)cc1","202610187","0","-8","ok"
"pairB:PARP1:DRX_BS46_05","pairB","PARP1","DRX_BS46_05","DrugEx v2","46","Cc1nn2c(C)c(C(=O)N3CCOCC3C)nnc2c1-c1cccc(Cl)c1","202610188","0","-10.2","ok"
"pairB:BRD4:DRX_BS46_05","pairB","BRD4","DRX_BS46_05","DrugEx v2","46","Cc1nn2c(C)c(C(=O)N3CCOCC3C)nnc2c1-c1cccc(Cl)c1","202610189","0","-8.6","ok"
"pairB:PARP1:DRX_BS46_06","pairB","PARP1","DRX_BS46_06","DrugEx v2","46","COC(=O)CCn1cnc2c(nnn2-c2cccc(Cl)c2)c1=O","202610190","0","-8.5","ok"
"pairB:BRD4:DRX_BS46_06","pairB","BRD4","DRX_BS46_06","DrugEx v2","46","COC(=O)CCn1cnc2c(nnn2-c2cccc(Cl)c2)c1=O","202610191","0","-8.1","ok"
"pairB:PARP1:DRX_BS46_07","pairB","PARP1","DRX_BS46_07","DrugEx v2","46","CC(C)(O)CCc1cccc(C(=O)N2CCCC2C(N)=O)c1","202610192","0","-9.1","ok"
"pairB:BRD4:DRX_BS46_07","pairB","BRD4","DRX_BS46_07","DrugEx v2","46","CC(C)(O)CCc1cccc(C(=O)N2CCCC2C(N)=O)c1","202610193","0","-7.3","ok"
"pairB:PARP1:DRX_BS46_08","pairB","PARP1","DRX_BS46_08","DrugEx v2","46","CC(C)(O)CN1CCN(C(=O)c2cccc(COn3cccn3)c2)CC1","202610194","0","-9.5","ok"
"pairB:BRD4:DRX_BS46_08","pairB","BRD4","DRX_BS46_08","DrugEx v2","46","CC(C)(O)CN1CCN(C(=O)c2cccc(COn3cccn3)c2)CC1","202610195","0","-7","ok"
"pairB:PARP1:DRX_BS46_09","pairB","PARP1","DRX_BS46_09","DrugEx v2","46","O=C(Cn1cnc(C2CCC2)cc1=O)Nc1nncs1","202610196","0","-8.1","ok"
"pairB:BRD4:DRX_BS46_09","pairB","BRD4","DRX_BS46_09","DrugEx v2","46","O=C(Cn1cnc(C2CCC2)cc1=O)Nc1nncs1","202610197","0","-7.2","ok"
"pairB:PARP1:DRX_BS46_10","pairB","PARP1","DRX_BS46_10","DrugEx v2","46","COCC(C)(O)CNC(=O)c1ccn(-c2ccc(F)cc2)n1","202610198","0","-8.4","ok"
"pairB:BRD4:DRX_BS46_10","pairB","BRD4","DRX_BS46_10","DrugEx v2","46","COCC(C)(O)CNC(=O)c1ccn(-c2ccc(F)cc2)n1","202610199","0","-6.9","ok"
"pairB:PARP1:DRX_BS47_01","pairB","PARP1","DRX_BS47_01","DrugEx v2","47","Cc1ccc(-n2ccnc2SCC(=O)Nc2nncs2)cc1C","202608870","0","-9.4","ok"
"pairB:BRD4:DRX_BS47_01","pairB","BRD4","DRX_BS47_01","DrugEx v2","47","Cc1ccc(-n2ccnc2SCC(=O)Nc2nncs2)cc1C","202608871","0","-7.8","ok"
"pairB:PARP1:DRX_BS47_02","pairB","PARP1","DRX_BS47_02","DrugEx v2","47","CCN(C(=O)CSc1nncn1-c1ccc(C)cc1)C(C)C(C)C","202608872","0","-7.7","ok"
"pairB:BRD4:DRX_BS47_02","pairB","BRD4","DRX_BS47_02","DrugEx v2","47","CCN(C(=O)CSc1nncn1-c1ccc(C)cc1)C(C)C(C)C","202608873","0","-6.6","ok"
"pairB:PARP1:DRX_BS47_03","pairB","PARP1","DRX_BS47_03","DrugEx v2","47","N#CCSc1nncn1-c1ccc(F)c(Cl)c1","202608874","0","-7.2","ok"
"pairB:BRD4:DRX_BS47_03","pairB","BRD4","DRX_BS47_03","DrugEx v2","47","N#CCSc1nncn1-c1ccc(F)c(Cl)c1","202608875","0","-6.9","ok"
"pairB:PARP1:DRX_BS47_04","pairB","PARP1","DRX_BS47_04","DrugEx v2","47","Cc1cc(C)c2nnc(C(=O)NCc3ccncc3)n2n1","202610206","0","-9","ok"
"pairB:BRD4:DRX_BS47_04","pairB","BRD4","DRX_BS47_04","DrugEx v2","47","Cc1cc(C)c2nnc(C(=O)NCc3ccncc3)n2n1","202610207","0","-7.6","ok"
"pairB:PARP1:DRX_BS47_05","pairB","PARP1","DRX_BS47_05","DrugEx v2","47","Cc1ccc(-n2nnc(C(=O)Nc3nccs3)c2N)cc1","202610208","0","-8.3","ok"
"pairB:BRD4:DRX_BS47_05","pairB","BRD4","DRX_BS47_05","DrugEx v2","47","Cc1ccc(-n2nnc(C(=O)Nc3nccs3)c2N)cc1","202610209","0","-7","ok"
"pairB:PARP1:DRX_BS47_06","pairB","PARP1","DRX_BS47_06","DrugEx v2","47","O=C(c1ccc(=O)[nH]c1)N1CCn2c(nnc2-c2cccs2)C1","202610210","0","-9.1","ok"
"pairB:BRD4:DRX_BS47_06","pairB","BRD4","DRX_BS47_06","DrugEx v2","47","O=C(c1ccc(=O)[nH]c1)N1CCn2c(nnc2-c2cccs2)C1","202610211","0","-7.7","ok"
"pairB:PARP1:DRX_BS47_07","pairB","PARP1","DRX_BS47_07","DrugEx v2","47","CCCCn1cnnc1C(CC)NC(=O)c1ccc(-n2cncn2)nc1","202610212","0","-9","ok"
"pairB:BRD4:DRX_BS47_07","pairB","BRD4","DRX_BS47_07","DrugEx v2","47","CCCCn1cnnc1C(CC)NC(=O)c1ccc(-n2cncn2)nc1","202610213","0","-7.5","ok"
"pairB:PARP1:DRX_BS47_08","pairB","PARP1","DRX_BS47_08","DrugEx v2","47","CCCC(C)C(=O)NCc1nncn1-c1cccc(C(F)(F)F)c1","202610214","0","-8.8","ok"
"pairB:BRD4:DRX_BS47_08","pairB","BRD4","DRX_BS47_08","DrugEx v2","47","CCCC(C)C(=O)NCc1nncn1-c1cccc(C(F)(F)F)c1","202610215","0","-7.4","ok"
"pairB:PARP1:DRX_BS47_09","pairB","PARP1","DRX_BS47_09","DrugEx v2","47","CC1CN(C(=O)c2cccc(CCC(C)(C)O)c2)CC(C)O1","202610216","0","-9","ok"
"pairB:BRD4:DRX_BS47_09","pairB","BRD4","DRX_BS47_09","DrugEx v2","47","CC1CN(C(=O)c2cccc(CCC(C)(C)O)c2)CC(C)O1","202610217","0","-7.6","ok"
"pairB:PARP1:DRX_BS47_10","pairB","PARP1","DRX_BS47_10","DrugEx v2","47","CN1CCN(C(=O)C(Cc2ccccc2)C(C)(C)O)CC1","202610218","0","-7.9","ok"
"pairB:BRD4:DRX_BS47_10","pairB","BRD4","DRX_BS47_10","DrugEx v2","47","CN1CCN(C(=O)C(Cc2ccccc2)C(C)(C)O)CC1","202610219","0","-6.2","ok"
"pairB:PARP1:DRX_BS48_01","pairB","PARP1","DRX_BS48_01","DrugEx v2","48","CN(C(=O)c1ccc(=O)[nH]c1)c1nnc(-c2ccc(F)cc2)s1","202608876","0","-9.6","ok"
"pairB:BRD4:DRX_BS48_01","pairB","BRD4","DRX_BS48_01","DrugEx v2","48","CN(C(=O)c1ccc(=O)[nH]c1)c1nnc(-c2ccc(F)cc2)s1","202608877","0","-7.9","ok"
"pairB:PARP1:DRX_BS48_02","pairB","PARP1","DRX_BS48_02","DrugEx v2","48","O=C(Nc1nncs1)C1CC(=O)N(CCOc2ccccc2)C1","202608878","0","-8.8","ok"
"pairB:BRD4:DRX_BS48_02","pairB","BRD4","DRX_BS48_02","DrugEx v2","48","O=C(Nc1nncs1)C1CC(=O)N(CCOc2ccccc2)C1","202608879","0","-8","ok"
"pairB:PARP1:DRX_BS48_03","pairB","PARP1","DRX_BS48_03","DrugEx v2","48","O=C(NCCc1cccnc1)C(c1cccnc1)N1CCOCC1","202608880","0","-8.5","ok"
"pairB:BRD4:DRX_BS48_03","pairB","BRD4","DRX_BS48_03","DrugEx v2","48","O=C(NCCc1cccnc1)C(c1cccnc1)N1CCOCC1","202608881","0","-7.2","ok"
"pairB:PARP1:DRX_BS48_04","pairB","PARP1","DRX_BS48_04","DrugEx v2","48","COC(=O)Cc1ccc(-n2nnnc2COc2ccc(C)cc2)cc1","202610226","0","-8.6","ok"
"pairB:BRD4:DRX_BS48_04","pairB","BRD4","DRX_BS48_04","DrugEx v2","48","COC(=O)Cc1ccc(-n2nnnc2COc2ccc(C)cc2)cc1","202610227","0","-8.2","ok"
"pairB:PARP1:DRX_BS48_05","pairB","PARP1","DRX_BS48_05","DrugEx v2","48","COc1ccc(CC(=O)Nc2ccc(Br)cc2F)cc1OC","202610228","0","-8.1","ok"
"pairB:BRD4:DRX_BS48_05","pairB","BRD4","DRX_BS48_05","DrugEx v2","48","COc1ccc(CC(=O)Nc2ccc(Br)cc2F)cc1OC","202610229","0","-7.4","ok"
"pairB:PARP1:DRX_BS48_06","pairB","PARP1","DRX_BS48_06","DrugEx v2","48","Cn1cnnc1COc1ccc(-c2csc(NC3CC3)n2)cc1","202610230","0","-8.2","ok"
"pairB:BRD4:DRX_BS48_06","pairB","BRD4","DRX_BS48_06","DrugEx v2","48","Cn1cnnc1COc1ccc(-c2csc(NC3CC3)n2)cc1","202610231","0","-7.4","ok"
"pairB:PARP1:DRX_BS48_07","pairB","PARP1","DRX_BS48_07","DrugEx v2","48","Cc1cc(=O)c(C(C)(C)O)nn1-c1ccc(Cl)cc1","202610232","0","-8","ok"
"pairB:BRD4:DRX_BS48_07","pairB","BRD4","DRX_BS48_07","DrugEx v2","48","Cc1cc(=O)c(C(C)(C)O)nn1-c1ccc(Cl)cc1","202610233","0","-6.9","ok"
"pairB:PARP1:DRX_BS48_08","pairB","PARP1","DRX_BS48_08","DrugEx v2","48","O=C(c1c[nH]c(=O)cn1)N1CCN(Cc2nnnn2C2CC2)CC1","202610234","0","-9","ok"
"pairB:BRD4:DRX_BS48_08","pairB","BRD4","DRX_BS48_08","DrugEx v2","48","O=C(c1c[nH]c(=O)cn1)N1CCN(Cc2nnnn2C2CC2)CC1","202610235","0","-7.2","ok"
"pairB:PARP1:DRX_BS48_09","pairB","PARP1","DRX_BS48_09","DrugEx v2","48","COCCn1ncc2nc(C(=O)OC(C)C)nnc21","202610236","0","-6.7","ok"
"pairB:BRD4:DRX_BS48_09","pairB","BRD4","DRX_BS48_09","DrugEx v2","48","COCCn1ncc2nc(C(=O)OC(C)C)nnc21","202610237","0","-6.3","ok"
"pairB:PARP1:DRX_BS48_10","pairB","PARP1","DRX_BS48_10","DrugEx v2","48","CCCCn1nnc2c(=O)n(Cc3ccc(C)cc3)cnc21","202610238","0","-8.6","ok"
"pairB:BRD4:DRX_BS48_10","pairB","BRD4","DRX_BS48_10","DrugEx v2","48","CCCCn1nnc2c(=O)n(Cc3ccc(C)cc3)cnc21","202610239","0","-8.1","ok"
"pairB:PARP1:DRX_BS49_01","pairB","PARP1","DRX_BS49_01","DrugEx v2","49","O=c1cc(CSc2nnnn2C2CC2)cc[nH]1","202608882","0","-7.6","ok"
"pairB:BRD4:DRX_BS49_01","pairB","BRD4","DRX_BS49_01","DrugEx v2","49","O=c1cc(CSc2nnnn2C2CC2)cc[nH]1","202608883","0","-6.9","ok"
"pairB:PARP1:DRX_BS49_02","pairB","PARP1","DRX_BS49_02","DrugEx v2","49","Cc1cc(=O)[nH]c2nnc(SCC(=O)NCc3ccccc3)n12","202608884","0","-9.3","ok"
"pairB:BRD4:DRX_BS49_02","pairB","BRD4","DRX_BS49_02","DrugEx v2","49","Cc1cc(=O)[nH]c2nnc(SCC(=O)NCc3ccccc3)n12","202608885","0","-7.8","ok"
"pairB:PARP1:DRX_BS49_03","pairB","PARP1","DRX_BS49_03","DrugEx v2","49","Cn1nnc2cc(CNC(=O)NC3CCCCCC3)cnc21","202608886","0","-9.4","ok"
"pairB:BRD4:DRX_BS49_03","pairB","BRD4","DRX_BS49_03","DrugEx v2","49","Cn1nnc2cc(CNC(=O)NC3CCCCCC3)cnc21","202608887","0","-7.7","ok"
"pairB:PARP1:DRX_BS49_04","pairB","PARP1","DRX_BS49_04","DrugEx v2","49","CC(C)CNC(=O)Cn1cnc2c(nnn2-c2cccc(Cl)c2)c1=O","202610246","0","-9.2","ok"
"pairB:BRD4:DRX_BS49_04","pairB","BRD4","DRX_BS49_04","DrugEx v2","49","CC(C)CNC(=O)Cn1cnc2c(nnn2-c2cccc(Cl)c2)c1=O","202610247","0","-7.6","ok"
"pairB:PARP1:DRX_BS49_05","pairB","PARP1","DRX_BS49_05","DrugEx v2","49","Cc1scc2c(=O)n(-c3ccc(F)c(Cl)c3)cnc12","202610248","0","-7.9","ok"
"pairB:BRD4:DRX_BS49_05","pairB","BRD4","DRX_BS49_05","DrugEx v2","49","Cc1scc2c(=O)n(-c3ccc(F)c(Cl)c3)cnc12","202610249","0","-7.5","ok"
"pairB:PARP1:DRX_BS49_06","pairB","PARP1","DRX_BS49_06","DrugEx v2","49","CCc1nnc2c(=O)n(-c3ccc(F)c(F)c3)ccn12","202610250","0","-8.6","ok"
"pairB:BRD4:DRX_BS49_06","pairB","BRD4","DRX_BS49_06","DrugEx v2","49","CCc1nnc2c(=O)n(-c3ccc(F)c(F)c3)ccn12","202610251","0","-8.1","ok"
"pairB:PARP1:DRX_BS49_07","pairB","PARP1","DRX_BS49_07","DrugEx v2","49","Cn1nnc2c(=O)n(Cc3cccc(C(F)(F)F)c3)cnc21","202610252","0","-9.5","ok"
"pairB:BRD4:DRX_BS49_07","pairB","BRD4","DRX_BS49_07","DrugEx v2","49","Cn1nnc2c(=O)n(Cc3cccc(C(F)(F)F)c3)cnc21","202610253","0","-9","ok"
"pairB:PARP1:DRX_BS49_08","pairB","PARP1","DRX_BS49_08","DrugEx v2","49","Cc1ccnnc1C(=O)N1CCCC1C(=O)c1nccs1","202610254","0","-7.9","ok"
"pairB:BRD4:DRX_BS49_08","pairB","BRD4","DRX_BS49_08","DrugEx v2","49","Cc1ccnnc1C(=O)N1CCCC1C(=O)c1nccs1","202610255","0","-7.6","ok"
"pairB:PARP1:DRX_BS49_09","pairB","PARP1","DRX_BS49_09","DrugEx v2","49","Cn1nnc2cc(C(=O)NCc3cccc(S(N)(=O)=O)c3)cnc21","202610256","0","-10.1","ok"
"pairB:BRD4:DRX_BS49_09","pairB","BRD4","DRX_BS49_09","DrugEx v2","49","Cn1nnc2cc(C(=O)NCc3cccc(S(N)(=O)=O)c3)cnc21","202610257","0","-8.9","ok"
"pairB:PARP1:DRX_BS49_10","pairB","PARP1","DRX_BS49_10","DrugEx v2","49","Cn1nnc2cc(C(=O)NCCc3ccccc3F)cnc21","202610258","0","-8.9","ok"
"pairB:BRD4:DRX_BS49_10","pairB","BRD4","DRX_BS49_10","DrugEx v2","49","Cn1nnc2cc(C(=O)NCCc3ccccc3F)cnc21","202610259","0","-8.5","ok"
"pairB:PARP1:DRX_BS50_01","pairB","PARP1","DRX_BS50_01","DrugEx v2","50","CCN(CC)C(=O)C(C)Sc1nncn1-c1ccc(C)c(Cl)c1","202608888","0","-8.4","ok"
"pairB:BRD4:DRX_BS50_01","pairB","BRD4","DRX_BS50_01","DrugEx v2","50","CCN(CC)C(=O)C(C)Sc1nncn1-c1ccc(C)c(Cl)c1","202608889","0","-6.6","ok"
"pairB:PARP1:DRX_BS50_02","pairB","PARP1","DRX_BS50_02","DrugEx v2","50","COC(=O)CSc1nncn1-c1cccc(Cl)c1","202608890","0","-7.5","ok"
"pairB:BRD4:DRX_BS50_02","pairB","BRD4","DRX_BS50_02","DrugEx v2","50","COC(=O)CSc1nncn1-c1cccc(Cl)c1","202608891","0","-6.8","ok"
"pairB:PARP1:DRX_BS50_03","pairB","PARP1","DRX_BS50_03","DrugEx v2","50","O=S(=O)(Cc1ccc(F)c(F)c1)NCC(O)(c1cccs1)C1CC1","202608892","0","-8.3","ok"
"pairB:BRD4:DRX_BS50_03","pairB","BRD4","DRX_BS50_03","DrugEx v2","50","O=S(=O)(Cc1ccc(F)c(F)c1)NCC(O)(c1cccs1)C1CC1","202608893","0","-7.3","ok"
"pairB:PARP1:DRX_BS50_04","pairB","PARP1","DRX_BS50_04","DrugEx v2","50","O=S(=O)(NCc1cccnc1)c1ccc(Br)cc1F","202610266","0","-7.5","ok"
"pairB:BRD4:DRX_BS50_04","pairB","BRD4","DRX_BS50_04","DrugEx v2","50","O=S(=O)(NCc1cccnc1)c1ccc(Br)cc1F","202610267","0","-7.7","ok"
"pairB:PARP1:DRX_BS50_05","pairB","PARP1","DRX_BS50_05","DrugEx v2","50","CCOc1cccc(CS(=O)(=O)c2nncn2C2CC2)c1","202610268","0","-7.6","ok"
"pairB:BRD4:DRX_BS50_05","pairB","BRD4","DRX_BS50_05","DrugEx v2","50","CCOc1cccc(CS(=O)(=O)c2nncn2C2CC2)c1","202610269","0","-6.8","ok"
"pairB:PARP1:DRX_BS50_06","pairB","PARP1","DRX_BS50_06","DrugEx v2","50","CS(=O)(=O)N(CCCc1nnc2n1CCCC2)c1ccc(F)cc1","202610270","0","-8.4","ok"
"pairB:BRD4:DRX_BS50_06","pairB","BRD4","DRX_BS50_06","DrugEx v2","50","CS(=O)(=O)N(CCCc1nnc2n1CCCC2)c1ccc(F)cc1","202610271","0","-7.9","ok"
"pairB:PARP1:DRX_BS50_07","pairB","PARP1","DRX_BS50_07","DrugEx v2","50","Cc1ccc(-n2cnc3c(Cl)cc(F)cc3c2=O)cc1F","202610272","0","-9.1","ok"
"pairB:BRD4:DRX_BS50_07","pairB","BRD4","DRX_BS50_07","DrugEx v2","50","Cc1ccc(-n2cnc3c(Cl)cc(F)cc3c2=O)cc1F","202610273","0","-7.8","ok"
"pairB:PARP1:DRX_BS50_08","pairB","PARP1","DRX_BS50_08","DrugEx v2","50","CC(=O)N1CCN(c2ccc(-c3nnc(N)n3C)nc2)CC1","202610274","0","-8.7","ok"
"pairB:BRD4:DRX_BS50_08","pairB","BRD4","DRX_BS50_08","DrugEx v2","50","CC(=O)N1CCN(c2ccc(-c3nnc(N)n3C)nc2)CC1","202610275","0","-8.1","ok"
"pairB:PARP1:DRX_BS50_09","pairB","PARP1","DRX_BS50_09","DrugEx v2","50","CC(C)(O)CCc1cccc(S(=O)(=O)N2CCOCC2)c1","202610276","0","-8.3","ok"
"pairB:BRD4:DRX_BS50_09","pairB","BRD4","DRX_BS50_09","DrugEx v2","50","CC(C)(O)CCc1cccc(S(=O)(=O)N2CCOCC2)c1","202610277","0","-6.9","ok"
"pairB:PARP1:DRX_BS50_10","pairB","PARP1","DRX_BS50_10","DrugEx v2","50","CC(O)(CNCc1ccc(F)cc1)c1cccs1","202610278","0","-7.3","ok"
"pairB:BRD4:DRX_BS50_10","pairB","BRD4","DRX_BS50_10","DrugEx v2","50","CC(O)(CNCc1ccc(F)cc1)c1cccs1","202610279","0","-6.4","ok"
"pairB:PARP1:DRX_BS51_01","pairB","PARP1","DRX_BS51_01","DrugEx v2","51","Cc1ccc(CC(=O)N2CCCC2c2nnc(C)n2C)cc1Cl","202608894","0","-9.1","ok"
"pairB:BRD4:DRX_BS51_01","pairB","BRD4","DRX_BS51_01","DrugEx v2","51","Cc1ccc(CC(=O)N2CCCC2c2nnc(C)n2C)cc1Cl","202608895","0","-7.6","ok"
"pairB:PARP1:DRX_BS51_02","pairB","PARP1","DRX_BS51_02","DrugEx v2","51","Cc1ccc(-n2cnnc2SCC(N)=O)cc1Cl","202608896","0","-7.9","ok"
"pairB:BRD4:DRX_BS51_02","pairB","BRD4","DRX_BS51_02","DrugEx v2","51","Cc1ccc(-n2cnnc2SCC(N)=O)cc1Cl","202608897","0","-7.4","ok"
"pairB:PARP1:DRX_BS51_03","pairB","PARP1","DRX_BS51_03","DrugEx v2","51","COc1cccc(CCc2nnc3c(N)cc(C)cn23)c1","202608898","0","-8.8","ok"
"pairB:BRD4:DRX_BS51_03","pairB","BRD4","DRX_BS51_03","DrugEx v2","51","COc1cccc(CCc2nnc3c(N)cc(C)cn23)c1","202608899","0","-8.1","ok"
"pairB:PARP1:DRX_BS51_04","pairB","PARP1","DRX_BS51_04","DrugEx v2","51","Cc1cc(N)c2nnc(CCc3ccccc3)n2c1","202610286","0","-8.5","ok"
"pairB:BRD4:DRX_BS51_04","pairB","BRD4","DRX_BS51_04","DrugEx v2","51","Cc1cc(N)c2nnc(CCc3ccccc3)n2c1","202610287","0","-7.8","ok"
"pairB:PARP1:DRX_BS51_05","pairB","PARP1","DRX_BS51_05","DrugEx v2","51","Cc1ccc(CCc2nnc3c(N)cc(C)cn23)cc1","202610288","0","-9","ok"
"pairB:BRD4:DRX_BS51_05","pairB","BRD4","DRX_BS51_05","DrugEx v2","51","Cc1ccc(CCc2nnc3c(N)cc(C)cn23)cc1","202610289","0","-8","ok"
"pairB:PARP1:DRX_BS51_06","pairB","PARP1","DRX_BS51_06","DrugEx v2","51","CCOc1ccc(-n2nnc(C(=O)Nc3cccc(C)c3C)c2N)cc1","202610290","0","-9.9","ok"
"pairB:BRD4:DRX_BS51_06","pairB","BRD4","DRX_BS51_06","DrugEx v2","51","CCOc1ccc(-n2nnc(C(=O)Nc3cccc(C)c3C)c2N)cc1","202610291","0","-7.7","ok"
"pairB:PARP1:DRX_BS51_07","pairB","PARP1","DRX_BS51_07","DrugEx v2","51","CCc1ccc(OCc2nnc3c(N)cccn23)cc1","202610292","0","-8.4","ok"
"pairB:BRD4:DRX_BS51_07","pairB","BRD4","DRX_BS51_07","DrugEx v2","51","CCc1ccc(OCc2nnc3c(N)cccn23)cc1","202610293","0","-8","ok"
"pairB:PARP1:DRX_BS51_08","pairB","PARP1","DRX_BS51_08","DrugEx v2","51","CC(C)n1cnnc1CN(Cc1ccc(F)cc1)S(C)(=O)=O","202610294","0","-8.3","ok"
"pairB:BRD4:DRX_BS51_08","pairB","BRD4","DRX_BS51_08","DrugEx v2","51","CC(C)n1cnnc1CN(Cc1ccc(F)cc1)S(C)(=O)=O","202610295","0","-6.4","ok"
"pairB:PARP1:DRX_BS51_09","pairB","PARP1","DRX_BS51_09","DrugEx v2","51","COc1ccc(CCc2nnc3c(N)cccn23)cc1","202610296","0","-8.3","ok"
"pairB:BRD4:DRX_BS51_09","pairB","BRD4","DRX_BS51_09","DrugEx v2","51","COc1ccc(CCc2nnc3c(N)cccn23)cc1","202610297","0","-8.1","ok"
"pairB:PARP1:DRX_BS51_10","pairB","PARP1","DRX_BS51_10","DrugEx v2","51","Cc1ccc(CNC(=O)c2csc(-c3cnccn3)n2)cc1F","202610298","0","-9.2","ok"
"pairB:BRD4:DRX_BS51_10","pairB","BRD4","DRX_BS51_10","DrugEx v2","51","Cc1ccc(CNC(=O)c2csc(-c3cnccn3)n2)cc1F","202610299","0","-7.8","ok"
"pairB:PARP1:MLS_BS42_01","pairB","PARP1","MLS_BS42_01","MO-LSO","42","Cc1ccc(CNC(=O)C(c2ccccc2)N2CCOCC2)cn1","202608900","0","-9.1","ok"
"pairB:BRD4:MLS_BS42_01","pairB","BRD4","MLS_BS42_01","MO-LSO","42","Cc1ccc(CNC(=O)C(c2ccccc2)N2CCOCC2)cn1","202608901","0","-7.9","ok"
"pairB:PARP1:MLS_BS42_02","pairB","PARP1","MLS_BS42_02","MO-LSO","42","CCN(C)C(=O)c1ccccc1-c1cn(-c2cnccn2)nn1","202608902","0","-8.1","ok"
"pairB:BRD4:MLS_BS42_02","pairB","BRD4","MLS_BS42_02","MO-LSO","42","CCN(C)C(=O)c1ccccc1-c1cn(-c2cnccn2)nn1","202608903","0","-7.2","ok"
"pairB:PARP1:MLS_BS42_03","pairB","PARP1","MLS_BS42_03","MO-LSO","42","CC(c1ccccc1F)N1CCN(C(=O)Cc2ccc(O)cc2)CC1","202608904","0","-9.9","ok"
"pairB:BRD4:MLS_BS42_03","pairB","BRD4","MLS_BS42_03","MO-LSO","42","CC(c1ccccc1F)N1CCN(C(=O)Cc2ccc(O)cc2)CC1","202608905","0","-8.6","ok"
"pairB:PARP1:MLS_BS42_04","pairB","PARP1","MLS_BS42_04","MO-LSO","42","Cc1ccccc1NC(=O)c1cccc(Cn2cnnc2C)c1","202608932","0","-9.4","ok"
"pairB:BRD4:MLS_BS42_04","pairB","BRD4","MLS_BS42_04","MO-LSO","42","Cc1ccccc1NC(=O)c1cccc(Cn2cnnc2C)c1","202608933","0","-8.1","ok"
"pairB:PARP1:MLS_BS42_05","pairB","PARP1","MLS_BS42_05","MO-LSO","42","COCc1ccccc1NC(=O)c1cn(C2(C#N)CC2)nn1","202610308","0","-8.2","ok"
"pairB:BRD4:MLS_BS42_05","pairB","BRD4","MLS_BS42_05","MO-LSO","42","COCc1ccccc1NC(=O)c1cn(C2(C#N)CC2)nn1","202610309","0","-6.7","ok"
"pairB:PARP1:MLS_BS42_06","pairB","PARP1","MLS_BS42_06","MO-LSO","42","CCn1cnnc1-c1ccc(C(=O)COc2ccc(F)cc2)cc1","202608934","0","-8.4","ok"
"pairB:BRD4:MLS_BS42_06","pairB","BRD4","MLS_BS42_06","MO-LSO","42","CCn1cnnc1-c1ccc(C(=O)COc2ccc(F)cc2)cc1","202608935","0","-8.4","ok"
"pairB:PARP1:MLS_BS42_07","pairB","PARP1","MLS_BS42_07","MO-LSO","42","Cc1nnc(NC(=O)Cc2cnn(-c3ncccc3Cl)c2)s1","202610312","0","-8.8","ok"
"pairB:BRD4:MLS_BS42_07","pairB","BRD4","MLS_BS42_07","MO-LSO","42","Cc1nnc(NC(=O)Cc2cnn(-c3ncccc3Cl)c2)s1","202610313","0","-7.6","ok"
"pairB:PARP1:MLS_BS42_08","pairB","PARP1","MLS_BS42_08","MO-LSO","42","Cc1ccn(C(=O)C2(COc3cccc(F)c3)CC2c2nnnn2C)c1","202610314","0","-9.4","ok"
"pairB:BRD4:MLS_BS42_08","pairB","BRD4","MLS_BS42_08","MO-LSO","42","Cc1ccn(C(=O)C2(COc3cccc(F)c3)CC2c2nnnn2C)c1","202610315","0","-7.6","ok"
"pairB:PARP1:MLS_BS42_09","pairB","PARP1","MLS_BS42_09","MO-LSO","42","COc1cc2c(Oc3cc(-n4ccnc4N)ccn3)nncc2cn1","202610316","0","-9.6","ok"
"pairB:BRD4:MLS_BS42_09","pairB","BRD4","MLS_BS42_09","MO-LSO","42","COc1cc2c(Oc3cc(-n4ccnc4N)ccn3)nncc2cn1","202610317","0","-8.2","ok"
"pairB:PARP1:MLS_BS42_10","pairB","PARP1","MLS_BS42_10","MO-LSO","42","Cc1cncnc1N1CCOCC1CC(=O)Nc1nncn1-c1ccc(F)cc1","202610318","0","-9.6","ok"
"pairB:BRD4:MLS_BS42_10","pairB","BRD4","MLS_BS42_10","MO-LSO","42","Cc1cncnc1N1CCOCC1CC(=O)Nc1nncn1-c1ccc(F)cc1","202610319","0","-6.9","ok"
"pairB:PARP1:MLS_BS43_01","pairB","PARP1","MLS_BS43_01","MO-LSO","43","Cc1noc(CNC(=O)c2ccc(-n3cnnc3C)cc2F)n1","202608906","0","-9.5","ok"
"pairB:BRD4:MLS_BS43_01","pairB","BRD4","MLS_BS43_01","MO-LSO","43","Cc1noc(CNC(=O)c2ccc(-n3cnnc3C)cc2F)n1","202608907","0","-8","ok"
"pairB:PARP1:MLS_BS43_02","pairB","PARP1","MLS_BS43_02","MO-LSO","43","CCN1C(=O)COc2ccc(-n3cnnc3C(C)=O)cc21","202608908","0","-8","ok"
"pairB:BRD4:MLS_BS43_02","pairB","BRD4","MLS_BS43_02","MO-LSO","43","CCN1C(=O)COc2ccc(-n3cnnc3C(C)=O)cc21","202608909","0","-7.3","ok"
"pairB:PARP1:MLS_BS43_03","pairB","PARP1","MLS_BS43_03","MO-LSO","43","CCc1nncn1CC(=O)NCc1cc[nH]c(=O)c1","202608910","0","-7.7","ok"
"pairB:BRD4:MLS_BS43_03","pairB","BRD4","MLS_BS43_03","MO-LSO","43","CCc1nncn1CC(=O)NCc1cc[nH]c(=O)c1","202608911","0","-7.1","ok"
"pairB:PARP1:MLS_BS43_04","pairB","PARP1","MLS_BS43_04","MO-LSO","43","Cc1ccc(CNC(=O)c2nnc(-n3cncn3)[nH]2)cc1","202610326","0","-9.1","ok"
"pairB:BRD4:MLS_BS43_04","pairB","BRD4","MLS_BS43_04","MO-LSO","43","Cc1ccc(CNC(=O)c2nnc(-n3cncn3)[nH]2)cc1","202610327","0","-7.9","ok"
"pairB:PARP1:MLS_BS43_05","pairB","PARP1","MLS_BS43_05","MO-LSO","43","Cc1ccc(-n2cnnc2NC(=O)CC2COCCN2c2ncncc2C)cc1","202610328","0","-10.9","ok"
"pairB:BRD4:MLS_BS43_05","pairB","BRD4","MLS_BS43_05","MO-LSO","43","Cc1ccc(-n2cnnc2NC(=O)CC2COCCN2c2ncncc2C)cc1","202610329","0","-7.3","ok"
"pairB:PARP1:MLS_BS43_06","pairB","PARP1","MLS_BS43_06","MO-LSO","43","CCn1cc(COC(=O)Nc2csc(-c3ccccn3)n2)cn1","202608942","0","-8.1","ok"
"pairB:BRD4:MLS_BS43_06","pairB","BRD4","MLS_BS43_06","MO-LSO","43","CCn1cc(COC(=O)Nc2csc(-c3ccccn3)n2)cn1","202608943","0","-7.1","ok"
"pairB:PARP1:MLS_BS43_07","pairB","PARP1","MLS_BS43_07","MO-LSO","43","CC1(C(=O)Nc2cccc(-n3cnnc3F)c2)COc2ccccc21","202610332","0","-10.5","ok"
"pairB:BRD4:MLS_BS43_07","pairB","BRD4","MLS_BS43_07","MO-LSO","43","CC1(C(=O)Nc2cccc(-n3cnnc3F)c2)COc2ccccc21","202610333","0","-8.8","ok"
"pairB:PARP1:MLS_BS43_08","pairB","PARP1","MLS_BS43_08","MO-LSO","43","CCn1cnnc1-c1ccc(C(=O)COc2ccc(F)cc2)cc1","202608934","0","-8.4","ok"
"pairB:BRD4:MLS_BS43_08","pairB","BRD4","MLS_BS43_08","MO-LSO","43","CCn1cnnc1-c1ccc(C(=O)COc2ccc(F)cc2)cc1","202608935","0","-8.4","ok"
"pairB:PARP1:MLS_BS43_09","pairB","PARP1","MLS_BS43_09","MO-LSO","43","Cc1nc(-c2ccccc2-n2nnnc2C(=O)NC2CC2)c(C)s1","202610336","0","-8.8","ok"
"pairB:BRD4:MLS_BS43_09","pairB","BRD4","MLS_BS43_09","MO-LSO","43","Cc1nc(-c2ccccc2-n2nnnc2C(=O)NC2CC2)c(C)s1","202610337","0","-7.9","ok"
"pairB:PARP1:MLS_BS43_10","pairB","PARP1","MLS_BS43_10","MO-LSO","43","Cc1cnncc1CC(=O)OCC1CCN(c2nncs2)C1","202610338","0","-8.7","ok"
"pairB:BRD4:MLS_BS43_10","pairB","BRD4","MLS_BS43_10","MO-LSO","43","Cc1cnncc1CC(=O)OCC1CCN(c2nncs2)C1","202610339","0","-7.2","ok"
"pairB:PARP1:MLS_BS44_01","pairB","PARP1","MLS_BS44_01","MO-LSO","44","COC(F)Cn1cnc2cc(-n3cnnc3C)ccc2c1=O","202608912","0","-8.9","ok"
"pairB:BRD4:MLS_BS44_01","pairB","BRD4","MLS_BS44_01","MO-LSO","44","COC(F)Cn1cnc2cc(-n3cnnc3C)ccc2c1=O","202608913","0","-7.2","ok"
"pairB:PARP1:MLS_BS44_02","pairB","PARP1","MLS_BS44_02","MO-LSO","44","Cc1ccc(CNC(=O)C(c2ccccc2)N2CCOCC2)cn1","202608900","0","-9.1","ok"
"pairB:BRD4:MLS_BS44_02","pairB","BRD4","MLS_BS44_02","MO-LSO","44","Cc1ccc(CNC(=O)C(c2ccccc2)N2CCOCC2)cn1","202608901","0","-7.9","ok"
"pairB:PARP1:MLS_BS44_03","pairB","PARP1","MLS_BS44_03","MO-LSO","44","CC1NCCCC1C(CC(=O)C1CC1)NCc1cn(-c2ccccc2)nn1","202608914","0","-8.8","ok"
"pairB:BRD4:MLS_BS44_03","pairB","BRD4","MLS_BS44_03","MO-LSO","44","CC1NCCCC1C(CC(=O)C1CC1)NCc1cn(-c2ccccc2)nn1","202608915","0","-7.7","ok"
"pairB:PARP1:MLS_BS44_04","pairB","PARP1","MLS_BS44_04","MO-LSO","44","Cc1cc(CO)ccc1NC(C)C(=O)Nc1nncn1-c1nccs1","202608916","0","-9.1","ok"
"pairB:BRD4:MLS_BS44_04","pairB","BRD4","MLS_BS44_04","MO-LSO","44","Cc1cc(CO)ccc1NC(C)C(=O)Nc1nncn1-c1nccs1","202608917","0","-7.5","ok"
"pairB:PARP1:MLS_BS44_05","pairB","PARP1","MLS_BS44_05","MO-LSO","44","CCn1cnnc1-c1ccc(C(=O)COc2ccc(F)cc2)cc1","202608934","0","-8.4","ok"
"pairB:BRD4:MLS_BS44_05","pairB","BRD4","MLS_BS44_05","MO-LSO","44","CCn1cnnc1-c1ccc(C(=O)COc2ccc(F)cc2)cc1","202608935","0","-8.4","ok"
"pairB:PARP1:MLS_BS44_06","pairB","PARP1","MLS_BS44_06","MO-LSO","44","Cc1nnc(CNC(=O)N(CCc2ccc(Cl)cc2)c2nncn2C)o1","202610350","0","-9.5","ok"
"pairB:BRD4:MLS_BS44_06","pairB","BRD4","MLS_BS44_06","MO-LSO","44","Cc1nnc(CNC(=O)N(CCc2ccc(Cl)cc2)c2nncn2C)o1","202610351","0","-8.2","ok"
"pairB:PARP1:MLS_BS44_07","pairB","PARP1","MLS_BS44_07","MO-LSO","44","CCCNC(=O)Cn1c(-c2nnc(C(C)C)n2C2CC2)c(C#N)c2c(C)nc(C)nc21","202610352","0","-9.2","ok"
"pairB:BRD4:MLS_BS44_07","pairB","BRD4","MLS_BS44_07","MO-LSO","44","CCCNC(=O)Cn1c(-c2nnc(C(C)C)n2C2CC2)c(C#N)c2c(C)nc(C)nc21","202610353","0","-6.4","ok"
"pairB:PARP1:MLS_BS44_08","pairB","PARP1","MLS_BS44_08","MO-LSO","44","CCC(Cc1nnc(C#N)s1)n1cnc(COC)c1N","202610354","0","-7.2","ok"
"pairB:BRD4:MLS_BS44_08","pairB","BRD4","MLS_BS44_08","MO-LSO","44","CCC(Cc1nnc(C#N)s1)n1cnc(COC)c1N","202610355","0","-5.9","ok"
"pairB:PARP1:MLS_BS44_09","pairB","PARP1","MLS_BS44_09","MO-LSO","44","Cc1ncncc1-n1c(N2CCOCC2)nc2c(C)nnc(N)c21","202610356","0","-8.5","ok"
"pairB:BRD4:MLS_BS44_09","pairB","BRD4","MLS_BS44_09","MO-LSO","44","Cc1ncncc1-n1c(N2CCOCC2)nc2c(C)nnc(N)c21","202610357","0","-6.4","ok"
"pairB:PARP1:MLS_BS44_10","pairB","PARP1","MLS_BS44_10","MO-LSO","44","CC(C)c1nnn(CC(=O)Nc2cccc3[nH]c4ccoc4c23)n1","202610358","0","-9.1","ok"
"pairB:BRD4:MLS_BS44_10","pairB","BRD4","MLS_BS44_10","MO-LSO","44","CC(C)c1nnn(CC(=O)Nc2cccc3[nH]c4ccoc4c23)n1","202610359","0","-8.3","ok"
"pairB:PARP1:MLS_BS45_01","pairB","PARP1","MLS_BS45_01","MO-LSO","45","Cc1ccc(-n2cnnc2C(=O)NCC2=CNC(C(N)=O)N=C2)cc1Cl","202608918","0","-10.3","ok"
"pairB:BRD4:MLS_BS45_01","pairB","BRD4","MLS_BS45_01","MO-LSO","45","Cc1ccc(-n2cnnc2C(=O)NCC2=CNC(C(N)=O)N=C2)cc1Cl","202608919","0","-8.7","ok"
"pairB:PARP1:MLS_BS45_02","pairB","PARP1","MLS_BS45_02","MO-LSO","45","Cc1ccc(C)c(-c2cn(-c3cccc(F)c3)nn2)c1","202608920","0","-8.9","ok"
"pairB:BRD4:MLS_BS45_02","pairB","BRD4","MLS_BS45_02","MO-LSO","45","Cc1ccc(C)c(-c2cn(-c3cccc(F)c3)nn2)c1","202608921","0","-8.6","ok"
"pairB:PARP1:MLS_BS45_03","pairB","PARP1","MLS_BS45_03","MO-LSO","45","Cc1cccc(COc2nnc(C(C)N3CNC(c4ccccn4)=CC3=O)s2)c1","202608922","0","-9.8","ok"
"pairB:BRD4:MLS_BS45_03","pairB","BRD4","MLS_BS45_03","MO-LSO","45","Cc1cccc(COc2nnc(C(C)N3CNC(c4ccccn4)=CC3=O)s2)c1","202608923","0","-8.5","ok"
"pairB:PARP1:MLS_BS45_04","pairB","PARP1","MLS_BS45_04","MO-LSO","45","Cc1cc(-n2nnnc2C(C)O)ccc1OCC(=O)c1ccsc1","202610366","0","-9.2","ok"
"pairB:BRD4:MLS_BS45_04","pairB","BRD4","MLS_BS45_04","MO-LSO","45","Cc1cc(-n2nnnc2C(C)O)ccc1OCC(=O)c1ccsc1","202610367","0","-8","ok"
"pairB:PARP1:MLS_BS45_05","pairB","PARP1","MLS_BS45_05","MO-LSO","45","Cc1nnc(CNS(=O)(=O)Cc2ccnc(N3CCCC3)c2)[nH]1","202610368","0","-8.9","ok"
"pairB:BRD4:MLS_BS45_05","pairB","BRD4","MLS_BS45_05","MO-LSO","45","Cc1nnc(CNS(=O)(=O)Cc2ccnc(N3CCCC3)c2)[nH]1","202610369","0","-8","ok"
"pairB:PARP1:MLS_BS45_06","pairB","PARP1","MLS_BS45_06","MO-LSO","45","OCc1ccccc1-c1cn(CC(O)c2cccc(F)c2)nn1","202610370","0","-9.1","ok"
"pairB:BRD4:MLS_BS45_06","pairB","BRD4","MLS_BS45_06","MO-LSO","45","OCc1ccccc1-c1cn(CC(O)c2cccc(F)c2)nn1","202610371","0","-8.4","ok"
"pairB:PARP1:MLS_BS45_07","pairB","PARP1","MLS_BS45_07","MO-LSO","45","CCn1cc(C(=O)OCC(CN)c2ccc3ncccc3c2)nn1","202610372","0","-8.7","ok"
"pairB:BRD4:MLS_BS45_07","pairB","BRD4","MLS_BS45_07","MO-LSO","45","CCn1cc(C(=O)OCC(CN)c2ccc3ncccc3c2)nn1","202610373","0","-8.5","ok"
"pairB:PARP1:MLS_BS45_08","pairB","PARP1","MLS_BS45_08","MO-LSO","45","CCn1cc(CNC(=O)c2cc(COC)cs2)nn1","202610374","0","-6.9","ok"
"pairB:BRD4:MLS_BS45_08","pairB","BRD4","MLS_BS45_08","MO-LSO","45","CCn1cc(CNC(=O)c2cc(COC)cs2)nn1","202610375","0","-6.8","ok"
"pairB:PARP1:MLS_BS45_09","pairB","PARP1","MLS_BS45_09","MO-LSO","45","Cc1cccc(Cn2cnc3cc(C(C)(C)O)sc3c2=O)c1","202610376","0","-9.3","ok"
"pairB:BRD4:MLS_BS45_09","pairB","BRD4","MLS_BS45_09","MO-LSO","45","Cc1cccc(Cn2cnc3cc(C(C)(C)O)sc3c2=O)c1","202610377","0","-7.6","ok"
"pairB:PARP1:MLS_BS45_10","pairB","PARP1","MLS_BS45_10","MO-LSO","45","CCN1C(CO)=COc2cc(C(=O)Nc3nncs3)ccc21","202610378","0","-7.9","ok"
"pairB:BRD4:MLS_BS45_10","pairB","BRD4","MLS_BS45_10","MO-LSO","45","CCN1C(CO)=COc2cc(C(=O)Nc3nncs3)ccc21","202610379","0","-7","ok"
"pairB:PARP1:MLS_BS46_01","pairB","PARP1","MLS_BS46_01","MO-LSO","46","Cc1csc(C(C)NCC(=O)c2ccc(-n3cnnc3C)c(F)c2)n1","202608924","0","-9.1","ok"
"pairB:BRD4:MLS_BS46_01","pairB","BRD4","MLS_BS46_01","MO-LSO","46","Cc1csc(C(C)NCC(=O)c2ccc(-n3cnnc3C)c(F)c2)n1","202608925","0","-7.2","ok"
"pairB:PARP1:MLS_BS46_02","pairB","PARP1","MLS_BS46_02","MO-LSO","46","CCC(c1ccc(F)cc1)n1cnnc1NS(=O)(=O)c1ccc(=O)[nH]n1","202608926","0","-9.8","ok"
"pairB:BRD4:MLS_BS46_02","pairB","BRD4","MLS_BS46_02","MO-LSO","46","CCC(c1ccc(F)cc1)n1cnnc1NS(=O)(=O)c1ccc(=O)[nH]n1","202608927","0","-7.9","ok"
"pairB:PARP1:MLS_BS46_03","pairB","PARP1","MLS_BS46_03","MO-LSO","46","CC(c1ccccc1F)N1CCN(C(=O)Cc2ccc(O)cc2)CC1","202608904","0","-9.9","ok"
"pairB:BRD4:MLS_BS46_03","pairB","BRD4","MLS_BS46_03","MO-LSO","46","CC(c1ccccc1F)N1CCN(C(=O)Cc2ccc(O)cc2)CC1","202608905","0","-8.6","ok"
"pairB:PARP1:MLS_BS46_04","pairB","PARP1","MLS_BS46_04","MO-LSO","46","CCc1nnc(Cn2cnc3cc(COC)ccc3c2=O)[nH]1","202608928","0","-8.1","ok"
"pairB:BRD4:MLS_BS46_04","pairB","BRD4","MLS_BS46_04","MO-LSO","46","CCc1nnc(Cn2cnc3cc(COC)ccc3c2=O)[nH]1","202608929","0","-8.4","ok"
"pairB:PARP1:MLS_BS46_05","pairB","PARP1","MLS_BS46_05","MO-LSO","46","Cc1cccc(-n2cnnc2CC(=O)c2[nH]c(C)cc2Cl)c1","202610388","0","-9.3","ok"
"pairB:BRD4:MLS_BS46_05","pairB","BRD4","MLS_BS46_05","MO-LSO","46","Cc1cccc(-n2cnnc2CC(=O)c2[nH]c(C)cc2Cl)c1","202610389","0","-7.7","ok"
"pairB:PARP1:MLS_BS46_06","pairB","PARP1","MLS_BS46_06","MO-LSO","46","Cc1cccc(-n2cnnc2CC(=O)c2[nH]c(Cl)cc2C)c1","202610390","0","-8.7","ok"
"pairB:BRD4:MLS_BS46_06","pairB","BRD4","MLS_BS46_06","MO-LSO","46","Cc1cccc(-n2cnnc2CC(=O)c2[nH]c(Cl)cc2C)c1","202610391","0","-7.8","ok"
"pairB:PARP1:MLS_BS46_07","pairB","PARP1","MLS_BS46_07","MO-LSO","46","Cc1ncc(CCC(N)c2cnc(-n3cnnc3C)nc2N)cn1","202610392","0","-8.8","ok"
"pairB:BRD4:MLS_BS46_07","pairB","BRD4","MLS_BS46_07","MO-LSO","46","Cc1ncc(CCC(N)c2cnc(-n3cnnc3C)nc2N)cn1","202610393","0","-7.1","ok"
"pairB:PARP1:MLS_BS46_08","pairB","PARP1","MLS_BS46_08","MO-LSO","46","CCn1cnnc1-c1ccc(C(=O)COc2ccc(F)cc2)cc1","202608934","0","-8.4","ok"
"pairB:BRD4:MLS_BS46_08","pairB","BRD4","MLS_BS46_08","MO-LSO","46","CCn1cnnc1-c1ccc(C(=O)COc2ccc(F)cc2)cc1","202608935","0","-8.4","ok"
"pairB:PARP1:MLS_BS46_09","pairB","PARP1","MLS_BS46_09","MO-LSO","46","CCNC(=O)COc1cc(Cn2nnc(-c3ccoc3)n2)cc(OCC)c1","202610396","0","-8.6","ok"
"pairB:BRD4:MLS_BS46_09","pairB","BRD4","MLS_BS46_09","MO-LSO","46","CCNC(=O)COc1cc(Cn2nnc(-c3ccoc3)n2)cc(OCC)c1","202610397","0","-7.7","ok"
"pairB:PARP1:MLS_BS46_10","pairB","PARP1","MLS_BS46_10","MO-LSO","46","Cc1nnc(NC(=O)c2ccnc(CNc3nnnn3C(C)C)c2)s1","202610398","0","-9.6","ok"
"pairB:BRD4:MLS_BS46_10","pairB","BRD4","MLS_BS46_10","MO-LSO","46","Cc1nnc(NC(=O)c2ccnc(CNc3nnnn3C(C)C)c2)s1","202610399","0","-8","ok"
"pairB:PARP1:MLS_BS47_01","pairB","PARP1","MLS_BS47_01","MO-LSO","47","CCN1C(=O)COc2ccc(-n3cnnc3C(N)=O)cc21","202608930","0","-8.5","ok"
"pairB:BRD4:MLS_BS47_01","pairB","BRD4","MLS_BS47_01","MO-LSO","47","CCN1C(=O)COc2ccc(-n3cnnc3C(N)=O)cc21","202608931","0","-6.9","ok"
"pairB:PARP1:MLS_BS47_02","pairB","PARP1","MLS_BS47_02","MO-LSO","47","CC(c1ccccc1F)N1CCN(C(=O)Cc2ccc(O)cc2)CC1","202608904","0","-9.9","ok"
"pairB:BRD4:MLS_BS47_02","pairB","BRD4","MLS_BS47_02","MO-LSO","47","CC(c1ccccc1F)N1CCN(C(=O)Cc2ccc(O)cc2)CC1","202608905","0","-8.6","ok"
"pairB:PARP1:MLS_BS47_03","pairB","PARP1","MLS_BS47_03","MO-LSO","47","Cc1ccccc1NC(=O)c1cccc(Cn2cnnc2C)c1","202608932","0","-9.4","ok"
"pairB:BRD4:MLS_BS47_03","pairB","BRD4","MLS_BS47_03","MO-LSO","47","Cc1ccccc1NC(=O)c1cccc(Cn2cnnc2C)c1","202608933","0","-8.1","ok"
"pairB:PARP1:MLS_BS47_04","pairB","PARP1","MLS_BS47_04","MO-LSO","47","CCn1cnnc1-c1ccc(C(=O)COc2ccc(F)cc2)cc1","202608934","0","-8.4","ok"
"pairB:BRD4:MLS_BS47_04","pairB","BRD4","MLS_BS47_04","MO-LSO","47","CCn1cnnc1-c1ccc(C(=O)COc2ccc(F)cc2)cc1","202608935","0","-8.4","ok"
"pairB:PARP1:MLS_BS47_05","pairB","PARP1","MLS_BS47_05","MO-LSO","47","Cc1nc(-c2ccccc2-n2nnnc2C(=O)NC2CC2)c(C)s1","202610336","0","-8.8","ok"
"pairB:BRD4:MLS_BS47_05","pairB","BRD4","MLS_BS47_05","MO-LSO","47","Cc1nc(-c2ccccc2-n2nnnc2C(=O)NC2CC2)c(C)s1","202610337","0","-7.9","ok"
"pairB:PARP1:MLS_BS47_06","pairB","PARP1","MLS_BS47_06","MO-LSO","47","Cc1csc(Oc2ccc(C(=O)NCc3nncn3C)cc2C)n1","202610410","0","-9.1","ok"
"pairB:BRD4:MLS_BS47_06","pairB","BRD4","MLS_BS47_06","MO-LSO","47","Cc1csc(Oc2ccc(C(=O)NCc3nncn3C)cc2C)n1","202610411","0","-7.8","ok"
"pairB:PARP1:MLS_BS47_07","pairB","PARP1","MLS_BS47_07","MO-LSO","47","Cc1nnnn1-c1ccccc1NC(Cc1ccoc1)C1CC1","202610412","0","-8.5","ok"
"pairB:BRD4:MLS_BS47_07","pairB","BRD4","MLS_BS47_07","MO-LSO","47","Cc1nnnn1-c1ccccc1NC(Cc1ccoc1)C1CC1","202610413","0","-7.9","ok"
"pairB:PARP1:MLS_BS47_08","pairB","PARP1","MLS_BS47_08","MO-LSO","47","Cc1ccc(OCC2(CNC(=O)c3cn(C)nn3)CC2)cc1","202610414","0","-8.4","ok"
"pairB:BRD4:MLS_BS47_08","pairB","BRD4","MLS_BS47_08","MO-LSO","47","Cc1ccc(OCC2(CNC(=O)c3cn(C)nn3)CC2)cc1","202610415","0","-7.8","ok"
"pairB:PARP1:MLS_BS47_09","pairB","PARP1","MLS_BS47_09","MO-LSO","47","Cc1nnn(C)c1C1CCN(C(=O)NCc2ccsc2)CC1","202610416","0","-8.4","ok"
"pairB:BRD4:MLS_BS47_09","pairB","BRD4","MLS_BS47_09","MO-LSO","47","Cc1nnn(C)c1C1CCN(C(=O)NCc2ccsc2)CC1","202610417","0","-7.5","ok"
"pairB:PARP1:MLS_BS47_10","pairB","PARP1","MLS_BS47_10","MO-LSO","47","CCNC(=O)c1nc2ccoc2c2cccc(-n3cnnc3C)c12","202610418","0","-9","ok"
"pairB:BRD4:MLS_BS47_10","pairB","BRD4","MLS_BS47_10","MO-LSO","47","CCNC(=O)c1nc2ccoc2c2cccc(-n3cnnc3C)c12","202610419","0","-7.4","ok"
"pairB:PARP1:MLS_BS48_01","pairB","PARP1","MLS_BS48_01","MO-LSO","48","CCc1cc(OC)cc(Oc2n[nH]c(=O)cc2-c2c(C)nnn2CC)c1","202608936","0","-9.1","ok"
"pairB:BRD4:MLS_BS48_01","pairB","BRD4","MLS_BS48_01","MO-LSO","48","CCc1cc(OC)cc(Oc2n[nH]c(=O)cc2-c2c(C)nnn2CC)c1","202608937","0","-6.7","ok"
"pairB:PARP1:MLS_BS48_02","pairB","PARP1","MLS_BS48_02","MO-LSO","48","CC1NCCCC1C(Cc1ccccc1)NC(=O)Cn1cc(Cl)nn1","202608938","0","-9.2","ok"
"pairB:BRD4:MLS_BS48_02","pairB","BRD4","MLS_BS48_02","MO-LSO","48","CC1NCCCC1C(Cc1ccccc1)NC(=O)Cn1cc(Cl)nn1","202608939","0","-8.8","ok"
"pairB:PARP1:MLS_BS48_03","pairB","PARP1","MLS_BS48_03","MO-LSO","48","CCc1nncn1CC(=O)NCc1cc(OC)[nH]c(=O)c1","202608940","0","-7.6","ok"
"pairB:BRD4:MLS_BS48_03","pairB","BRD4","MLS_BS48_03","MO-LSO","48","CCc1nncn1CC(=O)NCc1cc(OC)[nH]c(=O)c1","202608941","0","-7.1","ok"
"pairB:PARP1:MLS_BS48_04","pairB","PARP1","MLS_BS48_04","MO-LSO","48","CCC(c1ccc(F)cc1)n1cnnc1NS(=O)(=O)c1cc(=O)[nH]cn1","202610426","0","-9.6","ok"
"pairB:BRD4:MLS_BS48_04","pairB","BRD4","MLS_BS48_04","MO-LSO","48","CCC(c1ccc(F)cc1)n1cnnc1NS(=O)(=O)c1cc(=O)[nH]cn1","202610427","0","-8.3","ok"
"pairB:PARP1:MLS_BS48_05","pairB","PARP1","MLS_BS48_05","MO-LSO","48","CCn1cnnc1-c1ccc(C(=O)COc2ccc(F)cc2)cc1","202608934","0","-8.4","ok"
"pairB:BRD4:MLS_BS48_05","pairB","BRD4","MLS_BS48_05","MO-LSO","48","CCn1cnnc1-c1ccc(C(=O)COc2ccc(F)cc2)cc1","202608935","0","-8.4","ok"
"pairB:PARP1:MLS_BS48_06","pairB","PARP1","MLS_BS48_06","MO-LSO","48","Cc1nnc(NC(=O)c2ccnc(CNc3nnnn3C(C)C)c2)s1","202610398","0","-9.6","ok"
"pairB:BRD4:MLS_BS48_06","pairB","BRD4","MLS_BS48_06","MO-LSO","48","Cc1nnc(NC(=O)c2ccnc(CNc3nnnn3C(C)C)c2)s1","202610399","0","-8","ok"
"pairB:PARP1:MLS_BS48_07","pairB","PARP1","MLS_BS48_07","MO-LSO","48","Cc1nnn(-c2ccccc2NC(=O)CN2CCCCC2)c1F","202610432","0","-8.8","ok"
"pairB:BRD4:MLS_BS48_07","pairB","BRD4","MLS_BS48_07","MO-LSO","48","Cc1nnn(-c2ccccc2NC(=O)CN2CCCCC2)c1F","202610433","0","-7.5","ok"
"pairB:PARP1:MLS_BS48_08","pairB","PARP1","MLS_BS48_08","MO-LSO","48","Cc1nnc(NC(C)c2ccnc(-n3ccnc3)c2)s1","202610434","0","-8.4","ok"
"pairB:BRD4:MLS_BS48_08","pairB","BRD4","MLS_BS48_08","MO-LSO","48","Cc1nnc(NC(C)c2ccnc(-n3ccnc3)c2)s1","202610435","0","-7.6","ok"
"pairB:PARP1:MLS_BS48_09","pairB","PARP1","MLS_BS48_09","MO-LSO","48","Cc1ccc(OCC2(CNC(=O)c3cn(C)nn3)CC2)cc1","202610414","0","-8.4","ok"
"pairB:BRD4:MLS_BS48_09","pairB","BRD4","MLS_BS48_09","MO-LSO","48","Cc1ccc(OCC2(CNC(=O)c3cn(C)nn3)CC2)cc1","202610415","0","-7.8","ok"
"pairB:PARP1:MLS_BS48_10","pairB","PARP1","MLS_BS48_10","MO-LSO","48","CCn1cc(CNC(=O)c2cc(COC)cs2)nn1","202610374","0","-6.9","ok"
"pairB:BRD4:MLS_BS48_10","pairB","BRD4","MLS_BS48_10","MO-LSO","48","CCn1cc(CNC(=O)c2cc(COC)cs2)nn1","202610375","0","-6.8","ok"
"pairB:PARP1:MLS_BS49_01","pairB","PARP1","MLS_BS49_01","MO-LSO","49","Cc1ccc(CNC(=O)C(c2ccccc2)N2CCOCC2)cn1","202608900","0","-9.1","ok"
"pairB:BRD4:MLS_BS49_01","pairB","BRD4","MLS_BS49_01","MO-LSO","49","Cc1ccc(CNC(=O)C(c2ccccc2)N2CCOCC2)cn1","202608901","0","-7.9","ok"
"pairB:PARP1:MLS_BS49_02","pairB","PARP1","MLS_BS49_02","MO-LSO","49","Cc1ccccc1NC(=O)c1cccc(Cn2cnnc2C)c1","202608932","0","-9.4","ok"
"pairB:BRD4:MLS_BS49_02","pairB","BRD4","MLS_BS49_02","MO-LSO","49","Cc1ccccc1NC(=O)c1cccc(Cn2cnnc2C)c1","202608933","0","-8.1","ok"
"pairB:PARP1:MLS_BS49_03","pairB","PARP1","MLS_BS49_03","MO-LSO","49","CCn1cc(COC(=O)Nc2csc(-c3ccccn3)n2)cn1","202608942","0","-8.1","ok"
"pairB:BRD4:MLS_BS49_03","pairB","BRD4","MLS_BS49_03","MO-LSO","49","CCn1cc(COC(=O)Nc2csc(-c3ccccn3)n2)cn1","202608943","0","-7.1","ok"
"pairB:PARP1:MLS_BS49_04","pairB","PARP1","MLS_BS49_04","MO-LSO","49","CCn1cnnc1-c1ccc(C(=O)COc2ccc(F)cc2)cc1","202608934","0","-8.4","ok"
"pairB:BRD4:MLS_BS49_04","pairB","BRD4","MLS_BS49_04","MO-LSO","49","CCn1cnnc1-c1ccc(C(=O)COc2ccc(F)cc2)cc1","202608935","0","-8.4","ok"
"pairB:PARP1:MLS_BS49_05","pairB","PARP1","MLS_BS49_05","MO-LSO","49","Cc1nc(C(=O)Cn2cnnc2C)c(C)s1","202608944","0","-7","ok"
"pairB:BRD4:MLS_BS49_05","pairB","BRD4","MLS_BS49_05","MO-LSO","49","Cc1nc(C(=O)Cn2cnnc2C)c(C)s1","202608945","0","-6.2","ok"
"pairB:PARP1:MLS_BS49_06","pairB","PARP1","MLS_BS49_06","MO-LSO","49","COCc1nnc(NC(C)c2ccc(N3CCCC3=O)cc2)s1","202608946","0","-8.4","ok"
"pairB:BRD4:MLS_BS49_06","pairB","BRD4","MLS_BS49_06","MO-LSO","49","COCc1nnc(NC(C)c2ccc(N3CCCC3=O)cc2)s1","202608947","0","-7.2","ok"
"pairB:PARP1:MLS_BS49_07","pairB","PARP1","MLS_BS49_07","MO-LSO","49","CCC(=O)c1cnc(NC(C)Cn2cnnc2C)s1","202610452","0","-7.7","ok"
"pairB:BRD4:MLS_BS49_07","pairB","BRD4","MLS_BS49_07","MO-LSO","49","CCC(=O)c1cnc(NC(C)Cn2cnnc2C)s1","202610453","0","-6.1","ok"
"pairB:PARP1:MLS_BS49_08","pairB","PARP1","MLS_BS49_08","MO-LSO","49","Fc1ccc(-c2cn(Cc3cccs3)cn2)nn1","202610454","0","-7.4","ok"
"pairB:BRD4:MLS_BS49_08","pairB","BRD4","MLS_BS49_08","MO-LSO","49","Fc1ccc(-c2cn(Cc3cccs3)cn2)nn1","202610455","0","-7.4","ok"
"pairB:PARP1:MLS_BS49_09","pairB","PARP1","MLS_BS49_09","MO-LSO","49","CC(N)c1cc(=O)[nH]n1C(=O)Nc1nnc(C2CC2)s1","202610456","0","-8.4","ok"
"pairB:BRD4:MLS_BS49_09","pairB","BRD4","MLS_BS49_09","MO-LSO","49","CC(N)c1cc(=O)[nH]n1C(=O)Nc1nnc(C2CC2)s1","202610457","0","-6.6","ok"
"pairB:PARP1:MLS_BS49_10","pairB","PARP1","MLS_BS49_10","MO-LSO","49","CCC(CC(=O)Nc1nc2c(nnn2C)s1)C1CCOC1=O","202610458","0","-8.7","ok"
"pairB:BRD4:MLS_BS49_10","pairB","BRD4","MLS_BS49_10","MO-LSO","49","CCC(CC(=O)Nc1nc2c(nnn2C)s1)C1CCOC1=O","202610459","0","-7.5","ok"
"pairB:PARP1:MLS_BS50_01","pairB","PARP1","MLS_BS50_01","MO-LSO","50","CCC(=O)N1CCC(Cc2cccc(-n3cnnc3C)c2)CC1","202608948","0","-9.4","ok"
"pairB:BRD4:MLS_BS50_01","pairB","BRD4","MLS_BS50_01","MO-LSO","50","CCC(=O)N1CCC(Cc2cccc(-n3cnnc3C)c2)CC1","202608949","0","-8.3","ok"
"pairB:PARP1:MLS_BS50_02","pairB","PARP1","MLS_BS50_02","MO-LSO","50","Cc1ccc(-n2cnnc2C)cc1C","202608950","0","-7.8","ok"
"pairB:BRD4:MLS_BS50_02","pairB","BRD4","MLS_BS50_02","MO-LSO","50","Cc1ccc(-n2cnnc2C)cc1C","202608951","0","-6.9","ok"
"pairB:PARP1:MLS_BS50_03","pairB","PARP1","MLS_BS50_03","MO-LSO","50","CCN1C(=O)COc2ccc(-n3cnnc3C(N)=O)cc21","202608930","0","-8.5","ok"
"pairB:BRD4:MLS_BS50_03","pairB","BRD4","MLS_BS50_03","MO-LSO","50","CCN1C(=O)COc2ccc(-n3cnnc3C(N)=O)cc21","202608931","0","-6.9","ok"
"pairB:PARP1:MLS_BS50_04","pairB","PARP1","MLS_BS50_04","MO-LSO","50","CCc1nncn1CC(=O)NCc1cc(OC)[nH]c(=O)c1","202608940","0","-7.6","ok"
"pairB:BRD4:MLS_BS50_04","pairB","BRD4","MLS_BS50_04","MO-LSO","50","CCc1nncn1CC(=O)NCc1cc(OC)[nH]c(=O)c1","202608941","0","-7.1","ok"
"pairB:PARP1:MLS_BS50_05","pairB","PARP1","MLS_BS50_05","MO-LSO","50","CCn1cnc(Cn2cnnc2-c2ccc(COC)cc2)cc1=O","202608952","0","-8.4","ok"
"pairB:BRD4:MLS_BS50_05","pairB","BRD4","MLS_BS50_05","MO-LSO","50","CCn1cnc(Cn2cnnc2-c2ccc(COC)cc2)cc1=O","202608953","0","-7.7","ok"
"pairB:PARP1:MLS_BS50_06","pairB","PARP1","MLS_BS50_06","MO-LSO","50","Cc1cnoc1C1C(=O)CCN1c1ccc(Cl)cc1","202610470","0","-8.5","ok"
"pairB:BRD4:MLS_BS50_06","pairB","BRD4","MLS_BS50_06","MO-LSO","50","Cc1cnoc1C1C(=O)CCN1c1ccc(Cl)cc1","202610471","0","-6.8","ok"
"pairB:PARP1:MLS_BS50_07","pairB","PARP1","MLS_BS50_07","MO-LSO","50","Cc1ncsc1CNC(=O)C(Cc1ccsc1)n1nnnc1C","202610472","0","-7.9","ok"
"pairB:BRD4:MLS_BS50_07","pairB","BRD4","MLS_BS50_07","MO-LSO","50","Cc1ncsc1CNC(=O)C(Cc1ccsc1)n1nnnc1C","202610473","0","-6.8","ok"
"pairB:PARP1:MLS_BS50_08","pairB","PARP1","MLS_BS50_08","MO-LSO","50","CCn1c(C)nnc1C(C)c1nnc(C)n1C(C)c1cccs1","202610474","0","-7.8","ok"
"pairB:BRD4:MLS_BS50_08","pairB","BRD4","MLS_BS50_08","MO-LSO","50","CCn1c(C)nnc1C(C)c1nnc(C)n1C(C)c1cccs1","202610475","0","-6.4","ok"
"pairB:PARP1:MLS_BS50_09","pairB","PARP1","MLS_BS50_09","MO-LSO","50","COC(=O)c1nnn(-c2nc(C)n[nH]2)c1OCc1cccs1","202610476","0","-8","ok"
"pairB:BRD4:MLS_BS50_09","pairB","BRD4","MLS_BS50_09","MO-LSO","50","COC(=O)c1nnn(-c2nc(C)n[nH]2)c1OCc1cccs1","202610477","0","-7.2","ok"
"pairB:PARP1:MLS_BS50_10","pairB","PARP1","MLS_BS50_10","MO-LSO","50","Cc1nnnn1-c1ccc(C(=O)CNC(=O)CCN)cc1","202610478","0","-8.2","ok"
"pairB:BRD4:MLS_BS50_10","pairB","BRD4","MLS_BS50_10","MO-LSO","50","Cc1nnnn1-c1ccc(C(=O)CNC(=O)CCN)cc1","202610479","0","-8","ok"
"pairB:PARP1:MLS_BS51_01","pairB","PARP1","MLS_BS51_01","MO-LSO","51","Cc1ccc(-n2cnnc2CNC(=O)C(CN)c2ccoc2C)cc1C","202608954","0","-9.4","ok"
"pairB:BRD4:MLS_BS51_01","pairB","BRD4","MLS_BS51_01","MO-LSO","51","Cc1ccc(-n2cnnc2CNC(=O)C(CN)c2ccoc2C)cc1C","202608955","0","-7.4","ok"
"pairB:PARP1:MLS_BS51_02","pairB","PARP1","MLS_BS51_02","MO-LSO","51","Cc1ccc(-n2cnnc2CNC(=O)c2cocc2C(N)=O)cc1C","202608956","0","-9.6","ok"
"pairB:BRD4:MLS_BS51_02","pairB","BRD4","MLS_BS51_02","MO-LSO","51","Cc1ccc(-n2cnnc2CNC(=O)c2cocc2C(N)=O)cc1C","202608957","0","-8.4","ok"
"pairB:PARP1:MLS_BS51_03","pairB","PARP1","MLS_BS51_03","MO-LSO","51","Cc1ccc(-n2cnnc2CNC(=O)c2ccoc2C(C)N)cc1C","202608958","0","-9.3","ok"
"pairB:BRD4:MLS_BS51_03","pairB","BRD4","MLS_BS51_03","MO-LSO","51","Cc1ccc(-n2cnnc2CNC(=O)c2ccoc2C(C)N)cc1C","202608959","0","-7.7","ok"
"pairB:PARP1:MLS_BS51_04","pairB","PARP1","MLS_BS51_04","MO-LSO","51","CCc1nncn1CC(=O)NCc1cc[nH]c(=O)c1","202608910","0","-7.7","ok"
"pairB:BRD4:MLS_BS51_04","pairB","BRD4","MLS_BS51_04","MO-LSO","51","CCc1nncn1CC(=O)NCc1cc[nH]c(=O)c1","202608911","0","-7.1","ok"
"pairB:PARP1:MLS_BS51_05","pairB","PARP1","MLS_BS51_05","MO-LSO","51","Cc1cc(-n2cnnc2CNC(=O)C2=CNCN=C2C(C)N)ccc1Br","202610488","0","-9.3","ok"
"pairB:BRD4:MLS_BS51_05","pairB","BRD4","MLS_BS51_05","MO-LSO","51","Cc1cc(-n2cnnc2CNC(=O)C2=CNCN=C2C(C)N)ccc1Br","202610489","0","-7.5","ok"
"pairB:PARP1:MLS_BS51_06","pairB","PARP1","MLS_BS51_06","MO-LSO","51","O=C(NCCN1C=CSCC1=O)Nc1nnc(C(F)F)s1","202610490","0","-7.6","ok"
"pairB:BRD4:MLS_BS51_06","pairB","BRD4","MLS_BS51_06","MO-LSO","51","O=C(NCCN1C=CSCC1=O)Nc1nnc(C(F)F)s1","202610491","0","-6.5","ok"
"pairB:PARP1:MLS_BS51_07","pairB","PARP1","MLS_BS51_07","MO-LSO","51","CCc1cccc(NC(=O)Oc2ccccc2C(O)(F)F)c1","202610492","0","-9","ok"
"pairB:BRD4:MLS_BS51_07","pairB","BRD4","MLS_BS51_07","MO-LSO","51","CCc1cccc(NC(=O)Oc2ccccc2C(O)(F)F)c1","202610493","0","-7.8","ok"
"pairB:PARP1:MLS_BS51_08","pairB","PARP1","MLS_BS51_08","MO-LSO","51","CCn1cnnc1-c1ccc(C(=O)COc2ccc(F)cc2)cc1","202608934","0","-8.4","ok"
"pairB:BRD4:MLS_BS51_08","pairB","BRD4","MLS_BS51_08","MO-LSO","51","CCn1cnnc1-c1ccc(C(=O)COc2ccc(F)cc2)cc1","202608935","0","-8.4","ok"
"pairB:PARP1:MLS_BS51_09","pairB","PARP1","MLS_BS51_09","MO-LSO","51","Cc1scnc1NC(=O)C(C)n1cnnc1N","202610496","0","-7.8","ok"
"pairB:BRD4:MLS_BS51_09","pairB","BRD4","MLS_BS51_09","MO-LSO","51","Cc1scnc1NC(=O)C(C)n1cnnc1N","202610497","0","-6.1","ok"
"pairB:PARP1:MLS_BS51_10","pairB","PARP1","MLS_BS51_10","MO-LSO","51","CCC(=O)c1cnc(NC(C)Cn2cnnc2C)s1","202610452","0","-7.7","ok"
"pairB:BRD4:MLS_BS51_10","pairB","BRD4","MLS_BS51_10","MO-LSO","51","CCC(=O)c1cnc(NC(C)Cn2cnnc2C)s1","202610453","0","-6.1","ok"
"pairB:PARP1:GPN_BS42_01","pairB","PARP1","GPN_BS42_01","GraphPareto-NSGA-II","42","Cc1cc(F)cc2[nH]c(=O)cc(-c3nnnn3C)c12","202608960","0","-8.7","ok"
"pairB:BRD4:GPN_BS42_01","pairB","BRD4","GPN_BS42_01","GraphPareto-NSGA-II","42","Cc1cc(F)cc2[nH]c(=O)cc(-c3nnnn3C)c12","202608961","0","-7.2","ok"
"pairB:PARP1:GPN_BS42_02","pairB","PARP1","GPN_BS42_02","GraphPareto-NSGA-II","42","COc1ccc(-n2nnnc2-c2cc(=O)[nH]c3cc(F)ccc23)cc1","202608962","0","-9.8","ok"
"pairB:BRD4:GPN_BS42_02","pairB","BRD4","GPN_BS42_02","GraphPareto-NSGA-II","42","COc1ccc(-n2nnnc2-c2cc(=O)[nH]c3cc(F)ccc23)cc1","202608963","0","-8.2","ok"
"pairB:PARP1:GPN_BS42_03","pairB","PARP1","GPN_BS42_03","GraphPareto-NSGA-II","42","Cn1nnnc1-c1cc(=O)[nH]c2c(CCc3cccc(F)c3)cccc12","202608964","0","-10.7","ok"
"pairB:BRD4:GPN_BS42_03","pairB","BRD4","GPN_BS42_03","GraphPareto-NSGA-II","42","Cn1nnnc1-c1cc(=O)[nH]c2c(CCc3cccc(F)c3)cccc12","202608965","0","-9.3","ok"
"pairB:PARP1:GPN_BS42_04","pairB","PARP1","GPN_BS42_04","GraphPareto-NSGA-II","42","Cn1nnnc1-c1cc(=O)[nH]c2c(Cc3ccc(CF)cc3)cccc12","202610506","0","-10.3","ok"
"pairB:BRD4:GPN_BS42_04","pairB","BRD4","GPN_BS42_04","GraphPareto-NSGA-II","42","Cn1nnnc1-c1cc(=O)[nH]c2c(Cc3ccc(CF)cc3)cccc12","202610507","0","-8.7","ok"
"pairB:PARP1:GPN_BS42_05","pairB","PARP1","GPN_BS42_05","GraphPareto-NSGA-II","42","COc1ccc(-n2nnnc2-c2cc(=O)[nH]c3ccccc23)cc1","202610508","0","-9.6","ok"
"pairB:BRD4:GPN_BS42_05","pairB","BRD4","GPN_BS42_05","GraphPareto-NSGA-II","42","COc1ccc(-n2nnnc2-c2cc(=O)[nH]c3ccccc23)cc1","202610509","0","-8.5","ok"
"pairB:PARP1:GPN_BS42_06","pairB","PARP1","GPN_BS42_06","GraphPareto-NSGA-II","42","CNC(=O)c1cn(C(O)c2cc(=O)[nH]c3c(F)cccc23)nn1","202610510","0","-9.4","ok"
"pairB:BRD4:GPN_BS42_06","pairB","BRD4","GPN_BS42_06","GraphPareto-NSGA-II","42","CNC(=O)c1cn(C(O)c2cc(=O)[nH]c3c(F)cccc23)nn1","202610511","0","-7.9","ok"
"pairB:PARP1:GPN_BS42_07","pairB","PARP1","GPN_BS42_07","GraphPareto-NSGA-II","42","COc1ccc(CC2CCN(C(=O)COc3nnc4n3CCN4C3=CC(C)=CC=CO3)CC2)cc1","202610512","0","-11.1","ok"
"pairB:BRD4:GPN_BS42_07","pairB","BRD4","GPN_BS42_07","GraphPareto-NSGA-II","42","COc1ccc(CC2CCN(C(=O)COc3nnc4n3CCN4C3=CC(C)=CC=CO3)CC2)cc1","202610513","0","-8.3","ok"
"pairB:PARP1:GPN_BS42_08","pairB","PARP1","GPN_BS42_08","GraphPareto-NSGA-II","42","CCCNC(=O)c1cn(C(O)c2cc(=O)[nH]c3c(F)cccc23)nn1","202610514","0","-9.5","ok"
"pairB:BRD4:GPN_BS42_08","pairB","BRD4","GPN_BS42_08","GraphPareto-NSGA-II","42","CCCNC(=O)c1cn(C(O)c2cc(=O)[nH]c3c(F)cccc23)nn1","202610515","0","-8.1","ok"
"pairB:PARP1:GPN_BS42_09","pairB","PARP1","GPN_BS42_09","GraphPareto-NSGA-II","42","COCC(=O)N1C=CC(C2CCN(C(=O)CC(Cc3cccc(F)c3)C(O)(F)F)CC2)CC1","202610516","0","-9.5","ok"
"pairB:BRD4:GPN_BS42_09","pairB","BRD4","GPN_BS42_09","GraphPareto-NSGA-II","42","COCC(=O)N1C=CC(C2CCN(C(=O)CC(Cc3cccc(F)c3)C(O)(F)F)CC2)CC1","202610517","0","-7.8","ok"
"pairB:PARP1:GPN_BS42_10","pairB","PARP1","GPN_BS42_10","GraphPareto-NSGA-II","42","COc1ccc(CC2CCN(C(=O)COc3nnc4n3CCN4C3=CC=COC(C)=C3)CC2)cc1","202610518","0","-11","ok"
"pairB:BRD4:GPN_BS42_10","pairB","BRD4","GPN_BS42_10","GraphPareto-NSGA-II","42","COc1ccc(CC2CCN(C(=O)COc3nnc4n3CCN4C3=CC=COC(C)=C3)CC2)cc1","202610519","0","-8.4","ok"
"pairB:PARP1:GPN_BS43_01","pairB","PARP1","GPN_BS43_01","GraphPareto-NSGA-II","43","CCOC(=O)Cc1ccc(-c2nncn2-c2cccc(F)c2)cc1","202608966","0","-8.7","ok"
"pairB:BRD4:GPN_BS43_01","pairB","BRD4","GPN_BS43_01","GraphPareto-NSGA-II","43","CCOC(=O)Cc1ccc(-c2nncn2-c2cccc(F)c2)cc1","202608967","0","-8.1","ok"
"pairB:PARP1:GPN_BS43_02","pairB","PARP1","GPN_BS43_02","GraphPareto-NSGA-II","43","Cc1nncn1-c1cccc(Cc2ccc(F)c(F)c2)c1","202608968","0","-9.6","ok"
"pairB:BRD4:GPN_BS43_02","pairB","BRD4","GPN_BS43_02","GraphPareto-NSGA-II","43","Cc1nncn1-c1cccc(Cc2ccc(F)c(F)c2)c1","202608969","0","-8.9","ok"
"pairB:PARP1:GPN_BS43_03","pairB","PARP1","GPN_BS43_03","GraphPareto-NSGA-II","43","CCOC(=O)CN(C(=O)NCCO)c1nncn1-c1cccc(F)c1","202608970","0","-8.3","ok"
"pairB:BRD4:GPN_BS43_03","pairB","BRD4","GPN_BS43_03","GraphPareto-NSGA-II","43","CCOC(=O)CN(C(=O)NCCO)c1nncn1-c1cccc(F)c1","202608971","0","-6.2","ok"
"pairB:PARP1:GPN_BS43_04","pairB","PARP1","GPN_BS43_04","GraphPareto-NSGA-II","43","CCc1cc(Cc2nncn2-c2cccc(Cl)c2)ccc1C","202610526","0","-9.4","ok"
"pairB:BRD4:GPN_BS43_04","pairB","BRD4","GPN_BS43_04","GraphPareto-NSGA-II","43","CCc1cc(Cc2nncn2-c2cccc(Cl)c2)ccc1C","202610527","0","-7.9","ok"
"pairB:PARP1:GPN_BS43_05","pairB","PARP1","GPN_BS43_05","GraphPareto-NSGA-II","43","CCc1ccc(-c2nncn2-c2cccc(F)c2)cc1","202610528","0","-8.6","ok"
"pairB:BRD4:GPN_BS43_05","pairB","BRD4","GPN_BS43_05","GraphPareto-NSGA-II","43","CCc1ccc(-c2nncn2-c2cccc(F)c2)cc1","202610529","0","-7.9","ok"
"pairB:PARP1:GPN_BS43_06","pairB","PARP1","GPN_BS43_06","GraphPareto-NSGA-II","43","CCCOc1nncn1-c1ccc(Br)c(F)c1","202610530","0","-6.8","ok"
"pairB:BRD4:GPN_BS43_06","pairB","BRD4","GPN_BS43_06","GraphPareto-NSGA-II","43","CCCOc1nncn1-c1ccc(Br)c(F)c1","202610531","0","-6.8","ok"
"pairB:PARP1:GPN_BS43_07","pairB","PARP1","GPN_BS43_07","GraphPareto-NSGA-II","43","CC=CNc1cc(C)ccc1NC(=O)NCc1nncn1-c1cccc(F)c1","202610532","0","-10.3","ok"
"pairB:BRD4:GPN_BS43_07","pairB","BRD4","GPN_BS43_07","GraphPareto-NSGA-II","43","CC=CNc1cc(C)ccc1NC(=O)NCc1nncn1-c1cccc(F)c1","202610533","0","-8.2","ok"
"pairB:PARP1:GPN_BS43_08","pairB","PARP1","GPN_BS43_08","GraphPareto-NSGA-II","43","Cc1nncn1-c1ccc(Br)c(F)c1","202610534","0","-7.4","ok"
"pairB:BRD4:GPN_BS43_08","pairB","BRD4","GPN_BS43_08","GraphPareto-NSGA-II","43","Cc1nncn1-c1ccc(Br)c(F)c1","202610535","0","-6.6","ok"
"pairB:PARP1:GPN_BS43_09","pairB","PARP1","GPN_BS43_09","GraphPareto-NSGA-II","43","Cc1ccc(Cc2nncn2-c2cccc(Cl)c2)cc1C","202610536","0","-9.5","ok"
"pairB:BRD4:GPN_BS43_09","pairB","BRD4","GPN_BS43_09","GraphPareto-NSGA-II","43","Cc1ccc(Cc2nncn2-c2cccc(Cl)c2)cc1C","202610537","0","-8","ok"
"pairB:PARP1:GPN_BS43_10","pairB","PARP1","GPN_BS43_10","GraphPareto-NSGA-II","43","C=C(Cc1cccc(F)c1)c1nncn1-c1cccc(F)c1","202610538","0","-8.9","ok"
"pairB:BRD4:GPN_BS43_10","pairB","BRD4","GPN_BS43_10","GraphPareto-NSGA-II","43","C=C(Cc1cccc(F)c1)c1nncn1-c1cccc(F)c1","202610539","0","-8.3","ok"
"pairB:PARP1:GPN_BS44_01","pairB","PARP1","GPN_BS44_01","GraphPareto-NSGA-II","44","Cc1ccc(-c2cc(F)cc(C(C)(O)Cc3ccc(O)cc3)c2)cc1","202608972","0","-10.2","ok"
"pairB:BRD4:GPN_BS44_01","pairB","BRD4","GPN_BS44_01","GraphPareto-NSGA-II","44","Cc1ccc(-c2cc(F)cc(C(C)(O)Cc3ccc(O)cc3)c2)cc1","202608973","0","-9.2","ok"
"pairB:PARP1:GPN_BS44_02","pairB","PARP1","GPN_BS44_02","GraphPareto-NSGA-II","44","CC1=CC=C(c2cc(F)cc(C(C)(O)CCc3ccc(O)cc3)c2)C=C=N1","202608974","0","-10.2","ok"
"pairB:BRD4:GPN_BS44_02","pairB","BRD4","GPN_BS44_02","GraphPareto-NSGA-II","44","CC1=CC=C(c2cc(F)cc(C(C)(O)CCc3ccc(O)cc3)c2)C=C=N1","202608975","0","-9.7","ok"
"pairB:PARP1:GPN_BS44_03","pairB","PARP1","GPN_BS44_03","GraphPareto-NSGA-II","44","CC1=C=NC=C(c2cc(F)cc(C(C)(O)CCc3ccc(O)cc3)c2)C=C1","202608976","0","-10.1","ok"
"pairB:BRD4:GPN_BS44_03","pairB","BRD4","GPN_BS44_03","GraphPareto-NSGA-II","44","CC1=C=NC=C(c2cc(F)cc(C(C)(O)CCc3ccc(O)cc3)c2)C=C1","202608977","0","-9.8","ok"
"pairB:PARP1:GPN_BS44_04","pairB","PARP1","GPN_BS44_04","GraphPareto-NSGA-II","44","CC1=CN=C=C(c2cc(F)cc(C(C)(O)CCc3ccc(O)cc3)c2)C=C1","202610546","0","-10.1","ok"
"pairB:BRD4:GPN_BS44_04","pairB","BRD4","GPN_BS44_04","GraphPareto-NSGA-II","44","CC1=CN=C=C(c2cc(F)cc(C(C)(O)CCc3ccc(O)cc3)c2)C=C1","202610547","0","-9.7","ok"
"pairB:PARP1:GPN_BS44_05","pairB","PARP1","GPN_BS44_05","GraphPareto-NSGA-II","44","CC1=CC=C(c2cc(F)cc(C(C)(O)CCc3ccc(O)cc3)c2)N=C=C1","202610548","0","-10.1","ok"
"pairB:BRD4:GPN_BS44_05","pairB","BRD4","GPN_BS44_05","GraphPareto-NSGA-II","44","CC1=CC=C(c2cc(F)cc(C(C)(O)CCc3ccc(O)cc3)c2)N=C=C1","202610549","0","-9.5","ok"
"pairB:PARP1:GPN_BS44_06","pairB","PARP1","GPN_BS44_06","GraphPareto-NSGA-II","44","CC(O)(CCCc1nccn1C(=O)c1cccs1)Cc1cc(F)cc(Cl)c1","202610550","0","-8.8","ok"
"pairB:BRD4:GPN_BS44_06","pairB","BRD4","GPN_BS44_06","GraphPareto-NSGA-II","44","CC(O)(CCCc1nccn1C(=O)c1cccs1)Cc1cc(F)cc(Cl)c1","202610551","0","-7.3","ok"
"pairB:PARP1:GPN_BS44_07","pairB","PARP1","GPN_BS44_07","GraphPareto-NSGA-II","44","CC(O)(CCc1cc(F)cc(Cl)c1)CCc1nccn1C(=O)c1cccs1","202610552","0","-9.2","ok"
"pairB:BRD4:GPN_BS44_07","pairB","BRD4","GPN_BS44_07","GraphPareto-NSGA-II","44","CC(O)(CCc1cc(F)cc(Cl)c1)CCc1nccn1C(=O)c1cccs1","202610553","0","-7.7","ok"
"pairB:PARP1:GPN_BS44_08","pairB","PARP1","GPN_BS44_08","GraphPareto-NSGA-II","44","CC(O)(CCc1cc(F)cc(Cl)c1)c1nccs1","202610554","0","-7.9","ok"
"pairB:BRD4:GPN_BS44_08","pairB","BRD4","GPN_BS44_08","GraphPareto-NSGA-II","44","CC(O)(CCc1cc(F)cc(Cl)c1)c1nccs1","202610555","0","-6.8","ok"
"pairB:PARP1:GPN_BS44_09","pairB","PARP1","GPN_BS44_09","GraphPareto-NSGA-II","44","CCn1ccnc1Cc1c(C)nnn1-c1ccc(O)cc1","202610556","0","-7.9","ok"
"pairB:BRD4:GPN_BS44_09","pairB","BRD4","GPN_BS44_09","GraphPareto-NSGA-II","44","CCn1ccnc1Cc1c(C)nnn1-c1ccc(O)cc1","202610557","0","-7.1","ok"
"pairB:PARP1:GPN_BS44_10","pairB","PARP1","GPN_BS44_10","GraphPareto-NSGA-II","44","Cc1nnn(-c2ccc(O)cc2)c1Cc1nccn1CO","202610558","0","-8.3","ok"
"pairB:BRD4:GPN_BS44_10","pairB","BRD4","GPN_BS44_10","GraphPareto-NSGA-II","44","Cc1nnn(-c2ccc(O)cc2)c1Cc1nccn1CO","202610559","0","-7.3","ok"
"pairB:PARP1:GPN_BS45_01","pairB","PARP1","GPN_BS45_01","GraphPareto-NSGA-II","45","Cc1ccc(N(Cc2ncc(F)cc2F)C(=O)c2cc(CC(O)(F)F)c[nH]2)cc1","202608978","0","-10","ok"
"pairB:BRD4:GPN_BS45_01","pairB","BRD4","GPN_BS45_01","GraphPareto-NSGA-II","45","Cc1ccc(N(Cc2ncc(F)cc2F)C(=O)c2cc(CC(O)(F)F)c[nH]2)cc1","202608979","0","-8.5","ok"
"pairB:PARP1:GPN_BS45_02","pairB","PARP1","GPN_BS45_02","GraphPareto-NSGA-II","45","Cc1ccc(C(O)(F)CC(=O)Nc2ccc(CC(=O)N3CCC(C)CC3)cc2)cc1","202608980","0","-10.3","ok"
"pairB:BRD4:GPN_BS45_02","pairB","BRD4","GPN_BS45_02","GraphPareto-NSGA-II","45","Cc1ccc(C(O)(F)CC(=O)Nc2ccc(CC(=O)N3CCC(C)CC3)cc2)cc1","202608981","0","-8.7","ok"
"pairB:PARP1:GPN_BS45_03","pairB","PARP1","GPN_BS45_03","GraphPareto-NSGA-II","45","Cc1ccc(-c2cc(F)nn2CC(O)(F)c2ccccc2)cc1","202608982","0","-8.9","ok"
"pairB:BRD4:GPN_BS45_03","pairB","BRD4","GPN_BS45_03","GraphPareto-NSGA-II","45","Cc1ccc(-c2cc(F)nn2CC(O)(F)c2ccccc2)cc1","202608983","0","-8.5","ok"
"pairB:PARP1:GPN_BS45_04","pairB","PARP1","GPN_BS45_04","GraphPareto-NSGA-II","45","C=C1CC(C)=NCCN1C(=O)Cc1ccc(NC(=O)CC(O)(F)c2ccccc2)cc1","202610566","0","-9.4","ok"
"pairB:BRD4:GPN_BS45_04","pairB","BRD4","GPN_BS45_04","GraphPareto-NSGA-II","45","C=C1CC(C)=NCCN1C(=O)Cc1ccc(NC(=O)CC(O)(F)c2ccccc2)cc1","202610567","0","-7.8","ok"
"pairB:PARP1:GPN_BS45_05","pairB","PARP1","GPN_BS45_05","GraphPareto-NSGA-II","45","C=C1CC(C)CCN1C(=O)Cc1ccc(NC(=O)CCC(O)(F)C2=CC=CC=CC2)cc1","202610568","0","-10.5","ok"
"pairB:BRD4:GPN_BS45_05","pairB","BRD4","GPN_BS45_05","GraphPareto-NSGA-II","45","C=C1CC(C)CCN1C(=O)Cc1ccc(NC(=O)CCC(O)(F)C2=CC=CC=CC2)cc1","202610569","0","-9.2","ok"
"pairB:PARP1:GPN_BS45_06","pairB","PARP1","GPN_BS45_06","GraphPareto-NSGA-II","45","C=C1CN=C(C)CCN1C(=O)Cc1ccc(NC(=O)CC(O)(F)c2ccccc2)cc1","202610570","0","-10.5","ok"
"pairB:BRD4:GPN_BS45_06","pairB","BRD4","GPN_BS45_06","GraphPareto-NSGA-II","45","C=C1CN=C(C)CCN1C(=O)Cc1ccc(NC(=O)CC(O)(F)c2ccccc2)cc1","202610571","0","-7.8","ok"
"pairB:PARP1:GPN_BS45_07","pairB","PARP1","GPN_BS45_07","GraphPareto-NSGA-II","45","Cc1ccc(C(O)(F)C(=O)CN(C)C(=O)c2cc(CF)c[nH]2)cc1","202610572","0","-8.5","ok"
"pairB:BRD4:GPN_BS45_07","pairB","BRD4","GPN_BS45_07","GraphPareto-NSGA-II","45","Cc1ccc(C(O)(F)C(=O)CN(C)C(=O)c2cc(CF)c[nH]2)cc1","202610573","0","-7.4","ok"
"pairB:PARP1:GPN_BS45_08","pairB","PARP1","GPN_BS45_08","GraphPareto-NSGA-II","45","C=C1C=C(C)CCN1C(=O)Cc1ccc(NC(=O)CC(O)(F)c2ccccc2)cc1","202610574","0","-9.8","ok"
"pairB:BRD4:GPN_BS45_08","pairB","BRD4","GPN_BS45_08","GraphPareto-NSGA-II","45","C=C1C=C(C)CCN1C(=O)Cc1ccc(NC(=O)CC(O)(F)c2ccccc2)cc1","202610575","0","-8.4","ok"
"pairB:PARP1:GPN_BS45_09","pairB","PARP1","GPN_BS45_09","GraphPareto-NSGA-II","45","Cc1ccc(N(CCCC(O)(F)F)C(=O)c2cc(CC(O)(F)F)c[nH]2)cc1","202610576","0","-9","ok"
"pairB:BRD4:GPN_BS45_09","pairB","BRD4","GPN_BS45_09","GraphPareto-NSGA-II","45","Cc1ccc(N(CCCC(O)(F)F)C(=O)c2cc(CC(O)(F)F)c[nH]2)cc1","202610577","0","-7.5","ok"
"pairB:PARP1:GPN_BS45_10","pairB","PARP1","GPN_BS45_10","GraphPareto-NSGA-II","45","Cc1ccc(-c2cc(C#N)nn2CCC(O)(F)c2ccccc2)cc1","202610578","0","-9.6","ok"
"pairB:BRD4:GPN_BS45_10","pairB","BRD4","GPN_BS45_10","GraphPareto-NSGA-II","45","Cc1ccc(-c2cc(C#N)nn2CCC(O)(F)c2ccccc2)cc1","202610579","0","-8.7","ok"
"pairB:PARP1:GPN_BS46_01","pairB","PARP1","GPN_BS46_01","GraphPareto-NSGA-II","46","Cc1ccc(N2CC(Cc3cccnc3)C(C(C)c3cccnc3C)C2)nn1","202608984","0","-10.1","ok"
"pairB:BRD4:GPN_BS46_01","pairB","BRD4","GPN_BS46_01","GraphPareto-NSGA-II","46","Cc1ccc(N2CC(Cc3cccnc3)C(C(C)c3cccnc3C)C2)nn1","202608985","0","-8.4","ok"
"pairB:PARP1:GPN_BS46_02","pairB","PARP1","GPN_BS46_02","GraphPareto-NSGA-II","46","CCC(C)C(C)C1CN(c2ccc(C)nn2)CCC1Cc1ccc(N)nc1","202608986","0","-9.7","ok"
"pairB:BRD4:GPN_BS46_02","pairB","BRD4","GPN_BS46_02","GraphPareto-NSGA-II","46","CCC(C)C(C)C1CN(c2ccc(C)nn2)CCC1Cc1ccc(N)nc1","202608987","0","-7.2","ok"
"pairB:PARP1:GPN_BS46_03","pairB","PARP1","GPN_BS46_03","GraphPareto-NSGA-II","46","CCCC(CC)C1CN(c2ccc(C)nn2)CC1Cc1cccnc1","202608988","0","-8.2","ok"
"pairB:BRD4:GPN_BS46_03","pairB","BRD4","GPN_BS46_03","GraphPareto-NSGA-II","46","CCCC(CC)C1CN(c2ccc(C)nn2)CC1Cc1cccnc1","202608989","0","-8.6","ok"
"pairB:PARP1:GPN_BS46_04","pairB","PARP1","GPN_BS46_04","GraphPareto-NSGA-II","46","CCC(CC)C1CN(c2ccc(-n3cncn3)nn2)CC1Cc1cccnc1","202610586","0","-9.6","ok"
"pairB:BRD4:GPN_BS46_04","pairB","BRD4","GPN_BS46_04","GraphPareto-NSGA-II","46","CCC(CC)C1CN(c2ccc(-n3cncn3)nn2)CC1Cc1cccnc1","202610587","0","-8.5","ok"
"pairB:PARP1:GPN_BS46_05","pairB","PARP1","GPN_BS46_05","GraphPareto-NSGA-II","46","Cc1ccc(N2CCC(Cc3cccnc3)C(C(C)C(C)C)C2)nn1","202610588","0","-9.3","ok"
"pairB:BRD4:GPN_BS46_05","pairB","BRD4","GPN_BS46_05","GraphPareto-NSGA-II","46","Cc1ccc(N2CCC(Cc3cccnc3)C(C(C)C(C)C)C2)nn1","202610589","0","-8.4","ok"
"pairB:PARP1:GPN_BS46_06","pairB","PARP1","GPN_BS46_06","GraphPareto-NSGA-II","46","CCC(CCc1cccnc1)C1CN(c2ccc(C)nn2)CCC1C","202610590","0","-9.3","ok"
"pairB:BRD4:GPN_BS46_06","pairB","BRD4","GPN_BS46_06","GraphPareto-NSGA-II","46","CCC(CCc1cccnc1)C1CN(c2ccc(C)nn2)CCC1C","202610591","0","-8.6","ok"
"pairB:PARP1:GPN_BS46_07","pairB","PARP1","GPN_BS46_07","GraphPareto-NSGA-II","46","CCC(CCc1cccnc1)C1CCCN(c2ccc(C)nn2)C1C","202610592","0","-9.3","ok"
"pairB:BRD4:GPN_BS46_07","pairB","BRD4","GPN_BS46_07","GraphPareto-NSGA-II","46","CCC(CCc1cccnc1)C1CCCN(c2ccc(C)nn2)C1C","202610593","0","-8","ok"
"pairB:PARP1:GPN_BS46_08","pairB","PARP1","GPN_BS46_08","GraphPareto-NSGA-II","46","CCC(C)C1CN(c2ccc(-n3cncn3)nn2)CC1Cc1cccnc1","202610594","0","-9.8","ok"
"pairB:BRD4:GPN_BS46_08","pairB","BRD4","GPN_BS46_08","GraphPareto-NSGA-II","46","CCC(C)C1CN(c2ccc(-n3cncn3)nn2)CC1Cc1cccnc1","202610595","0","-8.3","ok"
"pairB:PARP1:GPN_BS46_09","pairB","PARP1","GPN_BS46_09","GraphPareto-NSGA-II","46","CCC(C)C(C)C1CN(c2ccc(C)nn2)CCC1Cc1cccnc1","202610596","0","-9.3","ok"
"pairB:BRD4:GPN_BS46_09","pairB","BRD4","GPN_BS46_09","GraphPareto-NSGA-II","46","CCC(C)C(C)C1CN(c2ccc(C)nn2)CCC1Cc1cccnc1","202610597","0","-7.6","ok"
"pairB:PARP1:GPN_BS46_10","pairB","PARP1","GPN_BS46_10","GraphPareto-NSGA-II","46","Cc1ccc(N2CCC(Cc3cccnc3)C(C(C)C)C2)nn1","202610598","0","-9.1","ok"
"pairB:BRD4:GPN_BS46_10","pairB","BRD4","GPN_BS46_10","GraphPareto-NSGA-II","46","Cc1ccc(N2CCC(Cc3cccnc3)C(C(C)C)C2)nn1","202610599","0","-8.3","ok"
"pairB:PARP1:GPN_BS47_01","pairB","PARP1","GPN_BS47_01","GraphPareto-NSGA-II","47","C=C(Cl)C(F)C(F)n1c(SCC)nnc1-c1ccc(CC(=O)NC)cc1F","202608990","0","-8.6","ok"
"pairB:BRD4:GPN_BS47_01","pairB","BRD4","GPN_BS47_01","GraphPareto-NSGA-II","47","C=C(Cl)C(F)C(F)n1c(SCC)nnc1-c1ccc(CC(=O)NC)cc1F","202608991","0","-6.9","ok"
"pairB:PARP1:GPN_BS47_02","pairB","PARP1","GPN_BS47_02","GraphPareto-NSGA-II","47","C=C(Cl)C(F)Cn1c(SCC(=O)NC)nnc1-c1ccc(CC)cc1F","202608992","0","-8.7","ok"
"pairB:BRD4:GPN_BS47_02","pairB","BRD4","GPN_BS47_02","GraphPareto-NSGA-II","47","C=C(Cl)C(F)Cn1c(SCC(=O)NC)nnc1-c1ccc(CC)cc1F","202608993","0","-7.1","ok"
"pairB:PARP1:GPN_BS47_03","pairB","PARP1","GPN_BS47_03","GraphPareto-NSGA-II","47","C=C(Cl)C(F)OC(F)n1c(SCC)nnc1-c1ccc(CC(=O)NC)cc1F","202608994","0","-8.6","ok"
"pairB:BRD4:GPN_BS47_03","pairB","BRD4","GPN_BS47_03","GraphPareto-NSGA-II","47","C=C(Cl)C(F)OC(F)n1c(SCC)nnc1-c1ccc(CC(=O)NC)cc1F","202608995","0","-8.2","ok"
"pairB:PARP1:GPN_BS47_04","pairB","PARP1","GPN_BS47_04","GraphPareto-NSGA-II","47","C=C(Cl)C(F)C(F)n1c(CC)nnc1-c1ccc(CC)cc1F","202610606","0","-8.4","ok"
"pairB:BRD4:GPN_BS47_04","pairB","BRD4","GPN_BS47_04","GraphPareto-NSGA-II","47","C=C(Cl)C(F)C(F)n1c(CC)nnc1-c1ccc(CC)cc1F","202610607","0","-7.6","ok"
"pairB:PARP1:GPN_BS47_05","pairB","PARP1","GPN_BS47_05","GraphPareto-NSGA-II","47","C=C(Cl)C(F)C(CN)n1c(SCC)nnc1-c1ccc(Cl)cc1F","202610608","0","-7.7","ok"
"pairB:BRD4:GPN_BS47_05","pairB","BRD4","GPN_BS47_05","GraphPareto-NSGA-II","47","C=C(Cl)C(F)C(CN)n1c(SCC)nnc1-c1ccc(Cl)cc1F","202610609","0","-6.2","ok"
"pairB:PARP1:GPN_BS47_06","pairB","PARP1","GPN_BS47_06","GraphPareto-NSGA-II","47","C=C(Cl)C(F)C(F)n1c(C)nnc1-c1ccc(CC)cc1F","202610610","0","-8.2","ok"
"pairB:BRD4:GPN_BS47_06","pairB","BRD4","GPN_BS47_06","GraphPareto-NSGA-II","47","C=C(Cl)C(F)C(F)n1c(C)nnc1-c1ccc(CC)cc1F","202610611","0","-7.7","ok"
"pairB:PARP1:GPN_BS47_07","pairB","PARP1","GPN_BS47_07","GraphPareto-NSGA-II","47","C=C(Cl)C(F)n1c(SCC)nnc1-c1ccc(CC)cc1F","202610612","0","-7.6","ok"
"pairB:BRD4:GPN_BS47_07","pairB","BRD4","GPN_BS47_07","GraphPareto-NSGA-II","47","C=C(Cl)C(F)n1c(SCC)nnc1-c1ccc(CC)cc1F","202610613","0","-6.6","ok"
"pairB:PARP1:GPN_BS47_08","pairB","PARP1","GPN_BS47_08","GraphPareto-NSGA-II","47","C=C(Cl)C(F)C(F)n1c(SC)nnc1-c1ccc(CC)cc1F","202610614","0","-8.3","ok"
"pairB:BRD4:GPN_BS47_08","pairB","BRD4","GPN_BS47_08","GraphPareto-NSGA-II","47","C=C(Cl)C(F)C(F)n1c(SC)nnc1-c1ccc(CC)cc1F","202610615","0","-7.2","ok"
"pairB:PARP1:GPN_BS47_09","pairB","PARP1","GPN_BS47_09","GraphPareto-NSGA-II","47","Cn1c(-c2nnc(N3CCSCC3)s2)nc2c1c(=O)[nH]c(=O)n2C","202610616","0","-9.2","ok"
"pairB:BRD4:GPN_BS47_09","pairB","BRD4","GPN_BS47_09","GraphPareto-NSGA-II","47","Cn1c(-c2nnc(N3CCSCC3)s2)nc2c1c(=O)[nH]c(=O)n2C","202610617","0","-7.5","ok"
"pairB:PARP1:GPN_BS47_10","pairB","PARP1","GPN_BS47_10","GraphPareto-NSGA-II","47","CCc1nnc(SC)n1C(=O)NCc1ccc(-c2ccc(Cl)cc2)c(F)c1","202610618","0","-9.7","ok"
"pairB:BRD4:GPN_BS47_10","pairB","BRD4","GPN_BS47_10","GraphPareto-NSGA-II","47","CCc1nnc(SC)n1C(=O)NCc1ccc(-c2ccc(Cl)cc2)c(F)c1","202610619","0","-7.8","ok"
"pairB:PARP1:GPN_BS48_01","pairB","PARP1","GPN_BS48_01","GraphPareto-NSGA-II","48","Cc1c(C)n(Cc2ccncc2)c2ncnc(NC(=O)N(C)CC(C)(C)O)c12","202608996","0","-9.5","ok"
"pairB:BRD4:GPN_BS48_01","pairB","BRD4","GPN_BS48_01","GraphPareto-NSGA-II","48","Cc1c(C)n(Cc2ccncc2)c2ncnc(NC(=O)N(C)CC(C)(C)O)c12","202608997","0","-6.9","ok"
"pairB:PARP1:GPN_BS48_02","pairB","PARP1","GPN_BS48_02","GraphPareto-NSGA-II","48","Cc1c(C)n(Cc2ccncc2)c2ncnc(NCC(C)(C)O)c12","202608998","0","-8.8","ok"
"pairB:BRD4:GPN_BS48_02","pairB","BRD4","GPN_BS48_02","GraphPareto-NSGA-II","48","Cc1c(C)n(Cc2ccncc2)c2ncnc(NCC(C)(C)O)c12","202608999","0","-6.7","ok"
"pairB:PARP1:GPN_BS48_03","pairB","PARP1","GPN_BS48_03","GraphPareto-NSGA-II","48","CC1OCCC1=CC=CN1C=CN(C(=O)NCc2ccc(Oc3ccccn3)cc2)CC1","202609000","0","-9.2","ok"
"pairB:BRD4:GPN_BS48_03","pairB","BRD4","GPN_BS48_03","GraphPareto-NSGA-II","48","CC1OCCC1=CC=CN1C=CN(C(=O)NCc2ccc(Oc3ccccn3)cc2)CC1","202609001","0","-7.6","ok"
"pairB:PARP1:GPN_BS48_04","pairB","PARP1","GPN_BS48_04","GraphPareto-NSGA-II","48","O=C(CC1OCC2=C1N(Cc1cccc(F)c1)NN=N2)NCC(=O)Nc1nccs1","202610626","0","-10","ok"
"pairB:BRD4:GPN_BS48_04","pairB","BRD4","GPN_BS48_04","GraphPareto-NSGA-II","48","O=C(CC1OCC2=C1N(Cc1cccc(F)c1)NN=N2)NCC(=O)Nc1nccs1","202610627","0","-7.6","ok"
"pairB:PARP1:GPN_BS48_05","pairB","PARP1","GPN_BS48_05","GraphPareto-NSGA-II","48","O=C(CSC1OCC2=C1N(Cc1cccc(F)c1)NN=N2)Nc1nccs1","202610628","0","-9.3","ok"
"pairB:BRD4:GPN_BS48_05","pairB","BRD4","GPN_BS48_05","GraphPareto-NSGA-II","48","O=C(CSC1OCC2=C1N(Cc1cccc(F)c1)NN=N2)Nc1nccs1","202610629","0","-7.5","ok"
"pairB:PARP1:GPN_BS48_06","pairB","PARP1","GPN_BS48_06","GraphPareto-NSGA-II","48","O=C(CC1OCC2=C1N(Cc1cccc(F)c1)NN=N2)Nc1nccs1","202610630","0","-9.7","ok"
"pairB:BRD4:GPN_BS48_06","pairB","BRD4","GPN_BS48_06","GraphPareto-NSGA-II","48","O=C(CC1OCC2=C1N(Cc1cccc(F)c1)NN=N2)Nc1nccs1","202610631","0","-8","ok"
"pairB:PARP1:GPN_BS48_07","pairB","PARP1","GPN_BS48_07","GraphPareto-NSGA-II","48","O=C(CC1OCC2=C(S1)N(Cc1cccc(F)c1)NN=N2)Nc1nccs1","202610632","0","-9.6","ok"
"pairB:BRD4:GPN_BS48_07","pairB","BRD4","GPN_BS48_07","GraphPareto-NSGA-II","48","O=C(CC1OCC2=C(S1)N(Cc1cccc(F)c1)NN=N2)Nc1nccs1","202610633","0","-7.4","ok"
"pairB:PARP1:GPN_BS48_08","pairB","PARP1","GPN_BS48_08","GraphPareto-NSGA-II","48","O=C(CCC1OCC2=C1N(Cc1cccc(F)c1)NN=N2)Nc1nccs1","202610634","0","-9.8","ok"
"pairB:BRD4:GPN_BS48_08","pairB","BRD4","GPN_BS48_08","GraphPareto-NSGA-II","48","O=C(CCC1OCC2=C1N(Cc1cccc(F)c1)NN=N2)Nc1nccs1","202610635","0","-8.6","ok"
"pairB:PARP1:GPN_BS48_09","pairB","PARP1","GPN_BS48_09","GraphPareto-NSGA-II","48","Fc1cccc(CCc2csc(-c3ccccn3)n2)c1","202610636","0","-8.5","ok"
"pairB:BRD4:GPN_BS48_09","pairB","BRD4","GPN_BS48_09","GraphPareto-NSGA-II","48","Fc1cccc(CCc2csc(-c3ccccn3)n2)c1","202610637","0","-7.9","ok"
"pairB:PARP1:GPN_BS48_10","pairB","PARP1","GPN_BS48_10","GraphPareto-NSGA-II","48","COc1ccc(CNC(=O)N2CCN(C(C)(C)O)C(OC)C2)cc1","202610638","0","-8.4","ok"
"pairB:BRD4:GPN_BS48_10","pairB","BRD4","GPN_BS48_10","GraphPareto-NSGA-II","48","COc1ccc(CNC(=O)N2CCN(C(C)(C)O)C(OC)C2)cc1","202610639","0","-7.3","ok"
"pairB:PARP1:GPN_BS49_01","pairB","PARP1","GPN_BS49_01","GraphPareto-NSGA-II","49","CCc1ccc(-n2cc(Cl)c(C)c(CNc3nncs3)c2=O)cc1F","202609002","0","-9.6","ok"
"pairB:BRD4:GPN_BS49_01","pairB","BRD4","GPN_BS49_01","GraphPareto-NSGA-II","49","CCc1ccc(-n2cc(Cl)c(C)c(CNc3nncs3)c2=O)cc1F","202609003","0","-8.6","ok"
"pairB:PARP1:GPN_BS49_02","pairB","PARP1","GPN_BS49_02","GraphPareto-NSGA-II","49","CCCc1ccc(-n2cc(Cl)c(C)c(Cc3nncs3)c2=O)cc1F","202609004","0","-9.3","ok"
"pairB:BRD4:GPN_BS49_02","pairB","BRD4","GPN_BS49_02","GraphPareto-NSGA-II","49","CCCc1ccc(-n2cc(Cl)c(C)c(Cc3nncs3)c2=O)cc1F","202609005","0","-8","ok"
"pairB:PARP1:GPN_BS49_03","pairB","PARP1","GPN_BS49_03","GraphPareto-NSGA-II","49","Cc1cccc(Cc2nnc(SCC(=O)Nc3c(C)cc(C)n(C)c3=O)o2)c1","202609006","0","-9.9","ok"
"pairB:BRD4:GPN_BS49_03","pairB","BRD4","GPN_BS49_03","GraphPareto-NSGA-II","49","Cc1cccc(Cc2nnc(SCC(=O)Nc3c(C)cc(C)n(C)c3=O)o2)c1","202609007","0","-8.1","ok"
"pairB:PARP1:GPN_BS49_04","pairB","PARP1","GPN_BS49_04","GraphPareto-NSGA-II","49","Cc1ccc(Cc2nnc(SCC(=O)Nc3c(C)ccn(C)c3=O)o2)cc1C","202610646","0","-8.9","ok"
"pairB:BRD4:GPN_BS49_04","pairB","BRD4","GPN_BS49_04","GraphPareto-NSGA-II","49","Cc1ccc(Cc2nnc(SCC(=O)Nc3c(C)ccn(C)c3=O)o2)cc1C","202610647","0","-8","ok"
"pairB:PARP1:GPN_BS49_05","pairB","PARP1","GPN_BS49_05","GraphPareto-NSGA-II","49","CCCc1ccc(-n2cc(Cl)c(C)c(-c3nncs3)c2=O)cc1F","202610648","0","-9.2","ok"
"pairB:BRD4:GPN_BS49_05","pairB","BRD4","GPN_BS49_05","GraphPareto-NSGA-II","49","CCCc1ccc(-n2cc(Cl)c(C)c(-c3nncs3)c2=O)cc1F","202610649","0","-8.2","ok"
"pairB:PARP1:GPN_BS49_06","pairB","PARP1","GPN_BS49_06","GraphPareto-NSGA-II","49","Cc1cccc(Cc2nnc(SCC(=O)Nc3c(C)ccn(C)c3=O)o2)c1","202610650","0","-9.6","ok"
"pairB:BRD4:GPN_BS49_06","pairB","BRD4","GPN_BS49_06","GraphPareto-NSGA-II","49","Cc1cccc(Cc2nnc(SCC(=O)Nc3c(C)ccn(C)c3=O)o2)c1","202610651","0","-8.1","ok"
"pairB:PARP1:GPN_BS49_07","pairB","PARP1","GPN_BS49_07","GraphPareto-NSGA-II","49","CCc1cccc(Cc2nnc(SCC(=O)Nc3c(C)ccn(C)c3=O)o2)c1","202610652","0","-9.3","ok"
"pairB:BRD4:GPN_BS49_07","pairB","BRD4","GPN_BS49_07","GraphPareto-NSGA-II","49","CCc1cccc(Cc2nnc(SCC(=O)Nc3c(C)ccn(C)c3=O)o2)c1","202610653","0","-8.1","ok"
"pairB:PARP1:GPN_BS49_08","pairB","PARP1","GPN_BS49_08","GraphPareto-NSGA-II","49","CCn1ccc(C)c(NC(=O)CSc2nnc(Cc3cccc(C)c3)o2)c1=O","202610654","0","-8.8","ok"
"pairB:BRD4:GPN_BS49_08","pairB","BRD4","GPN_BS49_08","GraphPareto-NSGA-II","49","CCn1ccc(C)c(NC(=O)CSc2nnc(Cc3cccc(C)c3)o2)c1=O","202610655","0","-8","ok"
"pairB:PARP1:GPN_BS49_09","pairB","PARP1","GPN_BS49_09","GraphPareto-NSGA-II","49","Cc1cc(C)cc(Cc2nnc(SCC(=O)Nc3c(C)ccn(C)c3=O)o2)c1","202610656","0","-9.8","ok"
"pairB:BRD4:GPN_BS49_09","pairB","BRD4","GPN_BS49_09","GraphPareto-NSGA-II","49","Cc1cc(C)cc(Cc2nnc(SCC(=O)Nc3c(C)ccn(C)c3=O)o2)c1","202610657","0","-8.4","ok"
"pairB:PARP1:GPN_BS49_10","pairB","PARP1","GPN_BS49_10","GraphPareto-NSGA-II","49","CCCc1ccc(-n2ccc(C)c(-c3nncs3)c2=O)cc1F","202610658","0","-8.8","ok"
"pairB:BRD4:GPN_BS49_10","pairB","BRD4","GPN_BS49_10","GraphPareto-NSGA-II","49","CCCc1ccc(-n2ccc(C)c(-c3nncs3)c2=O)cc1F","202610659","0","-8.3","ok"
"pairB:PARP1:GPN_BS50_01","pairB","PARP1","GPN_BS50_01","GraphPareto-NSGA-II","50","CC1CN(COc2cc(F)cc(F)c2)C=C1c1nnnn1-c1ccc(=O)[nH]c1","202609008","0","-10.6","ok"
"pairB:BRD4:GPN_BS50_01","pairB","BRD4","GPN_BS50_01","GraphPareto-NSGA-II","50","CC1CN(COc2cc(F)cc(F)c2)C=C1c1nnnn1-c1ccc(=O)[nH]c1","202609009","0","-9.1","ok"
"pairB:PARP1:GPN_BS50_02","pairB","PARP1","GPN_BS50_02","GraphPareto-NSGA-II","50","CC1CN(O)C=C1c1cc(O)cc(-c2nnnn2-c2ccc(=O)[nH]c2)c1","202609010","0","-10","ok"
"pairB:BRD4:GPN_BS50_02","pairB","BRD4","GPN_BS50_02","GraphPareto-NSGA-II","50","CC1CN(O)C=C1c1cc(O)cc(-c2nnnn2-c2ccc(=O)[nH]c2)c1","202609011","0","-8.4","ok"
"pairB:PARP1:GPN_BS50_03","pairB","PARP1","GPN_BS50_03","GraphPareto-NSGA-II","50","CC1=C(c2nnnn2-c2ccc(=O)[nH]c2)C=NN(c2cccc(F)c2)C1","202609012","0","-10.3","ok"
"pairB:BRD4:GPN_BS50_03","pairB","BRD4","GPN_BS50_03","GraphPareto-NSGA-II","50","CC1=C(c2nnnn2-c2ccc(=O)[nH]c2)C=NN(c2cccc(F)c2)C1","202609013","0","-7.9","ok"
"pairB:PARP1:GPN_BS50_04","pairB","PARP1","GPN_BS50_04","GraphPareto-NSGA-II","50","CCN1C=C(c2nnnn2-c2ccc(=O)[nH]c2)C(C)C1","202610666","0","-8.2","ok"
"pairB:BRD4:GPN_BS50_04","pairB","BRD4","GPN_BS50_04","GraphPareto-NSGA-II","50","CCN1C=C(c2nnnn2-c2ccc(=O)[nH]c2)C(C)C1","202610667","0","-7.1","ok"
"pairB:PARP1:GPN_BS50_05","pairB","PARP1","GPN_BS50_05","GraphPareto-NSGA-II","50","CC1CN(C)C=C1c1nnnn1-c1ccc(=O)[nH]c1","202610668","0","-8","ok"
"pairB:BRD4:GPN_BS50_05","pairB","BRD4","GPN_BS50_05","GraphPareto-NSGA-II","50","CC1CN(C)C=C1c1nnnn1-c1ccc(=O)[nH]c1","202610669","0","-6.8","ok"
"pairB:PARP1:GPN_BS50_06","pairB","PARP1","GPN_BS50_06","GraphPareto-NSGA-II","50","CC1CN(Cc2cccc(F)c2)C=C1c1nnnn1-c1ccc(=O)[nH]c1","202610670","0","-10.4","ok"
"pairB:BRD4:GPN_BS50_06","pairB","BRD4","GPN_BS50_06","GraphPareto-NSGA-II","50","CC1CN(Cc2cccc(F)c2)C=C1c1nnnn1-c1ccc(=O)[nH]c1","202610671","0","-7.9","ok"
"pairB:PARP1:GPN_BS50_07","pairB","PARP1","GPN_BS50_07","GraphPareto-NSGA-II","50","CCCN(Cc1nnnn1-c1ccc(=O)[nH]c1)c1cnn(C)c1","202610672","0","-8.1","ok"
"pairB:BRD4:GPN_BS50_07","pairB","BRD4","GPN_BS50_07","GraphPareto-NSGA-II","50","CCCN(Cc1nnnn1-c1ccc(=O)[nH]c1)c1cnn(C)c1","202610673","0","-7.4","ok"
"pairB:PARP1:GPN_BS50_08","pairB","PARP1","GPN_BS50_08","GraphPareto-NSGA-II","50","CCCN(Cc1nnnn1-c1ccc(=O)[nH]c1)c1cc(C)cc(F)c1","202610674","0","-9.4","ok"
"pairB:BRD4:GPN_BS50_08","pairB","BRD4","GPN_BS50_08","GraphPareto-NSGA-II","50","CCCN(Cc1nnnn1-c1ccc(=O)[nH]c1)c1cc(C)cc(F)c1","202610675","0","-8.1","ok"
"pairB:PARP1:GPN_BS50_09","pairB","PARP1","GPN_BS50_09","GraphPareto-NSGA-II","50","CCCN1C=C(c2nnnn2-c2ccc(=O)[nH]c2)C(C)C1","202610676","0","-8.1","ok"
"pairB:BRD4:GPN_BS50_09","pairB","BRD4","GPN_BS50_09","GraphPareto-NSGA-II","50","CCCN1C=C(c2nnnn2-c2ccc(=O)[nH]c2)C(C)C1","202610677","0","-6.9","ok"
"pairB:PARP1:GPN_BS50_10","pairB","PARP1","GPN_BS50_10","GraphPareto-NSGA-II","50","CC1CN(Cc2cccc(F)c2)C=C1Cc1nnnn1-c1ccc(=O)[nH]c1","202610678","0","-10.2","ok"
"pairB:BRD4:GPN_BS50_10","pairB","BRD4","GPN_BS50_10","GraphPareto-NSGA-II","50","CC1CN(Cc2cccc(F)c2)C=C1Cc1nnnn1-c1ccc(=O)[nH]c1","202610679","0","-7.9","ok"
"pairB:PARP1:GPN_BS51_01","pairB","PARP1","GPN_BS51_01","GraphPareto-NSGA-II","51","Cc1nnn(-c2ccc(CCN3CC(CC(C)C)(C(C)(C)O)C=CNC3=O)cc2F)c1C","202609014","0","-9.3","ok"
"pairB:BRD4:GPN_BS51_01","pairB","BRD4","GPN_BS51_01","GraphPareto-NSGA-II","51","Cc1nnn(-c2ccc(CCN3CC(CC(C)C)(C(C)(C)O)C=CNC3=O)cc2F)c1C","202609015","0","-8.1","ok"
"pairB:PARP1:GPN_BS51_02","pairB","PARP1","GPN_BS51_02","GraphPareto-NSGA-II","51","Cc1nnn(-c2ccc(CCN3CC(C(C)(C)O)(C(C)(C)O)CNC3=O)cc2F)c1C","202609016","0","-10.2","ok"
"pairB:BRD4:GPN_BS51_02","pairB","BRD4","GPN_BS51_02","GraphPareto-NSGA-II","51","Cc1nnn(-c2ccc(CCN3CC(C(C)(C)O)(C(C)(C)O)CNC3=O)cc2F)c1C","202609017","0","-7.9","ok"
"pairB:PARP1:GPN_BS51_03","pairB","PARP1","GPN_BS51_03","GraphPareto-NSGA-II","51","CCC1(C(C)(C)O)CNC(=O)N(CCc2ccc(-n3nnc(C)c3C)c(F)c2)C1","202609018","0","-9.9","ok"
"pairB:BRD4:GPN_BS51_03","pairB","BRD4","GPN_BS51_03","GraphPareto-NSGA-II","51","CCC1(C(C)(C)O)CNC(=O)N(CCc2ccc(-n3nnc(C)c3C)c(F)c2)C1","202609019","0","-7.7","ok"
"pairB:PARP1:GPN_BS51_04","pairB","PARP1","GPN_BS51_04","GraphPareto-NSGA-II","51","Cc1nnn(-c2ccc(CCN3CC(CC(C)(C)O)(C(C)(C)O)CNC3=O)cc2F)c1C","202610686","0","-10.1","ok"
"pairB:BRD4:GPN_BS51_04","pairB","BRD4","GPN_BS51_04","GraphPareto-NSGA-II","51","Cc1nnn(-c2ccc(CCN3CC(CC(C)(C)O)(C(C)(C)O)CNC3=O)cc2F)c1C","202610687","0","-7.6","ok"
"pairB:PARP1:GPN_BS51_05","pairB","PARP1","GPN_BS51_05","GraphPareto-NSGA-II","51","Cc1nnn(-c2ccc(CCN3CC(CC(C)C)(C(C)(C)O)CNC3=O)cc2F)c1C","202610688","0","-9.9","ok"
"pairB:BRD4:GPN_BS51_05","pairB","BRD4","GPN_BS51_05","GraphPareto-NSGA-II","51","Cc1nnn(-c2ccc(CCN3CC(CC(C)C)(C(C)(C)O)CNC3=O)cc2F)c1C","202610689","0","-7.8","ok"
"pairB:PARP1:GPN_BS51_06","pairB","PARP1","GPN_BS51_06","GraphPareto-NSGA-II","51","Cc1nnn(-c2ccc(CCN3CC(C)(C(C)(C)O)CNC3=O)cc2F)c1C","202610690","0","-10.1","ok"
"pairB:BRD4:GPN_BS51_06","pairB","BRD4","GPN_BS51_06","GraphPareto-NSGA-II","51","Cc1nnn(-c2ccc(CCN3CC(C)(C(C)(C)O)CNC3=O)cc2F)c1C","202610691","0","-8.3","ok"
"pairB:PARP1:GPN_BS51_07","pairB","PARP1","GPN_BS51_07","GraphPareto-NSGA-II","51","CCCc1nnsc1C1=C(C)CN(c2ccc(C)cc2)N=N1","202610692","0","-8.6","ok"
"pairB:BRD4:GPN_BS51_07","pairB","BRD4","GPN_BS51_07","GraphPareto-NSGA-II","51","CCCc1nnsc1C1=C(C)CN(c2ccc(C)cc2)N=N1","202610693","0","-7.5","ok"
"pairB:PARP1:GPN_BS51_08","pairB","PARP1","GPN_BS51_08","GraphPareto-NSGA-II","51","Cc1nnn(-c2ccc(CCN3C=CC(CC(C)C)(C(C)(C)O)CNC3=O)cc2F)c1C","202610694","0","-9.9","ok"
"pairB:BRD4:GPN_BS51_08","pairB","BRD4","GPN_BS51_08","GraphPareto-NSGA-II","51","Cc1nnn(-c2ccc(CCN3C=CC(CC(C)C)(C(C)(C)O)CNC3=O)cc2F)c1C","202610695","0","-8.1","ok"
"pairB:PARP1:GPN_BS51_09","pairB","PARP1","GPN_BS51_09","GraphPareto-NSGA-II","51","C=Cc1nnn(-c2ccc(CCN3CC(CC(C)C)(C(C)(C)O)CNC3=O)cc2F)c1C","202610696","0","-9.9","ok"
"pairB:BRD4:GPN_BS51_09","pairB","BRD4","GPN_BS51_09","GraphPareto-NSGA-II","51","C=Cc1nnn(-c2ccc(CCN3CC(CC(C)C)(C(C)(C)O)CNC3=O)cc2F)c1C","202610697","0","-7.7","ok"
"pairB:PARP1:GPN_BS51_10","pairB","PARP1","GPN_BS51_10","GraphPareto-NSGA-II","51","Cc1nnn(-c2ccc(CCN3CC(CC(C)C)(C(C)(C)O)CC=NC3=O)cc2F)c1C","202610698","0","-10.4","ok"
"pairB:BRD4:GPN_BS51_10","pairB","BRD4","GPN_BS51_10","GraphPareto-NSGA-II","51","Cc1nnn(-c2ccc(CCN3CC(CC(C)C)(C(C)(C)O)CC=NC3=O)cc2F)c1C","202610699","0","-7.7","ok"
